sep=,
Property,Booking Date,Booking Reference,Order Reference,OTA Reference,Group,Guest First Name,Guest Last Name,Check In,Check Out,Nights,Room/Unit Type,Rate Plan,Room/Unit Name,Beds,Adults,Children,Currency,Total Revenue,Paid Amount,Room/Unit Revenue,Other Revenue,Method,Source,Channel,Payment Method,Booking Status,Arrival,Guest Email,Guest Phone 1,Guest Phone 2,Booking Notes,Extras Booked Online,Promo Name,Promo Code,Promo Discount,Booking Date and Time,CompanyName,MemberId,Tag
The Valley of Rocks Hotel,2026-06-18T18:12:17,121-588-504,APJ-109-219,5659407587,,Clive,Richardson,"2026-10-01","2026-10-04",3,Standard Single room Ensuite,Base Rate,Room 48,,1,0,GBP,147.00,588.00,147.00,0.00,Online,Booking.com,Booking.com,On Account,Confirmed,,cricha.223404@guest.booking.com,+44 7871 287030,,"Group: 4 x Adult, 0 x Child  Non-Smoking  Breakfast costs GBP12.50 per person per night. Children and Extra Bed Policy: Children of any age are allowed. You haven't added any cots. You haven't added any extra beds. The maximum number of guests is 1.  Deposit Policy: The guest will be charged a prepayment of the total price of the reservation at any time.  Cancellation Policy: The guest can cancel free of charge until 5 days before arrival. The guest will be charged the total price of the reservation if they cancel in the 5 days before arrival.  payment_on_Booking.com (Payout type: BankTransfer)  ** THIS RESERVATION HAS BEEN PRE-PAID ** Approximate time of arrival: between 16:00 and 17:00 BOOKING NOTE : Payment charge is GBP 9.408  Genius Booker ",,,,,"2026-06-18",,,,
The Valley of Rocks Hotel,2026-06-18T18:12:17,181-401-924,APJ-109-219,5659407587,,Clive,Richardson,"2026-10-01","2026-10-04",3,Standard Single room Ensuite,Base Rate,Room 62,,1,0,GBP,147.00,See 121-588-504,147.00,0.00,Online,Booking.com,Booking.com,On Account,Confirmed,,cricha.223404@guest.booking.com,+44 7871 287030,,"Group: 4 x Adult, 0 x Child  Non-Smoking  Breakfast costs GBP12.50 per person per night. Children and Extra Bed Policy: Children of any age are allowed. You haven't added any cots. You haven't added any extra beds. The maximum number of guests is 1.  Deposit Policy: The guest will be charged a prepayment of the total price of the reservation at any time.  Cancellation Policy: The guest can cancel free of charge until 5 days before arrival. The guest will be charged the total price of the reservation if they cancel in the 5 days before arrival.  payment_on_Booking.com (Payout type: BankTransfer)  ** THIS RESERVATION HAS BEEN PRE-PAID ** Approximate time of arrival: between 16:00 and 17:00 BOOKING NOTE : Payment charge is GBP 9.408  Genius Booker ",,,,,"2026-06-18",,,,
The Valley of Rocks Hotel,2026-06-18T18:12:17,190-886-102,APJ-109-219,5659407587,,Clive,Richardson,"2026-10-01","2026-10-04",3,Standard Single room Ensuite,Base Rate,Room 29,,1,0,GBP,147.00,See 121-588-504,147.00,0.00,Online,Booking.com,Booking.com,On Account,Confirmed,,cricha.223404@guest.booking.com,+44 7871 287030,,"Group: 4 x Adult, 0 x Child  Non-Smoking  Breakfast costs GBP12.50 per person per night. Children and Extra Bed Policy: Children of any age are allowed. You haven't added any cots. You haven't added any extra beds. The maximum number of guests is 1.  Deposit Policy: The guest will be charged a prepayment of the total price of the reservation at any time.  Cancellation Policy: The guest can cancel free of charge until 5 days before arrival. The guest will be charged the total price of the reservation if they cancel in the 5 days before arrival.  payment_on_Booking.com (Payout type: BankTransfer)  ** THIS RESERVATION HAS BEEN PRE-PAID ** Approximate time of arrival: between 16:00 and 17:00 BOOKING NOTE : Payment charge is GBP 9.408  Genius Booker ",,,,,"2026-06-18",,,,
The Valley of Rocks Hotel,2026-07-25T18:57:59,228-126-061,XBG-069-381,5473838562,,Kevin,England,"2026-10-01","2026-10-04",3,Standard Double room Ensuite-Sea view,Base Rate,Room 51,,2,0,GBP,192.90,192.90,192.90,0.00,Online,Booking.com,Booking.com,On Account,Confirmed,,kengla.570891@guest.booking.com,+44 7309 228544,,"Non-Smoking  Breakfast costs GBP12.50 per person per night. Children and Extra Bed Policy: Children of any age are allowed. You haven't added any cots. You haven't added any extra beds. The maximum number of guests is 2.  Deposit Policy: The guest will be charged a prepayment of the total price of the reservation at any time.  Cancellation Policy: The guest can cancel free of charge until 5 days before arrival. The guest will be charged the total price of the reservation if they cancel in the 5 days before arrival.  payment_on_Booking.com (Payout type: BankTransfer)  ** THIS RESERVATION HAS BEEN PRE-PAID ** BOOKING NOTE : Payment charge is GBP 3.0864 Approximate time of arrival: between 15:00 and 16:00 It’s our 15th wedding anniversary. We never got to go away on a honeymoon or a getaway for any of our wedding anniversary’s. Definitely looking forward to this one. ",,,,,"2026-07-25",,,,
Harbour Stays,2026-07-28T00:54:19,258-654-624,EEN-886-823,6176720745,,Jordon,Palmer,"2026-10-01","2026-10-04",3,Three  Bedroom-Apartment-Private Bathroom,,Flat 3 ,,6,0,GBP,0.00,0.00,0.00,0.00,Online,Booking.com,Booking.com,On Account,Canceled,,jpalme.965515@guest.booking.com,+44 7443 684121,,"Genius Rate  Non-Smoking  Promos: Mobile(App) Rate  There is no meal option with this room. Children and Extra Bed Policy: Children of any age are allowed. You haven't added any cots. You haven't added any extra beds. The maximum number of guests is 6.  Deposit Policy: The guest will be charged a prepayment of the total price of the reservation at any time.  Cancellation Policy: The guest can cancel free of charge until 7 days before arrival. The guest will be charged the total price of the reservation if they cancel in the 7 days before arrival.  payment_on_Booking.com (Payout type: BankTransfer)  ** THIS RESERVATION HAS BEEN PRE-PAID ** BOOKING NOTE : Payment charge is GBP 3.67424  Genius Booker ",,,,,"2026-07-27",,,,
Granby Hotel,2026-09-03T20:28:03,292-064-532,MQN-610-625,5447632591,,Tom,Griff,"2026-10-01","2026-10-02",1,Standard Twin,Base Rate,Room 12,,2,0,GBP,34.80,34.80,34.80,0.00,Online,Booking.com,Booking.com,On Account,Confirmed,,tgriff.169812@guest.booking.com,+44 7563 228659,,"Genius Rate  Non-Smoking  There is no meal option with this room. Children and Extra Bed Policy: Children of any age are allowed. You haven't added any cots. You haven't added any extra beds. The maximum number of guests is 2.  Deposit Policy: The guest will be charged a prepayment of the total price of the reservation at any time.  Cancellation Policy: The guest can cancel free of charge until 2 days before arrival. The guest will be charged the total price of the reservation if they cancel in the 2 days before arrival.  payment_on_Booking.com (Payout type: BankTransfer)  ** THIS RESERVATION HAS BEEN PRE-PAID ** Approximate time of arrival: between 15:00 and 16:00 BOOKING NOTE : Payment charge is GBP 0.5568  Genius Booker ",,,,,"2026-09-03",,,,
The Valley of Rocks Hotel,2026-09-10T21:28:37,395-663-922,GTY-215-379,6320049160,,Michael,Fuller,"2026-10-01","2026-10-03",2,Standard  Double room Ensuite,,Room 5,,2,0,GBP,0.00,0.00,0.00,0.00,Online,Booking.com,Booking.com,On Account,Canceled,,mfulle.469602@guest.booking.com,+44 7940 909987,,"Group: 5 x Adult, 0 x Child  Non-Smoking  Breakfast costs GBP12.50 per person per night. Children and Extra Bed Policy: Children of any age are allowed. You haven't added any cots. You haven't added any extra beds. The maximum number of guests is 2.  Deposit Policy: The guest will be charged a prepayment of the total price of the reservation at any time.  Cancellation Policy: The guest can cancel free of charge until 5 days before arrival. The guest will be charged the total price of the reservation if they cancel in the 5 days before arrival.  payment_on_Booking.com (Payout type: BankTransfer)  ** THIS RESERVATION HAS BEEN PRE-PAID ** This guest would like the rooms in this booking to be close together if possible. BOOKING NOTE : Payment charge is GBP 6.8336  Genius Booker ",,,,,"2026-09-10",,,,
The Valley of Rocks Hotel,2026-09-10T21:28:37,462-129-091,GTY-215-379,6320049160,,Michael,Fuller,"2026-10-01","2026-10-03",2,Standard Single room Ensuite,,Room 72,,1,0,GBP,0.00,See 395-663-922,0.00,0.00,Online,Booking.com,Booking.com,On Account,Canceled,,mfulle.469602@guest.booking.com,+44 7940 909987,,"Group: 5 x Adult, 0 x Child  Non-Smoking  Breakfast costs GBP12.50 per person per night. Children and Extra Bed Policy: Children of any age are allowed. You haven't added any cots. You haven't added any extra beds. The maximum number of guests is 2.  Deposit Policy: The guest will be charged a prepayment of the total price of the reservation at any time.  Cancellation Policy: The guest can cancel free of charge until 5 days before arrival. The guest will be charged the total price of the reservation if they cancel in the 5 days before arrival.  payment_on_Booking.com (Payout type: BankTransfer)  ** THIS RESERVATION HAS BEEN PRE-PAID ** This guest would like the rooms in this booking to be close together if possible. BOOKING NOTE : Payment charge is GBP 6.8336  Genius Booker ",,,,,"2026-09-10",,,,
The Valley of Rocks Hotel,2026-09-16T08:12:34,530-019-661,CXP-738-326,6367725216,,Rudi,van der Hooft,"2026-10-01","2026-10-02",1,Standard  Double room Ensuite,Base Rate,Room 5,,1,0,GBP,59.40,59.40,59.40,0.00,Online,Booking.com,Booking.com,On Account,Confirmed,,rhooft.684582@guest.booking.com,+44 7768 505413,,"Non-Smoking  Breakfast costs GBP12.50 per person per night. Children and Extra Bed Policy: Children of any age are allowed. You haven't added any cots. You haven't added any extra beds. The maximum number of guests is 2.  Deposit Policy: The guest will be charged a prepayment of the total price of the reservation at any time.  Cancellation Policy: The guest can cancel free of charge until 5 days before arrival. The guest will be charged the total price of the reservation if they cancel in the 5 days before arrival.  payment_on_Booking.com (Payout type: BankTransfer)  ** THIS RESERVATION HAS BEEN PRE-PAID ** BOOKING NOTE : Payment charge is GBP 0.9504  Genius Booker ",,,,,"2026-09-16",,,,
The Valley of Rocks Hotel,2026-08-27T21:02:50,688-559-102,AYD-678-315,5709090936,,Martin,Jennings,"2026-10-01","2026-10-05",4,Standard Single room Ensuite,Base Rate,Room 27,,1,0,GBP,200.90,200.90,200.90,0.00,Online,Booking.com,Booking.com,On Account,Confirmed,,mjenni.529923@guest.booking.com,+44 7306 094532,,"Non-Smoking  Breakfast costs GBP12.50 per person per night. Children and Extra Bed Policy: Children of any age are allowed. You haven't added any cots. You haven't added any extra beds. The maximum number of guests is 1.  Deposit Policy: The guest will be charged a prepayment of the total price of the reservation at any time.  Cancellation Policy: The guest can cancel free of charge until 5 days before arrival. The guest will be charged the total price of the reservation if they cancel in the 5 days before arrival.  payment_on_Booking.com (Payout type: BankTransfer)  ** THIS RESERVATION HAS BEEN PRE-PAID ** BOOKING NOTE : Payment charge is GBP 3.2144 ",,,,,"2026-08-27",,,,
The Valley of Rocks Hotel,2026-06-18T16:17:29,842-236-664,GGO-963-250,6865239524,,Amos,Tin,"2026-10-01","2026-10-03",2,Standard Twin room Ensuite,Base Rate,Room 10,,2,0,GBP,110.70,110.70,110.70,0.00,Online,Booking.com,Booking.com,On Account,Confirmed,,atin.596696@guest.booking.com,+1 647 800 3830,,"payment_on_Booking.com (Payout type: BankTransfer)  Non-Smoking  ** THIS RESERVATION HAS BEEN PRE-PAID ** BOOKING NOTE : Payment charge is GBP 1.7712  Genius Booker  Promos: International  Breakfast costs GBP12.50 per person per night. Children and Extra Bed Policy: Children of any age are allowed. You haven't added any cots. You haven't added any extra beds. The maximum number of guests is 2.  Deposit Policy: The guest will be charged a prepayment of the total price of the reservation at any time.  Cancellation Policy: The guest can cancel free of charge until 5 days before arrival. The guest will be charged the total price of the reservation if they cancel in the 5 days before arrival.",,,,,"2026-06-18",,,,
The Valley of Rocks Hotel,2026-09-10T21:28:37,842-252-292,GTY-215-379,6320049160,,Michael,Fuller,"2026-10-01","2026-10-03",2,Standard Single room Ensuite,,Room 7,,1,0,GBP,0.00,See 395-663-922,0.00,0.00,Online,Booking.com,Booking.com,On Account,Canceled,,mfulle.469602@guest.booking.com,+44 7940 909987,,"Group: 5 x Adult, 0 x Child  Non-Smoking  Breakfast costs GBP12.50 per person per night. Children and Extra Bed Policy: Children of any age are allowed. You haven't added any cots. You haven't added any extra beds. The maximum number of guests is 2.  Deposit Policy: The guest will be charged a prepayment of the total price of the reservation at any time.  Cancellation Policy: The guest can cancel free of charge until 5 days before arrival. The guest will be charged the total price of the reservation if they cancel in the 5 days before arrival.  payment_on_Booking.com (Payout type: BankTransfer)  ** THIS RESERVATION HAS BEEN PRE-PAID ** This guest would like the rooms in this booking to be close together if possible. BOOKING NOTE : Payment charge is GBP 6.8336  Genius Booker ",,,,,"2026-09-10",,,,
The Valley of Rocks Hotel,2026-09-10T21:28:37,906-061-834,GTY-215-379,6320049160,,Michael,Fuller,"2026-10-01","2026-10-03",2,Standard Single room Ensuite,,Room 6,,1,0,GBP,0.00,See 395-663-922,0.00,0.00,Online,Booking.com,Booking.com,On Account,Canceled,,mfulle.469602@guest.booking.com,+44 7940 909987,,"Group: 5 x Adult, 0 x Child  Non-Smoking  Breakfast costs GBP12.50 per person per night. Children and Extra Bed Policy: Children of any age are allowed. You haven't added any cots. You haven't added any extra beds. The maximum number of guests is 2.  Deposit Policy: The guest will be charged a prepayment of the total price of the reservation at any time.  Cancellation Policy: The guest can cancel free of charge until 5 days before arrival. The guest will be charged the total price of the reservation if they cancel in the 5 days before arrival.  payment_on_Booking.com (Payout type: BankTransfer)  ** THIS RESERVATION HAS BEEN PRE-PAID ** This guest would like the rooms in this booking to be close together if possible. BOOKING NOTE : Payment charge is GBP 6.8336  Genius Booker ",,,,,"2026-09-10",,,,
The Valley of Rocks Hotel,2026-06-18T18:12:17,921-936-162,APJ-109-219,5659407587,,Clive,Richardson,"2026-10-01","2026-10-04",3,Standard Single room Ensuite,Base Rate,Room 14,,1,0,GBP,147.00,See 121-588-504,147.00,0.00,Online,Booking.com,Booking.com,On Account,Confirmed,,cricha.223404@guest.booking.com,+44 7871 287030,,"Group: 4 x Adult, 0 x Child  Non-Smoking  Breakfast costs GBP12.50 per person per night. Children and Extra Bed Policy: Children of any age are allowed. You haven't added any cots. You haven't added any extra beds. The maximum number of guests is 1.  Deposit Policy: The guest will be charged a prepayment of the total price of the reservation at any time.  Cancellation Policy: The guest can cancel free of charge until 5 days before arrival. The guest will be charged the total price of the reservation if they cancel in the 5 days before arrival.  payment_on_Booking.com (Payout type: BankTransfer)  ** THIS RESERVATION HAS BEEN PRE-PAID ** Approximate time of arrival: between 16:00 and 17:00 BOOKING NOTE : Payment charge is GBP 9.408  Genius Booker ",,,,,"2026-06-18",,,,
Sea Side Hotel,2026-08-29T23:00:18,931-822-664,AVH-404-650,6710043707,,Gail,Gowrie,"2026-10-01","2026-10-02",1,Standard-Double room-Ensuite,Non Refundable,R215,,2,0,GBP,43.76,43.76,43.76,0.00,Online,Booking.com,Booking.com,On Account,Confirmed,,dpowri.290686@guest.booking.com,+44 7473 050869,,"Genius Rate  Non-Smoking  Promos: Early Booker Deal  There is no meal option with this room. Children and Extra Bed Policy: Children of any age are allowed. You haven't added any cots. You haven't added any extra beds. The maximum number of guests is 2.  Deposit Policy: The guest will be charged a prepayment of the total price of the reservation at any time.  Cancellation Policy: The guest will be charged the total price of the reservation if they cancel at any time.  payment_on_Booking.com (Payout type: BankTransfer)  ** THIS RESERVATION HAS BEEN PRE-PAID ** BOOKING NOTE : Payment charge is GBP 0.70016  Genius Booker ",,,,,"2026-08-29",,,,
Harbour Stays,2026-04-03T13:36:33,024-999-854,NOW-984-931,6656855693,,Emberson,Andrew,"2026-10-02","2026-10-05",3,One Bedroom-Apartment-Private Bathroom,,Flat 2 ,,2,0,GBP,0.00,0.00,0.00,0.00,Online,Booking.com,Booking.com,On Account,Canceled,,eandre.368960@guest.booking.com,+44 7983 440264,,"Group: 6 x Adult, 0 x Child  Genius Rate  Non-Smoking  There is no meal option with this room. Children and Extra Bed Policy: Children of any age are allowed. You haven't added any cots. You haven't added any extra beds. The maximum number of guests is 2.  Deposit Policy: The guest will be charged a prepayment of the total price of the reservation at any time.  Cancellation Policy: The guest can cancel free of charge until 7 days before arrival. The guest will be charged the total price of the reservation if they cancel in the 7 days before arrival.  payment_on_Booking.com (Payout type: BankTransfer)  ** THIS RESERVATION HAS BEEN PRE-PAID ** BOOKING NOTE : Payment charge is GBP 11.352  Genius Booker ",,,,,"2026-04-03",,,,
Granby Hotel,2026-08-31T17:21:40,030-658-062,RHD-038-845,6475125131,,Nana,Kiro,"2026-10-02","2026-10-04",2,Standard Twin,Base Rate,Room 5,,1,1,GBP,71.28,223.20,71.28,0.00,Online,Booking.com,Booking.com,On Account,Confirmed,,nkiro.187373@guest.booking.com,+44 7500 824781,,"Group: 4 x Adult, 3 x Child  Child Ages: 10  Genius Rate  Non-Smoking  Promos: Mobile(App) Rate  There is no meal option with this room. Children and Extra Bed Policy: Children of any age are allowed. You haven't added any cots. You haven't added any extra beds. The maximum number of guests is 2.  Deposit Policy: The guest will be charged a prepayment of the total price of the reservation at any time.  Cancellation Policy: The guest can cancel free of charge until 2 days before arrival. The guest will be charged the total price of the reservation if they cancel in the 2 days before arrival.  payment_on_Booking.com (Payout type: BankTransfer)  ** THIS RESERVATION HAS BEEN PRE-PAID ** BOOKING NOTE : Payment charge is GBP 3.5712  Genius Booker ",,,,,"2026-08-31",,,,
Sea Side Hotel,2026-08-07T16:55:54,062-915-954,PWC-861-184,5394133660,,Clifford,Meese,"2026-10-02","2026-10-04",2,Standard-Triple room-Ensuite,,R114,,3,0,GBP,0.00,483.07,0.00,0.00,Online,Booking.com,Booking.com,On Account,Canceled,,cmeese.217110@guest.booking.com,+44 7903 036777,,"Group: 8 x Adult, 0 x Child  Genius Rate  Non-Smoking  Promos: Mobile(App) Rate  There is no meal option with this room. Children and Extra Bed Policy: Children of any age are allowed. You haven't added any cots. You haven't added any extra beds. The maximum number of guests is 1.  Deposit Policy: The guest will be charged a prepayment of the total price of the reservation at any time.  Cancellation Policy: The guest can cancel free of charge until 7 days before arrival. The guest will be charged the total price of the reservation if they cancel in the 7 days before arrival.  payment_on_Booking.com (Payout type: BankTransfer)  ** THIS RESERVATION HAS BEEN PRE-PAID ** BOOKING NOTE : Payment charge is GBP 7.72912  Genius Booker ",,,,,"2026-08-07",,,,
Sea Side Hotel,2026-07-07T18:22:24,069-225-484,GRJ-440-867,6823062576,,Sharon,Goodwin,"2026-10-02","2026-10-04",2,Standard-Double room-Ensuite,Base Rate,R302,,2,0,GBP,91.08,91.08,91.08,0.00,Online,Booking.com,Booking.com,On Account,Confirmed,,sgoodw.426385@guest.booking.com,+44 7958 390153,,"Genius Rate  Non-Smoking  Promos: Mobile(App) Rate  There is no meal option with this room. Children and Extra Bed Policy: Children of any age are allowed. You haven't added any cots. You haven't added any extra beds. The maximum number of guests is 2.  Deposit Policy: The guest will be charged a prepayment of the total price of the reservation at any time.  Cancellation Policy: The guest can cancel free of charge until 7 days before arrival. The guest will be charged the total price of the reservation if they cancel in the 7 days before arrival.  payment_on_Booking.com (Payout type: BankTransfer)  ** THIS RESERVATION HAS BEEN PRE-PAID ** BOOKING NOTE : Payment charge is GBP 1.45728  Genius Booker ",,,,,"2026-07-07",,,,
Granby Hotel,2026-09-13T20:09:49,114-190-321,NDR-794-716,6901567099,,micheal,michael,"2026-10-02","2026-10-04",2,Standard Triple,Base Rate,Room 4,,2,1,GBP,94.32,94.32,94.32,0.00,Online,Booking.com,Booking.com,On Account,Confirmed,,mmicha.695665@guest.booking.com,+44 7478 818667,,"Child Ages: 12  Genius Rate  Non-Smoking  Promos: Mobile(App) Rate  There is no meal option with this room. Children and Extra Bed Policy: Children of any age are allowed. You haven't added any cots. You haven't added any extra beds. The maximum number of guests is 3.  Deposit Policy: The guest will be charged a prepayment of the total price of the reservation at any time.  Cancellation Policy: The guest can cancel free of charge until 2 days before arrival. The guest will be charged the total price of the reservation if they cancel in the 2 days before arrival.  payment_on_Booking.com (Payout type: BankTransfer)  ** THIS RESERVATION HAS BEEN PRE-PAID ** BOOKING NOTE : Payment charge is GBP 1.50912  Genius Booker ",,,,,"2026-09-13",,,,
Sea Side Hotel,2026-07-24T01:48:28,186-540-854,KSK-361-476,6475581986,,Elaine,Brooker,"2026-10-02","2026-10-03",1,Standard-Double room-Ensuite,Non Refundable,R215,,2,0,GBP,42.53,42.53,42.53,0.00,Online,Booking.com,Booking.com,On Account,Confirmed,,ebrook.322707@guest.booking.com,+44 7933 100680,,"Genius Rate  Non-Smoking  Promos: Mobile(MDot) Rate  There is no meal option with this room. Children and Extra Bed Policy: Children of any age are allowed. You haven't added any cots. You haven't added any extra beds. The maximum number of guests is 2.  Deposit Policy: The guest will be charged a prepayment of the total price of the reservation at any time.  Cancellation Policy: The guest will be charged the total price of the reservation if they cancel at any time.  payment_on_Booking.com (Payout type: BankTransfer)  ** THIS RESERVATION HAS BEEN PRE-PAID ** BOOKING NOTE : Payment charge is GBP 0.68048  Genius Booker ",,,,,"2026-07-24",,,,
The Valley of Rocks Hotel,2026-08-16T16:10:53,188-996-022,XGJ-155-998,6322115685,,John,Dowdeswell,"2026-10-02","2026-10-04",2,Superior Double room Ensuite,Base Rate,Room 22,,2,0,GBP,138.00,138.00,138.00,0.00,Online,Booking.com,Booking.com,On Account,Confirmed,,jdowde.514596@guest.booking.com,+44 7557 149162,,"payment_on_Booking.com (Payout type: BankTransfer)  Non-Smoking  ** THIS RESERVATION HAS BEEN PRE-PAID ** BOOKING NOTE : Payment charge is GBP 2.208  Genius Booker  Breakfast costs GBP12.50 per person per night. Children and Extra Bed Policy: Children of any age are allowed. You haven't added any cots. You haven't added any extra beds. The maximum number of guests is 2.  Deposit Policy: The guest will be charged a prepayment of the total price of the reservation at any time.  Cancellation Policy: The guest can cancel free of charge until 5 days before arrival. The guest will be charged the total price of the reservation if they cancel in the 5 days before arrival.",,,,,"2026-08-16",,,,
Sea Side Hotel,2026-01-03T17:11:48,202-962-561,RET-783-801,6714976232,,Jacqueline,Speed,"2026-10-02","2026-10-04",2,Standard-Double room-Ensuite,,R215,,2,0,GBP,0.00,0.00,0.00,0.00,Online,Booking.com,Booking.com,On Account,Canceled,,jspeed.818106@guest.booking.com,+44 7905 535558,,"Genius Rate  Non-Smoking  Promos: Domestic  There is no meal option with this room. Children and Extra Bed Policy: Children of any age are allowed. You haven't added any cots. You haven't added any extra beds. The maximum number of guests is 2.  Deposit Policy: The guest will be charged a prepayment of the total price of the reservation at any time.  Cancellation Policy: The guest can cancel free of charge until 7 days before arrival. The guest will be charged the total price of the reservation if they cancel in the 7 days before arrival.  payment_on_Booking.com (Payout type: BankTransfer)  ** THIS RESERVATION HAS BEEN PRE-PAID ** BOOKING NOTE : Payment charge is GBP 1.6416  Genius Booker ",,,,,"2026-01-03",,,,
Sea Side Hotel,2026-08-07T16:55:54,210-810-524,PWC-861-184,5394133660,,Clifford,Meese,"2026-10-02","2026-10-04",2,Sea view-Single room-Ensuite,Base Rate,R107,,1,0,GBP,91.47,See 062-915-954,91.47,0.00,Online,Booking.com,Booking.com,On Account,Confirmed,,cmeese.217110@guest.booking.com,+44 7903 036777,,"Group: 5 x Adult, 0 x Child  payment_on_Booking.com (Payout type: BankTransfer)  Non-Smoking  ** THIS RESERVATION HAS BEEN PRE-PAID ** BOOKING NOTE : Payment charge is GBP 5.89056  Genius Booker  Genius Rate  Promos: Mobile(App) Rate  There is no meal option with this room. Children and Extra Bed Policy: Children of any age are allowed. You haven't added any cots. You haven't added any extra beds. The maximum number of guests is 1.  Deposit Policy: The guest will be charged a prepayment of the total price of the reservation at any time.  Cancellation Policy: The guest can cancel free of charge until 7 days before arrival. The guest will be charged the total price of the reservation if they cancel in the 7 days before arrival.",,,,,"2026-08-07",,,,
Sea Side Hotel,2026-01-14T18:52:07,238-038-604,FTS-314-560,5688415487,,Claire,Hamilton,"2026-10-02","2026-10-04",2,Standard-Double room-Ensuite,,R204,,2,0,GBP,0.00,0.00,0.00,0.00,Online,Booking.com,Booking.com,On Account,Canceled,,chamil.836654@guest.booking.com,+44 7519 022876,,"Genius Rate  Non-Smoking  Promos: Domestic  There is no meal option with this room. Children and Extra Bed Policy: Children of any age are allowed. You haven't added any cots. You haven't added any extra beds. The maximum number of guests is 2.  Deposit Policy: The guest will be charged a prepayment of the total price of the reservation at any time.  Cancellation Policy: The guest can cancel free of charge until 7 days before arrival. The guest will be charged the total price of the reservation if they cancel in the 7 days before arrival.  payment_on_Booking.com (Payout type: BankTransfer)  ** THIS RESERVATION HAS BEEN PRE-PAID ** BOOKING NOTE : Payment charge is GBP 1.6416  Genius Booker ",,,,,"2026-01-14",,,,
The Valley of Rocks Hotel,2026-09-12T21:33:32,266-530-531,OGO-689-188,,,Nathan,Chapple,"2026-10-02","2026-10-03",1,Standard Family room Ensuite,Base Rate,Room 15,,3,0,GBP,77.28,0.00,77.28,0.00,Online,My Web,My Web,Pay On Arrival,Confirmed,,nathan.g.chapple@gmail.com,+14252057224,,"Ground floor please. One guest has trouble with stairs. If unavailable let us know and we could split rooms to make sure one is ground floor. Thank you! We'll be driving as well and may arrive early so an option to park and wander a bit prior to check in would be lovely if possible. ",,WinWinHotels,,6.72000,"2026-09-12",,,,
Sea Side Hotel,2026-08-07T16:55:54,280-032-561,PWC-861-184,5394133660,,Clifford,Meese,"2026-10-02","2026-10-04",2,Standard-Twin room-Ensuite,Base Rate,R111,,2,0,GBP,96.01,See 062-915-954,96.01,0.00,Online,Booking.com,Booking.com,On Account,Confirmed,,cmeese.217110@guest.booking.com,+44 7903 036777,,"Group: 5 x Adult, 0 x Child  payment_on_Booking.com (Payout type: BankTransfer)  Non-Smoking  ** THIS RESERVATION HAS BEEN PRE-PAID ** BOOKING NOTE : Payment charge is GBP 5.89056  Genius Booker  Genius Rate  Promos: Mobile(App) Rate  There is no meal option with this room. Children and Extra Bed Policy: Children of any age are allowed. You haven't added any cots. You haven't added any extra beds. The maximum number of guests is 1.  Deposit Policy: The guest will be charged a prepayment of the total price of the reservation at any time.  Cancellation Policy: The guest can cancel free of charge until 7 days before arrival. The guest will be charged the total price of the reservation if they cancel in the 7 days before arrival.",,,,,"2026-08-07",,,,
The Valley of Rocks Hotel,2026-09-15T17:31:03,302-566-681,GSP-877-506,6034937859,,Saffron,Edwards,"2026-10-02","2026-10-03",1,Superior Double room Ensuite,Base Rate,Room 80,,2,0,GBP,69.00,69.00,69.00,0.00,Online,Booking.com,Booking.com,On Account,Confirmed,,sedwar.706710@guest.booking.com,+44 7718 481082,,"Non-Smoking  Breakfast costs GBP12.50 per person per night. Children and Extra Bed Policy: Children of any age are allowed. You haven't added any cots. You haven't added any extra beds. The maximum number of guests is 2.  Deposit Policy: The guest will be charged a prepayment of the total price of the reservation at any time.  Cancellation Policy: The guest can cancel free of charge until 5 days before arrival. The guest will be charged the total price of the reservation if they cancel in the 5 days before arrival.  payment_on_Booking.com (Payout type: BankTransfer)  ** THIS RESERVATION HAS BEEN PRE-PAID ** BOOKING NOTE : Payment charge is GBP 1.104  Genius Booker ",,,,,"2026-09-15",,,,
Sea Side Hotel,2026-07-13T19:21:20,329-154-111,ASF-724-953,6090358505,,Katie,Haynes,"2026-10-02","2026-10-05",3,Standard-Quad room-Ensuite,,R305,,4,0,GBP,0.00,0.00,0.00,0.00,Online,Booking.com,Booking.com,On Account,Canceled,,khayne.372286@guest.booking.com,+44 7533 110805,,"Genius Rate  Non-Smoking  Promos: Mobile(App) Rate  There is no meal option with this room. Children and Extra Bed Policy: Children of any age are allowed. You haven't added any cots. You haven't added any extra beds. The maximum number of guests is 4.  Deposit Policy: The guest will be charged a prepayment of the total price of the reservation at any time.  Cancellation Policy: The guest can cancel free of charge until 7 days before arrival. The guest will be charged the total price of the reservation if they cancel in the 7 days before arrival.  payment_on_Booking.com (Payout type: BankTransfer)  ** THIS RESERVATION HAS BEEN PRE-PAID ** BOOKING NOTE : Payment charge is GBP 2.48608  Genius Booker ",,,,,"2026-07-13",,,,
Sea Side Hotel,2026-09-05T17:49:36,351-536-284,AYN-293-747,6102937362,,Cindy,Graves,"2026-10-02","2026-10-03",1,Standard-Double room-Ensuite,Base Rate,R214,,2,0,GBP,76.75,76.75,76.75,0.00,Online,Booking.com,Booking.com,On Account,Confirmed,,cgrave.273385@guest.booking.com,+44 7766 547760,,"Genius Rate  Non-Smoking  Promos: Mobile(App) Rate  There is no meal option with this room. Children and Extra Bed Policy: Children of any age are allowed. You haven't added any cots. You haven't added any extra beds. The maximum number of guests is 2.  Deposit Policy: The guest will be charged a prepayment of the total price of the reservation at any time.  Cancellation Policy: The guest can cancel free of charge until 7 days before arrival. The guest will be charged the total price of the reservation if they cancel in the 7 days before arrival.  payment_on_Booking.com (Payout type: BankTransfer)  ** THIS RESERVATION HAS BEEN PRE-PAID ** BOOKING NOTE : Payment charge is GBP 1.228  Genius Booker ",,,,,"2026-09-05",,,"don,t move the guest requested balcony",
Sea Side Hotel,2026-07-21T16:48:44,386-108-602,ZDF-005-856,6692981086,,Tina,Scott-Mitchell,"2026-10-02","2026-10-04",2,Standard-Double room-Ensuite,,R105,,2,0,GBP,0.00,0.00,0.00,0.00,Online,Booking.com,Booking.com,On Account,Canceled,,tscott.708019@guest.booking.com,+44 7812 063833,,"Genius Rate  Non-Smoking  Promos: Mobile(App) Rate  There is no meal option with this room. Children and Extra Bed Policy: Children of any age are allowed. You haven't added any cots. You haven't added any extra beds. The maximum number of guests is 2.  Deposit Policy: The guest will be charged a prepayment of the total price of the reservation at any time.  Cancellation Policy: The guest can cancel free of charge until 7 days before arrival. The guest will be charged the total price of the reservation if they cancel in the 7 days before arrival.  payment_on_Booking.com (Payout type: BankTransfer)  ** THIS RESERVATION HAS BEEN PRE-PAID ** BOOKING NOTE : Payment charge is GBP 1.55872  Genius Booker ",,,,,"2026-07-21",,,,
The Valley of Rocks Hotel,2026-09-14T06:29:27,386-209-464,VVC-923-317,6194988378,,Peter,Doyle,"2026-10-02","2026-10-04",2,Standard Twin room Ensuite,Base Rate,Room 40,,2,0,GBP,128.00,128.00,128.00,0.00,Online,Booking.com,Booking.com,On Account,Confirmed,,pdoyle.239845@guest.booking.com,+44 7572 337871,,"Non-Smoking  Breakfast costs GBP12.50 per person per night. Children and Extra Bed Policy: Children of any age are allowed. You haven't added any cots. You haven't added any extra beds. The maximum number of guests is 2.  Deposit Policy: The guest will be charged a prepayment of the total price of the reservation at any time.  Cancellation Policy: The guest can cancel free of charge until 5 days before arrival. The guest will be charged the total price of the reservation if they cancel in the 5 days before arrival.  payment_on_Booking.com (Payout type: BankTransfer)  ** THIS RESERVATION HAS BEEN PRE-PAID ** BOOKING NOTE : Payment charge is GBP 2.048  Genius Booker ",,,,,"2026-09-14",,,,
Sea Side Hotel,2026-07-07T17:52:27,389-631-381,GSI-223-514,6238433142,,Karl,Bailey,"2026-10-02","2026-10-04",2,Standard-Double room-Ensuite,Base Rate,R205,,2,0,GBP,91.08,91.08,91.08,0.00,Online,Booking.com,Booking.com,On Account,Confirmed,,kbaile.845846@guest.booking.com,+44 7508 162607,,"Genius Rate  Non-Smoking  Promos: Mobile(App) Rate  There is no meal option with this room. Children and Extra Bed Policy: Children of any age are allowed. You haven't added any cots. You haven't added any extra beds. The maximum number of guests is 2.  Deposit Policy: The guest will be charged a prepayment of the total price of the reservation at any time.  Cancellation Policy: The guest can cancel free of charge until 7 days before arrival. The guest will be charged the total price of the reservation if they cancel in the 7 days before arrival.  payment_on_Booking.com (Payout type: BankTransfer)  ** THIS RESERVATION HAS BEEN PRE-PAID ** BOOKING NOTE : Payment charge is GBP 1.45728  Genius Booker ",,,,,"2026-07-07",,,,
Sea Side Hotel,2026-08-07T16:55:54,392-096-524,PWC-861-184,5394133660,,Clifford,Meese,"2026-10-02","2026-10-04",2,Standard-Single room-Ensuite,Base Rate,R213,,1,0,GBP,89.21,See 062-915-954,89.21,0.00,Online,Booking.com,Booking.com,On Account,Confirmed,,cmeese.217110@guest.booking.com,+44 7903 036777,,"Group: 5 x Adult, 0 x Child  payment_on_Booking.com (Payout type: BankTransfer)  Non-Smoking  ** THIS RESERVATION HAS BEEN PRE-PAID ** BOOKING NOTE : Payment charge is GBP 5.89056  Genius Booker  Genius Rate  Promos: Mobile(App) Rate  There is no meal option with this room. Children and Extra Bed Policy: Children of any age are allowed. You haven't added any cots. You haven't added any extra beds. The maximum number of guests is 1.  Deposit Policy: The guest will be charged a prepayment of the total price of the reservation at any time.  Cancellation Policy: The guest can cancel free of charge until 7 days before arrival. The guest will be charged the total price of the reservation if they cancel in the 7 days before arrival.",,,,,"2026-08-07",,,,
Harbour Stays,2026-04-03T13:36:33,394-921-602,NOW-984-931,6656855693,,Emberson,Andrew,"2026-10-02","2026-10-05",3,Standard Twin Ensuite,,Room 3 - 1st F,,2,0,GBP,0.00,See 024-999-854,0.00,0.00,Online,Booking.com,Booking.com,On Account,Canceled,,eandre.368960@guest.booking.com,+44 7983 440264,,"Group: 6 x Adult, 0 x Child  Genius Rate  Non-Smoking  There is no meal option with this room. Children and Extra Bed Policy: Children of any age are allowed. You haven't added any cots. You haven't added any extra beds. The maximum number of guests is 2.  Deposit Policy: The guest will be charged a prepayment of the total price of the reservation at any time.  Cancellation Policy: The guest can cancel free of charge until 7 days before arrival. The guest will be charged the total price of the reservation if they cancel in the 7 days before arrival.  payment_on_Booking.com (Payout type: BankTransfer)  ** THIS RESERVATION HAS BEEN PRE-PAID ** BOOKING NOTE : Payment charge is GBP 11.352  Genius Booker ",,,,,"2026-04-03",,,,
The Valley of Rocks Hotel,2026-09-12T15:49:16,398-149-322,XHE-112-070,5978842908,,Ian,West,"2026-10-02","2026-10-04",2,Superior Double room Ensuite,Base Rate,Room 49,,2,0,GBP,138.00,138.00,138.00,0.00,Online,Booking.com,Booking.com,On Account,Confirmed,,iwest.767035@guest.booking.com,+44 7812 633274,,"Non-Smoking  Breakfast costs GBP12.50 per person per night. Children and Extra Bed Policy: Children of any age are allowed. You haven't added any cots. You haven't added any extra beds. The maximum number of guests is 2.  Deposit Policy: The guest will be charged a prepayment of the total price of the reservation at any time.  Cancellation Policy: The guest can cancel free of charge until 5 days before arrival. The guest will be charged the total price of the reservation if they cancel in the 5 days before arrival.  payment_on_Booking.com (Payout type: BankTransfer)  ** THIS RESERVATION HAS BEEN PRE-PAID ** BOOKING NOTE : Payment charge is GBP 2.208  Genius Booker ",,,,,"2026-09-12",,,,
The Valley of Rocks Hotel,2026-09-14T18:59:53,399-642-941,KOS-727-289,6766044425,,Clover,Steve,"2026-10-02","2026-10-03",1,Standard Double room Ensuite-Sea view,Base Rate,Room 52,,2,0,GBP,64.00,64.00,64.00,0.00,Online,Booking.com,Booking.com,On Account,Confirmed,,csteve.178952@guest.booking.com,+44 7951 889803,,"Non-Smoking  Breakfast costs GBP12.50 per person per night. Children and Extra Bed Policy: Children of any age are allowed. You haven't added any cots. You haven't added any extra beds. The maximum number of guests is 2.  Deposit Policy: The guest will be charged a prepayment of the total price of the reservation at any time.  Cancellation Policy: The guest can cancel free of charge until 5 days before arrival. The guest will be charged the total price of the reservation if they cancel in the 5 days before arrival.  payment_on_Booking.com (Payout type: BankTransfer)  ** THIS RESERVATION HAS BEEN PRE-PAID ** car parking if possible BOOKING NOTE : Payment charge is GBP 1.024  Genius Booker ",,,,,"2026-09-14",,,,
Harbour Stays,2026-04-03T13:36:33,400-593-921,NOW-984-931,6656855693,,Emberson,Andrew,"2026-10-02","2026-10-05",3,Standard Twin Ensuite,,Room 4 - 1st F,,2,0,GBP,0.00,See 024-999-854,0.00,0.00,Online,Booking.com,Booking.com,On Account,Canceled,,eandre.368960@guest.booking.com,+44 7983 440264,,"Group: 6 x Adult, 0 x Child  Genius Rate  Non-Smoking  There is no meal option with this room. Children and Extra Bed Policy: Children of any age are allowed. You haven't added any cots. You haven't added any extra beds. The maximum number of guests is 2.  Deposit Policy: The guest will be charged a prepayment of the total price of the reservation at any time.  Cancellation Policy: The guest can cancel free of charge until 7 days before arrival. The guest will be charged the total price of the reservation if they cancel in the 7 days before arrival.  payment_on_Booking.com (Payout type: BankTransfer)  ** THIS RESERVATION HAS BEEN PRE-PAID ** BOOKING NOTE : Payment charge is GBP 11.352  Genius Booker ",,,,,"2026-04-03",,,,
The Valley of Rocks Hotel,2026-08-19T06:26:01,408-501-334,IWH-800-395,6925923344,,Loic,Meuret,"2026-10-02","2026-10-03",1,Standard Single room Ensuite,Base Rate,Room 73,,1,0,GBP,44.10,44.10,44.10,0.00,Online,Booking.com,Booking.com,On Account,Confirmed,,lmeure.267895@guest.booking.com,+18447270478,,"Non-Smoking  Promos: International  Breakfast costs GBP12.50 per person per night. Children and Extra Bed Policy: Children of any age are allowed. You haven't added any cots. You haven't added any extra beds. The maximum number of guests is 1.  Deposit Policy: The guest will be charged a prepayment of the total price of the reservation at any time.  Cancellation Policy: The guest can cancel free of charge until 5 days before arrival. The guest will be charged the total price of the reservation if they cancel in the 5 days before arrival.  payment_on_Booking.com (Payout type: BankTransfer)  ** THIS RESERVATION HAS BEEN PRE-PAID ** BOOKING NOTE : Payment charge is GBP 0.7056  Genius Booker ",,,,,"2026-08-19",,,,
Sea Side Hotel,2026-07-20T15:30:20,449-053-341,IJB-406-357,5380378366,,Murray,Gail,"2026-10-02","2026-10-05",3,Sea view-Double room-Ensuite,,R206,,2,0,GBP,0.00,0.00,0.00,0.00,Online,Booking.com,Booking.com,On Account,Canceled,,mgail.511407@guest.booking.com,+44 7706 147515,,"Genius Rate  Non-Smoking  Promos: Mobile(App) Rate  There is no meal option with this room. Children and Extra Bed Policy: Children of any age are allowed. You haven't added any cots. You haven't added any extra beds. The maximum number of guests is 2.  Deposit Policy: The guest will be charged a prepayment of the total price of the reservation at any time.  Cancellation Policy: The guest can cancel free of charge until 7 days before arrival. The guest will be charged the total price of the reservation if they cancel in the 7 days before arrival.  payment_on_Booking.com (Payout type: BankTransfer)  ** THIS RESERVATION HAS BEEN PRE-PAID ** BOOKING NOTE : Payment charge is GBP 2.328  Genius Booker ",,,,,"2026-07-20",,,,
Sea Side Hotel,2026-08-07T16:55:54,511-989-884,PWC-861-184,5394133660,,Clifford,Meese,"2026-10-02","2026-10-04",2,Sea view-Single room-Ensuite,Base Rate,R207,,1,0,GBP,91.47,See 062-915-954,91.47,0.00,Online,Booking.com,Booking.com,On Account,Confirmed,,cmeese.217110@guest.booking.com,+44 7903 036777,,"Group: 5 x Adult, 0 x Child  payment_on_Booking.com (Payout type: BankTransfer)  Non-Smoking  ** THIS RESERVATION HAS BEEN PRE-PAID ** BOOKING NOTE : Payment charge is GBP 5.89056  Genius Booker  Genius Rate  Promos: Mobile(App) Rate  There is no meal option with this room. Children and Extra Bed Policy: Children of any age are allowed. You haven't added any cots. You haven't added any extra beds. The maximum number of guests is 1.  Deposit Policy: The guest will be charged a prepayment of the total price of the reservation at any time.  Cancellation Policy: The guest can cancel free of charge until 7 days before arrival. The guest will be charged the total price of the reservation if they cancel in the 7 days before arrival.",,,,,"2026-08-07",,,,
Sea Side Hotel,2026-08-11T21:00:38,561-410-511,SLM-083-401,6859412991,,Lodge,Jordan,"2026-10-02","2026-10-05",3,Standard-Double room-Ensuite,Base Rate,R303,,2,0,GBP,147.31,147.31,147.31,0.00,Online,Booking.com,Booking.com,On Account,Confirmed,,ljorda.143791@guest.booking.com,+44 7951 866787,,"Genius Rate  Non-Smoking  Promos: Mobile(App) Rate  There is no meal option with this room. Children and Extra Bed Policy: Children of any age are allowed. You haven't added any cots. You haven't added any extra beds. The maximum number of guests is 2.  Deposit Policy: The guest will be charged a prepayment of the total price of the reservation at any time.  Cancellation Policy: The guest can cancel free of charge until 7 days before arrival. The guest will be charged the total price of the reservation if they cancel in the 7 days before arrival.  payment_on_Booking.com (Payout type: BankTransfer)  ** THIS RESERVATION HAS BEEN PRE-PAID ** BOOKING NOTE : Payment charge is GBP 2.35696  Genius Booker ",,,,,"2026-08-11",,,,
Granby Hotel,2026-09-06T12:06:01,599-490-002,ZSV-346-132,2552247545,,Anne,Rimmington,"2026-10-02","2026-10-04",2,Standard Double,,Room 3,,2,0,GBP,0.00,0.00,0.00,0.00,Online,Expedia Affiliate Network,Expedia & Affiliate Network,On Account,Canceled,,y94gb6c6e2@m.expediapartnercentral.com,1111111111111,,"LargeBed, NonSmoke 1 Double Bed Expedia collects payment from traveler: Hotel invoices Expedia. ",,,,,"2026-09-06",,,,
Sea Side Hotel,2026-05-26T09:42:38,603-331-481,HLU-127-565,6735510563,,Vikki,Kelly,"2026-10-02","2026-10-04",2,Standard-Quad room-Ensuite,,R305,,4,0,GBP,0.00,0.00,0.00,0.00,Online,Booking.com,Booking.com,On Account,Canceled,,vkelly.547572@guest.booking.com,+44 7785 565012,,"Genius Rate  Non-Smoking  Promos: Domestic  There is no meal option with this room. Children and Extra Bed Policy: Children of any age are allowed. You haven't added any cots. You haven't added any extra beds. The maximum number of guests is 4.  Deposit Policy: The guest will be charged a prepayment of the total price of the reservation at any time.  Cancellation Policy: The guest can cancel free of charge until 7 days before arrival. The guest will be charged the total price of the reservation if they cancel in the 7 days before arrival.  payment_on_Booking.com (Payout type: BankTransfer)  ** THIS RESERVATION HAS BEEN PRE-PAID ** BOOKING NOTE : Payment charge is GBP 1.87984  Genius Booker ",,,,,"2026-05-26",,,,
Granby Hotel,2025-11-21T09:45:08,632-981-341,CFJ-407-287,6101563738,,Brenda,Barker,"2026-10-02","2026-10-05",3,Standard Twin,Base Rate,Room 12,,2,0,GBP,122.41,122.41,122.41,0.00,Online,Booking.com,Booking.com,On Account,Confirmed,,bbarke.835249@guest.booking.com,+44 7876 297680,,"Genius Rate  Non-Smoking  Promos: Mobile(App) Rate  There is no meal option with this room. Children and Extra Bed Policy: Children of any age are allowed. You haven't added any cots. You haven't added any extra beds. The maximum number of guests is 2.  Deposit Policy: The guest will be charged a prepayment of the total price of the reservation at any time.  Cancellation Policy: The guest can cancel free of charge until 2 days before arrival. The guest will be charged the total price of the reservation if they cancel in the 2 days before arrival.  payment_on_Booking.com (Payout type: BankTransfer)  ** THIS RESERVATION HAS BEEN PRE-PAID ** BOOKING NOTE : Payment charge is GBP 1.95856  Genius Booker ",,,,,"2025-11-21",,,,
Granby Hotel,2026-08-31T17:21:40,652-992-301,RHD-038-845,6475125131,,Nana,Kiro,"2026-10-02","2026-10-04",2,Standard Double,Base Rate,Room 21,,1,1,GBP,71.28,See 030-658-062,71.28,0.00,Online,Booking.com,Booking.com,On Account,Confirmed,,nkiro.187373@guest.booking.com,+44 7500 824781,,"Group: 4 x Adult, 3 x Child  Child Ages: 11  Genius Rate  Non-Smoking  Promos: Mobile(App) Rate  There is no meal option with this room. Children and Extra Bed Policy: Children of any age are allowed. You haven't added any cots. You haven't added any extra beds. The maximum number of guests is 2.  Deposit Policy: The guest will be charged a prepayment of the total price of the reservation at any time.  Cancellation Policy: The guest can cancel free of charge until 2 days before arrival. The guest will be charged the total price of the reservation if they cancel in the 2 days before arrival.  payment_on_Booking.com (Payout type: BankTransfer)  ** THIS RESERVATION HAS BEEN PRE-PAID ** BOOKING NOTE : Payment charge is GBP 3.5712  Genius Booker ",,,,,"2026-08-31",,,,
Sea Side Hotel,2026-06-11T22:57:48,665-650-494,OBU-133-349,6088400075,,David,Southam,"2026-10-02","2026-10-04",2,Standard-Single room-Ensuite,,R203,,1,0,GBP,0.00,0.00,0.00,0.00,Online,Booking.com,Booking.com,On Account,Canceled,,dsouth.529114@guest.booking.com,+44 7963 520725,,"Genius Rate  Non-Smoking  Promos: Mobile(App) Rate  There is no meal option with this room. Children and Extra Bed Policy: Children of any age are allowed. You haven't added any cots. You haven't added any extra beds. The maximum number of guests is 1.  Deposit Policy: The guest will be charged a prepayment of the total price of the reservation at any time.  Cancellation Policy: The guest can cancel free of charge until 7 days before arrival. The guest will be charged the total price of the reservation if they cancel in the 7 days before arrival.  payment_on_Booking.com (Payout type: BankTransfer)  ** THIS RESERVATION HAS BEEN PRE-PAID ** BOOKING NOTE : Payment charge is GBP 1.2672  Genius Booker ",,,,,"2026-06-11",,,,
Sea Side Hotel,2026-08-09T19:10:52,666-064-561,UAR-313-983,6659876987,,Sharon,Goodwin,"2026-10-02","2026-10-04",2,Standard-Twin room-Ensuite,Base Rate,R309,,2,0,GBP,109.29,109.29,109.29,0.00,Online,Booking.com,Booking.com,On Account,Confirmed,,sgoodw.174919@guest.booking.com,+44 7958 390153,,"Genius Rate  Non-Smoking  Promos: Mobile(App) Rate  There is no meal option with this room. Children and Extra Bed Policy: Children of any age are allowed. You haven't added any cots. You haven't added any extra beds. The maximum number of guests is 2.  Deposit Policy: The guest will be charged a prepayment of the total price of the reservation at any time.  Cancellation Policy: The guest can cancel free of charge until 7 days before arrival. The guest will be charged the total price of the reservation if they cancel in the 7 days before arrival.  payment_on_Booking.com (Payout type: BankTransfer)  ** THIS RESERVATION HAS BEEN PRE-PAID ** BOOKING NOTE : Payment charge is GBP 1.74864  Genius Booker ",,,,,"2026-08-09",,,,
Sea Side Hotel,2026-01-14T18:03:51,811-003-891,TXQ-023-644,6560880899,,Lee,Barrett,"2026-10-02","2026-10-04",2,Standard-Double room-Ensuite,Base Rate,R101,,2,0,GBP,102.60,102.60,102.60,0.00,Online,Booking.com,Booking.com,On Account,Confirmed,,lbarre.249334@guest.booking.com,+44 7460232424,,"Genius Rate  Non-Smoking  Promos: Domestic  There is no meal option with this room. Children and Extra Bed Policy: Children of any age are allowed. You haven't added any cots. You haven't added any extra beds. The maximum number of guests is 2.  Deposit Policy: The guest will be charged a prepayment of the total price of the reservation at any time.  Cancellation Policy: The guest can cancel free of charge until 7 days before arrival. The guest will be charged the total price of the reservation if they cancel in the 7 days before arrival.  payment_on_Booking.com (Payout type: BankTransfer)  ** THIS RESERVATION HAS BEEN PRE-PAID ** BOOKING NOTE : Payment charge is GBP 1.6416  Genius Booker ",,,,,"2026-01-14",,,,
Granby Hotel,2026-08-31T17:21:40,862-053-044,RHD-038-845,6475125131,,Nana,Kiro,"2026-10-02","2026-10-04",2,Standard Triple,Base Rate,Room 14,,2,1,GBP,80.64,See 030-658-062,80.64,0.00,Online,Booking.com,Booking.com,On Account,Confirmed,,nkiro.187373@guest.booking.com,+44 7500 824781,,"Group: 4 x Adult, 3 x Child  Child Ages: 2  Genius Rate  Non-Smoking  Promos: Mobile(App) Rate  There is no meal option with this room. Children and Extra Bed Policy: Children of any age are allowed. You haven't added any cots. You haven't added any extra beds. The maximum number of guests is 2.  Deposit Policy: The guest will be charged a prepayment of the total price of the reservation at any time.  Cancellation Policy: The guest can cancel free of charge until 2 days before arrival. The guest will be charged the total price of the reservation if they cancel in the 2 days before arrival.  payment_on_Booking.com (Payout type: BankTransfer)  ** THIS RESERVATION HAS BEEN PRE-PAID ** BOOKING NOTE : Payment charge is GBP 3.5712  Genius Booker ",,,,,"2026-08-31",,,,
Harbour Stays,2025-10-06T13:32:10,886-696-141,DVP-195-479,6042355840,,Katie,Haynes,"2026-10-02","2026-10-05",3,Three  Bedroom-Apartment-Private Bathroom,,Flat 3 ,,6,0,GBP,0.00,0.00,0.00,0.00,Online,Booking.com,Booking.com,On Account,Canceled,,khayne.924745@guest.booking.com,+44 7366 111901,,"Genius Rate  Non-Smoking  There is no meal option with this room. Children and Extra Bed Policy: Children of any age are allowed. You haven't added any cots. You haven't added any extra beds. The maximum number of guests is 6.  Deposit Policy: The guest will be charged a prepayment of the total price of the reservation at any time.  Cancellation Policy: The guest can cancel free of charge until 7 days before arrival. The guest will be charged the total price of the reservation if they cancel in the 7 days before arrival.  payment_on_Booking.com (Payout type: BankTransfer)  ** THIS RESERVATION HAS BEEN PRE-PAID ** BOOKING NOTE : Payment charge is GBP 4.4672  Genius Booker ",,,,,"2025-10-06",,,,
The Valley of Rocks Hotel,2026-08-26T11:11:31,891-826-504,IRU-259-084,6094761238,,Jon,Packer,"2026-10-02","2026-10-05",3,Superior Double room Ensuite,Base Rate,Room 21,,2,0,GBP,202.00,202.00,202.00,0.00,Online,Booking.com,Booking.com,On Account,Confirmed,,jpacke.424066@guest.booking.com,+44 7926 494924,,"Non-Smoking  Breakfast costs GBP12.50 per person per night. Children and Extra Bed Policy: Children of any age are allowed. You haven't added any cots. You haven't added any extra beds. The maximum number of guests is 2.  Deposit Policy: The guest will be charged a prepayment of the total price of the reservation at any time.  Cancellation Policy: The guest can cancel free of charge until 5 days before arrival. The guest will be charged the total price of the reservation if they cancel in the 5 days before arrival.  payment_on_Booking.com (Payout type: BankTransfer)  ** THIS RESERVATION HAS BEEN PRE-PAID ** BOOKING NOTE : Payment charge is GBP 3.232  Genius Booker ",,,,,"2026-08-26",,,,
Sea Side Hotel,2026-05-16T23:41:16,898-358-901,ZFN-579-894,6487690972,,Phill,Hill,"2026-10-02","2026-10-05",3,Standard-Single room-Ensuite,Base Rate,R104,,1,0,GBP,117.04,117.04,117.04,0.00,Online,Booking.com,Booking.com,On Account,Confirmed,,phill.934030@guest.booking.com,+44 7811 591661,,"Genius Rate  Non-Smoking  Promos: Domestic  There is no meal option with this room. Children and Extra Bed Policy: Children of any age are allowed. You haven't added any cots. You haven't added any extra beds. The maximum number of guests is 1.  Deposit Policy: The guest will be charged a prepayment of the total price of the reservation at any time.  Cancellation Policy: The guest can cancel free of charge until 7 days before arrival. The guest will be charged the total price of the reservation if they cancel in the 7 days before arrival.  payment_on_Booking.com (Payout type: BankTransfer)  ** THIS RESERVATION HAS BEEN PRE-PAID ** BOOKING NOTE : Payment charge is GBP 1.87264  Genius Booker ",,,,,"2026-05-16",,,,
The Valley of Rocks Hotel,2026-09-06T12:48:50,915-128-412,UEU-165-895,6357326412,,Carmen,Williams,"2026-10-02","2026-10-04",2,Standard Double room Ensuite-Sea view,Base Rate,Room 55,,2,0,GBP,128.00,128.00,128.00,0.00,Online,Booking.com,Booking.com,On Account,Confirmed,,cwilli.443706@guest.booking.com,+44 7734 846550,,"Non-Smoking  Breakfast costs GBP12.50 per person per night. Children and Extra Bed Policy: Children of any age are allowed. You haven't added any cots. You haven't added any extra beds. The maximum number of guests is 2.  Deposit Policy: The guest will be charged a prepayment of the total price of the reservation at any time.  Cancellation Policy: The guest can cancel free of charge until 5 days before arrival. The guest will be charged the total price of the reservation if they cancel in the 5 days before arrival.  payment_on_Booking.com (Payout type: BankTransfer)  ** THIS RESERVATION HAS BEEN PRE-PAID ** BOOKING NOTE : Payment charge is GBP 2.048 Approximate time of arrival: between 15:00 and 16:00 We will be bringing our labrador with us.   The weekend break is for my husband's birthday ",,,,,"2026-09-06",,,,
Sea Side Hotel,2026-05-16T23:36:51,919-319-224,RDG-726-202,5808872168,,Simon,Allsopp,"2026-10-02","2026-10-05",3,Standard-Single room-Ensuite,Base Rate,R103,,1,0,GBP,117.04,117.04,117.04,0.00,Online,Booking.com,Booking.com,On Account,Confirmed,,sallso.744909@guest.booking.com,+44 7950 353272,,"Genius Rate  Non-Smoking  Promos: Domestic  There is no meal option with this room. Children and Extra Bed Policy: Children of any age are allowed. You haven't added any cots. You haven't added any extra beds. The maximum number of guests is 1.  Deposit Policy: The guest will be charged a prepayment of the total price of the reservation at any time.  Cancellation Policy: The guest can cancel free of charge until 7 days before arrival. The guest will be charged the total price of the reservation if they cancel in the 7 days before arrival.  payment_on_Booking.com (Payout type: BankTransfer)  ** THIS RESERVATION HAS BEEN PRE-PAID ** BOOKING NOTE : Payment charge is GBP 1.87264  Genius Booker ",,,,,"2026-05-16",,,,
The Valley of Rocks Hotel,2026-09-10T13:18:17,925-550-264,FVL-100-352,6647406174,,Stuart,Dent,"2026-10-02","2026-10-04",2,Standard  Double room Ensuite,Base Rate,Room 50,,2,0,GBP,118.00,118.00,118.00,0.00,Online,Booking.com,Booking.com,On Account,Confirmed,,sdent.748221@guest.booking.com,+44 7754 008692,,"Non-Smoking  Breakfast costs GBP12.50 per person per night. Children and Extra Bed Policy: Children of any age are allowed. You haven't added any cots. You haven't added any extra beds. The maximum number of guests is 2.  Deposit Policy: The guest will be charged a prepayment of the total price of the reservation at any time.  Cancellation Policy: The guest can cancel free of charge until 5 days before arrival. The guest will be charged the total price of the reservation if they cancel in the 5 days before arrival.  payment_on_Booking.com (Payout type: BankTransfer)  ** THIS RESERVATION HAS BEEN PRE-PAID ** BOOKING NOTE : Payment charge is GBP 1.888  Genius Booker ",,,,,"2026-09-10",,,,
Granby Hotel,2026-08-31T16:58:23,928-224-231,SXA-152-969,5697267890,,Nana,Kiro,"2026-10-02","2026-10-04",2,Standard Triple,Base Rate,Room 10,,1,0,GBP,80.64,223.20,80.64,0.00,Online,Booking.com,Booking.com,On Account,Confirmed,,nkiro.438168@guest.booking.com,+44 7500 824781,,"Group: 3 x Adult, 2 x Child  Genius Rate  Non-Smoking  Promos: Mobile(App) Rate  There is no meal option with this room. Children and Extra Bed Policy: Children of any age are allowed. You haven't added any cots. You haven't added any extra beds. The maximum number of guests is 2.  Deposit Policy: The guest will be charged a prepayment of the total price of the reservation at any time.  Cancellation Policy: The guest can cancel free of charge until 2 days before arrival. The guest will be charged the total price of the reservation if they cancel in the 2 days before arrival.  payment_on_Booking.com (Payout type: BankTransfer)  ** THIS RESERVATION HAS BEEN PRE-PAID ** BOOKING NOTE : Payment charge is GBP 3.5712  Genius Booker ",,,,,"2026-08-31",,,,
Granby Hotel,2026-08-31T16:58:23,935-954-224,SXA-152-969,5697267890,,Nana,Kiro,"2026-10-02","2026-10-04",2,Standard Twin,Base Rate,Room 6,,1,1,GBP,71.28,See 928-224-231,71.28,0.00,Online,Booking.com,Booking.com,On Account,Confirmed,,nkiro.438168@guest.booking.com,+44 7500 824781,,"Group: 3 x Adult, 2 x Child  Child Ages: 12  Genius Rate  Non-Smoking  Promos: Mobile(App) Rate  There is no meal option with this room. Children and Extra Bed Policy: Children of any age are allowed. You haven't added any cots. You haven't added any extra beds. The maximum number of guests is 2.  Deposit Policy: The guest will be charged a prepayment of the total price of the reservation at any time.  Cancellation Policy: The guest can cancel free of charge until 2 days before arrival. The guest will be charged the total price of the reservation if they cancel in the 2 days before arrival.  payment_on_Booking.com (Payout type: BankTransfer)  ** THIS RESERVATION HAS BEEN PRE-PAID ** BOOKING NOTE : Payment charge is GBP 3.5712  Genius Booker ",,,,,"2026-08-31",,,,
Granby Hotel,2026-08-31T16:58:23,965-923-642,SXA-152-969,5697267890,,Nana,Kiro,"2026-10-02","2026-10-04",2,Standard Twin,Base Rate,Room 19,,1,1,GBP,71.28,See 928-224-231,71.28,0.00,Online,Booking.com,Booking.com,On Account,Confirmed,,nkiro.438168@guest.booking.com,+44 7500 824781,,"Group: 3 x Adult, 2 x Child  Child Ages: 15  Genius Rate  Non-Smoking  Promos: Mobile(App) Rate  There is no meal option with this room. Children and Extra Bed Policy: Children of any age are allowed. You haven't added any cots. You haven't added any extra beds. The maximum number of guests is 2.  Deposit Policy: The guest will be charged a prepayment of the total price of the reservation at any time.  Cancellation Policy: The guest can cancel free of charge until 2 days before arrival. The guest will be charged the total price of the reservation if they cancel in the 2 days before arrival.  payment_on_Booking.com (Payout type: BankTransfer)  ** THIS RESERVATION HAS BEEN PRE-PAID ** BOOKING NOTE : Payment charge is GBP 3.5712  Genius Booker ",,,,,"2026-08-31",,,,
The Valley of Rocks Hotel,2026-09-10T14:40:39,006-049-954,ERD-686-344,5265163941,,Allison,Hamilton,"2026-10-03","2026-10-04",1,Standard  Double room Ensuite,Base Rate,Room 47,,2,0,GBP,59.00,167.00,59.00,0.00,Online,Booking.com,Booking.com,On Account,Confirmed,,ahamil.649085@guest.booking.com,+44 7518 788748,,"Group: 5 x Adult, 0 x Child  Non-Smoking  Breakfast costs GBP12.50 per person per night. Children and Extra Bed Policy: Children of any age are allowed. You haven't added any cots. You haven't added any extra beds. The maximum number of guests is 2.  Deposit Policy: The guest will be charged a prepayment of the total price of the reservation at any time.  Cancellation Policy: The guest can cancel free of charge until 5 days before arrival. The guest will be charged the total price of the reservation if they cancel in the 5 days before arrival.  payment_on_Booking.com (Payout type: BankTransfer)  ** THIS RESERVATION HAS BEEN PRE-PAID ** BOOKING NOTE : Payment charge is GBP 2.672 ",,,,,"2026-09-10",,,,
The Valley of Rocks Hotel,2026-09-05T17:27:03,031-025-352,OFW-918-824,5672452969,,Bonnie,Wang,"2026-10-03","2026-10-04",1,Standard  Double room Ensuite,,Room 5,,1,0,GBP,0.00,0.00,0.00,0.00,Online,Booking.com,Booking.com,On Account,Canceled,,bwang.721039@guest.booking.com,+44 7739 162959,,"Group: 2 x Adult, 0 x Child  Non-Smoking  Breakfast costs GBP12.50 per person per night. Children and Extra Bed Policy: Children of any age are allowed. You haven't added any cots. You haven't added any extra beds. The maximum number of guests is 2.  Deposit Policy: The guest will be charged a prepayment of the total price of the reservation at any time.  Cancellation Policy: The guest can cancel free of charge until 5 days before arrival. The guest will be charged the total price of the reservation if they cancel in the 5 days before arrival.  payment_on_Booking.com (Payout type: BankTransfer)  ** THIS RESERVATION HAS BEEN PRE-PAID ** BOOKING NOTE : Payment charge is GBP 1.968 Approximate time of arrival: between 20:00 and 21:00 This guest would like the rooms in this booking to be close together if possible. We might need to park our car. Is there free parking available?  Genius Booker ",,,,,"2026-09-05",,,,
Sea Side Hotel,2026-06-16T00:14:25,325-201-801,SBV-119-279,6179956562,,Mantas,Gasiunas,"2026-10-03","2026-10-04",1,Standard-Triple room-Ensuite,Base Rate,R310,,2,1,GBP,48.44,48.44,48.44,0.00,Online,Booking.com,Booking.com,On Account,Confirmed,,mgasiu.204523@guest.booking.com,+447443455500,,"Child Ages: 7  Genius Rate  Non-Smoking  Promos: Mobile(MDot) Rate  There is no meal option with this room. Children and Extra Bed Policy: Children of any age are allowed. You haven't added any cots. You haven't added any extra beds. The maximum number of guests is 3.  Deposit Policy: The guest will be charged a prepayment of the total price of the reservation at any time.  Cancellation Policy: The guest can cancel free of charge until 7 days before arrival. The guest will be charged the total price of the reservation if they cancel in the 7 days before arrival.  payment_on_Booking.com (Payout type: BankTransfer)  ** THIS RESERVATION HAS BEEN PRE-PAID ** BOOKING NOTE : Payment charge is GBP 0.77504  Genius Booker ",,,,,"2026-06-15",,,,
Sea Side Hotel,2026-08-28T12:35:18,360-569-434,XYV-843-456,6197701494,,Lauren,Skillicorn,"2026-10-03","2026-10-04",1,Standard-Twin room-Ensuite,Base Rate,R212,,2,0,GBP,74.41,230.95,74.41,0.00,Online,Booking.com,Booking.com,On Account,Confirmed,,lskill.421425@guest.booking.com,+44 7908 225579,,"Group: 6 x Adult, 0 x Child  Genius Rate  Non-Smoking  Promos: Mobile(App) Rate  There is no meal option with this room. Children and Extra Bed Policy: Children of any age are allowed. You haven't added any cots. You haven't added any extra beds. The maximum number of guests is 2.  Deposit Policy: The guest will be charged a prepayment of the total price of the reservation at any time.  Cancellation Policy: The guest can cancel free of charge until 7 days before arrival. The guest will be charged the total price of the reservation if they cancel in the 7 days before arrival.  payment_on_Booking.com (Payout type: BankTransfer)  ** THIS RESERVATION HAS BEEN PRE-PAID ** BOOKING NOTE : Payment charge is GBP 3.6952  Genius Booker ",,,,,"2026-08-28",,,,
Sea Side Hotel,2026-03-24T17:36:14,453-481-432,VJF-039-700,5870473102,,Ritchard,malthouse,"2026-10-03","2026-10-04",1,Standard-Double room-Ensuite,Base Rate,R204,,2,0,GBP,47.12,47.12,47.12,0.00,Online,Booking.com,Booking.com,On Account,Confirmed,,rmalth.507739@guest.booking.com,+44 7849 359204,,"Genius Rate  Non-Smoking  Promos: Domestic  There is no meal option with this room. Children and Extra Bed Policy: Children of any age are allowed. You haven't added any cots. You haven't added any extra beds. The maximum number of guests is 2.  Deposit Policy: The guest will be charged a prepayment of the total price of the reservation at any time.  Cancellation Policy: The guest can cancel free of charge until 7 days before arrival. The guest will be charged the total price of the reservation if they cancel in the 7 days before arrival.  payment_on_Booking.com (Payout type: BankTransfer)  ** THIS RESERVATION HAS BEEN PRE-PAID ** BOOKING NOTE : Payment charge is GBP 0.75392  Genius Booker ",,,,,"2026-03-24",,,,
The Valley of Rocks Hotel,2026-09-10T14:40:39,463-055-362,ERD-686-344,5265163941,,Allison,Hamilton,"2026-10-03","2026-10-04",1,Standard  Double room Ensuite,Base Rate,Room 25,,2,0,GBP,59.00,See 006-049-954,59.00,0.00,Online,Booking.com,Booking.com,On Account,Confirmed,,ahamil.649085@guest.booking.com,+44 7518 788748,,"Group: 5 x Adult, 0 x Child  Non-Smoking  Breakfast costs GBP12.50 per person per night. Children and Extra Bed Policy: Children of any age are allowed. You haven't added any cots. You haven't added any extra beds. The maximum number of guests is 2.  Deposit Policy: The guest will be charged a prepayment of the total price of the reservation at any time.  Cancellation Policy: The guest can cancel free of charge until 5 days before arrival. The guest will be charged the total price of the reservation if they cancel in the 5 days before arrival.  payment_on_Booking.com (Payout type: BankTransfer)  ** THIS RESERVATION HAS BEEN PRE-PAID ** BOOKING NOTE : Payment charge is GBP 2.672 ",,,,,"2026-09-10",,,,
The Valley of Rocks Hotel,2026-09-02T18:30:59,465-456-424,PHJ-157-134,6636580808,,Paul,Bunford,"2026-10-03","2026-10-05",2,Standard Double room Ensuite-Sea view,Base Rate,Room 52,,2,0,GBP,123.00,123.00,123.00,0.00,Online,Booking.com,Booking.com,On Account,Confirmed,,pbunfo.639317@guest.booking.com,+44 7508 919139,,"Non-Smoking  Breakfast costs GBP12.50 per person per night. Children and Extra Bed Policy: Children of any age are allowed. You haven't added any cots. You haven't added any extra beds. The maximum number of guests is 2.  Deposit Policy: The guest will be charged a prepayment of the total price of the reservation at any time.  Cancellation Policy: The guest can cancel free of charge until 5 days before arrival. The guest will be charged the total price of the reservation if they cancel in the 5 days before arrival.  payment_on_Booking.com (Payout type: BankTransfer)  ** THIS RESERVATION HAS BEEN PRE-PAID ** BOOKING NOTE : Payment charge is GBP 1.968  Genius Booker ",,,,,"2026-09-02",,,,
The Valley of Rocks Hotel,2026-09-09T15:27:10,488-644-382,GZI-170-217,5892410107,,Marius,Nel,"2026-10-03","2026-10-04",1,Standard Double room Ensuite-Sea view,Base Rate,Room 53,,2,0,GBP,64.00,64.00,64.00,0.00,Online,Booking.com,Booking.com,On Account,Confirmed,,mnel.277925@guest.booking.com,+44 7957 766280,,"The guest is requesting a room with a bath  Non-Smoking Guest is requesting room with a bath - Do not move Laura   Breakfast costs GBP12.50 per person per night. Children and Extra Bed Policy: Children of any age are allowed. You haven't added any cots. You haven't added any extra beds. The maximum number of guests is 2.  Deposit Policy: The guest will be charged a prepayment of the total price of the reservation at any time.  Cancellation Policy: The guest can cancel free of charge until 5 days before arrival. The guest will be charged the total price of the reservation if they cancel in the 5 days before arrival.  payment_on_Booking.com (Payout type: BankTransfer)  ** THIS RESERVATION HAS BEEN PRE-PAID ** BOOKING NOTE : Payment charge is GBP 1.024  Genius Booker ",,,,,"2026-09-09",,,do not move,
Granby Hotel,2026-09-03T23:13:50,620-800-011,HCK-574-387,5138641795,,MICHAEL,SNOW,"2026-10-03","2026-10-04",1,Single Shared Bathroom,Base Rate,Room 25,,1,0,GBP,28.97,28.97,28.97,0.00,Online,Booking.com,Booking.com,On Account,Confirmed,,msnow.135321@guest.booking.com,+44 7393 835301,,"Genius Rate  Non-Smoking  Promos: Mobile(App) Rate  There is no meal option with this room. Children and Extra Bed Policy: Children of any age are allowed. You haven't added any cots. You haven't added any extra beds. The maximum number of guests is 1.  Deposit Policy: The guest will be charged a prepayment of the total price of the reservation at any time.  Cancellation Policy: The guest can cancel free of charge until 2 days before arrival. The guest will be charged the total price of the reservation if they cancel in the 2 days before arrival.  payment_on_Booking.com (Payout type: BankTransfer)  ** THIS RESERVATION HAS BEEN PRE-PAID ** BOOKING NOTE : Payment charge is GBP 0.46352  Genius Booker ",,,,,"2026-09-03",,,,
The Valley of Rocks Hotel,2026-09-10T14:40:39,636-114-051,ERD-686-344,5265163941,,Allison,Hamilton,"2026-10-03","2026-10-04",1,Standard Single room Ensuite,Base Rate,Room 73,,1,0,GBP,49.00,See 006-049-954,49.00,0.00,Online,Booking.com,Booking.com,On Account,Confirmed,,ahamil.649085@guest.booking.com,+44 7518 788748,,"Group: 5 x Adult, 0 x Child  Non-Smoking  Breakfast costs GBP12.50 per person per night. Children and Extra Bed Policy: Children of any age are allowed. You haven't added any cots. You haven't added any extra beds. The maximum number of guests is 2.  Deposit Policy: The guest will be charged a prepayment of the total price of the reservation at any time.  Cancellation Policy: The guest can cancel free of charge until 5 days before arrival. The guest will be charged the total price of the reservation if they cancel in the 5 days before arrival.  payment_on_Booking.com (Payout type: BankTransfer)  ** THIS RESERVATION HAS BEEN PRE-PAID ** BOOKING NOTE : Payment charge is GBP 2.672 ",,,,,"2026-09-10",,,,
Sea Side Hotel,2026-07-04T19:08:47,669-800-632,XBH-025-036,5250786557,,Laura,Blackburn,"2026-10-03","2026-10-04",1,Standard-Double room-Ensuite,Non Refundable,R215,,2,0,GBP,42.06,42.06,42.06,0.00,Online,Booking.com,Booking.com,On Account,Confirmed,,lblack.202381@guest.booking.com,+44 7757 999909,,"Genius Rate  Non-Smoking  Promos: Mobile(App) Rate  There is no meal option with this room. Children and Extra Bed Policy: Children of any age are allowed. You haven't added any cots. You haven't added any extra beds. The maximum number of guests is 2.  Deposit Policy: The guest will be charged a prepayment of the total price of the reservation at any time.  Cancellation Policy: The guest will be charged the total price of the reservation if they cancel at any time.  payment_on_Booking.com (Payout type: BankTransfer)  ** THIS RESERVATION HAS BEEN PRE-PAID ** BOOKING NOTE : Payment charge is GBP 0.67296  Genius Booker ",,,,,"2026-07-04",,,,
The Valley of Rocks Hotel,2026-09-05T17:27:03,688-641-004,OFW-918-824,5672452969,,Bonnie,Wang,"2026-10-03","2026-10-04",1,Standard Twin room Ensuite,,Room 35,,1,0,GBP,0.00,See 031-025-352,0.00,0.00,Online,Booking.com,Booking.com,On Account,Canceled,,bwang.721039@guest.booking.com,+44 7739 162959,,"Group: 2 x Adult, 0 x Child  Non-Smoking  Breakfast costs GBP12.50 per person per night. Children and Extra Bed Policy: Children of any age are allowed. You haven't added any cots. You haven't added any extra beds. The maximum number of guests is 2.  Deposit Policy: The guest will be charged a prepayment of the total price of the reservation at any time.  Cancellation Policy: The guest can cancel free of charge until 5 days before arrival. The guest will be charged the total price of the reservation if they cancel in the 5 days before arrival.  payment_on_Booking.com (Payout type: BankTransfer)  ** THIS RESERVATION HAS BEEN PRE-PAID ** BOOKING NOTE : Payment charge is GBP 1.968 Approximate time of arrival: between 20:00 and 21:00 This guest would like the rooms in this booking to be close together if possible. We might need to park our car. Is there free parking available?  Genius Booker ",,,,,"2026-09-05",,,,
The Valley of Rocks Hotel,2026-09-13T17:24:27,815-211-551,KBS-146-830,6581790979,,Xuemeng,Wang,"2026-10-03","2026-10-04",1,Standard Twin room Ensuite,Base Rate,Room 35,,1,0,GBP,64.00,123.00,64.00,0.00,Online,Booking.com,Booking.com,On Account,Confirmed,,xwang.404005@guest.booking.com,+86 135 6464 3843,,"Group: 2 x Adult, 0 x Child  Non-Smoking  Breakfast costs GBP12.50 per person per night. Children and Extra Bed Policy: Children of any age are allowed. You haven't added any cots. You haven't added any extra beds. The maximum number of guests is 2.  Deposit Policy: The guest will be charged a prepayment of the total price of the reservation at any time.  Cancellation Policy: The guest can cancel free of charge until 5 days before arrival. The guest will be charged the total price of the reservation if they cancel in the 5 days before arrival.  payment_on_Booking.com (Payout type: BankTransfer)  ** THIS RESERVATION HAS BEEN PRE-PAID ** BOOKING NOTE : Payment charge is GBP 1.968  Genius Booker ",,,,,"2026-09-13",,,,
Sea Side Hotel,2026-08-28T12:35:18,816-614-502,XYV-843-456,6197701494,,Lauren,Skillicorn,"2026-10-03","2026-10-04",1,Sea view-Double room-Ensuite,Base Rate,R206,,2,0,GBP,82.13,See 360-569-434,82.13,0.00,Online,Booking.com,Booking.com,On Account,Confirmed,,lskill.421425@guest.booking.com,+44 7908 225579,,"Group: 6 x Adult, 0 x Child  Genius Rate  Non-Smoking  Promos: Mobile(App) Rate  There is no meal option with this room. Children and Extra Bed Policy: Children of any age are allowed. You haven't added any cots. You haven't added any extra beds. The maximum number of guests is 2.  Deposit Policy: The guest will be charged a prepayment of the total price of the reservation at any time.  Cancellation Policy: The guest can cancel free of charge until 7 days before arrival. The guest will be charged the total price of the reservation if they cancel in the 7 days before arrival.  payment_on_Booking.com (Payout type: BankTransfer)  ** THIS RESERVATION HAS BEEN PRE-PAID ** BOOKING NOTE : Payment charge is GBP 3.6952  Genius Booker ",,,,,"2026-08-28",,,,
The Valley of Rocks Hotel,2026-09-08T18:53:14,828-504-284,BSH-736-822,5892435992,,Geraldine,Addison,"2026-10-03","2026-10-04",1,Standard Twin room Ensuite,Base Rate,Room 10,,2,0,GBP,64.00,64.00,64.00,0.00,Online,Booking.com,Booking.com,On Account,Confirmed,,gaddis.896389@guest.booking.com,+44 7813 812256,,"Non-Smoking  Breakfast costs GBP12.50 per person per night. Children and Extra Bed Policy: Children of any age are allowed. You haven't added any cots. You haven't added any extra beds. The maximum number of guests is 2.  Deposit Policy: The guest will be charged a prepayment of the total price of the reservation at any time.  Cancellation Policy: The guest can cancel free of charge until 5 days before arrival. The guest will be charged the total price of the reservation if they cancel in the 5 days before arrival.  payment_on_Booking.com (Payout type: BankTransfer)  ** THIS RESERVATION HAS BEEN PRE-PAID ** BOOKING NOTE : Payment charge is GBP 1.024  Genius Booker ",,,,,"2026-09-08",,,,
Sea Side Hotel,2026-08-28T12:35:18,849-600-114,XYV-843-456,6197701494,,Lauren,Skillicorn,"2026-10-03","2026-10-04",1,Standard-Double room-Ensuite,Base Rate,R105,,2,0,GBP,74.41,See 360-569-434,74.41,0.00,Online,Booking.com,Booking.com,On Account,Confirmed,,lskill.421425@guest.booking.com,+44 7908 225579,,"Group: 6 x Adult, 0 x Child  Genius Rate  Non-Smoking  Promos: Mobile(App) Rate  There is no meal option with this room. Children and Extra Bed Policy: Children of any age are allowed. You haven't added any cots. You haven't added any extra beds. The maximum number of guests is 2.  Deposit Policy: The guest will be charged a prepayment of the total price of the reservation at any time.  Cancellation Policy: The guest can cancel free of charge until 7 days before arrival. The guest will be charged the total price of the reservation if they cancel in the 7 days before arrival.  payment_on_Booking.com (Payout type: BankTransfer)  ** THIS RESERVATION HAS BEEN PRE-PAID ** BOOKING NOTE : Payment charge is GBP 3.6952  Genius Booker ",,,,,"2026-08-28",,,,
The Valley of Rocks Hotel,2026-09-13T17:24:27,855-911-234,KBS-146-830,6581790979,,Xuemeng,Wang,"2026-10-03","2026-10-04",1,Standard  Double room Ensuite,Base Rate,Room 5,,1,0,GBP,59.00,See 815-211-551,59.00,0.00,Online,Booking.com,Booking.com,On Account,Confirmed,,xwang.404005@guest.booking.com,+86 135 6464 3843,,"Group: 2 x Adult, 0 x Child  Non-Smoking  Breakfast costs GBP12.50 per person per night. Children and Extra Bed Policy: Children of any age are allowed. You haven't added any cots. You haven't added any extra beds. The maximum number of guests is 2.  Deposit Policy: The guest will be charged a prepayment of the total price of the reservation at any time.  Cancellation Policy: The guest can cancel free of charge until 5 days before arrival. The guest will be charged the total price of the reservation if they cancel in the 5 days before arrival.  payment_on_Booking.com (Payout type: BankTransfer)  ** THIS RESERVATION HAS BEEN PRE-PAID ** BOOKING NOTE : Payment charge is GBP 1.968  Genius Booker ",,,,,"2026-09-13",,,,
Sea Side Hotel,2026-01-13T09:20:33,866-361-062,VPV-440-662,5530592358,,Matthew,Scott,"2026-10-03","2026-10-04",1,Standard-Single room-Ensuite,,R103,,1,0,GBP,0.00,0.00,0.00,0.00,Online,Booking.com,Booking.com,On Account,Canceled,,mscott.420279@guest.booking.com,+44 7933 176908,,"Genius Rate  Non-Smoking  Promos: Domestic  There is no meal option with this room. Children and Extra Bed Policy: Children of any age are allowed. You haven't added any cots. You haven't added any extra beds. The maximum number of guests is 1.  Deposit Policy: The guest will be charged a prepayment of the total price of the reservation at any time.  Cancellation Policy: The guest can cancel free of charge until 7 days before arrival. The guest will be charged the total price of the reservation if they cancel in the 7 days before arrival.  payment_on_Booking.com (Payout type: BankTransfer)  ** THIS RESERVATION HAS BEEN PRE-PAID ** BOOKING NOTE : Payment charge is GBP 0.62016  Genius Booker ",,,,,"2026-01-13",,,,
Sea Side Hotel,2026-03-28T15:55:46,882-359-942,AMG-028-525,6200396228,,Cindy,Graves,"2026-10-03","2026-10-04",1,Standard-Double room-Ensuite,Base Rate,R214,,2,0,GBP,50.07,50.07,50.07,0.00,Online,Booking.com,Booking.com,On Account,Confirmed,,cgrave.535642@guest.booking.com,+44 7766 547760,,"Genius Rate  Non-Smoking  Promos: Domestic  There is no meal option with this room. Children and Extra Bed Policy: Children of any age are allowed. You haven't added any cots. You haven't added any extra beds. The maximum number of guests is 2.  Deposit Policy: The guest will be charged a prepayment of the total price of the reservation at any time.  Cancellation Policy: The guest can cancel free of charge until 7 days before arrival. The guest will be charged the total price of the reservation if they cancel in the 7 days before arrival.  payment_on_Booking.com (Payout type: BankTransfer)  ** THIS RESERVATION HAS BEEN PRE-PAID ** BOOKING NOTE : Payment charge is GBP 0.80112  Genius Booker ",,,,,"2026-03-28",,,"don,t move the guest requested balcony",
The Valley of Rocks Hotel,2026-09-05T17:32:22,001-595-951,XFE-398-121,5565332700,,Xuemeng,Wang,"2026-10-04","2026-10-05",1,Standard  Double room Ensuite,,Room 5,,1,0,GBP,0.00,0.00,0.00,0.00,Online,Booking.com,Booking.com,On Account,Canceled,,xwang.230981@guest.booking.com,+44 7739 162959,,"Group: 2 x Adult, 0 x Child  Non-Smoking  Breakfast costs GBP12.50 per person per night. Children and Extra Bed Policy: Children of any age are allowed. You haven't added any cots. You haven't added any extra beds. The maximum number of guests is 2.  Deposit Policy: The guest will be charged a prepayment of the total price of the reservation at any time.  Cancellation Policy: The guest can cancel free of charge until 5 days before arrival. The guest will be charged the total price of the reservation if they cancel in the 5 days before arrival.  payment_on_Booking.com (Payout type: BankTransfer)  ** THIS RESERVATION HAS BEEN PRE-PAID ** Approximate time of arrival: between 20:00 and 21:00 This guest would like the rooms in this booking to be close together if possible. BOOKING NOTE : Payment charge is GBP 1.808  Genius Booker ",,,,,"2026-09-05",,,,
The Valley of Rocks Hotel,2026-09-09T22:51:25,204-486-564,OZC-897-945,6550280197,,Natalia,Lankiewicz,"2026-10-04","2026-10-05",1,Standard  Double room Ensuite,Base Rate,Room 50,,2,0,GBP,54.00,54.00,54.00,0.00,Online,Booking.com,Booking.com,On Account,Confirmed,,nlanki.561416@guest.booking.com,+44 7568 205904,,"Non-Smoking  Breakfast costs GBP12.50 per person per night. Children and Extra Bed Policy: Children of any age are allowed. You haven't added any cots. You haven't added any extra beds. The maximum number of guests is 2.  Deposit Policy: The guest will be charged a prepayment of the total price of the reservation at any time.  Cancellation Policy: The guest can cancel free of charge until 5 days before arrival. The guest will be charged the total price of the reservation if they cancel in the 5 days before arrival.  payment_on_Booking.com (Payout type: BankTransfer)  ** THIS RESERVATION HAS BEEN PRE-PAID ** BOOKING NOTE : Payment charge is GBP 0.864  Genius Booker ",,,,,"2026-09-09",,,,
Harbour Stays,2026-06-06T17:34:32,249-265-531,RCZ-242-430,6490717013,,Christopher,Wylie,"2026-10-04","2026-10-07",3,Three  Bedroom-Apartment-Private Bathroom,Base Rate,Flat 3 ,,3,0,GBP,196.83,196.83,196.83,0.00,Online,Booking.com,Booking.com,On Account,Confirmed,,cwylie.105129@guest.booking.com,+44 7864 808166,,"payment_on_Booking.com (Payout type: BankTransfer)  Non-Smoking  ** THIS RESERVATION HAS BEEN PRE-PAID ** BOOKING NOTE : Payment charge is GBP 3.14928  Genius Booker  Genius Rate  Promos: Early Booker Deal  There is no meal option with this room. Children and Extra Bed Policy: Children of any age are allowed. You haven't added any cots. You haven't added any extra beds. The maximum number of guests is 6.  Deposit Policy: The guest will be charged a prepayment of the total price of the reservation at any time.  Cancellation Policy: The guest can cancel free of charge until 7 days before arrival. The guest will be charged the total price of the reservation if they cancel in the 7 days before arrival.",,,,,"2026-06-06",,,,
The Valley of Rocks Hotel,2026-09-13T17:30:09,261-569-331,JYI-351-623,5470450014,,Xuemeng,Wang,"2026-10-04","2026-10-05",1,Standard Twin room Ensuite,Base Rate,Room 10,,1,0,GBP,59.00,113.00,59.00,0.00,Online,Booking.com,Booking.com,On Account,Confirmed,,nwlmqd.257038@guest.booking.com,+86 135 6464 3843,,"Group: 2 x Adult, 0 x Child  Non-Smoking  Breakfast costs GBP12.50 per person per night. Children and Extra Bed Policy: Children of any age are allowed. You haven't added any cots. You haven't added any extra beds. The maximum number of guests is 2.  Deposit Policy: The guest will be charged a prepayment of the total price of the reservation at any time.  Cancellation Policy: The guest can cancel free of charge until 5 days before arrival. The guest will be charged the total price of the reservation if they cancel in the 5 days before arrival.  payment_on_Booking.com (Payout type: BankTransfer)  ** THIS RESERVATION HAS BEEN PRE-PAID ** BOOKING NOTE : Payment charge is GBP 1.808  Genius Booker ",,,,,"2026-09-13",,,,
The Valley of Rocks Hotel,2026-09-05T17:32:22,463-023-822,XFE-398-121,5565332700,,Xuemeng,Wang,"2026-10-04","2026-10-05",1,Standard Twin room Ensuite,,Room 10,,1,0,GBP,0.00,See 001-595-951,0.00,0.00,Online,Booking.com,Booking.com,On Account,Canceled,,xwang.230981@guest.booking.com,+44 7739 162959,,"Group: 2 x Adult, 0 x Child  Non-Smoking  Breakfast costs GBP12.50 per person per night. Children and Extra Bed Policy: Children of any age are allowed. You haven't added any cots. You haven't added any extra beds. The maximum number of guests is 2.  Deposit Policy: The guest will be charged a prepayment of the total price of the reservation at any time.  Cancellation Policy: The guest can cancel free of charge until 5 days before arrival. The guest will be charged the total price of the reservation if they cancel in the 5 days before arrival.  payment_on_Booking.com (Payout type: BankTransfer)  ** THIS RESERVATION HAS BEEN PRE-PAID ** Approximate time of arrival: between 20:00 and 21:00 This guest would like the rooms in this booking to be close together if possible. BOOKING NOTE : Payment charge is GBP 1.808  Genius Booker ",,,,,"2026-09-05",,,,
The Valley of Rocks Hotel,2026-09-13T17:30:09,929-301-251,JYI-351-623,5470450014,,Xuemeng,Wang,"2026-10-04","2026-10-05",1,Standard  Double room Ensuite,Base Rate,Room 5,,1,0,GBP,54.00,See 261-569-331,54.00,0.00,Online,Booking.com,Booking.com,On Account,Confirmed,,nwlmqd.257038@guest.booking.com,+86 135 6464 3843,,"Group: 2 x Adult, 0 x Child  Non-Smoking  Breakfast costs GBP12.50 per person per night. Children and Extra Bed Policy: Children of any age are allowed. You haven't added any cots. You haven't added any extra beds. The maximum number of guests is 2.  Deposit Policy: The guest will be charged a prepayment of the total price of the reservation at any time.  Cancellation Policy: The guest can cancel free of charge until 5 days before arrival. The guest will be charged the total price of the reservation if they cancel in the 5 days before arrival.  payment_on_Booking.com (Payout type: BankTransfer)  ** THIS RESERVATION HAS BEEN PRE-PAID ** BOOKING NOTE : Payment charge is GBP 1.808  Genius Booker ",,,,,"2026-09-13",,,,
Sea Side Hotel,2026-07-23T05:19:02,092-038-201,EXI-823-093,5129863783,,Cai,Jones,"2026-10-05","2026-10-11",6,Standard-Double room-Ensuite,,R214,,2,0,GBP,0.00,0.00,0.00,0.00,Online,Booking.com,Booking.com,On Account,Canceled,,cjones.112480@guest.booking.com,+44 7394 269335,,"Genius Rate  Non-Smoking  Promos: Domestic  There is no meal option with this room. Children and Extra Bed Policy: Children of any age are allowed. You haven't added any cots. You haven't added any extra beds. The maximum number of guests is 2.  Deposit Policy: The guest will be charged a prepayment of the total price of the reservation at any time.  Cancellation Policy: The guest can cancel free of charge until 7 days before arrival. The guest will be charged the total price of the reservation if they cancel in the 7 days before arrival.  payment_on_Booking.com (Payout type: BankTransfer)  ** THIS RESERVATION HAS BEEN PRE-PAID ** Approximate time of arrival: between 15:00 and 16:00 BOOKING NOTE : Payment charge is GBP 3.96064  Genius Booker ",,,,,"2026-07-23",,,,
The Valley of Rocks Hotel,2026-07-01T19:42:45,221-949-141,FNO-569-956,5873103952,,Jan,Sorrell,"2026-10-05","2026-10-07",2,Standard Twin room Ensuite-Sea view,Base Rate,Room 20,,2,0,GBP,128.00,128.00,128.00,0.00,Online,Booking.com,Booking.com,On Account,Confirmed,,jsorre.708947@guest.booking.com,+44 7790 580589,,"Non-Smoking  Breakfast costs GBP12.50 per person per night. Children and Extra Bed Policy: Children of any age are allowed. You haven't added any cots. You haven't added any extra beds. The maximum number of guests is 2.  Deposit Policy: The guest will be charged a prepayment of the total price of the reservation at any time.  Cancellation Policy: The guest can cancel free of charge until 5 days before arrival. The guest will be charged the total price of the reservation if they cancel in the 5 days before arrival.  payment_on_Booking.com (Payout type: BankTransfer)  ** THIS RESERVATION HAS BEEN PRE-PAID ** BOOKING NOTE : Payment charge is GBP 2.048 Approximate time of arrival: between 15:00 and 16:00 ",,,,,"2026-07-01",,,,
The Valley of Rocks Hotel,2026-08-04T11:58:33,285-564-504,LHX-381-093,5596542882,,Tracy,Pettitt,"2026-10-05","2026-10-08",3,Superior Double room Ensuite,Base Rate,Room 22,,2,0,GBP,192.00,192.00,192.00,0.00,Online,Booking.com,Booking.com,On Account,Confirmed,,tpetti.986013@guest.booking.com,+44 448382268,,"Non-Smoking  Breakfast costs GBP12.50 per person per night. Children and Extra Bed Policy: Children of any age are allowed. You haven't added any cots. You haven't added any extra beds. The maximum number of guests is 2.  Deposit Policy: The guest will be charged a prepayment of the total price of the reservation at any time.  Cancellation Policy: The guest can cancel free of charge until 5 days before arrival. The guest will be charged the total price of the reservation if they cancel in the 5 days before arrival.  payment_on_Booking.com (Payout type: BankTransfer)  ** THIS RESERVATION HAS BEEN PRE-PAID ** BOOKING NOTE : Payment charge is GBP 3.072  Genius Booker ",,,,,"2026-08-04",,,,
Granby Hotel,2026-09-14T20:45:34,341-844-481,GHI-135-218,6901512644,,Paul,Stimson,"2026-10-05","2026-10-08",3,Standard Double,Base Rate,Room 21,,2,0,GBP,90.97,90.97,90.97,0.00,Online,Booking.com,Booking.com,On Account,Confirmed,,pstims.746183@guest.booking.com,+44 7738 066550,,"Genius Rate  Non-Smoking  Promos: Mobile(App) Rate  There is no meal option with this room. Children and Extra Bed Policy: Children of any age are allowed. You haven't added any cots. You haven't added any extra beds. The maximum number of guests is 2.  Deposit Policy: The guest will be charged a prepayment of the total price of the reservation at any time.  Cancellation Policy: The guest can cancel free of charge until 2 days before arrival. The guest will be charged the total price of the reservation if they cancel in the 2 days before arrival.  payment_on_Booking.com (Payout type: BankTransfer)  ** THIS RESERVATION HAS BEEN PRE-PAID ** BOOKING NOTE : Payment charge is GBP 1.45552  Genius Booker ",,,,,"2026-09-14",,,,
Granby Hotel,2026-09-06T18:40:28,388-939-114,CZR-532-290,6176623011,,Tom,Glenn,"2026-10-05","2026-10-07",2,Double Shared Bathroom,Base Rate,Room 23,,2,0,GBP,63.00,63.00,63.00,0.00,Online,Booking.com,Booking.com,On Account,Confirmed,,tglenn.380293@guest.booking.com,+44 7454 641303,,"Non-Smoking  Promos: Mobile(App) Rate  There is no meal option with this room. Children and Extra Bed Policy: Children of any age are allowed. You haven't added any cots. You haven't added any extra beds. The maximum number of guests is 2.  Deposit Policy: The guest will be charged a prepayment of the total price of the reservation at any time.  Cancellation Policy: The guest can cancel free of charge until 2 days before arrival. The guest will be charged the total price of the reservation if they cancel in the 2 days before arrival.  payment_on_Booking.com (Payout type: BankTransfer)  ** THIS RESERVATION HAS BEEN PRE-PAID ** BOOKING NOTE : Payment charge is GBP 1.008  Genius Booker ",,,,,"2026-09-06",,,,
Sea Side Hotel,2026-08-03T16:04:47,489-542-044,ZCR-063-240,6622884515,,Martin,Pullen,"2026-10-05","2026-10-06",1,Standard-Double room-Ensuite,Base Rate,R215,,1,0,GBP,32.32,32.32,32.32,0.00,Online,Booking.com,Booking.com,On Account,Confirmed,,mpulle.991258@guest.booking.com,+44 7770 441201,,"Genius Rate  Non-Smoking  Promos: Domestic  There is no meal option with this room. Children and Extra Bed Policy: Children of any age are allowed. You haven't added any cots. You haven't added any extra beds. The maximum number of guests is 2.  Deposit Policy: The guest will be charged a prepayment of the total price of the reservation at any time.  Cancellation Policy: The guest can cancel free of charge until 7 days before arrival. The guest will be charged the total price of the reservation if they cancel in the 7 days before arrival.  payment_on_Booking.com (Payout type: BankTransfer)  ** THIS RESERVATION HAS BEEN PRE-PAID ** BOOKING NOTE : Payment charge is GBP 0.51712  Genius Booker ",,,,,"2026-08-03",,,,
The Valley of Rocks Hotel,2026-09-11T08:34:06,514-808-264,ZBR-026-881,6277594688,,Rudi,van der Hooft,"2026-10-05","2026-10-06",1,Standard  Double room Ensuite,Base Rate,Room 50,,1,0,GBP,54.00,54.00,54.00,0.00,Online,Booking.com,Booking.com,On Account,Confirmed,,rhooft.565594@guest.booking.com,+44 7768 505413,,"Non-Smoking  Breakfast costs GBP12.50 per person per night. Children and Extra Bed Policy: Children of any age are allowed. You haven't added any cots. You haven't added any extra beds. The maximum number of guests is 2.  Deposit Policy: The guest will be charged a prepayment of the total price of the reservation at any time.  Cancellation Policy: The guest can cancel free of charge until 5 days before arrival. The guest will be charged the total price of the reservation if they cancel in the 5 days before arrival.  payment_on_Booking.com (Payout type: BankTransfer)  ** THIS RESERVATION HAS BEEN PRE-PAID ** BOOKING NOTE : Payment charge is GBP 0.864  Genius Booker ",,,,,"2026-09-11",,,,
Granby Hotel,2026-09-05T19:36:21,521-904-262,CQT-940-487,5677328758,,Tom,Glenn,"2026-10-05","2026-10-07",2,Double Shared Bathroom,,Room 23,,2,0,GBP,0.00,0.00,0.00,0.00,Online,Booking.com,Booking.com,On Account,Canceled,,tglenn.206637@guest.booking.com,+44 7454 641303,,"Non-Smoking  Promos: Mobile(App) Rate  There is no meal option with this room. Children and Extra Bed Policy: Children of any age are allowed. You haven't added any cots. You haven't added any extra beds. The maximum number of guests is 2.  Deposit Policy: The guest will be charged a prepayment of the total price of the reservation at any time.  Cancellation Policy: The guest can cancel free of charge until 2 days before arrival. The guest will be charged the total price of the reservation if they cancel in the 2 days before arrival.  payment_on_Booking.com (Payout type: BankTransfer)  ** THIS RESERVATION HAS BEEN PRE-PAID ** BOOKING NOTE : Payment charge is GBP 1.008  Genius Booker ",,,,,"2026-09-05",,,,
The Valley of Rocks Hotel,2026-08-26T04:49:06,666-669-351,PKF-319-394,5833332695,,Sylvia,Hadley,"2026-10-05","2026-10-07",2,Standard  Double room Ensuite,Base Rate,Room 5,,1,0,GBP,97.20,97.20,97.20,0.00,Online,Booking.com,Booking.com,On Account,Confirmed,,shadle.801264@guest.booking.com,+61 477 412 247,,"Non-Smoking  Promos: International  Breakfast costs GBP12.50 per person per night. Children and Extra Bed Policy: Children of any age are allowed. You haven't added any cots. You haven't added any extra beds. The maximum number of guests is 2.  Deposit Policy: The guest will be charged a prepayment of the total price of the reservation at any time.  Cancellation Policy: The guest can cancel free of charge until 5 days before arrival. The guest will be charged the total price of the reservation if they cancel in the 5 days before arrival.  payment_on_Booking.com (Payout type: BankTransfer)  ** THIS RESERVATION HAS BEEN PRE-PAID ** BOOKING NOTE : Payment charge is GBP 1.5552  Genius Booker ",,,,,"2026-08-26",,,,
The Valley of Rocks Hotel,2026-08-19T21:36:00,083-293-282,JCY-323-965,6403867375,,Colin,Cleverly,"2026-10-06","2026-10-09",3,Standard Single room Ensuite,Base Rate,Room 62,,1,0,GBP,147.00,147.00,147.00,0.00,Online,Booking.com,Booking.com,On Account,Confirmed,,ccleve.639585@guest.booking.com,+44 1344 538501,,"Non-Smoking  Breakfast costs GBP12.50 per person per night. Children and Extra Bed Policy: Children of any age are allowed. You haven't added any cots. You haven't added any extra beds. The maximum number of guests is 1.  Deposit Policy: The guest will be charged a prepayment of the total price of the reservation at any time.  Cancellation Policy: The guest can cancel free of charge until 5 days before arrival. The guest will be charged the total price of the reservation if they cancel in the 5 days before arrival.  payment_on_Booking.com (Payout type: BankTransfer)  ** THIS RESERVATION HAS BEEN PRE-PAID ** BOOKING NOTE : Payment charge is GBP 2.352 Approximate time of arrival: between 15:00 and 16:00  Genius Booker ",,,,,"2026-08-19",,,,
The Valley of Rocks Hotel,2026-08-25T12:48:46,109-252-112,XUP-939-064,5623591478,,Amanda,Court,"2026-10-06","2026-10-08",2,Standard Double room Ensuite-Sea view,Base Rate,Room 51,,2,0,GBP,118.00,118.00,118.00,0.00,Online,Booking.com,Booking.com,On Account,Confirmed,,acourt.719431@guest.booking.com,+44 7738 604271,,"Non-Smoking  Breakfast costs GBP12.50 per person per night. Children and Extra Bed Policy: Children of any age are allowed. You haven't added any cots. You haven't added any extra beds. The maximum number of guests is 2.  Deposit Policy: The guest will be charged a prepayment of the total price of the reservation at any time.  Cancellation Policy: The guest can cancel free of charge until 5 days before arrival. The guest will be charged the total price of the reservation if they cancel in the 5 days before arrival.  payment_on_Booking.com (Payout type: BankTransfer)  ** THIS RESERVATION HAS BEEN PRE-PAID ** BOOKING NOTE : Payment charge is GBP 1.888 Approximate time of arrival: between 15:00 and 16:00  Genius Booker ",,,,,"2026-08-25",,,,
The Valley of Rocks Hotel,2026-07-06T18:15:07,329-536-264,YZD-920-682,6759933486,,Janice,Jacobs,"2026-10-06","2026-10-08",2,Standard Twin room Ensuite-Sea view,Base Rate,Room 28,,2,0,GBP,140.00,128.00,128.00,12.00,Online,Booking.com,Booking.com,On Account,Confirmed,,jjacob.681437@guest.booking.com,+44 7852 633091,,"Booked parking for 2 nights   Non-Smoking  Breakfast costs GBP12.50 per person per night. Children and Extra Bed Policy: Children of any age are allowed. You haven't added any cots. You haven't added any extra beds. The maximum number of guests is 2.  Deposit Policy: The guest will be charged a prepayment of the total price of the reservation at any time.  Cancellation Policy: The guest can cancel free of charge until 5 days before arrival. The guest will be charged the total price of the reservation if they cancel in the 5 days before arrival.  payment_on_Booking.com (Payout type: BankTransfer)  ** THIS RESERVATION HAS BEEN PRE-PAID ** BOOKING NOTE : Payment charge is GBP 2.048  Genius Booker ",,,,,"2026-07-06",,,,
The Valley of Rocks Hotel,2026-08-22T10:01:17,863-202-522,NXS-660-755,,,Jenny,Wilkinson,"2026-10-06","2026-10-09",3,Standard Single room Ensuite,Base Rate,Room 19,,1,0,GBP,135.24,0.00,135.24,0.00,Direct,,,On Account,Confirmed,,,,,Jenny Plumtree - frequent flyer POA - LW,,WinWinHotels,,11.76000,"2026-08-22",,,,
Sea Side Hotel,2026-08-10T22:16:11,004-395-651,WYM-268-830,5012665504,,James,Pilling,"2026-10-07","2026-10-09",2,Sea view-Single room-Ensuite,Base Rate,R107,,1,0,GBP,62.01,124.02,62.01,0.00,Online,Booking.com,Booking.com,On Account,Confirmed,,jpilli.956836@guest.booking.com,+44 7423 206921,,"Group: 2 x Adult, 0 x Child  Genius Rate  Non-Smoking  Promos: Early Booker Deal  There is no meal option with this room. Children and Extra Bed Policy: Children of any age are allowed. You haven't added any cots. You haven't added any extra beds. The maximum number of guests is 1.  Deposit Policy: The guest will be charged a prepayment of the total price of the reservation at any time.  Cancellation Policy: The guest can cancel free of charge until 7 days before arrival. The guest will be charged the total price of the reservation if they cancel in the 7 days before arrival.  payment_on_Booking.com (Payout type: BankTransfer)  ** THIS RESERVATION HAS BEEN PRE-PAID ** BOOKING NOTE : Payment charge is GBP 1.98432 Approximate time of arrival: between 15:00 and 16:00  Genius Booker ",,,,,"2026-08-10",,,,
The Valley of Rocks Hotel,2026-09-17T13:54:13,111-094-814,VCT-124-884,,,Joyce,Cook,"2026-10-07","2026-10-09",2,Standard Single room Ensuite,Base Rate,Room 27,,1,0,GBP,90.00,90.00,90.00,0.00,Direct,,,On Account,Confirmed,,,+447907773993,,Local lady staying RAS like room 19 so if the room come available please move RAS,,,,,"2026-09-17",,,,
The Valley of Rocks Hotel,2026-08-31T12:23:28,242-460-564,LVP-157-902,,,Pauline,Padfield,"2026-10-07","2026-10-09",2,Superior Double room Ensuite,Base Rate,Room 80,,1,0,GBP,108.56,0.00,108.56,0.00,Direct,,,On Account,Confirmed,,paulinepadfield6@gmail.com,+441643709658,,"POA - Laura Guest came to hotel to have a look around and chose this room.  ",,,,,"2026-08-31",,,"don,t move the guest requested balcony",
The Valley of Rocks Hotel,2026-09-14T12:08:30,345-291-281,OLA-876-555,6261957632,,Michelle,Gray,"2026-10-07","2026-10-09",2,Standard Double room Ensuite-Sea view,Base Rate,Room 52,,2,0,GBP,118.00,118.00,118.00,0.00,Online,Booking.com,Booking.com,On Account,Confirmed,,mgray.769070@guest.booking.com,+44 7392 694633,,"Non-Smoking  Breakfast costs GBP12.50 per person per night. Children and Extra Bed Policy: Children of any age are allowed. You haven't added any cots. You haven't added any extra beds. The maximum number of guests is 2.  Deposit Policy: The guest will be charged a prepayment of the total price of the reservation at any time.  Cancellation Policy: The guest can cancel free of charge until 5 days before arrival. The guest will be charged the total price of the reservation if they cancel in the 5 days before arrival.  payment_on_Booking.com (Payout type: BankTransfer)  ** THIS RESERVATION HAS BEEN PRE-PAID ** BOOKING NOTE : Payment charge is GBP 1.888  Genius Booker ",,,,,"2026-09-14",,,,
The Valley of Rocks Hotel,2026-08-29T01:04:39,542-096-811,ALQ-698-443,6252157638,,Hannah,Beck,"2026-10-07","2026-10-09",2,Standard Twin room Ensuite,Base Rate,Room 10,,2,0,GBP,118.00,118.00,118.00,0.00,Online,Booking.com,Booking.com,On Account,Confirmed,,hbeck.699553@guest.booking.com,+44 7592 796040,,"Non-Smoking  Breakfast costs GBP12.50 per person per night. Children and Extra Bed Policy: Children of any age are allowed. You haven't added any cots. You haven't added any extra beds. The maximum number of guests is 2.  Deposit Policy: The guest will be charged a prepayment of the total price of the reservation at any time.  Cancellation Policy: The guest can cancel free of charge until 5 days before arrival. The guest will be charged the total price of the reservation if they cancel in the 5 days before arrival.  payment_on_Booking.com (Payout type: BankTransfer)  ** THIS RESERVATION HAS BEEN PRE-PAID ** BOOKING NOTE : Payment charge is GBP 1.888  Genius Booker ",,,,,"2026-08-29",,,,
Granby Hotel,2026-08-15T13:52:07,633-590-864,BPN-613-098,5997752637,,Craig,Farnell,"2026-10-07","2026-10-09",2,Standard Twin,,Room 12,,2,0,GBP,0.00,0.00,0.00,0.00,Online,Booking.com,Booking.com,On Account,Canceled,,cfarne.566837@guest.booking.com,+44 7394 876914,,"payment_on_Booking.com (Payout type: BankTransfer)  Non-Smoking  ** THIS RESERVATION HAS BEEN PRE-PAID ** BOOKING NOTE : Payment charge is GBP 1.27296  Genius Booker  Genius Rate  Promos: Mobile(App) Rate  There is no meal option with this room. Children and Extra Bed Policy: Children of any age are allowed. You haven't added any cots. You haven't added any extra beds. The maximum number of guests is 2.  Deposit Policy: The guest will be charged a prepayment of the total price of the reservation at any time.  Cancellation Policy: The guest can cancel free of charge until 2 days before arrival. The guest will be charged the total price of the reservation if they cancel in the 2 days before arrival.",,,,,"2026-08-15",,,,
Granby Hotel,2026-09-17T12:33:49,694-380-981,LUX-953-397,6138161786,,Anthony,Purcell,"2026-10-07","2026-10-08",1,Standard Single,Base Rate,Room 17,,1,0,GBP,25.52,25.52,25.52,0.00,Online,Booking.com,Booking.com,On Account,Confirmed,,apurce.973474@guest.booking.com,+44 7505 005223,,"Genius Rate  Non-Smoking  Promos: Mobile(App) Rate  There is no meal option with this room. Children and Extra Bed Policy: Children of any age are allowed. You haven't added any cots. You haven't added any extra beds. The maximum number of guests is 1.  Deposit Policy: The guest will be charged a prepayment of the total price of the reservation at any time.  Cancellation Policy: The guest can cancel free of charge until 2 days before arrival. The guest will be charged the total price of the reservation if they cancel in the 2 days before arrival.  payment_on_Booking.com (Payout type: BankTransfer)  ** THIS RESERVATION HAS BEEN PRE-PAID ** BOOKING NOTE : Payment charge is GBP 0.40832  Genius Booker ",,,,,"2026-09-17",,,,
Granby Hotel,2026-09-05T12:14:39,832-913-232,XAV-450-450,5254569069,,John,Ross,"2026-10-07","2026-10-10",3,Standard Single,Base Rate,Room 8,,1,0,GBP,79.86,79.86,79.86,0.00,Online,Booking.com,Booking.com,On Account,Confirmed,,jross.358077@guest.booking.com,+44 7885 525782,,"Genius Rate  Non-Smoking  Promos: Mobile(App) Rate  There is no meal option with this room. Children and Extra Bed Policy: Children of any age are allowed. You haven't added any cots. You haven't added any extra beds. The maximum number of guests is 1.  Deposit Policy: The guest will be charged a prepayment of the total price of the reservation at any time.  Cancellation Policy: The guest can cancel free of charge until 2 days before arrival. The guest will be charged the total price of the reservation if they cancel in the 2 days before arrival.  payment_on_Booking.com (Payout type: BankTransfer)  ** THIS RESERVATION HAS BEEN PRE-PAID ** BOOKING NOTE : Payment charge is GBP 1.27776  Genius Booker ",,,,,"2026-09-05",,,,
Sea Side Hotel,2026-08-10T22:16:11,926-290-544,WYM-268-830,5012665504,,James,Pilling,"2026-10-07","2026-10-09",2,Sea view-Single room-Ensuite,Base Rate,R207,,1,0,GBP,62.01,See 004-395-651,62.01,0.00,Online,Booking.com,Booking.com,On Account,Confirmed,,jpilli.956836@guest.booking.com,+44 7423 206921,,"Group: 2 x Adult, 0 x Child  Genius Rate  Non-Smoking  Promos: Early Booker Deal  There is no meal option with this room. Children and Extra Bed Policy: Children of any age are allowed. You haven't added any cots. You haven't added any extra beds. The maximum number of guests is 1.  Deposit Policy: The guest will be charged a prepayment of the total price of the reservation at any time.  Cancellation Policy: The guest can cancel free of charge until 7 days before arrival. The guest will be charged the total price of the reservation if they cancel in the 7 days before arrival.  payment_on_Booking.com (Payout type: BankTransfer)  ** THIS RESERVATION HAS BEEN PRE-PAID ** BOOKING NOTE : Payment charge is GBP 1.98432 Approximate time of arrival: between 15:00 and 16:00  Genius Booker ",,,,,"2026-08-10",,,,
Granby Hotel,2025-10-06T19:00:10,209-409-892,AOM-516-982,6803040015,,Aaron,Rattray,"2026-10-08","2026-10-13",5,Standard Single,,Room 8,,1,0,GBP,0.00,0.00,0.00,0.00,Online,Booking.com,Booking.com,On Account,Canceled,,arattr.975857@guest.booking.com,+44 949990935,,"Genius Rate  Non-Smoking  Promos: Mobile(App) Rate  There is no meal option with this room. Children and Extra Bed Policy: Children of any age are allowed. You haven't added any cots. You haven't added any extra beds. The maximum number of guests is 1.  Deposit Policy: The guest will be charged a prepayment of the total price of the reservation at any time.  Cancellation Policy: The guest can cancel free of charge until 2 days before arrival. The guest will be charged the total price of the reservation if they cancel in the 2 days before arrival.  payment_on_Booking.com (Payout type: BankTransfer)  ** THIS RESERVATION HAS BEEN PRE-PAID ** BOOKING NOTE : Payment charge is GBP 2.57056  Genius Booker ",,,,,"2025-10-06",,,,
The Valley of Rocks Hotel,2026-09-02T21:22:16,385-024-601,TDQ-178-829,6592235634,,Antonio,Calabrese,"2026-10-08","2026-10-09",1,Standard Double room Ensuite-Sea view,Base Rate,Room 51,,2,0,GBP,59.00,59.00,59.00,0.00,Online,Booking.com,Booking.com,On Account,Confirmed,,acalab.395289@guest.booking.com,+44 7462 134192,,"Non-Smoking  Breakfast costs GBP12.50 per person per night. Children and Extra Bed Policy: Children of any age are allowed. You haven't added any cots. You haven't added any extra beds. The maximum number of guests is 2.  Deposit Policy: The guest will be charged a prepayment of the total price of the reservation at any time.  Cancellation Policy: The guest can cancel free of charge until 5 days before arrival. The guest will be charged the total price of the reservation if they cancel in the 5 days before arrival.  payment_on_Booking.com (Payout type: BankTransfer)  ** THIS RESERVATION HAS BEEN PRE-PAID ** BOOKING NOTE : Payment charge is GBP 0.944  Genius Booker ",,,,,"2026-09-02",,,,
The Valley of Rocks Hotel,2026-08-07T17:13:47,451-040-461,ECQ-446-759,6523246407,,Steven,Warren,"2026-10-08","2026-10-09",1,Standard Single room Ensuite,Base Rate,Room 14,,1,0,GBP,49.00,49.00,49.00,0.00,Online,Booking.com,Booking.com,On Account,Confirmed,,swarre.941792@guest.booking.com,+44 7496 246242,,"Non-Smoking  Breakfast costs GBP12.50 per person per night. Children and Extra Bed Policy: Children of any age are allowed. You haven't added any cots. You haven't added any extra beds. The maximum number of guests is 1.  Deposit Policy: The guest will be charged a prepayment of the total price of the reservation at any time.  Cancellation Policy: The guest can cancel free of charge until 5 days before arrival. The guest will be charged the total price of the reservation if they cancel in the 5 days before arrival.  payment_on_Booking.com (Payout type: BankTransfer)  ** THIS RESERVATION HAS BEEN PRE-PAID ** Approximate time of arrival: between 17:00 and 18:00 BOOKING NOTE : Payment charge is GBP 0.784  Genius Booker ",,,,,"2026-08-07",,,,
Granby Hotel,2026-08-15T19:45:52,495-895-051,BWO-633-662,5403483232,,mike,burns,"2026-10-08","2026-10-10",2,Single Shared Bathroom,,Room 16,,1,0,GBP,0.00,0.00,0.00,0.00,Online,Booking.com,Booking.com,On Account,Canceled,,mburns.551234@guest.booking.com,+44 7803 091835,,"payment_on_Booking.com (Payout type: BankTransfer)  Non-Smoking  ** THIS RESERVATION HAS BEEN PRE-PAID ** BOOKING NOTE : Payment charge is GBP 1.63664  Genius Booker  Genius Rate  Promos: Mobile(App) Rate  There is no meal option with this room. Children and Extra Bed Policy: Children of any age are allowed. You haven't added any cots. You haven't added any extra beds. The maximum number of guests is 1.  Deposit Policy: The guest will be charged a prepayment of the total price of the reservation at any time.  Cancellation Policy: The guest can cancel free of charge until 2 days before arrival. The guest will be charged the total price of the reservation if they cancel in the 2 days before arrival.",,,,,"2026-08-15",,,,
Sea Side Hotel,2026-05-24T09:56:23,610-266-452,AEM-395-962,5609175475,,Rachel,Crowe,"2026-10-08","2026-10-09",1,Sea view-Triple room-Ensuite,Base Rate,R108,,3,0,GBP,44.16,44.16,44.16,0.00,Online,Booking.com,Booking.com,On Account,Confirmed,,rcrowe.856054@guest.booking.com,+44 7929 862871,,"Genius Rate  Non-Smoking  Promos: Domestic  There is no meal option with this room. Children and Extra Bed Policy: Children of any age are allowed. You haven't added any cots. You haven't added any extra beds. The maximum number of guests is 3.  Deposit Policy: The guest will be charged a prepayment of the total price of the reservation at any time.  Cancellation Policy: The guest can cancel free of charge until 7 days before arrival. The guest will be charged the total price of the reservation if they cancel in the 7 days before arrival.  payment_on_Booking.com (Payout type: BankTransfer)  ** THIS RESERVATION HAS BEEN PRE-PAID ** BOOKING NOTE : Payment charge is GBP 0.70656  Genius Booker ",,,,,"2026-05-24",,,,
Sea Side Hotel,2026-09-08T17:34:47,651-154-964,RRL-647-950,5059936351,,mills,jason,"2026-10-08","2026-10-10",2,Standard-Double room-Ensuite,Base Rate,R215,,1,0,GBP,127.58,127.58,127.58,0.00,Online,Booking.com,Booking.com,On Account,Confirmed,,mjason.222238@guest.booking.com,+44 7553 091343,,"Genius Rate  Non-Smoking  Promos: Mobile(App) Rate  There is no meal option with this room. Children and Extra Bed Policy: Children of any age are allowed. You haven't added any cots. You haven't added any extra beds. The maximum number of guests is 2.  Deposit Policy: The guest will be charged a prepayment of the total price of the reservation at any time.  Cancellation Policy: The guest can cancel free of charge until 7 days before arrival. The guest will be charged the total price of the reservation if they cancel in the 7 days before arrival.  payment_on_Booking.com (Payout type: BankTransfer)  ** THIS RESERVATION HAS BEEN PRE-PAID ** BOOKING NOTE : Payment charge is GBP 2.04128  Genius Booker ",,,,,"2026-09-08",,,,
Sea Side Hotel,2026-08-09T22:17:00,660-599-894,WWV-103-738,5830029964,,lynn,wheatley,"2026-10-08","2026-10-09",1,Sea view-Double room-Ensuite,Base Rate,R206,,2,0,GBP,34.70,34.70,34.70,0.00,Online,Booking.com,Booking.com,On Account,Confirmed,,lwheat.397353@guest.booking.com,+44 7745 286462,,"Genius Rate  Non-Smoking  Promos: Early Booker Deal  There is no meal option with this room. Children and Extra Bed Policy: Children of any age are allowed. You haven't added any cots. You haven't added any extra beds. The maximum number of guests is 2.  Deposit Policy: The guest will be charged a prepayment of the total price of the reservation at any time.  Cancellation Policy: The guest can cancel free of charge until 7 days before arrival. The guest will be charged the total price of the reservation if they cancel in the 7 days before arrival.  payment_on_Booking.com (Payout type: BankTransfer)  ** THIS RESERVATION HAS BEEN PRE-PAID ** BOOKING NOTE : Payment charge is GBP 0.5552  Genius Booker ",,,,,"2026-08-09",,,,
The Valley of Rocks Hotel,2026-08-10T20:42:26,811-911-992,JJU-068-595,6925232291,,Gillian,Curtis,"2026-10-08","2026-10-10",2,Standard Twin room Ensuite-Sea view,Base Rate,Room 20,,2,0,GBP,131.00,131.00,131.00,0.00,Online,Booking.com,Booking.com,On Account,Confirmed,,gcurti.642935@guest.booking.com,+44 7717 763163,,"payment_on_Booking.com (Payout type: BankTransfer)  Non-Smoking  ** THIS RESERVATION HAS BEEN PRE-PAID ** Approximate time of arrival: between 15:00 and 16:00 BOOKING NOTE : Payment charge is GBP 2.096  Genius Booker  Breakfast costs GBP12.50 per person per night. Children and Extra Bed Policy: Children of any age are allowed. You haven't added any cots. You haven't added any extra beds. The maximum number of guests is 2.  Deposit Policy: The guest will be charged a prepayment of the total price of the reservation at any time.  Cancellation Policy: The guest can cancel free of charge until 5 days before arrival. The guest will be charged the total price of the reservation if they cancel in the 5 days before arrival.",,,,,"2026-08-10",,,,
The Valley of Rocks Hotel,2026-08-24T22:24:53,998-643-524,OIS-746-873,693601671,,Richard,Elliott,"2026-10-08","2026-10-10",2,Standard  Double room Ensuite,Base Rate,Room 5,,2,0,GBP,113.00,113.00,113.00,0.00,Online,Agoda,Agoda,On Account,Confirmed,,063rans90000001hk5agjqb8w1rx4@agoda-messaging.com,44 7833628914,,"NonSmoke LargeBed ",,,,,"2026-08-24",,,,
The Valley of Rocks Hotel,2026-09-13T14:25:35,093-354-831,MNI-356-171,5879055229,,Neil,Dakeyne,"2026-10-09","2026-10-11",2,Standard Twin room Ensuite-Sea view,Base Rate,Room 63,,1,1,GBP,134.00,134.00,134.00,0.00,Online,Booking.com,Booking.com,On Account,Confirmed,,ndakey.293761@guest.booking.com,+44 7736 447738,,"Child Ages: 7  Non-Smoking  Breakfast costs GBP12.50 per person per night. Children and Extra Bed Policy: Children of any age are allowed. You haven't added any cots. You haven't added any extra beds. The maximum number of guests is 2.  Deposit Policy: The guest will be charged a prepayment of the total price of the reservation at any time.  Cancellation Policy: The guest can cancel free of charge until 5 days before arrival. The guest will be charged the total price of the reservation if they cancel in the 5 days before arrival.  payment_on_Booking.com (Payout type: BankTransfer)  ** THIS RESERVATION HAS BEEN PRE-PAID ** BOOKING NOTE : Payment charge is GBP 2.144  Genius Booker ",,,,,"2026-09-13",,,,
Sea Side Hotel,2026-01-26T18:59:36,141-008-891,WJO-679-154,6591783823,,Stephen,Walsh,"2026-10-09","2026-10-12",3,Standard-Double room-Ensuite,,R101,,2,0,GBP,0.00,0.00,0.00,0.00,Online,Booking.com,Booking.com,On Account,Canceled,,swalsh.988167@guest.booking.com,+44 816922,,"Genius Rate  Non-Smoking  Promos: International  There is no meal option with this room. Children and Extra Bed Policy: Children of any age are allowed. You haven't added any cots. You haven't added any extra beds. The maximum number of guests is 2.  Deposit Policy: The guest will be charged a prepayment of the total price of the reservation at any time.  Cancellation Policy: The guest can cancel free of charge until 7 days before arrival. The guest will be charged the total price of the reservation if they cancel in the 7 days before arrival.  payment_on_Booking.com (Payout type: BankTransfer)  ** THIS RESERVATION HAS BEEN PRE-PAID ** BOOKING NOTE : Payment charge is GBP 2.37728  Genius Booker ",,,,,"2026-01-26",,,,
Granby Hotel,2026-08-24T19:22:44,151-041-094,LSO-131-942,5938616387,,Humble,Sam,"2026-10-09","2026-10-11",2,Standard Triple,Base Rate,Room 10,,1,2,GBP,78.97,78.97,78.97,0.00,Online,Booking.com,Booking.com,On Account,Confirmed,,hsam.101550@guest.booking.com,+44 7424 706688,,"Child Ages: 10, 6  Genius Rate  Non-Smoking  Promos: Mobile(App) Rate  There is no meal option with this room. Children and Extra Bed Policy: Children of any age are allowed. You haven't added any cots. You haven't added any extra beds. The maximum number of guests is 3.  Deposit Policy: The guest will be charged a prepayment of the total price of the reservation at any time.  Cancellation Policy: The guest can cancel free of charge until 2 days before arrival. The guest will be charged the total price of the reservation if they cancel in the 2 days before arrival.  payment_on_Booking.com (Payout type: BankTransfer)  ** THIS RESERVATION HAS BEEN PRE-PAID ** BOOKING NOTE : Payment charge is GBP 1.26352  Genius Booker ",,,,,"2026-08-24",,,,
Sea Side Hotel,2026-03-24T08:22:39,188-448-694,PKR-318-967,5068671109,,Stephen,Frain,"2026-10-09","2026-10-11",2,Standard-Single room-Ensuite,Base Rate,R104,,1,0,GBP,81.56,81.56,81.56,0.00,Online,Booking.com,Booking.com,On Account,Confirmed,,gjohns.555031@guest.booking.com,+44 7379 707100,,"Genius Rate  Non-Smoking  Promos: Domestic  There is no meal option with this room. Children and Extra Bed Policy: Children of any age are allowed. You haven't added any cots. You haven't added any extra beds. The maximum number of guests is 1.  Deposit Policy: The guest will be charged a prepayment of the total price of the reservation at any time.  Cancellation Policy: The guest can cancel free of charge until 7 days before arrival. The guest will be charged the total price of the reservation if they cancel in the 7 days before arrival.  payment_on_Booking.com (Payout type: BankTransfer)  ** THIS RESERVATION HAS BEEN PRE-PAID ** BOOKING NOTE : Payment charge is GBP 1.30496 Approximate time of arrival: between 14:00 and 15:00  Genius Booker ",,,,,"2026-03-24",,,,
The Valley of Rocks Hotel,2026-08-11T18:07:42,209-341-022,BXS-313-864,5207880641,,Colin,Barefoot,"2026-10-09","2026-10-11",2,Standard Twin room Ensuite-Sea view,Base Rate,Room 28,,2,0,GBP,134.00,134.00,134.00,0.00,Online,Booking.com,Booking.com,On Account,Confirmed,,cbaref.549319@guest.booking.com,+44 7784 881209,,"Non-Smoking  Breakfast costs GBP12.50 per person per night. Children and Extra Bed Policy: Children of any age are allowed. You haven't added any cots. You haven't added any extra beds. The maximum number of guests is 2.  Deposit Policy: The guest will be charged a prepayment of the total price of the reservation at any time.  Cancellation Policy: The guest can cancel free of charge until 5 days before arrival. The guest will be charged the total price of the reservation if they cancel in the 5 days before arrival.  payment_on_Booking.com (Payout type: BankTransfer)  ** THIS RESERVATION HAS BEEN PRE-PAID ** Approximate time of arrival: between 03:00 and 04:00 BOOKING NOTE : Payment charge is GBP 2.144 ",,,,,"2026-08-11",,,,
Granby Hotel,2026-01-01T22:33:50,296-489-611,PKD-092-350,6163848331,,Katie,Smith,"2026-10-09","2026-10-11",2,Standard Double,,Room 1A,,2,0,GBP,0.00,0.00,0.00,0.00,Online,Booking.com,Booking.com,On Account,Canceled,,ksmith.242118@guest.booking.com,+44 7745 661234,,"Genius Rate  Non-Smoking  Promos: Mobile(App) Rate  There is no meal option with this room. Children and Extra Bed Policy: Children of any age are allowed. You haven't added any cots. You haven't added any extra beds. The maximum number of guests is 2.  Deposit Policy: The guest will be charged a prepayment of the total price of the reservation at any time.  Cancellation Policy: The guest can cancel free of charge until 2 days before arrival. The guest will be charged the total price of the reservation if they cancel in the 2 days before arrival.  payment_on_Booking.com (Payout type: BankTransfer)  ** THIS RESERVATION HAS BEEN PRE-PAID ** BOOKING NOTE : Payment charge is GBP 1.34656  Genius Booker ",,,,,"2026-01-01",,,,
Sea Side Hotel,2026-03-24T08:14:46,332-444-342,BKX-132-321,5225954562,,Glyn,Johnson,"2026-10-09","2026-10-11",2,Sea view-Single room-Ensuite,Base Rate,R107,,1,0,GBP,87.21,168.77,87.21,0.00,Online,Booking.com,Booking.com,On Account,Confirmed,,gjohns.424855@guest.booking.com,+44 7379 707100,,"Group: 2 x Adult, 0 x Child  Genius Rate  Non-Smoking  Promos: Domestic  There is no meal option with this room. Children and Extra Bed Policy: Children of any age are allowed. You haven't added any cots. You haven't added any extra beds. The maximum number of guests is 1.  Deposit Policy: The guest will be charged a prepayment of the total price of the reservation at any time.  Cancellation Policy: The guest can cancel free of charge until 7 days before arrival. The guest will be charged the total price of the reservation if they cancel in the 7 days before arrival.  payment_on_Booking.com (Payout type: BankTransfer)  ** THIS RESERVATION HAS BEEN PRE-PAID ** Approximate time of arrival: between 14:00 and 15:00 BOOKING NOTE : Payment charge is GBP 2.70032  Genius Booker ",,,,,"2026-03-24",,,,
The Valley of Rocks Hotel,2026-09-06T07:32:22,449-665-814,ECY-726-876,5672438489,,Leigh-anne,Brown,"2026-10-09","2026-10-10",1,Standard Family room Ensuite,,Room 15,,2,1,GBP,0.00,0.00,0.00,0.00,Online,Booking.com,Booking.com,On Account,Canceled,,lbrown.530321@guest.booking.com,+44 7877 575848,,"Child Ages: 14  Non-Smoking  Breakfast costs GBP12.50 per person per night. Children and Extra Bed Policy: Children of any age are allowed. You haven't added any cots. You haven't added any extra beds. The maximum number of guests is 3.  Deposit Policy: The guest will be charged a prepayment of the total price of the reservation at any time.  Cancellation Policy: The guest can cancel free of charge until 5 days before arrival. The guest will be charged the total price of the reservation if they cancel in the 5 days before arrival.  payment_on_Booking.com (Payout type: BankTransfer)  ** THIS RESERVATION HAS BEEN PRE-PAID ** BOOKING NOTE : Payment charge is GBP 1.344  Genius Booker ",,,,,"2026-09-06",,,,
Sea Side Hotel,2026-07-18T10:27:32,454-802-841,VAO-154-892,5347796378,,Cann,Jamie,"2026-10-09","2026-10-10",1,Standard-Twin room-Ensuite,,R111,,2,0,GBP,0.00,0.00,0.00,0.00,Online,Booking.com,Booking.com,On Account,Canceled,,cjamie.404109@guest.booking.com,+44 7342 491741,,"Genius Rate  Non-Smoking  Promos: Mobile(App) Rate  There is no meal option with this room. Children and Extra Bed Policy: Children of any age are allowed. You haven't added any cots. You haven't added any extra beds. The maximum number of guests is 2.  Deposit Policy: The guest will be charged a prepayment of the total price of the reservation at any time.  Cancellation Policy: The guest can cancel free of charge until 7 days before arrival. The guest will be charged the total price of the reservation if they cancel in the 7 days before arrival.  payment_on_Booking.com (Payout type: BankTransfer)  ** THIS RESERVATION HAS BEEN PRE-PAID ** BOOKING NOTE : Payment charge is GBP 0.65744  Genius Booker ",,,,,"2026-07-18",,,,
Sea Side Hotel,2026-03-24T08:14:46,480-365-214,BKX-132-321,5225954562,,Alan,Roberts,"2026-10-09","2026-10-11",2,Standard-Single room-Ensuite,Base Rate,R213,,1,0,GBP,81.56,See 332-444-342,81.56,0.00,Online,Booking.com,Booking.com,On Account,Confirmed,,gjohns.424855@guest.booking.com,+44 7379 707100,,"Group: 2 x Adult, 0 x Child  Genius Rate  Non-Smoking  Promos: Domestic  There is no meal option with this room. Children and Extra Bed Policy: Children of any age are allowed. You haven't added any cots. You haven't added any extra beds. The maximum number of guests is 1.  Deposit Policy: The guest will be charged a prepayment of the total price of the reservation at any time.  Cancellation Policy: The guest can cancel free of charge until 7 days before arrival. The guest will be charged the total price of the reservation if they cancel in the 7 days before arrival.  payment_on_Booking.com (Payout type: BankTransfer)  ** THIS RESERVATION HAS BEEN PRE-PAID ** Approximate time of arrival: between 14:00 and 15:00 BOOKING NOTE : Payment charge is GBP 2.70032  Genius Booker ",,,,,"2026-03-24",,,,
The Valley of Rocks Hotel,2026-08-27T15:40:55,484-428-404,ONL-329-033,5227700892,,Christine,Callaghan,"2026-10-09","2026-10-10",1,Standard Double room Ensuite-Sea view,Base Rate,Room 51,,2,0,GBP,64.00,64.00,64.00,0.00,Online,Booking.com,Booking.com,On Account,Confirmed,,ccalla.904920@guest.booking.com,+44 7799 812913,,"payment_on_Booking.com (Payout type: BankTransfer)  Non-Smoking  ** THIS RESERVATION HAS BEEN PRE-PAID ** BOOKING NOTE : Payment charge is GBP 1.024  Genius Booker  Breakfast costs GBP12.50 per person per night. Children and Extra Bed Policy: Children of any age are allowed. You haven't added any cots. You haven't added any extra beds. The maximum number of guests is 2.  Deposit Policy: The guest will be charged a prepayment of the total price of the reservation at any time.  Cancellation Policy: The guest can cancel free of charge until 5 days before arrival. The guest will be charged the total price of the reservation if they cancel in the 5 days before arrival.",,,,,"2026-08-27",,,,
Granby Hotel,2026-09-14T14:25:22,489-621-414,NCU-778-691,5750981015,,Shayna,Toska,"2026-10-09","2026-10-11",2,Standard Triple,Base Rate,Room 14,,2,1,GBP,85.49,85.49,85.49,0.00,Online,Booking.com,Booking.com,On Account,Confirmed,,stoska.414995@guest.booking.com,+44 7455 871938,,"Child Ages: 5  Genius Rate  Non-Smoking  Promos: Mobile(App) Rate  There is no meal option with this room. Children and Extra Bed Policy: Children of any age are allowed. You haven't added any cots. You haven't added any extra beds. The maximum number of guests is 3.  Deposit Policy: The guest will be charged a prepayment of the total price of the reservation at any time.  Cancellation Policy: The guest can cancel free of charge until 2 days before arrival. The guest will be charged the total price of the reservation if they cancel in the 2 days before arrival.  payment_on_Booking.com (Payout type: BankTransfer)  ** THIS RESERVATION HAS BEEN PRE-PAID ** BOOKING NOTE : Payment charge is GBP 1.36784  Genius Booker ",,,,,"2026-09-14",,,,
The Valley of Rocks Hotel,2026-07-06T14:39:47,869-368-491,BTY-883-221,6612155972,,John,Oldham,"2026-10-09","2026-10-10",1,Superior Double room Ensuite,Base Rate,Room 22,,2,0,GBP,62.10,62.10,62.10,0.00,Online,Booking.com,Booking.com,On Account,Confirmed,,joldha.212469@guest.booking.com,+1 647 818 7962,,"Non-Smoking  Promos: International  Breakfast costs GBP12.50 per person per night. Children and Extra Bed Policy: Children of any age are allowed. You haven't added any cots. You haven't added any extra beds. The maximum number of guests is 2.  Deposit Policy: The guest will be charged a prepayment of the total price of the reservation at any time.  Cancellation Policy: The guest can cancel free of charge until 5 days before arrival. The guest will be charged the total price of the reservation if they cancel in the 5 days before arrival.  payment_on_Booking.com (Payout type: BankTransfer)  ** THIS RESERVATION HAS BEEN PRE-PAID ** BOOKING NOTE : Payment charge is GBP 0.9936  Genius Booker ",,,,,"2026-07-06",,,,
The Valley of Rocks Hotel,2026-09-16T10:10:53,049-035-494,YDG-599-506,5811059949,,Simone,Arndt,"2026-10-10","2026-10-11",1,Standard Single room Ensuite,Base Rate,Room 29,,1,0,GBP,44.10,44.10,44.10,0.00,Online,Booking.com,Booking.com,On Account,Confirmed,,sarndt.944525@guest.booking.com,+49 1525 9341290,,"Non-Smoking  Promos: International  Breakfast costs GBP12.50 per person per night. Children and Extra Bed Policy: Children of any age are allowed. You haven't added any cots. You haven't added any extra beds. The maximum number of guests is 1.  Deposit Policy: The guest will be charged a prepayment of the total price of the reservation at any time.  Cancellation Policy: The guest can cancel free of charge until 5 days before arrival. The guest will be charged the total price of the reservation if they cancel in the 5 days before arrival.  payment_on_Booking.com (Payout type: BankTransfer)  ** THIS RESERVATION HAS BEEN PRE-PAID ** BOOKING NOTE : Payment charge is GBP 0.7056 ",,,,,"2026-09-16",,,,
The Valley of Rocks Hotel,2026-09-05T17:11:06,090-819-992,HUK-519-892,6970038082,,Max,Ashwanden,"2026-10-10","2026-10-11",1,Standard Twin room Ensuite-Sea view,Base Rate,Room 33,,2,0,GBP,67.00,67.00,67.00,0.00,Online,Booking.com,Booking.com,On Account,Confirmed,,mashwa.487257@guest.booking.com,+44 7775 381379,,"Non-Smoking  Breakfast costs GBP12.50 per person per night. Children and Extra Bed Policy: Children of any age are allowed. You haven't added any cots. You haven't added any extra beds. The maximum number of guests is 2.  Deposit Policy: The guest will be charged a prepayment of the total price of the reservation at any time.  Cancellation Policy: The guest can cancel free of charge until 5 days before arrival. The guest will be charged the total price of the reservation if they cancel in the 5 days before arrival.  payment_on_Booking.com (Payout type: BankTransfer)  ** THIS RESERVATION HAS BEEN PRE-PAID ** Approximate time of arrival: between 15:00 and 16:00 BOOKING NOTE : Payment charge is GBP 1.072  Genius Booker ",,,,,"2026-09-05",,,,
Granby Hotel,2025-10-20T15:49:55,101-668-261,ANM-959-081,5332374029,,Rob,Sharpe,"2026-10-10","2026-10-11",1,Booked as: Double Shared Bathroom,,Room 21,,2,0,GBP,0.00,0.00,0.00,0.00,Online,Booking.com,Booking.com,On Account,Canceled,,rsharp.257036@guest.booking.com,+44 7429 784892,,"Genius Rate  Non-Smoking  Promos: Mobile(App) Rate  There is no meal option with this room. Children and Extra Bed Policy: Children of any age are allowed. You haven't added any cots. You haven't added any extra beds. The maximum number of guests is 2.  Deposit Policy: The guest will be charged a prepayment of the total price of the reservation at any time.  Cancellation Policy: The guest can cancel free of charge until 2 days before arrival. The guest will be charged the total price of the reservation if they cancel in the 2 days before arrival.  payment_on_Booking.com (Payout type: BankTransfer)  ** THIS RESERVATION HAS BEEN PRE-PAID ** BOOKING NOTE : Payment charge is GBP 0.67328  Genius Booker ",,,,,"2025-10-20",,,,
Harbour Stays,2026-03-23T12:26:05,131-658-411,VCM-727-755,5174467991,,Siennicki,Clare,"2026-10-10","2026-10-13",3,Standard Single Ensuite,,Room 19 - 3rd F,,1,0,GBP,0.00,0.00,0.00,0.00,Online,Booking.com,Booking.com,On Account,Canceled,,sclare.601801@guest.booking.com,+44 7931856618,,"Group: 2 x Adult, 0 x Child  Non-Smoking  There is no meal option with this room. Children and Extra Bed Policy: Children of any age are allowed. You haven't added any cots. You haven't added any extra beds. The maximum number of guests is 1.  Deposit Policy: The guest will be charged a prepayment of the total price of the reservation at any time.  Cancellation Policy: The guest can cancel free of charge until 7 days before arrival. The guest will be charged the total price of the reservation if they cancel in the 7 days before arrival.  payment_on_Booking.com (Payout type: BankTransfer)  ** THIS RESERVATION HAS BEEN PRE-PAID ** BOOKING NOTE : Payment charge is GBP 6.24  Genius Booker ",,,,,"2026-03-23",,,,
The Valley of Rocks Hotel,2026-05-03T19:59:19,162-488-042,ESZ-885-083,6298138184,,Mark,Holgate,"2026-10-10","2026-10-11",1,Standard Double room Ensuite-Sea view,Base Rate,Room 51,,2,0,GBP,64.00,64.00,64.00,0.00,Online,Booking.com,Booking.com,On Account,Confirmed,,mholga.981233@guest.booking.com,+44 7977 662202,,"Non-Smoking  Breakfast costs GBP12.50 per person per night. Children and Extra Bed Policy: Children of any age are allowed. You haven't added any cots. You haven't added any extra beds. The maximum number of guests is 2.  Deposit Policy: The guest will be charged a prepayment of the total price of the reservation at any time.  Cancellation Policy: The guest can cancel free of charge until 5 days before arrival. The guest will be charged the total price of the reservation if they cancel in the 5 days before arrival.  payment_on_Booking.com (Payout type: BankTransfer)  ** THIS RESERVATION HAS BEEN PRE-PAID ** BOOKING NOTE : Payment charge is GBP 1.024  Genius Booker ",,,,,"2026-05-03",,,,
The Valley of Rocks Hotel,2026-09-13T11:31:08,163-535-582,DKN-535-630,5897935864,,Lily,Duffy,"2026-10-10","2026-10-11",1,Standard  Double room Ensuite,Base Rate,Room 50,,2,0,GBP,59.00,59.00,59.00,0.00,Online,Booking.com,Booking.com,On Account,Confirmed,,lduffy.250684@guest.booking.com,+44 7478 364246,,"Non-Smoking  Breakfast costs GBP12.50 per person per night. Children and Extra Bed Policy: Children of any age are allowed. You haven't added any cots. You haven't added any extra beds. The maximum number of guests is 2.  Deposit Policy: The guest will be charged a prepayment of the total price of the reservation at any time.  Cancellation Policy: The guest can cancel free of charge until 5 days before arrival. The guest will be charged the total price of the reservation if they cancel in the 5 days before arrival.  payment_on_Booking.com (Payout type: BankTransfer)  ** THIS RESERVATION HAS BEEN PRE-PAID ** BOOKING NOTE : Payment charge is GBP 0.944  Genius Booker ",,,,,"2026-09-13",,,,
Granby Hotel,2026-09-07T11:28:23,166-954-832,QFD-772-905,5318817109,,David,Carr,"2026-10-10","2026-10-11",1,Double Shared Bathroom,Base Rate,Room 23,,2,0,GBP,43.00,43.00,43.00,0.00,Online,Booking.com,Booking.com,On Account,Confirmed,,dcarr.978894@guest.booking.com,+44 7429 561809,,"Non-Smoking  There is no meal option with this room. Children and Extra Bed Policy: Children of any age are allowed. You haven't added any cots. You haven't added any extra beds. The maximum number of guests is 2.  Deposit Policy: The guest will be charged a prepayment of the total price of the reservation at any time.  Cancellation Policy: The guest can cancel free of charge until 2 days before arrival. The guest will be charged the total price of the reservation if they cancel in the 2 days before arrival.  payment_on_Booking.com (Payout type: BankTransfer)  ** THIS RESERVATION HAS BEEN PRE-PAID ** BOOKING NOTE : Payment charge is GBP 0.688  Genius Booker ",,,,,"2026-09-07",,,,
The Valley of Rocks Hotel,2026-09-08T21:45:58,280-420-934,YRN-579-812,5751098127,,Peta,Ciotte,"2026-10-10","2026-10-11",1,Standard  Double room Ensuite,Base Rate,Room 5,,2,0,GBP,59.00,59.00,59.00,0.00,Online,Booking.com,Booking.com,On Account,Confirmed,,pciott.578220@guest.booking.com,+44 7794 476482,,"Non-Smoking  Breakfast costs GBP12.50 per person per night. Children and Extra Bed Policy: Children of any age are allowed. You haven't added any cots. You haven't added any extra beds. The maximum number of guests is 2.  Deposit Policy: The guest will be charged a prepayment of the total price of the reservation at any time.  Cancellation Policy: The guest can cancel free of charge until 5 days before arrival. The guest will be charged the total price of the reservation if they cancel in the 5 days before arrival.  payment_on_Booking.com (Payout type: BankTransfer)  ** THIS RESERVATION HAS BEEN PRE-PAID ** BOOKING NOTE : Payment charge is GBP 0.944  Genius Booker ",,,,,"2026-09-08",,,,
Granby Hotel,2026-09-05T11:31:46,288-081-021,KNW-976-207,2551586679,,Anthony,Whitney,"2026-10-10","2026-10-12",2,Standard Double,Base Rate,Room 9,,2,0,GBP,81.89,81.89,81.89,0.00,Online,Expedia,Expedia & Affiliate Network,On Account,Confirmed,,auf1hqg1kl@m.expediapartnercentral.com,1111111111111,,"Multi-room booking. Primary traveler:Whitney, Anthony. 1 of 2 rooms. Expedia collects payment from traveler: Hotel invoices Expedia. ",,,,,"2026-09-05",,,,
Sea Side Hotel,2025-10-04T02:07:16,298-962-254,GNS-632-853,5672166463,,CAROLE,PACKARD,"2026-10-10","2026-10-11",1,Standard-Double room-Ensuite,Base Rate,R215,,2,0,GBP,71.25,71.25,71.25,0.00,Online,Booking.com,Booking.com,On Account,Confirmed,,cpacka.468163@guest.booking.com,+44 7304 081578,,"Non-Smoking  Promos: Domestic  There is no meal option with this room. Children and Extra Bed Policy: Children of any age are allowed. You haven't added any cots. You haven't added any extra beds. The maximum number of guests is 2.  Deposit Policy: The guest will be charged a prepayment of the total price of the reservation at any time.  Cancellation Policy: The guest can cancel free of charge until 7 days before arrival. The guest will be charged the total price of the reservation if they cancel in the 7 days before arrival.  payment_on_Booking.com (Payout type: BankTransfer)  ** THIS RESERVATION HAS BEEN PRE-PAID ** Approximate time of arrival: between 12:00 and 13:00 BOOKING NOTE : Payment charge is GBP 1.14 ",,,,,"2025-10-04",,,,
The Valley of Rocks Hotel,2026-03-01T16:48:51,304-242-621,NAA-372-638,5685282786,,Olivia,King,"2026-10-10","2026-10-17",7,Superior Double room Ensuite,Base Rate,Room 22,,2,0,GBP,412.20,412.20,412.20,0.00,Online,Booking.com,Booking.com,On Account,Confirmed,,oking.379372@guest.booking.com,+44 7713 933027,,"Non-Smoking  Promos: Domestic  There is no meal option with this room. Children and Extra Bed Policy: Children of any age are allowed. You haven't added any cots. You haven't added any extra beds. The maximum number of guests is 2.  Deposit Policy: The guest will be charged a prepayment of the total price of the reservation at any time.  Cancellation Policy: The guest can cancel free of charge until 5 days before arrival. The guest will be charged the total price of the reservation if they cancel in the 5 days before arrival.  payment_on_Booking.com (Payout type: BankTransfer)  ** THIS RESERVATION HAS BEEN PRE-PAID ** BOOKING NOTE : Payment charge is GBP 6.5952  Genius Booker ",,,,,"2026-03-01",,,,
Sea Side Hotel,2026-05-30T19:38:28,330-862-461,YIC-798-575,5134723484,,Sally,Young,"2026-10-10","2026-10-11",1,Standard-Double room-Ensuite,Base Rate,R101,,2,0,GBP,48.10,48.10,48.10,0.00,Online,Booking.com,Booking.com,On Account,Confirmed,,syoung.689361@guest.booking.com,+44 7958 392441,,"Genius Rate  Non-Smoking  Promos: Domestic  There is no meal option with this room. Children and Extra Bed Policy: Children of any age are allowed. You haven't added any cots. You haven't added any extra beds. The maximum number of guests is 2.  Deposit Policy: The guest will be charged a prepayment of the total price of the reservation at any time.  Cancellation Policy: The guest can cancel free of charge until 7 days before arrival. The guest will be charged the total price of the reservation if they cancel in the 7 days before arrival.  payment_on_Booking.com (Payout type: BankTransfer)  ** THIS RESERVATION HAS BEEN PRE-PAID ** BOOKING NOTE : Payment charge is GBP 0.7696  Genius Booker ",,,,,"2026-05-30",,,,
Harbour Stays,2026-03-23T12:26:05,335-224-532,VCM-727-755,5174467991,,Siennicki,Clare,"2026-10-10","2026-10-16",6,One Bedroom-Apartment-Private Bathroom,,Flat 2 ,,1,0,GBP,0.00,See 131-658-411,0.00,0.00,Online,Booking.com,Booking.com,On Account,Canceled,,sclare.601801@guest.booking.com,+44 7931856618,,"payment_on_Booking.com (Payout type: BankTransfer)  Non-Smoking  ** THIS RESERVATION HAS BEEN PRE-PAID ** BOOKING NOTE : Payment charge is GBP 6.696  Genius Booker  Genius Rate  There is no meal option with this room. Children and Extra Bed Policy: Children of any age are allowed. You haven't added any cots. You haven't added any extra beds. The maximum number of guests is 2.  Deposit Policy: The guest will be charged a prepayment of the total price of the reservation at any time.  Cancellation Policy: The guest can cancel free of charge until 7 days before arrival. The guest will be charged the total price of the reservation if they cancel in the 7 days before arrival.",,,,,"2026-03-23",,,,
Sea Side Hotel,2026-03-18T19:29:54,340-145-682,NXV-792-262,6448161988,,Paula,Paling,"2026-10-10","2026-10-11",1,Sea view-Double room-Ensuite,Base Rate,R206,,2,0,GBP,64.60,64.60,64.60,0.00,Online,Booking.com,Booking.com,On Account,Confirmed,,ppalin.955553@guest.booking.com,+44 7758 487254,,"Genius Rate  Non-Smoking  Promos: Domestic  There is no meal option with this room. Children and Extra Bed Policy: Children of any age are allowed. You haven't added any cots. You haven't added any extra beds. The maximum number of guests is 2.  Deposit Policy: The guest will be charged a prepayment of the total price of the reservation at any time.  Cancellation Policy: The guest can cancel free of charge until 7 days before arrival. The guest will be charged the total price of the reservation if they cancel in the 7 days before arrival.  payment_on_Booking.com (Payout type: BankTransfer)  ** THIS RESERVATION HAS BEEN PRE-PAID ** BOOKING NOTE : Payment charge is GBP 1.0336  Genius Booker ",,,,,"2026-03-18",,,,
Sea Side Hotel,2026-05-17T09:30:18,361-935-842,BEM-894-736,5466603440,,Stuart,Browning Briggs,"2026-10-10","2026-10-11",1,Standard-Twin room-Ensuite,,R111,,2,0,GBP,0.00,0.00,0.00,0.00,Online,Booking.com,Booking.com,On Account,Canceled,,sbrigg.179638@guest.booking.com,+44 7932 489203,,"Genius Rate  Non-Smoking  Promos: Domestic  There is no meal option with this room. Children and Extra Bed Policy: Children of any age are allowed. You haven't added any cots. You haven't added any extra beds. The maximum number of guests is 2.  Deposit Policy: The guest will be charged a prepayment of the total price of the reservation at any time.  Cancellation Policy: The guest can cancel free of charge until 7 days before arrival. The guest will be charged the total price of the reservation if they cancel in the 7 days before arrival.  payment_on_Booking.com (Payout type: BankTransfer)  ** THIS RESERVATION HAS BEEN PRE-PAID ** BOOKING NOTE : Payment charge is GBP 0.78224  Genius Booker ",,,,,"2026-05-17",,,,
Granby Hotel,2026-09-12T18:27:40,409-852-294,PJT-666-715,6795784804,,Brodie,Marsh,"2026-10-10","2026-10-11",1,Standard Double,,Room 15,,2,0,GBP,0.00,0.00,0.00,0.00,Online,Booking.com,Booking.com,On Account,Canceled,,bmarsh.913314@guest.booking.com,+44 7592 171366,,"Group: 4 x Adult, 0 x Child  Non-Smoking  Promos: Mobile(App) Rate  There is no meal option with this room. Children and Extra Bed Policy: Children of any age are allowed. You haven't added any cots. You haven't added any extra beds. The maximum number of guests is 2.  Deposit Policy: The guest will be charged a prepayment of the total price of the reservation at any time.  Cancellation Policy: The guest can cancel free of charge until 2 days before arrival. The guest will be charged the total price of the reservation if they cancel in the 2 days before arrival.  payment_on_Booking.com (Payout type: BankTransfer)  ** THIS RESERVATION HAS BEEN PRE-PAID ** BOOKING NOTE : Payment charge is GBP 1.4976  Genius Booker ",,,,,"2026-09-12",,,,
Granby Hotel,2026-09-12T18:27:40,424-533-182,PJT-666-715,6795784804,,Brodie,Marsh,"2026-10-10","2026-10-11",1,Standard Double,,Room 1A,,2,0,GBP,0.00,See 409-852-294,0.00,0.00,Online,Booking.com,Booking.com,On Account,Canceled,,bmarsh.913314@guest.booking.com,+44 7592 171366,,"Group: 4 x Adult, 0 x Child  Non-Smoking  Promos: Mobile(App) Rate  There is no meal option with this room. Children and Extra Bed Policy: Children of any age are allowed. You haven't added any cots. You haven't added any extra beds. The maximum number of guests is 2.  Deposit Policy: The guest will be charged a prepayment of the total price of the reservation at any time.  Cancellation Policy: The guest can cancel free of charge until 2 days before arrival. The guest will be charged the total price of the reservation if they cancel in the 2 days before arrival.  payment_on_Booking.com (Payout type: BankTransfer)  ** THIS RESERVATION HAS BEEN PRE-PAID ** BOOKING NOTE : Payment charge is GBP 1.4976  Genius Booker ",,,,,"2026-09-12",,,,
Sea Side Hotel,2026-07-29T09:14:29,426-483-911,PXP-001-053,5844818130,,James,Stirling,"2026-10-10","2026-10-11",1,Standard-Triple room-Ensuite,,R211,,2,0,GBP,0.00,0.00,0.00,0.00,Online,Booking.com,Booking.com,On Account,Canceled,,jstirl.402465@guest.booking.com,+44 7984 087221,,"Genius Rate  Non-Smoking  Promos: Mobile(App) Rate  There is no meal option with this room. Children and Extra Bed Policy: Children of any age are allowed. You haven't added any cots. You haven't added any extra beds. The maximum number of guests is 3.  Deposit Policy: The guest will be charged a prepayment of the total price of the reservation at any time.  Cancellation Policy: The guest can cancel free of charge until 7 days before arrival. The guest will be charged the total price of the reservation if they cancel in the 7 days before arrival.  payment_on_Booking.com (Payout type: BankTransfer)  ** THIS RESERVATION HAS BEEN PRE-PAID ** BOOKING NOTE : Payment charge is GBP 0.93776  Genius Booker ",,,,,"2026-07-29",,,,
Granby Hotel,2026-09-13T10:39:33,432-043-581,OLX-956-127,6581746697,,Brodie,Marsh,"2026-10-10","2026-10-11",1,Standard Double,,Room 3,,2,0,GBP,0.00,0.00,0.00,0.00,Online,Booking.com,Booking.com,On Account,Canceled,,bmarsh.513501@guest.booking.com,+44 7592 171366,,"Group: 6 x Adult, 0 x Child  Non-Smoking  Promos: Mobile(App) Rate  There is no meal option with this room. Children and Extra Bed Policy: Children of any age are allowed. You haven't added any cots. You haven't added any extra beds. The maximum number of guests is 2.  Deposit Policy: The guest will be charged a prepayment of the total price of the reservation at any time.  Cancellation Policy: The guest can cancel free of charge until 2 days before arrival. The guest will be charged the total price of the reservation if they cancel in the 2 days before arrival.  payment_on_Booking.com (Payout type: BankTransfer)  ** THIS RESERVATION HAS BEEN PRE-PAID ** BOOKING NOTE : Payment charge is GBP 2.2464  Genius Booker ",,,,,"2026-09-13",,,,
Granby Hotel,2026-09-13T10:39:33,484-409-921,OLX-956-127,6581746697,,Brodie,Marsh,"2026-10-10","2026-10-11",1,Standard Double,,Room 7,,2,0,GBP,0.00,See 432-043-581,0.00,0.00,Online,Booking.com,Booking.com,On Account,Canceled,,bmarsh.513501@guest.booking.com,+44 7592 171366,,"Group: 6 x Adult, 0 x Child  Non-Smoking  Promos: Mobile(App) Rate  There is no meal option with this room. Children and Extra Bed Policy: Children of any age are allowed. You haven't added any cots. You haven't added any extra beds. The maximum number of guests is 2.  Deposit Policy: The guest will be charged a prepayment of the total price of the reservation at any time.  Cancellation Policy: The guest can cancel free of charge until 2 days before arrival. The guest will be charged the total price of the reservation if they cancel in the 2 days before arrival.  payment_on_Booking.com (Payout type: BankTransfer)  ** THIS RESERVATION HAS BEEN PRE-PAID ** BOOKING NOTE : Payment charge is GBP 2.2464  Genius Booker ",,,,,"2026-09-13",,,,
The Valley of Rocks Hotel,2026-08-02T15:23:40,502-490-554,BHU-958-299,6946910006,,Gary,Parker,"2026-10-10","2026-10-11",1,Standard Single room Ensuite,Base Rate,Room 48,,1,0,GBP,49.00,147.00,49.00,0.00,Online,Booking.com,Booking.com,On Account,Confirmed,,amarsh.359793@guest.booking.com,+44 7527 980041,,"Group: 3 x Adult, 0 x Child  Non-Smoking  Breakfast costs GBP12.50 per person per night. Children and Extra Bed Policy: Children of any age are allowed. You haven't added any cots. You haven't added any extra beds. The maximum number of guests is 1.  Deposit Policy: The guest will be charged a prepayment of the total price of the reservation at any time.  Cancellation Policy: The guest can cancel free of charge until 5 days before arrival. The guest will be charged the total price of the reservation if they cancel in the 5 days before arrival.  payment_on_Booking.com (Payout type: BankTransfer)  ** THIS RESERVATION HAS BEEN PRE-PAID ** BOOKING NOTE : Payment charge is GBP 2.352 Approximate time of arrival: between 15:00 and 16:00  Genius Booker ",,,,,"2026-08-02",,,,
Sea Side Hotel,2026-01-27T19:38:03,539-542-914,VHR-469-140,6591731607,,Daren,Cook,"2026-10-10","2026-10-11",1,Standard-Double room-Ensuite,Base Rate,R204,,2,0,GBP,54.10,54.10,54.10,0.00,Online,Booking.com,Booking.com,On Account,Confirmed,,dcook.775003@guest.booking.com,+44 7904 860837,,"Genius Rate  Non-Smoking  Promos: Domestic  There is no meal option with this room. Children and Extra Bed Policy: Children of any age are allowed. You haven't added any cots. You haven't added any extra beds. The maximum number of guests is 2.  Deposit Policy: The guest will be charged a prepayment of the total price of the reservation at any time.  Cancellation Policy: The guest can cancel free of charge until 7 days before arrival. The guest will be charged the total price of the reservation if they cancel in the 7 days before arrival.  payment_on_Booking.com (Payout type: BankTransfer)  ** THIS RESERVATION HAS BEEN PRE-PAID ** BOOKING NOTE : Payment charge is GBP 0.8656  Genius Booker ",,,,,"2026-01-27",,,,
Granby Hotel,2026-09-13T10:39:33,551-891-811,OLX-956-127,6581746697,,Brodie,Marsh,"2026-10-10","2026-10-11",1,Standard Double,,Room 11,,2,0,GBP,0.00,See 432-043-581,0.00,0.00,Online,Booking.com,Booking.com,On Account,Canceled,,bmarsh.513501@guest.booking.com,+44 7592 171366,,"Group: 6 x Adult, 0 x Child  Non-Smoking  Promos: Mobile(App) Rate  There is no meal option with this room. Children and Extra Bed Policy: Children of any age are allowed. You haven't added any cots. You haven't added any extra beds. The maximum number of guests is 2.  Deposit Policy: The guest will be charged a prepayment of the total price of the reservation at any time.  Cancellation Policy: The guest can cancel free of charge until 2 days before arrival. The guest will be charged the total price of the reservation if they cancel in the 2 days before arrival.  payment_on_Booking.com (Payout type: BankTransfer)  ** THIS RESERVATION HAS BEEN PRE-PAID ** BOOKING NOTE : Payment charge is GBP 2.2464  Genius Booker ",,,,,"2026-09-13",,,,
The Valley of Rocks Hotel,2026-09-17T13:55:20,580-280-611,VHR-936-518,5005272049,,Christina,Xena King,"2026-10-10","2026-10-11",1,Standard Twin room Ensuite-Sea view,Base Rate,Room 20,,2,0,GBP,67.00,67.00,67.00,0.00,Online,Booking.com,Booking.com,On Account,Confirmed,,cking.930200@guest.booking.com,+44 7754 592266,,"Non-Smoking  Breakfast costs GBP12.50 per person per night. Children and Extra Bed Policy: Children of any age are allowed. You haven't added any cots. You haven't added any extra beds. The maximum number of guests is 2.  Deposit Policy: The guest will be charged a prepayment of the total price of the reservation at any time.  Cancellation Policy: The guest can cancel free of charge until 5 days before arrival. The guest will be charged the total price of the reservation if they cancel in the 5 days before arrival.  payment_on_Booking.com (Payout type: BankTransfer)  ** THIS RESERVATION HAS BEEN PRE-PAID ** BOOKING NOTE : Payment charge is GBP 1.072  Genius Booker ",,,,,"2026-09-17",,,,
Sea Side Hotel,2026-07-21T17:55:38,632-551-042,PVJ-345-396,6620737082,,kenneth,bird,"2026-10-10","2026-10-11",1,Standard-Quad room-Ensuite,Non Refundable,R305,,2,0,GBP,49.91,49.91,49.91,0.00,Online,Booking.com,Booking.com,On Account,Confirmed,,kbird.431641@guest.booking.com,+44 7976 926259,,"Genius Rate  Non-Smoking  Promos: Mobile(App) Rate  There is no meal option with this room. Children and Extra Bed Policy: Children of any age are allowed. You haven't added any cots. You haven't added any extra beds. The maximum number of guests is 4.  Deposit Policy: The guest will be charged a prepayment of the total price of the reservation at any time.  Cancellation Policy: The guest will be charged the total price of the reservation if they cancel at any time.  payment_on_Booking.com (Payout type: BankTransfer)  ** THIS RESERVATION HAS BEEN PRE-PAID ** BOOKING NOTE : Payment charge is GBP 0.79856  Genius Booker ",,,,,"2026-07-21",,,,
Granby Hotel,2026-09-04T12:08:43,865-954-584,IYV-999-285,5302540759,,Rozumenko,Iryna,"2026-10-10","2026-10-11",1,Single Shared Bathroom,Base Rate,Room 25,,1,0,GBP,23.26,23.26,23.26,0.00,Online,Booking.com,Booking.com,On Account,Confirmed,,riryna.917712@guest.booking.com,+380939070457,,"Genius Rate  Non-Smoking  Promos: Mobile(App) Rate  There is no meal option with this room. Children and Extra Bed Policy: Children of any age are allowed. You haven't added any cots. You haven't added any extra beds. The maximum number of guests is 1.  Deposit Policy: The guest will be charged a prepayment of the total price of the reservation at any time.  Cancellation Policy: The guest can cancel free of charge until 2 days before arrival. The guest will be charged the total price of the reservation if they cancel in the 2 days before arrival.  payment_on_Booking.com (Payout type: BankTransfer)  ** THIS RESERVATION HAS BEEN PRE-PAID ** BOOKING NOTE : Payment charge is GBP 0.37216  Genius Booker ",,,,,"2026-09-04",,,,
Harbour Stays,2026-08-10T07:12:50,869-348-432,NQL-257-612,6138641541,,Monika,Fijalkowska-Kurowska,"2026-10-10","2026-10-11",1,Three  Bedroom-Apartment-Private Bathroom,Base Rate,Flat 3 ,,2,3,GBP,83.75,83.75,83.75,0.00,Online,Booking.com,Booking.com,On Account,Confirmed,,mfijal.628816@guest.booking.com,+44 7481 900201,,"Child Ages: 16, 5, 8  Genius Rate  Non-Smoking  Promos: Domestic  There is no meal option with this room. Children and Extra Bed Policy: Children of any age are allowed. You haven't added any cots. You haven't added any extra beds. The maximum number of guests is 6.  Deposit Policy: The guest will be charged a prepayment of the total price of the reservation at any time.  Cancellation Policy: The guest can cancel free of charge until 7 days before arrival. The guest will be charged the total price of the reservation if they cancel in the 7 days before arrival.  payment_on_Booking.com (Payout type: BankTransfer)  ** THIS RESERVATION HAS BEEN PRE-PAID ** BOOKING NOTE : Payment charge is GBP 1.34  Genius Booker ",,,,,"2026-08-10",,,,
The Valley of Rocks Hotel,2026-09-17T05:29:53,893-356-081,YCJ-960-214,5005278806,,Naomi,Marshall,"2026-10-10","2026-10-11",1,Standard Double room Ensuite-Sea view,Base Rate,Room 52,,2,0,GBP,64.00,64.00,64.00,0.00,Online,Booking.com,Booking.com,On Account,Confirmed,,nmarsh.532961@guest.booking.com,+44 7495 502831,,"Non-Smoking  Breakfast costs GBP12.50 per person per night. Children and Extra Bed Policy: Children of any age are allowed. You haven't added any cots. You haven't added any extra beds. The maximum number of guests is 2.  Deposit Policy: The guest will be charged a prepayment of the total price of the reservation at any time.  Cancellation Policy: The guest can cancel free of charge until 5 days before arrival. The guest will be charged the total price of the reservation if they cancel in the 5 days before arrival.  payment_on_Booking.com (Payout type: BankTransfer)  ** THIS RESERVATION HAS BEEN PRE-PAID ** BOOKING NOTE : Payment charge is GBP 1.024  Genius Booker ",,,,,"2026-09-17",,,,
The Valley of Rocks Hotel,2026-08-02T15:23:40,942-006-582,BHU-958-299,6946910006,,Adrian,Marsh,"2026-10-10","2026-10-11",1,Standard Single room Ensuite,Base Rate,Room 62,,1,0,GBP,49.00,See 502-490-554,49.00,0.00,Online,Booking.com,Booking.com,On Account,Confirmed,,amarsh.359793@guest.booking.com,+44 7527 980041,,"Group: 3 x Adult, 0 x Child  Non-Smoking  Breakfast costs GBP12.50 per person per night. Children and Extra Bed Policy: Children of any age are allowed. You haven't added any cots. You haven't added any extra beds. The maximum number of guests is 1.  Deposit Policy: The guest will be charged a prepayment of the total price of the reservation at any time.  Cancellation Policy: The guest can cancel free of charge until 5 days before arrival. The guest will be charged the total price of the reservation if they cancel in the 5 days before arrival.  payment_on_Booking.com (Payout type: BankTransfer)  ** THIS RESERVATION HAS BEEN PRE-PAID ** BOOKING NOTE : Payment charge is GBP 2.352 Approximate time of arrival: between 15:00 and 16:00  Genius Booker ",,,,,"2026-08-02",,,,
The Valley of Rocks Hotel,2026-08-02T15:23:40,946-158-632,BHU-958-299,6946910006,,Christopher,Williams,"2026-10-10","2026-10-11",1,Standard Single room Ensuite,Base Rate,Room 14,,1,0,GBP,49.00,See 502-490-554,49.00,0.00,Online,Booking.com,Booking.com,On Account,Confirmed,,amarsh.359793@guest.booking.com,+44 7527 980041,,"Group: 3 x Adult, 0 x Child  Non-Smoking  Breakfast costs GBP12.50 per person per night. Children and Extra Bed Policy: Children of any age are allowed. You haven't added any cots. You haven't added any extra beds. The maximum number of guests is 1.  Deposit Policy: The guest will be charged a prepayment of the total price of the reservation at any time.  Cancellation Policy: The guest can cancel free of charge until 5 days before arrival. The guest will be charged the total price of the reservation if they cancel in the 5 days before arrival.  payment_on_Booking.com (Payout type: BankTransfer)  ** THIS RESERVATION HAS BEEN PRE-PAID ** BOOKING NOTE : Payment charge is GBP 2.352 Approximate time of arrival: between 15:00 and 16:00  Genius Booker ",,,,,"2026-08-02",,,,
Granby Hotel,2026-09-05T11:31:47,969-534-604,XVP-565-049,2551586680,,Anthony,Whitney,"2026-10-10","2026-10-12",2,Standard Double,Base Rate,Room 1,,2,0,GBP,81.89,81.89,81.89,0.00,Online,Expedia,Expedia & Affiliate Network,On Account,Confirmed,,ntkmyb8ls6@m.expediapartnercentral.com,1111111111111,,"Multi-room booking. Primary traveler:Whitney, Anthony. 2 of 2 rooms. Expedia collects payment from traveler: Hotel invoices Expedia. ",,,,,"2026-09-05",,,,
Granby Hotel,2026-09-09T15:30:53,984-091-452,YHZ-536-803,2554791881,,joanne,stone,"2026-10-10","2026-10-11",1,Standard Double,Base Rate,Room 21,,2,0,GBP,42.54,42.54,42.54,0.00,Online,Expedia,Expedia & Affiliate Network,On Account,Confirmed,,b0hr808dgj@m.expediapartnercentral.com,111111111111,,"Expedia collects payment from traveler: Hotel invoices Expedia. ",,,,,"2026-09-09",,,,
The Valley of Rocks Hotel,2026-08-04T11:33:44,506-358-421,OOR-588-072,5046939150,,Adrian,Marsh,"2026-10-11","2026-10-14",3,Superior Double room Ensuite,Base Rate,Room 49,,2,0,GBP,192.00,192.00,192.00,0.00,Online,Booking.com,Booking.com,On Account,Confirmed,,amarsh.643119@guest.booking.com,+44 7527 980041,,"payment_on_Booking.com (Payout type: BankTransfer)  Non-Smoking  ** THIS RESERVATION HAS BEEN PRE-PAID ** Approximate time of arrival: between 15:00 and 16:00 Hypoallergenic bedding and pillows please; wife is asthmatic. BOOKING NOTE : Payment charge is GBP 3.072  Genius Booker  Breakfast costs GBP12.50 per person per night. Children and Extra Bed Policy: Children of any age are allowed. You haven't added any cots. You haven't added any extra beds. The maximum number of guests is 2.  Deposit Policy: The guest will be charged a prepayment of the total price of the reservation at any time.  Cancellation Policy: The guest can cancel free of charge until 5 days before arrival. The guest will be charged the total price of the reservation if they cancel in the 5 days before arrival.",,,,,"2026-08-04",,,,
The Valley of Rocks Hotel,2026-08-30T09:20:34,866-564-021,LIS-255-486,5966450961,,Fi,Thom,"2026-10-11","2026-10-12",1,Standard Single room Ensuite,Base Rate,Room 14,,1,0,GBP,49.00,49.00,49.00,0.00,Online,Booking.com,Booking.com,On Account,Confirmed,,fthom.335935@guest.booking.com,+44 7776 301739,,"Non-Smoking  Breakfast costs GBP12.50 per person per night. Children and Extra Bed Policy: Children of any age are allowed. You haven't added any cots. You haven't added any extra beds. The maximum number of guests is 1.  Deposit Policy: The guest will be charged a prepayment of the total price of the reservation at any time.  Cancellation Policy: The guest can cancel free of charge until 5 days before arrival. The guest will be charged the total price of the reservation if they cancel in the 5 days before arrival.  payment_on_Booking.com (Payout type: BankTransfer)  ** THIS RESERVATION HAS BEEN PRE-PAID ** BOOKING NOTE : Payment charge is GBP 0.784  Genius Booker ",,,,,"2026-08-30",,,,
The Valley of Rocks Hotel,2026-08-20T11:20:32,020-463-951,TSI-169-498,,,,Debora Johnson,"2026-10-12","2026-10-15",3,Standard Double room Ensuite-Sea view,Non Refundable,Room 17,,1,0,GBP,159.00,159.00,159.00,0.00,Direct,,,On Account,Confirmed,,debjohnson1@live.co.uk,+447935984507,,"guest is asking of we can do any thing special to her partner as they will be turning 66 FOC RAS  PBL SENT ON 20/08/2026 @12.02 RAS",,,,,"2026-08-20",,,,
The Valley of Rocks Hotel,2026-07-02T19:54:46,040-450-432,REZ-103-639,6500374463,,Janice,Vander Griend,"2026-10-12","2026-10-15",3,Superior Double room Ensuite,Base Rate,Room 21,,2,0,GBP,172.80,172.80,172.80,0.00,Online,Booking.com,Booking.com,On Account,Confirmed,,jgrien.797076@guest.booking.com,+1 689 15095207216,,"Non-Smoking  Promos: International  Breakfast costs GBP12.50 per person per night. Children and Extra Bed Policy: Children of any age are allowed. You haven't added any cots. You haven't added any extra beds. The maximum number of guests is 2.  Deposit Policy: The guest will be charged a prepayment of the total price of the reservation at any time.  Cancellation Policy: The guest can cancel free of charge until 5 days before arrival. The guest will be charged the total price of the reservation if they cancel in the 5 days before arrival.  payment_on_Booking.com (Payout type: BankTransfer)  ** THIS RESERVATION HAS BEEN PRE-PAID ** BOOKING NOTE : Payment charge is GBP 2.7648  Genius Booker ",,,,,"2026-07-02",,,,
Granby Hotel,2026-02-09T16:09:30,401-869-682,HCZ-248-405,5621323469,,Michelle,Brook,"2026-10-12","2026-10-16",4,Standard Double,,Room 21,,2,0,GBP,0.00,0.00,0.00,0.00,Online,Booking.com,Booking.com,On Account,Canceled,,mbrook.310755@guest.booking.com,+44 7872 077778,,"Non-Smoking  Promos: Mobile(App) Rate  There is no meal option with this room. Children and Extra Bed Policy: Children of any age are allowed. You haven't added any cots. You haven't added any extra beds. The maximum number of guests is 2.  Deposit Policy: The guest will be charged a prepayment of the total price of the reservation at any time.  Cancellation Policy: The guest can cancel free of charge until 2 days before arrival. The guest will be charged the total price of the reservation if they cancel in the 2 days before arrival.  payment_on_Booking.com (Payout type: BankTransfer)  ** THIS RESERVATION HAS BEEN PRE-PAID ** BOOKING NOTE : Payment charge is GBP 2.8656  Genius Booker ",,,,,"2026-02-09",,,,
The Valley of Rocks Hotel,2026-08-21T14:27:05,521-655-204,YQO-283-355,5658485503,,DENNIS,FRITH,"2026-10-12","2026-10-16",4,Standard Twin room Ensuite,Base Rate,Room 10,,2,0,GBP,236.00,236.00,236.00,0.00,Online,Booking.com,Booking.com,On Account,Confirmed,,dfrith.192234@guest.booking.com,+44 7813 408194,,"Non-Smoking  Breakfast costs GBP12.50 per person per night. Children and Extra Bed Policy: Children of any age are allowed. You haven't added any cots. You haven't added any extra beds. The maximum number of guests is 2.  Deposit Policy: The guest will be charged a prepayment of the total price of the reservation at any time.  Cancellation Policy: The guest can cancel free of charge until 5 days before arrival. The guest will be charged the total price of the reservation if they cancel in the 5 days before arrival.  payment_on_Booking.com (Payout type: BankTransfer)  ** THIS RESERVATION HAS BEEN PRE-PAID ** BOOKING NOTE : Payment charge is GBP 3.776  Genius Booker ",,,,,"2026-08-21",,,,
Granby Hotel,2026-02-16T19:47:54,933-483-311,PAF-737-524,5555539771,,Michelle,Brook,"2026-10-12","2026-10-16",4,Standard Double,,Room 21,,2,0,GBP,0.00,0.00,0.00,0.00,Online,Booking.com,Booking.com,On Account,Canceled,,mbrook.239111@guest.booking.com,+44 7872 077778,,"Non-Smoking  Promos: Mobile(App) Rate  There is no meal option with this room. Children and Extra Bed Policy: Children of any age are allowed. You haven't added any cots. You haven't added any extra beds. The maximum number of guests is 2.  Deposit Policy: The guest will be charged a prepayment of the total price of the reservation at any time.  Cancellation Policy: The guest can cancel free of charge until 2 days before arrival. The guest will be charged the total price of the reservation if they cancel in the 2 days before arrival.  payment_on_Booking.com (Payout type: BankTransfer)  ** THIS RESERVATION HAS BEEN PRE-PAID ** BOOKING NOTE : Payment charge is GBP 2.8656  Genius Booker ",,,,,"2026-02-16",,,,
The Valley of Rocks Hotel,2026-09-14T14:20:10,990-505-014,IEX-511-989,6261979943,,Kristian,Binks,"2026-10-12","2026-10-16",4,Standard  Double room Ensuite,Base Rate,Room 50,,1,0,GBP,216.00,216.00,216.00,0.00,Online,Booking.com,Booking.com,On Account,Confirmed,,kbinks.303863@guest.booking.com,+44 7517 082996,,"Non-Smoking  Breakfast costs GBP12.50 per person per night. Children and Extra Bed Policy: Children of any age are allowed. You haven't added any cots. You haven't added any extra beds. The maximum number of guests is 2.  Deposit Policy: The guest will be charged a prepayment of the total price of the reservation at any time.  Cancellation Policy: The guest can cancel free of charge until 5 days before arrival. The guest will be charged the total price of the reservation if they cancel in the 5 days before arrival.  payment_on_Booking.com (Payout type: BankTransfer)  ** THIS RESERVATION HAS BEEN PRE-PAID ** BOOKING NOTE : Payment charge is GBP 3.456 ",,,,,"2026-09-14",,,,
The Valley of Rocks Hotel,2026-09-11T18:54:22,338-403-031,VYW-665-029,5123145864,,Richard,White,"2026-10-13","2026-10-14",1,Standard Single room Ensuite,Base Rate,Room 48,,1,0,GBP,49.00,147.00,49.00,0.00,Online,Booking.com,Booking.com,On Account,Confirmed,,rwhite.844089@guest.booking.com,+44 7976 533330,,"Group: 3 x Adult, 0 x Child  Non-Smoking  Breakfast costs GBP12.50 per person per night. Children and Extra Bed Policy: Children of any age are allowed. You haven't added any cots. You haven't added any extra beds. The maximum number of guests is 1.  Deposit Policy: The guest will be charged a prepayment of the total price of the reservation at any time.  Cancellation Policy: The guest can cancel free of charge until 5 days before arrival. The guest will be charged the total price of the reservation if they cancel in the 5 days before arrival.  payment_on_Booking.com (Payout type: BankTransfer)  ** THIS RESERVATION HAS BEEN PRE-PAID ** Please can i book car parking behind the hotel BOOKING NOTE : Payment charge is GBP 2.352  Genius Booker ",,,,,"2026-09-11",,,,
The Valley of Rocks Hotel,2026-09-11T18:54:22,499-944-511,VYW-665-029,5123145864,,Connor,Bowden,"2026-10-13","2026-10-14",1,Standard Single room Ensuite,Base Rate,Room 14,,1,0,GBP,49.00,See 338-403-031,49.00,0.00,Online,Booking.com,Booking.com,On Account,Confirmed,,rwhite.844089@guest.booking.com,+44 7976 533330,,"Group: 3 x Adult, 0 x Child  Non-Smoking  Breakfast costs GBP12.50 per person per night. Children and Extra Bed Policy: Children of any age are allowed. You haven't added any cots. You haven't added any extra beds. The maximum number of guests is 1.  Deposit Policy: The guest will be charged a prepayment of the total price of the reservation at any time.  Cancellation Policy: The guest can cancel free of charge until 5 days before arrival. The guest will be charged the total price of the reservation if they cancel in the 5 days before arrival.  payment_on_Booking.com (Payout type: BankTransfer)  ** THIS RESERVATION HAS BEEN PRE-PAID ** Please can i book car parking behind the hotel BOOKING NOTE : Payment charge is GBP 2.352  Genius Booker ",,,,,"2026-09-11",,,,
The Valley of Rocks Hotel,2026-09-07T08:40:52,506-646-442,NCN-690-524,5318820051,,Christina,Willoughby,"2026-10-13","2026-10-16",3,Standard Double room Ensuite-Sea view,Base Rate,Room 52,,2,0,GBP,257.00,177.00,177.00,80.00,Online,Booking.com,Booking.com,On Account,Confirmed,,cwillo.328858@guest.booking.com,+44 7961 922882,,"Non-Smoking  Breakfast costs GBP12.50 per person per night. Children and Extra Bed Policy: Children of any age are allowed. You haven't added any cots. You haven't added any extra beds. The maximum number of guests is 2.  Deposit Policy: The guest will be charged a prepayment of the total price of the reservation at any time.  Cancellation Policy: The guest can cancel free of charge until 5 days before arrival. The guest will be charged the total price of the reservation if they cancel in the 5 days before arrival.  payment_on_Booking.com (Payout type: BankTransfer)  ** THIS RESERVATION HAS BEEN PRE-PAID ** BOOKING NOTE : Payment charge is GBP 2.832 Double bed please. Breakfast please, one dog please  Genius Booker ",,,,,"2026-09-07",,,,
The Valley of Rocks Hotel,2026-09-11T18:54:22,618-692-364,VYW-665-029,5123145864,,Andrew,White,"2026-10-13","2026-10-14",1,Standard Single room Ensuite,Base Rate,Room 62,,1,0,GBP,49.00,See 338-403-031,49.00,0.00,Online,Booking.com,Booking.com,On Account,Confirmed,,rwhite.844089@guest.booking.com,+44 7976 533330,,"Group: 3 x Adult, 0 x Child  Non-Smoking  Breakfast costs GBP12.50 per person per night. Children and Extra Bed Policy: Children of any age are allowed. You haven't added any cots. You haven't added any extra beds. The maximum number of guests is 1.  Deposit Policy: The guest will be charged a prepayment of the total price of the reservation at any time.  Cancellation Policy: The guest can cancel free of charge until 5 days before arrival. The guest will be charged the total price of the reservation if they cancel in the 5 days before arrival.  payment_on_Booking.com (Payout type: BankTransfer)  ** THIS RESERVATION HAS BEEN PRE-PAID ** Please can i book car parking behind the hotel BOOKING NOTE : Payment charge is GBP 2.352  Genius Booker ",,,,,"2026-09-11",,,,
Granby Hotel,2026-08-13T14:26:56,135-810-881,OXT-459-960,6868248788,,steve,apps,"2026-10-14","2026-10-15",1,Standard Single,,Room 8,,1,0,GBP,0.00,0.00,0.00,0.00,Online,Booking.com,Booking.com,On Account,Canceled,,sapps.550021@guest.booking.com,+44 7981 407380,,"Genius Rate  Non-Smoking  Promos: Mobile(App) Rate  There is no meal option with this room. Children and Extra Bed Policy: Children of any age are allowed. You haven't added any cots. You haven't added any extra beds. The maximum number of guests is 1.  Deposit Policy: The guest will be charged a prepayment of the total price of the reservation at any time.  Cancellation Policy: The guest can cancel free of charge until 2 days before arrival. The guest will be charged the total price of the reservation if they cancel in the 2 days before arrival.  payment_on_Booking.com (Payout type: BankTransfer)  ** THIS RESERVATION HAS BEEN PRE-PAID ** BOOKING NOTE : Payment charge is GBP 0.30656  Genius Booker ",,,,,"2026-08-13",,,,
The Valley of Rocks Hotel,2026-08-29T15:59:27,952-069-412,TAM-494-567,6141842223,,Alan,Flavell,"2026-10-14","2026-10-15",1,Standard  Double room Ensuite,Base Rate,Room 5,,1,0,GBP,54.00,54.00,54.00,0.00,Online,Booking.com,Booking.com,On Account,Confirmed,,aflave.597397@guest.booking.com,+44 7384 574337,,"Non-Smoking  Breakfast costs GBP12.50 per person per night. Children and Extra Bed Policy: Children of any age are allowed. You haven't added any cots. You haven't added any extra beds. The maximum number of guests is 2.  Deposit Policy: The guest will be charged a prepayment of the total price of the reservation at any time.  Cancellation Policy: The guest can cancel free of charge until 5 days before arrival. The guest will be charged the total price of the reservation if they cancel in the 5 days before arrival.  payment_on_Booking.com (Payout type: BankTransfer)  ** THIS RESERVATION HAS BEEN PRE-PAID ** Approximate time of arrival: between 16:00 and 17:00 BOOKING NOTE : Payment charge is GBP 0.864  Genius Booker ",,,,,"2026-08-29",,,,
Granby Hotel,2025-08-19T22:41:40,241-305-812,ZFO-030-571,6375829210,,Stephen,Roberts,"2026-10-15","2026-10-26",11,Single Shared Bathroom,,Room 25,,1,0,GBP,0.00,0.00,0.00,0.00,Online,Booking.com,Booking.com,On Account,Canceled,,srober.731568@guest.booking.com,+707949681572,,"Non-Smoking  Promos: Mobile(App) Rate  There is no meal option with this room. Children and Extra Bed Policy: Children of any age are allowed. You haven't added any cots. You haven't added any extra beds. The maximum number of guests is 1.  Deposit Policy: The guest will be charged a prepayment of the total price of the reservation at any time.  Cancellation Policy: The guest can cancel free of charge until 2 days before arrival. The guest will be charged the total price of the reservation if they cancel in the 2 days before arrival.  payment_on_Booking.com (Payout type: BankTransfer)  ** THIS RESERVATION HAS BEEN PRE-PAID ** BOOKING NOTE : Payment charge is GBP 4.9824  Genius Booker ",,,,,"2025-08-19",,,,
Sea Side Hotel,2025-08-15T09:13:42,248-054-562,WEA-144-894,6177890650,,Karen,Beardmore,"2026-10-15","2026-10-16",1,Sea view-Single room-Ensuite,,R107,,1,0,GBP,0.00,0.00,0.00,0.00,Online,Booking.com,Booking.com,On Account,Canceled,,kbeard.840449@guest.booking.com,+44 7935 108941,,"Non-Smoking  Promos: Domestic  There is no meal option with this room. Children and Extra Bed Policy: Children of any age are allowed. You haven't added any cots. You haven't added any extra beds. The maximum number of guests is 1.  Deposit Policy: The guest will be charged a prepayment of the total price of the reservation at any time.  Cancellation Policy: The guest can cancel free of charge until 7 days before arrival. The guest will be charged the total price of the reservation if they cancel in the 7 days before arrival.  payment_on_Booking.com (Payout type: BankTransfer)  ** THIS RESERVATION HAS BEEN PRE-PAID ** BOOKING NOTE : Payment charge is GBP 0.8208  Genius Booker ",,,,,"2025-08-15",,,,
Sea Side Hotel,2026-06-28T20:32:04,316-116-682,SQX-259-652,5541353454,,Brendan,Bugg,"2026-10-15","2026-10-16",1,Standard-Single room-Ensuite,Base Rate,R104,,1,0,GBP,29.80,29.80,29.80,0.00,Online,Booking.com,Booking.com,On Account,Confirmed,,bbugg.578774@guest.booking.com,+44 7763 150322,,"Genius Rate  Non-Smoking  Promos: Mobile(MDot) Rate  There is no meal option with this room. Children and Extra Bed Policy: Children of any age are allowed. You haven't added any cots. You haven't added any extra beds. The maximum number of guests is 1.  Deposit Policy: The guest will be charged a prepayment of the total price of the reservation at any time.  Cancellation Policy: The guest can cancel free of charge until 7 days before arrival. The guest will be charged the total price of the reservation if they cancel in the 7 days before arrival.  payment_on_Booking.com (Payout type: BankTransfer)  ** THIS RESERVATION HAS BEEN PRE-PAID ** BOOKING NOTE : Payment charge is GBP 0.4768  Genius Booker ",,,,,"2026-06-28",,,,
Sea Side Hotel,2026-08-04T10:26:47,382-908-491,YMR-474-034,6654203406,,Nick,Buckley,"2026-10-15","2026-10-19",4,Standard-Twin room-Ensuite,Base Rate,R309,,2,0,GBP,159.10,159.10,159.10,0.00,Online,Booking.com,Booking.com,On Account,Confirmed,,nbuckl.646969@guest.booking.com,+44 7710 018162,,"Genius Rate  Non-Smoking  Promos: Domestic  There is no meal option with this room. Children and Extra Bed Policy: Children of any age are allowed. You haven't added any cots. You haven't added any extra beds. The maximum number of guests is 2.  Deposit Policy: The guest will be charged a prepayment of the total price of the reservation at any time.  Cancellation Policy: The guest can cancel free of charge until 7 days before arrival. The guest will be charged the total price of the reservation if they cancel in the 7 days before arrival.  payment_on_Booking.com (Payout type: BankTransfer)  ** THIS RESERVATION HAS BEEN PRE-PAID ** BOOKING NOTE : Payment charge is GBP 2.5456  Genius Booker ",,,,,"2026-08-04",,,,
The Valley of Rocks Hotel,2026-06-28T14:19:36,422-563-924,KHX-583-189,5451958971,,Marcia,Harwood,"2026-10-15","2026-10-17",2,Standard Double room Ensuite-Sea view,Base Rate,Room 51,,2,0,GBP,123.00,123.00,123.00,0.00,Online,Booking.com,Booking.com,On Account,Confirmed,,mharwo.896332@guest.booking.com,+44 7931 346839,,"Non-Smoking  Breakfast costs GBP12.50 per person per night. Children and Extra Bed Policy: Children of any age are allowed. You haven't added any cots. You haven't added any extra beds. The maximum number of guests is 2.  Deposit Policy: The guest will be charged a prepayment of the total price of the reservation at any time.  Cancellation Policy: The guest can cancel free of charge until 5 days before arrival. The guest will be charged the total price of the reservation if they cancel in the 5 days before arrival.  payment_on_Booking.com (Payout type: BankTransfer)  ** THIS RESERVATION HAS BEEN PRE-PAID ** BOOKING NOTE : Payment charge is GBP 1.968  Genius Booker ",,,,,"2026-06-28",,,,
Granby Hotel,2026-09-03T17:06:11,595-053-621,FGX-039-134,5602903481,,Russell,Dunstan,"2026-10-15","2026-10-16",1,Standard Single,Base Rate,Room 2,,1,0,GBP,26.15,26.15,26.15,0.00,Online,Booking.com,Booking.com,On Account,Confirmed,,rdunst.617487@guest.booking.com,+44 7488 361747,,"Genius Rate  Non-Smoking  Promos: Mobile(App) Rate  There is no meal option with this room. Children and Extra Bed Policy: Children of any age are allowed. You haven't added any cots. You haven't added any extra beds. The maximum number of guests is 1.  Deposit Policy: The guest will be charged a prepayment of the total price of the reservation at any time.  Cancellation Policy: The guest can cancel free of charge until 2 days before arrival. The guest will be charged the total price of the reservation if they cancel in the 2 days before arrival.  payment_on_Booking.com (Payout type: BankTransfer)  ** THIS RESERVATION HAS BEEN PRE-PAID ** BOOKING NOTE : Payment charge is GBP 0.4184  Genius Booker ",,,,,"2026-09-03",,,,
Sea Side Hotel,2026-01-28T14:05:19,656-620-481,EYU-146-692,5788435148,,Karen,Beardmore,"2026-10-15","2026-10-16",1,Sea view-Single room-Ensuite,,R107,,1,0,GBP,0.00,0.00,0.00,0.00,Online,Booking.com,Booking.com,On Account,Canceled,,kbeard.579245@guest.booking.com,+44 7935 108941,,"Genius Rate  Non-Smoking  Promos: Domestic  There is no meal option with this room. Children and Extra Bed Policy: Children of any age are allowed. You haven't added any cots. You haven't added any extra beds. The maximum number of guests is 1.  Deposit Policy: The guest will be charged a prepayment of the total price of the reservation at any time.  Cancellation Policy: The guest can cancel free of charge until 7 days before arrival. The guest will be charged the total price of the reservation if they cancel in the 7 days before arrival.  payment_on_Booking.com (Payout type: BankTransfer)  ** THIS RESERVATION HAS BEEN PRE-PAID ** BOOKING NOTE : Payment charge is GBP 0.65664  Genius Booker ",,,,,"2026-01-28",,,,
Granby Hotel,2026-02-03T14:30:23,686-240-081,XCV-786-424,6433422748,,Brian,Broadhead,"2026-10-15","2026-10-16",1,Standard Single,Base Rate,Room 8,,1,0,GBP,37.80,37.80,37.80,0.00,Online,Booking.com,Booking.com,On Account,Confirmed,,bbroad.584659@guest.booking.com,+44 7745 812381,,"Non-Smoking  Promos: Mobile(App) Rate  There is no meal option with this room. Children and Extra Bed Policy: Children of any age are allowed. You haven't added any cots. You haven't added any extra beds. The maximum number of guests is 1.  Deposit Policy: The guest will be charged a prepayment of the total price of the reservation at any time.  Cancellation Policy: The guest can cancel free of charge until 2 days before arrival. The guest will be charged the total price of the reservation if they cancel in the 2 days before arrival.  payment_on_Booking.com (Payout type: BankTransfer)  ** THIS RESERVATION HAS BEEN PRE-PAID ** BOOKING NOTE : Payment charge is GBP 0.6048  Genius Booker ",,,,,"2026-02-03",,,,
Granby Hotel,2026-02-05T10:49:19,924-695-181,UWG-110-960,5929263645,,Ford,Robert,"2026-10-15","2026-10-19",4,Standard Single,Base Rate,Room 17,,1,0,GBP,137.70,137.70,137.70,0.00,Online,Booking.com,Booking.com,On Account,Confirmed,,frober.210853@guest.booking.com,+44 7410 446797,,"Genius Rate  Non-Smoking  Promos: Mobile(App) Rate  There is no meal option with this room. Children and Extra Bed Policy: Children of any age are allowed. You haven't added any cots. You haven't added any extra beds. The maximum number of guests is 1.  Deposit Policy: The guest will be charged a prepayment of the total price of the reservation at any time.  Cancellation Policy: The guest can cancel free of charge until 2 days before arrival. The guest will be charged the total price of the reservation if they cancel in the 2 days before arrival.  payment_on_Booking.com (Payout type: BankTransfer)  ** THIS RESERVATION HAS BEEN PRE-PAID ** BOOKING NOTE : Payment charge is GBP 2.2032  Genius Booker ",,,,,"2026-02-05",,,,
Granby Hotel,2026-02-21T21:47:45,091-639-232,LSD-612-516,6869314162,,Benjamin,Monk,"2026-10-16","2026-10-18",2,Standard Double,Base Rate,Room 21,,1,0,GBP,84.15,336.60,84.15,0.00,Online,Booking.com,Booking.com,On Account,Confirmed,,bmonk.756607@guest.booking.com,+44 7538 911119,,"Group: 4 x Adult, 0 x Child  Genius Rate  Non-Smoking  Promos: Mobile(App) Rate  There is no meal option with this room. Children and Extra Bed Policy: Children of any age are allowed. You haven't added any cots. You haven't added any extra beds. The maximum number of guests is 2.  Deposit Policy: The guest will be charged a prepayment of the total price of the reservation at any time.  Cancellation Policy: The guest can cancel free of charge until 2 days before arrival. The guest will be charged the total price of the reservation if they cancel in the 2 days before arrival.  payment_on_Booking.com (Payout type: BankTransfer)  ** THIS RESERVATION HAS BEEN PRE-PAID ** BOOKING NOTE : Payment charge is GBP 5.3856  Genius Booker ",,,,,"2026-02-21",,,,
The Valley of Rocks Hotel,2026-08-20T13:03:22,131-225-611,UJR-382-624,6604038858,,KEVIN,TOPPLE,"2026-10-16","2026-10-17",1,Superior Double room Ensuite,Base Rate,Room 49,,2,0,GBP,69.00,69.00,69.00,0.00,Online,Booking.com,Booking.com,On Account,Confirmed,,ktoppl.185800@guest.booking.com,+44 1206 210846,,"Non-Smoking  Breakfast costs GBP12.50 per person per night. Children and Extra Bed Policy: Children of any age are allowed. You haven't added any cots. You haven't added any extra beds. The maximum number of guests is 2.  Deposit Policy: The guest will be charged a prepayment of the total price of the reservation at any time.  Cancellation Policy: The guest can cancel free of charge until 5 days before arrival. The guest will be charged the total price of the reservation if they cancel in the 5 days before arrival.  payment_on_Booking.com (Payout type: BankTransfer)  ** THIS RESERVATION HAS BEEN PRE-PAID ** Approximate time of arrival: between 15:00 and 16:00 We are coming down for a wedding on Saturday 17th October which is at 2.30pm and I notice that your get out time is 10am. Are we able to pay for a later check out. BOOKING NOTE : Payment charge is GBP 1.104  Genius Booker ",,,,,"2026-08-20",,,,
Sea Side Hotel,2026-04-25T12:44:34,188-803-282,RIJ-621-502,6942540330,,Stacey,bowen,"2026-10-16","2026-10-18",2,Standard-Quad room-Ensuite,,R305,,2,2,GBP,0.00,0.00,0.00,0.00,Online,Booking.com,Booking.com,On Account,Canceled,,sbowen.335714@guest.booking.com,+44 7943 380559,,"Child Ages: 11, 15  Genius Rate  Non-Smoking  Promos: Domestic  There is no meal option with this room. Children and Extra Bed Policy: Children of any age are allowed. You haven't added any cots. You haven't added any extra beds. The maximum number of guests is 4.  Deposit Policy: The guest will be charged a prepayment of the total price of the reservation at any time.  Cancellation Policy: The guest can cancel free of charge until 7 days before arrival. The guest will be charged the total price of the reservation if they cancel in the 7 days before arrival.  payment_on_Booking.com (Payout type: BankTransfer)  ** THIS RESERVATION HAS BEEN PRE-PAID ** BOOKING NOTE : Payment charge is GBP 1.9128  Genius Booker ",,,,,"2026-04-25",,,,
The Valley of Rocks Hotel,2026-08-23T14:09:15,201-698-404,EBH-153-245,5925560125,,Jesse,Gooderson,"2026-10-16","2026-10-18",2,Superior Double room Ensuite,Base Rate,Room 80,,2,0,GBP,138.00,138.00,138.00,0.00,Online,Booking.com,Booking.com,On Account,Confirmed,,jgoode.831004@guest.booking.com,+44 7308 945660,,"Non-Smoking  Breakfast costs GBP12.50 per person per night. Children and Extra Bed Policy: Children of any age are allowed. You haven't added any cots. You haven't added any extra beds. The maximum number of guests is 2.  Deposit Policy: The guest will be charged a prepayment of the total price of the reservation at any time.  Cancellation Policy: The guest can cancel free of charge until 5 days before arrival. The guest will be charged the total price of the reservation if they cancel in the 5 days before arrival.  payment_on_Booking.com (Payout type: BankTransfer)  ** THIS RESERVATION HAS BEEN PRE-PAID ** BOOKING NOTE : Payment charge is GBP 2.208 Approximate time of arrival: between 18:00 and 19:00 ",,,,,"2026-08-23",,,,
Granby Hotel,2026-06-28T10:04:03,298-516-092,UKC-067-280,5293567612,,RAYMOND,WARD,"2026-10-16","2026-10-20",4,Standard Single,Base Rate,Room 8,,1,0,GBP,136.84,136.84,136.84,0.00,Online,Booking.com,Booking.com,On Account,Confirmed,,rward.676598@guest.booking.com,+44 7961 509534,,"Genius Rate  Non-Smoking  Promos: Mobile(App) Rate  There is no meal option with this room. Children and Extra Bed Policy: Children of any age are allowed. You haven't added any cots. You haven't added any extra beds. The maximum number of guests is 1.  Deposit Policy: The guest will be charged a prepayment of the total price of the reservation at any time.  Cancellation Policy: The guest can cancel free of charge until 2 days before arrival. The guest will be charged the total price of the reservation if they cancel in the 2 days before arrival.  payment_on_Booking.com (Payout type: BankTransfer)  ** THIS RESERVATION HAS BEEN PRE-PAID ** BOOKING NOTE : Payment charge is GBP 2.18944  Genius Booker ",,,,,"2026-06-28",,,,
Granby Hotel,2026-07-17T21:20:32,308-859-864,XNG-648-766,5464667735,,Mike,Ashby,"2026-10-16","2026-10-19",3,Standard Twin,,Room 12,,2,0,GBP,0.00,0.00,0.00,0.00,Online,Booking.com,Booking.com,On Account,Canceled,,mashby.206258@guest.booking.com,+44 7971 802749,,"Genius Rate  Non-Smoking  Promos: Mobile(App) Rate  There is no meal option with this room. Children and Extra Bed Policy: Children of any age are allowed. You haven't added any cots. You haven't added any extra beds. The maximum number of guests is 2.  Deposit Policy: The guest will be charged a prepayment of the total price of the reservation at any time.  Cancellation Policy: The guest can cancel free of charge until 2 days before arrival. The guest will be charged the total price of the reservation if they cancel in the 2 days before arrival.  payment_on_Booking.com (Payout type: BankTransfer)  ** THIS RESERVATION HAS BEEN PRE-PAID ** BOOKING NOTE : Payment charge is GBP 1.93536  Genius Booker ",,,,,"2026-07-17",,,,
Granby Hotel,2026-02-21T21:47:45,458-244-044,LSD-612-516,6869314162,,Benjamin,Monk,"2026-10-16","2026-10-18",2,Single Shared Bathroom,Base Rate,Room 25,,1,0,GBP,84.15,See 091-639-232,84.15,0.00,Online,Booking.com,Booking.com,On Account,Confirmed,,bmonk.756607@guest.booking.com,+44 7538 911119,,"Group: 4 x Adult, 0 x Child  Genius Rate  Non-Smoking  Promos: Mobile(App) Rate  There is no meal option with this room. Children and Extra Bed Policy: Children of any age are allowed. You haven't added any cots. You haven't added any extra beds. The maximum number of guests is 2.  Deposit Policy: The guest will be charged a prepayment of the total price of the reservation at any time.  Cancellation Policy: The guest can cancel free of charge until 2 days before arrival. The guest will be charged the total price of the reservation if they cancel in the 2 days before arrival.  payment_on_Booking.com (Payout type: BankTransfer)  ** THIS RESERVATION HAS BEEN PRE-PAID ** BOOKING NOTE : Payment charge is GBP 5.3856  Genius Booker ",,,,,"2026-02-21",,,,
The Valley of Rocks Hotel,2026-07-27T21:01:23,461-925-991,JNC-743-318,5942330866,,Jason,Sinclair,"2026-10-16","2026-10-18",2,Superior Double room Ensuite,Base Rate,Room 21,,2,0,GBP,138.00,138.00,138.00,0.00,Online,Booking.com,Booking.com,On Account,Confirmed,,jsincl.110521@guest.booking.com,+44 7704 511550,,"Non-Smoking  Breakfast costs GBP12.50 per person per night. Children and Extra Bed Policy: Children of any age are allowed. You haven't added any cots. You haven't added any extra beds. The maximum number of guests is 2.  Deposit Policy: The guest will be charged a prepayment of the total price of the reservation at any time.  Cancellation Policy: The guest can cancel free of charge until 5 days before arrival. The guest will be charged the total price of the reservation if they cancel in the 5 days before arrival.  payment_on_Booking.com (Payout type: BankTransfer)  ** THIS RESERVATION HAS BEEN PRE-PAID ** BOOKING NOTE : Payment charge is GBP 2.208  Genius Booker ",,,,,"2026-07-27",,,,
The Valley of Rocks Hotel,2026-04-13T19:08:03,541-191-384,EEU-332-568,5962644739,,Kim,Lincoln,"2026-10-16","2026-10-18",2,Standard Family room Ensuite,Base Rate,Room 15,,2,1,GBP,168.00,168.00,168.00,0.00,Online,Booking.com,Booking.com,On Account,Confirmed,,klinco.766598@guest.booking.com,+44 7973 739092,,"Child Ages: 17  Non-Smoking  There is no meal option with this room. Children and Extra Bed Policy: Children of any age are allowed. You haven't added any cots. You haven't added any extra beds. The maximum number of guests is 3.  Deposit Policy: The guest will be charged a prepayment of the total price of the reservation at any time.  Cancellation Policy: The guest can cancel free of charge until 5 days before arrival. The guest will be charged the total price of the reservation if they cancel in the 5 days before arrival.  payment_on_Booking.com (Payout type: BankTransfer)  ** THIS RESERVATION HAS BEEN PRE-PAID ** BOOKING NOTE : Payment charge is GBP 2.688  Genius Booker ",,,,,"2026-04-13",,,,
Sea Side Hotel,2026-09-13T17:11:54,643-043-562,IWG-036-454,6102232272,,Lorna,Williamson,"2026-10-16","2026-10-20",4,Standard-Quad room-Ensuite,Non Refundable,R305,,3,0,GBP,270.79,270.79,270.79,0.00,Online,Booking.com,Booking.com,On Account,Confirmed,,lwilli.328175@guest.booking.com,+44 7455 226600,,"Genius Rate  Non-Smoking  Promos: Mobile(App) Rate  There is no meal option with this room. Children and Extra Bed Policy: Children of any age are allowed. You haven't added any cots. You haven't added any extra beds. The maximum number of guests is 4.  Deposit Policy: The guest will be charged a prepayment of the total price of the reservation at any time.  Cancellation Policy: The guest will be charged the total price of the reservation if they cancel at any time.  payment_on_Booking.com (Payout type: BankTransfer)  ** THIS RESERVATION HAS BEEN PRE-PAID ** BOOKING NOTE : Payment charge is GBP 4.33264  Genius Booker ",,,,,"2026-09-13",,,,
Granby Hotel,2026-02-21T21:47:45,693-316-052,LSD-612-516,6869314162,,Benjamin,Monk,"2026-10-16","2026-10-18",2,Standard Double,Base Rate,Room 9,,1,0,GBP,84.15,See 091-639-232,84.15,0.00,Online,Booking.com,Booking.com,On Account,Confirmed,,bmonk.756607@guest.booking.com,+44 7538 911119,,"Group: 4 x Adult, 0 x Child  Genius Rate  Non-Smoking  Promos: Mobile(App) Rate  There is no meal option with this room. Children and Extra Bed Policy: Children of any age are allowed. You haven't added any cots. You haven't added any extra beds. The maximum number of guests is 2.  Deposit Policy: The guest will be charged a prepayment of the total price of the reservation at any time.  Cancellation Policy: The guest can cancel free of charge until 2 days before arrival. The guest will be charged the total price of the reservation if they cancel in the 2 days before arrival.  payment_on_Booking.com (Payout type: BankTransfer)  ** THIS RESERVATION HAS BEEN PRE-PAID ** BOOKING NOTE : Payment charge is GBP 5.3856  Genius Booker ",,,,,"2026-02-21",,,,
Granby Hotel,2026-02-21T21:47:45,828-663-164,LSD-612-516,6869314162,,Benjamin,Monk,"2026-10-16","2026-10-18",2,Standard Double,Base Rate,Room 1A,,1,0,GBP,84.15,See 091-639-232,84.15,0.00,Online,Booking.com,Booking.com,On Account,Confirmed,,bmonk.756607@guest.booking.com,+44 7538 911119,,"Group: 4 x Adult, 0 x Child  Genius Rate  Non-Smoking  Promos: Mobile(App) Rate  There is no meal option with this room. Children and Extra Bed Policy: Children of any age are allowed. You haven't added any cots. You haven't added any extra beds. The maximum number of guests is 2.  Deposit Policy: The guest will be charged a prepayment of the total price of the reservation at any time.  Cancellation Policy: The guest can cancel free of charge until 2 days before arrival. The guest will be charged the total price of the reservation if they cancel in the 2 days before arrival.  payment_on_Booking.com (Payout type: BankTransfer)  ** THIS RESERVATION HAS BEEN PRE-PAID ** BOOKING NOTE : Payment charge is GBP 5.3856  Genius Booker ",,,,,"2026-02-21",,,,
The Valley of Rocks Hotel,2026-08-16T19:20:24,839-165-552,GEF-400-885,6501326645,,Graham,Bedford,"2026-10-16","2026-10-18",2,Standard Double room Ensuite-Sea view,Base Rate,Room 52,,1,0,GBP,128.00,128.00,128.00,0.00,Online,Booking.com,Booking.com,On Account,Confirmed,,gbedfo.445467@guest.booking.com,+44 7484 671662,,"Non-Smoking  Breakfast costs GBP12.50 per person per night. Children and Extra Bed Policy: Children of any age are allowed. You haven't added any cots. You haven't added any extra beds. The maximum number of guests is 2.  Deposit Policy: The guest will be charged a prepayment of the total price of the reservation at any time.  Cancellation Policy: The guest can cancel free of charge until 5 days before arrival. The guest will be charged the total price of the reservation if they cancel in the 5 days before arrival.  payment_on_Booking.com (Payout type: BankTransfer)  ** THIS RESERVATION HAS BEEN PRE-PAID ** BOOKING NOTE : Payment charge is GBP 2.048  Genius Booker ",,,,,"2026-08-16",,,,
The Valley of Rocks Hotel,2026-09-14T20:23:32,899-429-321,BOS-390-084,6692265172,,Frances,Rowe,"2026-10-16","2026-10-17",1,Standard Double room Ensuite-Sea view,Base Rate,Room 54,,2,0,GBP,64.00,64.00,64.00,0.00,Online,Booking.com,Booking.com,On Account,Confirmed,,frowe.945233@guest.booking.com,+44 7399 786291,,"Non-Smoking  Breakfast costs GBP12.50 per person per night. Children and Extra Bed Policy: Children of any age are allowed. You haven't added any cots. You haven't added any extra beds. The maximum number of guests is 2.  Deposit Policy: The guest will be charged a prepayment of the total price of the reservation at any time.  Cancellation Policy: The guest can cancel free of charge until 5 days before arrival. The guest will be charged the total price of the reservation if they cancel in the 5 days before arrival.  payment_on_Booking.com (Payout type: BankTransfer)  ** THIS RESERVATION HAS BEEN PRE-PAID ** BOOKING NOTE : Payment charge is GBP 1.024  Genius Booker ",,,,,"2026-09-14",,,,
Granby Hotel,2026-08-10T17:39:14,961-456-242,MUC-659-965,5584837654,,Haskett-smith,Claire,"2026-10-16","2026-10-17",1,Standard Double,,Room 1,,2,0,GBP,0.00,0.00,0.00,0.00,Online,Booking.com,Booking.com,On Account,Canceled,,hclair.895536@guest.booking.com,+44 7990 569369,,"Genius Rate  Non-Smoking  Promos: Mobile(App) Rate  There is no meal option with this room. Children and Extra Bed Policy: Children of any age are allowed. You haven't added any cots. You haven't added any extra beds. The maximum number of guests is 2.  Deposit Policy: The guest will be charged a prepayment of the total price of the reservation at any time.  Cancellation Policy: The guest can cancel free of charge until 2 days before arrival. The guest will be charged the total price of the reservation if they cancel in the 2 days before arrival.  payment_on_Booking.com (Payout type: BankTransfer)  ** THIS RESERVATION HAS BEEN PRE-PAID ** BOOKING NOTE : Payment charge is GBP 0.59904  Genius Booker ",,,,,"2026-08-10",,,,
The Valley of Rocks Hotel,2026-09-13T12:08:28,961-921-594,XRD-458-575,5791957244,,Rachel,Davison,"2026-10-16","2026-10-18",2,Standard Double room Ensuite-Sea view,Base Rate,Room 55,,2,0,GBP,128.00,128.00,128.00,0.00,Online,Booking.com,Booking.com,On Account,Confirmed,,rdavis.769376@guest.booking.com,+44 7394 945974,,"Non-Smoking  Breakfast costs GBP12.50 per person per night. Children and Extra Bed Policy: Children of any age are allowed. You haven't added any cots. You haven't added any extra beds. The maximum number of guests is 2.  Deposit Policy: The guest will be charged a prepayment of the total price of the reservation at any time.  Cancellation Policy: The guest can cancel free of charge until 5 days before arrival. The guest will be charged the total price of the reservation if they cancel in the 5 days before arrival.  payment_on_Booking.com (Payout type: BankTransfer)  ** THIS RESERVATION HAS BEEN PRE-PAID ** BOOKING NOTE : Payment charge is GBP 2.048  Genius Booker ",,,,,"2026-09-13",,,,
The Valley of Rocks Hotel,2026-04-14T09:16:17,991-652-282,ULS-341-825,6182735546,,Danielle,Lincoln,"2026-10-16","2026-10-18",2,Standard  Double room Ensuite,,Room 5,,2,0,GBP,0.00,0.00,0.00,0.00,Online,Booking.com,Booking.com,On Account,Canceled,,dlinco.290683@guest.booking.com,+44 7585 627514,,"Non-Smoking  There is no meal option with this room. Children and Extra Bed Policy: Children of any age are allowed. You haven't added any cots. You haven't added any extra beds. The maximum number of guests is 2.  Deposit Policy: The guest will be charged a prepayment of the total price of the reservation at any time.  Cancellation Policy: The guest can cancel free of charge until 5 days before arrival. The guest will be charged the total price of the reservation if they cancel in the 5 days before arrival.  payment_on_Booking.com (Payout type: BankTransfer)  ** THIS RESERVATION HAS BEEN PRE-PAID ** BOOKING NOTE : Payment charge is GBP 1.888  Genius Booker ",,,,,"2026-04-14",,,,
The Valley of Rocks Hotel,2026-04-28T17:21:03,304-053-644,KEJ-164-485,6794172722,,Steve,Kenny,"2026-10-17","2026-10-18",1,Standard  Double room Ensuite,,Room 50,,2,0,GBP,0.00,0.00,0.00,0.00,Online,Booking.com,Booking.com,On Account,Canceled,,skenny.239125@guest.booking.com,+44 7925 379112,,"Non-Smoking  There is no meal option with this room. Children and Extra Bed Policy: Children of any age are allowed. You haven't added any cots. You haven't added any extra beds. The maximum number of guests is 2.  Deposit Policy: The guest will be charged a prepayment of the total price of the reservation at any time.  Cancellation Policy: The guest can cancel free of charge until 5 days before arrival. The guest will be charged the total price of the reservation if they cancel in the 5 days before arrival.  payment_on_Booking.com (Payout type: BankTransfer)  ** THIS RESERVATION HAS BEEN PRE-PAID ** BOOKING NOTE : Payment charge is GBP 0.944  Genius Booker ",,,,,"2026-04-28",,,,
Sea Side Hotel,2026-04-29T15:57:46,342-809-381,ZFU-323-431,5044654972,,squish,dad,"2026-10-17","2026-10-19",2,Standard-Quad room-Ensuite,,R305,,3,1,GBP,0.00,0.00,0.00,0.00,Online,Booking.com,Booking.com,On Account,Canceled,,sdad.112419@guest.booking.com,+44 7957 640607,,"Child Ages: 16  Genius Rate  Non-Smoking  Promos: Domestic  There is no meal option with this room. Children and Extra Bed Policy: Children of any age are allowed. You haven't added any cots. You haven't added any extra beds. The maximum number of guests is 4.  Deposit Policy: The guest will be charged a prepayment of the total price of the reservation at any time.  Cancellation Policy: The guest can cancel free of charge until 7 days before arrival. The guest will be charged the total price of the reservation if they cancel in the 7 days before arrival.  payment_on_Booking.com (Payout type: BankTransfer)  ** THIS RESERVATION HAS BEEN PRE-PAID ** BOOKING NOTE : Payment charge is GBP 1.80576  Genius Booker ",,,,,"2026-04-29",,,,
The Valley of Rocks Hotel,2026-08-06T15:14:32,458-405-584,CCS-427-765,6097814010,,Gemma,Lynch,"2026-10-17","2026-10-18",1,Standard  Double room Ensuite,Base Rate,Room 47,,2,0,GBP,59.00,118.00,59.00,0.00,Online,Booking.com,Booking.com,On Account,Confirmed,,glynch.705395@guest.booking.com,+44 7951 442305,,"Group: 4 x Adult, 0 x Child  Non-Smoking  Breakfast costs GBP12.50 per person per night. Children and Extra Bed Policy: Children of any age are allowed. You haven't added any cots. You haven't added any extra beds. The maximum number of guests is 2.  Deposit Policy: The guest will be charged a prepayment of the total price of the reservation at any time.  Cancellation Policy: The guest can cancel free of charge until 5 days before arrival. The guest will be charged the total price of the reservation if they cancel in the 5 days before arrival.  payment_on_Booking.com (Payout type: BankTransfer)  ** THIS RESERVATION HAS BEEN PRE-PAID ** BOOKING NOTE : Payment charge is GBP 1.888  Genius Booker ",,,,,"2026-08-06",,,,
Sea Side Hotel,2026-06-11T15:34:47,503-956-364,GSJ-687-637,5660226049,,Sue,Key,"2026-10-17","2026-10-19",2,Standard-Double room-Ensuite,Base Rate,R204,,2,0,GBP,75.12,75.12,75.12,0.00,Online,Booking.com,Booking.com,On Account,Confirmed,,skey.235942@guest.booking.com,+44 7929 059548,,"Genius Rate  Non-Smoking  Promos: Mobile(App) Rate  There is no meal option with this room. Children and Extra Bed Policy: Children of any age are allowed. You haven't added any cots. You haven't added any extra beds. The maximum number of guests is 2.  Deposit Policy: The guest will be charged a prepayment of the total price of the reservation at any time.  Cancellation Policy: The guest can cancel free of charge until 7 days before arrival. The guest will be charged the total price of the reservation if they cancel in the 7 days before arrival.  payment_on_Booking.com (Payout type: BankTransfer)  ** THIS RESERVATION HAS BEEN PRE-PAID ** BOOKING NOTE : Payment charge is GBP 1.20192  Genius Booker ",,,,,"2026-06-11",,,,
The Valley of Rocks Hotel,2026-08-06T15:14:32,612-535-034,CCS-427-765,6097814010,,Gemma,Lynch,"2026-10-17","2026-10-18",1,Standard  Double room Ensuite,Base Rate,Room 50,,2,0,GBP,59.00,See 458-405-584,59.00,0.00,Online,Booking.com,Booking.com,On Account,Confirmed,,glynch.705395@guest.booking.com,+44 7951 442305,,"Group: 4 x Adult, 0 x Child  Non-Smoking  Breakfast costs GBP12.50 per person per night. Children and Extra Bed Policy: Children of any age are allowed. You haven't added any cots. You haven't added any extra beds. The maximum number of guests is 2.  Deposit Policy: The guest will be charged a prepayment of the total price of the reservation at any time.  Cancellation Policy: The guest can cancel free of charge until 5 days before arrival. The guest will be charged the total price of the reservation if they cancel in the 5 days before arrival.  payment_on_Booking.com (Payout type: BankTransfer)  ** THIS RESERVATION HAS BEEN PRE-PAID ** BOOKING NOTE : Payment charge is GBP 1.888  Genius Booker ",,,,,"2026-08-06",,,,
Granby Hotel,2026-04-01T06:59:42,652-622-942,WJQ-079-918,6139237240,,Hughes,Robert,"2026-10-17","2026-10-24",7,Standard Double,Base Rate,Room 1,,1,0,GBP,276.18,276.18,276.18,0.00,Online,Booking.com,Booking.com,On Account,Confirmed,,hrober.516932@guest.booking.com,+44 7779858704,,"Genius Rate  Non-Smoking  Promos: Mobile(App) Rate  There is no meal option with this room. Children and Extra Bed Policy: Children of any age are allowed. You haven't added any cots. You haven't added any extra beds. The maximum number of guests is 2.  Deposit Policy: The guest will be charged a prepayment of the total price of the reservation at any time.  Cancellation Policy: The guest can cancel free of charge until 2 days before arrival. The guest will be charged the total price of the reservation if they cancel in the 2 days before arrival.  payment_on_Booking.com (Payout type: BankTransfer)  ** THIS RESERVATION HAS BEEN PRE-PAID ** BOOKING NOTE : Payment charge is GBP 4.41888  Genius Booker ",,,,,"2026-04-01",,,,
Sea Side Hotel,2026-05-17T06:27:29,668-232-434,BYI-721-289,6884166514,,David,Dickinson,"2026-10-17","2026-10-18",1,Standard-Double room-Ensuite,,R215,,2,0,GBP,0.00,0.00,0.00,0.00,Online,Booking.com,Booking.com,On Account,Canceled,,ddicki.799434@guest.booking.com,+44 7878 835382,,"Group: 4 x Adult, 0 x Child  Genius Rate  Non-Smoking  Promos: Domestic  There is no meal option with this room. Children and Extra Bed Policy: Children of any age are allowed. You haven't added any cots. You haven't added any extra beds. The maximum number of guests is 2.  Deposit Policy: The guest will be charged a prepayment of the total price of the reservation at any time.  Cancellation Policy: The guest can cancel free of charge until 7 days before arrival. The guest will be charged the total price of the reservation if they cancel in the 7 days before arrival.  payment_on_Booking.com (Payout type: BankTransfer)  ** THIS RESERVATION HAS BEEN PRE-PAID ** BOOKING NOTE : Payment charge is GBP 1.57824  Genius Booker ",,,,,"2026-05-17",,,,
Harbour Stays,2026-05-24T09:00:32,689-944-554,EJN-185-105,1730521204,,joanne,DIXON,"2026-10-17","2026-10-24",7,Sea view-Deluxe-Family-Duplex-Private Bathroom,,Flat 7 W/Balcony,,5,0,GBP,0.00,0.00,0.00,0.00,Online,Agoda,Agoda,On Account,Canceled,,cs_suppliers@agoda.com,,,"AdditionalNotes:Quiet room preferred  Limited Time Offer. Price includes 10% discount! ",,,,,"2026-05-24",,,,
Sea Side Hotel,2026-03-24T13:36:08,821-291-291,NVT-653-776,6592398646,,sandra,tate,"2026-10-17","2026-10-19",2,Standard-Twin room-Ensuite,Base Rate,R111,,2,0,GBP,96.90,96.90,96.90,0.00,Online,Booking.com,Booking.com,On Account,Confirmed,,state.818035@guest.booking.com,+44 7551 160183,,"Genius Rate  Non-Smoking  Promos: Domestic  There is no meal option with this room. Children and Extra Bed Policy: Children of any age are allowed. You haven't added any cots. You haven't added any extra beds. The maximum number of guests is 2.  Deposit Policy: The guest will be charged a prepayment of the total price of the reservation at any time.  Cancellation Policy: The guest can cancel free of charge until 7 days before arrival. The guest will be charged the total price of the reservation if they cancel in the 7 days before arrival.  payment_on_Booking.com (Payout type: BankTransfer)  ** THIS RESERVATION HAS BEEN PRE-PAID ** BOOKING NOTE : Payment charge is GBP 1.5504 Approximate time of arrival: between 03:00 and 04:00  Genius Booker ",,,,,"2026-03-24",,,,
The Valley of Rocks Hotel,2026-09-06T08:30:49,853-986-984,MCU-470-118,6357390762,,Christine,Wade,"2026-10-17","2026-10-18",1,Standard Double room Ensuite-Sea view,,Room 51,,2,0,GBP,0.00,0.00,0.00,0.00,Online,Booking.com,Booking.com,On Account,Canceled,,cwade.243988@guest.booking.com,+44 7952 820305,,"Non-Smoking  Breakfast costs GBP12.50 per person per night. Children and Extra Bed Policy: Children of any age are allowed. You haven't added any cots. You haven't added any extra beds. The maximum number of guests is 2.  Deposit Policy: The guest will be charged a prepayment of the total price of the reservation at any time.  Cancellation Policy: The guest can cancel free of charge until 5 days before arrival. The guest will be charged the total price of the reservation if they cancel in the 5 days before arrival.  payment_on_Booking.com (Payout type: BankTransfer)  ** THIS RESERVATION HAS BEEN PRE-PAID ** BOOKING NOTE : Payment charge is GBP 1.024  Genius Booker ",,,,,"2026-09-06",,,,
Sea Side Hotel,2026-05-17T06:27:29,945-432-961,BYI-721-289,6884166514,,David,Dickinson,"2026-10-17","2026-10-18",1,Standard-Double room-Ensuite,,R101,,2,0,GBP,0.00,See 668-232-434,0.00,0.00,Online,Booking.com,Booking.com,On Account,Canceled,,ddicki.799434@guest.booking.com,+44 7878 835382,,"Group: 4 x Adult, 0 x Child  Genius Rate  Non-Smoking  Promos: Domestic  There is no meal option with this room. Children and Extra Bed Policy: Children of any age are allowed. You haven't added any cots. You haven't added any extra beds. The maximum number of guests is 2.  Deposit Policy: The guest will be charged a prepayment of the total price of the reservation at any time.  Cancellation Policy: The guest can cancel free of charge until 7 days before arrival. The guest will be charged the total price of the reservation if they cancel in the 7 days before arrival.  payment_on_Booking.com (Payout type: BankTransfer)  ** THIS RESERVATION HAS BEEN PRE-PAID ** BOOKING NOTE : Payment charge is GBP 1.57824  Genius Booker ",,,,,"2026-05-17",,,,
The Valley of Rocks Hotel,2026-07-25T16:38:54,009-901-212,OAV-151-494,5448797915,,Ann-Marii,Vilk,"2026-10-18","2026-10-19",1,Standard  Double room Ensuite,Base Rate,Room 5,,2,0,GBP,48.60,48.60,48.60,0.00,Online,Booking.com,Booking.com,On Account,Confirmed,,avilk.608463@guest.booking.com,+372 5328 5699,,"Non-Smoking  Promos: International  Breakfast costs GBP12.50 per person per night. Children and Extra Bed Policy: Children of any age are allowed. You haven't added any cots. You haven't added any extra beds. The maximum number of guests is 2.  Deposit Policy: The guest will be charged a prepayment of the total price of the reservation at any time.  Cancellation Policy: The guest can cancel free of charge until 5 days before arrival. The guest will be charged the total price of the reservation if they cancel in the 5 days before arrival.  payment_on_Booking.com (Payout type: BankTransfer)  ** THIS RESERVATION HAS BEEN PRE-PAID ** BOOKING NOTE : Payment charge is GBP 0.7776  Genius Booker ",,,,,"2026-07-25",,,,
The Valley of Rocks Hotel,2026-09-07T13:57:13,014-143-221,ZJG-369-642,6685382884,,Margaret,Lodge,"2026-10-18","2026-10-20",2,Standard Double room Ensuite-Sea view,,Room 52,,2,0,GBP,0.00,0.00,0.00,0.00,Online,Booking.com,Booking.com,On Account,Canceled,,mlodge.354273@guest.booking.com,+44 7704 504904,,"Non-Smoking  Breakfast costs GBP12.50 per person per night. Children and Extra Bed Policy: Children of any age are allowed. You haven't added any cots. You haven't added any extra beds. The maximum number of guests is 2.  Deposit Policy: The guest will be charged a prepayment of the total price of the reservation at any time.  Cancellation Policy: The guest can cancel free of charge until 5 days before arrival. The guest will be charged the total price of the reservation if they cancel in the 5 days before arrival.  payment_on_Booking.com (Payout type: BankTransfer)  ** THIS RESERVATION HAS BEEN PRE-PAID ** BOOKING NOTE : Payment charge is GBP 1.888  Genius Booker ",,,,,"2026-09-07",,,,
The Valley of Rocks Hotel,2026-08-19T17:35:13,024-486-291,XLE-863-705,6004754318,,CLARE,HITCHCOX,"2026-10-18","2026-10-19",1,Standard Double room Ensuite-Sea view,Base Rate,Room 51,,2,0,GBP,59.00,123.00,59.00,0.00,Online,Booking.com,Booking.com,On Account,Confirmed,,chitch.741882@guest.booking.com,+44 7938 021087,,"Group: 4 x Adult, 0 x Child  Non-Smoking  Breakfast costs GBP12.50 per person per night. Children and Extra Bed Policy: Children of any age are allowed. You haven't added any cots. You haven't added any extra beds. The maximum number of guests is 2.  Deposit Policy: The guest will be charged a prepayment of the total price of the reservation at any time.  Cancellation Policy: The guest can cancel free of charge until 5 days before arrival. The guest will be charged the total price of the reservation if they cancel in the 5 days before arrival.  payment_on_Booking.com (Payout type: BankTransfer)  ** THIS RESERVATION HAS BEEN PRE-PAID ** BOOKING NOTE : Payment charge is GBP 1.968  Genius Booker ",,,,,"2026-08-19",,,,
The Valley of Rocks Hotel,2026-09-13T12:25:44,034-488-101,NYK-746-474,6102272554,,Angus,Gordon-Colebrooke,"2026-10-18","2026-10-19",1,Superior Double room Ensuite,Base Rate,Room 22,,2,0,GBP,64.00,64.00,64.00,0.00,Online,Booking.com,Booking.com,On Account,Confirmed,,agordo.233097@guest.booking.com,+44 7821 505787,,"Non-Smoking  Breakfast costs GBP12.50 per person per night. Children and Extra Bed Policy: Children of any age are allowed. You haven't added any cots. You haven't added any extra beds. The maximum number of guests is 2.  Deposit Policy: The guest will be charged a prepayment of the total price of the reservation at any time.  Cancellation Policy: The guest can cancel free of charge until 5 days before arrival. The guest will be charged the total price of the reservation if they cancel in the 5 days before arrival.  payment_on_Booking.com (Payout type: BankTransfer)  ** THIS RESERVATION HAS BEEN PRE-PAID ** BOOKING NOTE : Payment charge is GBP 1.024  Genius Booker ",,,,,"2026-09-13",,,,
Harbour Stays,2025-07-20T18:11:13,133-292-802,GKY-396-526,5921121652,,Carla,Bailey,"2026-10-18","2026-10-19",1,Two Bedroom-Apartment-Private Bathroom,Base Rate,Flat 5,,4,1,GBP,100.00,201.00,80.00,20.00,Online,Booking.com,Booking.com,On Account,Confirmed,,cbaile.711024@guest.booking.com,+44 7999 135906,,"Group: 8 x Adult, 2 x Child  Child Ages: 15  Non-Smoking  There is no meal option with this room. Children and Extra Bed Policy: Children of any age are allowed. You haven't added any cots. You haven't added any extra beds. The maximum number of guests is 5.  Deposit Policy: The guest will be charged a prepayment of the total price of the reservation at any time.  Cancellation Policy: The guest can cancel free of charge until 7 days before arrival. The guest will be charged the total price of the reservation if they cancel in the 7 days before arrival.  payment_on_Booking.com (Payout type: BankTransfer)  ** THIS RESERVATION HAS BEEN PRE-PAID ** BOOKING NOTE : Payment charge is GBP 3.216  Genius Booker ",,,,,"2025-07-20",,,,
The Valley of Rocks Hotel,2026-08-19T17:35:13,159-830-834,XLE-863-705,6004754318,,CLARE,HITCHCOX,"2026-10-18","2026-10-19",1,Standard Twin room Ensuite-Sea view,Base Rate,Room 20,,2,0,GBP,64.00,See 024-486-291,64.00,0.00,Online,Booking.com,Booking.com,On Account,Confirmed,,chitch.741882@guest.booking.com,+44 7938 021087,,"Group: 4 x Adult, 0 x Child  Non-Smoking  Breakfast costs GBP12.50 per person per night. Children and Extra Bed Policy: Children of any age are allowed. You haven't added any cots. You haven't added any extra beds. The maximum number of guests is 2.  Deposit Policy: The guest will be charged a prepayment of the total price of the reservation at any time.  Cancellation Policy: The guest can cancel free of charge until 5 days before arrival. The guest will be charged the total price of the reservation if they cancel in the 5 days before arrival.  payment_on_Booking.com (Payout type: BankTransfer)  ** THIS RESERVATION HAS BEEN PRE-PAID ** BOOKING NOTE : Payment charge is GBP 1.968  Genius Booker ",,,,,"2026-08-19",,,,
Harbour Stays,2025-07-20T18:11:13,183-946-844,GKY-396-526,5921121652,,Carla,Bailey,"2026-10-18","2026-10-19",1,Three  Bedroom-Apartment-Private Bathroom,Base Rate,Flat 3 ,,4,1,GBP,101.00,See 133-292-802,81.00,20.00,Online,Booking.com,Booking.com,On Account,Confirmed,,cbaile.711024@guest.booking.com,+44 7999 135906,,"Group: 8 x Adult, 2 x Child  Child Ages: 6  Non-Smoking  There is no meal option with this room. Children and Extra Bed Policy: Children of any age are allowed. You haven't added any cots. You haven't added any extra beds. The maximum number of guests is 5.  Deposit Policy: The guest will be charged a prepayment of the total price of the reservation at any time.  Cancellation Policy: The guest can cancel free of charge until 7 days before arrival. The guest will be charged the total price of the reservation if they cancel in the 7 days before arrival.  payment_on_Booking.com (Payout type: BankTransfer)  ** THIS RESERVATION HAS BEEN PRE-PAID ** BOOKING NOTE : Payment charge is GBP 3.216  Genius Booker ",,,,,"2025-07-20",,,,
The Valley of Rocks Hotel,2026-09-17T14:11:34,199-431-892,UFZ-355-967,6546267182,,Rob,Barnes,"2026-10-18","2026-10-21",3,Standard  Double room Ensuite,Base Rate,Room 25,,1,0,GBP,162.00,162.00,162.00,0.00,Online,Booking.com,Booking.com,On Account,Confirmed,,rbarne.821417@guest.booking.com,+44 7986 777767,,"Non-Smoking  Breakfast costs GBP12.50 per person per night. Children and Extra Bed Policy: Children of any age are allowed. You haven't added any cots. You haven't added any extra beds. The maximum number of guests is 2.  Deposit Policy: The guest will be charged a prepayment of the total price of the reservation at any time.  Cancellation Policy: The guest can cancel free of charge until 5 days before arrival. The guest will be charged the total price of the reservation if they cancel in the 5 days before arrival.  payment_on_Booking.com (Payout type: BankTransfer)  ** THIS RESERVATION HAS BEEN PRE-PAID ** BOOKING NOTE : Payment charge is GBP 2.592  Genius Booker ",,,,,"2026-09-17",,,,
The Valley of Rocks Hotel,2026-09-17T13:35:42,294-206-381,OTI-842-346,6347102158,,Beata,Slisz TBA TBA,"2026-10-18","2026-10-21",3,Standard  Double room Ensuite,Base Rate,Room 47,,2,0,GBP,145.80,145.80,145.80,0.00,Online,Booking.com,Booking.com,On Account,Confirmed,,bslisz.887605@guest.booking.com,+66 919599984854,,"Non-Smoking  Promos: International  Breakfast costs GBP12.50 per person per night. Children and Extra Bed Policy: Children of any age are allowed. You haven't added any cots. You haven't added any extra beds. The maximum number of guests is 2.  Deposit Policy: The guest will be charged a prepayment of the total price of the reservation at any time.  Cancellation Policy: The guest can cancel free of charge until 5 days before arrival. The guest will be charged the total price of the reservation if they cancel in the 5 days before arrival.  payment_on_Booking.com (Payout type: BankTransfer)  ** THIS RESERVATION HAS BEEN PRE-PAID ** This booking is for 1 rooms with total of 2 adults.Thank you. Please do not share any Invoice/Receipt for the accommodation with the guest. This is prepaid booking and settled via booking.com BOOKING NOTE : Payment charge is GBP 2.3328  Genius Booker ",,,,,"2026-09-17",,,,
Sea Side Hotel,2026-06-28T20:29:40,339-439-531,DHJ-656-077,6516360697,,Brendan,Bugg,"2026-10-18","2026-10-19",1,Standard-Single room-Ensuite,Base Rate,R104,,1,0,GBP,31.59,31.59,31.59,0.00,Online,Booking.com,Booking.com,On Account,Confirmed,,bbugg.693652@guest.booking.com,+44 7763 150322,,"Genius Rate  Non-Smoking  Promos: Mobile(MDot) Rate  There is no meal option with this room. Children and Extra Bed Policy: Children of any age are allowed. You haven't added any cots. You haven't added any extra beds. The maximum number of guests is 1.  Deposit Policy: The guest will be charged a prepayment of the total price of the reservation at any time.  Cancellation Policy: The guest can cancel free of charge until 7 days before arrival. The guest will be charged the total price of the reservation if they cancel in the 7 days before arrival.  payment_on_Booking.com (Payout type: BankTransfer)  ** THIS RESERVATION HAS BEEN PRE-PAID ** BOOKING NOTE : Payment charge is GBP 0.50544  Genius Booker ",,,,,"2026-06-28",,,,
Sea Side Hotel,2026-08-11T07:03:44,584-592-104,DUN-796-561,5832604008,,Louise,Taylor,"2026-10-18","2026-10-19",1,Standard-Single room-Ensuite,Base Rate,R213,,1,0,GBP,35.36,35.36,35.36,0.00,Online,Booking.com,Booking.com,On Account,Confirmed,,ltaylo.388730@guest.booking.com,+44 7713 124889,,"Genius Rate  Non-Smoking  Promos: Domestic  There is no meal option with this room. Children and Extra Bed Policy: Children of any age are allowed. You haven't added any cots. You haven't added any extra beds. The maximum number of guests is 1.  Deposit Policy: The guest will be charged a prepayment of the total price of the reservation at any time.  Cancellation Policy: The guest can cancel free of charge until 7 days before arrival. The guest will be charged the total price of the reservation if they cancel in the 7 days before arrival.  payment_on_Booking.com (Payout type: BankTransfer)  ** THIS RESERVATION HAS BEEN PRE-PAID ** BOOKING NOTE : Payment charge is GBP 0.56576  Genius Booker ",,,,,"2026-08-11",,,,
Sea Side Hotel,2026-08-05T14:08:03,908-330-241,JFI-051-311,2527215938,,Jackie,Granados,"2026-10-18","2026-10-20",2,Standard-Single room-Ensuite,,R213,,1,0,GBP,0.00,0.00,0.00,0.00,Online,Expedia,Expedia & Affiliate Network,On Account,Canceled,,m44nmwal82@m.expediapartnercentral.com,111111111111,,"Expedia collects payment from traveler: Hotel invoices Expedia. ",,,,,"2026-08-05",,,,
Granby Hotel,2026-09-12T13:43:36,914-952-531,OWY-808-098,6249219626,,shan,stock,"2026-10-18","2026-10-19",1,Standard Single,Base Rate,Room 2,,1,0,GBP,35.00,35.00,35.00,0.00,Online,Booking.com,Booking.com,On Account,Confirmed,,sstock.394146@guest.booking.com,+44 7896 943644,,"Non-Smoking  There is no meal option with this room. Children and Extra Bed Policy: Children of any age are allowed. You haven't added any cots. You haven't added any extra beds. The maximum number of guests is 1.  Deposit Policy: The guest will be charged a prepayment of the total price of the reservation at any time.  Cancellation Policy: The guest can cancel free of charge until 2 days before arrival. The guest will be charged the total price of the reservation if they cancel in the 2 days before arrival.  payment_on_Booking.com (Payout type: BankTransfer)  ** THIS RESERVATION HAS BEEN PRE-PAID ** BOOKING NOTE : Payment charge is GBP 0.56  Genius Booker ",,,,,"2026-09-12",,,,
Granby Hotel,2026-06-11T18:24:11,039-663-861,NWZ-038-745,5246660060,,Michelle,Brook,"2026-10-19","2026-10-23",4,Double Shared Bathroom,,Room 23,,2,0,GBP,0.00,0.00,0.00,0.00,Online,Booking.com,Booking.com,On Account,Canceled,,mbrook.195368@guest.booking.com,+44 7872 077778,,"Non-Smoking  Promos: Mobile(App) Rate  There is no meal option with this room. Children and Extra Bed Policy: Children of any age are allowed. You haven't added any cots. You haven't added any extra beds. The maximum number of guests is 2.  Deposit Policy: The guest will be charged a prepayment of the total price of the reservation at any time.  Cancellation Policy: The guest can cancel free of charge until 2 days before arrival. The guest will be charged the total price of the reservation if they cancel in the 2 days before arrival.  payment_on_Booking.com (Payout type: BankTransfer)  ** THIS RESERVATION HAS BEEN PRE-PAID ** BOOKING NOTE : Payment charge is GBP 2.5056  Genius Booker ",,,,,"2026-06-11",,,,
The Valley of Rocks Hotel,2026-02-23T10:16:44,044-052-404,DFH-285-956,6117614300,,Jacqueline,Davis,"2026-10-19","2026-10-22",3,Standard Single room Ensuite,,Room 14,,1,0,GBP,0.00,0.00,0.00,0.00,Online,Booking.com,Booking.com,On Account,Canceled,,jdavis.784319@guest.booking.com,+44 7410 626845,,"Non-Smoking  Promos: Domestic  There is no meal option with this room. Children and Extra Bed Policy: Children of any age are allowed. You haven't added any cots. You haven't added any extra beds. The maximum number of guests is 1.  Deposit Policy: The guest will be charged a prepayment of the total price of the reservation at any time.  Cancellation Policy: The guest can cancel free of charge until 5 days before arrival. The guest will be charged the total price of the reservation if they cancel in the 5 days before arrival.  payment_on_Booking.com (Payout type: BankTransfer)  ** THIS RESERVATION HAS BEEN PRE-PAID ** BOOKING NOTE : Payment charge is GBP 2.2128 ",,,,,"2026-02-23",,,,
The Valley of Rocks Hotel,2026-09-13T17:50:44,325-491-222,WAS-987-929,6581729586,,Dominic,Kerridge,"2026-10-19","2026-10-22",3,Standard  Double room Ensuite,Base Rate,Room 50,,2,0,GBP,162.00,162.00,162.00,0.00,Online,Booking.com,Booking.com,On Account,Confirmed,,dkerri.882219@guest.booking.com,+44 7727 246810,,"Non-Smoking  Breakfast costs GBP12.50 per person per night. Children and Extra Bed Policy: Children of any age are allowed. You haven't added any cots. You haven't added any extra beds. The maximum number of guests is 2.  Deposit Policy: The guest will be charged a prepayment of the total price of the reservation at any time.  Cancellation Policy: The guest can cancel free of charge until 5 days before arrival. The guest will be charged the total price of the reservation if they cancel in the 5 days before arrival.  payment_on_Booking.com (Payout type: BankTransfer)  ** THIS RESERVATION HAS BEEN PRE-PAID ** BOOKING NOTE : Payment charge is GBP 2.592  Genius Booker ",,,,,"2026-09-13",,,,
Sea Side Hotel,2026-05-30T14:40:07,365-139-222,EBK-446-948,6094116175,,Amanda,Smith,"2026-10-19","2026-10-23",4,Standard-Single room-Ensuite,,R103,,1,0,GBP,0.00,0.00,0.00,0.00,Online,Booking.com,Booking.com,On Account,Canceled,,nzvglh.473474@guest.booking.com,+44 7397 065584,,"Group: 2 x Adult, 3 x Child  Genius Rate  Non-Smoking  Promos: Domestic  There is no meal option with this room. Children and Extra Bed Policy: Children of any age are allowed. You haven't added any cots. You haven't added any extra beds. The maximum number of guests is 1.  Deposit Policy: The guest will be charged a prepayment of the total price of the reservation at any time.  Cancellation Policy: The guest can cancel free of charge until 7 days before arrival. The guest will be charged the total price of the reservation if they cancel in the 7 days before arrival.  payment_on_Booking.com (Payout type: BankTransfer)  ** THIS RESERVATION HAS BEEN PRE-PAID ** BOOKING NOTE : Payment charge is GBP 5.43088  Genius Booker ",,,,,"2026-05-30",,,,
Sea Side Hotel,2026-01-25T20:27:15,431-015-001,BMU-436-145,6960757542,,chris,lake,"2026-10-19","2026-10-23",4,Standard-Quad room-Ensuite,,R305,,2,2,GBP,0.00,0.00,0.00,0.00,Online,Booking.com,Booking.com,On Account,Canceled,,clake.994707@guest.booking.com,+44 7986 131118,,"Child Ages: 11, 13  Genius Rate  Non-Smoking  Promos: Domestic  There is no meal option with this room. Children and Extra Bed Policy: Children of any age are allowed. You haven't added any cots. You haven't added any extra beds. The maximum number of guests is 4.  Deposit Policy: The guest will be charged a prepayment of the total price of the reservation at any time.  Cancellation Policy: The guest can cancel free of charge until 7 days before arrival. The guest will be charged the total price of the reservation if they cancel in the 7 days before arrival.  payment_on_Booking.com (Payout type: BankTransfer)  ** THIS RESERVATION HAS BEEN PRE-PAID ** BOOKING NOTE : Payment charge is GBP 4.17264  Genius Booker ",,,,,"2026-01-25",,,,
Sea Side Hotel,2026-05-30T14:40:07,608-005-914,EBK-446-948,6094116175,,Amanda,Smith,"2026-10-19","2026-10-23",4,Standard-Quad room-Ensuite,,R305,,1,3,GBP,0.00,See 365-139-222,0.00,0.00,Online,Booking.com,Booking.com,On Account,Canceled,,nzvglh.473474@guest.booking.com,+44 7397 065584,,"Group: 2 x Adult, 3 x Child  Child Ages: 10, 11, 13  Genius Rate  Non-Smoking  Promos: Domestic  There is no meal option with this room. Children and Extra Bed Policy: Children of any age are allowed. You haven't added any cots. You haven't added any extra beds. The maximum number of guests is 1.  Deposit Policy: The guest will be charged a prepayment of the total price of the reservation at any time.  Cancellation Policy: The guest can cancel free of charge until 7 days before arrival. The guest will be charged the total price of the reservation if they cancel in the 7 days before arrival.  payment_on_Booking.com (Payout type: BankTransfer)  ** THIS RESERVATION HAS BEEN PRE-PAID ** BOOKING NOTE : Payment charge is GBP 5.43088  Genius Booker ",,,,,"2026-05-30",,,,
Sea Side Hotel,2026-08-03T22:54:00,923-684-012,OZU-991-382,6920974976,,Jamie,Lee,"2026-10-19","2026-10-20",1,Standard-Single room-Ensuite,,R103,,1,0,GBP,0.00,0.00,0.00,0.00,Online,Booking.com,Booking.com,On Account,Canceled,,nkgvcl.971000@guest.booking.com,+44 7362 396597,,"Genius Rate  Non-Smoking  Promos: Early Booker Deal  There is no meal option with this room. Children and Extra Bed Policy: Children of any age are allowed. You haven't added any cots. You haven't added any extra beds. The maximum number of guests is 1.  Deposit Policy: The guest will be charged a prepayment of the total price of the reservation at any time.  Cancellation Policy: The guest can cancel free of charge until 7 days before arrival. The guest will be charged the total price of the reservation if they cancel in the 7 days before arrival.  payment_on_Booking.com (Payout type: BankTransfer)  ** THIS RESERVATION HAS BEEN PRE-PAID ** BOOKING NOTE : Payment charge is GBP 0.44096  Genius Booker ",,,,,"2026-08-03",,,,
The Valley of Rocks Hotel,2026-07-21T10:50:33,261-028-081,OXK-808-933,6806620527,,Andries,Hof,"2026-10-20","2026-10-21",1,Standard Twin room Ensuite,Base Rate,Room 10,,1,1,GBP,53.10,101.70,53.10,0.00,Online,Booking.com,Booking.com,On Account,Confirmed,,ahof.343575@guest.booking.com,+31 6 35622311,,"Group: 3 x Adult, 1 x Child  Child Ages: 16  Non-Smoking  Promos: International  Breakfast costs GBP12.50 per person per night. Children and Extra Bed Policy: Children of any age are allowed. You haven't added any cots. You haven't added any extra beds. The maximum number of guests is 2.  Deposit Policy: The guest will be charged a prepayment of the total price of the reservation at any time.  Cancellation Policy: The guest can cancel free of charge until 5 days before arrival. The guest will be charged the total price of the reservation if they cancel in the 5 days before arrival.  payment_on_Booking.com (Payout type: BankTransfer)  ** THIS RESERVATION HAS BEEN PRE-PAID ** BOOKING NOTE : Payment charge is GBP 1.6272 Approximate time of arrival: between 15:00 and 16:00  Genius Booker ",,,,,"2026-07-21",,,,
Sea Side Hotel,2026-08-05T14:10:16,398-946-291,LCO-196-565,2527217206,,Jackie,Granados,"2026-10-20","2026-10-22",2,Standard-Single room-Ensuite,,R213,,1,0,GBP,0.00,0.00,0.00,0.00,Online,Expedia,Expedia & Affiliate Network,On Account,Canceled,,3owixsoc79@m.expediapartnercentral.com,111111111111,,"Expedia collects payment from traveler: Hotel invoices Expedia. ",,,,,"2026-08-05",,,,
Sea Side Hotel,2026-09-08T19:11:17,442-190-951,CLK-847-193,6807646017,,Sarah,Hos,"2026-10-20","2026-10-21",1,Standard-Triple room-Ensuite,Non Refundable,R211,,3,0,GBP,61.24,61.24,61.24,0.00,Online,Booking.com,Booking.com,On Account,Confirmed,,shos.661781@guest.booking.com,+44 7858 158635,,"Non-Smoking  Promos: Early Booker Deal  There is no meal option with this room. Children and Extra Bed Policy: Children of any age are allowed. You haven't added any cots. You haven't added any extra beds. The maximum number of guests is 3.  Deposit Policy: The guest will be charged a prepayment of the total price of the reservation at any time.  Cancellation Policy: The guest will be charged the total price of the reservation if they cancel at any time.  payment_on_Booking.com (Payout type: BankTransfer)  ** THIS RESERVATION HAS BEEN PRE-PAID ** BOOKING NOTE : Payment charge is GBP 0.97984 Approximate time of arrival: between 14:00 and 15:00 ",,,,,"2026-09-08",,,,
Granby Hotel,2026-09-16T16:33:29,464-369-824,JAD-562-369,5466006011,,Ian,Firth,"2026-10-20","2026-10-21",1,Single Shared Bathroom,,Room 25,,1,0,GBP,0.00,0.00,0.00,0.00,Online,Booking.com,Booking.com,On Account,Canceled,,ifirth.439819@guest.booking.com,+44 7922 056898,,"Genius Rate  Non-Smoking  Promos: Mobile(App) Rate  There is no meal option with this room. Children and Extra Bed Policy: Children of any age are allowed. You haven't added any cots. You haven't added any extra beds. The maximum number of guests is 1.  Deposit Policy: The guest will be charged a prepayment of the total price of the reservation at any time.  Cancellation Policy: The guest can cancel free of charge until 2 days before arrival. The guest will be charged the total price of the reservation if they cancel in the 2 days before arrival.  payment_on_Booking.com (Payout type: BankTransfer)  ** THIS RESERVATION HAS BEEN PRE-PAID ** BOOKING NOTE : Payment charge is GBP 0.35856  Genius Booker ",,,,,"2026-09-16",,,,
The Valley of Rocks Hotel,2026-07-21T10:50:33,642-936-681,OXK-808-933,6806620527,,Andries,Hof,"2026-10-20","2026-10-21",1,Standard  Double room Ensuite,Base Rate,Room 5,,2,0,GBP,48.60,See 261-028-081,48.60,0.00,Online,Booking.com,Booking.com,On Account,Confirmed,,ahof.343575@guest.booking.com,+31 6 35622311,,"Group: 3 x Adult, 1 x Child  Non-Smoking  Promos: International  Breakfast costs GBP12.50 per person per night. Children and Extra Bed Policy: Children of any age are allowed. You haven't added any cots. You haven't added any extra beds. The maximum number of guests is 2.  Deposit Policy: The guest will be charged a prepayment of the total price of the reservation at any time.  Cancellation Policy: The guest can cancel free of charge until 5 days before arrival. The guest will be charged the total price of the reservation if they cancel in the 5 days before arrival.  payment_on_Booking.com (Payout type: BankTransfer)  ** THIS RESERVATION HAS BEEN PRE-PAID ** BOOKING NOTE : Payment charge is GBP 1.6272 Approximate time of arrival: between 15:00 and 16:00  Genius Booker ",,,,,"2026-07-21",,,,
The Valley of Rocks Hotel,2026-08-29T11:04:44,013-242-492,AHW-036-490,6525082552,,Heath,& Will Astill,"2026-10-21","2026-10-23",2,Standard Twin room Ensuite,Base Rate,Room 10,,2,0,GBP,118.00,216.00,118.00,0.00,Online,Booking.com,Booking.com,On Account,Confirmed,,pclark.744587@guest.booking.com,+44 7929 783460,,"Group: 3 x Adult, 0 x Child  Non-Smoking  Breakfast costs GBP12.50 per person per night. Children and Extra Bed Policy: Children of any age are allowed. You haven't added any cots. You haven't added any extra beds. The maximum number of guests is 1.  Deposit Policy: The guest will be charged a prepayment of the total price of the reservation at any time.  Cancellation Policy: The guest can cancel free of charge until 5 days before arrival. The guest will be charged the total price of the reservation if they cancel in the 5 days before arrival.  payment_on_Booking.com (Payout type: BankTransfer)  ** THIS RESERVATION HAS BEEN PRE-PAID ** BOOKING NOTE : Payment charge is GBP 3.456  Genius Booker ",,,,,"2026-08-29",,,,
Sea Side Hotel,2026-05-14T08:16:43,164-064-524,TYC-315-272,5166953761,,Craig,Darby,"2026-10-21","2026-10-24",3,Standard-Quad room-Ensuite,,R305,,3,0,GBP,0.00,0.00,0.00,0.00,Online,Booking.com,Booking.com,On Account,Canceled,,cdarby.815624@guest.booking.com,+44 7983 810660,,"Genius Rate  Non-Smoking  Promos: Domestic  There is no meal option with this room. Children and Extra Bed Policy: Children of any age are allowed. You haven't added any cots. You haven't added any extra beds. The maximum number of guests is 4.  Deposit Policy: The guest will be charged a prepayment of the total price of the reservation at any time.  Cancellation Policy: The guest can cancel free of charge until 7 days before arrival. The guest will be charged the total price of the reservation if they cancel in the 7 days before arrival.  payment_on_Booking.com (Payout type: BankTransfer)  ** THIS RESERVATION HAS BEEN PRE-PAID ** BOOKING NOTE : Payment charge is GBP 2.53232  Genius Booker ",,,,,"2026-05-14",,,,
The Valley of Rocks Hotel,2026-08-29T11:04:44,351-968-061,AHW-036-490,6525082552,,paul,clarke,"2026-10-21","2026-10-23",2,Standard Single room Ensuite,Base Rate,Room 14,,1,0,GBP,98.00,See 013-242-492,98.00,0.00,Online,Booking.com,Booking.com,On Account,Confirmed,,pclark.744587@guest.booking.com,+44 7929 783460,,"Group: 3 x Adult, 0 x Child  Non-Smoking  Breakfast costs GBP12.50 per person per night. Children and Extra Bed Policy: Children of any age are allowed. You haven't added any cots. You haven't added any extra beds. The maximum number of guests is 1.  Deposit Policy: The guest will be charged a prepayment of the total price of the reservation at any time.  Cancellation Policy: The guest can cancel free of charge until 5 days before arrival. The guest will be charged the total price of the reservation if they cancel in the 5 days before arrival.  payment_on_Booking.com (Payout type: BankTransfer)  ** THIS RESERVATION HAS BEEN PRE-PAID ** BOOKING NOTE : Payment charge is GBP 3.456  Genius Booker ",,,,,"2026-08-29",,,,
The Valley of Rocks Hotel,2026-07-19T15:02:32,461-581-641,OZZ-781-285,5981551355,,Kelly,Cahill,"2026-10-21","2026-10-23",2,Standard  Double room Ensuite,,Room 5,,2,0,GBP,0.00,0.00,0.00,0.00,Online,Booking.com,Booking.com,On Account,Canceled,,damy.993675@guest.booking.com,+44 7473 666953,,"Group: 4 x Adult, 1 x Child  Non-Smoking  Breakfast costs GBP12.50 per person per night. Children and Extra Bed Policy: Children of any age are allowed. You haven't added any cots. You haven't added any extra beds. The maximum number of guests is 2.  Deposit Policy: The guest will be charged a prepayment of the total price of the reservation at any time.  Cancellation Policy: The guest can cancel free of charge until 5 days before arrival. The guest will be charged the total price of the reservation if they cancel in the 5 days before arrival.  payment_on_Booking.com (Payout type: BankTransfer)  ** THIS RESERVATION HAS BEEN PRE-PAID ** BOOKING NOTE : Payment charge is GBP 4.256  Genius Booker ",,,,,"2026-07-19",,,,
Sea Side Hotel,2026-08-26T10:44:53,634-108-092,EFT-127-842,6018664062,,Tiffany,Hollinghurst,"2026-10-21","2026-10-22",1,Sea view-Double room-Ensuite,Non Refundable,R206,,2,0,GBP,49.01,49.01,49.01,0.00,Online,Booking.com,Booking.com,On Account,Confirmed,,tholli.578095@guest.booking.com,+44 7957 526786,,"Genius Rate  Non-Smoking  Promos: Early Booker Deal  There is no meal option with this room. Children and Extra Bed Policy: Children of any age are allowed. You haven't added any cots. You haven't added any extra beds. The maximum number of guests is 2.  Deposit Policy: The guest will be charged a prepayment of the total price of the reservation at any time.  Cancellation Policy: The guest will be charged the total price of the reservation if they cancel at any time.  payment_on_Booking.com (Payout type: BankTransfer)  ** THIS RESERVATION HAS BEEN PRE-PAID ** BOOKING NOTE : Payment charge is GBP 0.78416 Approximate time of arrival: between 13:00 and 14:00  Genius Booker ",,,,,"2026-08-26",,,,
The Valley of Rocks Hotel,2026-07-19T15:02:32,652-524-091,OZZ-781-285,5981551355,,Driscoll,Amy,"2026-10-21","2026-10-23",2,Standard Family room Ensuite,,Room 15,,2,1,GBP,0.00,See 461-581-641,0.00,0.00,Online,Booking.com,Booking.com,On Account,Canceled,,damy.993675@guest.booking.com,+44 7473 666953,,"Group: 4 x Adult, 1 x Child  Child Ages: 1  Non-Smoking  Breakfast costs GBP12.50 per person per night. Children and Extra Bed Policy: Children of any age are allowed. You haven't added any cots. You haven't added any extra beds. The maximum number of guests is 2.  Deposit Policy: The guest will be charged a prepayment of the total price of the reservation at any time.  Cancellation Policy: The guest can cancel free of charge until 5 days before arrival. The guest will be charged the total price of the reservation if they cancel in the 5 days before arrival.  payment_on_Booking.com (Payout type: BankTransfer)  ** THIS RESERVATION HAS BEEN PRE-PAID ** BOOKING NOTE : Payment charge is GBP 4.256  Genius Booker ",,,,,"2026-07-19",,,,
Sea Side Hotel,2026-08-08T14:11:31,009-923-362,KGP-849-812,5887295657,,Zena,fox,"2026-10-22","2026-10-25",3,Standard-Double room-Ensuite,Base Rate,R205,,2,0,GBP,127.51,255.02,127.51,0.00,Online,Booking.com,Booking.com,On Account,Confirmed,,echann.566809@guest.booking.com,+44 7929 184347,,"Group: 4 x Adult, 0 x Child  Genius Rate  Non-Smoking  Promos: Mobile(App) Rate  There is no meal option with this room. Children and Extra Bed Policy: Children of any age are allowed. You haven't added any cots. You haven't added any extra beds. The maximum number of guests is 2.  Deposit Policy: The guest will be charged a prepayment of the total price of the reservation at any time.  Cancellation Policy: The guest can cancel free of charge until 7 days before arrival. The guest will be charged the total price of the reservation if they cancel in the 7 days before arrival.  payment_on_Booking.com (Payout type: BankTransfer)  ** THIS RESERVATION HAS BEEN PRE-PAID ** BOOKING NOTE : Payment charge is GBP 4.08032  Genius Booker ",,,,,"2026-08-08",,,,
Sea Side Hotel,2026-07-21T14:45:46,039-525-854,GZD-112-637,6692935970,,Jake,Boyle,"2026-10-22","2026-10-23",1,Standard-Twin room-Ensuite,Base Rate,R111,,1,1,GBP,30.25,30.25,30.25,0.00,Online,Booking.com,Booking.com,On Account,Confirmed,,jboyle.559898@guest.booking.com,+44 7805 938035,,"Child Ages: 9  Genius Rate  Non-Smoking  Promos: Early Booker Deal  There is no meal option with this room. Children and Extra Bed Policy: Children of any age are allowed. You haven't added any cots. You haven't added any extra beds. The maximum number of guests is 2.  Deposit Policy: The guest will be charged a prepayment of the total price of the reservation at any time.  Cancellation Policy: The guest can cancel free of charge until 7 days before arrival. The guest will be charged the total price of the reservation if they cancel in the 7 days before arrival.  payment_on_Booking.com (Payout type: BankTransfer)  ** THIS RESERVATION HAS BEEN PRE-PAID ** BOOKING NOTE : Payment charge is GBP 0.484  Genius Booker ",,,,,"2026-07-21",,,,
Granby Hotel,2026-08-15T07:28:52,041-898-382,RBU-946-758,6664459687,,Leanne,Midgley,"2026-10-22","2026-10-25",3,Single Shared Bathroom,,Room 22,,1,0,GBP,0.00,0.00,0.00,0.00,Online,Booking.com,Booking.com,On Account,Canceled,,lmidgl.303831@guest.booking.com,+44 7904 005249,,"Genius Rate  Non-Smoking  Promos: Mobile(App) Rate  There is no meal option with this room. Children and Extra Bed Policy: Children of any age are allowed. You haven't added any cots. You haven't added any extra beds. The maximum number of guests is 1.  Deposit Policy: The guest will be charged a prepayment of the total price of the reservation at any time.  Cancellation Policy: The guest can cancel free of charge until 2 days before arrival. The guest will be charged the total price of the reservation if they cancel in the 2 days before arrival.  payment_on_Booking.com (Payout type: BankTransfer)  ** THIS RESERVATION HAS BEEN PRE-PAID ** BOOKING NOTE : Payment charge is GBP 1.31216  Genius Booker ",,,,,"2026-08-15",,,,
Sea Side Hotel,2026-08-08T14:11:31,081-652-844,KGP-849-812,5887295657,,Emma,Channer,"2026-10-22","2026-10-25",3,Standard-Double room-Ensuite,Base Rate,R214,,2,0,GBP,127.51,See 009-923-362,127.51,0.00,Online,Booking.com,Booking.com,On Account,Confirmed,,echann.566809@guest.booking.com,+44 7929 184347,,"Group: 4 x Adult, 0 x Child  Genius Rate  Non-Smoking  Promos: Mobile(App) Rate  There is no meal option with this room. Children and Extra Bed Policy: Children of any age are allowed. You haven't added any cots. You haven't added any extra beds. The maximum number of guests is 2.  Deposit Policy: The guest will be charged a prepayment of the total price of the reservation at any time.  Cancellation Policy: The guest can cancel free of charge until 7 days before arrival. The guest will be charged the total price of the reservation if they cancel in the 7 days before arrival.  payment_on_Booking.com (Payout type: BankTransfer)  ** THIS RESERVATION HAS BEEN PRE-PAID ** BOOKING NOTE : Payment charge is GBP 4.08032  Genius Booker ",,,,,"2026-08-08",,,,
Sea Side Hotel,2026-05-25T23:43:02,125-038-642,XOK-694-138,5950700934,,Jake,Boyle,"2026-10-22","2026-10-23",1,Standard-Twin room-Ensuite,,R111,,1,1,GBP,0.00,0.00,0.00,0.00,Online,Booking.com,Booking.com,On Account,Canceled,,jboyle.695061@guest.booking.com,+44 7805 938035,,"Child Ages: 9  Genius Rate  Non-Smoking  Promos: Domestic  There is no meal option with this room. Children and Extra Bed Policy: Children of any age are allowed. You haven't added any cots. You haven't added any extra beds. The maximum number of guests is 2.  Deposit Policy: The guest will be charged a prepayment of the total price of the reservation at any time.  Cancellation Policy: The guest can cancel free of charge until 7 days before arrival. The guest will be charged the total price of the reservation if they cancel in the 7 days before arrival.  payment_on_Booking.com (Payout type: BankTransfer)  ** THIS RESERVATION HAS BEEN PRE-PAID ** BOOKING NOTE : Payment charge is GBP 0.6056  Genius Booker ",,,,,"2026-05-25",,,,
Granby Hotel,2026-08-19T18:01:19,212-244-681,PMK-821-392,6709224788,,Shelly,Anne McPherson,"2026-10-22","2026-10-23",1,Standard Double,Base Rate,Room 21,,1,0,GBP,24.37,24.37,24.37,0.00,Online,Booking.com,Booking.com,On Account,Confirmed,,smcphe.340733@guest.booking.com,+44 7877 055200,,"Genius Rate  Non-Smoking  Promos: Mobile(App) Rate  There is no meal option with this room. Children and Extra Bed Policy: Children of any age are allowed. You haven't added any cots. You haven't added any extra beds. The maximum number of guests is 2.  Deposit Policy: The guest will be charged a prepayment of the total price of the reservation at any time.  Cancellation Policy: The guest can cancel free of charge until 2 days before arrival. The guest will be charged the total price of the reservation if they cancel in the 2 days before arrival.  payment_on_Booking.com (Payout type: BankTransfer)  ** THIS RESERVATION HAS BEEN PRE-PAID ** BOOKING NOTE : Payment charge is GBP 0.38992  Genius Booker ",,,,,"2026-08-19",,,,
The Valley of Rocks Hotel,2026-09-10T08:25:04,649-856-484,CJK-311-012,5265166567,,paul,white,"2026-10-22","2026-10-25",3,Standard Double room Ensuite-Sea view,Base Rate,Room 55,,2,0,GBP,187.00,187.00,187.00,0.00,Online,Booking.com,Booking.com,On Account,Confirmed,,pwhite.574723@guest.booking.com,+44 7954 291864,,"Non-Smoking  Breakfast costs GBP12.50 per person per night. Children and Extra Bed Policy: Children of any age are allowed. You haven't added any cots. You haven't added any extra beds. The maximum number of guests is 2.  Deposit Policy: The guest will be charged a prepayment of the total price of the reservation at any time.  Cancellation Policy: The guest can cancel free of charge until 5 days before arrival. The guest will be charged the total price of the reservation if they cancel in the 5 days before arrival.  payment_on_Booking.com (Payout type: BankTransfer)  ** THIS RESERVATION HAS BEEN PRE-PAID ** BOOKING NOTE : Payment charge is GBP 2.992  Genius Booker ",,,,,"2026-09-10",,,,
The Valley of Rocks Hotel,2026-06-27T11:39:47,829-160-891,UNN-159-116,5179238352,,Patrick,O Donnell,"2026-10-22","2026-10-24",2,Standard Twin room Ensuite-Sea view,,Room 20,,2,0,GBP,0.00,0.00,0.00,0.00,Online,Booking.com,Booking.com,On Account,Canceled,,podonn.452725@guest.booking.com,+61 416 482 940,,"Non-Smoking  Promos: International  Breakfast costs GBP12.50 per person per night. Children and Extra Bed Policy: Children of any age are allowed. You haven't added any cots. You haven't added any extra beds. The maximum number of guests is 2.  Deposit Policy: The guest will be charged a prepayment of the total price of the reservation at any time.  Cancellation Policy: The guest can cancel free of charge until 5 days before arrival. The guest will be charged the total price of the reservation if they cancel in the 5 days before arrival.  payment_on_Booking.com (Payout type: BankTransfer)  ** THIS RESERVATION HAS BEEN PRE-PAID ** BOOKING NOTE : Payment charge is GBP 1.8864  Genius Booker ",,,,,"2026-06-27",,,,
The Valley of Rocks Hotel,2026-09-06T16:31:28,895-393-464,KZM-588-603,6342300646,,Pascale,Reubelt,"2026-10-22","2026-10-24",2,Standard Family room Ensuite,Base Rate,Room 15,,2,1,GBP,146.70,146.70,146.70,0.00,Online,Booking.com,Booking.com,On Account,Confirmed,,preube.614809@guest.booking.com,+49 176 61283842,,"Child Ages: 8  Non-Smoking  Promos: International  Breakfast costs GBP12.50 per person per night. Children and Extra Bed Policy: Children of any age are allowed. You haven't added any cots. You haven't added any extra beds. The maximum number of guests is 3.  Deposit Policy: The guest will be charged a prepayment of the total price of the reservation at any time.  Cancellation Policy: The guest can cancel free of charge until 5 days before arrival. The guest will be charged the total price of the reservation if they cancel in the 5 days before arrival.  payment_on_Booking.com (Payout type: BankTransfer)  ** THIS RESERVATION HAS BEEN PRE-PAID ** BOOKING NOTE : Payment charge is GBP 2.3472  Genius Booker ",,,,,"2026-09-06",,,,
Granby Hotel,2025-12-01T21:18:37,004-051-852,DRB-237-503,5312590238,,Mark,Smith,"2026-10-23","2026-10-25",2,Standard Triple,,Room 10,,1,1,GBP,0.00,0.00,0.00,0.00,Online,Booking.com,Booking.com,On Account,Canceled,,msmith.394787@guest.booking.com,+44 7836 408993,,"Child Ages: 2  Non-Smoking  Promos: Mobile(App) Rate  There is no meal option with this room. Children and Extra Bed Policy: Children of any age are allowed. You haven't added any cots. You haven't added any extra beds. The maximum number of guests is 3.  Deposit Policy: The guest will be charged a prepayment of the total price of the reservation at any time.  Cancellation Policy: The guest can cancel free of charge until 2 days before arrival. The guest will be charged the total price of the reservation if they cancel in the 2 days before arrival.  payment_on_Booking.com (Payout type: BankTransfer)  ** THIS RESERVATION HAS BEEN PRE-PAID ** BOOKING NOTE : Payment charge is GBP 2.304  Genius Booker ",,,,,"2025-12-01",,,,
The Valley of Rocks Hotel,2026-09-13T19:58:05,025-454-382,GKF-571-361,6998109126,,Carina,Terbeck,"2026-10-23","2026-10-26",3,Standard  Double room Ensuite,Base Rate,Room 25,,1,1,GBP,154.80,309.60,154.80,0.00,Online,Booking.com,Booking.com,On Account,Confirmed,,cterbe.300310@guest.booking.com,+49 1512 0441763,,"Group: 2 x Adult, 2 x Child  Child Ages: 6  Non-Smoking  Promos: International  Breakfast costs GBP12.50 per person per night. Children and Extra Bed Policy: Children of any age are allowed. You haven't added any cots. You haven't added any extra beds. The maximum number of guests is 2.  Deposit Policy: The guest will be charged a prepayment of the total price of the reservation at any time.  Cancellation Policy: The guest can cancel free of charge until 5 days before arrival. The guest will be charged the total price of the reservation if they cancel in the 5 days before arrival.  payment_on_Booking.com (Payout type: BankTransfer)  ** THIS RESERVATION HAS BEEN PRE-PAID ** BOOKING NOTE : Payment charge is GBP 4.9536  Genius Booker ",,,,,"2026-09-13",,,,
Harbour Stays,2026-05-21T12:19:05,065-630-901,TXT-527-368,5646397847,,Craig,Darby,"2026-10-23","2026-10-26",3,Two Bedroom-Apartment-Private Bathroom,,Flat 5,,2,3,GBP,0.00,0.00,0.00,0.00,Online,Booking.com,Booking.com,On Account,Canceled,,cdarby.282004@guest.booking.com,+44 7983 810660,,"Child Ages: 10, 5, 7  payment_on_Booking.com (Payout type: BankTransfer)  Non-Smoking  ** THIS RESERVATION HAS BEEN PRE-PAID ** BOOKING NOTE : Payment charge is GBP 4.32  Genius Booker  There is no meal option with this room. Children and Extra Bed Policy: Children of any age are allowed. You haven't added any cots. You haven't added any extra beds. The maximum number of guests is 5.  Deposit Policy: The guest will be charged a prepayment of the total price of the reservation at any time.  Cancellation Policy: The guest can cancel free of charge until 7 days before arrival. The guest will be charged the total price of the reservation if they cancel in the 7 days before arrival.",,,,,"2026-05-21",,,,
The Valley of Rocks Hotel,2026-08-16T15:51:29,134-396-532,YYF-662-585,6367470192,,Kirsten,Dolby,"2026-10-23","2026-10-26",3,Standard  Double room Ensuite,Base Rate,Room 5,,2,0,GBP,172.00,172.00,172.00,0.00,Online,Booking.com,Booking.com,On Account,Confirmed,,kdolby.466511@guest.booking.com,+44 7703 137253,,"Non-Smoking  Breakfast costs GBP12.50 per person per night. Children and Extra Bed Policy: Children of any age are allowed. You haven't added any cots. You haven't added any extra beds. The maximum number of guests is 2.  Deposit Policy: The guest will be charged a prepayment of the total price of the reservation at any time.  Cancellation Policy: The guest can cancel free of charge until 5 days before arrival. The guest will be charged the total price of the reservation if they cancel in the 5 days before arrival.  payment_on_Booking.com (Payout type: BankTransfer)  ** THIS RESERVATION HAS BEEN PRE-PAID ** BOOKING NOTE : Payment charge is GBP 2.752 Approximate time of arrival: between 19:00 and 20:00  Genius Booker ",,,,,"2026-08-16",,,,
Granby Hotel,2026-06-10T17:14:49,141-933-684,CJX-346-173,5042731955,,Kenneth,Jardine,"2026-10-23","2026-10-26",3,Standard Double,Base Rate,Room 24,,1,0,GBP,103.49,103.49,103.49,0.00,Online,Booking.com,Booking.com,On Account,Confirmed,,kjardi.707902@guest.booking.com,+44 7947 890670,,"Genius Rate  Non-Smoking  There is no meal option with this room. Children and Extra Bed Policy: Children of any age are allowed. You haven't added any cots. You haven't added any extra beds. The maximum number of guests is 1.  Deposit Policy: The guest will be charged a prepayment of the total price of the reservation at any time.  Cancellation Policy: The guest can cancel free of charge until 2 days before arrival. The guest will be charged the total price of the reservation if they cancel in the 2 days before arrival.  payment_on_Booking.com (Payout type: BankTransfer)  ** THIS RESERVATION HAS BEEN PRE-PAID ** Approximate time of arrival: between 15:00 and 16:00 BOOKING NOTE : Payment charge is GBP 1.65584  Genius Booker ",,,,,"2026-06-10",,,,
Harbour Stays,2025-10-25T18:58:50,181-955-314,CXP-149-030,5188470619,,chris,lake,"2026-10-23","2026-10-26",3,Two Bedroom-Apartment-Private Bathroom,,Flat 5,,2,2,GBP,0.00,0.00,0.00,0.00,Online,Booking.com,Booking.com,On Account,Canceled,,clake.300074@guest.booking.com,+44 7986 131118,,"Child Ages: 10, 12  Non-Smoking  There is no meal option with this room. Children and Extra Bed Policy: Children of any age are allowed. You haven't added any cots. You haven't added any extra beds. The maximum number of guests is 5.  Deposit Policy: The guest will be charged a prepayment of the total price of the reservation at any time.  Cancellation Policy: The guest can cancel free of charge until 7 days before arrival. The guest will be charged the total price of the reservation if they cancel in the 7 days before arrival.  payment_on_Booking.com (Payout type: BankTransfer)  ** THIS RESERVATION HAS BEEN PRE-PAID ** BOOKING NOTE : Payment charge is GBP 4.64  Genius Booker ",,,,,"2025-10-25",,,,
Sea Side Hotel,2025-07-15T23:53:52,213-901-952,MBE-956-811,6330925788,,Michaila,Block,"2026-10-23","2026-10-26",3,Standard-Twin room-Ensuite,,R111,,2,0,GBP,0.00,0.00,0.00,0.00,Online,Booking.com,Booking.com,On Account,Canceled,,mblock.829921@guest.booking.com,+44 7539 559230,,"Non-Smoking  Promos: Domestic  There is no meal option with this room. Children and Extra Bed Policy: Children of any age are allowed. You haven't added any cots. You haven't added any extra beds. The maximum number of guests is 2.  Deposit Policy: The guest will be charged a prepayment of the total price of the reservation at any time.  Cancellation Policy: The guest can cancel free of charge until 7 days before arrival. The guest will be charged the total price of the reservation if they cancel in the 7 days before arrival.  payment_on_Booking.com (Payout type: BankTransfer)  ** THIS RESERVATION HAS BEEN PRE-PAID ** BOOKING NOTE : Payment charge is GBP 3.00976  Genius Booker ",,,,,"2025-07-15",,,,
Sea Side Hotel,2026-04-24T10:50:40,230-894-422,XOI-264-977,6688834845,,Emma,Louise Bell,"2026-10-23","2026-10-26",3,Sea view-Triple room-Ensuite,,R108,,2,1,GBP,0.00,0.00,0.00,0.00,Online,Booking.com,Booking.com,On Account,Canceled,,ebell.457977@guest.booking.com,+44 7722 315802,,"Child Ages: 13  Genius Rate  Non-Smoking  Promos: Domestic  There is no meal option with this room. Children and Extra Bed Policy: Children of any age are allowed. You haven't added any cots. You haven't added any extra beds. The maximum number of guests is 3.  Deposit Policy: The guest will be charged a prepayment of the total price of the reservation at any time.  Cancellation Policy: The guest can cancel free of charge until 7 days before arrival. The guest will be charged the total price of the reservation if they cancel in the 7 days before arrival.  payment_on_Booking.com (Payout type: BankTransfer)  ** THIS RESERVATION HAS BEEN PRE-PAID ** BOOKING NOTE : Payment charge is GBP 2.55824  Genius Booker ",,,,,"2026-04-24",,,,
Granby Hotel,2026-08-20T13:54:26,282-044-384,VHL-529-288,5495715289,,Dale,Woodall,"2026-10-23","2026-10-25",2,Single Shared Bathroom,Base Rate,Room 18,,1,0,GBP,64.80,64.80,64.80,0.00,Online,Booking.com,Booking.com,On Account,Confirmed,,dwooda.303302@guest.booking.com,+44 506973479,,"Genius Rate  Non-Smoking  Promos: Mobile(App) Rate  There is no meal option with this room. Children and Extra Bed Policy: Children of any age are allowed. You haven't added any cots. You haven't added any extra beds. The maximum number of guests is 1.  Deposit Policy: The guest will be charged a prepayment of the total price of the reservation at any time.  Cancellation Policy: The guest can cancel free of charge until 2 days before arrival. The guest will be charged the total price of the reservation if they cancel in the 2 days before arrival.  payment_on_Booking.com (Payout type: BankTransfer)  ** THIS RESERVATION HAS BEEN PRE-PAID ** BOOKING NOTE : Payment charge is GBP 1.0368  Genius Booker ",,,,,"2026-08-20",,,,
Sea Side Hotel,2026-06-16T21:34:04,284-403-221,TVO-616-540,6400515914,,Alison,Mckeever,"2026-10-23","2026-10-25",2,Sea view-Triple room-Ensuite,,R106,,2,0,GBP,0.00,0.00,0.00,0.00,Online,Booking.com,Booking.com,On Account,Canceled,,amckee.900115@guest.booking.com,+44 7707 016987,,"Genius Rate  Non-Smoking  Promos: Mobile(App) Rate  There is no meal option with this room. Children and Extra Bed Policy: Children of any age are allowed. You haven't added any cots. You haven't added any extra beds. The maximum number of guests is 3.  Deposit Policy: The guest will be charged a prepayment of the total price of the reservation at any time.  Cancellation Policy: The guest can cancel free of charge until 7 days before arrival. The guest will be charged the total price of the reservation if they cancel in the 7 days before arrival.  payment_on_Booking.com (Payout type: BankTransfer)  ** THIS RESERVATION HAS BEEN PRE-PAID ** BOOKING NOTE : Payment charge is GBP 1.67328  Genius Booker ",,,,,"2026-06-16",,,,
Harbour Stays,2026-08-07T20:32:55,328-482-824,WBI-912-717,5548307524,,Craig,Darby,"2026-10-23","2026-10-27",4,Three Bedroom-Apartment-Sea view-Private Bathroom,Base Rate,Flat 4  W/Balcony,,2,3,GBP,369.00,369.00,369.00,0.00,Online,Booking.com,Booking.com,On Account,Confirmed,,cdarby.208475@guest.booking.com,+44 7983 810660,,"Child Ages: 10, 5, 7  payment_on_Booking.com (Payout type: BankTransfer)  Non-Smoking  ** THIS RESERVATION HAS BEEN PRE-PAID ** BOOKING NOTE : Payment charge is GBP 5.904  Genius Booker  Promos: Mobile(App) Rate  There is no meal option with this room. Children and Extra Bed Policy: Children of any age are allowed. You haven't added any cots. You haven't added any extra beds. The maximum number of guests is 5.  Deposit Policy: The guest will be charged a prepayment of the total price of the reservation at any time.  Cancellation Policy: The guest can cancel free of charge until 7 days before arrival. The guest will be charged the total price of the reservation if they cancel in the 7 days before arrival.",,,,,"2026-08-07",,,,
Harbour Stays,2026-09-02T15:49:29,333-516-132,DXV-053-080,5938111867,,Dave,Meats,"2026-10-23","2026-10-25",2,Two Bedroom-Apartment-Private Bathroom,Base Rate,Flat 5,,5,0,GBP,205.20,397.66,205.20,0.00,Online,Booking.com,Booking.com,On Account,Confirmed,,dmeats.329306@guest.booking.com,+44 7526 368600,,"Group: 10 x Adult, 0 x Child  Genius Rate  Non-Smoking  Promos: Mobile(App) Rate  There is no meal option with this room. Children and Extra Bed Policy: Children of any age are allowed. You haven't added any cots. You haven't added any extra beds. The maximum number of guests is 6.  Deposit Policy: The guest will be charged a prepayment of the total price of the reservation at any time.  Cancellation Policy: The guest can cancel free of charge until 7 days before arrival. The guest will be charged the total price of the reservation if they cancel in the 7 days before arrival.  payment_on_Booking.com (Payout type: BankTransfer)  ** THIS RESERVATION HAS BEEN PRE-PAID ** BOOKING NOTE : Payment charge is GBP 6.36256  Genius Booker ",,,,,"2026-09-02",,,,
The Valley of Rocks Hotel,2026-08-19T09:21:46,360-844-332,IWQ-986-772,6535744672,,Kerry,NADIN,"2026-10-23","2026-10-25",2,Standard Twin room Ensuite-Sea view,Base Rate,Room 20,,2,0,GBP,294.00,134.00,134.00,160.00,Online,Booking.com,Booking.com,On Account,Confirmed,,knadin.140140@guest.booking.com,+44 7872 311015,,"Non-Smoking  Breakfast costs GBP12.50 per person per night. Children and Extra Bed Policy: Children of any age are allowed. You haven't added any cots. You haven't added any extra beds. The maximum number of guests is 2.  Deposit Policy: The guest will be charged a prepayment of the total price of the reservation at any time.  Cancellation Policy: The guest can cancel free of charge until 5 days before arrival. The guest will be charged the total price of the reservation if they cancel in the 5 days before arrival.  payment_on_Booking.com (Payout type: BankTransfer)  ** THIS RESERVATION HAS BEEN PRE-PAID ** BOOKING NOTE : Payment charge is GBP 2.144 We have two well behaved dogs We would like a quiet room please, thank you!  Genius Booker ",,,,,"2026-08-19",,,,
Sea Side Hotel,2026-07-07T01:08:48,368-366-481,RGM-024-415,6417993926,,Shannon,Barnacle,"2026-10-23","2026-10-24",1,Sea view-Triple room-Ensuite,Base Rate,R108,,2,1,GBP,52.27,52.27,52.27,0.00,Online,Booking.com,Booking.com,On Account,Confirmed,,sbarna.521479@guest.booking.com,+44 7498 248655,,"Child Ages: 4  Genius Rate  Non-Smoking  Promos: Mobile(App) Rate  There is no meal option with this room. Children and Extra Bed Policy: Children of any age are allowed. You haven't added any cots. You haven't added any extra beds. The maximum number of guests is 3.  Deposit Policy: The guest will be charged a prepayment of the total price of the reservation at any time.  Cancellation Policy: The guest can cancel free of charge until 7 days before arrival. The guest will be charged the total price of the reservation if they cancel in the 7 days before arrival.  payment_on_Booking.com (Payout type: BankTransfer)  ** THIS RESERVATION HAS BEEN PRE-PAID ** BOOKING NOTE : Payment charge is GBP 0.83632 It’s my partners birthday if you could do something nice in the room for him that would be really nice please thank you xx  Genius Booker ",,,,,"2026-07-07",,,,
The Valley of Rocks Hotel,2026-08-22T19:55:44,440-828-084,LRT-312-999,6967726929,,Tommy,Rennie,"2026-10-23","2026-10-24",1,Standard Twin room Ensuite,Base Rate,Room 10,,1,1,GBP,64.00,123.00,64.00,0.00,Online,Booking.com,Booking.com,On Account,Confirmed,,trenni.578244@guest.booking.com,+44 7935 211258,,"Group: 2 x Adult, 2 x Child  Child Ages: 12  Non-Smoking  Breakfast costs GBP12.50 per person per night. Children and Extra Bed Policy: Children of any age are allowed. You haven't added any cots. You haven't added any extra beds. The maximum number of guests is 2.  Deposit Policy: The guest will be charged a prepayment of the total price of the reservation at any time.  Cancellation Policy: The guest can cancel free of charge until 5 days before arrival. The guest will be charged the total price of the reservation if they cancel in the 5 days before arrival.  payment_on_Booking.com (Payout type: BankTransfer)  ** THIS RESERVATION HAS BEEN PRE-PAID ** BOOKING NOTE : Payment charge is GBP 1.968  Genius Booker ",,,,,"2026-08-22",,,,
Granby Hotel,2026-08-26T23:36:43,503-993-434,JUM-635-206,6916260201,,matejuna,sandra,"2026-10-23","2026-10-25",2,Standard Double,Base Rate,Room 7,,1,0,GBP,83.19,83.19,83.19,0.00,Online,Booking.com,Booking.com,On Account,Confirmed,,msandr.254796@guest.booking.com,+44 7397 756661,,"Genius Rate  Non-Smoking  Promos: Mobile(App) Rate  There is no meal option with this room. Children and Extra Bed Policy: Children of any age are allowed. You haven't added any cots. You haven't added any extra beds. The maximum number of guests is 2.  Deposit Policy: The guest will be charged a prepayment of the total price of the reservation at any time.  Cancellation Policy: The guest can cancel free of charge until 2 days before arrival. The guest will be charged the total price of the reservation if they cancel in the 2 days before arrival.  payment_on_Booking.com (Payout type: BankTransfer)  ** THIS RESERVATION HAS BEEN PRE-PAID ** BOOKING NOTE : Payment charge is GBP 1.33104  Genius Booker ",,,,,"2026-08-26",,,,
The Valley of Rocks Hotel,2026-08-22T19:55:44,566-829-244,LRT-312-999,6967726929,,Tommy,Rennie,"2026-10-23","2026-10-24",1,Standard  Double room Ensuite,Base Rate,Room 50,,1,1,GBP,59.00,See 440-828-084,59.00,0.00,Online,Booking.com,Booking.com,On Account,Confirmed,,trenni.578244@guest.booking.com,+44 7935 211258,,"Group: 2 x Adult, 2 x Child  Child Ages: 14  Non-Smoking  Breakfast costs GBP12.50 per person per night. Children and Extra Bed Policy: Children of any age are allowed. You haven't added any cots. You haven't added any extra beds. The maximum number of guests is 2.  Deposit Policy: The guest will be charged a prepayment of the total price of the reservation at any time.  Cancellation Policy: The guest can cancel free of charge until 5 days before arrival. The guest will be charged the total price of the reservation if they cancel in the 5 days before arrival.  payment_on_Booking.com (Payout type: BankTransfer)  ** THIS RESERVATION HAS BEEN PRE-PAID ** BOOKING NOTE : Payment charge is GBP 1.968  Genius Booker ",,,,,"2026-08-22",,,,
The Valley of Rocks Hotel,2026-09-13T19:58:05,583-981-994,GKF-571-361,6998109126,,Carina,Terbeck,"2026-10-23","2026-10-26",3,Standard  Double room Ensuite,Base Rate,Room 47,,1,1,GBP,154.80,See 025-454-382,154.80,0.00,Online,Booking.com,Booking.com,On Account,Confirmed,,cterbe.300310@guest.booking.com,+49 1512 0441763,,"Group: 2 x Adult, 2 x Child  Child Ages: 8  Non-Smoking  Promos: International  Breakfast costs GBP12.50 per person per night. Children and Extra Bed Policy: Children of any age are allowed. You haven't added any cots. You haven't added any extra beds. The maximum number of guests is 2.  Deposit Policy: The guest will be charged a prepayment of the total price of the reservation at any time.  Cancellation Policy: The guest can cancel free of charge until 5 days before arrival. The guest will be charged the total price of the reservation if they cancel in the 5 days before arrival.  payment_on_Booking.com (Payout type: BankTransfer)  ** THIS RESERVATION HAS BEEN PRE-PAID ** BOOKING NOTE : Payment charge is GBP 4.9536  Genius Booker ",,,,,"2026-09-13",,,,
Sea Side Hotel,2026-06-16T11:56:20,605-094-622,TFI-603-831,5113522649,,Alison,Mckeever,"2026-10-23","2026-10-25",2,Sea view-Triple room-Ensuite,,R110,,2,0,GBP,0.00,0.00,0.00,0.00,Online,Booking.com,Booking.com,On Account,Canceled,,amckee.142841@guest.booking.com,+44 7707 016987,,"Genius Rate  Non-Smoking  Promos: Mobile(App) Rate  There is no meal option with this room. Children and Extra Bed Policy: Children of any age are allowed. You haven't added any cots. You haven't added any extra beds. The maximum number of guests is 3.  Deposit Policy: The guest will be charged a prepayment of the total price of the reservation at any time.  Cancellation Policy: The guest can cancel free of charge until 7 days before arrival. The guest will be charged the total price of the reservation if they cancel in the 7 days before arrival.  payment_on_Booking.com (Payout type: BankTransfer)  ** THIS RESERVATION HAS BEEN PRE-PAID ** BOOKING NOTE : Payment charge is GBP 1.6256  Genius Booker ",,,,,"2026-06-16",,,,
Granby Hotel,2026-04-03T13:57:29,650-816-114,LYR-228-674,6627944128,,Garry,Kitchin,"2026-10-23","2026-10-25",2,Standard Triple,Base Rate,Room 14,,2,0,GBP,103.68,103.68,103.68,0.00,Online,Booking.com,Booking.com,On Account,Confirmed,,gkitch.185289@guest.booking.com,+44 7503 923222,,"Genius Rate  Non-Smoking  Promos: Mobile(App) Rate  There is no meal option with this room. Children and Extra Bed Policy: Children of any age are allowed. You haven't added any cots. You haven't added any extra beds. The maximum number of guests is 3.  Deposit Policy: The guest will be charged a prepayment of the total price of the reservation at any time.  Cancellation Policy: The guest can cancel free of charge until 2 days before arrival. The guest will be charged the total price of the reservation if they cancel in the 2 days before arrival.  payment_on_Booking.com (Payout type: BankTransfer)  ** THIS RESERVATION HAS BEEN PRE-PAID ** BOOKING NOTE : Payment charge is GBP 1.65888  Genius Booker ",,,,,"2026-04-03",,,,
Harbour Stays,2025-07-12T14:44:57,691-262-831,XNI-409-547,5056514529,,Catrina,Nicholson,"2026-10-23","2026-10-24",1,Three  Bedroom-Apartment-Private Bathroom,,Flat 3 ,,2,1,GBP,0.00,0.00,0.00,0.00,Online,Booking.com,Booking.com,On Account,Canceled,,cnicho.517899@guest.booking.com,+44 7874 675205,,"Child Ages: 17  Non-Smoking  There is no meal option with this room. Children and Extra Bed Policy: Children of any age are allowed. You haven't added any cots. You haven't added any extra beds. The maximum number of guests is 6.  Deposit Policy: The guest will be charged a prepayment of the total price of the reservation at any time.  Cancellation Policy: The guest can cancel free of charge until 7 days before arrival. The guest will be charged the total price of the reservation if they cancel in the 7 days before arrival.  payment_on_Booking.com (Payout type: BankTransfer)  ** THIS RESERVATION HAS BEEN PRE-PAID ** BOOKING NOTE : Payment charge is GBP 1.7456  Genius Booker ",,,,,"2025-07-12",,,,
Harbour Stays,2026-09-02T15:49:29,810-989-602,DXV-053-080,5938111867,,Dave,Meats,"2026-10-23","2026-10-25",2,Three  Bedroom-Apartment-Private Bathroom,Base Rate,Flat 3 ,,5,0,GBP,192.46,See 333-516-132,192.46,0.00,Online,Booking.com,Booking.com,On Account,Confirmed,,dmeats.329306@guest.booking.com,+44 7526 368600,,"Group: 10 x Adult, 0 x Child  Genius Rate  Non-Smoking  Promos: Mobile(App) Rate  There is no meal option with this room. Children and Extra Bed Policy: Children of any age are allowed. You haven't added any cots. You haven't added any extra beds. The maximum number of guests is 6.  Deposit Policy: The guest will be charged a prepayment of the total price of the reservation at any time.  Cancellation Policy: The guest can cancel free of charge until 7 days before arrival. The guest will be charged the total price of the reservation if they cancel in the 7 days before arrival.  payment_on_Booking.com (Payout type: BankTransfer)  ** THIS RESERVATION HAS BEEN PRE-PAID ** BOOKING NOTE : Payment charge is GBP 6.36256  Genius Booker ",,,,,"2026-09-02",,,,
The Valley of Rocks Hotel,2026-09-04T18:12:11,881-313-031,PUZ-462-490,6399345416,,Simon,Turton,"2026-10-23","2026-10-26",3,Standard Single room Ensuite,Base Rate,Room 62,,1,0,GBP,147.00,147.00,147.00,0.00,Online,Booking.com,Booking.com,On Account,Confirmed,,sturto.207004@guest.booking.com,+44 7910 054069,,"Non-Smoking  Breakfast costs GBP12.50 per person per night. Children and Extra Bed Policy: Children of any age are allowed. You haven't added any cots. You haven't added any extra beds. The maximum number of guests is 1.  Deposit Policy: The guest will be charged a prepayment of the total price of the reservation at any time.  Cancellation Policy: The guest can cancel free of charge until 5 days before arrival. The guest will be charged the total price of the reservation if they cancel in the 5 days before arrival.  payment_on_Booking.com (Payout type: BankTransfer)  ** THIS RESERVATION HAS BEEN PRE-PAID ** BOOKING NOTE : Payment charge is GBP 2.352  Genius Booker ",,,,,"2026-09-04",,,,
Granby Hotel,2026-08-19T14:15:55,912-924-551,NGH-801-900,5967222416,,neil,lowther,"2026-10-23","2026-10-26",3,Single Shared Bathroom,Base Rate,Room 22,,1,0,GBP,104.99,104.99,104.99,0.00,Online,Booking.com,Booking.com,On Account,Confirmed,,nlowth.303998@guest.booking.com,+44 7309 267514,,"Genius Rate  Non-Smoking  There is no meal option with this room. Children and Extra Bed Policy: Children of any age are allowed. You haven't added any cots. You haven't added any extra beds. The maximum number of guests is 1.  Deposit Policy: The guest will be charged a prepayment of the total price of the reservation at any time.  Cancellation Policy: The guest can cancel free of charge until 2 days before arrival. The guest will be charged the total price of the reservation if they cancel in the 2 days before arrival.  payment_on_Booking.com (Payout type: BankTransfer)  ** THIS RESERVATION HAS BEEN PRE-PAID ** BOOKING NOTE : Payment charge is GBP 1.67984 Approximate time of arrival: between 15:00 and 16:00  Genius Booker ",,,,,"2026-08-19",,,,
Granby Hotel,2025-12-01T21:26:51,962-250-962,KGO-006-522,6420544933,,Mark,Smith,"2026-10-23","2026-10-25",2,Standard Triple,,Room 10,,2,1,GBP,0.00,0.00,0.00,0.00,Online,Booking.com,Booking.com,On Account,Canceled,,msmith.343086@guest.booking.com,+44 7836 408993,,"Child Ages: 2  Non-Smoking  Promos: Mobile(App) Rate  There is no meal option with this room. Children and Extra Bed Policy: Children of any age are allowed. You haven't added any cots. You haven't added any extra beds. The maximum number of guests is 3.  Deposit Policy: The guest will be charged a prepayment of the total price of the reservation at any time.  Cancellation Policy: The guest can cancel free of charge until 2 days before arrival. The guest will be charged the total price of the reservation if they cancel in the 2 days before arrival.  payment_on_Booking.com (Payout type: BankTransfer)  ** THIS RESERVATION HAS BEEN PRE-PAID ** BOOKING NOTE : Payment charge is GBP 2.304  Genius Booker ",,,,,"2025-12-01",,,,
Granby Hotel,2026-08-26T17:29:41,980-813-914,JWK-747-518,6750270084,,Tate,Norma Killen,"2026-10-23","2026-10-25",2,Single Shared Bathroom,Base Rate,Room 20,,1,0,GBP,61.99,61.99,61.99,0.00,Online,Booking.com,Booking.com,On Account,Confirmed,,tkille.108926@guest.booking.com,+44 7857 244182,,"Genius Rate  Non-Smoking  Promos: Mobile(App) Rate  There is no meal option with this room. Children and Extra Bed Policy: Children of any age are allowed. You haven't added any cots. You haven't added any extra beds. The maximum number of guests is 1.  Deposit Policy: The guest will be charged a prepayment of the total price of the reservation at any time.  Cancellation Policy: The guest can cancel free of charge until 2 days before arrival. The guest will be charged the total price of the reservation if they cancel in the 2 days before arrival.  payment_on_Booking.com (Payout type: BankTransfer)  ** THIS RESERVATION HAS BEEN PRE-PAID ** BOOKING NOTE : Payment charge is GBP 0.99184  Genius Booker ",,,,,"2026-08-26",,,,
Granby Hotel,2026-08-15T18:37:05,023-996-862,ZAI-857-952,6778228156,,Andrew,Warden,"2026-10-24","2026-10-25",1,Standard Double,,Room 11,,1,0,GBP,0.00,0.00,0.00,0.00,Online,Booking.com,Booking.com,On Account,Canceled,,awarde.838206@guest.booking.com,+44 7714 042301,,"Genius Rate  Non-Smoking  Promos: Mobile(App) Rate  There is no meal option with this room. Children and Extra Bed Policy: Children of any age are allowed. You haven't added any cots. You haven't added any extra beds. The maximum number of guests is 2.  Deposit Policy: The guest will be charged a prepayment of the total price of the reservation at any time.  Cancellation Policy: The guest can cancel free of charge until 2 days before arrival. The guest will be charged the total price of the reservation if they cancel in the 2 days before arrival.  payment_on_Booking.com (Payout type: BankTransfer)  ** THIS RESERVATION HAS BEEN PRE-PAID ** BOOKING NOTE : Payment charge is GBP 0.7016  Genius Booker ",,,,,"2026-08-15",,,,
Granby Hotel,2026-07-28T10:31:23,108-500-222,RVN-044-326,6176716921,,Thatcher,Sharon,"2026-10-24","2026-10-25",1,Standard Double,Base Rate,Room 1A,,2,0,GBP,48.72,243.60,48.72,0.00,Online,Booking.com,Booking.com,On Account,Confirmed,,tsharo.960244@guest.booking.com,+44 7719 100738,,"Group: 10 x Adult, 0 x Child  Genius Rate  Non-Smoking  There is no meal option with this room. Children and Extra Bed Policy: Children of any age are allowed. You haven't added any cots. You haven't added any extra beds. The maximum number of guests is 2.  Deposit Policy: The guest will be charged a prepayment of the total price of the reservation at any time.  Cancellation Policy: The guest can cancel free of charge until 2 days before arrival. The guest will be charged the total price of the reservation if they cancel in the 2 days before arrival.  payment_on_Booking.com (Payout type: BankTransfer)  ** THIS RESERVATION HAS BEEN PRE-PAID ** Approximate time of arrival: between 11:00 and 12:00 We'll be travelling to arrive in time to stretch our legs and go get some lunch before attending the Scarborough Athletic game. Would it be possible to drop bags off for storage when we arrive, if this is possible I, Sharon Thatcher, as lead traveller will come back after the match to check everyone in and collect keys BOOKING NOTE : Payment charge is GBP 3.8976  Genius Booker ",,,,,"2026-07-28",,,,
Granby Hotel,2026-07-28T10:31:23,109-139-121,RVN-044-326,6176716921,,Simon,Haigh,"2026-10-24","2026-10-25",1,Standard Twin,Base Rate,Room 6,,2,0,GBP,48.72,See 108-500-222,48.72,0.00,Online,Booking.com,Booking.com,On Account,Confirmed,,tsharo.960244@guest.booking.com,+44 7719 100738,,"Group: 10 x Adult, 0 x Child  Genius Rate  Non-Smoking  There is no meal option with this room. Children and Extra Bed Policy: Children of any age are allowed. You haven't added any cots. You haven't added any extra beds. The maximum number of guests is 2.  Deposit Policy: The guest will be charged a prepayment of the total price of the reservation at any time.  Cancellation Policy: The guest can cancel free of charge until 2 days before arrival. The guest will be charged the total price of the reservation if they cancel in the 2 days before arrival.  payment_on_Booking.com (Payout type: BankTransfer)  ** THIS RESERVATION HAS BEEN PRE-PAID ** Approximate time of arrival: between 11:00 and 12:00 We'll be travelling to arrive in time to stretch our legs and go get some lunch before attending the Scarborough Athletic game. Would it be possible to drop bags off for storage when we arrive, if this is possible I, Sharon Thatcher, as lead traveller will come back after the match to check everyone in and collect keys BOOKING NOTE : Payment charge is GBP 3.8976  Genius Booker ",,,,,"2026-07-28",,,,
Granby Hotel,2026-08-07T09:41:04,129-394-812,JEB-398-835,5414127414,,Tina,Birch,"2026-10-24","2026-10-25",1,Single Shared Bathroom,,Room 22,,1,0,GBP,0.00,0.00,0.00,0.00,Online,Booking.com,Booking.com,On Account,Canceled,,tbirch.245062@guest.booking.com,+44 7504 660138,,"Group: 8 x Adult, 0 x Child  Genius Rate  Non-Smoking  Promos: Mobile(App) Rate  There is no meal option with this room. Children and Extra Bed Policy: Children of any age are allowed. You haven't added any cots. You haven't added any extra beds. The maximum number of guests is 2.  Deposit Policy: The guest will be charged a prepayment of the total price of the reservation at any time.  Cancellation Policy: The guest can cancel free of charge until 2 days before arrival. The guest will be charged the total price of the reservation if they cancel in the 2 days before arrival.  payment_on_Booking.com (Payout type: BankTransfer)  ** THIS RESERVATION HAS BEEN PRE-PAID ** BOOKING NOTE : Payment charge is GBP 2.75808  Genius Booker ",,,,,"2026-08-07",,,,
Granby Hotel,2026-04-15T10:42:37,131-243-181,FWO-856-973,6206352918,,Chris,Cook,"2026-10-24","2026-10-26",2,Standard Triple,Base Rate,Room 4,,2,0,GBP,100.44,100.44,100.44,0.00,Online,Booking.com,Booking.com,On Account,Confirmed,,ccook.672191@guest.booking.com,+44 7727 526526,,"Genius Rate  Non-Smoking  Promos: Mobile(App) Rate  There is no meal option with this room. Children and Extra Bed Policy: Children of any age are allowed. You haven't added any cots. You haven't added any extra beds. The maximum number of guests is 3.  Deposit Policy: The guest will be charged a prepayment of the total price of the reservation at any time.  Cancellation Policy: The guest can cancel free of charge until 2 days before arrival. The guest will be charged the total price of the reservation if they cancel in the 2 days before arrival.  payment_on_Booking.com (Payout type: BankTransfer)  ** THIS RESERVATION HAS BEEN PRE-PAID ** BOOKING NOTE : Payment charge is GBP 1.60704  Genius Booker ",,,,,"2026-04-15",,,,
The Valley of Rocks Hotel,2026-09-02T11:35:35,144-128-642,FDZ-797-325,5391016550,,Tom,Behrens,"2026-10-24","2026-10-25",1,Standard Twin room Ensuite-Sea view,Base Rate,Room 28,,2,0,GBP,60.30,60.30,60.30,0.00,Online,Booking.com,Booking.com,On Account,Confirmed,,tbehre.537165@guest.booking.com,+49 160 92190182,,"Non-Smoking  Promos: International  Breakfast costs GBP12.50 per person per night. Children and Extra Bed Policy: Children of any age are allowed. You haven't added any cots. You haven't added any extra beds. The maximum number of guests is 2.  Deposit Policy: The guest will be charged a prepayment of the total price of the reservation at any time.  Cancellation Policy: The guest can cancel free of charge until 5 days before arrival. The guest will be charged the total price of the reservation if they cancel in the 5 days before arrival.  payment_on_Booking.com (Payout type: BankTransfer)  ** THIS RESERVATION HAS BEEN PRE-PAID ** BOOKING NOTE : Payment charge is GBP 0.9648  Genius Booker ",,,,,"2026-09-02",,,,
Granby Hotel,2026-07-29T13:30:25,148-618-092,ICJ-827-187,5938016599,,Ian,Potter,"2026-10-24","2026-10-25",1,Standard Double,Base Rate,Room 1,,2,0,GBP,43.85,87.70,43.85,0.00,Online,Booking.com,Booking.com,On Account,Confirmed,,ipotte.812586@guest.booking.com,+44 7825 854720,,"Group: 3 x Adult, 0 x Child  Genius Rate  Non-Smoking  Promos: Mobile(App) Rate  There is no meal option with this room. Children and Extra Bed Policy: Children of any age are allowed. You haven't added any cots. You haven't added any extra beds. The maximum number of guests is 2.  Deposit Policy: The guest will be charged a prepayment of the total price of the reservation at any time.  Cancellation Policy: The guest can cancel free of charge until 2 days before arrival. The guest will be charged the total price of the reservation if they cancel in the 2 days before arrival.  payment_on_Booking.com (Payout type: BankTransfer)  ** THIS RESERVATION HAS BEEN PRE-PAID ** BOOKING NOTE : Payment charge is GBP 1.4032  Genius Booker ",,,,,"2026-07-29",,,,
Granby Hotel,2026-08-22T14:18:45,185-230-912,AWF-548-629,5424935480,,Chris,Benson,"2026-10-24","2026-10-25",1,Standard Double,Base Rate,Room 3,,1,0,GBP,52.20,52.20,52.20,0.00,Online,Booking.com,Booking.com,On Account,Confirmed,,cbenso.627459@guest.booking.com,+44 7771 735148,,"Non-Smoking  Promos: Mobile(App) Rate  There is no meal option with this room. Children and Extra Bed Policy: Children of any age are allowed. You haven't added any cots. You haven't added any extra beds. The maximum number of guests is 2.  Deposit Policy: The guest will be charged a prepayment of the total price of the reservation at any time.  Cancellation Policy: The guest can cancel free of charge until 2 days before arrival. The guest will be charged the total price of the reservation if they cancel in the 2 days before arrival.  payment_on_Booking.com (Payout type: BankTransfer)  ** THIS RESERVATION HAS BEEN PRE-PAID ** BOOKING NOTE : Payment charge is GBP 0.8352  Genius Booker ",,,,,"2026-08-22",,,,
Granby Hotel,2026-08-07T09:41:04,190-960-231,JEB-398-835,5414127414,,Tina,Birch,"2026-10-24","2026-10-25",1,Standard Triple,,Room 10,,3,0,GBP,0.00,See 129-394-812,0.00,0.00,Online,Booking.com,Booking.com,On Account,Canceled,,tbirch.245062@guest.booking.com,+44 7504 660138,,"Group: 8 x Adult, 0 x Child  Genius Rate  Non-Smoking  Promos: Mobile(App) Rate  There is no meal option with this room. Children and Extra Bed Policy: Children of any age are allowed. You haven't added any cots. You haven't added any extra beds. The maximum number of guests is 2.  Deposit Policy: The guest will be charged a prepayment of the total price of the reservation at any time.  Cancellation Policy: The guest can cancel free of charge until 2 days before arrival. The guest will be charged the total price of the reservation if they cancel in the 2 days before arrival.  payment_on_Booking.com (Payout type: BankTransfer)  ** THIS RESERVATION HAS BEEN PRE-PAID ** BOOKING NOTE : Payment charge is GBP 2.75808  Genius Booker ",,,,,"2026-08-07",,,,
Granby Hotel,2026-08-19T18:19:05,241-092-651,DNT-877-030,6059864514,,Diane,And Dean Whitworth,"2026-10-24","2026-10-25",1,Standard Double,Base Rate,Room 11,,2,0,GBP,44.37,44.37,44.37,0.00,Online,Booking.com,Booking.com,On Account,Confirmed,,dwhitw.991849@guest.booking.com,+44 7933 497611,,"Genius Rate  Non-Smoking  Promos: Mobile(App) Rate  There is no meal option with this room. Children and Extra Bed Policy: Children of any age are allowed. You haven't added any cots. You haven't added any extra beds. The maximum number of guests is 2.  Deposit Policy: The guest will be charged a prepayment of the total price of the reservation at any time.  Cancellation Policy: The guest can cancel free of charge until 2 days before arrival. The guest will be charged the total price of the reservation if they cancel in the 2 days before arrival.  payment_on_Booking.com (Payout type: BankTransfer)  ** THIS RESERVATION HAS BEEN PRE-PAID ** BOOKING NOTE : Payment charge is GBP 0.70992  Genius Booker ",,,,,"2026-08-19",,,,
Sea Side Hotel,2026-07-01T18:02:02,255-260-334,VVG-365-196,5049464665,,jennifer,charlesworth,"2026-10-24","2026-10-27",3,Standard-Double room-Ensuite,,R215,,1,1,GBP,0.00,0.00,0.00,0.00,Online,Booking.com,Booking.com,On Account,Canceled,,jcharl.205898@guest.booking.com,+44 7496 523565,,"Child Ages: 10  Genius Rate  Non-Smoking  Promos: Mobile(App) Rate  There is no meal option with this room. Children and Extra Bed Policy: Children of any age are allowed. You haven't added any cots. You haven't added any extra beds. The maximum number of guests is 2.  Deposit Policy: The guest will be charged a prepayment of the total price of the reservation at any time.  Cancellation Policy: The guest can cancel free of charge until 7 days before arrival. The guest will be charged the total price of the reservation if they cancel in the 7 days before arrival.  payment_on_Booking.com (Payout type: BankTransfer)  ** THIS RESERVATION HAS BEEN PRE-PAID ** BOOKING NOTE : Payment charge is GBP 1.696  Genius Booker ",,,,,"2026-07-01",,,,
The Valley of Rocks Hotel,2026-09-03T18:32:39,336-248-311,PJH-440-890,5768103647,,Jasmine,Watts-Whent,"2026-10-24","2026-10-27",3,Standard Single room Ensuite,Base Rate,Room 14,,1,0,GBP,147.00,147.00,147.00,0.00,Online,Booking.com,Booking.com,On Account,Confirmed,,jwatts.164259@guest.booking.com,+44 902356813,,"Non-Smoking  Breakfast costs GBP12.50 per person per night. Children and Extra Bed Policy: Children of any age are allowed. You haven't added any cots. You haven't added any extra beds. The maximum number of guests is 1.  Deposit Policy: The guest will be charged a prepayment of the total price of the reservation at any time.  Cancellation Policy: The guest can cancel free of charge until 5 days before arrival. The guest will be charged the total price of the reservation if they cancel in the 5 days before arrival.  payment_on_Booking.com (Payout type: BankTransfer)  ** THIS RESERVATION HAS BEEN PRE-PAID ** BOOKING NOTE : Payment charge is GBP 2.352  Genius Booker ",,,,,"2026-09-03",,,,
Sea Side Hotel,2026-07-26T20:39:13,431-520-904,QNS-146-216,6246480043,,Susan,Tattershall,"2026-10-24","2026-10-25",1,Standard-Single room-Ensuite,,R103,,1,0,GBP,37.78,119.04,37.78,0.00,Online,Booking.com,Booking.com,On Account,Canceled,,statte.906449@guest.booking.com,+44 7776 290355,,"Group: 5 x Adult, 0 x Child  Genius Rate  Non-Smoking  Promos: Mobile(App) Rate  There is no meal option with this room. Children and Extra Bed Policy: Children of any age are allowed. You haven't added any cots. You haven't added any extra beds. The maximum number of guests is 2.  Deposit Policy: The guest will be charged a prepayment of the total price of the reservation at any time.  Cancellation Policy: The guest will be charged the total price of the reservation if they cancel at any time.  payment_on_Booking.com (Payout type: BankTransfer)  ** THIS RESERVATION HAS BEEN PRE-PAID ** BOOKING NOTE : Payment charge is GBP 1.90464  Genius Booker ",,,,,"2026-07-26",,,,
The Valley of Rocks Hotel,2026-09-14T19:07:22,435-612-251,ZCB-514-631,5983257332,,kiki,tsotoulidou,"2026-10-24","2026-10-25",1,Standard Single room Ensuite,Base Rate,Room 48,,1,0,GBP,49.00,49.00,49.00,0.00,Online,Booking.com,Booking.com,On Account,Confirmed,,ktsoto.471758@guest.booking.com,+447986017160,,"Non-Smoking  Breakfast costs GBP12.50 per person per night. Children and Extra Bed Policy: Children of any age are allowed. You haven't added any cots. You haven't added any extra beds. The maximum number of guests is 1.  Deposit Policy: The guest will be charged a prepayment of the total price of the reservation at any time.  Cancellation Policy: The guest can cancel free of charge until 5 days before arrival. The guest will be charged the total price of the reservation if they cancel in the 5 days before arrival.  payment_on_Booking.com (Payout type: BankTransfer)  ** THIS RESERVATION HAS BEEN PRE-PAID ** BOOKING NOTE : Payment charge is GBP 0.784  Genius Booker ",,,,,"2026-09-14",,,,
Granby Hotel,2026-07-28T10:31:23,436-654-552,RVN-044-326,6176716921,,Kevin,Ogley,"2026-10-24","2026-10-25",1,Standard Double,Base Rate,Room 21,,2,0,GBP,48.72,See 108-500-222,48.72,0.00,Online,Booking.com,Booking.com,On Account,Confirmed,,tsharo.960244@guest.booking.com,+44 7719 100738,,"Group: 10 x Adult, 0 x Child  Genius Rate  Non-Smoking  There is no meal option with this room. Children and Extra Bed Policy: Children of any age are allowed. You haven't added any cots. You haven't added any extra beds. The maximum number of guests is 2.  Deposit Policy: The guest will be charged a prepayment of the total price of the reservation at any time.  Cancellation Policy: The guest can cancel free of charge until 2 days before arrival. The guest will be charged the total price of the reservation if they cancel in the 2 days before arrival.  payment_on_Booking.com (Payout type: BankTransfer)  ** THIS RESERVATION HAS BEEN PRE-PAID ** Approximate time of arrival: between 11:00 and 12:00 We'll be travelling to arrive in time to stretch our legs and go get some lunch before attending the Scarborough Athletic game. Would it be possible to drop bags off for storage when we arrive, if this is possible I, Sharon Thatcher, as lead traveller will come back after the match to check everyone in and collect keys BOOKING NOTE : Payment charge is GBP 3.8976  Genius Booker ",,,,,"2026-07-28",,,,
Granby Hotel,2026-08-07T09:41:04,445-186-814,JEB-398-835,5414127414,,Tina,Birch,"2026-10-24","2026-10-25",1,Standard Double,,Room 11,,2,0,GBP,0.00,See 129-394-812,0.00,0.00,Online,Booking.com,Booking.com,On Account,Canceled,,tbirch.245062@guest.booking.com,+44 7504 660138,,"Group: 8 x Adult, 0 x Child  Genius Rate  Non-Smoking  Promos: Mobile(App) Rate  There is no meal option with this room. Children and Extra Bed Policy: Children of any age are allowed. You haven't added any cots. You haven't added any extra beds. The maximum number of guests is 2.  Deposit Policy: The guest will be charged a prepayment of the total price of the reservation at any time.  Cancellation Policy: The guest can cancel free of charge until 2 days before arrival. The guest will be charged the total price of the reservation if they cancel in the 2 days before arrival.  payment_on_Booking.com (Payout type: BankTransfer)  ** THIS RESERVATION HAS BEEN PRE-PAID ** BOOKING NOTE : Payment charge is GBP 2.75808  Genius Booker ",,,,,"2026-08-07",,,,
Granby Hotel,2026-07-29T13:38:54,484-889-612,FFA-325-229,2521564066,,Antony,Wilson,"2026-10-24","2026-10-25",1,Standard Single,Base Rate,Room 2,,1,0,GBP,45.00,45.00,45.00,0.00,Online,Expedia,Expedia & Affiliate Network,On Account,Confirmed,,1al7t91gdg@m.expediapartnercentral.com,1111111111111,,"Expedia collects payment from traveler: Hotel invoices Expedia. ",,,,,"2026-07-29",,,,
Granby Hotel,2026-07-28T10:31:23,490-183-891,RVN-044-326,6176716921,,Mick,Wood,"2026-10-24","2026-10-25",1,Standard Twin,Base Rate,Room 12,,2,0,GBP,48.72,See 108-500-222,48.72,0.00,Online,Booking.com,Booking.com,On Account,Confirmed,,tsharo.960244@guest.booking.com,+44 7719 100738,,"Group: 10 x Adult, 0 x Child  Genius Rate  Non-Smoking  There is no meal option with this room. Children and Extra Bed Policy: Children of any age are allowed. You haven't added any cots. You haven't added any extra beds. The maximum number of guests is 2.  Deposit Policy: The guest will be charged a prepayment of the total price of the reservation at any time.  Cancellation Policy: The guest can cancel free of charge until 2 days before arrival. The guest will be charged the total price of the reservation if they cancel in the 2 days before arrival.  payment_on_Booking.com (Payout type: BankTransfer)  ** THIS RESERVATION HAS BEEN PRE-PAID ** Approximate time of arrival: between 11:00 and 12:00 We'll be travelling to arrive in time to stretch our legs and go get some lunch before attending the Scarborough Athletic game. Would it be possible to drop bags off for storage when we arrive, if this is possible I, Sharon Thatcher, as lead traveller will come back after the match to check everyone in and collect keys BOOKING NOTE : Payment charge is GBP 3.8976  Genius Booker ",,,,,"2026-07-28",,,,
The Valley of Rocks Hotel,2026-09-01T22:46:16,498-856-182,PHE-537-856,5571078148,,Esme,Cowan,"2026-10-24","2026-10-26",2,Standard Twin room Ensuite,Base Rate,Room 40,,1,1,GBP,123.00,236.00,123.00,0.00,Online,Booking.com,Booking.com,On Account,Confirmed,,ecowan.843388@guest.booking.com,+44 7908 599314,,"Group: 2 x Adult, 2 x Child  Child Ages: 11  Non-Smoking  Breakfast costs GBP12.50 per person per night. Children and Extra Bed Policy: Children of any age are allowed. You haven't added any cots. You haven't added any extra beds. The maximum number of guests is 2.  Deposit Policy: The guest will be charged a prepayment of the total price of the reservation at any time.  Cancellation Policy: The guest can cancel free of charge until 5 days before arrival. The guest will be charged the total price of the reservation if they cancel in the 5 days before arrival.  payment_on_Booking.com (Payout type: BankTransfer)  ** THIS RESERVATION HAS BEEN PRE-PAID ** Approximate time of arrival: between 15:00 and 16:00 This guest would like the rooms in this booking to be close together if possible. BOOKING NOTE : Payment charge is GBP 3.776 ",,,,,"2026-09-01",,,,
The Valley of Rocks Hotel,2026-07-20T15:49:36,531-526-584,UXX-753-757,6266908796,,LU,GAN,"2026-10-24","2026-10-27",3,Standard Twin room Ensuite,Base Rate,Room 35,,2,0,GBP,182.00,364.00,182.00,0.00,Online,Booking.com,Booking.com,On Account,Confirmed,,lgan.781589@guest.booking.com,+44 7873 900065,,"Group: 3 x Adult, 1 x Child  Non-Smoking  Breakfast costs GBP12.50 per person per night. Children and Extra Bed Policy: Children of any age are allowed. You haven't added any cots. You haven't added any extra beds. The maximum number of guests is 2.  Deposit Policy: The guest will be charged a prepayment of the total price of the reservation at any time.  Cancellation Policy: The guest can cancel free of charge until 5 days before arrival. The guest will be charged the total price of the reservation if they cancel in the 5 days before arrival.  payment_on_Booking.com (Payout type: BankTransfer)  ** THIS RESERVATION HAS BEEN PRE-PAID ** BOOKING NOTE : Payment charge is GBP 5.824  Genius Booker ",,,,,"2026-07-20",,,,
Granby Hotel,2026-07-29T12:08:16,592-953-124,DTA-379-257,5163182153,,Tim,Ellis,"2026-10-24","2026-10-25",1,Single Shared Bathroom,Base Rate,Room 25,,1,0,GBP,36.85,36.85,36.85,0.00,Online,Booking.com,Booking.com,On Account,Confirmed,,tellis.221151@guest.booking.com,+44 7710 671914,,"Genius Rate  Non-Smoking  Promos: Mobile(App) Rate  There is no meal option with this room. Children and Extra Bed Policy: Children of any age are allowed. You haven't added any cots. You haven't added any extra beds. The maximum number of guests is 1.  Deposit Policy: The guest will be charged a prepayment of the total price of the reservation at any time.  Cancellation Policy: The guest can cancel free of charge until 2 days before arrival. The guest will be charged the total price of the reservation if they cancel in the 2 days before arrival.  payment_on_Booking.com (Payout type: BankTransfer)  ** THIS RESERVATION HAS BEEN PRE-PAID ** BOOKING NOTE : Payment charge is GBP 0.5896  Genius Booker ",,,,,"2026-07-29",,,,
The Valley of Rocks Hotel,2026-07-20T15:49:36,602-992-544,UXX-753-757,6266908796,,LU,GAN,"2026-10-24","2026-10-27",3,Standard Twin room Ensuite,Base Rate,Room 10,,1,1,GBP,182.00,See 531-526-584,182.00,0.00,Online,Booking.com,Booking.com,On Account,Confirmed,,lgan.781589@guest.booking.com,+44 7873 900065,,"Group: 3 x Adult, 1 x Child  Child Ages: 4  Non-Smoking  Breakfast costs GBP12.50 per person per night. Children and Extra Bed Policy: Children of any age are allowed. You haven't added any cots. You haven't added any extra beds. The maximum number of guests is 2.  Deposit Policy: The guest will be charged a prepayment of the total price of the reservation at any time.  Cancellation Policy: The guest can cancel free of charge until 5 days before arrival. The guest will be charged the total price of the reservation if they cancel in the 5 days before arrival.  payment_on_Booking.com (Payout type: BankTransfer)  ** THIS RESERVATION HAS BEEN PRE-PAID ** BOOKING NOTE : Payment charge is GBP 5.824  Genius Booker ",,,,,"2026-07-20",,,,
Harbour Stays,2026-03-15T15:57:16,605-414-942,CMX-513-064,5047999609,,Amanda,Weller,"2026-10-24","2026-10-25",1,Three  Bedroom-Apartment-Private Bathroom,,Flat 3 ,,2,4,GBP,0.00,0.00,0.00,0.00,Online,Booking.com,Booking.com,On Account,Canceled,,awelle.353461@guest.booking.com,+44 7889 536955,,"Group: 3 x Adult, 6 x Child  Child Ages: 11, 16, 16, 9  Genius Rate  Non-Smoking  There is no meal option with this room. Children and Extra Bed Policy: Children of any age are allowed. You haven't added any cots. You haven't added any extra beds. The maximum number of guests is 5.  Deposit Policy: The guest will be charged a prepayment of the total price of the reservation at any time.  Cancellation Policy: The guest can cancel free of charge until 7 days before arrival. The guest will be charged the total price of the reservation if they cancel in the 7 days before arrival.  payment_on_Booking.com (Payout type: BankTransfer)  ** THIS RESERVATION HAS BEEN PRE-PAID ** BOOKING NOTE : Payment charge is GBP 2.9456  Genius Booker ",,,,,"2026-03-15",,,,
Granby Hotel,2026-08-07T09:41:04,606-849-291,JEB-398-835,5414127414,,Tina,Birch,"2026-10-24","2026-10-25",1,Standard Double,,Room 3,,2,0,GBP,0.00,See 129-394-812,0.00,0.00,Online,Booking.com,Booking.com,On Account,Canceled,,tbirch.245062@guest.booking.com,+44 7504 660138,,"Group: 8 x Adult, 0 x Child  Genius Rate  Non-Smoking  Promos: Mobile(App) Rate  There is no meal option with this room. Children and Extra Bed Policy: Children of any age are allowed. You haven't added any cots. You haven't added any extra beds. The maximum number of guests is 2.  Deposit Policy: The guest will be charged a prepayment of the total price of the reservation at any time.  Cancellation Policy: The guest can cancel free of charge until 2 days before arrival. The guest will be charged the total price of the reservation if they cancel in the 2 days before arrival.  payment_on_Booking.com (Payout type: BankTransfer)  ** THIS RESERVATION HAS BEEN PRE-PAID ** BOOKING NOTE : Payment charge is GBP 2.75808  Genius Booker ",,,,,"2026-08-07",,,,
Granby Hotel,2026-07-29T11:56:30,611-258-992,TWZ-729-041,6177199807,,Andrew,Warden,"2026-10-24","2026-10-25",1,Standard Single,Base Rate,Room 8,,1,0,GBP,37.80,37.80,37.80,0.00,Online,Booking.com,Booking.com,On Account,Confirmed,,awarde.998625@guest.booking.com,+44 7714 042301,,"Genius Rate  Non-Smoking  Promos: Mobile(App) Rate  There is no meal option with this room. Children and Extra Bed Policy: Children of any age are allowed. You haven't added any cots. You haven't added any extra beds. The maximum number of guests is 1.  Deposit Policy: The guest will be charged a prepayment of the total price of the reservation at any time.  Cancellation Policy: The guest can cancel free of charge until 2 days before arrival. The guest will be charged the total price of the reservation if they cancel in the 2 days before arrival.  payment_on_Booking.com (Payout type: BankTransfer)  ** THIS RESERVATION HAS BEEN PRE-PAID ** BOOKING NOTE : Payment charge is GBP 0.6048  Genius Booker ",,,,,"2026-07-29",,,,
The Valley of Rocks Hotel,2026-09-07T19:41:24,623-049-582,UYA-093-067,6259409712,,Andrew,Butcher,"2026-10-24","2026-10-25",1,Standard Double room Ensuite-Sea view,Base Rate,Room 52,,2,0,GBP,64.00,64.00,64.00,0.00,Online,Booking.com,Booking.com,On Account,Confirmed,,abutch.404450@guest.booking.com,+44 7473 871830,,"Non-Smoking  Breakfast costs GBP12.50 per person per night. Children and Extra Bed Policy: Children of any age are allowed. You haven't added any cots. You haven't added any extra beds. The maximum number of guests is 2.  Deposit Policy: The guest will be charged a prepayment of the total price of the reservation at any time.  Cancellation Policy: The guest can cancel free of charge until 5 days before arrival. The guest will be charged the total price of the reservation if they cancel in the 5 days before arrival.  payment_on_Booking.com (Payout type: BankTransfer)  ** THIS RESERVATION HAS BEEN PRE-PAID ** BOOKING NOTE : Payment charge is GBP 1.024  Genius Booker ",,,,,"2026-09-07",,,,
Granby Hotel,2026-07-29T13:30:25,625-869-352,ICJ-827-187,5938016599,,Ian,Potter,"2026-10-24","2026-10-25",1,Standard Double,Base Rate,Room 15,,1,0,GBP,43.85,See 148-618-092,43.85,0.00,Online,Booking.com,Booking.com,On Account,Confirmed,,ipotte.812586@guest.booking.com,+44 7825 854720,,"Group: 3 x Adult, 0 x Child  Genius Rate  Non-Smoking  Promos: Mobile(App) Rate  There is no meal option with this room. Children and Extra Bed Policy: Children of any age are allowed. You haven't added any cots. You haven't added any extra beds. The maximum number of guests is 2.  Deposit Policy: The guest will be charged a prepayment of the total price of the reservation at any time.  Cancellation Policy: The guest can cancel free of charge until 2 days before arrival. The guest will be charged the total price of the reservation if they cancel in the 2 days before arrival.  payment_on_Booking.com (Payout type: BankTransfer)  ** THIS RESERVATION HAS BEEN PRE-PAID ** BOOKING NOTE : Payment charge is GBP 1.4032  Genius Booker ",,,,,"2026-07-29",,,,
The Valley of Rocks Hotel,2026-08-09T21:48:08,632-380-901,NLU-737-205,5015030062,,Samantha,Northover,"2026-10-24","2026-10-25",1,Standard Double room Ensuite-Sea view,Base Rate,Room 51,,2,0,GBP,64.00,64.00,64.00,0.00,Online,Booking.com,Booking.com,On Account,Confirmed,,snorth.128236@guest.booking.com,+44 7850 545275,,"Non-Smoking  Breakfast costs GBP12.50 per person per night. Children and Extra Bed Policy: Children of any age are allowed. You haven't added any cots. You haven't added any extra beds. The maximum number of guests is 2.  Deposit Policy: The guest will be charged a prepayment of the total price of the reservation at any time.  Cancellation Policy: The guest can cancel free of charge until 5 days before arrival. The guest will be charged the total price of the reservation if they cancel in the 5 days before arrival.  payment_on_Booking.com (Payout type: BankTransfer)  ** THIS RESERVATION HAS BEEN PRE-PAID ** BOOKING NOTE : Payment charge is GBP 1.024  Genius Booker ",,,,,"2026-08-09",,,,
Granby Hotel,2026-07-28T10:31:23,641-800-621,RVN-044-326,6176716921,,Dave,Scott,"2026-10-24","2026-10-25",1,Standard Twin,Base Rate,Room 19,,2,0,GBP,48.72,See 108-500-222,48.72,0.00,Online,Booking.com,Booking.com,On Account,Confirmed,,tsharo.960244@guest.booking.com,+44 7719 100738,,"Group: 10 x Adult, 0 x Child  Genius Rate  Non-Smoking  There is no meal option with this room. Children and Extra Bed Policy: Children of any age are allowed. You haven't added any cots. You haven't added any extra beds. The maximum number of guests is 2.  Deposit Policy: The guest will be charged a prepayment of the total price of the reservation at any time.  Cancellation Policy: The guest can cancel free of charge until 2 days before arrival. The guest will be charged the total price of the reservation if they cancel in the 2 days before arrival.  payment_on_Booking.com (Payout type: BankTransfer)  ** THIS RESERVATION HAS BEEN PRE-PAID ** Approximate time of arrival: between 11:00 and 12:00 We'll be travelling to arrive in time to stretch our legs and go get some lunch before attending the Scarborough Athletic game. Would it be possible to drop bags off for storage when we arrive, if this is possible I, Sharon Thatcher, as lead traveller will come back after the match to check everyone in and collect keys BOOKING NOTE : Payment charge is GBP 3.8976  Genius Booker ",,,,,"2026-07-28",,,,
Sea Side Hotel,2026-07-26T20:39:13,641-949-931,QNS-146-216,6246480043,,Susan,Tattershall,"2026-10-24","2026-10-25",1,Standard-Double room-Ensuite,,R101,,2,0,GBP,40.63,See 431-520-904,40.63,0.00,Online,Booking.com,Booking.com,On Account,Canceled,,statte.906449@guest.booking.com,+44 7776 290355,,"Group: 5 x Adult, 0 x Child  Genius Rate  Non-Smoking  Promos: Mobile(App) Rate  There is no meal option with this room. Children and Extra Bed Policy: Children of any age are allowed. You haven't added any cots. You haven't added any extra beds. The maximum number of guests is 2.  Deposit Policy: The guest will be charged a prepayment of the total price of the reservation at any time.  Cancellation Policy: The guest will be charged the total price of the reservation if they cancel at any time.  payment_on_Booking.com (Payout type: BankTransfer)  ** THIS RESERVATION HAS BEEN PRE-PAID ** BOOKING NOTE : Payment charge is GBP 1.90464  Genius Booker ",,,,,"2026-07-26",,,,
Sea Side Hotel,2026-07-26T20:39:13,646-524-612,QNS-146-216,6246480043,,Susan,Tattershall,"2026-10-24","2026-10-25",1,Standard-Double room-Ensuite,,R204,,2,0,GBP,40.63,See 431-520-904,40.63,0.00,Online,Booking.com,Booking.com,On Account,Canceled,,statte.906449@guest.booking.com,+44 7776 290355,,"Group: 5 x Adult, 0 x Child  Genius Rate  Non-Smoking  Promos: Mobile(App) Rate  There is no meal option with this room. Children and Extra Bed Policy: Children of any age are allowed. You haven't added any cots. You haven't added any extra beds. The maximum number of guests is 2.  Deposit Policy: The guest will be charged a prepayment of the total price of the reservation at any time.  Cancellation Policy: The guest will be charged the total price of the reservation if they cancel at any time.  payment_on_Booking.com (Payout type: BankTransfer)  ** THIS RESERVATION HAS BEEN PRE-PAID ** BOOKING NOTE : Payment charge is GBP 1.90464  Genius Booker ",,,,,"2026-07-26",,,,
Harbour Stays,2026-03-15T15:57:16,652-992-182,CMX-513-064,5047999609,,Ashley,Weller,"2026-10-24","2026-10-25",1,Two Bedroom-Apartment-Private Bathroom,,Flat 5,,1,2,GBP,0.00,See 605-414-942,0.00,0.00,Online,Booking.com,Booking.com,On Account,Canceled,,awelle.353461@guest.booking.com,+44 7889 536955,,"Group: 3 x Adult, 6 x Child  Child Ages: 5, 7  Genius Rate  Non-Smoking  There is no meal option with this room. Children and Extra Bed Policy: Children of any age are allowed. You haven't added any cots. You haven't added any extra beds. The maximum number of guests is 5.  Deposit Policy: The guest will be charged a prepayment of the total price of the reservation at any time.  Cancellation Policy: The guest can cancel free of charge until 7 days before arrival. The guest will be charged the total price of the reservation if they cancel in the 7 days before arrival.  payment_on_Booking.com (Payout type: BankTransfer)  ** THIS RESERVATION HAS BEEN PRE-PAID ** BOOKING NOTE : Payment charge is GBP 2.9456  Genius Booker ",,,,,"2026-03-15",,,,
Sea Side Hotel,2026-08-06T13:25:01,840-345-481,JZO-919-660,5470520787,,Walker,Kevin,"2026-10-24","2026-10-25",1,Standard-Twin room-Ensuite,Base Rate,R111,,1,1,GBP,47.52,47.52,47.52,0.00,Online,Booking.com,Booking.com,On Account,Confirmed,,wkevin.217617@guest.booking.com,+44 7880 856182,,"Child Ages: 5  Genius Rate  Non-Smoking  Promos: Mobile(App) Rate  There is no meal option with this room. Children and Extra Bed Policy: Children of any age are allowed. You haven't added any cots. You haven't added any extra beds. The maximum number of guests is 2.  Deposit Policy: The guest will be charged a prepayment of the total price of the reservation at any time.  Cancellation Policy: The guest can cancel free of charge until 7 days before arrival. The guest will be charged the total price of the reservation if they cancel in the 7 days before arrival.  payment_on_Booking.com (Payout type: BankTransfer)  ** THIS RESERVATION HAS BEEN PRE-PAID ** BOOKING NOTE : Payment charge is GBP 0.76032  Genius Booker ",,,,,"2026-08-06",,,,
Granby Hotel,2026-07-29T14:01:42,905-399-994,WVU-050-300,2521577413,,Brian,Ellwood,"2026-10-24","2026-10-25",1,Standard Single,Base Rate,Room 17,,1,0,GBP,45.00,0.00,45.00,0.00,Online,Expedia,Expedia & Affiliate Network,Pay On Arrival,Confirmed,,90d06kc1q1@m.expediapartnercentral.com,111111111111,,"Hotel collects payment from the traveler ",,,,,"2026-07-29",,,,
Granby Hotel,2026-07-29T11:00:23,952-049-311,ZLK-868-314,5938061161,,Ian,Cleworth,"2026-10-24","2026-10-25",1,Standard Double,Base Rate,Room 9,,2,0,GBP,48.72,48.72,48.72,0.00,Online,Booking.com,Booking.com,On Account,Confirmed,,tsharo.643013@guest.booking.com,+44 7719 100738,,"Genius Rate  Non-Smoking  There is no meal option with this room. Children and Extra Bed Policy: Children of any age are allowed. You haven't added any cots. You haven't added any extra beds. The maximum number of guests is 2.  Deposit Policy: The guest will be charged a prepayment of the total price of the reservation at any time.  Cancellation Policy: The guest can cancel free of charge until 2 days before arrival. The guest will be charged the total price of the reservation if they cancel in the 2 days before arrival.  payment_on_Booking.com (Payout type: BankTransfer)  ** THIS RESERVATION HAS BEEN PRE-PAID ** BOOKING NOTE : Payment charge is GBP 0.77952 Approximate time of arrival: between 15:00 and 16:00  Genius Booker ",,,,,"2026-07-29",,,,
The Valley of Rocks Hotel,2026-09-01T22:46:16,954-333-322,PHE-537-856,5571078148,,Esme,Cowan,"2026-10-24","2026-10-26",2,Standard  Double room Ensuite,Base Rate,Room 50,,1,1,GBP,113.00,See 498-856-182,113.00,0.00,Online,Booking.com,Booking.com,On Account,Confirmed,,ecowan.843388@guest.booking.com,+44 7908 599314,,"Group: 2 x Adult, 2 x Child  Child Ages: 14  Non-Smoking  Breakfast costs GBP12.50 per person per night. Children and Extra Bed Policy: Children of any age are allowed. You haven't added any cots. You haven't added any extra beds. The maximum number of guests is 2.  Deposit Policy: The guest will be charged a prepayment of the total price of the reservation at any time.  Cancellation Policy: The guest can cancel free of charge until 5 days before arrival. The guest will be charged the total price of the reservation if they cancel in the 5 days before arrival.  payment_on_Booking.com (Payout type: BankTransfer)  ** THIS RESERVATION HAS BEEN PRE-PAID ** Approximate time of arrival: between 15:00 and 16:00 This guest would like the rooms in this booking to be close together if possible. BOOKING NOTE : Payment charge is GBP 3.776 ",,,,,"2026-09-01",,,,
Granby Hotel,2026-07-29T13:48:47,961-298-652,RBM-166-491,5451479046,,Andrew,Wigglesworth,"2026-10-24","2026-10-25",1,Standard Twin,Base Rate,Room 5,,1,0,GBP,46.46,46.46,46.46,0.00,Online,Booking.com,Booking.com,On Account,Confirmed,,awiggl.384508@guest.booking.com,+44 7376 319643,,"Genius Rate  Non-Smoking  Promos: Mobile(App) Rate  There is no meal option with this room. Children and Extra Bed Policy: Children of any age are allowed. You haven't added any cots. You haven't added any extra beds. The maximum number of guests is 2.  Deposit Policy: The guest will be charged a prepayment of the total price of the reservation at any time.  Cancellation Policy: The guest can cancel free of charge until 2 days before arrival. The guest will be charged the total price of the reservation if they cancel in the 2 days before arrival.  payment_on_Booking.com (Payout type: BankTransfer)  ** THIS RESERVATION HAS BEEN PRE-PAID ** BOOKING NOTE : Payment charge is GBP 0.74336  Genius Booker ",,,,,"2026-07-29",,,,
Sea Side Hotel,2025-07-07T12:08:41,019-298-541,XWQ-176-552,5173562087,,Tracey,Martin,"2026-10-25","2026-10-30",5,Standard-Double room-Ensuite,,R215,,2,0,GBP,0.00,0.00,0.00,0.00,Online,Booking.com,Booking.com,On Account,Canceled,,tmarti.466860@guest.booking.com,+44 7956 193004,,"Non-Smoking  Promos: Domestic  There is no meal option with this room. Children and Extra Bed Policy: Children of any age are allowed. You haven't added any cots. You haven't added any extra beds. The maximum number of guests is 2.  Deposit Policy: The guest will be charged a prepayment of the total price of the reservation at any time.  Cancellation Policy: The guest can cancel free of charge until 7 days before arrival. The guest will be charged the total price of the reservation if they cancel in the 7 days before arrival.  payment_on_Booking.com (Payout type: BankTransfer)  ** THIS RESERVATION HAS BEEN PRE-PAID ** BOOKING NOTE : Payment charge is GBP 4.788  Genius Booker ",,,,,"2025-07-07",,,,
Sea Side Hotel,2025-09-22T10:24:27,108-995-832,GFF-638-094,6331938960,,Ellen,Hennessey,"2026-10-25","2026-10-26",1,Standard-Triple room-Ensuite,,R310,,1,2,GBP,0.00,0.00,0.00,0.00,Online,Booking.com,Booking.com,On Account,Canceled,,ehenne.432342@guest.booking.com,+44 7872 553145,,"Group: 3 x Adult, 6 x Child  Child Ages: 10, 7  Genius Rate  Non-Smoking  Promos: Domestic  There is no meal option with this room. Children and Extra Bed Policy: Children of any age are allowed. You haven't added any cots. You haven't added any extra beds. The maximum number of guests is 3.  Deposit Policy: The guest will be charged a prepayment of the total price of the reservation at any time.  Cancellation Policy: The guest can cancel free of charge until 7 days before arrival. The guest will be charged the total price of the reservation if they cancel in the 7 days before arrival.  payment_on_Booking.com (Payout type: BankTransfer)  ** THIS RESERVATION HAS BEEN PRE-PAID ** BOOKING NOTE : Payment charge is GBP 2.9376  Genius Booker ",,,,,"2025-09-22",,,,
The Valley of Rocks Hotel,2026-09-10T13:02:37,203-382-154,DOX-650-542,5368979138,,Violet,Brown,"2026-10-25","2026-10-30",5,Standard Single room Ensuite,Base Rate,Room 48,,1,0,GBP,245.00,245.00,245.00,0.00,Online,Booking.com,Booking.com,On Account,Confirmed,,vbrown.503452@guest.booking.com,+44 7973 483081,,"Non-Smoking  Breakfast costs GBP12.50 per person per night. Children and Extra Bed Policy: Children of any age are allowed. You haven't added any cots. You haven't added any extra beds. The maximum number of guests is 1.  Deposit Policy: The guest will be charged a prepayment of the total price of the reservation at any time.  Cancellation Policy: The guest can cancel free of charge until 5 days before arrival. The guest will be charged the total price of the reservation if they cancel in the 5 days before arrival.  payment_on_Booking.com (Payout type: BankTransfer)  ** THIS RESERVATION HAS BEEN PRE-PAID ** BOOKING NOTE : Payment charge is GBP 3.92  Genius Booker ",,,,,"2026-09-10",,,,
Harbour Stays,2026-08-09T11:45:31,263-052-062,HBP-124-523,5888937711,,Janice,Kemp,"2026-10-25","2026-10-26",1,Two Bedroom-Apartment-Private Bathroom,Base Rate,Flat 5,,4,1,GBP,67.68,67.68,67.68,0.00,Online,Booking.com,Booking.com,On Account,Confirmed,,jkemp.953304@guest.booking.com,+44 7300 830093,,"Child Ages: 11  Non-Smoking  Promos: Domestic  There is no meal option with this room. Children and Extra Bed Policy: Children of any age are allowed. You haven't added any cots. You haven't added any extra beds. The maximum number of guests is 5.  Deposit Policy: The guest will be charged a prepayment of the total price of the reservation at any time.  Cancellation Policy: The guest can cancel free of charge until 7 days before arrival. The guest will be charged the total price of the reservation if they cancel in the 7 days before arrival.  payment_on_Booking.com (Payout type: BankTransfer)  ** THIS RESERVATION HAS BEEN PRE-PAID ** BOOKING NOTE : Payment charge is GBP 1.08288  Genius Booker ",,,,,"2026-08-09",,,,
Harbour Stays,2026-08-23T17:22:40,341-512-254,UYB-306-112,6473547645,,Vincent,Aaron,"2026-10-25","2026-10-27",2,Sea view-Deluxe-Family-Duplex-Private Bathroom,Base Rate,Flat 7 W/Balcony,,3,2,GBP,145.80,145.80,145.80,0.00,Online,Booking.com,Booking.com,On Account,Confirmed,,vaaron.829042@guest.booking.com,+44 7969 787170,,"Child Ages: 11, 15  Non-Smoking  Promos: Early Booker Deal  There is no meal option with this room. Children and Extra Bed Policy: Children of any age are allowed. You haven't added any cots. You haven't added any extra beds. The maximum number of guests is 5.  Deposit Policy: The guest will be charged a prepayment of the total price of the reservation at any time.  Cancellation Policy: The guest can cancel free of charge until 7 days before arrival. The guest will be charged the total price of the reservation if they cancel in the 7 days before arrival.  payment_on_Booking.com (Payout type: BankTransfer)  ** THIS RESERVATION HAS BEEN PRE-PAID ** BOOKING NOTE : Payment charge is GBP 2.3328  Genius Booker ",,,,,"2026-08-23",,,,
Sea Side Hotel,2026-05-10T16:18:09,491-356-024,UKS-866-292,6816676970,,Sean,Gavagan,"2026-10-25","2026-10-28",3,Sea view-Double room-Ensuite,,R206,,2,0,GBP,0.00,0.00,0.00,0.00,Online,Booking.com,Booking.com,On Account,Canceled,,sgavag.131515@guest.booking.com,+44 7734 468492,,"Genius Rate  Non-Smoking  Promos: Domestic  There is no meal option with this room. Children and Extra Bed Policy: Children of any age are allowed. You haven't added any cots. You haven't added any extra beds. The maximum number of guests is 2.  Deposit Policy: The guest will be charged a prepayment of the total price of the reservation at any time.  Cancellation Policy: The guest can cancel free of charge until 7 days before arrival. The guest will be charged the total price of the reservation if they cancel in the 7 days before arrival.  payment_on_Booking.com (Payout type: BankTransfer)  ** THIS RESERVATION HAS BEEN PRE-PAID ** BOOKING NOTE : Payment charge is GBP 2.05648  Genius Booker ",,,,,"2026-05-10",,,,
Granby Hotel,2026-07-07T17:43:03,808-109-362,YTW-199-607,5729610620,,Melissa,Huxley,"2026-10-25","2026-10-26",1,Standard Triple,Base Rate,Room 10,,2,1,GBP,46.46,46.46,46.46,0.00,Online,Booking.com,Booking.com,On Account,Confirmed,,mhuxle.174010@guest.booking.com,+44 7939 833660,,"Child Ages: 10  Genius Rate  Non-Smoking  Promos: Mobile(App) Rate  There is no meal option with this room. Children and Extra Bed Policy: Children of any age are allowed. You haven't added any cots. You haven't added any extra beds. The maximum number of guests is 3.  Deposit Policy: The guest will be charged a prepayment of the total price of the reservation at any time.  Cancellation Policy: The guest can cancel free of charge until 2 days before arrival. The guest will be charged the total price of the reservation if they cancel in the 2 days before arrival.  payment_on_Booking.com (Payout type: BankTransfer)  ** THIS RESERVATION HAS BEEN PRE-PAID ** BOOKING NOTE : Payment charge is GBP 0.74336  Genius Booker ",,,,,"2026-07-07",,,,
Sea Side Hotel,2025-09-22T10:24:27,856-066-504,GFF-638-094,6331938960,,Ellen,Hennessey,"2026-10-25","2026-10-26",1,Standard-Triple room-Ensuite,,R211,,1,2,GBP,0.00,See 108-995-832,0.00,0.00,Online,Booking.com,Booking.com,On Account,Canceled,,ehenne.432342@guest.booking.com,+44 7872 553145,,"Group: 3 x Adult, 6 x Child  Child Ages: 15, 16  Genius Rate  Non-Smoking  Promos: Domestic  There is no meal option with this room. Children and Extra Bed Policy: Children of any age are allowed. You haven't added any cots. You haven't added any extra beds. The maximum number of guests is 3.  Deposit Policy: The guest will be charged a prepayment of the total price of the reservation at any time.  Cancellation Policy: The guest can cancel free of charge until 7 days before arrival. The guest will be charged the total price of the reservation if they cancel in the 7 days before arrival.  payment_on_Booking.com (Payout type: BankTransfer)  ** THIS RESERVATION HAS BEEN PRE-PAID ** BOOKING NOTE : Payment charge is GBP 2.9376  Genius Booker ",,,,,"2025-09-22",,,,
Sea Side Hotel,2026-08-03T13:17:09,928-994-532,MEM-189-852,6525101096,,Lucy,Barnes,"2026-10-25","2026-10-26",1,Standard-Double room-Ensuite,,R101,,1,1,GBP,0.00,0.00,0.00,0.00,Online,Booking.com,Booking.com,On Account,Canceled,,lbarne.107717@guest.booking.com,+44 7708 299923,,"Child Ages: 5  Genius Rate  Non-Smoking  Promos: Early Booker Deal  There is no meal option with this room. Children and Extra Bed Policy: Children of any age are allowed. You haven't added any cots. You haven't added any extra beds. The maximum number of guests is 2.  Deposit Policy: The guest will be charged a prepayment of the total price of the reservation at any time.  Cancellation Policy: The guest can cancel free of charge until 7 days before arrival. The guest will be charged the total price of the reservation if they cancel in the 7 days before arrival.  payment_on_Booking.com (Payout type: BankTransfer)  ** THIS RESERVATION HAS BEEN PRE-PAID ** BOOKING NOTE : Payment charge is GBP 0.51632  Genius Booker ",,,,,"2026-08-03",,,,
Sea Side Hotel,2025-09-22T10:24:27,940-260-154,GFF-638-094,6331938960,,Ellen,Hennessey,"2026-10-25","2026-10-26",1,Standard-Triple room-Ensuite,,R114,,1,2,GBP,0.00,See 108-995-832,0.00,0.00,Online,Booking.com,Booking.com,On Account,Canceled,,ehenne.432342@guest.booking.com,+44 7872 553145,,"Group: 3 x Adult, 6 x Child  Child Ages: 4, 4  Genius Rate  Non-Smoking  Promos: Domestic  There is no meal option with this room. Children and Extra Bed Policy: Children of any age are allowed. You haven't added any cots. You haven't added any extra beds. The maximum number of guests is 3.  Deposit Policy: The guest will be charged a prepayment of the total price of the reservation at any time.  Cancellation Policy: The guest can cancel free of charge until 7 days before arrival. The guest will be charged the total price of the reservation if they cancel in the 7 days before arrival.  payment_on_Booking.com (Payout type: BankTransfer)  ** THIS RESERVATION HAS BEEN PRE-PAID ** BOOKING NOTE : Payment charge is GBP 2.9376  Genius Booker ",,,,,"2025-09-22",,,,
The Valley of Rocks Hotel,2026-09-16T14:58:08,121-620-351,WCD-552-987,5824236190,,Chris,and Sabine Kirby,"2026-10-26","2026-10-30",4,Superior Double room Ensuite,,Room 22,,2,0,GBP,0.00,0.00,0.00,0.00,Online,Booking.com,Booking.com,On Account,Canceled,,skirby.189764@guest.booking.com,+44 7922 119600,,"Non-Smoking  Breakfast costs GBP12.50 per person per night. Children and Extra Bed Policy: Children of any age are allowed. You haven't added any cots. You haven't added any extra beds. The maximum number of guests is 2.  Deposit Policy: The guest will be charged a prepayment of the total price of the reservation at any time.  Cancellation Policy: The guest can cancel free of charge until 5 days before arrival. The guest will be charged the total price of the reservation if they cancel in the 5 days before arrival.  payment_on_Booking.com (Payout type: BankTransfer)  ** THIS RESERVATION HAS BEEN PRE-PAID ** BOOKING NOTE : Payment charge is GBP 4.096  Genius Booker ",,,,,"2026-09-16",,,,
Sea Side Hotel,2026-05-31T11:30:08,128-133-694,BEX-358-014,6325329722,,chris,Broom,"2026-10-26","2026-10-30",4,Standard-Double room-Ensuite,,R215,,2,0,GBP,0.00,0.00,0.00,0.00,Online,Booking.com,Booking.com,On Account,Canceled,,cbroom.153412@guest.booking.com,+44 7927 632981,,"Genius Rate  Non-Smoking  Promos: Domestic  There is no meal option with this room. Children and Extra Bed Policy: Children of any age are allowed. You haven't added any cots. You haven't added any extra beds. The maximum number of guests is 2.  Deposit Policy: The guest will be charged a prepayment of the total price of the reservation at any time.  Cancellation Policy: The guest can cancel free of charge until 7 days before arrival. The guest will be charged the total price of the reservation if they cancel in the 7 days before arrival.  payment_on_Booking.com (Payout type: BankTransfer)  ** THIS RESERVATION HAS BEEN PRE-PAID ** BOOKING NOTE : Payment charge is GBP 2.44768  Genius Booker ",,,,,"2026-05-31",,,,
Granby Hotel,2026-08-20T16:36:29,185-981-431,KHM-795-203,6403876137,,Samantha,Moore,"2026-10-26","2026-10-30",4,Standard Triple,Base Rate,Room 10,,1,2,GBP,138.66,138.66,138.66,0.00,Online,Booking.com,Booking.com,On Account,Confirmed,,smoore.115647@guest.booking.com,+44 7514 544747,,"Child Ages: 4, 8  Non-Smoking  Promos: Mobile(App) Rate  There is no meal option with this room. Children and Extra Bed Policy: Children of any age are allowed. You haven't added any cots. You haven't added any extra beds. The maximum number of guests is 3.  Deposit Policy: The guest will be charged a prepayment of the total price of the reservation at any time.  Cancellation Policy: The guest can cancel free of charge until 2 days before arrival. The guest will be charged the total price of the reservation if they cancel in the 2 days before arrival.  payment_on_Booking.com (Payout type: BankTransfer)  ** THIS RESERVATION HAS BEEN PRE-PAID ** BOOKING NOTE : Payment charge is GBP 2.21856  Genius Booker ",,,,,"2026-08-20",,,,
Sea Side Hotel,2026-03-08T11:41:27,203-134-594,GZS-530-811,5522360512,,alan,Whittaker,"2026-10-26","2026-10-30",4,Standard-Quad room-Ensuite,,R305,,3,0,GBP,0.00,0.00,0.00,0.00,Online,Booking.com,Booking.com,On Account,Canceled,,awaite.546902@guest.booking.com,+44 7834 423640,,"Genius Rate  Non-Smoking  Promos: Domestic  There is no meal option with this room. Children and Extra Bed Policy: Children of any age are allowed. You haven't added any cots. You haven't added any extra beds. The maximum number of guests is 4.  Deposit Policy: The guest will be charged a prepayment of the total price of the reservation at any time.  Cancellation Policy: The guest can cancel free of charge until 7 days before arrival. The guest will be charged the total price of the reservation if they cancel in the 7 days before arrival.  payment_on_Booking.com (Payout type: BankTransfer)  ** THIS RESERVATION HAS BEEN PRE-PAID ** BOOKING NOTE : Payment charge is GBP 4.43248  Genius Booker ",,,,,"2026-03-08",,,,
Granby Hotel,2026-08-21T11:59:44,295-823-432,VQV-470-765,6041772412,,Danielle,Garnett,"2026-10-26","2026-10-30",4,Standard Double,Base Rate,Room 21,,2,0,GBP,108.81,108.81,108.81,0.00,Online,Booking.com,Booking.com,On Account,Confirmed,,dgarne.402690@guest.booking.com,+44 7759 947691,,"Genius Rate  Non-Smoking  Promos: Mobile(App) Rate  There is no meal option with this room. Children and Extra Bed Policy: Children of any age are allowed. You haven't added any cots. You haven't added any extra beds. The maximum number of guests is 2.  Deposit Policy: The guest will be charged a prepayment of the total price of the reservation at any time.  Cancellation Policy: The guest can cancel free of charge until 2 days before arrival. The guest will be charged the total price of the reservation if they cancel in the 2 days before arrival.  payment_on_Booking.com (Payout type: BankTransfer)  ** THIS RESERVATION HAS BEEN PRE-PAID ** BOOKING NOTE : Payment charge is GBP 1.74096  Genius Booker ",,,,,"2026-08-21",,,,
Granby Hotel,2026-02-05T01:41:00,429-206-381,UWZ-664-121,6935763387,,Stephen,Roberts,"2026-10-26","2026-11-05",10,Standard Twin,,Room 12,,2,0,GBP,0.00,0.00,0.00,0.00,Online,Booking.com,Booking.com,On Account,Canceled,,srober.719226@guest.booking.com,+707949681572,,"Genius Rate  Non-Smoking  Promos: Mobile(App) Rate  There is no meal option with this room. Children and Extra Bed Policy: Children of any age are allowed. You haven't added any cots. You haven't added any extra beds. The maximum number of guests is 2.  Deposit Policy: The guest will be charged a prepayment of the total price of the reservation at any time.  Cancellation Policy: The guest can cancel free of charge until 2 days before arrival. The guest will be charged the total price of the reservation if they cancel in the 2 days before arrival.  payment_on_Booking.com (Payout type: BankTransfer)  ** THIS RESERVATION HAS BEEN PRE-PAID ** BOOKING NOTE : Payment charge is GBP 6.89472  Genius Booker ",,,,,"2026-02-05",,,,
The Valley of Rocks Hotel,2026-08-20T18:17:38,626-568-232,GDO-372-027,5718563872,,Claire,Slater,"2026-10-26","2026-10-30",4,Standard Double room Ensuite-Sea view,Base Rate,Room 51,,2,0,GBP,236.00,236.00,236.00,0.00,Online,Booking.com,Booking.com,On Account,Confirmed,,cslate.513724@guest.booking.com,+44 7745 314026,,"Non-Smoking  Breakfast costs GBP12.50 per person per night. Children and Extra Bed Policy: Children of any age are allowed. You haven't added any cots. You haven't added any extra beds. The maximum number of guests is 2.  Deposit Policy: The guest will be charged a prepayment of the total price of the reservation at any time.  Cancellation Policy: The guest can cancel free of charge until 5 days before arrival. The guest will be charged the total price of the reservation if they cancel in the 5 days before arrival.  payment_on_Booking.com (Payout type: BankTransfer)  ** THIS RESERVATION HAS BEEN PRE-PAID ** Approximate time of arrival: between 11:00 and 12:00 BOOKING NOTE : Payment charge is GBP 3.776  Genius Booker ",,,,,"2026-08-20",,,,
Sea Side Hotel,2026-08-02T10:42:07,651-464-001,DMI-774-408,5544510481,,Astrid,Walker,"2026-10-26","2026-10-28",2,Sea view-Triple room-Ensuite,Base Rate,R108,,1,2,GBP,97.47,97.47,97.47,0.00,Online,Booking.com,Booking.com,On Account,Confirmed,,awalke.394913@guest.booking.com,+44 7845 244756,,"Child Ages: 3, 7  Non-Smoking  Promos: Domestic  There is no meal option with this room. Children and Extra Bed Policy: Children of any age are allowed. You haven't added any cots. You haven't added any extra beds. The maximum number of guests is 3.  Deposit Policy: The guest will be charged a prepayment of the total price of the reservation at any time.  Cancellation Policy: The guest can cancel free of charge until 7 days before arrival. The guest will be charged the total price of the reservation if they cancel in the 7 days before arrival.  payment_on_Booking.com (Payout type: BankTransfer)  ** THIS RESERVATION HAS BEEN PRE-PAID ** BOOKING NOTE : Payment charge is GBP 1.55952  Genius Booker ",,,,,"2026-08-02",,,,
Harbour Stays,2026-02-19T12:15:46,668-823-194,TTD-574-629,5029190876,,Christine,Tennant,"2026-10-26","2026-10-30",4,Three  Bedroom-Apartment-Private Bathroom,,Flat 3 ,,4,2,GBP,0.00,0.00,0.00,0.00,Online,Booking.com,Booking.com,On Account,Canceled,,ctenna.911016@guest.booking.com,+44 7938 368004,,"Child Ages: 6, 8  Genius Rate  Non-Smoking  There is no meal option with this room. Children and Extra Bed Policy: Children of any age are allowed. You haven't added any cots. You haven't added any extra beds. The maximum number of guests is 6.  Deposit Policy: The guest will be charged a prepayment of the total price of the reservation at any time.  Cancellation Policy: The guest can cancel free of charge until 7 days before arrival. The guest will be charged the total price of the reservation if they cancel in the 7 days before arrival.  payment_on_Booking.com (Payout type: BankTransfer)  ** THIS RESERVATION HAS BEEN PRE-PAID ** BOOKING NOTE : Payment charge is GBP 5.504  Genius Booker ",,,,,"2026-02-19",,,,
Sea Side Hotel,2026-06-27T08:55:15,802-522-161,DYP-726-024,5179234331,,Fiona,Rimington,"2026-10-26","2026-10-30",4,Standard-Quad room-Ensuite,Base Rate,R305,,2,2,GBP,186.92,186.92,186.92,0.00,Online,Booking.com,Booking.com,On Account,Confirmed,,fsmith.813274@guest.booking.com,+44 7898 388182,,"Child Ages: 3, 7  Genius Rate  Non-Smoking  Promos: Mobile(App) Rate  There is no meal option with this room. Children and Extra Bed Policy: Children of any age are allowed. You haven't added any cots. You haven't added any extra beds. The maximum number of guests is 4.  Deposit Policy: The guest will be charged a prepayment of the total price of the reservation at any time.  Cancellation Policy: The guest can cancel free of charge until 7 days before arrival. The guest will be charged the total price of the reservation if they cancel in the 7 days before arrival.  payment_on_Booking.com (Payout type: BankTransfer)  ** THIS RESERVATION HAS BEEN PRE-PAID ** BOOKING NOTE : Payment charge is GBP 2.99072  Genius Booker ",,,,,"2026-06-27",,,,
The Valley of Rocks Hotel,2026-06-29T04:55:49,903-261-141,WED-248-632,5451911788,,Patrick,O Donnell,"2026-10-26","2026-10-28",2,Standard Twin room Ensuite-Sea view,Base Rate,Room 20,,2,0,GBP,115.20,115.20,115.20,0.00,Online,Booking.com,Booking.com,On Account,Confirmed,,podonn.670515@guest.booking.com,+61 416 482 940,,"Non-Smoking  Promos: International  Breakfast costs GBP12.50 per person per night. Children and Extra Bed Policy: Children of any age are allowed. You haven't added any cots. You haven't added any extra beds. The maximum number of guests is 2.  Deposit Policy: The guest will be charged a prepayment of the total price of the reservation at any time.  Cancellation Policy: The guest can cancel free of charge until 5 days before arrival. The guest will be charged the total price of the reservation if they cancel in the 5 days before arrival.  payment_on_Booking.com (Payout type: BankTransfer)  ** THIS RESERVATION HAS BEEN PRE-PAID ** BOOKING NOTE : Payment charge is GBP 1.8432 Approximate time of arrival: between 16:00 and 17:00  Genius Booker ",,,,,"2026-06-29",,,,
Harbour Stays,2026-09-01T09:01:01,960-190-501,DII-468-648,6400727579,,Christine,Tennant,"2026-10-26","2026-10-30",4,Two Bedroom-Apartment-Private Bathroom,Base Rate,Flat 5,,3,2,GBP,259.20,259.20,259.20,0.00,Online,Booking.com,Booking.com,On Account,Confirmed,,ctenna.461079@guest.booking.com,+44 7938 368004,,"Child Ages: 6, 8  Non-Smoking  Promos: Early Booker Deal  There is no meal option with this room. Children and Extra Bed Policy: Children of any age are allowed. You haven't added any cots. You haven't added any extra beds. The maximum number of guests is 5.  Deposit Policy: The guest will be charged a prepayment of the total price of the reservation at any time.  Cancellation Policy: The guest can cancel free of charge until 7 days before arrival. The guest will be charged the total price of the reservation if they cancel in the 7 days before arrival.  payment_on_Booking.com (Payout type: BankTransfer)  ** THIS RESERVATION HAS BEEN PRE-PAID ** Approximate time of arrival: between 03:00 and 04:00 BOOKING NOTE : Payment charge is GBP 4.1472  Genius Booker ",,,,,"2026-09-01",,,,
Granby Hotel,2026-02-02T12:09:17,003-848-042,CFC-217-742,6075371476,,Stephen,Roberts,"2026-10-27","2026-11-04",8,Standard Double,,Room 1,,2,0,GBP,0.00,0.00,0.00,0.00,Online,Booking.com,Booking.com,On Account,Canceled,,srober.966421@guest.booking.com,+707949681572,,"Genius Rate  Non-Smoking  Promos: Mobile(App) Rate  There is no meal option with this room. Children and Extra Bed Policy: Children of any age are allowed. You haven't added any cots. You haven't added any extra beds. The maximum number of guests is 2.  Deposit Policy: The guest will be charged a prepayment of the total price of the reservation at any time.  Cancellation Policy: The guest can cancel free of charge until 2 days before arrival. The guest will be charged the total price of the reservation if they cancel in the 2 days before arrival.  payment_on_Booking.com (Payout type: BankTransfer)  ** THIS RESERVATION HAS BEEN PRE-PAID ** BOOKING NOTE : Payment charge is GBP 5.40432  Genius Booker ",,,,,"2026-02-02",,,,
Harbour Stays,2026-09-01T22:19:39,301-412-504,WNA-887-877,5920218909,,Russell,Jones,"2026-10-27","2026-10-30",3,Three  Bedroom-Apartment-Private Bathroom,Base Rate,Flat 3 ,,2,3,GBP,236.19,236.19,236.19,0.00,Online,Booking.com,Booking.com,On Account,Confirmed,,rjones.753149@guest.booking.com,+44 7498 320747,,"Child Ages: 13, 15, 5  Genius Rate  Non-Smoking  Promos: Early Booker Deal  There is no meal option with this room. Children and Extra Bed Policy: Children of any age are allowed. You haven't added any cots. You haven't added any extra beds. The maximum number of guests is 6.  Deposit Policy: The guest will be charged a prepayment of the total price of the reservation at any time.  Cancellation Policy: The guest can cancel free of charge until 7 days before arrival. The guest will be charged the total price of the reservation if they cancel in the 7 days before arrival.  payment_on_Booking.com (Payout type: BankTransfer)  ** THIS RESERVATION HAS BEEN PRE-PAID ** BOOKING NOTE : Payment charge is GBP 3.77904  Genius Booker ",,,,,"2026-09-01",,,,
Harbour Stays,2026-03-03T08:32:57,193-250-102,YVY-447-009,5387812020,,Robyn,Smith,"2026-10-28","2026-10-31",3,Three Bedroom-Apartment-Sea view-Private Bathroom,Base Rate,Flat 4  W/Balcony,,3,0,GBP,300.00,300.00,300.00,0.00,Online,Booking.com,Booking.com,On Account,Confirmed,,rsmith.795605@guest.booking.com,+44 7593 086165,,"payment_on_Booking.com (Payout type: BankTransfer)  Non-Smoking  ** THIS RESERVATION HAS BEEN PRE-PAID ** BOOKING NOTE : Payment charge is GBP 4.8  Genius Booker  There is no meal option with this room. Children and Extra Bed Policy: Children of any age are allowed. You haven't added any cots. You haven't added any extra beds. The maximum number of guests is 5.  Deposit Policy: The guest will be charged a prepayment of the total price of the reservation at any time.  Cancellation Policy: The guest can cancel free of charge until 7 days before arrival. The guest will be charged the total price of the reservation if they cancel in the 7 days before arrival.",,,,,"2026-03-03",,,,
Granby Hotel,2025-12-01T15:35:35,353-023-462,CYQ-905-605,5607032467,,Stephen,Roberts,"2026-10-29","2026-11-05",7,Standard Twin,,Room 12,,2,0,GBP,0.00,0.00,0.00,0.00,Online,Booking.com,Booking.com,On Account,Canceled,,srober.863303@guest.booking.com,+707949681572,,"Genius Rate  Non-Smoking  Promos: Mobile(App) Rate  There is no meal option with this room. Children and Extra Bed Policy: Children of any age are allowed. You haven't added any cots. You haven't added any extra beds. The maximum number of guests is 2.  Deposit Policy: The guest will be charged a prepayment of the total price of the reservation at any time.  Cancellation Policy: The guest can cancel free of charge until 2 days before arrival. The guest will be charged the total price of the reservation if they cancel in the 2 days before arrival.  payment_on_Booking.com (Payout type: BankTransfer)  ** THIS RESERVATION HAS BEEN PRE-PAID ** BOOKING NOTE : Payment charge is GBP 4.6656  Genius Booker ",,,,,"2025-12-01",,,,
Sea Side Hotel,2026-04-01T11:39:42,390-980-481,YVB-781-030,6095850126,,Mark,Roper,"2026-10-29","2026-11-01",3,Standard-Quad room-Ensuite,,R305,,2,2,GBP,0.00,0.00,0.00,0.00,Online,Booking.com,Booking.com,On Account,Canceled,,mroper.192976@guest.booking.com,+44 7783 886361,,"Child Ages: 15, 9  Genius Rate  Non-Smoking  Promos: Domestic  There is no meal option with this room. Children and Extra Bed Policy: Children of any age are allowed. You haven't added any cots. You haven't added any extra beds. The maximum number of guests is 4.  Deposit Policy: The guest will be charged a prepayment of the total price of the reservation at any time.  Cancellation Policy: The guest can cancel free of charge until 7 days before arrival. The guest will be charged the total price of the reservation if they cancel in the 7 days before arrival.  payment_on_Booking.com (Payout type: BankTransfer)  ** THIS RESERVATION HAS BEEN PRE-PAID ** BOOKING NOTE : Payment charge is GBP 3.17824  Genius Booker ",,,,,"2026-04-01",,,,
Granby Hotel,2026-09-03T21:45:21,492-394-582,VXE-677-653,2550347252,,Martin,Banfield,"2026-10-29","2026-10-31",2,Standard Single,Base Rate,Room 8,,1,0,GBP,79.20,0.00,79.20,0.00,Online,Expedia,Expedia & Affiliate Network,Pay On Arrival,Confirmed,,3nyi4e4a1x@m.expediapartnercentral.com,111111111111,,"Hotel collects payment from the traveler ",,,,,"2026-09-03",,,,
Sea Side Hotel,2026-07-20T13:19:13,529-150-401,MDG-324-376,6699444484,,Freda,Ball,"2026-10-29","2026-10-30",1,Standard-Double room-Ensuite,Base Rate,R215,,2,0,GBP,32.08,32.08,32.08,0.00,Online,Booking.com,Booking.com,On Account,Confirmed,,fball.226914@guest.booking.com,+44 7958 643551,,"Genius Rate  Non-Smoking  Promos: Early Booker Deal  There is no meal option with this room. Children and Extra Bed Policy: Children of any age are allowed. You haven't added any cots. You haven't added any extra beds. The maximum number of guests is 2.  Deposit Policy: The guest will be charged a prepayment of the total price of the reservation at any time.  Cancellation Policy: The guest can cancel free of charge until 7 days before arrival. The guest will be charged the total price of the reservation if they cancel in the 7 days before arrival.  payment_on_Booking.com (Payout type: BankTransfer)  ** THIS RESERVATION HAS BEEN PRE-PAID ** BOOKING NOTE : Payment charge is GBP 0.51328  Genius Booker ",,,,,"2026-07-20",,,,
Granby Hotel,2026-01-29T10:10:37,592-968-664,FHT-741-672,6773754798,,joseph,girdlestone,"2026-10-29","2026-11-01",3,Booked as: Double Shared Bathroom,,Room 18,,2,0,GBP,0.00,0.00,0.00,0.00,Online,Booking.com,Booking.com,On Account,Canceled,,jgirdl.705232@guest.booking.com,+44 7836 603521,,"Non-Smoking  There is no meal option with this room. Children and Extra Bed Policy: Children of any age are allowed. You haven't added any cots. You haven't added any extra beds. The maximum number of guests is 2.  Deposit Policy: The guest will be charged a prepayment of the total price of the reservation at any time.  Cancellation Policy: The guest can cancel free of charge until 2 days before arrival. The guest will be charged the total price of the reservation if they cancel in the 2 days before arrival.  payment_on_Booking.com (Payout type: BankTransfer)  ** THIS RESERVATION HAS BEEN PRE-PAID ** Approximate time of arrival: between 15:00 and 16:00 BOOKING NOTE : Payment charge is GBP 2.32  Genius Booker ",,,,,"2026-01-29",,,,
Granby Hotel,2025-11-03T12:37:07,620-849-534,RTK-675-255,5608418705,,Julianne,Barradale,"2026-10-29","2026-11-02",4,Single Shared Bathroom,,Room 25,,1,0,GBP,0.00,0.00,0.00,0.00,Online,Booking.com,Booking.com,On Account,Canceled,,jbarra.847901@guest.booking.com,+44 7780 616676,,"Genius Rate  Non-Smoking  Promos: Mobile(App) Rate  There is no meal option with this room. Children and Extra Bed Policy: Children of any age are allowed. You haven't added any cots. You haven't added any extra beds. The maximum number of guests is 1.  Deposit Policy: The guest will be charged a prepayment of the total price of the reservation at any time.  Cancellation Policy: The guest can cancel free of charge until 2 days before arrival. The guest will be charged the total price of the reservation if they cancel in the 2 days before arrival.  payment_on_Booking.com (Payout type: BankTransfer)  ** THIS RESERVATION HAS BEEN PRE-PAID ** BOOKING NOTE : Payment charge is GBP 1.47456  Genius Booker ",,,,,"2025-11-03",,,,
The Valley of Rocks Hotel,2026-09-13T21:34:38,860-396-502,DQE-945-946,6692295017,,Max,Mackenzie,"2026-10-29","2026-11-02",4,Standard Single room Ensuite,Base Rate,Room 73,,1,0,GBP,196.00,196.00,196.00,0.00,Online,Booking.com,Booking.com,On Account,Confirmed,,mmacke.754822@guest.booking.com,+44 7530 207483,,"Non-Smoking  Breakfast costs GBP12.50 per person per night. Children and Extra Bed Policy: Children of any age are allowed. You haven't added any cots. You haven't added any extra beds. The maximum number of guests is 1.  Deposit Policy: The guest will be charged a prepayment of the total price of the reservation at any time.  Cancellation Policy: The guest can cancel free of charge until 5 days before arrival. The guest will be charged the total price of the reservation if they cancel in the 5 days before arrival.  payment_on_Booking.com (Payout type: BankTransfer)  ** THIS RESERVATION HAS BEEN PRE-PAID ** BOOKING NOTE : Payment charge is GBP 3.136  Genius Booker ",,,,,"2026-09-13",,,,
Sea Side Hotel,2026-08-15T09:13:55,026-008-292,GOQ-987-827,6664458690,,Sharron,Lansbury,"2026-10-30","2026-10-31",1,Standard-Triple room-Ensuite,Non Refundable,R211,,2,1,GBP,72.80,133.36,72.80,0.00,Online,Booking.com,Booking.com,On Account,Confirmed,,slansb.832745@guest.booking.com,+44 7961 210055,,"Group: 4 x Adult, 1 x Child  Child Ages: 8  Genius Rate  Non-Smoking  Promos: Mobile(App) Rate  There is no meal option with this room. Children and Extra Bed Policy: Children of any age are allowed. You haven't added any cots. You haven't added any extra beds. The maximum number of guests is 2.  Deposit Policy: The guest will be charged a prepayment of the total price of the reservation at any time.  Cancellation Policy: The guest will be charged the total price of the reservation if they cancel at any time.  payment_on_Booking.com (Payout type: BankTransfer)  ** THIS RESERVATION HAS BEEN PRE-PAID ** BOOKING NOTE : Payment charge is GBP 2.13376  Genius Booker ",,,,,"2026-08-15",,,,
Granby Hotel,2025-11-21T07:25:30,069-089-004,MHH-886-270,5358019472,,rita,riley,"2026-10-30","2026-11-01",2,Single Shared Bathroom,,Room 25,,1,0,GBP,0.00,0.00,0.00,0.00,Online,Booking.com,Booking.com,On Account,Canceled,,rriley.398089@guest.booking.com,+44 7379 538664,,"Genius Rate  Non-Smoking  Promos: Mobile(App) Rate  There is no meal option with this room. Children and Extra Bed Policy: Children of any age are allowed. You haven't added any cots. You haven't added any extra beds. The maximum number of guests is 1.  Deposit Policy: The guest will be charged a prepayment of the total price of the reservation at any time.  Cancellation Policy: The guest can cancel free of charge until 2 days before arrival. The guest will be charged the total price of the reservation if they cancel in the 2 days before arrival.  payment_on_Booking.com (Payout type: BankTransfer)  ** THIS RESERVATION HAS BEEN PRE-PAID ** BOOKING NOTE : Payment charge is GBP 0.78336  Genius Booker ",,,,,"2025-11-21",,,,
The Valley of Rocks Hotel,2026-08-29T11:32:31,126-505-862,ERY-803-984,6681853286,,Rebecca,Clark,"2026-10-30","2026-11-01",2,Standard Twin room Ensuite-Sea view,Base Rate,Room 20,,2,0,GBP,134.00,134.00,134.00,0.00,Online,Booking.com,Booking.com,On Account,Confirmed,,rclark.182243@guest.booking.com,+44 7903 514469,,"Non-Smoking  Breakfast costs GBP12.50 per person per night. Children and Extra Bed Policy: Children of any age are allowed. You haven't added any cots. You haven't added any extra beds. The maximum number of guests is 2.  Deposit Policy: The guest will be charged a prepayment of the total price of the reservation at any time.  Cancellation Policy: The guest can cancel free of charge until 5 days before arrival. The guest will be charged the total price of the reservation if they cancel in the 5 days before arrival.  payment_on_Booking.com (Payout type: BankTransfer)  ** THIS RESERVATION HAS BEEN PRE-PAID ** I am travelling for business and I may be using a business credit card. Approximate time of arrival: between 17:00 and 18:00 Hiya I will be arranging another booking for Sunday 1 November but work will pay for this via the work credit card. The name will be the same-Rebecca Clark but the email will be childrenoutreachssc@gmail.com  Please can we keep the same room for all nights. Thankyou so much!  Becki BOOKING NOTE : Payment charge is GBP 2.144  Genius Booker ",,,,,"2026-08-29",,,,
Granby Hotel,2025-11-09T11:11:56,134-611-981,ACK-421-647,6004510300,,Claire,Harper,"2026-10-30","2026-11-01",2,Booked as: Standard Double,,Room 16,,1,1,GBP,0.00,0.00,0.00,0.00,Online,Booking.com,Booking.com,On Account,Canceled,,charpe.466487@guest.booking.com,+44 7360 471164,,"Group: 6 x Adult, 1 x Child  Child Ages: 17  Genius Rate  Non-Smoking  Promos: Mobile(App) Rate  There is no meal option with this room. Children and Extra Bed Policy: Children of any age are allowed. You haven't added any cots. You haven't added any extra beds. The maximum number of guests is 2.  Deposit Policy: The guest will be charged a prepayment of the total price of the reservation at any time.  Cancellation Policy: The guest can cancel free of charge until 2 days before arrival. The guest will be charged the total price of the reservation if they cancel in the 2 days before arrival.  payment_on_Booking.com (Payout type: BankTransfer)  ** THIS RESERVATION HAS BEEN PRE-PAID ** BOOKING NOTE : Payment charge is GBP 5.38624  Genius Booker ",,,,,"2025-11-09",,,,
The Valley of Rocks Hotel,2026-01-20T00:25:12,159-141-321,WWB-116-876,5759941032,,Martine,Hodgson,"2026-10-30","2026-10-31",1,Standard Family room Ensuite,Base Rate,Room 15,,2,1,GBP,84.00,84.00,84.00,0.00,Online,Booking.com,Booking.com,On Account,Confirmed,,mhodgs.907705@guest.booking.com,+44 7397 995609,,"Child Ages: 15  Non-Smoking  There is no meal option with this room. Children and Extra Bed Policy: Children of any age are allowed. You haven't added any cots. You haven't added any extra beds. The maximum number of guests is 3.  Deposit Policy: The guest will be charged a prepayment of the total price of the reservation at any time.  Cancellation Policy: The guest can cancel free of charge until 5 days before arrival. The guest will be charged the total price of the reservation if they cancel in the 5 days before arrival.  payment_on_Booking.com (Payout type: BankTransfer)  ** THIS RESERVATION HAS BEEN PRE-PAID ** BOOKING NOTE : Payment charge is GBP 1.344  Genius Booker ",,,,,"2026-01-20",,,,
Granby Hotel,2026-09-07T21:31:26,163-540-401,PVB-982-083,6873361970,,Claire,Harper,"2026-10-30","2026-11-01",2,Standard Double,Base Rate,Room 7,,1,1,GBP,83.91,238.13,83.91,0.00,Online,Booking.com,Booking.com,On Account,Confirmed,,charpe.733941@guest.booking.com,+44 7360 471164,,"Group: 4 x Adult, 1 x Child  Child Ages: 17  Genius Rate  Non-Smoking  Promos: Mobile(App) Rate  There is no meal option with this room. Children and Extra Bed Policy: Children of any age are allowed. You haven't added any cots. You haven't added any extra beds. The maximum number of guests is 1.  Deposit Policy: The guest will be charged a prepayment of the total price of the reservation at any time.  Cancellation Policy: The guest can cancel free of charge until 2 days before arrival. The guest will be charged the total price of the reservation if they cancel in the 2 days before arrival.  payment_on_Booking.com (Payout type: BankTransfer)  ** THIS RESERVATION HAS BEEN PRE-PAID ** BOOKING NOTE : Payment charge is GBP 3.81008  Genius Booker ",,,,,"2026-09-07",,,,
The Valley of Rocks Hotel,2026-01-27T16:23:13,183-630-642,FAF-691-051,6105466352,,pauline,hagan,"2026-10-30","2026-11-03",4,Standard Single room Ensuite,,Room 14,,1,0,GBP,0.00,0.00,0.00,0.00,Online,Booking.com,Booking.com,On Account,Canceled,,phagan.601164@guest.booking.com,+44 7722 781072,,"Non-Smoking  There is no meal option with this room. Children and Extra Bed Policy: Children of any age are allowed. You haven't added any cots. You haven't added any extra beds. The maximum number of guests is 1.  Deposit Policy: The guest will be charged a prepayment of the total price of the reservation at any time.  Cancellation Policy: The guest can cancel free of charge until 5 days before arrival. The guest will be charged the total price of the reservation if they cancel in the 5 days before arrival.  payment_on_Booking.com (Payout type: BankTransfer)  ** THIS RESERVATION HAS BEEN PRE-PAID ** BOOKING NOTE : Payment charge is GBP 3.136  Genius Booker ",,,,,"2026-01-27",,,,
The Valley of Rocks Hotel,2026-05-27T16:52:55,229-411-151,ECF-992-548,6058409346,,wheatley,linda,"2026-10-30","2026-11-01",2,Standard  Double room Ensuite,,Room 5,,1,0,GBP,0.00,0.00,0.00,0.00,Online,Booking.com,Booking.com,On Account,Canceled,,wlinda.284889@guest.booking.com,+44 7892 773511,,"Non-Smoking  Breakfast costs GBP12.50 per person per night. Children and Extra Bed Policy: Children of any age are allowed. You haven't added any cots. You haven't added any extra beds. The maximum number of guests is 2.  Deposit Policy: The guest will be charged a prepayment of the total price of the reservation at any time.  Cancellation Policy: The guest can cancel free of charge until 5 days before arrival. The guest will be charged the total price of the reservation if they cancel in the 5 days before arrival.  payment_on_Booking.com (Payout type: BankTransfer)  ** THIS RESERVATION HAS BEEN PRE-PAID ** BOOKING NOTE : Payment charge is GBP 1.888  Genius Booker ",,,,,"2026-05-27",,,,
Granby Hotel,2025-11-09T11:11:56,241-596-842,ACK-421-647,6004510300,,Claire,Harper,"2026-10-30","2026-11-01",2,Standard Double,,Room 1A,,1,1,GBP,0.00,See 134-611-981,0.00,0.00,Online,Booking.com,Booking.com,On Account,Canceled,,charpe.466487@guest.booking.com,+44 7360 471164,,"Group: 5 x Adult, 1 x Child  Child Ages: 17  payment_on_Booking.com (Payout type: BankTransfer)  Non-Smoking  ** THIS RESERVATION HAS BEEN PRE-PAID ** BOOKING NOTE : Payment charge is GBP 4.03968  Genius Booker  Genius Rate  Promos: Mobile(App) Rate  There is no meal option with this room. Children and Extra Bed Policy: Children of any age are allowed. You haven't added any cots. You haven't added any extra beds. The maximum number of guests is 2.  Deposit Policy: The guest will be charged a prepayment of the total price of the reservation at any time.  Cancellation Policy: The guest can cancel free of charge until 2 days before arrival. The guest will be charged the total price of the reservation if they cancel in the 2 days before arrival.",,,,,"2025-11-09",,,,
Granby Hotel,2026-09-10T19:34:21,296-643-564,YUC-303-914,6550284333,,Bailey,Emma,"2026-10-30","2026-11-02",3,Standard Double,,Room 21,,2,0,GBP,0.00,0.00,0.00,0.00,Online,Booking.com,Booking.com,On Account,Canceled,,bemma.514621@guest.booking.com,+44 7827 249789,,"Genius Rate  Non-Smoking  Promos: Mobile(App) Rate  There is no meal option with this room. Children and Extra Bed Policy: Children of any age are allowed. You haven't added any cots. You haven't added any extra beds. The maximum number of guests is 2.  Deposit Policy: The guest will be charged a prepayment of the total price of the reservation at any time.  Cancellation Policy: The guest can cancel free of charge until 2 days before arrival. The guest will be charged the total price of the reservation if they cancel in the 2 days before arrival.  payment_on_Booking.com (Payout type: BankTransfer)  ** THIS RESERVATION HAS BEEN PRE-PAID ** BOOKING NOTE : Payment charge is GBP 1.9736 ",,,,,"2026-09-10",,,,
Granby Hotel,2026-06-28T19:34:54,340-558-622,QHB-721-107,6109145297,,William,Burlinson,"2026-10-30","2026-11-02",3,Standard Double,,Room 11,,2,0,GBP,0.00,0.00,0.00,0.00,Online,Booking.com,Booking.com,On Account,Canceled,,wburli.139133@guest.booking.com,+44 7751 877188,,"asked for a nice view and the lower floor possible    Genius Rate  Non-Smoking  Promos: Mobile(App) Rate  There is no meal option with this room. Children and Extra Bed Policy: Children of any age are allowed. You haven't added any cots. You haven't added any extra beds. The maximum number of guests is 2.  Deposit Policy: The guest will be charged a prepayment of the total price of the reservation at any time.  Cancellation Policy: The guest can cancel free of charge until 2 days before arrival. The guest will be charged the total price of the reservation if they cancel in the 2 days before arrival.  payment_on_Booking.com (Payout type: BankTransfer)  ** THIS RESERVATION HAS BEEN PRE-PAID ** Room with a view if possible and ground floor if possible. Double bed BOOKING NOTE : Payment charge is GBP 2.1168  Genius Booker ",,,,,"2026-06-28",,,,
Sea Side Hotel,2026-07-29T16:12:10,341-111-032,YZS-244-478,5066221469,,Martyn,Race,"2026-10-30","2026-10-31",1,Standard-Single room-Ensuite,Non Refundable,R104,,1,0,GBP,31.81,31.81,31.81,0.00,Online,Booking.com,Booking.com,On Account,Confirmed,,mrace.506466@guest.booking.com,+44 7546 231226,,"Genius Rate  Non-Smoking  Promos: Mobile(App) Rate  There is no meal option with this room. Children and Extra Bed Policy: Children of any age are allowed. You haven't added any cots. You haven't added any extra beds. The maximum number of guests is 1.  Deposit Policy: The guest will be charged a prepayment of the total price of the reservation at any time.  Cancellation Policy: The guest will be charged the total price of the reservation if they cancel at any time.  payment_on_Booking.com (Payout type: BankTransfer)  ** THIS RESERVATION HAS BEEN PRE-PAID ** BOOKING NOTE : Payment charge is GBP 0.50896  Genius Booker ",,,,,"2026-07-29",,,,
Granby Hotel,2025-11-09T11:11:56,344-209-662,ACK-421-647,6004510300,,Claire,Harper,"2026-10-30","2026-11-01",2,Standard Double,,Room 9,,2,0,GBP,0.00,See 134-611-981,0.00,0.00,Online,Booking.com,Booking.com,On Account,Canceled,,charpe.466487@guest.booking.com,+44 7360 471164,,"Group: 5 x Adult, 1 x Child  payment_on_Booking.com (Payout type: BankTransfer)  Non-Smoking  ** THIS RESERVATION HAS BEEN PRE-PAID ** BOOKING NOTE : Payment charge is GBP 4.03968  Genius Booker  Genius Rate  Promos: Mobile(App) Rate  There is no meal option with this room. Children and Extra Bed Policy: Children of any age are allowed. You haven't added any cots. You haven't added any extra beds. The maximum number of guests is 2.  Deposit Policy: The guest will be charged a prepayment of the total price of the reservation at any time.  Cancellation Policy: The guest can cancel free of charge until 2 days before arrival. The guest will be charged the total price of the reservation if they cancel in the 2 days before arrival.",,,,,"2025-11-09",,,,
Granby Hotel,2026-09-07T21:31:26,384-319-592,PVB-982-083,6873361970,,Claire,Harper,"2026-10-30","2026-11-01",2,Standard Single,Base Rate,Room 17,,1,0,GBP,70.31,See 163-540-401,70.31,0.00,Online,Booking.com,Booking.com,On Account,Confirmed,,charpe.733941@guest.booking.com,+44 7360 471164,,"Group: 4 x Adult, 1 x Child  Genius Rate  Non-Smoking  Promos: Mobile(App) Rate  There is no meal option with this room. Children and Extra Bed Policy: Children of any age are allowed. You haven't added any cots. You haven't added any extra beds. The maximum number of guests is 1.  Deposit Policy: The guest will be charged a prepayment of the total price of the reservation at any time.  Cancellation Policy: The guest can cancel free of charge until 2 days before arrival. The guest will be charged the total price of the reservation if they cancel in the 2 days before arrival.  payment_on_Booking.com (Payout type: BankTransfer)  ** THIS RESERVATION HAS BEEN PRE-PAID ** BOOKING NOTE : Payment charge is GBP 3.81008  Genius Booker ",,,,,"2026-09-07",,,,
The Valley of Rocks Hotel,2026-01-23T09:02:29,391-323-322,UYZ-821-389,5167370703,,pauline,hagan,"2026-10-30","2026-11-03",4,Superior Double room Ensuite,,Room 57,,2,0,GBP,0.00,0.00,0.00,0.00,Online,Booking.com,Booking.com,On Account,Canceled,,phagan.816357@guest.booking.com,+44 7722 781072,,"DO NOT MOVE REPEAT GUEST RAS Non-Smoking  There is no meal option with this room. Children and Extra Bed Policy: Children of any age are allowed. You haven't added any cots. You haven't added any extra beds. The maximum number of guests is 2.  Deposit Policy: The guest will be charged a prepayment of the total price of the reservation at any time.  Cancellation Policy: The guest can cancel free of charge until 5 days before arrival. The guest will be charged the total price of the reservation if they cancel in the 5 days before arrival.  payment_on_Booking.com (Payout type: BankTransfer)  ** THIS RESERVATION HAS BEEN PRE-PAID ** BOOKING NOTE : Payment charge is GBP 4.256  Genius Booker ",,,,,"2026-01-23",,,,
Sea Side Hotel,2026-07-15T17:54:32,490-129-532,ANG-983-420,6707869395,,Kerry,Davies,"2026-10-30","2026-11-01",2,Sea view-Triple room-Ensuite,,R108,,2,0,GBP,0.00,0.00,0.00,0.00,Online,Booking.com,Booking.com,On Account,Canceled,,kdavie.577676@guest.booking.com,+44 7378 504069,,"Genius Rate  Non-Smoking  Promos: Mobile(App) Rate  There is no meal option with this room. Children and Extra Bed Policy: Children of any age are allowed. You haven't added any cots. You haven't added any extra beds. The maximum number of guests is 3.  Deposit Policy: The guest will be charged a prepayment of the total price of the reservation at any time.  Cancellation Policy: The guest can cancel free of charge until 7 days before arrival. The guest will be charged the total price of the reservation if they cancel in the 7 days before arrival.  payment_on_Booking.com (Payout type: BankTransfer)  ** THIS RESERVATION HAS BEEN PRE-PAID ** BOOKING NOTE : Payment charge is GBP 1.68544  Genius Booker ",,,,,"2026-07-15",,,,
Granby Hotel,2026-02-01T12:34:37,501-656-462,ICV-137-551,5326574168,,Claire,Harper,"2026-10-30","2026-11-01",2,Standard Triple,,Room 10,,2,1,GBP,0.00,0.00,0.00,0.00,Online,Booking.com,Booking.com,On Account,Canceled,,charpe.662510@guest.booking.com,+44 7360 471164,,"Child Ages: 4  Genius Rate  Non-Smoking  Promos: Mobile(App) Rate  There is no meal option with this room. Children and Extra Bed Policy: Children of any age are allowed. You haven't added any cots. You haven't added any extra beds. The maximum number of guests is 3.  Deposit Policy: The guest will be charged a prepayment of the total price of the reservation at any time.  Cancellation Policy: The guest can cancel free of charge until 2 days before arrival. The guest will be charged the total price of the reservation if they cancel in the 2 days before arrival.  payment_on_Booking.com (Payout type: BankTransfer)  ** THIS RESERVATION HAS BEEN PRE-PAID ** BOOKING NOTE : Payment charge is GBP 1.68912  Genius Booker ",,,,,"2026-02-01",,,,
Sea Side Hotel,2026-06-14T14:35:26,513-899-081,JWF-556-062,5231122708,,Cherylyn,Taylor,"2026-10-30","2026-10-31",1,Sea view-Triple room-Ensuite,,R108,,2,1,GBP,0.00,0.00,0.00,0.00,Online,Booking.com,Booking.com,On Account,Canceled,,ctaylo.563452@guest.booking.com,+44 7789 161748,,"Child Ages: 8  Non-Smoking  Promos: Mobile(MDot) Rate  There is no meal option with this room. Children and Extra Bed Policy: Children of any age are allowed. You haven't added any cots. You haven't added any extra beds. The maximum number of guests is 3.  Deposit Policy: The guest will be charged a prepayment of the total price of the reservation at any time.  Cancellation Policy: The guest can cancel free of charge until 7 days before arrival. The guest will be charged the total price of the reservation if they cancel in the 7 days before arrival.  payment_on_Booking.com (Payout type: BankTransfer)  ** THIS RESERVATION HAS BEEN PRE-PAID ** BOOKING NOTE : Payment charge is GBP 0.9792 ",,,,,"2026-06-14",,,,
Granby Hotel,2026-09-11T11:24:56,538-656-392,PPS-290-257,6320007245,,anne,Bridge,"2026-10-30","2026-11-01",2,Single Shared Bathroom,Base Rate,Room 25,,1,0,GBP,77.00,77.00,77.00,0.00,Online,Booking.com,Booking.com,On Account,Confirmed,,abridg.727809@guest.booking.com,+44 7848 106370,,"Non-Smoking  There is no meal option with this room. Children and Extra Bed Policy: Children of any age are allowed. You haven't added any cots. You haven't added any extra beds. The maximum number of guests is 1.  Deposit Policy: The guest will be charged a prepayment of the total price of the reservation at any time.  Cancellation Policy: The guest can cancel free of charge until 2 days before arrival. The guest will be charged the total price of the reservation if they cancel in the 2 days before arrival.  payment_on_Booking.com (Payout type: BankTransfer)  ** THIS RESERVATION HAS BEEN PRE-PAID ** BOOKING NOTE : Payment charge is GBP 1.232  Genius Booker ",,,,,"2026-09-11",,,,
Granby Hotel,2026-09-07T21:51:56,583-232-524,UXY-334-203,6259494224,,Claire,Harper,"2026-10-30","2026-11-01",2,Standard Double,,Room 1A,,2,0,GBP,0.00,0.00,0.00,0.00,Online,Booking.com,Booking.com,On Account,Canceled,,charpe.129952@guest.booking.com,+44 7360 471164,,"Group: 4 x Adult, 1 x Child  Genius Rate  Non-Smoking  Promos: Mobile(App) Rate  There is no meal option with this room. Children and Extra Bed Policy: Children of any age are allowed. You haven't added any cots. You haven't added any extra beds. The maximum number of guests is 2.  Deposit Policy: The guest will be charged a prepayment of the total price of the reservation at any time.  Cancellation Policy: The guest can cancel free of charge until 2 days before arrival. The guest will be charged the total price of the reservation if they cancel in the 2 days before arrival.  payment_on_Booking.com (Payout type: BankTransfer)  ** THIS RESERVATION HAS BEEN PRE-PAID ** BOOKING NOTE : Payment charge is GBP 3.81008  Genius Booker ",,,,,"2026-09-07",,,,
Granby Hotel,2026-08-30T17:16:37,613-218-402,DPJ-373-820,6615002341,,Tracey,Melia,"2026-10-30","2026-11-01",2,Standard Double,Base Rate,Room 15,,2,0,GBP,104.00,104.00,104.00,0.00,Online,Booking.com,Booking.com,On Account,Confirmed,,tmelia.642967@guest.booking.com,+44 20 3564 0799,,"Non-Smoking  There is no meal option with this room. Children and Extra Bed Policy: Children of any age are allowed. You haven't added any cots. You haven't added any extra beds. The maximum number of guests is 2.  Deposit Policy: The guest will be charged a prepayment of the total price of the reservation at any time.  Cancellation Policy: The guest can cancel free of charge until 2 days before arrival. The guest will be charged the total price of the reservation if they cancel in the 2 days before arrival.  payment_on_Booking.com (Payout type: BankTransfer)  ** THIS RESERVATION HAS BEEN PRE-PAID ** LargeBed BOOKING NOTE : Payment charge is GBP 1.664 ",,,,,"2026-08-30",,,,
Granby Hotel,2026-09-07T21:31:26,638-982-014,PVB-982-083,6873361970,,Claire,Harper,"2026-10-30","2026-11-01",2,Standard Double,Base Rate,Room 11,,2,0,GBP,83.91,See 163-540-401,83.91,0.00,Online,Booking.com,Booking.com,On Account,Confirmed,,charpe.733941@guest.booking.com,+44 7360 471164,,"Group: 4 x Adult, 1 x Child  Genius Rate  Non-Smoking  Promos: Mobile(App) Rate  There is no meal option with this room. Children and Extra Bed Policy: Children of any age are allowed. You haven't added any cots. You haven't added any extra beds. The maximum number of guests is 1.  Deposit Policy: The guest will be charged a prepayment of the total price of the reservation at any time.  Cancellation Policy: The guest can cancel free of charge until 2 days before arrival. The guest will be charged the total price of the reservation if they cancel in the 2 days before arrival.  payment_on_Booking.com (Payout type: BankTransfer)  ** THIS RESERVATION HAS BEEN PRE-PAID ** BOOKING NOTE : Payment charge is GBP 3.81008  Genius Booker ",,,,,"2026-09-07",,,,
Sea Side Hotel,2026-08-15T09:13:55,698-846-281,GOQ-987-827,6664458690,,Sharron,Lansbury,"2026-10-30","2026-10-31",1,Standard-Double room-Ensuite,Non Refundable,R215,,2,0,GBP,60.56,See 026-008-292,60.56,0.00,Online,Booking.com,Booking.com,On Account,Confirmed,,slansb.832745@guest.booking.com,+44 7961 210055,,"Group: 4 x Adult, 1 x Child  Genius Rate  Non-Smoking  Promos: Mobile(App) Rate  There is no meal option with this room. Children and Extra Bed Policy: Children of any age are allowed. You haven't added any cots. You haven't added any extra beds. The maximum number of guests is 2.  Deposit Policy: The guest will be charged a prepayment of the total price of the reservation at any time.  Cancellation Policy: The guest will be charged the total price of the reservation if they cancel at any time.  payment_on_Booking.com (Payout type: BankTransfer)  ** THIS RESERVATION HAS BEEN PRE-PAID ** BOOKING NOTE : Payment charge is GBP 2.13376  Genius Booker ",,,,,"2026-08-15",,,,
Granby Hotel,2026-09-07T21:51:56,860-929-994,UXY-334-203,6259494224,,Claire,Harper,"2026-10-30","2026-11-01",2,Standard Single,,Room 2,,1,0,GBP,0.00,See 583-232-524,0.00,0.00,Online,Booking.com,Booking.com,On Account,Canceled,,charpe.129952@guest.booking.com,+44 7360 471164,,"Group: 4 x Adult, 1 x Child  Genius Rate  Non-Smoking  Promos: Mobile(App) Rate  There is no meal option with this room. Children and Extra Bed Policy: Children of any age are allowed. You haven't added any cots. You haven't added any extra beds. The maximum number of guests is 2.  Deposit Policy: The guest will be charged a prepayment of the total price of the reservation at any time.  Cancellation Policy: The guest can cancel free of charge until 2 days before arrival. The guest will be charged the total price of the reservation if they cancel in the 2 days before arrival.  payment_on_Booking.com (Payout type: BankTransfer)  ** THIS RESERVATION HAS BEEN PRE-PAID ** BOOKING NOTE : Payment charge is GBP 3.81008  Genius Booker ",,,,,"2026-09-07",,,,
Granby Hotel,2026-08-30T17:32:20,866-048-164,IEJ-847-145,2546667940,,Tracey,Revell,"2026-10-30","2026-11-01",2,Standard Double,Base Rate,Room 3,,2,0,GBP,91.51,91.51,91.51,0.00,Online,Expedia Affiliate Network,Expedia & Affiliate Network,On Account,Confirmed,,uqxavothj1@m.expediapartnercentral.com,1111111111111,,"Other Guests:TBA12 TBA12 1 Double Bed Expedia collects payment from traveler: Hotel invoices Expedia. ",,,,,"2026-08-30",,,,
Granby Hotel,2025-11-09T11:11:56,922-860-344,ACK-421-647,6004510300,,Claire,Harper,"2026-10-30","2026-11-01",2,Standard Double,,Room 21,,2,0,GBP,0.00,See 134-611-981,0.00,0.00,Online,Booking.com,Booking.com,On Account,Canceled,,charpe.466487@guest.booking.com,+44 7360 471164,,"Group: 5 x Adult, 1 x Child  payment_on_Booking.com (Payout type: BankTransfer)  Non-Smoking  ** THIS RESERVATION HAS BEEN PRE-PAID ** BOOKING NOTE : Payment charge is GBP 4.03968  Genius Booker  Genius Rate  Promos: Mobile(App) Rate  There is no meal option with this room. Children and Extra Bed Policy: Children of any age are allowed. You haven't added any cots. You haven't added any extra beds. The maximum number of guests is 2.  Deposit Policy: The guest will be charged a prepayment of the total price of the reservation at any time.  Cancellation Policy: The guest can cancel free of charge until 2 days before arrival. The guest will be charged the total price of the reservation if they cancel in the 2 days before arrival.",,,,,"2025-11-09",,,,
Sea Side Hotel,2026-07-16T18:40:13,945-696-521,UVY-038-639,5737625986,,Sylvia,Marlow,"2026-10-30","2026-11-02",3,Sea view-Double room-Ensuite,,R206,,2,0,GBP,0.00,0.00,0.00,0.00,Online,Booking.com,Booking.com,On Account,Canceled,,smarlo.206613@guest.booking.com,+44 7930 413159,,"Genius Rate  Non-Smoking  Promos: Mobile(App) Rate  There is no meal option with this room. Children and Extra Bed Policy: Children of any age are allowed. You haven't added any cots. You haven't added any extra beds. The maximum number of guests is 2.  Deposit Policy: The guest will be charged a prepayment of the total price of the reservation at any time.  Cancellation Policy: The guest can cancel free of charge until 7 days before arrival. The guest will be charged the total price of the reservation if they cancel in the 7 days before arrival.  payment_on_Booking.com (Payout type: BankTransfer)  ** THIS RESERVATION HAS BEEN PRE-PAID ** BOOKING NOTE : Payment charge is GBP 2.17952  Genius Booker ",,,,,"2026-07-16",,,,
Granby Hotel,2026-09-07T21:51:56,993-151-342,UXY-334-203,6259494224,,Claire,Harper,"2026-10-30","2026-11-01",2,Standard Double,,Room 21,,1,1,GBP,0.00,See 583-232-524,0.00,0.00,Online,Booking.com,Booking.com,On Account,Canceled,,charpe.129952@guest.booking.com,+44 7360 471164,,"Group: 4 x Adult, 1 x Child  Child Ages: 17  Genius Rate  Non-Smoking  Promos: Mobile(App) Rate  There is no meal option with this room. Children and Extra Bed Policy: Children of any age are allowed. You haven't added any cots. You haven't added any extra beds. The maximum number of guests is 2.  Deposit Policy: The guest will be charged a prepayment of the total price of the reservation at any time.  Cancellation Policy: The guest can cancel free of charge until 2 days before arrival. The guest will be charged the total price of the reservation if they cancel in the 2 days before arrival.  payment_on_Booking.com (Payout type: BankTransfer)  ** THIS RESERVATION HAS BEEN PRE-PAID ** BOOKING NOTE : Payment charge is GBP 3.81008  Genius Booker ",,,,,"2026-09-07",,,,
Granby Hotel,2025-11-21T06:31:52,259-141-554,FND-262-709,6131814772,,rita,riley,"2026-10-31","2026-11-01",1,Standard Single,,Room 8,,1,0,GBP,0.00,0.00,0.00,0.00,Online,Booking.com,Booking.com,On Account,Canceled,,rriley.711094@guest.booking.com,+44 7379 538664,,"Genius Rate  Non-Smoking  Promos: Mobile(App) Rate  There is no meal option with this room. Children and Extra Bed Policy: Children of any age are allowed. You haven't added any cots. You haven't added any extra beds. The maximum number of guests is 1.  Deposit Policy: The guest will be charged a prepayment of the total price of the reservation at any time.  Cancellation Policy: The guest can cancel free of charge until 2 days before arrival. The guest will be charged the total price of the reservation if they cancel in the 2 days before arrival.  payment_on_Booking.com (Payout type: BankTransfer)  ** THIS RESERVATION HAS BEEN PRE-PAID ** BOOKING NOTE : Payment charge is GBP 0.5184  Genius Booker ",,,,,"2025-11-21",,,,
The Valley of Rocks Hotel,2026-09-09T10:55:58,305-646-381,UYQ-413-642,6530726404,,Mark,Gratton,"2026-10-31","2026-11-01",1,Standard  Double room Ensuite,Base Rate,Room 47,,1,0,GBP,59.00,221.00,59.00,0.00,Online,Booking.com,Booking.com,On Account,Confirmed,,mgratt.968832@guest.booking.com,+44 7843 529742,,"Group: 4 x Adult, 0 x Child  Non-Smoking  Breakfast costs GBP12.50 per person per night. Children and Extra Bed Policy: Children of any age are allowed. You haven't added any cots. You haven't added any extra beds. The maximum number of guests is 2.  Deposit Policy: The guest will be charged a prepayment of the total price of the reservation at any time.  Cancellation Policy: The guest can cancel free of charge until 5 days before arrival. The guest will be charged the total price of the reservation if they cancel in the 5 days before arrival.  payment_on_Booking.com (Payout type: BankTransfer)  ** THIS RESERVATION HAS BEEN PRE-PAID ** BOOKING NOTE : Payment charge is GBP 3.536  Genius Booker ",,,,,"2026-09-09",,,,
The Valley of Rocks Hotel,2026-09-09T10:55:58,330-696-844,UYQ-413-642,6530726404,,Mark,Gratton,"2026-10-31","2026-11-01",1,Standard Twin room Ensuite,Base Rate,Room 10,,1,0,GBP,64.00,See 305-646-381,64.00,0.00,Online,Booking.com,Booking.com,On Account,Confirmed,,mgratt.968832@guest.booking.com,+44 7843 529742,,"Group: 4 x Adult, 0 x Child  Non-Smoking  Breakfast costs GBP12.50 per person per night. Children and Extra Bed Policy: Children of any age are allowed. You haven't added any cots. You haven't added any extra beds. The maximum number of guests is 2.  Deposit Policy: The guest will be charged a prepayment of the total price of the reservation at any time.  Cancellation Policy: The guest can cancel free of charge until 5 days before arrival. The guest will be charged the total price of the reservation if they cancel in the 5 days before arrival.  payment_on_Booking.com (Payout type: BankTransfer)  ** THIS RESERVATION HAS BEEN PRE-PAID ** BOOKING NOTE : Payment charge is GBP 3.536  Genius Booker ",,,,,"2026-09-09",,,,
Granby Hotel,2026-08-09T16:34:28,384-040-684,JYT-447-902,6642239496,,Sharon,Clarke,"2026-10-31","2026-11-01",1,Standard Double,Base Rate,Room 1,,2,0,GBP,50.46,50.46,50.46,0.00,Online,Booking.com,Booking.com,On Account,Confirmed,,sclark.796821@guest.booking.com,+44 7552 900361,,"Genius Rate  Non-Smoking  Promos: Mobile(App) Rate  There is no meal option with this room. Children and Extra Bed Policy: Children of any age are allowed. You haven't added any cots. You haven't added any extra beds. The maximum number of guests is 2.  Deposit Policy: The guest will be charged a prepayment of the total price of the reservation at any time.  Cancellation Policy: The guest can cancel free of charge until 2 days before arrival. The guest will be charged the total price of the reservation if they cancel in the 2 days before arrival.  payment_on_Booking.com (Payout type: BankTransfer)  ** THIS RESERVATION HAS BEEN PRE-PAID ** BOOKING NOTE : Payment charge is GBP 0.80736  Genius Booker ",,,,,"2026-08-09",,,,
The Valley of Rocks Hotel,2026-07-29T15:18:11,416-549-114,XXW-031-467,5969367114,,Dr Stuart,Cairns,"2026-10-31","2026-11-01",1,Standard Single room Ensuite,Base Rate,Room 14,,1,0,GBP,49.00,98.00,49.00,0.00,Online,Booking.com,Booking.com,On Account,Confirmed,,dcairn.298314@guest.booking.com,+44 7976 744465,,"Group: 2 x Adult, 0 x Child  Non-Smoking  Breakfast costs GBP12.50 per person per night. Children and Extra Bed Policy: Children of any age are allowed. You haven't added any cots. You haven't added any extra beds. The maximum number of guests is 1.  Deposit Policy: The guest will be charged a prepayment of the total price of the reservation at any time.  Cancellation Policy: The guest can cancel free of charge until 5 days before arrival. The guest will be charged the total price of the reservation if they cancel in the 5 days before arrival.  payment_on_Booking.com (Payout type: BankTransfer)  ** THIS RESERVATION HAS BEEN PRE-PAID ** BOOKING NOTE : Payment charge is GBP 1.568  Genius Booker ",,,,,"2026-07-29",,,,
Granby Hotel,2026-09-12T11:40:30,643-051-231,BJU-771-225,5978885310,,Helen,Stevens,"2026-10-31","2026-11-01",1,Standard Twin,,Room 19,,2,0,GBP,0.00,0.00,0.00,0.00,Online,Booking.com,Booking.com,On Account,Canceled,,hsteve.873363@guest.booking.com,+44 7401 401146,,"Genius Rate  Non-Smoking  Promos: Mobile(App) Rate  There is no meal option with this room. Children and Extra Bed Policy: Children of any age are allowed. You haven't added any cots. You haven't added any extra beds. The maximum number of guests is 2.  Deposit Policy: The guest will be charged a prepayment of the total price of the reservation at any time.  Cancellation Policy: The guest can cancel free of charge until 2 days before arrival. The guest will be charged the total price of the reservation if they cancel in the 2 days before arrival.  payment_on_Booking.com (Payout type: BankTransfer)  ** THIS RESERVATION HAS BEEN PRE-PAID ** BOOKING NOTE : Payment charge is GBP 0.61424  Genius Booker ",,,,,"2026-09-12",,,,
The Valley of Rocks Hotel,2026-08-14T22:04:56,809-018-434,OHP-954-992,6345487504,,Alison,Owen,"2026-10-31","2026-11-03",3,Standard  Double room Ensuite,,Room 50,,2,0,GBP,0.00,0.00,0.00,0.00,Online,Booking.com,Booking.com,On Account,Canceled,,aowen.574515@guest.booking.com,+44 7780 006145,,"Non-Smoking  Breakfast costs GBP12.50 per person per night. Children and Extra Bed Policy: Children of any age are allowed. You haven't added any cots. You haven't added any extra beds. The maximum number of guests is 2.  Deposit Policy: The guest will be charged a prepayment of the total price of the reservation at any time.  Cancellation Policy: The guest can cancel free of charge until 5 days before arrival. The guest will be charged the total price of the reservation if they cancel in the 5 days before arrival.  payment_on_Booking.com (Payout type: BankTransfer)  ** THIS RESERVATION HAS BEEN PRE-PAID ** BOOKING NOTE : Payment charge is GBP 2.672  Genius Booker ",,,,,"2026-08-14",,,,
Granby Hotel,2026-09-03T19:04:11,835-532-061,SXO-554-973,5874103992,,Paul,Tinker,"2026-10-31","2026-11-01",1,Double Shared Bathroom,Base Rate,Room 23,,2,0,GBP,41.40,41.40,41.40,0.00,Online,Booking.com,Booking.com,On Account,Confirmed,,ptinke.623364@guest.booking.com,+44 7534 697169,,"Non-Smoking  Promos: Mobile(App) Rate  There is no meal option with this room. Children and Extra Bed Policy: Children of any age are allowed. You haven't added any cots. You haven't added any extra beds. The maximum number of guests is 2.  Deposit Policy: The guest will be charged a prepayment of the total price of the reservation at any time.  Cancellation Policy: The guest can cancel free of charge until 2 days before arrival. The guest will be charged the total price of the reservation if they cancel in the 2 days before arrival.  payment_on_Booking.com (Payout type: BankTransfer)  ** THIS RESERVATION HAS BEEN PRE-PAID ** BOOKING NOTE : Payment charge is GBP 0.6624  Genius Booker ",,,,,"2026-09-03",,,,
The Valley of Rocks Hotel,2026-09-09T10:55:58,849-329-651,UYQ-413-642,6530726404,,Mark,Gratton,"2026-10-31","2026-11-01",1,Standard Single room Ensuite,Base Rate,Room 29,,1,0,GBP,49.00,See 305-646-381,49.00,0.00,Online,Booking.com,Booking.com,On Account,Confirmed,,mgratt.968832@guest.booking.com,+44 7843 529742,,"Group: 4 x Adult, 0 x Child  Non-Smoking  Breakfast costs GBP12.50 per person per night. Children and Extra Bed Policy: Children of any age are allowed. You haven't added any cots. You haven't added any extra beds. The maximum number of guests is 2.  Deposit Policy: The guest will be charged a prepayment of the total price of the reservation at any time.  Cancellation Policy: The guest can cancel free of charge until 5 days before arrival. The guest will be charged the total price of the reservation if they cancel in the 5 days before arrival.  payment_on_Booking.com (Payout type: BankTransfer)  ** THIS RESERVATION HAS BEEN PRE-PAID ** BOOKING NOTE : Payment charge is GBP 3.536  Genius Booker ",,,,,"2026-09-09",,,,
The Valley of Rocks Hotel,2026-07-29T15:18:11,890-851-212,XXW-031-467,5969367114,,Dr Stuart,Cairns,"2026-10-31","2026-11-01",1,Standard Single room Ensuite,Base Rate,Room 62,,1,0,GBP,49.00,See 416-549-114,49.00,0.00,Online,Booking.com,Booking.com,On Account,Confirmed,,dcairn.298314@guest.booking.com,+44 7976 744465,,"Group: 2 x Adult, 0 x Child  Non-Smoking  Breakfast costs GBP12.50 per person per night. Children and Extra Bed Policy: Children of any age are allowed. You haven't added any cots. You haven't added any extra beds. The maximum number of guests is 1.  Deposit Policy: The guest will be charged a prepayment of the total price of the reservation at any time.  Cancellation Policy: The guest can cancel free of charge until 5 days before arrival. The guest will be charged the total price of the reservation if they cancel in the 5 days before arrival.  payment_on_Booking.com (Payout type: BankTransfer)  ** THIS RESERVATION HAS BEEN PRE-PAID ** BOOKING NOTE : Payment charge is GBP 1.568  Genius Booker ",,,,,"2026-07-29",,,,
Sea Side Hotel,2026-06-30T17:39:55,923-502-112,OUP-556-153,5724692515,,Graham,Riley,"2026-10-31","2026-11-02",2,Standard-Double room-Ensuite,Base Rate,R215,,2,0,GBP,74.25,74.25,74.25,0.00,Online,Booking.com,Booking.com,On Account,Confirmed,,griley.700414@guest.booking.com,+44 7359 267705,,"Genius Rate  Non-Smoking  Promos: Mobile(App) Rate  There is no meal option with this room. Children and Extra Bed Policy: Children of any age are allowed. You haven't added any cots. You haven't added any extra beds. The maximum number of guests is 2.  Deposit Policy: The guest will be charged a prepayment of the total price of the reservation at any time.  Cancellation Policy: The guest can cancel free of charge until 7 days before arrival. The guest will be charged the total price of the reservation if they cancel in the 7 days before arrival.  payment_on_Booking.com (Payout type: BankTransfer)  ** THIS RESERVATION HAS BEEN PRE-PAID ** BOOKING NOTE : Payment charge is GBP 1.188  Genius Booker ",,,,,"2026-06-30",,,,
The Valley of Rocks Hotel,2026-09-09T10:55:58,932-281-591,UYQ-413-642,6530726404,,Mark,Gratton,"2026-10-31","2026-11-01",1,Standard Single room Ensuite,Base Rate,Room 48,,1,0,GBP,49.00,See 305-646-381,49.00,0.00,Online,Booking.com,Booking.com,On Account,Confirmed,,mgratt.968832@guest.booking.com,+44 7843 529742,,"Group: 4 x Adult, 0 x Child  Non-Smoking  Breakfast costs GBP12.50 per person per night. Children and Extra Bed Policy: Children of any age are allowed. You haven't added any cots. You haven't added any extra beds. The maximum number of guests is 2.  Deposit Policy: The guest will be charged a prepayment of the total price of the reservation at any time.  Cancellation Policy: The guest can cancel free of charge until 5 days before arrival. The guest will be charged the total price of the reservation if they cancel in the 5 days before arrival.  payment_on_Booking.com (Payout type: BankTransfer)  ** THIS RESERVATION HAS BEEN PRE-PAID ** BOOKING NOTE : Payment charge is GBP 3.536  Genius Booker ",,,,,"2026-09-09",,,,
Granby Hotel,2026-08-12T12:21:51,952-629-051,QZO-575-351,6650423792,,Helen,Stevens,"2026-10-31","2026-11-01",1,Standard Twin,,Room 12,,2,0,GBP,0.00,0.00,0.00,0.00,Online,Booking.com,Booking.com,On Account,Canceled,,hsteve.374754@guest.booking.com,+44 7401 401146,,"Genius Rate  Non-Smoking  Promos: Mobile(App) Rate  There is no meal option with this room. Children and Extra Bed Policy: Children of any age are allowed. You haven't added any cots. You haven't added any extra beds. The maximum number of guests is 2.  Deposit Policy: The guest will be charged a prepayment of the total price of the reservation at any time.  Cancellation Policy: The guest can cancel free of charge until 2 days before arrival. The guest will be charged the total price of the reservation if they cancel in the 2 days before arrival.  payment_on_Booking.com (Payout type: BankTransfer)  ** THIS RESERVATION HAS BEEN PRE-PAID ** BOOKING NOTE : Payment charge is GBP 0.71664  Genius Booker ",,,,,"2026-08-12",,,,
Harbour Stays,2026-08-04T11:43:22,453-148-461,HSE-617-826,5546969157,,Lysandra,Rusted,"2026-11-01","2026-11-02",1,Two Bedroom-Apartment-Private Bathroom,,Flat 5,,2,3,GBP,0.00,0.00,0.00,0.00,Online,Booking.com,Booking.com,On Account,Canceled,,lruste.223441@guest.booking.com,+44 7359 535671,,"Child Ages: 13, 16, 7  Non-Smoking  Promos: Domestic  There is no meal option with this room. Children and Extra Bed Policy: Children of any age are allowed. You haven't added any cots. You haven't added any extra beds. The maximum number of guests is 5.  Deposit Policy: The guest will be charged a prepayment of the total price of the reservation at any time.  Cancellation Policy: The guest can cancel free of charge until 7 days before arrival. The guest will be charged the total price of the reservation if they cancel in the 7 days before arrival.  payment_on_Booking.com (Payout type: BankTransfer)  ** THIS RESERVATION HAS BEEN PRE-PAID ** BOOKING NOTE : Payment charge is GBP 1.08288 ",,,,,"2026-08-04",,,,
The Valley of Rocks Hotel,2026-08-30T14:16:55,653-326-301,GEK-917-417,6520166214,,Clark,Rebecca,"2026-11-01","2026-11-02",1,Standard Twin room Ensuite-Sea view,Base Rate,Room 20,,2,0,GBP,64.00,64.00,64.00,0.00,Online,Booking.com,Booking.com,On Account,Confirmed,,crebec.501655@guest.booking.com,+44 7903 514469,,"Non-Smoking  Breakfast costs GBP12.50 per person per night. Children and Extra Bed Policy: Children of any age are allowed. You haven't added any cots. You haven't added any extra beds. The maximum number of guests is 2.  Deposit Policy: The guest will be charged a prepayment of the total price of the reservation at any time.  Cancellation Policy: The guest can cancel free of charge until 5 days before arrival. The guest will be charged the total price of the reservation if they cancel in the 5 days before arrival.  payment_on_Booking.com (Payout type: BankTransfer)  ** THIS RESERVATION HAS BEEN PRE-PAID ** BOOKING NOTE : Payment charge is GBP 1.024 Hiya Rima I have a previous booking - Reference Number - 6681853286 - please can I have the same room. Thankyou Becki  Genius Booker ",,,,,"2026-08-30",,,"don,t move the guest requested balcony",
Sea Side Hotel,2026-08-08T03:07:27,208-405-461,LTF-338-863,5398070883,,Colin,Meakin,"2026-11-02","2026-11-08",6,Standard-Double room-Ensuite,,R101,,2,0,GBP,0.00,0.00,0.00,0.00,Online,Booking.com,Booking.com,On Account,Canceled,,cmeaki.177885@guest.booking.com,+44 7958 429906,,"Genius Rate  Non-Smoking  Promos: Mobile(App) Rate  There is no meal option with this room. Children and Extra Bed Policy: Children of any age are allowed. You haven't added any cots. You haven't added any extra beds. The maximum number of guests is 2.  Deposit Policy: The guest will be charged a prepayment of the total price of the reservation at any time.  Cancellation Policy: The guest can cancel free of charge until 7 days before arrival. The guest will be charged the total price of the reservation if they cancel in the 7 days before arrival.  payment_on_Booking.com (Payout type: BankTransfer)  ** THIS RESERVATION HAS BEEN PRE-PAID ** BOOKING NOTE : Payment charge is GBP 3.06  Genius Booker ",,,,,"2026-08-08",,,,
The Valley of Rocks Hotel,2026-09-06T14:10:09,652-131-681,BWN-327-055,6655512192,,Owain,Bates,"2026-11-02","2026-11-07",5,Standard Double room Ensuite-Sea view,Base Rate,Room 51,,2,0,GBP,300.00,300.00,300.00,0.00,Online,Booking.com,Booking.com,On Account,Confirmed,,obates.958506@guest.booking.com,+44 7804 943992,,"Non-Smoking  Breakfast costs GBP12.50 per person per night. Children and Extra Bed Policy: Children of any age are allowed. You haven't added any cots. You haven't added any extra beds. The maximum number of guests is 2.  Deposit Policy: The guest will be charged a prepayment of the total price of the reservation at any time.  Cancellation Policy: The guest can cancel free of charge until 5 days before arrival. The guest will be charged the total price of the reservation if they cancel in the 5 days before arrival.  payment_on_Booking.com (Payout type: BankTransfer)  ** THIS RESERVATION HAS BEEN PRE-PAID ** Approximate time of arrival: between 18:00 and 19:00 BOOKING NOTE : Payment charge is GBP 4.8  Genius Booker ",,,,,"2026-09-06",,,,
Sea Side Hotel,2026-08-08T12:25:46,489-290-094,WMT-119-987,5768463958,,Anne,Thompson,"2026-11-03","2026-11-10",7,Sea view-Double room-Ensuite,,R206,,2,0,GBP,0.00,0.00,0.00,0.00,Online,Booking.com,Booking.com,On Account,Canceled,,athomp.106490@guest.booking.com,+44 7736 233179,,"Genius Rate  Non-Smoking  Promos: Mobile(App) Rate  There is no meal option with this room. Children and Extra Bed Policy: Children of any age are allowed. You haven't added any cots. You haven't added any extra beds. The maximum number of guests is 2.  Deposit Policy: The guest will be charged a prepayment of the total price of the reservation at any time.  Cancellation Policy: The guest can cancel free of charge until 7 days before arrival. The guest will be charged the total price of the reservation if they cancel in the 7 days before arrival.  payment_on_Booking.com (Payout type: BankTransfer)  ** THIS RESERVATION HAS BEEN PRE-PAID ** BOOKING NOTE : Payment charge is GBP 4.33376  Genius Booker ",,,,,"2026-08-08",,,,
Sea Side Hotel,2026-08-12T15:23:18,643-048-661,STX-004-388,6218427196,,Samuel,Traikx,"2026-11-03","2026-11-07",4,Standard-Single room-Ensuite,,R103,,1,0,GBP,0.00,0.00,0.00,0.00,Online,Booking.com,Booking.com,On Account,Canceled,,straik.796046@guest.booking.com,+44 7404 228463,,"Genius Rate  Non-Smoking  Promos: Mobile(MDot) Rate  There is no meal option with this room. Children and Extra Bed Policy: Children of any age are allowed. You haven't added any cots. You haven't added any extra beds. The maximum number of guests is 1.  Deposit Policy: The guest will be charged a prepayment of the total price of the reservation at any time.  Cancellation Policy: The guest can cancel free of charge until 7 days before arrival. The guest will be charged the total price of the reservation if they cancel in the 7 days before arrival.  payment_on_Booking.com (Payout type: BankTransfer)  ** THIS RESERVATION HAS BEEN PRE-PAID ** BOOKING NOTE : Payment charge is GBP 2.05312  Genius Booker ",,,,,"2026-08-12",,,,
The Valley of Rocks Hotel,2026-09-08T20:41:17,643-965-804,OYZ-088-549,5892426637,,Steven,cockerill,"2026-11-04","2026-11-05",1,Standard  Double room Ensuite,Base Rate,Room 5,,2,0,GBP,54.00,54.00,54.00,0.00,Online,Booking.com,Booking.com,On Account,Confirmed,,scocke.828753@guest.booking.com,+44 7718 200693,,"Non-Smoking  Breakfast costs GBP12.50 per person per night. Children and Extra Bed Policy: Children of any age are allowed. You haven't added any cots. You haven't added any extra beds. The maximum number of guests is 2.  Deposit Policy: The guest will be charged a prepayment of the total price of the reservation at any time.  Cancellation Policy: The guest can cancel free of charge until 5 days before arrival. The guest will be charged the total price of the reservation if they cancel in the 5 days before arrival.  payment_on_Booking.com (Payout type: BankTransfer)  ** THIS RESERVATION HAS BEEN PRE-PAID ** Approximate time of arrival: between 16:00 and 17:00 BOOKING NOTE : Payment charge is GBP 0.864  Genius Booker ",,,,,"2026-09-08",,,,
The Valley of Rocks Hotel,2026-07-05T03:56:08,535-041-092,TLZ-382-495,6500719309,,OLUWAFEYIKEMI,ADEBAYO,"2026-11-05","2026-11-11",6,Standard  Double room Ensuite,,Room 50,,1,0,GBP,0.00,0.00,0.00,0.00,Online,Booking.com,Booking.com,On Account,Canceled,,oadeba.550064@guest.booking.com,+1 437 766 0265,,"Non-Smoking  Promos: International  Breakfast costs GBP12.50 per person per night. Children and Extra Bed Policy: Children of any age are allowed. You haven't added any cots. You haven't added any extra beds. The maximum number of guests is 2.  Deposit Policy: The guest will be charged a prepayment of the total price of the reservation at any time.  Cancellation Policy: The guest can cancel free of charge until 5 days before arrival. The guest will be charged the total price of the reservation if they cancel in the 5 days before arrival.  payment_on_Booking.com (Payout type: BankTransfer)  ** THIS RESERVATION HAS BEEN PRE-PAID ** BOOKING NOTE : Payment charge is GBP 4.8096 ",,,,,"2026-07-05",,,,
The Valley of Rocks Hotel,2026-09-14T13:37:58,956-801-944,LRJ-618-387,5147789661,,Helen,Grech-Cini,"2026-11-05","2026-11-08",3,Standard  Double room Ensuite,Base Rate,Room 5,,2,0,GBP,172.00,172.00,172.00,0.00,Online,Booking.com,Booking.com,On Account,Confirmed,,hgrech.829186@guest.booking.com,+44 7521 399662,,"Non-Smoking  Breakfast costs GBP12.50 per person per night. Children and Extra Bed Policy: Children of any age are allowed. You haven't added any cots. You haven't added any extra beds. The maximum number of guests is 2.  Deposit Policy: The guest will be charged a prepayment of the total price of the reservation at any time.  Cancellation Policy: The guest can cancel free of charge until 5 days before arrival. The guest will be charged the total price of the reservation if they cancel in the 5 days before arrival.  payment_on_Booking.com (Payout type: BankTransfer)  ** THIS RESERVATION HAS BEEN PRE-PAID ** BOOKING NOTE : Payment charge is GBP 2.752  Genius Booker ",,,,,"2026-09-14",,,,
The Valley of Rocks Hotel,2026-08-30T09:53:06,119-689-962,LXT-227-809,6298826246,,Rhonda,McAlpine,"2026-11-06","2026-11-08",2,Standard Double room Ensuite-Sea view,,Room 51,,1,0,GBP,0.00,0.00,0.00,0.00,Online,Booking.com,Booking.com,On Account,Canceled,,rmcalp.926545@guest.booking.com,+44 7891 777283,,"Group: 3 x Adult, 0 x Child  Non-Smoking  Breakfast costs GBP12.50 per person per night. Children and Extra Bed Policy: Children of any age are allowed. You haven't added any cots. You haven't added any extra beds. The maximum number of guests is 2.  Deposit Policy: The guest will be charged a prepayment of the total price of the reservation at any time.  Cancellation Policy: The guest can cancel free of charge until 5 days before arrival. The guest will be charged the total price of the reservation if they cancel in the 5 days before arrival.  payment_on_Booking.com (Payout type: BankTransfer)  ** THIS RESERVATION HAS BEEN PRE-PAID ** BOOKING NOTE : Payment charge is GBP 6.144  Genius Booker ",,,,,"2026-08-30",,,,
The Valley of Rocks Hotel,2026-08-30T09:53:06,238-542-432,LXT-227-809,6298826246,,Rhonda,McAlpine,"2026-11-06","2026-11-08",2,Standard Double room Ensuite-Sea view,,Room 55,,1,0,GBP,0.00,See 119-689-962,0.00,0.00,Online,Booking.com,Booking.com,On Account,Canceled,,rmcalp.926545@guest.booking.com,+44 7891 777283,,"Group: 3 x Adult, 0 x Child  Non-Smoking  Breakfast costs GBP12.50 per person per night. Children and Extra Bed Policy: Children of any age are allowed. You haven't added any cots. You haven't added any extra beds. The maximum number of guests is 2.  Deposit Policy: The guest will be charged a prepayment of the total price of the reservation at any time.  Cancellation Policy: The guest can cancel free of charge until 5 days before arrival. The guest will be charged the total price of the reservation if they cancel in the 5 days before arrival.  payment_on_Booking.com (Payout type: BankTransfer)  ** THIS RESERVATION HAS BEEN PRE-PAID ** BOOKING NOTE : Payment charge is GBP 6.144  Genius Booker ",,,,,"2026-08-30",,,,
Granby Hotel,2026-08-11T21:52:56,453-465-311,GJX-062-136,5814493077,,christopher,allott,"2026-11-06","2026-11-10",4,Single Shared Bathroom,,Room 16,,1,0,GBP,0.00,0.00,0.00,0.00,Online,Booking.com,Booking.com,On Account,Canceled,,callot.261431@guest.booking.com,+44 7835 230604,,"Genius Rate  Non-Smoking  Promos: Mobile(App) Rate  There is no meal option with this room. Children and Extra Bed Policy: Children of any age are allowed. You haven't added any cots. You haven't added any extra beds. The maximum number of guests is 1.  Deposit Policy: The guest will be charged a prepayment of the total price of the reservation at any time.  Cancellation Policy: The guest can cancel free of charge until 2 days before arrival. The guest will be charged the total price of the reservation if they cancel in the 2 days before arrival.  payment_on_Booking.com (Payout type: BankTransfer)  ** THIS RESERVATION HAS BEEN PRE-PAID ** BOOKING NOTE : Payment charge is GBP 1.63312  Genius Booker ",,,,,"2026-08-11",,,,
Granby Hotel,2026-04-08T08:59:46,493-530-494,IIP-542-282,6661248638,,dan,Bonson,"2026-11-06","2026-11-09",3,Standard Single,,Room 8,,1,0,GBP,0.00,0.00,0.00,0.00,Online,Booking.com,Booking.com,On Account,Canceled,,dbonso.683087@guest.booking.com,+44 7415 268234,,"Genius Rate  Non-Smoking  Promos: Mobile(App) Rate  There is no meal option with this room. Children and Extra Bed Policy: Children of any age are allowed. You haven't added any cots. You haven't added any extra beds. The maximum number of guests is 1.  Deposit Policy: The guest will be charged a prepayment of the total price of the reservation at any time.  Cancellation Policy: The guest can cancel free of charge until 2 days before arrival. The guest will be charged the total price of the reservation if they cancel in the 2 days before arrival.  payment_on_Booking.com (Payout type: BankTransfer)  ** THIS RESERVATION HAS BEEN PRE-PAID ** BOOKING NOTE : Payment charge is GBP 1.72368  Genius Booker ",,,,,"2026-04-08",,,,
The Valley of Rocks Hotel,2026-08-30T09:53:06,556-892-232,LXT-227-809,6298826246,,Rhonda,McAlpine,"2026-11-06","2026-11-08",2,Standard Double room Ensuite-Sea view,,Room 52,,1,0,GBP,0.00,See 119-689-962,0.00,0.00,Online,Booking.com,Booking.com,On Account,Canceled,,rmcalp.926545@guest.booking.com,+44 7891 777283,,"Group: 3 x Adult, 0 x Child  Non-Smoking  Breakfast costs GBP12.50 per person per night. Children and Extra Bed Policy: Children of any age are allowed. You haven't added any cots. You haven't added any extra beds. The maximum number of guests is 2.  Deposit Policy: The guest will be charged a prepayment of the total price of the reservation at any time.  Cancellation Policy: The guest can cancel free of charge until 5 days before arrival. The guest will be charged the total price of the reservation if they cancel in the 5 days before arrival.  payment_on_Booking.com (Payout type: BankTransfer)  ** THIS RESERVATION HAS BEEN PRE-PAID ** BOOKING NOTE : Payment charge is GBP 6.144  Genius Booker ",,,,,"2026-08-30",,,,
The Valley of Rocks Hotel,2026-09-08T22:13:25,068-333-852,NSN-024-116,6163747036,,Lee,Woods,"2026-11-07","2026-11-08",1,Superior Double room Ensuite,Base Rate,Room 22,,2,0,GBP,69.00,69.00,69.00,0.00,Online,Booking.com,Booking.com,On Account,Confirmed,,lwoods.360451@guest.booking.com,+44 7523 420926,,"Non-Smoking  Breakfast costs GBP12.50 per person per night. Children and Extra Bed Policy: Children of any age are allowed. You haven't added any cots. You haven't added any extra beds. The maximum number of guests is 2.  Deposit Policy: The guest will be charged a prepayment of the total price of the reservation at any time.  Cancellation Policy: The guest can cancel free of charge until 5 days before arrival. The guest will be charged the total price of the reservation if they cancel in the 5 days before arrival.  payment_on_Booking.com (Payout type: BankTransfer)  ** THIS RESERVATION HAS BEEN PRE-PAID ** BOOKING NOTE : Payment charge is GBP 1.104  Genius Booker ",,,,,"2026-09-08",,,,
Granby Hotel,2026-08-20T22:19:09,119-315-922,UVM-331-104,5949245617,,Stephen,Roberts,"2026-11-07","2026-11-16",9,Standard Double,,Room 1A,,2,0,GBP,0.00,0.00,0.00,0.00,Online,Booking.com,Booking.com,On Account,Canceled,,srober.220695@guest.booking.com,+707949681572,,"Genius Rate  Non-Smoking  Promos: Mobile(App) Rate  There is no meal option with this room. Children and Extra Bed Policy: Children of any age are allowed. You haven't added any cots. You haven't added any extra beds. The maximum number of guests is 2.  Deposit Policy: The guest will be charged a prepayment of the total price of the reservation at any time.  Cancellation Policy: The guest can cancel free of charge until 2 days before arrival. The guest will be charged the total price of the reservation if they cancel in the 2 days before arrival.  payment_on_Booking.com (Payout type: BankTransfer)  ** THIS RESERVATION HAS BEEN PRE-PAID ** BOOKING NOTE : Payment charge is GBP 4.4208  Genius Booker ",,,,,"2026-08-20",,,,
The Valley of Rocks Hotel,2026-09-12T11:56:20,129-505-634,SGZ-969-058,6424556450,,Shelley,Madge,"2026-11-07","2026-11-08",1,Standard Double room Ensuite-Sea view,Base Rate,Room 51,,2,0,GBP,64.00,64.00,64.00,0.00,Online,Booking.com,Booking.com,On Account,Confirmed,,smadge.348526@guest.booking.com,+44 7531 413336,,"Non-Smoking  Breakfast costs GBP12.50 per person per night. Children and Extra Bed Policy: Children of any age are allowed. You haven't added any cots. You haven't added any extra beds. The maximum number of guests is 2.  Deposit Policy: The guest will be charged a prepayment of the total price of the reservation at any time.  Cancellation Policy: The guest can cancel free of charge until 5 days before arrival. The guest will be charged the total price of the reservation if they cancel in the 5 days before arrival.  payment_on_Booking.com (Payout type: BankTransfer)  ** THIS RESERVATION HAS BEEN PRE-PAID ** BOOKING NOTE : Payment charge is GBP 1.024  Genius Booker ",,,,,"2026-09-12",,,,
Granby Hotel,2026-04-23T15:09:27,284-156-232,YMT-161-366,5094583705,,Stephen,Roberts,"2026-11-07","2026-11-17",10,Double Shared Bathroom,,Room 23,,2,0,GBP,0.00,0.00,0.00,0.00,Online,Booking.com,Booking.com,On Account,Canceled,,srober.318320@guest.booking.com,+707949681572,,"Non-Smoking  Promos: Mobile(App) Rate  There is no meal option with this room. Children and Extra Bed Policy: Children of any age are allowed. You haven't added any cots. You haven't added any extra beds. The maximum number of guests is 2.  Deposit Policy: The guest will be charged a prepayment of the total price of the reservation at any time.  Cancellation Policy: The guest can cancel free of charge until 2 days before arrival. The guest will be charged the total price of the reservation if they cancel in the 2 days before arrival.  payment_on_Booking.com (Payout type: BankTransfer)  ** THIS RESERVATION HAS BEEN PRE-PAID ** BOOKING NOTE : Payment charge is GBP 6.1632  Genius Booker ",,,,,"2026-04-23",,,,
Sea Side Hotel,2026-01-27T19:44:12,363-516-132,KTA-421-573,6993841200,,Daren,Cook,"2026-11-07","2026-11-08",1,Standard-Twin room-Ensuite,Base Rate,R111,,2,0,GBP,49.26,49.26,49.26,0.00,Online,Booking.com,Booking.com,On Account,Confirmed,,dcook.669801@guest.booking.com,+44 7904 860837,,"Genius Rate  Non-Smoking  Promos: Domestic  There is no meal option with this room. Children and Extra Bed Policy: Children of any age are allowed. You haven't added any cots. You haven't added any extra beds. The maximum number of guests is 2.  Deposit Policy: The guest will be charged a prepayment of the total price of the reservation at any time.  Cancellation Policy: The guest can cancel free of charge until 7 days before arrival. The guest will be charged the total price of the reservation if they cancel in the 7 days before arrival.  payment_on_Booking.com (Payout type: BankTransfer)  ** THIS RESERVATION HAS BEEN PRE-PAID ** BOOKING NOTE : Payment charge is GBP 0.78816  Genius Booker ",,,,,"2026-01-27",,,,
Granby Hotel,2026-02-10T14:48:03,422-085-522,FLO-490-595,5287280072,,James,Ablett,"2026-11-07","2026-11-08",1,Standard Triple,Base Rate,Room 10,,2,0,GBP,45.36,45.36,45.36,0.00,Online,Booking.com,Booking.com,On Account,Confirmed,,jablet.853693@guest.booking.com,+44 7919 362281,,"Genius Rate  Non-Smoking  Promos: Mobile(App) Rate  There is no meal option with this room. Children and Extra Bed Policy: Children of any age are allowed. You haven't added any cots. You haven't added any extra beds. The maximum number of guests is 3.  Deposit Policy: The guest will be charged a prepayment of the total price of the reservation at any time.  Cancellation Policy: The guest can cancel free of charge until 2 days before arrival. The guest will be charged the total price of the reservation if they cancel in the 2 days before arrival.  payment_on_Booking.com (Payout type: BankTransfer)  ** THIS RESERVATION HAS BEEN PRE-PAID ** BOOKING NOTE : Payment charge is GBP 0.72576  Genius Booker ",,,,,"2026-02-10",,,,
The Valley of Rocks Hotel,2026-05-06T01:37:35,451-499-101,GDH-851-549,6463643168,,Amos,Tin,"2026-11-07","2026-11-10",3,Standard Twin room Ensuite,,Room 10,,2,0,GBP,0.00,0.00,0.00,0.00,Online,Booking.com,Booking.com,On Account,Canceled,,atin.936397@guest.booking.com,+1 647 800 3830,,"Non-Smoking  Breakfast costs GBP12.50 per person per night. Children and Extra Bed Policy: Children of any age are allowed. You haven't added any cots. You haven't added any extra beds. The maximum number of guests is 2.  Deposit Policy: The guest will be charged a prepayment of the total price of the reservation at any time.  Cancellation Policy: The guest can cancel free of charge until 5 days before arrival. The guest will be charged the total price of the reservation if they cancel in the 5 days before arrival.  payment_on_Booking.com (Payout type: BankTransfer)  ** THIS RESERVATION HAS BEEN PRE-PAID ** BOOKING NOTE : Payment charge is GBP 2.912  Genius Booker ",,,,,"2026-05-06",,,,
Sea Side Hotel,2026-07-29T17:33:33,469-484-842,VYD-756-398,6593982721,,Riley,Natalie,"2026-11-07","2026-11-09",2,Standard-Double room-Ensuite,Base Rate,R215,,2,0,GBP,74.44,74.44,74.44,0.00,Online,Booking.com,Booking.com,On Account,Confirmed,,rnatal.821305@guest.booking.com,+44 7886 163262,,"Genius Rate  Non-Smoking  Promos: Mobile(App) Rate  There is no meal option with this room. Children and Extra Bed Policy: Children of any age are allowed. You haven't added any cots. You haven't added any extra beds. The maximum number of guests is 2.  Deposit Policy: The guest will be charged a prepayment of the total price of the reservation at any time.  Cancellation Policy: The guest can cancel free of charge until 7 days before arrival. The guest will be charged the total price of the reservation if they cancel in the 7 days before arrival.  payment_on_Booking.com (Payout type: BankTransfer)  ** THIS RESERVATION HAS BEEN PRE-PAID ** BOOKING NOTE : Payment charge is GBP 1.19104  Genius Booker ",,,,,"2026-07-29",,,,
Granby Hotel,2026-03-08T11:26:55,553-325-904,NTO-187-573,6720797595,,Vicky,Hannant,"2026-11-07","2026-11-08",1,Standard Double,Base Rate,Room 21,,2,0,GBP,42.08,42.08,42.08,0.00,Online,Booking.com,Booking.com,On Account,Confirmed,,vhanna.654866@guest.booking.com,+44 7464694788,,"Genius Rate  Non-Smoking  Promos: Mobile(App) Rate  There is no meal option with this room. Children and Extra Bed Policy: Children of any age are allowed. You haven't added any cots. You haven't added any extra beds. The maximum number of guests is 2.  Deposit Policy: The guest will be charged a prepayment of the total price of the reservation at any time.  Cancellation Policy: The guest can cancel free of charge until 2 days before arrival. The guest will be charged the total price of the reservation if they cancel in the 2 days before arrival.  payment_on_Booking.com (Payout type: BankTransfer)  ** THIS RESERVATION HAS BEEN PRE-PAID ** BOOKING NOTE : Payment charge is GBP 0.67328  Genius Booker ",,,,,"2026-03-08",,,,
The Valley of Rocks Hotel,2026-09-08T16:29:59,661-394-221,CAR-227-562,6156761946,,Haritha,Maripi,"2026-11-07","2026-11-09",2,Standard Twin room Ensuite,Base Rate,Room 10,,2,0,GBP,123.00,123.00,123.00,0.00,Online,Booking.com,Booking.com,On Account,Confirmed,,hmarip.772456@guest.booking.com,+44 7535 853093,,"Non-Smoking  Breakfast costs GBP12.50 per person per night. Children and Extra Bed Policy: Children of any age are allowed. You haven't added any cots. You haven't added any extra beds. The maximum number of guests is 2.  Deposit Policy: The guest will be charged a prepayment of the total price of the reservation at any time.  Cancellation Policy: The guest can cancel free of charge until 5 days before arrival. The guest will be charged the total price of the reservation if they cancel in the 5 days before arrival.  payment_on_Booking.com (Payout type: BankTransfer)  ** THIS RESERVATION HAS BEEN PRE-PAID ** BOOKING NOTE : Payment charge is GBP 1.968  Genius Booker ",,,,,"2026-09-08",,,,
The Valley of Rocks Hotel,2026-05-05T21:27:46,542-061-364,CMU-491-507,5261429777,,Stefano,Talamini,"2026-11-09","2026-11-10",1,Standard Twin room Ensuite-Sea view,Base Rate,Room 20,,2,0,GBP,57.60,57.60,57.60,0.00,Online,Booking.com,Booking.com,On Account,Confirmed,,stalam.167150@guest.booking.com,+39 348 060 4108,,"Non-Smoking  Promos: International  Breakfast costs GBP12.50 per person per night. Children and Extra Bed Policy: Children of any age are allowed. You haven't added any cots. You haven't added any extra beds. The maximum number of guests is 2.  Deposit Policy: The guest will be charged a prepayment of the total price of the reservation at any time.  Cancellation Policy: The guest can cancel free of charge until 5 days before arrival. The guest will be charged the total price of the reservation if they cancel in the 5 days before arrival.  payment_on_Booking.com (Payout type: BankTransfer)  ** THIS RESERVATION HAS BEEN PRE-PAID ** BOOKING NOTE : Payment charge is GBP 0.9216  Genius Booker ",,,,,"2026-05-05",,,,
Granby Hotel,2026-08-28T01:42:37,590-112-094,MHI-455-172,5599677431,,Naira,Ortiz,"2026-11-09","2026-11-11",2,Standard Single,Base Rate,Room 8,,1,0,GBP,54.04,54.04,54.04,0.00,Online,Booking.com,Booking.com,On Account,Confirmed,,nortiz.984351@guest.booking.com,+34 609 83 62 53,,"payment_on_Booking.com (Payout type: BankTransfer)  Non-Smoking  ** THIS RESERVATION HAS BEEN PRE-PAID ** BOOKING NOTE : Payment charge is GBP 0.86464  Genius Booker  Genius Rate  Promos: Mobile(App) Rate  There is no meal option with this room. Children and Extra Bed Policy: Children of any age are allowed. You haven't added any cots. You haven't added any extra beds. The maximum number of guests is 1.  Deposit Policy: The guest will be charged a prepayment of the total price of the reservation at any time.  Cancellation Policy: The guest can cancel free of charge until 2 days before arrival. The guest will be charged the total price of the reservation if they cancel in the 2 days before arrival.",,,,,"2026-08-28",,,,
The Valley of Rocks Hotel,2026-06-19T12:46:15,944-504-181,FAA-373-647,,,PAUL,COOK,"2026-11-09","2026-11-10",1,Standard  Double room Ensuite,Base Rate,Room 5,,2,0,GBP,54.00,0.00,54.00,0.00,Online,Google Hotel Ads,Google Hotel Ads,Pay On Arrival,Confirmed,,cookpaulq@gmail.com,+447480629070,,"If possible a ground floor would be ideal as I'm disabled I can do stairs but find it painful ",,,,,"2026-06-19",,,,
Granby Hotel,2026-09-10T14:17:32,582-861-604,JEZ-368-780,2555583190,,LIONEL HESKETH,CARTLEDGE,"2026-11-10","2026-11-11",1,Single Shared Bathroom,,Room 22,,1,0,GBP,0.00,0.00,0.00,0.00,Online,Expedia Affiliate Network,Expedia & Affiliate Network,On Account,Canceled,,5fcquurgjv@m.expediapartnercentral.com,111111111111,,"1 Twin Bed Expedia collects payment from traveler: Hotel invoices Expedia. ",,,,,"2026-09-10",,,,
Granby Hotel,2025-08-22T20:07:52,130-314-984,WZA-791-188,5947116961,,Stephen,Roberts,"2026-11-12","2026-11-23",11,Single Shared Bathroom,,Room 25,,1,0,GBP,0.00,0.00,0.00,0.00,Online,Booking.com,Booking.com,On Account,Canceled,,srober.354736@guest.booking.com,+707949681572,,"Non-Smoking  Promos: Mobile(App) Rate  There is no meal option with this room. Children and Extra Bed Policy: Children of any age are allowed. You haven't added any cots. You haven't added any extra beds. The maximum number of guests is 1.  Deposit Policy: The guest will be charged a prepayment of the total price of the reservation at any time.  Cancellation Policy: The guest can cancel free of charge until 2 days before arrival. The guest will be charged the total price of the reservation if they cancel in the 2 days before arrival.  payment_on_Booking.com (Payout type: BankTransfer)  ** THIS RESERVATION HAS BEEN PRE-PAID ** BOOKING NOTE : Payment charge is GBP 4.9824  Genius Booker ",,,,,"2025-08-22",,,,
Sea Side Hotel,2026-07-11T14:29:00,356-159-631,EIF-348-883,5521634024,,Roberto,Tenaglia,"2026-11-12","2026-11-17",5,Standard-Single room-Ensuite,,R213,,1,0,GBP,0.00,0.00,0.00,0.00,Online,Booking.com,Booking.com,On Account,Canceled,,rtenag.621672@guest.booking.com,+39 351 821 2940,,"Genius Rate  Non-Smoking  Promos: Mobile(MDot) Rate  There is no meal option with this room. Children and Extra Bed Policy: Children of any age are allowed. You haven't added any cots. You haven't added any extra beds. The maximum number of guests is 1.  Deposit Policy: The guest will be charged a prepayment of the total price of the reservation at any time.  Cancellation Policy: The guest can cancel free of charge until 7 days before arrival. The guest will be charged the total price of the reservation if they cancel in the 7 days before arrival.  payment_on_Booking.com (Payout type: BankTransfer)  ** THIS RESERVATION HAS BEEN PRE-PAID ** BOOKING NOTE : Payment charge is GBP 2.58048  Genius Booker ",,,,,"2026-07-11",,,,
Sea Side Hotel,2026-07-22T15:51:19,451-483-892,KVF-434-518,5484649657,,Shawn,Sweet,"2026-11-12","2026-11-13",1,Standard-Double room-Ensuite,Non Refundable,R215,,1,0,GBP,28.23,28.23,28.23,0.00,Online,Booking.com,Booking.com,On Account,Confirmed,,ssweet.155439@guest.booking.com,+44 7783 767063,,"Genius Rate  Non-Smoking  Promos: Early Booker Deal  There is no meal option with this room. Children and Extra Bed Policy: Children of any age are allowed. You haven't added any cots. You haven't added any extra beds. The maximum number of guests is 2.  Deposit Policy: The guest will be charged a prepayment of the total price of the reservation at any time.  Cancellation Policy: The guest will be charged the total price of the reservation if they cancel at any time.  payment_on_Booking.com (Payout type: BankTransfer)  ** THIS RESERVATION HAS BEEN PRE-PAID ** BOOKING NOTE : Payment charge is GBP 0.45168  Genius Booker ",,,,,"2026-07-22",,,,
Sea Side Hotel,2026-07-13T20:00:05,533-393-062,CWG-702-032,5822569285,,Grefsrud,Erlend,"2026-11-12","2026-11-13",1,Sea view-Double room-Ensuite,Non Refundable,R206,,2,0,GBP,32.50,32.50,32.50,0.00,Online,Booking.com,Booking.com,On Account,Confirmed,,gerlen.325796@guest.booking.com,+34 622 60 04 68,,"Genius Rate  Non-Smoking  Promos: International  There is no meal option with this room. Children and Extra Bed Policy: Children of any age are allowed. You haven't added any cots. You haven't added any extra beds. The maximum number of guests is 2.  Deposit Policy: The guest will be charged a prepayment of the total price of the reservation at any time.  Cancellation Policy: The guest will be charged the total price of the reservation if they cancel at any time.  payment_on_Booking.com (Payout type: BankTransfer)  ** THIS RESERVATION HAS BEEN PRE-PAID ** BOOKING NOTE : Payment charge is GBP 0.52  Genius Booker ",,,,,"2026-07-13",,,,
Sea Side Hotel,2026-03-27T12:59:40,830-414-651,ZCE-845-494,6560035915,,nicolas,guillonneau,"2026-11-12","2026-11-13",1,Standard-Triple room-Ensuite,Base Rate,R211,,3,0,GBP,59.85,59.85,59.85,0.00,Online,Booking.com,Booking.com,On Account,Confirmed,,nguill.564358@guest.booking.com,+33 7 83 50 52 74,,"Genius Rate  Non-Smoking  Promos: International  There is no meal option with this room. Children and Extra Bed Policy: Children of any age are allowed. You haven't added any cots. You haven't added any extra beds. The maximum number of guests is 3.  Deposit Policy: The guest will be charged a prepayment of the total price of the reservation at any time.  Cancellation Policy: The guest can cancel free of charge until 7 days before arrival. The guest will be charged the total price of the reservation if they cancel in the 7 days before arrival.  payment_on_Booking.com (Payout type: BankTransfer)  ** THIS RESERVATION HAS BEEN PRE-PAID ** BOOKING NOTE : Payment charge is GBP 0.9576  Genius Booker ",,,,,"2026-03-27",,,,
Sea Side Hotel,2026-08-27T22:40:07,883-941-244,CPW-883-227,5683721658,,Ollie,Graffham,"2026-11-12","2026-11-13",1,Standard-Double room-Ensuite,Non Refundable,R101,,2,0,GBP,46.83,46.83,46.83,0.00,Online,Booking.com,Booking.com,On Account,Confirmed,,ograff.474291@guest.booking.com,+44 7840 636783,,"Genius Rate  Non-Smoking  Promos: Early Booker Deal  There is no meal option with this room. Children and Extra Bed Policy: Children of any age are allowed. You haven't added any cots. You haven't added any extra beds. The maximum number of guests is 2.  Deposit Policy: The guest will be charged a prepayment of the total price of the reservation at any time.  Cancellation Policy: The guest will be charged the total price of the reservation if they cancel at any time.  payment_on_Booking.com (Payout type: BankTransfer)  ** THIS RESERVATION HAS BEEN PRE-PAID ** BOOKING NOTE : Payment charge is GBP 0.74928  Genius Booker ",,,,,"2026-08-27",,,,
Sea Side Hotel,2026-07-07T13:36:47,469-049-832,OZM-056-798,5729697711,,Courtney,Nicholson,"2026-11-13","2026-11-15",2,Sea view-Triple room-Ensuite,,R108,,3,0,GBP,0.00,0.00,0.00,0.00,Online,Booking.com,Booking.com,On Account,Canceled,,cnicho.526794@guest.booking.com,+44 7925 890289,,"Genius Rate  Non-Smoking  Promos: Mobile(App) Rate  There is no meal option with this room. Children and Extra Bed Policy: Children of any age are allowed. You haven't added any cots. You haven't added any extra beds. The maximum number of guests is 3.  Deposit Policy: The guest will be charged a prepayment of the total price of the reservation at any time.  Cancellation Policy: The guest can cancel free of charge until 7 days before arrival. The guest will be charged the total price of the reservation if they cancel in the 7 days before arrival.  payment_on_Booking.com (Payout type: BankTransfer)  ** THIS RESERVATION HAS BEEN PRE-PAID ** BOOKING NOTE : Payment charge is GBP 1.66  Genius Booker ",,,,,"2026-07-07",,,,
Sea Side Hotel,2026-01-08T15:11:16,818-802-104,LPW-450-310,6274879657,,Lawrence,Allan,"2026-11-13","2026-11-14",1,Standard-Single room-Ensuite,,R103,,1,0,GBP,0.00,0.00,0.00,0.00,Online,Booking.com,Booking.com,On Account,Canceled,,lallan.784505@guest.booking.com,+44 7749 611477,,"Genius Rate  Non-Smoking  Promos: Domestic  There is no meal option with this room. Children and Extra Bed Policy: Children of any age are allowed. You haven't added any cots. You haven't added any extra beds. The maximum number of guests is 1.  Deposit Policy: The guest will be charged a prepayment of the total price of the reservation at any time.  Cancellation Policy: The guest can cancel free of charge until 7 days before arrival. The guest will be charged the total price of the reservation if they cancel in the 7 days before arrival.  payment_on_Booking.com (Payout type: BankTransfer)  ** THIS RESERVATION HAS BEEN PRE-PAID ** BOOKING NOTE : Payment charge is GBP 0.58144  Genius Booker ",,,,,"2026-01-08",,,,
Sea Side Hotel,2026-06-16T21:37:27,935-356-321,WCM-728-709,6540585033,,Lauren,Allan,"2026-11-13","2026-11-14",1,Standard-Single room-Ensuite,Base Rate,R104,,1,0,GBP,33.70,33.70,33.70,0.00,Online,Booking.com,Booking.com,On Account,Confirmed,,lallan.431559@guest.booking.com,+44 7749 611477,,"Genius Rate  Non-Smoking  Promos: Mobile(App) Rate  There is no meal option with this room. Children and Extra Bed Policy: Children of any age are allowed. You haven't added any cots. You haven't added any extra beds. The maximum number of guests is 1.  Deposit Policy: The guest will be charged a prepayment of the total price of the reservation at any time.  Cancellation Policy: The guest can cancel free of charge until 7 days before arrival. The guest will be charged the total price of the reservation if they cancel in the 7 days before arrival.  payment_on_Booking.com (Payout type: BankTransfer)  ** THIS RESERVATION HAS BEEN PRE-PAID ** BOOKING NOTE : Payment charge is GBP 0.5392  Genius Booker ",,,,,"2026-06-16",,,,
Sea Side Hotel,2026-05-16T15:35:41,948-966-342,YSD-838-881,6093611450,,shaun,kemp,"2026-11-13","2026-11-15",2,Standard-Quad room-Ensuite,Base Rate,R305,,4,0,GBP,120.39,120.39,120.39,0.00,Online,Booking.com,Booking.com,On Account,Confirmed,,skemp.848696@guest.booking.com,+44 7764 573219,,"payment_on_Booking.com (Payout type: BankTransfer)  Non-Smoking  ** THIS RESERVATION HAS BEEN PRE-PAID ** Approximate time of arrival: between 16:00 and 17:00 BOOKING NOTE : Payment charge is GBP 1.92624  Genius Booker  Genius Rate  Promos: Domestic  There is no meal option with this room. Children and Extra Bed Policy: Children of any age are allowed. You haven't added any cots. You haven't added any extra beds. The maximum number of guests is 4.  Deposit Policy: The guest will be charged a prepayment of the total price of the reservation at any time.  Cancellation Policy: The guest can cancel free of charge until 7 days before arrival. The guest will be charged the total price of the reservation if they cancel in the 7 days before arrival.",,,,,"2026-05-16",,,,
The Valley of Rocks Hotel,2026-07-05T10:39:10,426-830-451,YRW-489-167,6541596413,,Julia,Boswell,"2026-11-14","2026-11-15",1,Standard Single room Ensuite,Base Rate,Room 14,,1,0,GBP,49.00,108.00,49.00,0.00,Online,Booking.com,Booking.com,On Account,Confirmed,,jboswe.897483@guest.booking.com,+44 7484 140008,,"Group: 3 x Adult, 0 x Child  Non-Smoking  Breakfast costs GBP12.50 per person per night. Children and Extra Bed Policy: Children of any age are allowed. You haven't added any cots. You haven't added any extra beds. The maximum number of guests is 1.  Deposit Policy: The guest will be charged a prepayment of the total price of the reservation at any time.  Cancellation Policy: The guest can cancel free of charge until 5 days before arrival. The guest will be charged the total price of the reservation if they cancel in the 5 days before arrival.  payment_on_Booking.com (Payout type: BankTransfer)  ** THIS RESERVATION HAS BEEN PRE-PAID ** Approximate time of arrival: between 18:00 and 19:00 This guest would like the rooms in this booking to be close together if possible. BOOKING NOTE : Payment charge is GBP 1.728  Genius Booker ",,,,,"2026-07-05",,,,
The Valley of Rocks Hotel,2026-07-05T10:39:10,521-443-594,YRW-489-167,6541596413,,Julia,Boswell,"2026-11-14","2026-11-15",1,Standard  Double room Ensuite,Base Rate,Room 5,,2,0,GBP,59.00,See 426-830-451,59.00,0.00,Online,Booking.com,Booking.com,On Account,Confirmed,,jboswe.897483@guest.booking.com,+44 7484 140008,,"Group: 3 x Adult, 0 x Child  Non-Smoking  Breakfast costs GBP12.50 per person per night. Children and Extra Bed Policy: Children of any age are allowed. You haven't added any cots. You haven't added any extra beds. The maximum number of guests is 1.  Deposit Policy: The guest will be charged a prepayment of the total price of the reservation at any time.  Cancellation Policy: The guest can cancel free of charge until 5 days before arrival. The guest will be charged the total price of the reservation if they cancel in the 5 days before arrival.  payment_on_Booking.com (Payout type: BankTransfer)  ** THIS RESERVATION HAS BEEN PRE-PAID ** Approximate time of arrival: between 18:00 and 19:00 This guest would like the rooms in this booking to be close together if possible. BOOKING NOTE : Payment charge is GBP 1.728  Genius Booker ",,,,,"2026-07-05",,,,
Granby Hotel,2026-04-26T10:31:51,692-006-052,TZR-528-014,6626692163,,Kaydan,Walker,"2026-11-14","2026-11-21",7,Double Shared Bathroom,,Room 23,,2,0,GBP,0.00,0.00,0.00,0.00,Online,Booking.com,Booking.com,On Account,Canceled,,kwalke.252304@guest.booking.com,+44 7809 317789,,"Non-Smoking  Promos: Mobile(App) Rate  There is no meal option with this room. Children and Extra Bed Policy: Children of any age are allowed. You haven't added any cots. You haven't added any extra beds. The maximum number of guests is 2.  Deposit Policy: The guest will be charged a prepayment of the total price of the reservation at any time.  Cancellation Policy: The guest can cancel free of charge until 2 days before arrival. The guest will be charged the total price of the reservation if they cancel in the 2 days before arrival.  payment_on_Booking.com (Payout type: BankTransfer)  ** THIS RESERVATION HAS BEEN PRE-PAID ** BOOKING NOTE : Payment charge is GBP 4.2192  Genius Booker ",,,,,"2026-04-26",,,,
Granby Hotel,2026-08-13T15:08:38,418-182-404,XEI-356-244,5198647997,,steve,apps,"2026-11-15","2026-11-20",5,Standard Single,,Room 8,,1,0,GBP,0.00,0.00,0.00,0.00,Online,Booking.com,Booking.com,On Account,Canceled,,sapps.436379@guest.booking.com,+44 7981 407380,,"Genius Rate  Non-Smoking  Promos: Mobile(App) Rate  There is no meal option with this room. Children and Extra Bed Policy: Children of any age are allowed. You haven't added any cots. You haven't added any extra beds. The maximum number of guests is 1.  Deposit Policy: The guest will be charged a prepayment of the total price of the reservation at any time.  Cancellation Policy: The guest can cancel free of charge until 2 days before arrival. The guest will be charged the total price of the reservation if they cancel in the 2 days before arrival.  payment_on_Booking.com (Payout type: BankTransfer)  ** THIS RESERVATION HAS BEEN PRE-PAID ** BOOKING NOTE : Payment charge is GBP 1.43456  Genius Booker ",,,,,"2026-08-13",,,,
Sea Side Hotel,2026-08-01T17:32:32,400-985-441,QJH-345-864,6824623322,,Markus,Mcleod,"2026-11-16","2026-11-19",3,Standard-Single room-Ensuite,,R103,,1,0,GBP,0.00,0.00,0.00,0.00,Online,Booking.com,Booking.com,On Account,Canceled,,mmcleo.589143@guest.booking.com,+44 7715 208404,,"Genius Rate  Non-Smoking  Promos: Early Booker Deal  There is no meal option with this room. Children and Extra Bed Policy: Children of any age are allowed. You haven't added any cots. You haven't added any extra beds. The maximum number of guests is 1.  Deposit Policy: The guest will be charged a prepayment of the total price of the reservation at any time.  Cancellation Policy: The guest can cancel free of charge until 7 days before arrival. The guest will be charged the total price of the reservation if they cancel in the 7 days before arrival.  payment_on_Booking.com (Payout type: BankTransfer)  ** THIS RESERVATION HAS BEEN PRE-PAID ** BOOKING NOTE : Payment charge is GBP 1.3304  Genius Booker ",,,,,"2026-08-01",,,,
Sea Side Hotel,2026-07-30T21:36:50,518-103-254,HFQ-931-089,6443626885,,Alice,Andersen,"2026-11-16","2026-11-17",1,Standard-Quad room-Ensuite,Base Rate,R305,,3,0,GBP,38.76,38.76,38.76,0.00,Online,Booking.com,Booking.com,On Account,Confirmed,,aander.751338@guest.booking.com,+44 7960 910249,,"Genius Rate  Non-Smoking  Promos: Early Booker Deal  There is no meal option with this room. Children and Extra Bed Policy: Children of any age are allowed. You haven't added any cots. You haven't added any extra beds. The maximum number of guests is 4.  Deposit Policy: The guest will be charged a prepayment of the total price of the reservation at any time.  Cancellation Policy: The guest can cancel free of charge until 7 days before arrival. The guest will be charged the total price of the reservation if they cancel in the 7 days before arrival.  payment_on_Booking.com (Payout type: BankTransfer)  ** THIS RESERVATION HAS BEEN PRE-PAID ** BOOKING NOTE : Payment charge is GBP 0.62016  Genius Booker ",,,,,"2026-07-30",,,,
Sea Side Hotel,2026-07-31T20:32:02,158-636-221,SYT-670-450,5612895317,,Davies,Rachel,"2026-11-20","2026-11-23",3,Standard-Double room-Ensuite,,R215,,2,0,GBP,0.00,0.00,0.00,0.00,Online,Booking.com,Booking.com,On Account,Canceled,,drache.748998@guest.booking.com,+44 7709 236006,,"Genius Rate  Non-Smoking  Promos: Mobile(MDot) Rate  There is no meal option with this room. Children and Extra Bed Policy: Children of any age are allowed. You haven't added any cots. You haven't added any extra beds. The maximum number of guests is 2.  Deposit Policy: The guest will be charged a prepayment of the total price of the reservation at any time.  Cancellation Policy: The guest can cancel free of charge until 7 days before arrival. The guest will be charged the total price of the reservation if they cancel in the 7 days before arrival.  payment_on_Booking.com (Payout type: BankTransfer)  ** THIS RESERVATION HAS BEEN PRE-PAID ** Approximate time of arrival: between 03:00 and 04:00 BOOKING NOTE : Payment charge is GBP 1.86672  Genius Booker ",,,,,"2026-07-31",,,,
Sea Side Hotel,2026-09-11T11:44:26,320-394-061,ZUD-848-326,6847688744,,amy-elizabeth,bicknell,"2026-11-20","2026-11-22",2,Standard-Double room-Ensuite,Non Refundable,R215,,1,1,GBP,121.91,280.47,121.91,0.00,Online,Booking.com,Booking.com,On Account,Confirmed,,abickn.434315@guest.booking.com,+44 7359 533785,,"Group: 2 x Adult, 4 x Child  Child Ages: 17  Genius Rate  Non-Smoking  Promos: Mobile(App) Rate  There is no meal option with this room. Children and Extra Bed Policy: Children of any age are allowed. You haven't added any cots. You haven't added any extra beds. The maximum number of guests is 2.  Deposit Policy: The guest will be charged a prepayment of the total price of the reservation at any time.  Cancellation Policy: The guest will be charged the total price of the reservation if they cancel at any time.  payment_on_Booking.com (Payout type: BankTransfer)  ** THIS RESERVATION HAS BEEN PRE-PAID ** BOOKING NOTE : Payment charge is GBP 4.48752  Genius Booker ",,,,,"2026-09-11",,,,
Sea Side Hotel,2026-06-02T11:19:36,394-216-422,FLU-491-762,5657486469,,Emma,Wholey,"2026-11-20","2026-11-21",1,Sea view-Triple room-Ensuite,,R108,,2,1,GBP,0.00,0.00,0.00,0.00,Online,Booking.com,Booking.com,On Account,Canceled,,ewhole.103779@guest.booking.com,+44 7555 048432,,"Child Ages: 17  Genius Rate  Non-Smoking  Promos: Domestic  There is no meal option with this room. Children and Extra Bed Policy: Children of any age are allowed. You haven't added any cots. You haven't added any extra beds. The maximum number of guests is 3.  Deposit Policy: The guest will be charged a prepayment of the total price of the reservation at any time.  Cancellation Policy: The guest can cancel free of charge until 7 days before arrival. The guest will be charged the total price of the reservation if they cancel in the 7 days before arrival.  payment_on_Booking.com (Payout type: BankTransfer)  ** THIS RESERVATION HAS BEEN PRE-PAID ** BOOKING NOTE : Payment charge is GBP 0.80624  Genius Booker ",,,,,"2026-06-02",,,,
Sea Side Hotel,2026-09-11T11:44:26,542-326-981,ZUD-848-326,6847688744,,amy-elizabeth,bicknell,"2026-11-20","2026-11-22",2,Standard-Quad room-Ensuite,Non Refundable,R305,,1,3,GBP,158.56,See 320-394-061,158.56,0.00,Online,Booking.com,Booking.com,On Account,Confirmed,,abickn.434315@guest.booking.com,+44 7359 533785,,"Group: 2 x Adult, 4 x Child  Child Ages: 1, 15, 4  Genius Rate  Non-Smoking  Promos: Mobile(App) Rate  There is no meal option with this room. Children and Extra Bed Policy: Children of any age are allowed. You haven't added any cots. You haven't added any extra beds. The maximum number of guests is 2.  Deposit Policy: The guest will be charged a prepayment of the total price of the reservation at any time.  Cancellation Policy: The guest will be charged the total price of the reservation if they cancel at any time.  payment_on_Booking.com (Payout type: BankTransfer)  ** THIS RESERVATION HAS BEEN PRE-PAID ** BOOKING NOTE : Payment charge is GBP 4.48752  Genius Booker ",,,,,"2026-09-11",,,,
The Valley of Rocks Hotel,2026-09-02T09:05:44,016-495-184,CIG-124-117,6427975213,,lez,fletcher,"2026-11-22","2026-11-26",4,Superior Twin room Ensuite,,Room 18,,2,0,GBP,0.00,0.00,0.00,0.00,Online,Booking.com,Booking.com,On Account,Canceled,,lfletc.209561@guest.booking.com,+44 7502 040144,,"payment_on_Booking.com (Payout type: BankTransfer)  Non-Smoking  ** THIS RESERVATION HAS BEEN PRE-PAID ** BOOKING NOTE : Payment charge is GBP 4.352  Genius Booker  Breakfast costs GBP12.50 per person per night. Children and Extra Bed Policy: Children of any age are allowed. You haven't added any cots. You haven't added any extra beds. The maximum number of guests is 2.  Deposit Policy: The guest will be charged a prepayment of the total price of the reservation at any time.  Cancellation Policy: The guest can cancel free of charge until 5 days before arrival. The guest will be charged the total price of the reservation if they cancel in the 5 days before arrival.",,,,,"2026-09-02",,,,
The Valley of Rocks Hotel,2026-09-02T14:53:47,864-000-804,SLC-111-618,5158665983,,lez,fletcher,"2026-11-22","2026-11-26",4,Superior Double room Ensuite,Base Rate,Room 77,,2,0,GBP,256.00,256.00,256.00,0.00,Online,Booking.com,Booking.com,On Account,Confirmed,,lfletc.786603@guest.booking.com,+44 7502 040144,,"Non-Smoking  Breakfast costs GBP12.50 per person per night. Children and Extra Bed Policy: Children of any age are allowed. You haven't added any cots. You haven't added any extra beds. The maximum number of guests is 2.  Deposit Policy: The guest will be charged a prepayment of the total price of the reservation at any time.  Cancellation Policy: The guest can cancel free of charge until 5 days before arrival. The guest will be charged the total price of the reservation if they cancel in the 5 days before arrival.  payment_on_Booking.com (Payout type: BankTransfer)  ** THIS RESERVATION HAS BEEN PRE-PAID ** BOOKING NOTE : Payment charge is GBP 4.096  Genius Booker ",,,,,"2026-09-02",,,"Don't Move, Guest asked for this room",
Granby Hotel,2026-03-16T06:05:01,522-949-962,WAQ-824-968,2416159319,,christopher,ladbrook,"2026-11-23","2026-11-26",3,Standard Triple,,Room 4,,2,1,GBP,0.00,0.00,0.00,0.00,Online,Expedia,Expedia & Affiliate Network,On Account,Canceled,,p8m157xwey@m.expediapartnercentral.com,447970392146,,,,,,,"2026-03-16",,,,
Granby Hotel,2026-08-13T18:15:40,050-468-651,ETH-831-611,5566072549,,Peter,Gilmour,"2026-11-24","2026-11-25",1,Standard Single,,Room 8,,1,0,GBP,0.00,0.00,0.00,0.00,Online,Booking.com,Booking.com,On Account,Canceled,,pgilmo.730590@guest.booking.com,+44 7969 646205,,"Non-Smoking  Promos: Mobile(App) Rate  There is no meal option with this room. Children and Extra Bed Policy: Children of any age are allowed. You haven't added any cots. You haven't added any extra beds. The maximum number of guests is 1.  Deposit Policy: The guest will be charged a prepayment of the total price of the reservation at any time.  Cancellation Policy: The guest can cancel free of charge until 2 days before arrival. The guest will be charged the total price of the reservation if they cancel in the 2 days before arrival.  payment_on_Booking.com (Payout type: BankTransfer)  ** THIS RESERVATION HAS BEEN PRE-PAID ** BOOKING NOTE : Payment charge is GBP 0.3464  Genius Booker ",,,,,"2026-08-13",,,,
Granby Hotel,2026-08-24T16:55:07,966-090-531,VUT-559-254,5340640442,,Callen,Stubbs,"2026-11-25","2026-11-29",4,Standard Single,Base Rate,Room 17,,1,0,GBP,120.17,120.17,120.17,0.00,Online,Booking.com,Booking.com,On Account,Confirmed,,cstubb.335189@guest.booking.com,+44 7849 542357,,"Genius Rate  Non-Smoking  Promos: Mobile(App) Rate  There is no meal option with this room. Children and Extra Bed Policy: Children of any age are allowed. You haven't added any cots. You haven't added any extra beds. The maximum number of guests is 1.  Deposit Policy: The guest will be charged a prepayment of the total price of the reservation at any time.  Cancellation Policy: The guest can cancel free of charge until 2 days before arrival. The guest will be charged the total price of the reservation if they cancel in the 2 days before arrival.  payment_on_Booking.com (Payout type: BankTransfer)  ** THIS RESERVATION HAS BEEN PRE-PAID ** BOOKING NOTE : Payment charge is GBP 1.92272  Genius Booker ",,,,,"2026-08-24",,,,
Granby Hotel,2026-07-06T20:17:31,012-956-612,WGJ-812-704,5418400733,,Scott,Spencer,"2026-11-27","2026-11-29",2,Standard Single,Base Rate,Room 8,,1,0,GBP,64.70,64.70,64.70,0.00,Online,Booking.com,Booking.com,On Account,Confirmed,,sspenc.766075@guest.booking.com,+44 7939 025803,,"Genius Rate  Non-Smoking  Promos: Mobile(App) Rate  There is no meal option with this room. Children and Extra Bed Policy: Children of any age are allowed. You haven't added any cots. You haven't added any extra beds. The maximum number of guests is 1.  Deposit Policy: The guest will be charged a prepayment of the total price of the reservation at any time.  Cancellation Policy: The guest can cancel free of charge until 2 days before arrival. The guest will be charged the total price of the reservation if they cancel in the 2 days before arrival.  payment_on_Booking.com (Payout type: BankTransfer)  ** THIS RESERVATION HAS BEEN PRE-PAID ** BOOKING NOTE : Payment charge is GBP 1.0352  Genius Booker ",,,,,"2026-07-06",,,,
Granby Hotel,2026-07-12T12:45:02,039-493-111,VHU-544-256,6472385704,,Lindsey,Smith,"2026-11-27","2026-11-29",2,Standard Twin,Base Rate,Room 19,,2,0,GBP,79.38,317.52,79.38,0.00,Online,Booking.com,Booking.com,On Account,Confirmed,,lsmith.346468@guest.booking.com,+44 7548 141019,,"Group: 8 x Adult, 0 x Child  Genius Rate  Non-Smoking  Promos: Mobile(App) Rate  There is no meal option with this room. Children and Extra Bed Policy: Children of any age are allowed. You haven't added any cots. You haven't added any extra beds. The maximum number of guests is 2.  Deposit Policy: The guest will be charged a prepayment of the total price of the reservation at any time.  Cancellation Policy: The guest can cancel free of charge until 2 days before arrival. The guest will be charged the total price of the reservation if they cancel in the 2 days before arrival.  payment_on_Booking.com (Payout type: BankTransfer)  ** THIS RESERVATION HAS BEEN PRE-PAID ** BOOKING NOTE : Payment charge is GBP 5.08032  Genius Booker ",,,,,"2026-07-12",,,,
The Valley of Rocks Hotel,2026-08-31T21:38:25,065-283-612,NCD-130-537,6682228297,,Matthew,Amor,"2026-11-27","2026-11-29",2,Standard Double room Ensuite-Sea view,Base Rate,Room 54,,2,0,GBP,128.00,128.00,128.00,0.00,Online,Booking.com,Booking.com,On Account,Confirmed,,mamor.664299@guest.booking.com,+44 7914 377154,,"Non-Smoking  Breakfast costs GBP12.50 per person per night. Children and Extra Bed Policy: Children of any age are allowed. You haven't added any cots. You haven't added any extra beds. The maximum number of guests is 2.  Deposit Policy: The guest will be charged a prepayment of the total price of the reservation at any time.  Cancellation Policy: The guest can cancel free of charge until 5 days before arrival. The guest will be charged the total price of the reservation if they cancel in the 5 days before arrival.  payment_on_Booking.com (Payout type: BankTransfer)  ** THIS RESERVATION HAS BEEN PRE-PAID ** BOOKING NOTE : Payment charge is GBP 2.048 Approximate time of arrival: between 19:00 and 20:00  Genius Booker ",,,,,"2026-08-31",,,,
Granby Hotel,2026-07-12T12:45:02,128-466-301,VHU-544-256,6472385704,,Lindsey,Smith,"2026-11-27","2026-11-29",2,Standard Twin,Base Rate,Room 5,,2,0,GBP,79.38,See 039-493-111,79.38,0.00,Online,Booking.com,Booking.com,On Account,Confirmed,,lsmith.346468@guest.booking.com,+44 7548 141019,,"Group: 8 x Adult, 0 x Child  Genius Rate  Non-Smoking  Promos: Mobile(App) Rate  There is no meal option with this room. Children and Extra Bed Policy: Children of any age are allowed. You haven't added any cots. You haven't added any extra beds. The maximum number of guests is 2.  Deposit Policy: The guest will be charged a prepayment of the total price of the reservation at any time.  Cancellation Policy: The guest can cancel free of charge until 2 days before arrival. The guest will be charged the total price of the reservation if they cancel in the 2 days before arrival.  payment_on_Booking.com (Payout type: BankTransfer)  ** THIS RESERVATION HAS BEEN PRE-PAID ** BOOKING NOTE : Payment charge is GBP 5.08032  Genius Booker ",,,,,"2026-07-12",,,,
The Valley of Rocks Hotel,2026-03-24T12:14:39,152-440-421,ZHQ-861-965,6763145010,,Sandra,Bradwell,"2026-11-27","2026-11-30",3,Standard Single room Ensuite,Base Rate,Room 19,,1,0,GBP,139.65,139.65,139.65,0.00,Online,Booking.com,Booking.com,On Account,Confirmed,,sbradw.466804@guest.booking.com,+44 7952 128782,,"Please don't move the guest as she have requested it personally Non-Smoking  Promos: Domestic  There is no meal option with this room. Children and Extra Bed Policy: Children of any age are allowed. You haven't added any cots. You haven't added any extra beds. The maximum number of guests is 1.  Deposit Policy: The guest will be charged a prepayment of the total price of the reservation at any time.  Cancellation Policy: The guest can cancel free of charge until 5 days before arrival. The guest will be charged the total price of the reservation if they cancel in the 5 days before arrival.  payment_on_Booking.com (Payout type: BankTransfer)  ** THIS RESERVATION HAS BEEN PRE-PAID ** BOOKING NOTE : Payment charge is GBP 2.2344 Please can I reserve a car park space. Registration YC16 XTP. I may be bringing a dog, I will confirm at a later date. Thank you.  Genius Booker ",,,,,"2026-03-24",,,,
Sea Side Hotel,2026-06-17T21:56:13,314-432-652,OOX-106-377,6745235645,,jane,conway,"2026-11-27","2026-11-29",2,Standard-Double room-Ensuite,,R215,,2,0,GBP,0.00,0.00,0.00,0.00,Online,Booking.com,Booking.com,On Account,Canceled,,jconwa.771331@guest.booking.com,+44 7484 228409,,"Genius Rate  Non-Smoking  Promos: Mobile(MDot) Rate  There is no meal option with this room. Children and Extra Bed Policy: Children of any age are allowed. You haven't added any cots. You haven't added any extra beds. The maximum number of guests is 2.  Deposit Policy: The guest will be charged a prepayment of the total price of the reservation at any time.  Cancellation Policy: The guest can cancel free of charge until 7 days before arrival. The guest will be charged the total price of the reservation if they cancel in the 7 days before arrival.  payment_on_Booking.com (Payout type: BankTransfer)  ** THIS RESERVATION HAS BEEN PRE-PAID ** BOOKING NOTE : Payment charge is GBP 1.26912  Genius Booker ",,,,,"2026-06-17",,,,
Granby Hotel,2026-07-12T12:45:02,420-652-484,VHU-544-256,6472385704,,Lindsey,Smith,"2026-11-27","2026-11-29",2,Standard Twin,Base Rate,Room 6,,2,0,GBP,79.38,See 039-493-111,79.38,0.00,Online,Booking.com,Booking.com,On Account,Confirmed,,lsmith.346468@guest.booking.com,+44 7548 141019,,"Group: 8 x Adult, 0 x Child  Genius Rate  Non-Smoking  Promos: Mobile(App) Rate  There is no meal option with this room. Children and Extra Bed Policy: Children of any age are allowed. You haven't added any cots. You haven't added any extra beds. The maximum number of guests is 2.  Deposit Policy: The guest will be charged a prepayment of the total price of the reservation at any time.  Cancellation Policy: The guest can cancel free of charge until 2 days before arrival. The guest will be charged the total price of the reservation if they cancel in the 2 days before arrival.  payment_on_Booking.com (Payout type: BankTransfer)  ** THIS RESERVATION HAS BEEN PRE-PAID ** BOOKING NOTE : Payment charge is GBP 5.08032  Genius Booker ",,,,,"2026-07-12",,,,
The Valley of Rocks Hotel,2026-03-24T17:22:47,818-186-402,OOJ-376-232,5225970217,,Nicola,Grannum,"2026-11-27","2026-11-30",3,Standard Double room Ensuite-Sea view,Base Rate,Room 51,,1,0,GBP,177.65,177.65,177.65,0.00,Online,Booking.com,Booking.com,On Account,Confirmed,,ngrann.750200@guest.booking.com,+44 7515 681577,,"Non-Smoking  Promos: Domestic  There is no meal option with this room. Children and Extra Bed Policy: Children of any age are allowed. You haven't added any cots. You haven't added any extra beds. The maximum number of guests is 2.  Deposit Policy: The guest will be charged a prepayment of the total price of the reservation at any time.  Cancellation Policy: The guest can cancel free of charge until 5 days before arrival. The guest will be charged the total price of the reservation if they cancel in the 5 days before arrival.  payment_on_Booking.com (Payout type: BankTransfer)  ** THIS RESERVATION HAS BEEN PRE-PAID ** I will be bringing a Pet dog and require a car parking space please BOOKING NOTE : Payment charge is GBP 2.8424 ",,,,,"2026-03-24",,,,
Sea Side Hotel,2026-04-19T13:47:54,840-428-044,NPW-261-531,5487315227,,SUSAN,wibberley,"2026-11-27","2026-11-28",1,Standard-Twin room-Ensuite,Base Rate,R111,,2,0,GBP,49.59,49.59,49.59,0.00,Online,Booking.com,Booking.com,On Account,Confirmed,,swibbe.980426@guest.booking.com,+44 7990 639864,,"Genius Rate  Non-Smoking  Promos: Domestic  There is no meal option with this room. Children and Extra Bed Policy: Children of any age are allowed. You haven't added any cots. You haven't added any extra beds. The maximum number of guests is 2.  Deposit Policy: The guest will be charged a prepayment of the total price of the reservation at any time.  Cancellation Policy: The guest can cancel free of charge until 7 days before arrival. The guest will be charged the total price of the reservation if they cancel in the 7 days before arrival.  payment_on_Booking.com (Payout type: BankTransfer)  ** THIS RESERVATION HAS BEEN PRE-PAID ** Approximate time of arrival: between 13:00 and 14:00 BOOKING NOTE : Payment charge is GBP 0.79344  Genius Booker ",,,,,"2026-04-19",,,,
The Valley of Rocks Hotel,2026-03-25T20:07:30,880-040-154,QFS-997-043,5540578237,,Bedwell,Kevin,"2026-11-27","2026-11-30",3,Standard Single room Ensuite,Base Rate,Room 62,,1,0,GBP,157.65,139.65,139.65,18.00,Online,Booking.com,Booking.com,On Account,Confirmed,,bkevin.158267@guest.booking.com,+44 7732 892591,,"Non-Smoking  Promos: Domestic  There is no meal option with this room. Children and Extra Bed Policy: Children of any age are allowed. You haven't added any cots. You haven't added any extra beds. The maximum number of guests is 1.  Deposit Policy: The guest will be charged a prepayment of the total price of the reservation at any time.  Cancellation Policy: The guest can cancel free of charge until 5 days before arrival. The guest will be charged the total price of the reservation if they cancel in the 5 days before arrival.  payment_on_Booking.com (Payout type: BankTransfer)  ** THIS RESERVATION HAS BEEN PRE-PAID ** BOOKING NOTE : Payment charge is GBP 2.2344 I would like a car parking space for the duration of my stay please  Genius Booker ",,,,,"2026-03-25",,,,
Granby Hotel,2026-07-12T12:45:02,945-261-594,VHU-544-256,6472385704,,Lindsey,Smith,"2026-11-27","2026-11-29",2,Standard Twin,Base Rate,Room 12,,2,0,GBP,79.38,See 039-493-111,79.38,0.00,Online,Booking.com,Booking.com,On Account,Confirmed,,lsmith.346468@guest.booking.com,+44 7548 141019,,"Group: 8 x Adult, 0 x Child  Genius Rate  Non-Smoking  Promos: Mobile(App) Rate  There is no meal option with this room. Children and Extra Bed Policy: Children of any age are allowed. You haven't added any cots. You haven't added any extra beds. The maximum number of guests is 2.  Deposit Policy: The guest will be charged a prepayment of the total price of the reservation at any time.  Cancellation Policy: The guest can cancel free of charge until 2 days before arrival. The guest will be charged the total price of the reservation if they cancel in the 2 days before arrival.  payment_on_Booking.com (Payout type: BankTransfer)  ** THIS RESERVATION HAS BEEN PRE-PAID ** BOOKING NOTE : Payment charge is GBP 5.08032  Genius Booker ",,,,,"2026-07-12",,,,
Granby Hotel,2026-04-22T17:03:39,986-948-294,SPG-603-159,5367704574,,sarah,smith,"2026-11-27","2026-11-29",2,Standard Double,,Room 21,,2,0,GBP,0.00,0.00,0.00,0.00,Online,Booking.com,Booking.com,On Account,Canceled,,jddvng.168524@guest.booking.com,+44 7412 697274,,"Genius Rate  Non-Smoking  Promos: Mobile(App) Rate  There is no meal option with this room. Children and Extra Bed Policy: Children of any age are allowed. You haven't added any cots. You haven't added any extra beds. The maximum number of guests is 2.  Deposit Policy: The guest will be charged a prepayment of the total price of the reservation at any time.  Cancellation Policy: The guest can cancel free of charge until 2 days before arrival. The guest will be charged the total price of the reservation if they cancel in the 2 days before arrival.  payment_on_Booking.com (Payout type: BankTransfer)  ** THIS RESERVATION HAS BEEN PRE-PAID ** BOOKING NOTE : Payment charge is GBP 1.2096  Genius Booker ",,,,,"2026-04-22",,,,
The Valley of Rocks Hotel,2026-08-08T16:01:39,052-168-404,YKL-854-799,6031729547,,deborah,Hawkins,"2026-11-28","2026-11-29",1,Standard Twin room Ensuite-Sea view,Base Rate,Room 20,,2,0,GBP,67.00,131.00,67.00,0.00,Online,Booking.com,Booking.com,On Account,Confirmed,,dhawki.591532@guest.booking.com,+44 7778 507562,,"Group: 4 x Adult, 0 x Child  Non-Smoking  Breakfast costs GBP12.50 per person per night. Children and Extra Bed Policy: Children of any age are allowed. You haven't added any cots. You haven't added any extra beds. The maximum number of guests is 2.  Deposit Policy: The guest will be charged a prepayment of the total price of the reservation at any time.  Cancellation Policy: The guest can cancel free of charge until 5 days before arrival. The guest will be charged the total price of the reservation if they cancel in the 5 days before arrival.  payment_on_Booking.com (Payout type: BankTransfer)  ** THIS RESERVATION HAS BEEN PRE-PAID ** BOOKING NOTE : Payment charge is GBP 2.096  Genius Booker ",,,,,"2026-08-08",,,,
The Valley of Rocks Hotel,2026-08-08T19:08:29,111-852-204,VXE-412-697,5887233308,,Josephine,Jones,"2026-11-28","2026-11-29",1,Standard Double room Ensuite-Sea view,Base Rate,Room 55,,2,0,GBP,64.00,64.00,64.00,0.00,Online,Booking.com,Booking.com,On Account,Confirmed,,jjones.759717@guest.booking.com,+44 7495 754362,,"payment_on_Booking.com (Payout type: BankTransfer)  Non-Smoking  ** THIS RESERVATION HAS BEEN PRE-PAID ** BOOKING NOTE : Payment charge is GBP 0.944  Genius Booker  Breakfast costs GBP12.50 per person per night. Children and Extra Bed Policy: Children of any age are allowed. You haven't added any cots. You haven't added any extra beds. The maximum number of guests is 2.  Deposit Policy: The guest will be charged a prepayment of the total price of the reservation at any time.  Cancellation Policy: The guest can cancel free of charge until 5 days before arrival. The guest will be charged the total price of the reservation if they cancel in the 5 days before arrival.",,,,,"2026-08-08",,,,
The Valley of Rocks Hotel,2026-09-03T12:54:07,192-254-331,PFU-385-631,6267103207,,michelle,tape,"2026-11-28","2026-11-29",1,Superior Double room Ensuite,Base Rate,Room 21,,2,0,GBP,69.00,138.00,69.00,0.00,Online,Booking.com,Booking.com,On Account,Confirmed,,mtape.736670@guest.booking.com,+44 7885 213263,,"Group: 4 x Adult, 0 x Child  Non-Smoking  Breakfast costs GBP12.50 per person per night. Children and Extra Bed Policy: Children of any age are allowed. You haven't added any cots. You haven't added any extra beds. The maximum number of guests is 2.  Deposit Policy: The guest will be charged a prepayment of the total price of the reservation at any time.  Cancellation Policy: The guest can cancel free of charge until 5 days before arrival. The guest will be charged the total price of the reservation if they cancel in the 5 days before arrival.  payment_on_Booking.com (Payout type: BankTransfer)  ** THIS RESERVATION HAS BEEN PRE-PAID ** BOOKING NOTE : Payment charge is GBP 2.208  Genius Booker ",,,,,"2026-09-03",,,,
Granby Hotel,2025-09-09T10:09:33,243-421-982,JAZ-227-191,5588811167,,jayne,carpenter,"2026-11-28","2026-11-29",1,Standard Twin,,Room 12,,2,0,GBP,0.00,0.00,0.00,0.00,Online,Booking.com,Booking.com,On Account,Canceled,,jcarpe.773269@guest.booking.com,+44 7935 834926,,"Non-Smoking  There is no meal option with this room. Children and Extra Bed Policy: Children of any age are allowed. You haven't added any cots. You haven't added any extra beds. The maximum number of guests is 2.  Deposit Policy: The guest will be charged a prepayment of the total price of the reservation at any time.  Cancellation Policy: The guest can cancel free of charge until 2 days before arrival. The guest will be charged the total price of the reservation if they cancel in the 2 days before arrival.  payment_on_Booking.com (Payout type: BankTransfer)  ** THIS RESERVATION HAS BEEN PRE-PAID ** BOOKING NOTE : Payment charge is GBP 0.748  Genius Booker ",,,,,"2025-09-09",,,,
The Valley of Rocks Hotel,2026-08-08T16:01:39,288-303-284,YKL-854-799,6031729547,,deborah,Hawkins,"2026-11-28","2026-11-29",1,Standard Double room Ensuite-Sea view,Base Rate,Room 52,,2,0,GBP,64.00,See 052-168-404,64.00,0.00,Online,Booking.com,Booking.com,On Account,Confirmed,,dhawki.591532@guest.booking.com,+44 7778 507562,,"Group: 4 x Adult, 0 x Child  Non-Smoking  Breakfast costs GBP12.50 per person per night. Children and Extra Bed Policy: Children of any age are allowed. You haven't added any cots. You haven't added any extra beds. The maximum number of guests is 2.  Deposit Policy: The guest will be charged a prepayment of the total price of the reservation at any time.  Cancellation Policy: The guest can cancel free of charge until 5 days before arrival. The guest will be charged the total price of the reservation if they cancel in the 5 days before arrival.  payment_on_Booking.com (Payout type: BankTransfer)  ** THIS RESERVATION HAS BEEN PRE-PAID ** BOOKING NOTE : Payment charge is GBP 2.096  Genius Booker ",,,,,"2026-08-08",,,,
The Valley of Rocks Hotel,2026-09-03T12:54:07,340-541-331,PFU-385-631,6267103207,,michelle,tape,"2026-11-28","2026-11-29",1,Superior Double room Ensuite,Base Rate,Room 22,,2,0,GBP,69.00,See 192-254-331,69.00,0.00,Online,Booking.com,Booking.com,On Account,Confirmed,,mtape.736670@guest.booking.com,+44 7885 213263,,"Group: 4 x Adult, 0 x Child  Non-Smoking  Breakfast costs GBP12.50 per person per night. Children and Extra Bed Policy: Children of any age are allowed. You haven't added any cots. You haven't added any extra beds. The maximum number of guests is 2.  Deposit Policy: The guest will be charged a prepayment of the total price of the reservation at any time.  Cancellation Policy: The guest can cancel free of charge until 5 days before arrival. The guest will be charged the total price of the reservation if they cancel in the 5 days before arrival.  payment_on_Booking.com (Payout type: BankTransfer)  ** THIS RESERVATION HAS BEEN PRE-PAID ** BOOKING NOTE : Payment charge is GBP 2.208  Genius Booker ",,,,,"2026-09-03",,,,
The Valley of Rocks Hotel,2026-09-10T22:30:54,152-883-302,KDM-193-688,5036689630,,Paul,Broad,"2026-11-29","2026-11-30",1,Standard Single room Ensuite,Base Rate,Room 14,,1,0,GBP,49.00,49.00,49.00,0.00,Online,Booking.com,Booking.com,On Account,Confirmed,,pbroad.555343@guest.booking.com,+44 7747 770990,,"Non-Smoking  Breakfast costs GBP12.50 per person per night. Children and Extra Bed Policy: Children of any age are allowed. You haven't added any cots. You haven't added any extra beds. The maximum number of guests is 1.  Deposit Policy: The guest will be charged a prepayment of the total price of the reservation at any time.  Cancellation Policy: The guest can cancel free of charge until 5 days before arrival. The guest will be charged the total price of the reservation if they cancel in the 5 days before arrival.  payment_on_Booking.com (Payout type: BankTransfer)  ** THIS RESERVATION HAS BEEN PRE-PAID ** BOOKING NOTE : Payment charge is GBP 0.784  Genius Booker ",,,,,"2026-09-10",,,,
Granby Hotel,2026-07-14T15:17:21,590-194-921,ENQ-372-574,5772771103,,Wah,Yonn Paul Lim,"2026-11-29","2026-12-03",4,Standard Single,Base Rate,Room 8,,1,0,GBP,112.34,112.34,112.34,0.00,Online,Booking.com,Booking.com,On Account,Confirmed,,wlim.803214@guest.booking.com,+65 9785 1837,,"Genius Rate  Non-Smoking  Promos: Mobile(App) Rate  There is no meal option with this room. Children and Extra Bed Policy: Children of any age are allowed. You haven't added any cots. You haven't added any extra beds. The maximum number of guests is 1.  Deposit Policy: The guest will be charged a prepayment of the total price of the reservation at any time.  Cancellation Policy: The guest can cancel free of charge until 2 days before arrival. The guest will be charged the total price of the reservation if they cancel in the 2 days before arrival.  payment_on_Booking.com (Payout type: BankTransfer)  ** THIS RESERVATION HAS BEEN PRE-PAID ** BOOKING NOTE : Payment charge is GBP 1.79744  Genius Booker ",,,,,"2026-07-14",,,,
The Valley of Rocks Hotel,2026-05-10T17:48:30,528-069-194,VWI-100-268,6745094673,,Kerry,Bennett,"2026-11-30","2026-12-01",1,Standard Double room Ensuite-Sea view,Base Rate,Room 51,,2,0,GBP,59.00,59.00,59.00,0.00,Online,Booking.com,Booking.com,On Account,Confirmed,,kbenne.393391@guest.booking.com,+44 7845 575277,,"Non-Smoking  Breakfast costs GBP12.50 per person per night. Children and Extra Bed Policy: Children of any age are allowed. You haven't added any cots. You haven't added any extra beds. The maximum number of guests is 2.  Deposit Policy: The guest will be charged a prepayment of the total price of the reservation at any time.  Cancellation Policy: The guest can cancel free of charge until 5 days before arrival. The guest will be charged the total price of the reservation if they cancel in the 5 days before arrival.  payment_on_Booking.com (Payout type: BankTransfer)  ** THIS RESERVATION HAS BEEN PRE-PAID ** BOOKING NOTE : Payment charge is GBP 0.944  Genius Booker ",,,,,"2026-05-10",,,,
Granby Hotel,2025-10-23T10:26:05,844-630-232,EKQ-810-344,6908700941,,Craig,Wright,"2026-12-01","2027-01-31",61,Single Shared Bathroom,,Room 25,,1,0,GBP,0.00,0.00,0.00,0.00,Online,Booking.com,Booking.com,On Account,Canceled,,cwrigh.926892@guest.booking.com,+44 7928 578540,,"Genius Rate  Non-Smoking  Promos: Mobile(App) Rate  There is no meal option with this room. Children and Extra Bed Policy: Children of any age are allowed. You haven't added any cots. You haven't added any extra beds. The maximum number of guests is 1.  Deposit Policy: The guest will be charged a prepayment of the total price of the reservation at any time.  Cancellation Policy: The guest can cancel free of charge until 2 days before arrival. The guest will be charged the total price of the reservation if they cancel in the 2 days before arrival.  payment_on_Booking.com (Payout type: BankTransfer)  ** THIS RESERVATION HAS BEEN PRE-PAID ** BOOKING NOTE : Payment charge is GBP 23.28048  Genius Booker ",,,,,"2025-10-23",,,,
Granby Hotel,2026-01-15T17:55:01,300-198-911,RPT-068-276,5525822300,,Gareth,Hughes,"2026-12-04","2026-12-05",1,Standard Twin,,Room 12,,2,0,GBP,0.00,0.00,0.00,0.00,Online,Booking.com,Booking.com,On Account,Canceled,,ghughe.308744@guest.booking.com,+44 7703 350908,,"Genius Rate  Non-Smoking  Promos: Mobile(App) Rate  There is no meal option with this room. Children and Extra Bed Policy: Children of any age are allowed. You haven't added any cots. You haven't added any extra beds. The maximum number of guests is 2.  Deposit Policy: The guest will be charged a prepayment of the total price of the reservation at any time.  Cancellation Policy: The guest can cancel free of charge until 2 days before arrival. The guest will be charged the total price of the reservation if they cancel in the 2 days before arrival.  payment_on_Booking.com (Payout type: BankTransfer)  ** THIS RESERVATION HAS BEEN PRE-PAID ** BOOKING NOTE : Payment charge is GBP 0.6336  Genius Booker ",,,,,"2026-01-15",,,,
Sea Side Hotel,2026-03-16T20:04:21,362-825-402,SVD-224-032,5546308351,,Keetley,Stacey,"2026-12-04","2026-12-07",3,Sea view-Triple room-Ensuite,Base Rate,R108,,2,1,GBP,196.22,196.22,196.22,0.00,Online,Booking.com,Booking.com,On Account,Confirmed,,kstace.278422@guest.booking.com,+44 7718 853692,,"Child Ages: 13  Genius Rate  Non-Smoking  Promos: Domestic  There is no meal option with this room. Children and Extra Bed Policy: Children of any age are allowed. You haven't added any cots. You haven't added any extra beds. The maximum number of guests is 3.  Deposit Policy: The guest will be charged a prepayment of the total price of the reservation at any time.  Cancellation Policy: The guest can cancel free of charge until 7 days before arrival. The guest will be charged the total price of the reservation if they cancel in the 7 days before arrival.  payment_on_Booking.com (Payout type: BankTransfer)  ** THIS RESERVATION HAS BEEN PRE-PAID ** BOOKING NOTE : Payment charge is GBP 3.13952  Genius Booker ",,,,,"2026-03-16",,,,
Sea Side Hotel,2026-04-14T09:03:33,851-010-244,LBZ-005-911,6131089154,,Philip,Newton,"2026-12-04","2026-12-05",1,Standard-Single room-Ensuite,,R103,,1,0,GBP,0.00,0.00,0.00,0.00,Online,Booking.com,Booking.com,On Account,Canceled,,pnewto.683040@guest.booking.com,+44 7756 605854,,"Genius Rate  Non-Smoking  Promos: Domestic  There is no meal option with this room. Children and Extra Bed Policy: Children of any age are allowed. You haven't added any cots. You haven't added any extra beds. The maximum number of guests is 1.  Deposit Policy: The guest will be charged a prepayment of the total price of the reservation at any time.  Cancellation Policy: The guest can cancel free of charge until 7 days before arrival. The guest will be charged the total price of the reservation if they cancel in the 7 days before arrival.  payment_on_Booking.com (Payout type: BankTransfer)  ** THIS RESERVATION HAS BEEN PRE-PAID ** BOOKING NOTE : Payment charge is GBP 0.57456  Genius Booker ",,,,,"2026-04-14",,,,
Sea Side Hotel,2026-06-15T20:36:14,202-605-124,FGY-341-089,5114449250,,Paul,O'Grady,"2026-12-05","2026-12-06",1,Standard-Double room-Ensuite,,R215,,2,0,GBP,0.00,0.00,0.00,0.00,Online,Booking.com,Booking.com,On Account,Canceled,,pograd.770184@guest.booking.com,+44 7809 724435,,"Genius Rate  Non-Smoking  Promos: Mobile(App) Rate  There is no meal option with this room. Children and Extra Bed Policy: Children of any age are allowed. You haven't added any cots. You haven't added any extra beds. The maximum number of guests is 2.  Deposit Policy: The guest will be charged a prepayment of the total price of the reservation at any time.  Cancellation Policy: The guest can cancel free of charge until 7 days before arrival. The guest will be charged the total price of the reservation if they cancel in the 7 days before arrival.  payment_on_Booking.com (Payout type: BankTransfer)  ** THIS RESERVATION HAS BEEN PRE-PAID ** BOOKING NOTE : Payment charge is GBP 0.70992  Genius Booker ",,,,,"2026-06-15",,,,
The Valley of Rocks Hotel,2026-08-30T17:35:53,431-335-852,VLT-949-846,6298828406,,nick,Hargraves,"2026-12-05","2026-12-06",1,Standard Double room Ensuite-Sea view,Base Rate,Room 51,,2,0,GBP,64.00,64.00,64.00,0.00,Online,Booking.com,Booking.com,On Account,Confirmed,,nhargr.745508@guest.booking.com,+44 7950 892538,,"Non-Smoking  Breakfast costs GBP12.50 per person per night. Children and Extra Bed Policy: Children of any age are allowed. You haven't added any cots. You haven't added any extra beds. The maximum number of guests is 2.  Deposit Policy: The guest will be charged a prepayment of the total price of the reservation at any time.  Cancellation Policy: The guest can cancel free of charge until 5 days before arrival. The guest will be charged the total price of the reservation if they cancel in the 5 days before arrival.  payment_on_Booking.com (Payout type: BankTransfer)  ** THIS RESERVATION HAS BEEN PRE-PAID ** BOOKING NOTE : Payment charge is GBP 1.024  Genius Booker ",,,,,"2026-08-30",,,,
The Valley of Rocks Hotel,2026-09-07T19:47:03,882-964-264,ZVF-396-497,6873320202,,Jessica,Hobbs,"2026-12-05","2026-12-06",1,Standard Double room Ensuite-Sea view,Base Rate,Room 52,,2,0,GBP,64.00,64.00,64.00,0.00,Online,Booking.com,Booking.com,On Account,Confirmed,,jhobbs.667478@guest.booking.com,+44 7368 399774,,"Non-Smoking  Breakfast costs GBP12.50 per person per night. Children and Extra Bed Policy: Children of any age are allowed. You haven't added any cots. You haven't added any extra beds. The maximum number of guests is 2.  Deposit Policy: The guest will be charged a prepayment of the total price of the reservation at any time.  Cancellation Policy: The guest can cancel free of charge until 5 days before arrival. The guest will be charged the total price of the reservation if they cancel in the 5 days before arrival.  payment_on_Booking.com (Payout type: BankTransfer)  ** THIS RESERVATION HAS BEEN PRE-PAID ** BOOKING NOTE : Payment charge is GBP 1.024 ",,,,,"2026-09-07",,,,
The Valley of Rocks Hotel,2026-09-03T18:55:07,425-928-981,XTM-271-636,6276007486,,Jacky,Smythe,"2026-12-06","2026-12-07",1,Standard  Double room Ensuite,Base Rate,Room 5,,2,0,GBP,54.00,54.00,54.00,0.00,Online,Booking.com,Booking.com,On Account,Confirmed,,jsmyth.801522@guest.booking.com,+44 7903 360868,,"Non-Smoking  Breakfast costs GBP12.50 per person per night. Children and Extra Bed Policy: Children of any age are allowed. You haven't added any cots. You haven't added any extra beds. The maximum number of guests is 2.  Deposit Policy: The guest will be charged a prepayment of the total price of the reservation at any time.  Cancellation Policy: The guest can cancel free of charge until 5 days before arrival. The guest will be charged the total price of the reservation if they cancel in the 5 days before arrival.  payment_on_Booking.com (Payout type: BankTransfer)  ** THIS RESERVATION HAS BEEN PRE-PAID ** Approximate time of arrival: between 15:00 and 16:00 Gluten free breakfast BOOKING NOTE : Payment charge is GBP 0.864  Genius Booker ",,,,,"2026-09-03",,,,
Granby Hotel,2026-04-18T21:12:21,482-463-381,JVO-966-826,6669917941,,John,Horsman,"2026-12-06","2026-12-08",2,Standard Single,,Room 8,,1,0,GBP,0.00,0.00,0.00,0.00,Online,Booking.com,Booking.com,On Account,Canceled,,jhorsm.518584@guest.booking.com,+44 7851 307761,,"Genius Rate  Non-Smoking  Promos: Mobile(App) Rate  There is no meal option with this room. Children and Extra Bed Policy: Children of any age are allowed. You haven't added any cots. You haven't added any extra beds. The maximum number of guests is 1.  Deposit Policy: The guest will be charged a prepayment of the total price of the reservation at any time.  Cancellation Policy: The guest can cancel free of charge until 2 days before arrival. The guest will be charged the total price of the reservation if they cancel in the 2 days before arrival.  payment_on_Booking.com (Payout type: BankTransfer)  ** THIS RESERVATION HAS BEEN PRE-PAID ** BOOKING NOTE : Payment charge is GBP 0.94464  Genius Booker ",,,,,"2026-04-18",,,,
Granby Hotel,2026-08-28T23:57:00,006-030-581,VPL-170-915,5377748516,,Sophie,Kelly,"2026-12-08","2026-12-09",1,Standard Twin,Base Rate,Room 12,,2,0,GBP,33.62,33.62,33.62,0.00,Online,Booking.com,Booking.com,On Account,Confirmed,,skelly.803337@guest.booking.com,+44 7594 107101,,"Genius Rate  Non-Smoking  Promos: Mobile(App) Rate  There is no meal option with this room. Children and Extra Bed Policy: Children of any age are allowed. You haven't added any cots. You haven't added any extra beds. The maximum number of guests is 2.  Deposit Policy: The guest will be charged a prepayment of the total price of the reservation at any time.  Cancellation Policy: The guest can cancel free of charge until 2 days before arrival. The guest will be charged the total price of the reservation if they cancel in the 2 days before arrival.  payment_on_Booking.com (Payout type: BankTransfer)  ** THIS RESERVATION HAS BEEN PRE-PAID ** BOOKING NOTE : Payment charge is GBP 0.53792  Genius Booker ",,,,,"2026-08-28",,,,
Granby Hotel,2026-05-22T10:40:54,615-681-992,GNS-801-672,6538645311,,John,Horsman,"2026-12-08","2026-12-11",3,Standard Single,,Room 8,,1,0,GBP,0.00,0.00,0.00,0.00,Online,Booking.com,Booking.com,On Account,Canceled,,jhorsm.786349@guest.booking.com,+44 7851 307761,,"Genius Rate  Non-Smoking  Promos: Mobile(App) Rate  There is no meal option with this room. Children and Extra Bed Policy: Children of any age are allowed. You haven't added any cots. You haven't added any extra beds. The maximum number of guests is 1.  Deposit Policy: The guest will be charged a prepayment of the total price of the reservation at any time.  Cancellation Policy: The guest can cancel free of charge until 2 days before arrival. The guest will be charged the total price of the reservation if they cancel in the 2 days before arrival.  payment_on_Booking.com (Payout type: BankTransfer)  ** THIS RESERVATION HAS BEEN PRE-PAID ** BOOKING NOTE : Payment charge is GBP 1.3824  Genius Booker ",,,,,"2026-05-22",,,,
Sea Side Hotel,2026-05-17T22:14:58,086-493-084,QFM-073-455,6505970170,,John,Horsman,"2026-12-10","2026-12-13",3,Sea view-Single room-Ensuite,,R107,,1,0,GBP,0.00,0.00,0.00,0.00,Online,Booking.com,Booking.com,On Account,Canceled,,jhorsm.135981@guest.booking.com,+44 7851 307761,,"Genius Rate  Non-Smoking  Promos: Domestic  There is no meal option with this room. Children and Extra Bed Policy: Children of any age are allowed. You haven't added any cots. You haven't added any extra beds. The maximum number of guests is 1.  Deposit Policy: The guest will be charged a prepayment of the total price of the reservation at any time.  Cancellation Policy: The guest can cancel free of charge until 7 days before arrival. The guest will be charged the total price of the reservation if they cancel in the 7 days before arrival.  payment_on_Booking.com (Payout type: BankTransfer)  ** THIS RESERVATION HAS BEEN PRE-PAID ** BOOKING NOTE : Payment charge is GBP 1.824  Genius Booker ",,,,,"2026-05-17",,,,
Sea Side Hotel,2026-08-23T08:50:26,040-280-001,RJO-312-304,5365548773,,Ncfeeky,Wayne,"2026-12-11","2026-12-13",2,Standard-Double room-Ensuite,Base Rate,R215,,2,0,GBP,135.43,135.43,135.43,0.00,Online,Booking.com,Booking.com,On Account,Confirmed,,nwayne.783217@guest.booking.com,+44 7510 963292,,"Genius Rate  Non-Smoking  Promos: Mobile(App) Rate  There is no meal option with this room. Children and Extra Bed Policy: Children of any age are allowed. You haven't added any cots. You haven't added any extra beds. The maximum number of guests is 2.  Deposit Policy: The guest will be charged a prepayment of the total price of the reservation at any time.  Cancellation Policy: The guest can cancel free of charge until 7 days before arrival. The guest will be charged the total price of the reservation if they cancel in the 7 days before arrival.  payment_on_Booking.com (Payout type: BankTransfer)  ** THIS RESERVATION HAS BEEN PRE-PAID ** BOOKING NOTE : Payment charge is GBP 2.16688  Genius Booker ",,,,,"2026-08-23",,,,
Sea Side Hotel,2026-07-19T07:26:08,316-800-802,GBU-212-526,6884622325,,Ncfeeky,Wayne,"2026-12-11","2026-12-13",2,Standard-Double room-Ensuite,,R101,,2,0,GBP,0.00,0.00,0.00,0.00,Online,Booking.com,Booking.com,On Account,Canceled,,nwayne.684078@guest.booking.com,+44 7510 963292,,"Group: 6 x Adult, 0 x Child  Genius Rate  Non-Smoking  Promos: Mobile(App) Rate  There is no meal option with this room. Children and Extra Bed Policy: Children of any age are allowed. You haven't added any cots. You haven't added any extra beds. The maximum number of guests is 2.  Deposit Policy: The guest will be charged a prepayment of the total price of the reservation at any time.  Cancellation Policy: The guest can cancel free of charge until 7 days before arrival. The guest will be charged the total price of the reservation if they cancel in the 7 days before arrival.  payment_on_Booking.com (Payout type: BankTransfer)  ** THIS RESERVATION HAS BEEN PRE-PAID ** BOOKING NOTE : Payment charge is GBP 4.03008  Genius Booker ",,,,,"2026-07-19",,,,
Sea Side Hotel,2026-07-19T07:26:08,399-556-222,GBU-212-526,6884622325,,Ncfeeky,Wayne,"2026-12-11","2026-12-13",2,Standard-Twin room-Ensuite,,R111,,2,0,GBP,0.00,See 316-800-802,0.00,0.00,Online,Booking.com,Booking.com,On Account,Canceled,,nwayne.684078@guest.booking.com,+44 7510 963292,,"Group: 6 x Adult, 0 x Child  Genius Rate  Non-Smoking  Promos: Mobile(App) Rate  There is no meal option with this room. Children and Extra Bed Policy: Children of any age are allowed. You haven't added any cots. You haven't added any extra beds. The maximum number of guests is 2.  Deposit Policy: The guest will be charged a prepayment of the total price of the reservation at any time.  Cancellation Policy: The guest can cancel free of charge until 7 days before arrival. The guest will be charged the total price of the reservation if they cancel in the 7 days before arrival.  payment_on_Booking.com (Payout type: BankTransfer)  ** THIS RESERVATION HAS BEEN PRE-PAID ** BOOKING NOTE : Payment charge is GBP 4.03008  Genius Booker ",,,,,"2026-07-19",,,,
Sea Side Hotel,2026-08-23T08:56:29,424-446-942,KSJ-881-224,6828084274,,Ncfeeky,Wayne,"2026-12-11","2026-12-13",2,Standard-Twin room-Ensuite,Base Rate,R111,,2,0,GBP,135.43,135.43,135.43,0.00,Online,Booking.com,Booking.com,On Account,Confirmed,,nwayne.867088@guest.booking.com,+44 7510 963292,,"Genius Rate  Non-Smoking  Promos: Mobile(App) Rate  There is no meal option with this room. Children and Extra Bed Policy: Children of any age are allowed. You haven't added any cots. You haven't added any extra beds. The maximum number of guests is 2.  Deposit Policy: The guest will be charged a prepayment of the total price of the reservation at any time.  Cancellation Policy: The guest can cancel free of charge until 7 days before arrival. The guest will be charged the total price of the reservation if they cancel in the 7 days before arrival.  payment_on_Booking.com (Payout type: BankTransfer)  ** THIS RESERVATION HAS BEEN PRE-PAID ** BOOKING NOTE : Payment charge is GBP 2.16688  Genius Booker ",,,,,"2026-08-23",,,,
Harbour Stays,2026-07-26T16:22:43,583-945-414,PNF-487-746,5583423650,,Louise,Staples,"2026-12-11","2026-12-13",2,Three Bedroom-Apartment-Sea view-Private Bathroom,Base Rate,Flat 4  W/Balcony,,3,0,GBP,198.00,198.00,198.00,0.00,Online,Booking.com,Booking.com,On Account,Confirmed,,lstapl.333310@guest.booking.com,+44 7931 920602,,"Non-Smoking  Promos: Mobile(App) Rate  There is no meal option with this room. Children and Extra Bed Policy: Children of any age are allowed. You haven't added any cots. You haven't added any extra beds. The maximum number of guests is 5.  Deposit Policy: The guest will be charged a prepayment of the total price of the reservation at any time.  Cancellation Policy: The guest can cancel free of charge until 7 days before arrival. The guest will be charged the total price of the reservation if they cancel in the 7 days before arrival.  payment_on_Booking.com (Payout type: BankTransfer)  ** THIS RESERVATION HAS BEEN PRE-PAID ** BOOKING NOTE : Payment charge is GBP 3.168  Genius Booker ",,,,,"2026-07-26",,,,
Sea Side Hotel,2026-08-23T08:53:44,610-068-311,MDI-983-214,6474600735,,Ncfeeky,Wayne,"2026-12-11","2026-12-13",2,Standard-Double room-Ensuite,Base Rate,R101,,2,0,GBP,135.43,135.43,135.43,0.00,Online,Booking.com,Booking.com,On Account,Confirmed,,nwayne.618561@guest.booking.com,+44 7510 963292,,"Genius Rate  Non-Smoking  Promos: Mobile(App) Rate  There is no meal option with this room. Children and Extra Bed Policy: Children of any age are allowed. You haven't added any cots. You haven't added any extra beds. The maximum number of guests is 2.  Deposit Policy: The guest will be charged a prepayment of the total price of the reservation at any time.  Cancellation Policy: The guest can cancel free of charge until 7 days before arrival. The guest will be charged the total price of the reservation if they cancel in the 7 days before arrival.  payment_on_Booking.com (Payout type: BankTransfer)  ** THIS RESERVATION HAS BEEN PRE-PAID ** BOOKING NOTE : Payment charge is GBP 2.16688  Genius Booker ",,,,,"2026-08-23",,,,
Sea Side Hotel,2026-09-12T09:24:24,938-928-032,EYE-241-423,5051618807,,Ncfeeky,Wayne,"2026-12-11","2026-12-13",2,Standard-Single room-Ensuite,Base Rate,R213,,1,0,GBP,126.79,126.79,126.79,0.00,Online,Booking.com,Booking.com,On Account,Confirmed,,nwayne.477057@guest.booking.com,+44 7510 963292,,"Genius Rate  Non-Smoking  Promos: Mobile(App) Rate  There is no meal option with this room. Children and Extra Bed Policy: Children of any age are allowed. You haven't added any cots. You haven't added any extra beds. The maximum number of guests is 1.  Deposit Policy: The guest will be charged a prepayment of the total price of the reservation at any time.  Cancellation Policy: The guest can cancel free of charge until 7 days before arrival. The guest will be charged the total price of the reservation if they cancel in the 7 days before arrival.  payment_on_Booking.com (Payout type: BankTransfer)  ** THIS RESERVATION HAS BEEN PRE-PAID ** BOOKING NOTE : Payment charge is GBP 2.02864  Genius Booker ",,,,,"2026-09-12",,,,
Sea Side Hotel,2026-07-19T07:26:08,994-462-321,GBU-212-526,6884622325,,Ncfeeky,Wayne,"2026-12-11","2026-12-13",2,Standard-Double room-Ensuite,,R215,,2,0,GBP,0.00,See 316-800-802,0.00,0.00,Online,Booking.com,Booking.com,On Account,Canceled,,nwayne.684078@guest.booking.com,+44 7510 963292,,"Group: 6 x Adult, 0 x Child  Genius Rate  Non-Smoking  Promos: Mobile(App) Rate  There is no meal option with this room. Children and Extra Bed Policy: Children of any age are allowed. You haven't added any cots. You haven't added any extra beds. The maximum number of guests is 2.  Deposit Policy: The guest will be charged a prepayment of the total price of the reservation at any time.  Cancellation Policy: The guest can cancel free of charge until 7 days before arrival. The guest will be charged the total price of the reservation if they cancel in the 7 days before arrival.  payment_on_Booking.com (Payout type: BankTransfer)  ** THIS RESERVATION HAS BEEN PRE-PAID ** BOOKING NOTE : Payment charge is GBP 4.03008  Genius Booker ",,,,,"2026-07-19",,,,
The Valley of Rocks Hotel,2026-02-11T14:55:44,396-282-564,SUW-577-917,6585351574,,Sandra,George,"2026-12-12","2026-12-15",3,Superior Double room Ensuite,,Room 22,,2,0,GBP,0.00,0.00,0.00,0.00,Online,Booking.com,Booking.com,On Account,Canceled,,sgeorg.812675@guest.booking.com,+44 7766 828873,,"Non-Smoking  Promos: Domestic  There is no meal option with this room. Children and Extra Bed Policy: Children of any age are allowed. You haven't added any cots. You haven't added any extra beds. The maximum number of guests is 2.  Deposit Policy: The guest will be charged a prepayment of the total price of the reservation at any time.  Cancellation Policy: The guest can cancel free of charge until 5 days before arrival. The guest will be charged the total price of the reservation if they cancel in the 5 days before arrival.  payment_on_Booking.com (Payout type: BankTransfer)  ** THIS RESERVATION HAS BEEN PRE-PAID ** Approximate time of arrival: between 15:00 and 16:00 BOOKING NOTE : Payment charge is GBP 2.8368  Genius Booker ",,,,,"2026-02-11",,,,
Sea Side Hotel,2026-07-25T08:35:50,635-321-602,QYQ-326-712,5118557204,,Darrren,Kent,"2026-12-13","2026-12-14",1,Standard-Triple room-Ensuite,Non Refundable,R211,,2,1,GBP,38.64,70.72,38.64,0.00,Online,Booking.com,Booking.com,On Account,Confirmed,,dkent.101650@guest.booking.com,+44 7411 291241,,"Group: 3 x Adult, 2 x Child  Child Ages: 4  Non-Smoking  Promos: Early Booker Deal  There is no meal option with this room. Children and Extra Bed Policy: Children of any age are allowed. You haven't added any cots. You haven't added any extra beds. The maximum number of guests is 3.  Deposit Policy: The guest will be charged a prepayment of the total price of the reservation at any time.  Cancellation Policy: The guest will be charged the total price of the reservation if they cancel at any time.  payment_on_Booking.com (Payout type: BankTransfer)  ** THIS RESERVATION HAS BEEN PRE-PAID ** BOOKING NOTE : Payment charge is GBP 1.13152  Genius Booker ",,,,,"2026-07-25",,,,
Sea Side Hotel,2026-07-25T08:35:50,856-209-192,QYQ-326-712,5118557204,,Darrren,Kent,"2026-12-13","2026-12-14",1,Standard-Double room-Ensuite,Non Refundable,R215,,1,1,GBP,32.08,See 635-321-602,32.08,0.00,Online,Booking.com,Booking.com,On Account,Confirmed,,dkent.101650@guest.booking.com,+44 7411 291241,,"Group: 3 x Adult, 2 x Child  Child Ages: 17  Non-Smoking  Promos: Early Booker Deal  There is no meal option with this room. Children and Extra Bed Policy: Children of any age are allowed. You haven't added any cots. You haven't added any extra beds. The maximum number of guests is 3.  Deposit Policy: The guest will be charged a prepayment of the total price of the reservation at any time.  Cancellation Policy: The guest will be charged the total price of the reservation if they cancel at any time.  payment_on_Booking.com (Payout type: BankTransfer)  ** THIS RESERVATION HAS BEEN PRE-PAID ** BOOKING NOTE : Payment charge is GBP 1.13152  Genius Booker ",,,,,"2026-07-25",,,,
Sea Side Hotel,2026-04-28T22:55:10,345-061-161,EDZ-058-780,5110360592,,Lauren,Cooper,"2026-12-14","2026-12-17",3,Standard-Double room-Ensuite,Base Rate,R215,,2,0,GBP,125.67,125.67,125.67,0.00,Online,Booking.com,Booking.com,On Account,Confirmed,,lcoope.729207@guest.booking.com,+44 7904 009820,,"Genius Rate  Non-Smoking  Promos: Domestic  There is no meal option with this room. Children and Extra Bed Policy: Children of any age are allowed. You haven't added any cots. You haven't added any extra beds. The maximum number of guests is 2.  Deposit Policy: The guest will be charged a prepayment of the total price of the reservation at any time.  Cancellation Policy: The guest can cancel free of charge until 7 days before arrival. The guest will be charged the total price of the reservation if they cancel in the 7 days before arrival.  payment_on_Booking.com (Payout type: BankTransfer)  ** THIS RESERVATION HAS BEEN PRE-PAID ** BOOKING NOTE : Payment charge is GBP 2.01072  Genius Booker ",,,,,"2026-04-28",,,,
The Valley of Rocks Hotel,2026-07-24T20:47:59,135-401-241,CZR-391-664,6307253964,,Louise,Paynter,"2026-12-20","2026-12-23",3,Standard  Double room Ensuite,Base Rate,Room 5,,1,0,GBP,162.00,162.00,162.00,0.00,Online,Booking.com,Booking.com,On Account,Confirmed,,lpaynt.753872@guest.booking.com,+44 7748 987100,,"guest requesting a room with a shower Non-Smoking  Breakfast costs GBP12.50 per person per night. Children and Extra Bed Policy: Children of any age are allowed. You haven't added any cots. You haven't added any extra beds. The maximum number of guests is 2.  Deposit Policy: The guest will be charged a prepayment of the total price of the reservation at any time.  Cancellation Policy: The guest can cancel free of charge until 5 days before arrival. The guest will be charged the total price of the reservation if they cancel in the 5 days before arrival.  payment_on_Booking.com (Payout type: BankTransfer)  ** THIS RESERVATION HAS BEEN PRE-PAID ** BOOKING NOTE : Payment charge is GBP 2.592 Could I have a room with a shower please. Thanks ever so much.  Genius Booker ",,,,,"2026-07-24",,,,
Sea Side Hotel,2026-04-20T03:15:35,008-085-531,JUS-344-918,5289520315,,Nathan,Wood,"2026-12-21","2026-12-28",7,Standard-Triple room-Ensuite,,R211,,1,2,GBP,0.00,0.00,0.00,0.00,Online,Booking.com,Booking.com,On Account,Canceled,,nwood.663814@guest.booking.com,+44 7376 532455,,"Group: 2 x Adult, 3 x Child  Child Ages: 7, 8  Genius Rate  Non-Smoking  Promos: Domestic  There is no meal option with this room. Children and Extra Bed Policy: Children of any age are allowed. You haven't added any cots. You haven't added any extra beds. The maximum number of guests is 2.  Deposit Policy: The guest will be charged a prepayment of the total price of the reservation at any time.  Cancellation Policy: The guest can cancel free of charge until 7 days before arrival. The guest will be charged the total price of the reservation if they cancel in the 7 days before arrival.  payment_on_Booking.com (Payout type: BankTransfer)  ** THIS RESERVATION HAS BEEN PRE-PAID ** BOOKING NOTE : Payment charge is GBP 10.84848  Genius Booker ",,,,,"2026-04-20",,,,
Sea Side Hotel,2026-08-13T18:41:12,288-231-092,KMN-911-136,5079809666,,cox,Ben,"2026-12-21","2026-12-25",4,Standard-Triple room-Ensuite,,R114,,3,0,GBP,0.00,0.00,0.00,0.00,Online,Booking.com,Booking.com,On Account,Canceled,,cben.406704@guest.booking.com,+44 7506 963947,,"Genius Rate  Non-Smoking  Promos: Early Booker Deal  There is no meal option with this room. Children and Extra Bed Policy: Children of any age are allowed. You haven't added any cots. You haven't added any extra beds. The maximum number of guests is 3.  Deposit Policy: The guest will be charged a prepayment of the total price of the reservation at any time.  Cancellation Policy: The guest can cancel free of charge until 7 days before arrival. The guest will be charged the total price of the reservation if they cancel in the 7 days before arrival.  payment_on_Booking.com (Payout type: BankTransfer)  ** THIS RESERVATION HAS BEEN PRE-PAID ** Approximate time of arrival: between 03:00 and 04:00 BOOKING NOTE : Payment charge is GBP 3.99184  Genius Booker ",,,,,"2026-08-13",,,,
Sea Side Hotel,2026-07-22T13:43:46,543-484-591,BYF-907-065,5834262723,,Stoneman,Martin,"2026-12-21","2027-01-04",14,Standard-Triple room-Ensuite,Base Rate,R211,,3,0,GBP,646.28,646.28,646.28,0.00,Online,Booking.com,Booking.com,On Account,Confirmed,,smarti.543845@guest.booking.com,+44 7707 671097,,"Genius Rate  Non-Smoking  Promos: Mobile(App) Rate  There is no meal option with this room. Children and Extra Bed Policy: Children of any age are allowed. You haven't added any cots. You haven't added any extra beds. The maximum number of guests is 3.  Deposit Policy: The guest will be charged a prepayment of the total price of the reservation at any time.  Cancellation Policy: The guest can cancel free of charge until 7 days before arrival. The guest will be charged the total price of the reservation if they cancel in the 7 days before arrival.  payment_on_Booking.com (Payout type: BankTransfer)  ** THIS RESERVATION HAS BEEN PRE-PAID ** BOOKING NOTE : Payment charge is GBP 10.34048  Genius Booker ",,,,,"2026-07-22",,,,
Sea Side Hotel,2026-07-25T18:02:18,823-595-944,BWQ-448-903,6765517704,,Ncfeeky,Wayne,"2026-12-21","2027-01-02",12,Sea view-Double room-Ensuite,,R206,,2,0,GBP,0.00,0.00,0.00,0.00,Online,Booking.com,Booking.com,On Account,Canceled,,nwayne.409375@guest.booking.com,+44 7510 963292,,"Genius Rate  Non-Smoking  Promos: Mobile(App) Rate  There is no meal option with this room. Children and Extra Bed Policy: Children of any age are allowed. You haven't added any cots. You haven't added any extra beds. The maximum number of guests is 2.  Deposit Policy: The guest will be charged a prepayment of the total price of the reservation at any time.  Cancellation Policy: The guest can cancel free of charge until 7 days before arrival. The guest will be charged the total price of the reservation if they cancel in the 7 days before arrival.  payment_on_Booking.com (Payout type: BankTransfer)  ** THIS RESERVATION HAS BEEN PRE-PAID ** BOOKING NOTE : Payment charge is GBP 8.2816  Genius Booker ",,,,,"2026-07-25",,,,
Sea Side Hotel,2026-04-20T03:15:35,956-444-112,JUS-344-918,5289520315,,Nathan,Wood,"2026-12-21","2026-12-28",7,Standard-Twin room-Ensuite,,R309,,1,1,GBP,0.00,See 008-085-531,0.00,0.00,Online,Booking.com,Booking.com,On Account,Canceled,,nwood.663814@guest.booking.com,+44 7376 532455,,"Group: 2 x Adult, 3 x Child  Child Ages: 10  Genius Rate  Non-Smoking  Promos: Domestic  There is no meal option with this room. Children and Extra Bed Policy: Children of any age are allowed. You haven't added any cots. You haven't added any extra beds. The maximum number of guests is 2.  Deposit Policy: The guest will be charged a prepayment of the total price of the reservation at any time.  Cancellation Policy: The guest can cancel free of charge until 7 days before arrival. The guest will be charged the total price of the reservation if they cancel in the 7 days before arrival.  payment_on_Booking.com (Payout type: BankTransfer)  ** THIS RESERVATION HAS BEEN PRE-PAID ** BOOKING NOTE : Payment charge is GBP 10.84848  Genius Booker ",,,,,"2026-04-20",,,,
Granby Hotel,2026-06-01T11:12:42,004-815-564,RWD-714-267,5115988911,,Kerry,Moynihan,"2026-12-22","2026-12-27",5,Standard Twin,,Room 12,,2,0,GBP,0.00,0.00,0.00,0.00,Online,Booking.com,Booking.com,On Account,Canceled,,kmoyni.141571@guest.booking.com,+44 7507 527130,,"Genius Rate  Non-Smoking  Promos: Mobile(App) Rate  There is no meal option with this room. Children and Extra Bed Policy: Children of any age are allowed. You haven't added any cots. You haven't added any extra beds. The maximum number of guests is 2.  Deposit Policy: The guest will be charged a prepayment of the total price of the reservation at any time.  Cancellation Policy: The guest can cancel free of charge until 2 days before arrival. The guest will be charged the total price of the reservation if they cancel in the 2 days before arrival.  payment_on_Booking.com (Payout type: BankTransfer)  ** THIS RESERVATION HAS BEEN PRE-PAID ** BOOKING NOTE : Payment charge is GBP 3.15648  Genius Booker ",,,,,"2026-06-01",,,,
Sea Side Hotel,2026-02-04T10:13:25,324-993-152,SHM-185-255,6028396342,,Kas,Sterry,"2026-12-22","2026-12-23",1,Standard-Twin room-Ensuite,Base Rate,R111,,2,0,GBP,39.33,93.19,39.33,0.00,Online,Booking.com,Booking.com,On Account,Confirmed,,ksterr.276025@guest.booking.com,+44 7986 850288,,"Group: 5 x Adult, 1 x Child  Genius Rate  Non-Smoking  Promos: Domestic  There is no meal option with this room. Children and Extra Bed Policy: Children of any age are allowed. You haven't added any cots. You haven't added any extra beds. The maximum number of guests is 4.  Deposit Policy: The guest will be charged a prepayment of the total price of the reservation at any time.  Cancellation Policy: The guest can cancel free of charge until 7 days before arrival. The guest will be charged the total price of the reservation if they cancel in the 7 days before arrival.  payment_on_Booking.com (Payout type: BankTransfer)  ** THIS RESERVATION HAS BEEN PRE-PAID ** BOOKING NOTE : Payment charge is GBP 1.49104  Genius Booker ",,,,,"2026-02-04",,,,
Granby Hotel,2026-08-27T09:03:42,435-386-681,UMC-030-581,5286001216,,Kerry,Moynihan,"2026-12-22","2026-12-27",5,Standard Twin,Base Rate,Room 12,,2,0,GBP,171.90,171.90,171.90,0.00,Online,Booking.com,Booking.com,On Account,Confirmed,,kmoyni.257598@guest.booking.com,+44 7507 527130,,"Genius Rate  Non-Smoking  Promos: Mobile(App) Rate  There is no meal option with this room. Children and Extra Bed Policy: Children of any age are allowed. You haven't added any cots. You haven't added any extra beds. The maximum number of guests is 2.  Deposit Policy: The guest will be charged a prepayment of the total price of the reservation at any time.  Cancellation Policy: The guest can cancel free of charge until 2 days before arrival. The guest will be charged the total price of the reservation if they cancel in the 2 days before arrival.  payment_on_Booking.com (Payout type: BankTransfer)  ** THIS RESERVATION HAS BEEN PRE-PAID ** BOOKING NOTE : Payment charge is GBP 2.7504  Genius Booker ",,,,,"2026-08-27",,,,
Sea Side Hotel,2026-02-04T10:13:25,845-014-331,SHM-185-255,6028396342,,Kas,Sterry,"2026-12-22","2026-12-23",1,Standard-Quad room-Ensuite,Base Rate,R305,,3,1,GBP,53.86,See 324-993-152,53.86,0.00,Online,Booking.com,Booking.com,On Account,Confirmed,,ksterr.276025@guest.booking.com,+44 7986 850288,,"Group: 5 x Adult, 1 x Child  Child Ages: 6  Genius Rate  Non-Smoking  Promos: Domestic  There is no meal option with this room. Children and Extra Bed Policy: Children of any age are allowed. You haven't added any cots. You haven't added any extra beds. The maximum number of guests is 4.  Deposit Policy: The guest will be charged a prepayment of the total price of the reservation at any time.  Cancellation Policy: The guest can cancel free of charge until 7 days before arrival. The guest will be charged the total price of the reservation if they cancel in the 7 days before arrival.  payment_on_Booking.com (Payout type: BankTransfer)  ** THIS RESERVATION HAS BEEN PRE-PAID ** BOOKING NOTE : Payment charge is GBP 1.49104  Genius Booker ",,,,,"2026-02-04",,,,
Sea Side Hotel,2026-07-17T16:15:55,894-569-802,JSD-442-270,6859742349,,Anne,Thompson,"2026-12-22","2026-12-29",7,Standard-Double room-Ensuite,,R215,,2,0,GBP,0.00,0.00,0.00,0.00,Online,Booking.com,Booking.com,On Account,Canceled,,athomp.878750@guest.booking.com,+44 7736 233179,,"Genius Rate  Non-Smoking  Promos: Mobile(App) Rate  There is no meal option with this room. Children and Extra Bed Policy: Children of any age are allowed. You haven't added any cots. You haven't added any extra beds. The maximum number of guests is 2.  Deposit Policy: The guest will be charged a prepayment of the total price of the reservation at any time.  Cancellation Policy: The guest can cancel free of charge until 7 days before arrival. The guest will be charged the total price of the reservation if they cancel in the 7 days before arrival.  payment_on_Booking.com (Payout type: BankTransfer)  ** THIS RESERVATION HAS BEEN PRE-PAID ** BOOKING NOTE : Payment charge is GBP 4.21984  Genius Booker ",,,,,"2026-07-17",,,,
The Valley of Rocks Hotel,2025-12-29T09:03:26,094-365-281,XSY-022-065,5049722300,,Donna,Jackson,"2026-12-23","2026-12-30",7,Standard  Double room Ensuite,Base Rate,Room 5,,1,0,GBP,388.00,388.00,388.00,0.00,Online,Booking.com,Booking.com,On Account,Confirmed,,djacks.874118@guest.booking.com,+44 7985 555920,,"Non-Smoking  There is no meal option with this room. Children and Extra Bed Policy: Children of any age are allowed. You haven't added any cots. You haven't added any extra beds. The maximum number of guests is 2.  Deposit Policy: The guest will be charged a prepayment of the total price of the reservation at any time.  Cancellation Policy: The guest can cancel free of charge until 5 days before arrival. The guest will be charged the total price of the reservation if they cancel in the 5 days before arrival.  payment_on_Booking.com (Payout type: BankTransfer)  ** THIS RESERVATION HAS BEEN PRE-PAID ** I would like to bring my small jackrussel with me. BOOKING NOTE : Payment charge is GBP 6.208 ",,,,,"2025-12-29",,,,
Sea Side Hotel,2026-08-10T22:33:32,225-224-991,XWX-750-861,6925223241,,James,Pilling,"2026-12-23","2026-12-27",4,Sea view-Single room-Ensuite,Base Rate,R207,,1,0,GBP,148.90,297.80,148.90,0.00,Online,Booking.com,Booking.com,On Account,Confirmed,,jpilli.220963@guest.booking.com,+44 7423 206921,,"Group: 2 x Adult, 0 x Child  Genius Rate  Non-Smoking  Promos: Mobile(MDot) Rate  There is no meal option with this room. Children and Extra Bed Policy: Children of any age are allowed. You haven't added any cots. You haven't added any extra beds. The maximum number of guests is 1.  Deposit Policy: The guest will be charged a prepayment of the total price of the reservation at any time.  Cancellation Policy: The guest can cancel free of charge until 7 days before arrival. The guest will be charged the total price of the reservation if they cancel in the 7 days before arrival.  payment_on_Booking.com (Payout type: BankTransfer)  ** THIS RESERVATION HAS BEEN PRE-PAID ** Approximate time of arrival: between 15:00 and 16:00 BOOKING NOTE : Payment charge is GBP 4.7648  Genius Booker ",,,,,"2026-08-10",,,,
Harbour Stays,2025-10-28T23:56:15,345-043-031,ATZ-073-169,6382150935,,Steve,Wiltshire,"2026-12-23","2026-12-30",7,Three  Bedroom-Apartment-Private Bathroom,,Flat 3 ,,6,0,GBP,0.00,0.00,0.00,0.00,Online,Booking.com,Booking.com,On Account,Canceled,,swilts.244120@guest.booking.com,+44 7514 864570,,"Genius Rate  Non-Smoking  There is no meal option with this room. Children and Extra Bed Policy: Children of any age are allowed. You haven't added any cots. You haven't added any extra beds. The maximum number of guests is 6.  Deposit Policy: The guest will be charged a prepayment of the total price of the reservation at any time.  Cancellation Policy: The guest can cancel free of charge until 7 days before arrival. The guest will be charged the total price of the reservation if they cancel in the 7 days before arrival.  payment_on_Booking.com (Payout type: BankTransfer)  ** THIS RESERVATION HAS BEEN PRE-PAID ** BOOKING NOTE : Payment charge is GBP 9.6512  Genius Booker ",,,,,"2025-10-28",,,,
Harbour Stays,2026-02-12T13:31:20,546-404-354,QBX-792-164,2391947560,,Dawn,Underwood,"2026-12-23","2026-12-27",4,Studio-Ensuite,,Flat 1,,1,0,GBP,0.00,0.00,0.00,0.00,Online,Hotels.com,Expedia & Affiliate Network,On Account,Canceled,,x1t2ghjeo6@m.expediapartnercentral.com,4407849535701,,,,,,,"2026-02-12",,,,
The Valley of Rocks Hotel,2026-08-31T16:37:35,605-530-694,ULY-559-914,,,Roddy &amp; Dawn,Haswell,"2026-12-23","2026-12-30",7,Superior Double room Ensuite,Base Rate,Room 57,,1,0,GBP,350.00,350.00,350.00,0.00,Direct,,,On Account,Confirmed,,dayspring.dawn@gmail.com,+447485719374,,provisionaly booked ,,,,,"2026-08-31",,,,
Sea Side Hotel,2026-08-10T22:33:32,646-855-251,XWX-750-861,6925223241,,James,Pilling,"2026-12-23","2026-12-27",4,Sea view-Single room-Ensuite,Base Rate,R107,,1,0,GBP,148.90,See 225-224-991,148.90,0.00,Online,Booking.com,Booking.com,On Account,Confirmed,,jpilli.220963@guest.booking.com,+44 7423 206921,,"Group: 2 x Adult, 0 x Child  Genius Rate  Non-Smoking  Promos: Mobile(MDot) Rate  There is no meal option with this room. Children and Extra Bed Policy: Children of any age are allowed. You haven't added any cots. You haven't added any extra beds. The maximum number of guests is 1.  Deposit Policy: The guest will be charged a prepayment of the total price of the reservation at any time.  Cancellation Policy: The guest can cancel free of charge until 7 days before arrival. The guest will be charged the total price of the reservation if they cancel in the 7 days before arrival.  payment_on_Booking.com (Payout type: BankTransfer)  ** THIS RESERVATION HAS BEEN PRE-PAID ** Approximate time of arrival: between 15:00 and 16:00 BOOKING NOTE : Payment charge is GBP 4.7648  Genius Booker ",,,,,"2026-08-10",,,,
The Valley of Rocks Hotel,2025-12-27T12:54:14,669-488-112,ZNG-088-152,6493197479,,Margaret,Rainsford,"2026-12-23","2026-12-27",4,Standard Twin room Ensuite,,Room 10,,2,0,GBP,0.00,See 493-305-504,0.00,0.00,Online,Booking.com,Booking.com,On Account,Canceled,,mrains.525739@guest.booking.com,+44 7816 575755,,"Group: 3 x Adult, 0 x Child  payment_on_Booking.com (Payout type: BankTransfer)  Non-Smoking  ** THIS RESERVATION HAS BEEN PRE-PAID ** BOOKING NOTE : Payment charge is GBP 7.072  Genius Booker  There is no meal option with this room. Children and Extra Bed Policy: Children of any age are allowed. You haven't added any cots. You haven't added any extra beds. The maximum number of guests is 1.  Deposit Policy: The guest will be charged a prepayment of the total price of the reservation at any time.  Cancellation Policy: The guest can cancel free of charge until 5 days before arrival. The guest will be charged the total price of the reservation if they cancel in the 5 days before arrival.",,,,,"2025-12-27",,,,
The Valley of Rocks Hotel,2026-09-08T09:33:15,149-580-234,HIF-914-626,6188806458,,Catherine,Newble,"2026-12-24","2026-12-28",4,Standard Double room Ensuite-Sea view,Base Rate,Room 52,,2,0,GBP,246.00,246.00,246.00,0.00,Online,Booking.com,Booking.com,On Account,Confirmed,,cnewbl.252912@guest.booking.com,+44 7525 444019,,"Non-Smoking  Breakfast costs GBP12.50 per person per night. Children and Extra Bed Policy: Children of any age are allowed. You haven't added any cots. You haven't added any extra beds. The maximum number of guests is 2.  Deposit Policy: The guest will be charged a prepayment of the total price of the reservation at any time.  Cancellation Policy: The guest can cancel free of charge until 5 days before arrival. The guest will be charged the total price of the reservation if they cancel in the 5 days before arrival.  payment_on_Booking.com (Payout type: BankTransfer)  ** THIS RESERVATION HAS BEEN PRE-PAID ** BOOKING NOTE : Payment charge is GBP 3.936 1 dog. Parking please WN11 XVT  Genius Booker ",,,,,"2026-09-08",,,,
Granby Hotel,2026-09-03T18:34:23,183-322-864,VFP-121-010,6276035692,,Roy,Hardwick,"2026-12-24","2026-12-27",3,Standard Double,Base Rate,Room 1,,2,0,GBP,106.46,106.46,106.46,0.00,Online,Booking.com,Booking.com,On Account,Confirmed,,rhardw.394241@guest.booking.com,+44 7904 646190,,"Genius Rate  Non-Smoking  Promos: Mobile(App) Rate  There is no meal option with this room. Children and Extra Bed Policy: Children of any age are allowed. You haven't added any cots. You haven't added any extra beds. The maximum number of guests is 2.  Deposit Policy: The guest will be charged a prepayment of the total price of the reservation at any time.  Cancellation Policy: The guest can cancel free of charge until 2 days before arrival. The guest will be charged the total price of the reservation if they cancel in the 2 days before arrival.  payment_on_Booking.com (Payout type: BankTransfer)  ** THIS RESERVATION HAS BEEN PRE-PAID ** BOOKING NOTE : Payment charge is GBP 1.70336  Genius Booker ",,,,,"2026-09-03",,,,
The Valley of Rocks Hotel,2026-09-08T09:49:02,551-952-561,RWD-869-810,6443072159,,Catherine,Newble,"2026-12-24","2026-12-28",4,Standard Double room Ensuite-Sea view,Base Rate,Room 55,,1,0,GBP,246.00,246.00,246.00,0.00,Online,Booking.com,Booking.com,On Account,Confirmed,,cnewbl.671801@guest.booking.com,+44 7525 444019,,"payment_on_Booking.com (Payout type: BankTransfer)  Non-Smoking  ** THIS RESERVATION HAS BEEN PRE-PAID ** BOOKING NOTE : Payment charge is GBP 3.936  Genius Booker  Breakfast costs GBP12.50 per person per night. Children and Extra Bed Policy: Children of any age are allowed. You haven't added any cots. You haven't added any extra beds. The maximum number of guests is 2.  Deposit Policy: The guest will be charged a prepayment of the total price of the reservation at any time.  Cancellation Policy: The guest can cancel free of charge until 5 days before arrival. The guest will be charged the total price of the reservation if they cancel in the 5 days before arrival.",,,,,"2026-09-08",,,,
Harbour Stays,2026-09-01T12:51:14,601-618-561,VSO-406-142,6302311185,,Richard,Pope,"2026-12-24","2026-12-27",3,Three  Bedroom-Apartment-Private Bathroom,Base Rate,Flat 3 ,,4,2,GBP,233.28,670.68,233.28,0.00,Online,Booking.com,Booking.com,On Account,Confirmed,,rpope.483090@guest.booking.com,+44 7494 207281,,"Group: 7 x Adult, 4 x Child  Child Ages: 4, 6  Genius Rate  Non-Smoking  Promos: Mobile(App) Rate  There is no meal option with this room. Children and Extra Bed Policy: Children of any age are allowed. You haven't added any cots. You haven't added any extra beds. The maximum number of guests is 2.  Deposit Policy: The guest will be charged a prepayment of the total price of the reservation at any time.  Cancellation Policy: The guest can cancel free of charge until 7 days before arrival. The guest will be charged the total price of the reservation if they cancel in the 7 days before arrival.  payment_on_Booking.com (Payout type: BankTransfer)  ** THIS RESERVATION HAS BEEN PRE-PAID ** BOOKING NOTE : Payment charge is GBP 10.73088  Genius Booker ",,,,,"2026-09-01",,,,
Granby Hotel,2026-08-20T17:18:18,609-654-111,UJD-342-927,5274706359,,Catherine,Sutton,"2026-12-24","2026-12-27",3,Standard Double,,Room 21,,2,0,GBP,0.00,0.00,0.00,0.00,Online,Booking.com,Booking.com,On Account,Canceled,,csutto.260807@guest.booking.com,+44 7904 646190,,"Genius Rate  Non-Smoking  Promos: Mobile(App) Rate  There is no meal option with this room. Children and Extra Bed Policy: Children of any age are allowed. You haven't added any cots. You haven't added any extra beds. The maximum number of guests is 2.  Deposit Policy: The guest will be charged a prepayment of the total price of the reservation at any time.  Cancellation Policy: The guest can cancel free of charge until 2 days before arrival. The guest will be charged the total price of the reservation if they cancel in the 2 days before arrival.  payment_on_Booking.com (Payout type: BankTransfer)  ** THIS RESERVATION HAS BEEN PRE-PAID ** BOOKING NOTE : Payment charge is GBP 2.1176  Genius Booker ",,,,,"2026-08-20",,,,
Harbour Stays,2026-09-01T12:51:14,823-260-644,VSO-406-142,6302311185,,Richard,Pope,"2026-12-24","2026-12-27",3,Studio-Ensuite,Base Rate,Flat 1,,1,1,GBP,194.40,See 601-618-561,194.40,0.00,Online,Booking.com,Booking.com,On Account,Confirmed,,rpope.483090@guest.booking.com,+44 7494 207281,,"Group: 7 x Adult, 4 x Child  Child Ages: 15  Genius Rate  Non-Smoking  Promos: Mobile(App) Rate  There is no meal option with this room. Children and Extra Bed Policy: Children of any age are allowed. You haven't added any cots. You haven't added any extra beds. The maximum number of guests is 2.  Deposit Policy: The guest will be charged a prepayment of the total price of the reservation at any time.  Cancellation Policy: The guest can cancel free of charge until 7 days before arrival. The guest will be charged the total price of the reservation if they cancel in the 7 days before arrival.  payment_on_Booking.com (Payout type: BankTransfer)  ** THIS RESERVATION HAS BEEN PRE-PAID ** BOOKING NOTE : Payment charge is GBP 10.73088  Genius Booker ",,,,,"2026-09-01",,,,
The Valley of Rocks Hotel,2026-09-08T09:29:36,842-346-892,VAG-913-499,6685362653,,Catherine,Newble,"2026-12-24","2026-12-28",4,Standard Family room Ensuite,,Room 4,,3,0,GBP,0.00,0.00,0.00,0.00,Online,Booking.com,Booking.com,On Account,Canceled,,cnewbl.477973@guest.booking.com,+44 7525 444019,,"Non-Smoking  Breakfast costs GBP12.50 per person per night. Children and Extra Bed Policy: Children of any age are allowed. You haven't added any cots. You haven't added any extra beds. The maximum number of guests is 3.  Deposit Policy: The guest will be charged a prepayment of the total price of the reservation at any time.  Cancellation Policy: The guest can cancel free of charge until 5 days before arrival. The guest will be charged the total price of the reservation if they cancel in the 5 days before arrival.  payment_on_Booking.com (Payout type: BankTransfer)  ** THIS RESERVATION HAS BEEN PRE-PAID ** BOOKING NOTE : Payment charge is GBP 5.216 1 hairless dog. Aware of additonal fees. Can we book carpark. Registration to follow.  Genius Booker ",,,,,"2026-09-08",,,,
The Valley of Rocks Hotel,2026-09-14T17:14:04,846-669-944,UGN-224-074,6261932750,,Amy,Wellings,"2026-12-24","2026-12-27",3,Standard Double room Ensuite-Sea view,Base Rate,Room 51,,2,0,GBP,187.00,187.00,187.00,0.00,Online,Booking.com,Booking.com,On Account,Confirmed,,awelli.313461@guest.booking.com,+44 7506 464468,,"has requested room 33 as a double if posable closer to the date RAS Non-Smoking  Breakfast costs GBP12.50 per person per night. Children and Extra Bed Policy: Children of any age are allowed. You haven't added any cots. You haven't added any extra beds. The maximum number of guests is 2.  Deposit Policy: The guest will be charged a prepayment of the total price of the reservation at any time.  Cancellation Policy: The guest can cancel free of charge until 5 days before arrival. The guest will be charged the total price of the reservation if they cancel in the 5 days before arrival.  payment_on_Booking.com (Payout type: BankTransfer)  ** THIS RESERVATION HAS BEEN PRE-PAID ** Room 33 if available please BOOKING NOTE : Payment charge is GBP 2.992  Genius Booker ",,,,,"2026-09-14",,,,
Harbour Stays,2026-09-01T12:51:14,863-824-211,VSO-406-142,6302311185,,Richard,Pope,"2026-12-24","2026-12-27",3,Standard Triple Ensuite,Base Rate,Room 15 - 2nd F - 3S Bed,,2,1,GBP,243.00,See 601-618-561,243.00,0.00,Online,Booking.com,Booking.com,On Account,Confirmed,,rpope.483090@guest.booking.com,+44 7494 207281,,"Group: 7 x Adult, 4 x Child  Child Ages: 3  Genius Rate  Non-Smoking  Promos: Mobile(App) Rate  There is no meal option with this room. Children and Extra Bed Policy: Children of any age are allowed. You haven't added any cots. You haven't added any extra beds. The maximum number of guests is 2.  Deposit Policy: The guest will be charged a prepayment of the total price of the reservation at any time.  Cancellation Policy: The guest can cancel free of charge until 7 days before arrival. The guest will be charged the total price of the reservation if they cancel in the 7 days before arrival.  payment_on_Booking.com (Payout type: BankTransfer)  ** THIS RESERVATION HAS BEEN PRE-PAID ** BOOKING NOTE : Payment charge is GBP 10.73088  Genius Booker ",,,,,"2026-09-01",,,,
Granby Hotel,2026-08-22T16:11:47,094-050-454,CHO-396-535,6119675240,,Nicola,Parkin,"2026-12-26","2026-12-27",1,Standard Double,,Room 1A,,1,0,GBP,0.00,0.00,0.00,0.00,Online,Booking.com,Booking.com,On Account,Canceled,,nparki.427886@guest.booking.com,+44 7876 888749,,"Group: 2 x Adult, 0 x Child  Genius Rate  Non-Smoking  Promos: Mobile(App) Rate  There is no meal option with this room. Children and Extra Bed Policy: Children of any age are allowed. You haven't added any cots. You haven't added any extra beds. The maximum number of guests is 2.  Deposit Policy: The guest will be charged a prepayment of the total price of the reservation at any time.  Cancellation Policy: The guest can cancel free of charge until 2 days before arrival. The guest will be charged the total price of the reservation if they cancel in the 2 days before arrival.  payment_on_Booking.com (Payout type: BankTransfer)  ** THIS RESERVATION HAS BEEN PRE-PAID ** BOOKING NOTE : Payment charge is GBP 1.38656  Genius Booker ",,,,,"2026-08-22",,,,
Granby Hotel,2026-08-22T16:11:47,315-432-042,CHO-396-535,6119675240,,Nicola,Parkin,"2026-12-26","2026-12-27",1,Standard Double,,Room 9,,1,0,GBP,0.00,See 094-050-454,0.00,0.00,Online,Booking.com,Booking.com,On Account,Canceled,,nparki.427886@guest.booking.com,+44 7876 888749,,"Group: 2 x Adult, 0 x Child  Genius Rate  Non-Smoking  Promos: Mobile(App) Rate  There is no meal option with this room. Children and Extra Bed Policy: Children of any age are allowed. You haven't added any cots. You haven't added any extra beds. The maximum number of guests is 2.  Deposit Policy: The guest will be charged a prepayment of the total price of the reservation at any time.  Cancellation Policy: The guest can cancel free of charge until 2 days before arrival. The guest will be charged the total price of the reservation if they cancel in the 2 days before arrival.  payment_on_Booking.com (Payout type: BankTransfer)  ** THIS RESERVATION HAS BEEN PRE-PAID ** BOOKING NOTE : Payment charge is GBP 1.38656  Genius Booker ",,,,,"2026-08-22",,,,
The Valley of Rocks Hotel,2026-08-20T12:23:38,018-316-411,UTL-455-861,5792872012,,Polok,Jacek,"2026-12-27","2026-12-28",1,Standard  Double room Ensuite,Base Rate,Room 50,,2,0,GBP,54.00,133.00,54.00,0.00,Online,Booking.com,Booking.com,On Account,Confirmed,,pjacek.710975@guest.booking.com,+44 7555 297947,,"Group: 4 x Adult, 1 x Child  Non-Smoking  Breakfast costs GBP12.50 per person per night. Children and Extra Bed Policy: Children of any age are allowed. You haven't added any cots. You haven't added any extra beds. The maximum number of guests is 3.  Deposit Policy: The guest will be charged a prepayment of the total price of the reservation at any time.  Cancellation Policy: The guest can cancel free of charge until 5 days before arrival. The guest will be charged the total price of the reservation if they cancel in the 5 days before arrival.  payment_on_Booking.com (Payout type: BankTransfer)  ** THIS RESERVATION HAS BEEN PRE-PAID ** Approximate time of arrival: between 16:00 and 17:00 BOOKING NOTE : Payment charge is GBP 2.128  Genius Booker ",,,,,"2026-08-20",,,,
Sea Side Hotel,2026-01-02T18:41:21,223-009-351,CYO-403-477,6163815913,,Callum,Oehme,"2026-12-27","2027-01-02",6,Sea view-Triple room-Ensuite,,R108,,3,0,GBP,0.00,0.00,0.00,0.00,Online,Booking.com,Booking.com,On Account,Canceled,,coehme.278000@guest.booking.com,+44 7957 430311,,"Genius Rate  Non-Smoking  There is no meal option with this room. Children and Extra Bed Policy: Children of any age are allowed. You haven't added any cots. You haven't added any extra beds. The maximum number of guests is 3.  Deposit Policy: The guest will be charged a prepayment of the total price of the reservation at any time.  Cancellation Policy: The guest can cancel free of charge until 7 days before arrival. The guest will be charged the total price of the reservation if they cancel in the 7 days before arrival.  payment_on_Booking.com (Payout type: BankTransfer)  ** THIS RESERVATION HAS BEEN PRE-PAID ** BOOKING NOTE : Payment charge is GBP 7.4256  Genius Booker ",,,,,"2026-01-02",,,,
Sea Side Hotel,2026-08-03T14:37:49,298-312-481,QDU-035-535,6067614551,,Laura,Rowney,"2026-12-27","2026-12-30",3,Standard-Quad room-Ensuite,Base Rate,R305,,2,2,GBP,136.18,136.18,136.18,0.00,Online,Booking.com,Booking.com,On Account,Confirmed,,lrowne.696690@guest.booking.com,+44 7860 251478,,"Child Ages: 14, 8  Genius Rate  Non-Smoking  Promos: Domestic  There is no meal option with this room. Children and Extra Bed Policy: Children of any age are allowed. You haven't added any cots. You haven't added any extra beds. The maximum number of guests is 4.  Deposit Policy: The guest will be charged a prepayment of the total price of the reservation at any time.  Cancellation Policy: The guest can cancel free of charge until 7 days before arrival. The guest will be charged the total price of the reservation if they cancel in the 7 days before arrival.  payment_on_Booking.com (Payout type: BankTransfer)  ** THIS RESERVATION HAS BEEN PRE-PAID ** Approximate time of arrival: between 14:00 and 15:00 BOOKING NOTE : Payment charge is GBP 2.17888  Genius Booker ",,,,,"2026-08-03",,,,
The Valley of Rocks Hotel,2026-05-14T21:45:47,358-332-461,YSS-198-220,5074693736,,Huw,Jones,"2026-12-27","2026-12-29",2,Standard Double room Ensuite-Sea view,Base Rate,Room 51,,2,0,GBP,118.00,118.00,118.00,0.00,Online,Booking.com,Booking.com,On Account,Confirmed,,hjones.335457@guest.booking.com,+44 7715 330943,,"Non-Smoking  There is no meal option with this room. Children and Extra Bed Policy: Children of any age are allowed. You haven't added any cots. You haven't added any extra beds. The maximum number of guests is 2.  Deposit Policy: The guest will be charged a prepayment of the total price of the reservation at any time.  Cancellation Policy: The guest can cancel free of charge until 5 days before arrival. The guest will be charged the total price of the reservation if they cancel in the 5 days before arrival.  payment_on_Booking.com (Payout type: BankTransfer)  ** THIS RESERVATION HAS BEEN PRE-PAID ** BOOKING NOTE : Payment charge is GBP 1.888  Genius Booker ",,,,,"2026-05-14",,,,
The Valley of Rocks Hotel,2026-08-20T12:23:38,823-416-284,UTL-455-861,5792872012,,Polok,Jacek,"2026-12-27","2026-12-28",1,Standard Family room Ensuite,Base Rate,Room 15,,2,1,GBP,79.00,See 018-316-411,79.00,0.00,Online,Booking.com,Booking.com,On Account,Confirmed,,pjacek.710975@guest.booking.com,+44 7555 297947,,"Group: 4 x Adult, 1 x Child  Child Ages: 10  Non-Smoking  Breakfast costs GBP12.50 per person per night. Children and Extra Bed Policy: Children of any age are allowed. You haven't added any cots. You haven't added any extra beds. The maximum number of guests is 3.  Deposit Policy: The guest will be charged a prepayment of the total price of the reservation at any time.  Cancellation Policy: The guest can cancel free of charge until 5 days before arrival. The guest will be charged the total price of the reservation if they cancel in the 5 days before arrival.  payment_on_Booking.com (Payout type: BankTransfer)  ** THIS RESERVATION HAS BEEN PRE-PAID ** Approximate time of arrival: between 16:00 and 17:00 BOOKING NOTE : Payment charge is GBP 2.128  Genius Booker ",,,,,"2026-08-20",,,,
Granby Hotel,2026-03-19T19:30:05,838-322-394,BMR-814-700,5910911865,,Brett,Banton,"2026-12-27","2026-12-29",2,Standard Double,,Room 21,,2,0,GBP,0.00,0.00,0.00,0.00,Online,Booking.com,Booking.com,On Account,Canceled,,bbanto.215876@guest.booking.com,+44 7967642635,,"Genius Rate  Non-Smoking  Promos: Mobile(App) Rate  There is no meal option with this room. Children and Extra Bed Policy: Children of any age are allowed. You haven't added any cots. You haven't added any extra beds. The maximum number of guests is 2.  Deposit Policy: The guest will be charged a prepayment of the total price of the reservation at any time.  Cancellation Policy: The guest can cancel free of charge until 2 days before arrival. The guest will be charged the total price of the reservation if they cancel in the 2 days before arrival.  payment_on_Booking.com (Payout type: BankTransfer)  ** THIS RESERVATION HAS BEEN PRE-PAID ** BOOKING NOTE : Payment charge is GBP 1.19808  Genius Booker ",,,,,"2026-03-19",,,,
The Valley of Rocks Hotel,2026-07-26T12:10:44,366-889-424,NUX-522-594,5666684339,,Steve,Farley,"2026-12-28","2026-12-29",1,Standard Twin room Ensuite,Base Rate,Room 10,,1,1,GBP,53.10,145.80,53.10,0.00,Online,Booking.com,Booking.com,On Account,Confirmed,,sfarle.533865@guest.booking.com,+61 434 151 086,,"Group: 3 x Adult, 2 x Child  Child Ages: 15  Non-Smoking  Promos: International  Breakfast costs GBP12.50 per person per night. Children and Extra Bed Policy: Children of any age are allowed. You haven't added any cots. You haven't added any extra beds. The maximum number of guests is 2.  Deposit Policy: The guest will be charged a prepayment of the total price of the reservation at any time.  Cancellation Policy: The guest can cancel free of charge until 5 days before arrival. The guest will be charged the total price of the reservation if they cancel in the 5 days before arrival.  payment_on_Booking.com (Payout type: BankTransfer)  ** THIS RESERVATION HAS BEEN PRE-PAID ** BOOKING NOTE : Payment charge is GBP 2.3328  Genius Booker ",,,,,"2026-07-26",,,,
Sea Side Hotel,2026-06-04T21:09:22,409-503-342,BBU-752-623,6664639265,,Tim,Ryall,"2026-12-28","2027-01-04",7,Standard-Single room-Ensuite,Base Rate,R103,,1,0,GBP,253.56,253.56,253.56,0.00,Online,Booking.com,Booking.com,On Account,Confirmed,,tryall.959343@guest.booking.com,+44 7960 046184,,"Genius Rate  Non-Smoking  Promos: Domestic  There is no meal option with this room. Children and Extra Bed Policy: Children of any age are allowed. You haven't added any cots. You haven't added any extra beds. The maximum number of guests is 1.  Deposit Policy: The guest will be charged a prepayment of the total price of the reservation at any time.  Cancellation Policy: The guest can cancel free of charge until 7 days before arrival. The guest will be charged the total price of the reservation if they cancel in the 7 days before arrival.  payment_on_Booking.com (Payout type: BankTransfer)  ** THIS RESERVATION HAS BEEN PRE-PAID ** BOOKING NOTE : Payment charge is GBP 4.05696  Genius Booker ",,,,,"2026-06-04",,,,
The Valley of Rocks Hotel,2026-07-26T12:10:44,451-318-804,NUX-522-594,5666684339,,Steve,Farley,"2026-12-28","2026-12-29",1,Standard  Double room Ensuite,Base Rate,Room 50,,1,1,GBP,48.60,See 366-889-424,48.60,0.00,Online,Booking.com,Booking.com,On Account,Confirmed,,sfarle.533865@guest.booking.com,+61 434 151 086,,"Group: 3 x Adult, 2 x Child  Child Ages: 17  Non-Smoking  Promos: International  Breakfast costs GBP12.50 per person per night. Children and Extra Bed Policy: Children of any age are allowed. You haven't added any cots. You haven't added any extra beds. The maximum number of guests is 2.  Deposit Policy: The guest will be charged a prepayment of the total price of the reservation at any time.  Cancellation Policy: The guest can cancel free of charge until 5 days before arrival. The guest will be charged the total price of the reservation if they cancel in the 5 days before arrival.  payment_on_Booking.com (Payout type: BankTransfer)  ** THIS RESERVATION HAS BEEN PRE-PAID ** BOOKING NOTE : Payment charge is GBP 2.3328  Genius Booker ",,,,,"2026-07-26",,,,
Sea Side Hotel,2026-01-04T02:31:44,611-199-401,ERT-099-494,5742499529,,Nathan,Wood,"2026-12-28","2027-01-02",5,Standard-Quad room-Ensuite,,R305,,2,2,GBP,0.00,0.00,0.00,0.00,Online,Booking.com,Booking.com,On Account,Canceled,,nwood.240005@guest.booking.com,+44 7376 532455,,"Child Ages: 10, 8  Genius Rate  Non-Smoking  Promos: Domestic  There is no meal option with this room. Children and Extra Bed Policy: Children of any age are allowed. You haven't added any cots. You haven't added any extra beds. The maximum number of guests is 4.  Deposit Policy: The guest will be charged a prepayment of the total price of the reservation at any time.  Cancellation Policy: The guest can cancel free of charge until 7 days before arrival. The guest will be charged the total price of the reservation if they cancel in the 7 days before arrival.  payment_on_Booking.com (Payout type: BankTransfer)  ** THIS RESERVATION HAS BEEN PRE-PAID ** BOOKING NOTE : Payment charge is GBP 6.74448  Genius Booker ",,,,,"2026-01-04",,,,
The Valley of Rocks Hotel,2026-07-26T12:10:44,615-193-201,NUX-522-594,5666684339,,Steve,Farley,"2026-12-28","2026-12-29",1,Standard Single room Ensuite,Base Rate,Room 14,,1,0,GBP,44.10,See 366-889-424,44.10,0.00,Online,Booking.com,Booking.com,On Account,Confirmed,,sfarle.533865@guest.booking.com,+61 434 151 086,,"Group: 3 x Adult, 2 x Child  Non-Smoking  Promos: International  Breakfast costs GBP12.50 per person per night. Children and Extra Bed Policy: Children of any age are allowed. You haven't added any cots. You haven't added any extra beds. The maximum number of guests is 2.  Deposit Policy: The guest will be charged a prepayment of the total price of the reservation at any time.  Cancellation Policy: The guest can cancel free of charge until 5 days before arrival. The guest will be charged the total price of the reservation if they cancel in the 5 days before arrival.  payment_on_Booking.com (Payout type: BankTransfer)  ** THIS RESERVATION HAS BEEN PRE-PAID ** BOOKING NOTE : Payment charge is GBP 2.3328  Genius Booker ",,,,,"2026-07-26",,,,
Granby Hotel,2026-05-21T11:18:47,851-395-041,FGX-177-415,5378747394,,Townend,Ben,"2026-12-28","2026-12-30",2,Single Shared Bathroom,,Room 16,,1,0,GBP,0.00,0.00,0.00,0.00,Online,Booking.com,Booking.com,On Account,Canceled,,tben.586428@guest.booking.com,+44 7483 291894,,"Genius Rate  Non-Smoking  Promos: Mobile(App) Rate  There is no meal option with this room. Children and Extra Bed Policy: Children of any age are allowed. You haven't added any cots. You haven't added any extra beds. The maximum number of guests is 1.  Deposit Policy: The guest will be charged a prepayment of the total price of the reservation at any time.  Cancellation Policy: The guest can cancel free of charge until 2 days before arrival. The guest will be charged the total price of the reservation if they cancel in the 2 days before arrival.  payment_on_Booking.com (Payout type: BankTransfer)  ** THIS RESERVATION HAS BEEN PRE-PAID ** BOOKING NOTE : Payment charge is GBP 1.01088  Genius Booker ",,,,,"2026-05-21",,,,
The Valley of Rocks Hotel,2026-08-04T13:36:58,125-064-332,OAW-975-204,5814725263,,Martin,Young,"2026-12-30","2027-01-02",3,Superior Double room Ensuite,Base Rate,Room 22,,2,0,GBP,197.00,197.00,197.00,0.00,Online,Booking.com,Booking.com,On Account,Confirmed,,myoung.365781@guest.booking.com,+44 7581 684532,,"Non-Smoking  Breakfast costs GBP12.50 per person per night. Children and Extra Bed Policy: Children of any age are allowed. You haven't added any cots. You haven't added any extra beds. The maximum number of guests is 2.  Deposit Policy: The guest will be charged a prepayment of the total price of the reservation at any time.  Cancellation Policy: The guest can cancel free of charge until 5 days before arrival. The guest will be charged the total price of the reservation if they cancel in the 5 days before arrival.  payment_on_Booking.com (Payout type: BankTransfer)  ** THIS RESERVATION HAS BEEN PRE-PAID ** BOOKING NOTE : Payment charge is GBP 3.152  Genius Booker ",,,,,"2026-08-04",,,,
Granby Hotel,2026-05-10T20:40:16,222-823-614,CPV-326-400,6912448325,,catherine,Deakin,"2026-12-30","2027-01-01",2,Standard Double,Base Rate,Room 1A,,2,0,GBP,94.10,94.10,94.10,0.00,Online,Booking.com,Booking.com,On Account,Confirmed,,cdeaki.227700@guest.booking.com,+44 7517 263365,,"Genius Rate  Non-Smoking  Promos: Mobile(App) Rate  There is no meal option with this room. Children and Extra Bed Policy: Children of any age are allowed. You haven't added any cots. You haven't added any extra beds. The maximum number of guests is 2.  Deposit Policy: The guest will be charged a prepayment of the total price of the reservation at any time.  Cancellation Policy: The guest can cancel free of charge until 2 days before arrival. The guest will be charged the total price of the reservation if they cancel in the 2 days before arrival.  payment_on_Booking.com (Payout type: BankTransfer)  ** THIS RESERVATION HAS BEEN PRE-PAID ** BOOKING NOTE : Payment charge is GBP 1.5056  Genius Booker ",,,,,"2026-05-10",,,,
Granby Hotel,2026-03-23T22:44:22,364-009-554,PHC-567-825,5225979546,,Robert,James,"2026-12-30","2027-01-02",3,Standard Single,Base Rate,Room 2,,1,0,GBP,137.70,137.70,137.70,0.00,Online,Booking.com,Booking.com,On Account,Confirmed,,jrober.792834@guest.booking.com,+44 1484 328469,,"Genius Rate  Non-Smoking  There is no meal option with this room. Children and Extra Bed Policy: Children of any age are allowed. You haven't added any cots. You haven't added any extra beds. The maximum number of guests is 1.  Deposit Policy: The guest will be charged a prepayment of the total price of the reservation at any time.  Cancellation Policy: The guest can cancel free of charge until 2 days before arrival. The guest will be charged the total price of the reservation if they cancel in the 2 days before arrival.  payment_on_Booking.com (Payout type: BankTransfer)  ** THIS RESERVATION HAS BEEN PRE-PAID ** BOOKING NOTE : Payment charge is GBP 2.2032  Genius Booker ",,,,,"2026-03-23",,,,
Harbour Stays,2026-06-06T19:27:08,468-400-864,YFL-405-214,6504664143,,Danielle,Grindle,"2026-12-30","2027-01-02",3,Three  Bedroom-Apartment-Private Bathroom,Base Rate,Flat 3 ,,1,5,GBP,319.14,574.14,319.14,0.00,Online,Booking.com,Booking.com,On Account,Confirmed,,dgrind.496407@guest.booking.com,+44 7519 416496,,"Group: 2 x Adult, 7 x Child  Child Ages: 10, 12, 13, 3, 7  Genius Rate  Non-Smoking  There is no meal option with this room. Children and Extra Bed Policy: Children of any age are allowed. You haven't added any cots. You haven't added any extra beds. The maximum number of guests is 3.  Deposit Policy: The guest will be charged a prepayment of the total price of the reservation at any time.  Cancellation Policy: The guest can cancel free of charge until 7 days before arrival. The guest will be charged the total price of the reservation if they cancel in the 7 days before arrival.  payment_on_Booking.com (Payout type: BankTransfer)  ** THIS RESERVATION HAS BEEN PRE-PAID ** BOOKING NOTE : Payment charge is GBP 9.18624  Genius Booker ",,,,,"2026-06-06",,,,
Granby Hotel,2026-04-09T12:31:36,619-196-942,HSP-686-404,5491846763,,rita,riley,"2026-12-30","2027-01-02",3,Standard Single,,Room 8,,1,0,GBP,0.00,0.00,0.00,0.00,Online,Booking.com,Booking.com,On Account,Canceled,,rriley.384416@guest.booking.com,+44 7379 538664,,"Genius Rate  Non-Smoking  Promos: Mobile(App) Rate  There is no meal option with this room. Children and Extra Bed Policy: Children of any age are allowed. You haven't added any cots. You haven't added any extra beds. The maximum number of guests is 1.  Deposit Policy: The guest will be charged a prepayment of the total price of the reservation at any time.  Cancellation Policy: The guest can cancel free of charge until 2 days before arrival. The guest will be charged the total price of the reservation if they cancel in the 2 days before arrival.  payment_on_Booking.com (Payout type: BankTransfer)  ** THIS RESERVATION HAS BEEN PRE-PAID ** BOOKING NOTE : Payment charge is GBP 1.76256  Genius Booker ",,,,,"2026-04-09",,,,
Granby Hotel,2026-02-06T13:34:51,665-214-444,UYS-846-372,6234254133,,Catherine,Deakin,"2026-12-30","2027-01-01",2,Standard Double,Base Rate,Room 3,,2,0,GBP,89.51,89.51,89.51,0.00,Online,Booking.com,Booking.com,On Account,Confirmed,,cdeaki.973524@guest.booking.com,+44 7517 263365,,"Genius Rate  Non-Smoking  Promos: Mobile(App) Rate  There is no meal option with this room. Children and Extra Bed Policy: Children of any age are allowed. You haven't added any cots. You haven't added any extra beds. The maximum number of guests is 2.  Deposit Policy: The guest will be charged a prepayment of the total price of the reservation at any time.  Cancellation Policy: The guest can cancel free of charge until 2 days before arrival. The guest will be charged the total price of the reservation if they cancel in the 2 days before arrival.  payment_on_Booking.com (Payout type: BankTransfer)  ** THIS RESERVATION HAS BEEN PRE-PAID ** BOOKING NOTE : Payment charge is GBP 1.43216  Genius Booker ",,,,,"2026-02-06",,,,
The Valley of Rocks Hotel,2026-05-31T00:04:35,691-259-902,GTL-384-917,6000201653,,John,Burton,"2026-12-30","2027-01-01",2,Standard Single room Ensuite,Base Rate,Room 14,,1,0,GBP,98.00,98.00,98.00,0.00,Online,Booking.com,Booking.com,On Account,Confirmed,,jburto.636888@guest.booking.com,+44 7734 256639,,"Non-Smoking  Breakfast costs GBP12.50 per person per night. Children and Extra Bed Policy: Children of any age are allowed. You haven't added any cots. You haven't added any extra beds. The maximum number of guests is 1.  Deposit Policy: The guest will be charged a prepayment of the total price of the reservation at any time.  Cancellation Policy: The guest can cancel free of charge until 5 days before arrival. The guest will be charged the total price of the reservation if they cancel in the 5 days before arrival.  payment_on_Booking.com (Payout type: BankTransfer)  ** THIS RESERVATION HAS BEEN PRE-PAID ** Approximate time of arrival: between 15:00 and 16:00 Please can I book a parking space for my car for both nights? I understand there is a small additional charge for this. Thanks, John BOOKING NOTE : Payment charge is GBP 1.568  Genius Booker ",,,,,"2026-05-30",,,,
Granby Hotel,2025-10-02T07:14:07,692-416-012,WJU-186-302,6429205355,,rita,riley,"2026-12-30","2026-12-31",1,Standard Single,,Room 8,,1,0,GBP,0.00,0.00,0.00,0.00,Online,Booking.com,Booking.com,On Account,Canceled,,rriley.930684@guest.booking.com,+44 7379 538664,,"Genius Rate  Non-Smoking  Promos: Mobile(App) Rate  There is no meal option with this room. Children and Extra Bed Policy: Children of any age are allowed. You haven't added any cots. You haven't added any extra beds. The maximum number of guests is 1.  Deposit Policy: The guest will be charged a prepayment of the total price of the reservation at any time.  Cancellation Policy: The guest can cancel free of charge until 2 days before arrival. The guest will be charged the total price of the reservation if they cancel in the 2 days before arrival.  payment_on_Booking.com (Payout type: BankTransfer)  ** THIS RESERVATION HAS BEEN PRE-PAID ** BOOKING NOTE : Payment charge is GBP 0.4608  Genius Booker ",,,,,"2025-10-02",,,,
Granby Hotel,2026-05-22T16:28:09,810-030-004,MPU-392-964,5584232327,,Joanne,Leonard,"2026-12-30","2027-01-02",3,Standard Twin,Base Rate,Room 12,,2,0,GBP,135.41,135.41,135.41,0.00,Online,Booking.com,Booking.com,On Account,Confirmed,,jleona.475858@guest.booking.com,+44 7791 488600,,"Guest requested lower floor   Genius Rate  Non-Smoking  Promos: Mobile(App) Rate  There is no meal option with this room. Children and Extra Bed Policy: Children of any age are allowed. You haven't added any cots. You haven't added any extra beds. The maximum number of guests is 2.  Deposit Policy: The guest will be charged a prepayment of the total price of the reservation at any time.  Cancellation Policy: The guest can cancel free of charge until 2 days before arrival. The guest will be charged the total price of the reservation if they cancel in the 2 days before arrival.  payment_on_Booking.com (Payout type: BankTransfer)  ** THIS RESERVATION HAS BEEN PRE-PAID ** BOOKING NOTE : Payment charge is GBP 2.16656  Genius Booker ",,,,,"2026-05-22",,,disabled Do not move from gorund floor,
Sea Side Hotel,2026-05-29T19:42:32,819-334-502,DYC-227-878,6805473791,,Antony,Benn,"2026-12-30","2027-01-03",4,Standard-Double room-Ensuite,Base Rate,R215,,2,0,GBP,165.68,165.68,165.68,0.00,Online,Booking.com,Booking.com,On Account,Confirmed,,abenn.807549@guest.booking.com,+44 7399 659733,,"Genius Rate  Non-Smoking  Promos: Domestic  There is no meal option with this room. Children and Extra Bed Policy: Children of any age are allowed. You haven't added any cots. You haven't added any extra beds. The maximum number of guests is 2.  Deposit Policy: The guest will be charged a prepayment of the total price of the reservation at any time.  Cancellation Policy: The guest can cancel free of charge until 7 days before arrival. The guest will be charged the total price of the reservation if they cancel in the 7 days before arrival.  payment_on_Booking.com (Payout type: BankTransfer)  ** THIS RESERVATION HAS BEEN PRE-PAID ** BOOKING NOTE : Payment charge is GBP 2.65088  Genius Booker ",,,,,"2026-05-29",,,,
Harbour Stays,2026-06-06T19:27:08,839-310-862,YFL-405-214,6504664143,,Danielle,Grindle,"2026-12-30","2027-01-02",3,Standard Triple Ensuite,Base Rate,Room 15 - 2nd F - 3S Bed,,1,2,GBP,255.00,See 468-400-864,255.00,0.00,Online,Booking.com,Booking.com,On Account,Confirmed,,dgrind.496407@guest.booking.com,+44 7519 416496,,"Group: 2 x Adult, 7 x Child  Child Ages: 14, 17  Genius Rate  Non-Smoking  There is no meal option with this room. Children and Extra Bed Policy: Children of any age are allowed. You haven't added any cots. You haven't added any extra beds. The maximum number of guests is 3.  Deposit Policy: The guest will be charged a prepayment of the total price of the reservation at any time.  Cancellation Policy: The guest can cancel free of charge until 7 days before arrival. The guest will be charged the total price of the reservation if they cancel in the 7 days before arrival.  payment_on_Booking.com (Payout type: BankTransfer)  ** THIS RESERVATION HAS BEEN PRE-PAID ** BOOKING NOTE : Payment charge is GBP 9.18624  Genius Booker ",,,,,"2026-06-06",,,,
Granby Hotel,2026-08-03T18:38:26,894-344-641,OQK-449-844,6067615277,,Hunter,charlie,"2026-12-30","2027-01-03",4,Standard Double,Base Rate,Room 1,,2,0,GBP,184.23,184.23,184.23,0.00,Online,Booking.com,Booking.com,On Account,Confirmed,,hcharl.999135@guest.booking.com,+44 7879 099850,,"Genius Rate  Non-Smoking  Promos: Mobile(App) Rate  There is no meal option with this room. Children and Extra Bed Policy: Children of any age are allowed. You haven't added any cots. You haven't added any extra beds. The maximum number of guests is 2.  Deposit Policy: The guest will be charged a prepayment of the total price of the reservation at any time.  Cancellation Policy: The guest can cancel free of charge until 2 days before arrival. The guest will be charged the total price of the reservation if they cancel in the 2 days before arrival.  payment_on_Booking.com (Payout type: BankTransfer)  ** THIS RESERVATION HAS BEEN PRE-PAID ** BOOKING NOTE : Payment charge is GBP 2.94768  Genius Booker ",,,,,"2026-08-03",,,,
Granby Hotel,2025-12-30T00:06:56,895-232-294,GZH-962-346,5832455620,,Benton,Paul,"2026-12-30","2026-12-31",1,Standard Single,,Room 8,,1,0,GBP,0.00,0.00,0.00,0.00,Online,Booking.com,Booking.com,On Account,Canceled,,bpaul.576718@guest.booking.com,+44 7884936179,,"Genius Rate  Non-Smoking  Promos: Mobile(App) Rate  There is no meal option with this room. Children and Extra Bed Policy: Children of any age are allowed. You haven't added any cots. You haven't added any extra beds. The maximum number of guests is 1.  Deposit Policy: The guest will be charged a prepayment of the total price of the reservation at any time.  Cancellation Policy: The guest can cancel free of charge until 2 days before arrival. The guest will be charged the total price of the reservation if they cancel in the 2 days before arrival.  payment_on_Booking.com (Payout type: BankTransfer)  ** THIS RESERVATION HAS BEEN PRE-PAID ** BOOKING NOTE : Payment charge is GBP 0.4896  Genius Booker ",,,,,"2025-12-30",,,,
Granby Hotel,2026-06-06T08:38:00,916-625-934,SAH-237-833,5366663533,,rita,riley,"2026-12-30","2026-12-31",1,Standard Single,Base Rate,Room 17,,1,0,GBP,36.00,36.00,36.00,0.00,Online,Booking.com,Booking.com,On Account,Confirmed,,rriley.373465@guest.booking.com,+44 7379 538664,,"Genius Rate  Non-Smoking  Promos: Mobile(App) Rate  There is no meal option with this room. Children and Extra Bed Policy: Children of any age are allowed. You haven't added any cots. You haven't added any extra beds. The maximum number of guests is 1.  Deposit Policy: The guest will be charged a prepayment of the total price of the reservation at any time.  Cancellation Policy: The guest can cancel free of charge until 2 days before arrival. The guest will be charged the total price of the reservation if they cancel in the 2 days before arrival.  payment_on_Booking.com (Payout type: BankTransfer)  ** THIS RESERVATION HAS BEEN PRE-PAID ** BOOKING NOTE : Payment charge is GBP 0.576  Genius Booker ",,,,,"2026-06-06",,,,
Granby Hotel,2026-01-16T18:24:29,929-359-384,FDG-878-883,6736715170,,Shaun,Oakley,"2026-12-30","2027-01-02",3,Standard Double,Base Rate,Room 21,,2,0,GBP,118.58,118.58,118.58,0.00,Online,Booking.com,Booking.com,On Account,Confirmed,,soakle.318810@guest.booking.com,+44 7724 391995,,"Genius Rate  Non-Smoking  Promos: Mobile(App) Rate  There is no meal option with this room. Children and Extra Bed Policy: Children of any age are allowed. You haven't added any cots. You haven't added any extra beds. The maximum number of guests is 2.  Deposit Policy: The guest will be charged a prepayment of the total price of the reservation at any time.  Cancellation Policy: The guest can cancel free of charge until 2 days before arrival. The guest will be charged the total price of the reservation if they cancel in the 2 days before arrival.  payment_on_Booking.com (Payout type: BankTransfer)  ** THIS RESERVATION HAS BEEN PRE-PAID ** BOOKING NOTE : Payment charge is GBP 1.89728  Genius Booker ",,,,,"2026-01-16",,,,
Sea Side Hotel,2026-05-14T18:02:42,993-942-532,MRT-094-267,6469935045,,Mark,Roper,"2026-12-30","2027-01-01",2,Standard-Quad room-Ensuite,Base Rate,R305,,2,2,GBP,98.52,98.52,98.52,0.00,Online,Booking.com,Booking.com,On Account,Confirmed,,mroper.122669@guest.booking.com,+44 7783 886361,,"Child Ages: 15, 8  Genius Rate  Non-Smoking  Promos: Domestic  There is no meal option with this room. Children and Extra Bed Policy: Children of any age are allowed. You haven't added any cots. You haven't added any extra beds. The maximum number of guests is 4.  Deposit Policy: The guest will be charged a prepayment of the total price of the reservation at any time.  Cancellation Policy: The guest can cancel free of charge until 7 days before arrival. The guest will be charged the total price of the reservation if they cancel in the 7 days before arrival.  payment_on_Booking.com (Payout type: BankTransfer)  ** THIS RESERVATION HAS BEEN PRE-PAID ** BOOKING NOTE : Payment charge is GBP 1.57632  Genius Booker ",,,,,"2026-05-14",,,,
Sea Side Hotel,2026-01-01T09:50:51,009-669-294,NPY-990-567,6942934835,,,null,"2026-12-31","2027-01-01",1,Standard-Triple room-Ensuite,,R211,,1,2,GBP,0.00,0.00,0.00,0.00,Online,Booking.com,Booking.com,On Account,Canceled,,cwoffi.511354@guest.booking.com,+44 7512 730381,,"Group: 3 x Adult, 5 x Child  Child Ages: 13, 17  Genius Rate  Non-Smoking  Promos: Domestic  There is no meal option with this room. Children and Extra Bed Policy: Children of any age are allowed. You haven't added any cots. You haven't added any extra beds. The maximum number of guests is 4.  Deposit Policy: The guest will be charged a prepayment of the total price of the reservation at any time.  Cancellation Policy: The guest can cancel free of charge until 7 days before arrival. The guest will be charged the total price of the reservation if they cancel in the 7 days before arrival.  payment_on_Booking.com (Payout type: BankTransfer)  ** THIS RESERVATION HAS BEEN PRE-PAID ** BOOKING NOTE : Payment charge is GBP 2.97152  Genius Booker ",,,,,"2026-01-01",,,,
Sea Side Hotel,2026-08-15T19:08:18,018-619-454,CBV-489-259,6119709135,,Olivia,Charlesworth,"2026-12-31","2027-01-01",1,Standard-Double room-Ensuite,,R101,,2,0,GBP,0.00,0.00,0.00,0.00,Online,Booking.com,Booking.com,On Account,Canceled,,ocharl.802277@guest.booking.com,+44 7517 759522,,"Genius Rate  Non-Smoking  Promos: Early Booker Deal  There is no meal option with this room. Children and Extra Bed Policy: Children of any age are allowed. You haven't added any cots. You haven't added any extra beds. The maximum number of guests is 2.  Deposit Policy: The guest will be charged a prepayment of the total price of the reservation at any time.  Cancellation Policy: The guest can cancel free of charge until 7 days before arrival. The guest will be charged the total price of the reservation if they cancel in the 7 days before arrival.  payment_on_Booking.com (Payout type: BankTransfer)  ** THIS RESERVATION HAS BEEN PRE-PAID ** BOOKING NOTE : Payment charge is GBP 0.86672  Genius Booker ",,,,,"2026-08-15",,,,
Harbour Stays,2026-01-03T14:32:08,026-862-622,VTT-293-651,5317935008,,Sean,Gavagan,"2026-12-31","2027-01-02",2,Three Bedroom-Apartment-Sea view-Private Bathroom,Base Rate,Flat 4 ,,3,1,GBP,225.00,225.00,205.00,20.00,Online,Booking.com,Booking.com,On Account,Confirmed,,sgavag.365493@guest.booking.com,+44 7734 468492,,"Child Ages: 14  payment_on_Booking.com (Payout type: BankTransfer)  Non-Smoking  ** THIS RESERVATION HAS BEEN PRE-PAID ** BOOKING NOTE : Payment charge is GBP 3.6  Genius Booker  There is no meal option with this room. Children and Extra Bed Policy: Children of any age are allowed. You haven't added any cots. You haven't added any extra beds. The maximum number of guests is 5.  Deposit Policy: The guest will be charged a prepayment of the total price of the reservation at any time.  Cancellation Policy: The guest can cancel free of charge until 7 days before arrival. The guest will be charged the total price of the reservation if they cancel in the 7 days before arrival.",,,,,"2026-01-03",,,,
Granby Hotel,2026-08-08T14:46:56,048-663-942,MED-934-751,6889223917,,Pauline,Barratt,"2026-12-31","2027-01-02",2,Double Shared Bathroom,,Room 23,,2,0,GBP,0.00,0.00,0.00,0.00,Online,Booking.com,Booking.com,On Account,Canceled,,pbarra.397797@guest.booking.com,+44 7842 723683,,"Non-Smoking  Promos: Mobile(App) Rate  There is no meal option with this room. Children and Extra Bed Policy: Children of any age are allowed. You haven't added any cots. You haven't added any extra beds. The maximum number of guests is 2.  Deposit Policy: The guest will be charged a prepayment of the total price of the reservation at any time.  Cancellation Policy: The guest can cancel free of charge until 2 days before arrival. The guest will be charged the total price of the reservation if they cancel in the 2 days before arrival.  payment_on_Booking.com (Payout type: BankTransfer)  ** THIS RESERVATION HAS BEEN PRE-PAID ** BOOKING NOTE : Payment charge is GBP 1.512  Genius Booker ",,,,,"2026-08-08",,,,
The Valley of Rocks Hotel,2026-03-31T16:05:30,069-020-801,OYO-465-337,,,,KAREN MARSHFIELD,"2026-12-31","2027-01-02",2,Standard Double room Ensuite-Sea view,Base Rate,Room 17,,2,0,GBP,110.00,400.00,110.00,0.00,Direct,,,On Account,Confirmed,,KARENMARSHFIELD@AOL.COM,+447974047449,,,,,,,"2026-03-31",,,,
Granby Hotel,2026-09-08T18:23:55,204-822-012,PHS-047-824,6156711036,,Julia,Ayre Monteiro,"2026-12-31","2027-01-03",3,Standard Double,,Room 11,,2,0,GBP,0.00,0.00,0.00,0.00,Online,Booking.com,Booking.com,On Account,Canceled,,jmonte.326125@guest.booking.com,+44 7365 144684,,"Non-Smoking  Promos: Mobile(App) Rate  There is no meal option with this room. Children and Extra Bed Policy: Children of any age are allowed. You haven't added any cots. You haven't added any extra beds. The maximum number of guests is 2.  Deposit Policy: The guest will be charged a prepayment of the total price of the reservation at any time.  Cancellation Policy: The guest can cancel free of charge until 2 days before arrival. The guest will be charged the total price of the reservation if they cancel in the 2 days before arrival.  payment_on_Booking.com (Payout type: BankTransfer)  ** THIS RESERVATION HAS BEEN PRE-PAID ** BOOKING NOTE : Payment charge is GBP 2.3904  Genius Booker ",,,,,"2026-09-08",,,,
Harbour Stays,2026-01-03T14:39:12,214-248-902,ETV-189-319,6252795895,,Sean,Gavagan,"2026-12-31","2027-01-02",2,Sea view-Deluxe-Family-Duplex-Private Bathroom,Base Rate,Flat 7,,2,1,GBP,209.00,209.00,189.00,20.00,Online,Booking.com,Booking.com,On Account,Confirmed,,sgavag.120980@guest.booking.com,+44 7734 468492,,"Child Ages: 16  payment_on_Booking.com (Payout type: BankTransfer)  Non-Smoking  ** THIS RESERVATION HAS BEEN PRE-PAID ** BOOKING NOTE : Payment charge is GBP 3.344  Genius Booker  There is no meal option with this room. Children and Extra Bed Policy: Children of any age are allowed. You haven't added any cots. You haven't added any extra beds. The maximum number of guests is 5.  Deposit Policy: The guest will be charged a prepayment of the total price of the reservation at any time.  Cancellation Policy: The guest can cancel free of charge until 7 days before arrival. The guest will be charged the total price of the reservation if they cancel in the 7 days before arrival.",,,,,"2026-01-03",,,,
The Valley of Rocks Hotel,2026-03-31T16:05:30,218-925-084,OYO-465-337,,,,KAREN MARSHFIELD,"2026-12-31","2027-01-02",2,Standard Family room Ensuite,Base Rate,Room 4,,3,0,GBP,145.00,See 069-020-801,145.00,0.00,Direct,,,On Account,Confirmed,,KARENMARSHFIELD@AOL.COM,+447974047449,,,,,,,"2026-03-31",,,,
Harbour Stays,2026-01-02T14:28:05,222-180-312,LMU-553-757,6862773275,,Craig,Woffinden,"2026-12-31","2027-01-02",2,Two Bedroom-Apartment-Private Bathroom,,Flat 5,,2,3,GBP,0.00,0.00,0.00,0.00,Online,Booking.com,Booking.com,On Account,Canceled,,cwoffi.576782@guest.booking.com,+44 7512 730381,,"Group: 5 x Adult, 6 x Child  Child Ages: 11, 4, 5  payment_on_Booking.com (Payout type: BankTransfer)  Non-Smoking  ** THIS RESERVATION HAS BEEN PRE-PAID ** BOOKING NOTE : Payment charge is GBP 6.1616  Genius Booker  Genius Rate  There is no meal option with this room. Children and Extra Bed Policy: Children of any age are allowed. You haven't added any cots. You haven't added any extra beds. The maximum number of guests is 5.  Deposit Policy: The guest will be charged a prepayment of the total price of the reservation at any time.  Cancellation Policy: The guest can cancel free of charge until 7 days before arrival. The guest will be charged the total price of the reservation if they cancel in the 7 days before arrival.",,,,,"2026-01-02",,,,
Granby Hotel,2025-11-15T11:30:01,225-169-621,EXV-833-563,6614419976,,Benton,Paul,"2026-12-31","2027-01-03",3,Standard Single,,Room 8,,1,0,GBP,0.00,0.00,0.00,0.00,Online,Booking.com,Booking.com,On Account,Canceled,,bpaul.338806@guest.booking.com,+44 7884936179,,"Genius Rate  Non-Smoking  Promos: Mobile(App) Rate  There is no meal option with this room. Children and Extra Bed Policy: Children of any age are allowed. You haven't added any cots. You haven't added any extra beds. The maximum number of guests is 1.  Deposit Policy: The guest will be charged a prepayment of the total price of the reservation at any time.  Cancellation Policy: The guest can cancel free of charge until 2 days before arrival. The guest will be charged the total price of the reservation if they cancel in the 2 days before arrival.  payment_on_Booking.com (Payout type: BankTransfer)  ** THIS RESERVATION HAS BEEN PRE-PAID ** BOOKING NOTE : Payment charge is GBP 1.59136  Genius Booker ",,,,,"2025-11-15",,,,
The Valley of Rocks Hotel,2026-08-15T15:15:52,339-223-302,MIH-826-044,6616709129,,Grace,Barnett,"2026-12-31","2027-01-02",2,Superior Double room Ensuite,Base Rate,Room 21,,2,0,GBP,133.00,133.00,133.00,0.00,Online,Booking.com,Booking.com,On Account,Confirmed,,gbarne.470525@guest.booking.com,+44 7854 198537,,"Non-Smoking  Breakfast costs GBP12.50 per person per night. Children and Extra Bed Policy: Children of any age are allowed. You haven't added any cots. You haven't added any extra beds. The maximum number of guests is 2.  Deposit Policy: The guest will be charged a prepayment of the total price of the reservation at any time.  Cancellation Policy: The guest can cancel free of charge until 5 days before arrival. The guest will be charged the total price of the reservation if they cancel in the 5 days before arrival.  payment_on_Booking.com (Payout type: BankTransfer)  ** THIS RESERVATION HAS BEEN PRE-PAID ** BOOKING NOTE : Payment charge is GBP 2.128 Book a parking space please :)  Genius Booker ",,,,,"2026-08-15",,,,
Sea Side Hotel,2026-01-01T09:50:51,350-419-311,NPY-990-567,6942934835,,,null,"2026-12-31","2027-01-01",1,Standard-Single room-Ensuite,,R103,,1,0,GBP,0.00,See 009-669-294,0.00,0.00,Online,Booking.com,Booking.com,On Account,Canceled,,cwoffi.511354@guest.booking.com,+44 7512 730381,,"Group: 3 x Adult, 5 x Child  Genius Rate  Non-Smoking  Promos: Domestic  There is no meal option with this room. Children and Extra Bed Policy: Children of any age are allowed. You haven't added any cots. You haven't added any extra beds. The maximum number of guests is 4.  Deposit Policy: The guest will be charged a prepayment of the total price of the reservation at any time.  Cancellation Policy: The guest can cancel free of charge until 7 days before arrival. The guest will be charged the total price of the reservation if they cancel in the 7 days before arrival.  payment_on_Booking.com (Payout type: BankTransfer)  ** THIS RESERVATION HAS BEEN PRE-PAID ** BOOKING NOTE : Payment charge is GBP 2.97152  Genius Booker ",,,,,"2026-01-01",,,,
Granby Hotel,2026-07-30T09:47:05,469-634-852,DIM-934-891,5587605843,,Richard,Jenkins,"2026-12-31","2027-01-02",2,Standard Double,Base Rate,Room 9,,2,0,GBP,89.96,89.96,89.96,0.00,Online,Booking.com,Booking.com,On Account,Confirmed,,rjenki.160299@guest.booking.com,+49 1575 1580800,,"Genius Rate  Non-Smoking  Promos: Mobile(App) Rate  There is no meal option with this room. Children and Extra Bed Policy: Children of any age are allowed. You haven't added any cots. You haven't added any extra beds. The maximum number of guests is 2.  Deposit Policy: The guest will be charged a prepayment of the total price of the reservation at any time.  Cancellation Policy: The guest can cancel free of charge until 2 days before arrival. The guest will be charged the total price of the reservation if they cancel in the 2 days before arrival.  payment_on_Booking.com (Payout type: BankTransfer)  ** THIS RESERVATION HAS BEEN PRE-PAID ** BOOKING NOTE : Payment charge is GBP 1.43936  Genius Booker ",,,,,"2026-07-30",,,,
Sea Side Hotel,2026-01-01T09:50:51,483-036-844,NPY-990-567,6942934835,,,null,"2026-12-31","2027-01-01",1,Standard-Quad room-Ensuite,,R305,,1,3,GBP,0.00,See 009-669-294,0.00,0.00,Online,Booking.com,Booking.com,On Account,Canceled,,cwoffi.511354@guest.booking.com,+44 7512 730381,,"Group: 3 x Adult, 5 x Child  Child Ages: 11, 4, 5  Genius Rate  Non-Smoking  Promos: Domestic  There is no meal option with this room. Children and Extra Bed Policy: Children of any age are allowed. You haven't added any cots. You haven't added any extra beds. The maximum number of guests is 4.  Deposit Policy: The guest will be charged a prepayment of the total price of the reservation at any time.  Cancellation Policy: The guest can cancel free of charge until 7 days before arrival. The guest will be charged the total price of the reservation if they cancel in the 7 days before arrival.  payment_on_Booking.com (Payout type: BankTransfer)  ** THIS RESERVATION HAS BEEN PRE-PAID ** BOOKING NOTE : Payment charge is GBP 2.97152  Genius Booker ",,,,,"2026-01-01",,,,
Granby Hotel,2026-06-06T08:39:31,488-532-534,PVO-631-401,6891118509,,rita,riley,"2026-12-31","2027-01-01",1,Standard Single,Base Rate,Room 17,,1,0,GBP,40.32,40.32,40.32,0.00,Online,Booking.com,Booking.com,On Account,Confirmed,,rriley.427852@guest.booking.com,+44 7379 538664,,"Genius Rate  Non-Smoking  Promos: Mobile(App) Rate  There is no meal option with this room. Children and Extra Bed Policy: Children of any age are allowed. You haven't added any cots. You haven't added any extra beds. The maximum number of guests is 1.  Deposit Policy: The guest will be charged a prepayment of the total price of the reservation at any time.  Cancellation Policy: The guest can cancel free of charge until 2 days before arrival. The guest will be charged the total price of the reservation if they cancel in the 2 days before arrival.  payment_on_Booking.com (Payout type: BankTransfer)  ** THIS RESERVATION HAS BEEN PRE-PAID ** BOOKING NOTE : Payment charge is GBP 0.64512  Genius Booker ",,,,,"2026-06-06",,,,
Granby Hotel,2026-05-12T15:55:45,552-618-314,MYU-699-016,6887410712,,keith,brown,"2026-12-31","2027-01-02",2,Standard Triple,,Room 10,,2,0,GBP,0.00,0.00,0.00,0.00,Online,Booking.com,Booking.com,On Account,Canceled,,kbrown.929625@guest.booking.com,+867508050397,,"Genius Rate  Non-Smoking  Promos: Mobile(App) Rate  There is no meal option with this room. Children and Extra Bed Policy: Children of any age are allowed. You haven't added any cots. You haven't added any extra beds. The maximum number of guests is 3.  Deposit Policy: The guest will be charged a prepayment of the total price of the reservation at any time.  Cancellation Policy: The guest can cancel free of charge until 2 days before arrival. The guest will be charged the total price of the reservation if they cancel in the 2 days before arrival.  payment_on_Booking.com (Payout type: BankTransfer)  ** THIS RESERVATION HAS BEEN PRE-PAID ** BOOKING NOTE : Payment charge is GBP 1.76256  Genius Booker ",,,,,"2026-05-12",,,,
The Valley of Rocks Hotel,2026-07-01T15:51:58,656-645-582,CMK-204-393,6905533787,,Polok,Jacek,"2026-12-31","2027-01-03",3,Standard  Double room Ensuite,Base Rate,Room 5,,2,0,GBP,172.00,172.00,172.00,0.00,Online,Booking.com,Booking.com,On Account,Confirmed,,pjacek.517839@guest.booking.com,+44 7555 297947,,"Non-Smoking  Breakfast costs GBP12.50 per person per night. Children and Extra Bed Policy: Children of any age are allowed. You haven't added any cots. You haven't added any extra beds. The maximum number of guests is 2.  Deposit Policy: The guest will be charged a prepayment of the total price of the reservation at any time.  Cancellation Policy: The guest can cancel free of charge until 5 days before arrival. The guest will be charged the total price of the reservation if they cancel in the 5 days before arrival.  payment_on_Booking.com (Payout type: BankTransfer)  ** THIS RESERVATION HAS BEEN PRE-PAID ** BOOKING NOTE : Payment charge is GBP 2.752  Genius Booker ",,,,,"2026-07-01",,,,
Harbour Stays,2025-11-03T12:06:27,658-521-031,NZH-959-230,5959465871,,Chris,Thrower,"2026-12-31","2027-01-02",2,Studio-Ensuite,,Flat 1,,1,0,GBP,0.00,0.00,0.00,0.00,Online,Booking.com,Booking.com,On Account,Canceled,,cthrow.802114@guest.booking.com,+44 7511 009109,,"Genius Rate  Non-Smoking  There is no meal option with this room. Children and Extra Bed Policy: Children of any age are allowed. You haven't added any cots. You haven't added any extra beds. The maximum number of guests is 2.  Deposit Policy: The guest will be charged a prepayment of the total price of the reservation at any time.  Cancellation Policy: The guest can cancel free of charge until 7 days before arrival. The guest will be charged the total price of the reservation if they cancel in the 7 days before arrival.  payment_on_Booking.com (Payout type: BankTransfer)  ** THIS RESERVATION HAS BEEN PRE-PAID ** Approximate time of arrival: between 12:00 and 13:00 I will be arriving before the stated check-in time, although i only need to park and can have a wonder and some food whilst my room is ready BOOKING NOTE : Payment charge is GBP 2.552  Genius Booker ",,,,,"2025-11-03",,,,
Granby Hotel,2026-05-14T10:08:56,668-104-201,CSO-026-566,5222932542,,Karen,Hibbins,"2026-12-31","2027-01-02",2,Double Shared Bathroom,,Room 23,,2,0,GBP,0.00,0.00,0.00,0.00,Online,Booking.com,Booking.com,On Account,Canceled,,khibbi.759445@guest.booking.com,+44 7875 761163,,"Non-Smoking  There is no meal option with this room. Children and Extra Bed Policy: Children of any age are allowed. You haven't added any cots. You haven't added any extra beds. The maximum number of guests is 2.  Deposit Policy: The guest will be charged a prepayment of the total price of the reservation at any time.  Cancellation Policy: The guest can cancel free of charge until 2 days before arrival. The guest will be charged the total price of the reservation if they cancel in the 2 days before arrival.  payment_on_Booking.com (Payout type: BankTransfer)  ** THIS RESERVATION HAS BEEN PRE-PAID ** BOOKING NOTE : Payment charge is GBP 1.68  Genius Booker ",,,,,"2026-05-14",,,,
Harbour Stays,2026-01-02T14:28:05,901-056-641,LMU-553-757,6862773275,,Craig,Woffinden,"2026-12-31","2027-01-02",2,Three  Bedroom-Apartment-Private Bathroom,,Flat 3 ,,3,3,GBP,0.00,See 222-180-312,0.00,0.00,Online,Booking.com,Booking.com,On Account,Canceled,,cwoffi.576782@guest.booking.com,+44 7512 730381,,"Group: 5 x Adult, 6 x Child  Child Ages: 13, 14, 17  payment_on_Booking.com (Payout type: BankTransfer)  Non-Smoking  ** THIS RESERVATION HAS BEEN PRE-PAID ** BOOKING NOTE : Payment charge is GBP 6.1616  Genius Booker  Genius Rate  There is no meal option with this room. Children and Extra Bed Policy: Children of any age are allowed. You haven't added any cots. You haven't added any extra beds. The maximum number of guests is 5.  Deposit Policy: The guest will be charged a prepayment of the total price of the reservation at any time.  Cancellation Policy: The guest can cancel free of charge until 7 days before arrival. The guest will be charged the total price of the reservation if they cancel in the 7 days before arrival.",,,,,"2026-01-02",,,,
Granby Hotel,2026-02-06T13:32:22,939-520-932,VZO-183-975,5678093268,,Catherine,Deakin,"2026-12-31","2027-01-01",1,Standard Double,,Room 1A,,2,0,GBP,0.00,0.00,0.00,0.00,Online,Booking.com,Booking.com,On Account,Canceled,,cdeaki.909779@guest.booking.com,+44 7517 263365,,"Genius Rate  Non-Smoking  Promos: Mobile(App) Rate  There is no meal option with this room. Children and Extra Bed Policy: Children of any age are allowed. You haven't added any cots. You haven't added any extra beds. The maximum number of guests is 2.  Deposit Policy: The guest will be charged a prepayment of the total price of the reservation at any time.  Cancellation Policy: The guest can cancel free of charge until 2 days before arrival. The guest will be charged the total price of the reservation if they cancel in the 2 days before arrival.  payment_on_Booking.com (Payout type: BankTransfer)  ** THIS RESERVATION HAS BEEN PRE-PAID ** BOOKING NOTE : Payment charge is GBP 0.74672  Genius Booker ",,,,,"2026-02-06",,,,
Harbour Stays,2026-07-21T08:37:35,983-995-954,CHG-543-682,6806602891,,Danielle,Smith,"2026-12-31","2027-01-01",1,Two Bedroom-Apartment-Private Bathroom,Base Rate,Flat 5,,2,3,GBP,100.80,100.80,100.80,0.00,Online,Booking.com,Booking.com,On Account,Confirmed,,dsmith.175345@guest.booking.com,+44 7575 218829,,"Child Ages: 14, 3, 8  Non-Smoking  Promos: Early Booker Deal  There is no meal option with this room. Children and Extra Bed Policy: Children of any age are allowed. You haven't added any cots. You haven't added any extra beds. The maximum number of guests is 5.  Deposit Policy: The guest will be charged a prepayment of the total price of the reservation at any time.  Cancellation Policy: The guest can cancel free of charge until 7 days before arrival. The guest will be charged the total price of the reservation if they cancel in the 7 days before arrival.  payment_on_Booking.com (Payout type: BankTransfer)  ** THIS RESERVATION HAS BEEN PRE-PAID ** BOOKING NOTE : Payment charge is GBP 1.6128  Genius Booker ",,,,,"2026-07-21",,,,
The Valley of Rocks Hotel,2026-03-31T16:05:30,992-545-234,OYO-465-337,,,,KAREN MARSHFIELD,"2026-12-31","2027-01-02",2,Standard Family room Ensuite,Base Rate,Room 15,,3,0,GBP,145.00,See 069-020-801,145.00,0.00,Direct,,,On Account,Confirmed,,KARENMARSHFIELD@AOL.COM,+447974047449,,PBL sent 16.29 31.03.2026 - LW,,,,,"2026-03-31",,,,
Granby Hotel,2026-08-04T21:06:56,994-035-644,BSZ-231-836,6893935280,,Pauline,Barratt,"2026-12-31","2027-01-02",2,Standard Double,Base Rate,Room 15,,2,0,GBP,107.10,107.10,107.10,0.00,Online,Booking.com,Booking.com,On Account,Confirmed,,pbarra.815524@guest.booking.com,+44 7842 723683,,"Non-Smoking  Promos: Mobile(App) Rate  There is no meal option with this room. Children and Extra Bed Policy: Children of any age are allowed. You haven't added any cots. You haven't added any extra beds. The maximum number of guests is 2.  Deposit Policy: The guest will be charged a prepayment of the total price of the reservation at any time.  Cancellation Policy: The guest can cancel free of charge until 2 days before arrival. The guest will be charged the total price of the reservation if they cancel in the 2 days before arrival.  payment_on_Booking.com (Payout type: BankTransfer)  ** THIS RESERVATION HAS BEEN PRE-PAID ** BOOKING NOTE : Payment charge is GBP 1.7136  Genius Booker ",,,,,"2026-08-04",,,,
Granby Hotel,2026-03-19T18:58:38,112-148-451,IZG-229-125,6692843911,,Jonathan,Bathgate,"2027-01-01","2027-01-02",1,Standard Single,,Room 17,,1,0,GBP,0.00,0.00,0.00,0.00,Online,Booking.com,Booking.com,On Account,Canceled,,jbathg.652989@guest.booking.com,+1 778 883 2714,,"Genius Rate  Non-Smoking  There is no meal option with this room. Children and Extra Bed Policy: Children of any age are allowed. You haven't added any cots. You haven't added any extra beds. The maximum number of guests is 1.  Deposit Policy: The guest will be charged a prepayment of the total price of the reservation at any time.  Cancellation Policy: The guest can cancel free of charge until 2 days before arrival. The guest will be charged the total price of the reservation if they cancel in the 2 days before arrival.  payment_on_Booking.com (Payout type: BankTransfer)  ** THIS RESERVATION HAS BEEN PRE-PAID ** Approximate time of arrival: between 17:00 and 18:00 BOOKING NOTE : Payment charge is GBP 0.6392  Genius Booker ",,,,,"2026-03-19",,,,
Granby Hotel,2026-06-09T07:37:57,183-390-644,CFE-983-667,6097496257,,rita,riley,"2027-01-01","2027-01-02",1,Standard Single,,Room 8,,1,0,GBP,0.00,0.00,0.00,0.00,Online,Booking.com,Booking.com,On Account,Canceled,,rriley.206684@guest.booking.com,+44 7379 538664,,"Genius Rate  Non-Smoking  Promos: Mobile(App) Rate  There is no meal option with this room. Children and Extra Bed Policy: Children of any age are allowed. You haven't added any cots. You haven't added any extra beds. The maximum number of guests is 1.  Deposit Policy: The guest will be charged a prepayment of the total price of the reservation at any time.  Cancellation Policy: The guest can cancel free of charge until 2 days before arrival. The guest will be charged the total price of the reservation if they cancel in the 2 days before arrival.  payment_on_Booking.com (Payout type: BankTransfer)  ** THIS RESERVATION HAS BEEN PRE-PAID ** BOOKING NOTE : Payment charge is GBP 0.54144  Genius Booker ",,,,,"2026-06-09",,,,
Granby Hotel,2026-06-06T08:46:40,285-440-914,BMH-894-664,5941542551,,rita,riley,"2027-01-01","2027-01-02",1,Standard Double,,Room 1A,,1,0,GBP,0.00,0.00,0.00,0.00,Online,Booking.com,Booking.com,On Account,Canceled,,rriley.727767@guest.booking.com,+44 7379 538664,,"Genius Rate  Non-Smoking  Promos: Mobile(App) Rate  There is no meal option with this room. Children and Extra Bed Policy: Children of any age are allowed. You haven't added any cots. You haven't added any extra beds. The maximum number of guests is 2.  Deposit Policy: The guest will be charged a prepayment of the total price of the reservation at any time.  Cancellation Policy: The guest can cancel free of charge until 2 days before arrival. The guest will be charged the total price of the reservation if they cancel in the 2 days before arrival.  payment_on_Booking.com (Payout type: BankTransfer)  ** THIS RESERVATION HAS BEEN PRE-PAID ** BOOKING NOTE : Payment charge is GBP 0.62208  Genius Booker ",,,,,"2026-06-06",,,,
The Valley of Rocks Hotel,2026-07-01T11:46:48,468-241-311,ATI-013-664,5917900971,,Rob,Bailey,"2027-01-01","2027-01-03",2,Standard Double room Ensuite-Sea view,Base Rate,Room 51,,2,0,GBP,128.00,128.00,128.00,0.00,Online,Booking.com,Booking.com,On Account,Confirmed,,rbaile.684867@guest.booking.com,+44 514425575,,"Non-Smoking  Breakfast costs GBP12.50 per person per night. Children and Extra Bed Policy: Children of any age are allowed. You haven't added any cots. You haven't added any extra beds. The maximum number of guests is 2.  Deposit Policy: The guest will be charged a prepayment of the total price of the reservation at any time.  Cancellation Policy: The guest can cancel free of charge until 5 days before arrival. The guest will be charged the total price of the reservation if they cancel in the 5 days before arrival.  payment_on_Booking.com (Payout type: BankTransfer)  ** THIS RESERVATION HAS BEEN PRE-PAID ** BOOKING NOTE : Payment charge is GBP 2.048 Approximate time of arrival: between 15:00 and 16:00  Genius Booker ",,,,,"2026-07-01",,,,
Granby Hotel,2026-09-08T19:54:42,820-162-381,MDC-011-723,5751085769,,Shaun,Oakley,"2027-01-02","2027-01-03",1,Standard Double,Base Rate,Room 21,,2,0,GBP,36.60,36.60,36.60,0.00,Online,Booking.com,Booking.com,On Account,Confirmed,,soakle.364515@guest.booking.com,+44 7724 391995,,"Genius Rate  Non-Smoking  Promos: Mobile(App) Rate  There is no meal option with this room. Children and Extra Bed Policy: Children of any age are allowed. You haven't added any cots. You haven't added any extra beds. The maximum number of guests is 2.  Deposit Policy: The guest will be charged a prepayment of the total price of the reservation at any time.  Cancellation Policy: The guest can cancel free of charge until 2 days before arrival. The guest will be charged the total price of the reservation if they cancel in the 2 days before arrival.  payment_on_Booking.com (Payout type: BankTransfer)  ** THIS RESERVATION HAS BEEN PRE-PAID ** BOOKING NOTE : Payment charge is GBP 0.5856  Genius Booker ",,,,,"2026-09-08",,,,
Granby Hotel,2026-08-08T14:18:50,859-294-951,KTE-525-519,6129698511,,Kevin,Copley,"2027-01-02","2027-01-04",2,Double Shared Bathroom,,Room 23,,2,0,GBP,0.00,0.00,0.00,0.00,Online,Booking.com,Booking.com,On Account,Canceled,,kcople.251826@guest.booking.com,+44 7497 006767,,"Non-Smoking  There is no meal option with this room. Children and Extra Bed Policy: Children of any age are allowed. You haven't added any cots. You haven't added any extra beds. The maximum number of guests is 2.  Deposit Policy: The guest will be charged a prepayment of the total price of the reservation at any time.  Cancellation Policy: The guest can cancel free of charge until 2 days before arrival. The guest will be charged the total price of the reservation if they cancel in the 2 days before arrival.  payment_on_Booking.com (Payout type: BankTransfer)  ** THIS RESERVATION HAS BEEN PRE-PAID ** BOOKING NOTE : Payment charge is GBP 1.408 ",,,,,"2026-08-08",,,,
Sea Side Hotel,2026-08-23T18:59:08,099-582-692,KDY-439-333,6476473830,,Maigen,Pawson,"2027-01-05","2027-01-07",2,Standard-Double room-Ensuite,,R215,,2,0,GBP,0.00,0.00,0.00,0.00,Online,Booking.com,Booking.com,On Account,Canceled,,mpawso.871919@guest.booking.com,+44 7882 889261,,"Genius Rate  Non-Smoking  Promos: Mobile(App) Rate  There is no meal option with this room. Children and Extra Bed Policy: Children of any age are allowed. You haven't added any cots. You haven't added any extra beds. The maximum number of guests is 2.  Deposit Policy: The guest will be charged a prepayment of the total price of the reservation at any time.  Cancellation Policy: The guest can cancel free of charge until 7 days before arrival. The guest will be charged the total price of the reservation if they cancel in the 7 days before arrival.  payment_on_Booking.com (Payout type: BankTransfer)  ** THIS RESERVATION HAS BEEN PRE-PAID ** BOOKING NOTE : Payment charge is GBP 1.10256  Genius Booker ",,,,,"2026-08-23",,,,
Sea Side Hotel,2026-08-26T14:35:09,043-968-252,QCR-153-878,6018613404,,David,Gardiner,"2027-01-09","2027-01-12",3,Sea view-Double room-Ensuite,Base Rate,R206,,1,1,GBP,121.98,121.98,121.98,0.00,Online,Booking.com,Booking.com,On Account,Confirmed,,dgardi.358050@guest.booking.com,+44 7706 634893,,"Child Ages: 17  Genius Rate  Non-Smoking  Promos: Mobile(App) Rate  There is no meal option with this room. Children and Extra Bed Policy: Children of any age are allowed. You haven't added any cots. You haven't added any extra beds. The maximum number of guests is 2.  Deposit Policy: The guest will be charged a prepayment of the total price of the reservation at any time.  Cancellation Policy: The guest can cancel free of charge until 7 days before arrival. The guest will be charged the total price of the reservation if they cancel in the 7 days before arrival.  payment_on_Booking.com (Payout type: BankTransfer)  ** THIS RESERVATION HAS BEEN PRE-PAID ** BOOKING NOTE : Payment charge is GBP 1.95168  Genius Booker ",,,,,"2026-08-26",,,,
The Valley of Rocks Hotel,2025-12-20T10:09:17,436-900-231,SCO-776-542,6855096920,,Lisa,Robins,"2027-01-15","2027-01-17",2,Standard Twin room Ensuite,,Room 10,,2,0,GBP,0.00,0.00,0.00,0.00,Online,Booking.com,Booking.com,On Account,Canceled,,lrobin.816275@guest.booking.com,+44 7879 627572,,"Non-Smoking  There is no meal option with this room. Children and Extra Bed Policy: Children of any age are allowed. You haven't added any cots. You haven't added any extra beds. The maximum number of guests is 2.  Deposit Policy: The guest will be charged a prepayment of the total price of the reservation at any time.  Cancellation Policy: The guest can cancel free of charge until 5 days before arrival. The guest will be charged the total price of the reservation if they cancel in the 5 days before arrival.  payment_on_Booking.com (Payout type: BankTransfer)  ** THIS RESERVATION HAS BEEN PRE-PAID ** BOOKING NOTE : Payment charge is GBP 2.048  Genius Booker ",,,,,"2025-12-20",,,,
The Valley of Rocks Hotel,2026-06-28T01:44:44,698-451-291,FGJ-039-250,5002745674,,Tanya,Green,"2027-01-17","2027-01-18",1,Standard Single room Ensuite,Base Rate,Room 14,,1,0,GBP,44.10,44.10,44.10,0.00,Online,Booking.com,Booking.com,On Account,Confirmed,,tgreen.280625@guest.booking.com,+61 499 699 623,,"Non-Smoking  Promos: International  Breakfast costs GBP12.50 per person per night. Children and Extra Bed Policy: Children of any age are allowed. You haven't added any cots. You haven't added any extra beds. The maximum number of guests is 1.  Deposit Policy: The guest will be charged a prepayment of the total price of the reservation at any time.  Cancellation Policy: The guest can cancel free of charge until 5 days before arrival. The guest will be charged the total price of the reservation if they cancel in the 5 days before arrival.  payment_on_Booking.com (Payout type: BankTransfer)  ** THIS RESERVATION HAS BEEN PRE-PAID ** BOOKING NOTE : Payment charge is GBP 0.7056  Genius Booker ",,,,,"2026-06-28",,,,
The Valley of Rocks Hotel,2026-08-20T10:51:48,810-803-692,YOF-668-519,5859590420,,pauline,hagan,"2027-01-20","2027-01-26",6,Superior Double room Ensuite,Base Rate,Room 22,,2,0,GBP,430.00,394.00,394.00,36.00,Online,Booking.com,Booking.com,On Account,Confirmed,,phagan.172644@guest.booking.com,+44 7722 781072,,"parking   Non-Smoking  Breakfast costs GBP12.50 per person per night. Children and Extra Bed Policy: Children of any age are allowed. You haven't added any cots. You haven't added any extra beds. The maximum number of guests is 2.  Deposit Policy: The guest will be charged a prepayment of the total price of the reservation at any time.  Cancellation Policy: The guest can cancel free of charge until 5 days before arrival. The guest will be charged the total price of the reservation if they cancel in the 5 days before arrival.  payment_on_Booking.com (Payout type: BankTransfer)  ** THIS RESERVATION HAS BEEN PRE-PAID ** BOOKING NOTE : Payment charge is GBP 6.304  Genius Booker ",,,,,"2026-08-20",,,,
Sea Side Hotel,2026-09-06T18:25:12,495-632-934,MWY-579-672,6554749275,,Thomas,Shaw,"2027-01-23","2027-01-24",1,Standard-Twin room-Ensuite,Base Rate,R111,,2,0,GBP,42.77,42.77,42.77,0.00,Online,Booking.com,Booking.com,On Account,Confirmed,,tshaw.129270@guest.booking.com,+44 7730 000657,,"Genius Rate  Non-Smoking  Promos: Mobile(App) Rate  There is no meal option with this room. Children and Extra Bed Policy: Children of any age are allowed. You haven't added any cots. You haven't added any extra beds. The maximum number of guests is 2.  Deposit Policy: The guest will be charged a prepayment of the total price of the reservation at any time.  Cancellation Policy: The guest can cancel free of charge until 7 days before arrival. The guest will be charged the total price of the reservation if they cancel in the 7 days before arrival.  payment_on_Booking.com (Payout type: BankTransfer)  ** THIS RESERVATION HAS BEEN PRE-PAID ** BOOKING NOTE : Payment charge is GBP 0.68432  Genius Booker ",,,,,"2026-09-06",,,,
Sea Side Hotel,2026-09-05T18:14:36,168-845-164,WQS-761-462,5672455540,,Sharon,Hogan,"2027-01-29","2027-01-31",2,Sea view-Double room-Ensuite,Base Rate,R206,,1,0,GBP,91.13,91.13,91.13,0.00,Online,Booking.com,Booking.com,On Account,Confirmed,,shogan.693182@guest.booking.com,+44866823312,,"Genius Rate  Non-Smoking  Promos: Mobile(App) Rate  There is no meal option with this room. Children and Extra Bed Policy: Children of any age are allowed. You haven't added any cots. You haven't added any extra beds. The maximum number of guests is 2.  Deposit Policy: The guest will be charged a prepayment of the total price of the reservation at any time.  Cancellation Policy: The guest can cancel free of charge until 7 days before arrival. The guest will be charged the total price of the reservation if they cancel in the 7 days before arrival.  payment_on_Booking.com (Payout type: BankTransfer)  ** THIS RESERVATION HAS BEEN PRE-PAID ** BOOKING NOTE : Payment charge is GBP 1.45808  Genius Booker ",,,,,"2026-09-05",,,,
Sea Side Hotel,2026-09-06T11:56:54,201-311-911,JAH-247-482,5509377368,,Lewis,Bakewell,"2027-01-29","2027-01-31",2,Standard-Single room-Ensuite,Base Rate,R213,,1,0,GBP,80.14,80.14,80.14,0.00,Online,Booking.com,Booking.com,On Account,Confirmed,,lbakew.675881@guest.booking.com,+44 7534 812443,,"Genius Rate  Non-Smoking  Promos: Mobile(App) Rate  There is no meal option with this room. Children and Extra Bed Policy: Children of any age are allowed. You haven't added any cots. You haven't added any extra beds. The maximum number of guests is 1.  Deposit Policy: The guest will be charged a prepayment of the total price of the reservation at any time.  Cancellation Policy: The guest can cancel free of charge until 7 days before arrival. The guest will be charged the total price of the reservation if they cancel in the 7 days before arrival.  payment_on_Booking.com (Payout type: BankTransfer)  ** THIS RESERVATION HAS BEEN PRE-PAID ** BOOKING NOTE : Payment charge is GBP 1.28224 ",,,,,"2026-09-06",,,,
Sea Side Hotel,2026-01-07T17:15:56,299-204-834,IGZ-022-539,6170784750,,Emma,Kitchen,"2027-01-29","2027-01-31",2,Standard-Triple room-Ensuite,,R211,,2,1,GBP,0.00,0.00,0.00,0.00,Online,Booking.com,Booking.com,On Account,Canceled,,ekitch.245888@guest.booking.com,+44 7510 439502,,"Child Ages: 3  Genius Rate  Non-Smoking  Promos: Domestic  There is no meal option with this room. Children and Extra Bed Policy: Children of any age are allowed. You haven't added any cots. You haven't added any extra beds. The maximum number of guests is 3.  Deposit Policy: The guest will be charged a prepayment of the total price of the reservation at any time.  Cancellation Policy: The guest can cancel free of charge until 7 days before arrival. The guest will be charged the total price of the reservation if they cancel in the 7 days before arrival.  payment_on_Booking.com (Payout type: BankTransfer)  ** THIS RESERVATION HAS BEEN PRE-PAID ** BOOKING NOTE : Payment charge is GBP 2.32576  Genius Booker ",,,,,"2026-01-07",,,,
Sea Side Hotel,2026-07-26T09:21:53,308-143-011,SSF-739-427,6832133693,,Simon,Dye,"2027-01-29","2027-01-31",2,Standard-Quad room-Ensuite,Base Rate,R305,,2,2,GBP,121.50,121.50,121.50,0.00,Online,Booking.com,Booking.com,On Account,Confirmed,,sdye.993738@guest.booking.com,+44 7359 350774,,"Child Ages: 4, 9  Genius Rate  Non-Smoking  Promos: Mobile(App) Rate  There is no meal option with this room. Children and Extra Bed Policy: Children of any age are allowed. You haven't added any cots. You haven't added any extra beds. The maximum number of guests is 4.  Deposit Policy: The guest will be charged a prepayment of the total price of the reservation at any time.  Cancellation Policy: The guest can cancel free of charge until 7 days before arrival. The guest will be charged the total price of the reservation if they cancel in the 7 days before arrival.  payment_on_Booking.com (Payout type: BankTransfer)  ** THIS RESERVATION HAS BEEN PRE-PAID ** BOOKING NOTE : Payment charge is GBP 1.944  Genius Booker ",,,,,"2026-07-26",,,,
Sea Side Hotel,2026-09-04T12:01:27,329-265-131,WHH-281-934,6447205451,,Emma,Harrison,"2027-01-29","2027-01-31",2,Standard-Double room-Ensuite,Base Rate,R215,,2,0,GBP,99.90,99.90,99.90,0.00,Online,Booking.com,Booking.com,On Account,Confirmed,,eharri.906989@guest.booking.com,+44 7594 843429,,"Non-Smoking  Promos: Mobile(MDot) Rate  There is no meal option with this room. Children and Extra Bed Policy: Children of any age are allowed. You haven't added any cots. You haven't added any extra beds. The maximum number of guests is 2.  Deposit Policy: The guest will be charged a prepayment of the total price of the reservation at any time.  Cancellation Policy: The guest can cancel free of charge until 7 days before arrival. The guest will be charged the total price of the reservation if they cancel in the 7 days before arrival.  payment_on_Booking.com (Payout type: BankTransfer)  ** THIS RESERVATION HAS BEEN PRE-PAID ** Main guest will be Alex harrison BOOKING NOTE : Payment charge is GBP 1.5984  Genius Booker ",,,,,"2026-09-04",,,,
Sea Side Hotel,2026-07-08T20:44:48,648-519-541,QFP-345-647,5418113380,,Karen,Hope,"2027-01-29","2027-02-01",3,Standard-Twin room-Ensuite,Base Rate,R111,,2,0,GBP,132.84,132.84,132.84,0.00,Online,Booking.com,Booking.com,On Account,Confirmed,,khope.955807@guest.booking.com,+44 7834 723367,,"Genius Rate  Non-Smoking  Promos: Mobile(App) Rate  There is no meal option with this room. Children and Extra Bed Policy: Children of any age are allowed. You haven't added any cots. You haven't added any extra beds. The maximum number of guests is 2.  Deposit Policy: The guest will be charged a prepayment of the total price of the reservation at any time.  Cancellation Policy: The guest can cancel free of charge until 7 days before arrival. The guest will be charged the total price of the reservation if they cancel in the 7 days before arrival.  payment_on_Booking.com (Payout type: BankTransfer)  ** THIS RESERVATION HAS BEEN PRE-PAID ** BOOKING NOTE : Payment charge is GBP 2.12544  Genius Booker ",,,,,"2026-07-08",,,,
Sea Side Hotel,2026-07-30T19:44:03,808-442-611,GPG-047-768,5301671225,,Danny,Wroughton,"2027-01-29","2027-01-31",2,Standard-Twin room-Ensuite,,R309,,2,0,GBP,0.00,0.00,0.00,0.00,Online,Booking.com,Booking.com,On Account,Canceled,,dwroug.355152@guest.booking.com,+44 7413 100612,,"Genius Rate  Non-Smoking  Promos: Mobile(App) Rate  There is no meal option with this room. Children and Extra Bed Policy: Children of any age are allowed. You haven't added any cots. You haven't added any extra beds. The maximum number of guests is 2.  Deposit Policy: The guest will be charged a prepayment of the total price of the reservation at any time.  Cancellation Policy: The guest can cancel free of charge until 7 days before arrival. The guest will be charged the total price of the reservation if they cancel in the 7 days before arrival.  payment_on_Booking.com (Payout type: BankTransfer)  ** THIS RESERVATION HAS BEEN PRE-PAID ** BOOKING NOTE : Payment charge is GBP 1.41984  Genius Booker ",,,,,"2026-07-30",,,,
Harbour Stays,2026-08-30T01:08:08,495-312-312,KJB-308-583,6823758397,,Katrina,Andrews,"2027-01-30","2027-01-31",1,Two Bedroom-Apartment-Private Bathroom,Base Rate,Flat 5,,2,3,GBP,89.30,89.30,89.30,0.00,Online,Booking.com,Booking.com,On Account,Confirmed,,kandre.279062@guest.booking.com,+44 7845 061777,,"Child Ages: 13, 16, 17  Non-Smoking  Promos: Domestic  There is no meal option with this room. Children and Extra Bed Policy: Children of any age are allowed. You haven't added any cots. You haven't added any extra beds. The maximum number of guests is 5.  Deposit Policy: The guest will be charged a prepayment of the total price of the reservation at any time.  Cancellation Policy: The guest can cancel free of charge until 7 days before arrival. The guest will be charged the total price of the reservation if they cancel in the 7 days before arrival.  payment_on_Booking.com (Payout type: BankTransfer)  ** THIS RESERVATION HAS BEEN PRE-PAID ** BOOKING NOTE : Payment charge is GBP 1.4288  Genius Booker ",,,,,"2026-08-30",,,,
Granby Hotel,2025-11-03T19:00:24,254-126-682,LAH-338-264,5270742958,,Craig,Wright,"2027-02-01","2027-02-28",27,Single Shared Bathroom,,Room 25,,1,0,GBP,0.00,0.00,0.00,0.00,Online,Booking.com,Booking.com,On Account,Canceled,,cwrigh.989745@guest.booking.com,+44 7928 578540,,"Genius Rate  Non-Smoking  Promos: Mobile(App) Rate  There is no meal option with this room. Children and Extra Bed Policy: Children of any age are allowed. You haven't added any cots. You haven't added any extra beds. The maximum number of guests is 1.  Deposit Policy: The guest will be charged a prepayment of the total price of the reservation at any time.  Cancellation Policy: The guest can cancel free of charge until 2 days before arrival. The guest will be charged the total price of the reservation if they cancel in the 2 days before arrival.  payment_on_Booking.com (Payout type: BankTransfer)  ** THIS RESERVATION HAS BEEN PRE-PAID ** BOOKING NOTE : Payment charge is GBP 10.30608  Genius Booker ",,,,,"2025-11-03",,,,
Sea Side Hotel,2026-09-14T16:30:20,998-986-661,HKN-631-345,5790315856,,Kieran,O'Carroll,"2027-02-10","2027-02-11",1,Standard-Single room-Ensuite,Base Rate,R213,,1,0,GBP,33.26,33.26,33.26,0.00,Online,Booking.com,Booking.com,On Account,Confirmed,,kocarr.300924@guest.booking.com,+44 7355 603740,,"Genius Rate  Non-Smoking  Promos: Mobile(MDot) Rate  There is no meal option with this room. Children and Extra Bed Policy: Children of any age are allowed. You haven't added any cots. You haven't added any extra beds. The maximum number of guests is 1.  Deposit Policy: The guest will be charged a prepayment of the total price of the reservation at any time.  Cancellation Policy: The guest can cancel free of charge until 7 days before arrival. The guest will be charged the total price of the reservation if they cancel in the 7 days before arrival.  payment_on_Booking.com (Payout type: BankTransfer)  ** THIS RESERVATION HAS BEEN PRE-PAID ** BOOKING NOTE : Payment charge is GBP 0.53216  Genius Booker ",,,,,"2026-09-14",,,,
Sea Side Hotel,2026-09-10T11:11:16,223-215-262,UIY-968-425,5757101296,,Jennifer,Whitmore,"2027-02-11","2027-02-13",2,Standard-Triple room-Ensuite,Base Rate,R211,,1,2,GBP,95.83,95.83,95.83,0.00,Online,Booking.com,Booking.com,On Account,Confirmed,,jwhitm.474648@guest.booking.com,+44 7538 958102,,"Child Ages: 13, 17  Genius Rate  Non-Smoking  Promos: Mobile(App) Rate  There is no meal option with this room. Children and Extra Bed Policy: Children of any age are allowed. You haven't added any cots. You haven't added any extra beds. The maximum number of guests is 3.  Deposit Policy: The guest will be charged a prepayment of the total price of the reservation at any time.  Cancellation Policy: The guest can cancel free of charge until 7 days before arrival. The guest will be charged the total price of the reservation if they cancel in the 7 days before arrival.  payment_on_Booking.com (Payout type: BankTransfer)  ** THIS RESERVATION HAS BEEN PRE-PAID ** BOOKING NOTE : Payment charge is GBP 1.53328  Genius Booker ",,,,,"2026-09-10",,,,
Sea Side Hotel,2026-08-18T14:35:49,826-322-922,RNX-213-892,5791677982,,Kabir,Ziaul,"2027-02-12","2027-02-15",3,Sea view-Double room-Ensuite,Base Rate,R206,,2,0,GBP,144.18,144.18,144.18,0.00,Online,Booking.com,Booking.com,On Account,Confirmed,,kziaul.546249@guest.booking.com,+44 7378 474619,,"Genius Rate  Non-Smoking  Promos: Mobile(App) Rate  There is no meal option with this room. Children and Extra Bed Policy: Children of any age are allowed. You haven't added any cots. You haven't added any extra beds. The maximum number of guests is 2.  Deposit Policy: The guest will be charged a prepayment of the total price of the reservation at any time.  Cancellation Policy: The guest can cancel free of charge until 7 days before arrival. The guest will be charged the total price of the reservation if they cancel in the 7 days before arrival.  payment_on_Booking.com (Payout type: BankTransfer)  ** THIS RESERVATION HAS BEEN PRE-PAID ** BOOKING NOTE : Payment charge is GBP 2.30688  Genius Booker ",,,,,"2026-08-18",,,,
The Valley of Rocks Hotel,2026-09-04T18:54:39,042-910-031,PTQ-349-994,6626510233,,Helen,Tompson,"2027-02-13","2027-02-14",1,Standard Double room Ensuite-Sea view,Base Rate,Room 51,,2,0,GBP,64.00,64.00,64.00,0.00,Online,Booking.com,Booking.com,On Account,Confirmed,,htomps.363980@guest.booking.com,+44 7711 209326,,"Non-Smoking  Breakfast costs GBP12.50 per person per night. Children and Extra Bed Policy: Children of any age are allowed. You haven't added any cots. You haven't added any extra beds. The maximum number of guests is 2.  Deposit Policy: The guest will be charged a prepayment of the total price of the reservation at any time.  Cancellation Policy: The guest can cancel free of charge until 5 days before arrival. The guest will be charged the total price of the reservation if they cancel in the 5 days before arrival.  payment_on_Booking.com (Payout type: BankTransfer)  ** THIS RESERVATION HAS BEEN PRE-PAID ** BOOKING NOTE : Payment charge is GBP 1.024  Genius Booker ",,,,,"2026-09-04",,,,
The Valley of Rocks Hotel,2026-09-16T23:14:09,636-324-551,FJY-837-606,6138132074,,Virginia,Millard,"2027-02-16","2027-02-18",2,Standard Double room Ensuite-Sea view,Base Rate,Room 51,,2,0,GBP,118.00,118.00,118.00,0.00,Online,Booking.com,Booking.com,On Account,Confirmed,,vmilla.420792@guest.booking.com,+44 7896 641526,,"Non-Smoking  Breakfast costs GBP12.50 per person per night. Children and Extra Bed Policy: Children of any age are allowed. You haven't added any cots. You haven't added any extra beds. The maximum number of guests is 2.  Deposit Policy: The guest will be charged a prepayment of the total price of the reservation at any time.  Cancellation Policy: The guest can cancel free of charge until 5 days before arrival. The guest will be charged the total price of the reservation if they cancel in the 5 days before arrival.  payment_on_Booking.com (Payout type: BankTransfer)  ** THIS RESERVATION HAS BEEN PRE-PAID ** BOOKING NOTE : Payment charge is GBP 1.888  Genius Booker ",,,,,"2026-09-16",,,,
Harbour Stays,2026-07-25T12:35:59,141-314-244,AGJ-047-172,5322474544,,Danielle,Hudson,"2027-02-17","2027-02-19",2,Two Bedroom-Apartment-Private Bathroom,,Flat 5,,2,3,GBP,0.00,0.00,0.00,0.00,Online,Booking.com,Booking.com,On Account,Canceled,,dhudso.661501@guest.booking.com,+44 7518 700609,,"Child Ages: 12, 5, 8  Non-Smoking  Promos: Mobile(App) Rate  There is no meal option with this room. Children and Extra Bed Policy: Children of any age are allowed. You haven't added any cots. You haven't added any extra beds. The maximum number of guests is 5.  Deposit Policy: The guest will be charged a prepayment of the total price of the reservation at any time.  Cancellation Policy: The guest can cancel free of charge until 7 days before arrival. The guest will be charged the total price of the reservation if they cancel in the 7 days before arrival.  payment_on_Booking.com (Payout type: BankTransfer)  ** THIS RESERVATION HAS BEEN PRE-PAID ** BOOKING NOTE : Payment charge is GBP 2.304  Genius Booker ",,,,,"2026-07-25",,,,
Granby Hotel,2025-09-10T20:50:20,623-425-551,SHJ-508-657,6510483957,,craig,aitken,"2027-02-17","2027-02-21",4,Single Shared Bathroom,Base Rate,Room 25,,1,0,GBP,102.40,102.40,102.40,0.00,Online,Booking.com,Booking.com,On Account,Confirmed,,caitke.347305@guest.booking.com,+44 7977 221662,,"payment_on_Booking.com (Payout type: BankTransfer)  Non-Smoking  ** THIS RESERVATION HAS BEEN PRE-PAID ** Approximate time of arrival: between 15:00 and 16:00 BOOKING NOTE : Payment charge is GBP 1.6384  Genius Booker  Genius Rate  There is no meal option with this room. Children and Extra Bed Policy: Children of any age are allowed. You haven't added any cots. You haven't added any extra beds. The maximum number of guests is 1.  Deposit Policy: The guest will be charged a prepayment of the total price of the reservation at any time.  Cancellation Policy: The guest can cancel free of charge until 2 days before arrival. The guest will be charged the total price of the reservation if they cancel in the 2 days before arrival.",,,,,"2025-09-10",,,,
The Valley of Rocks Hotel,2026-02-23T13:10:47,409-012-914,WOY-169-249,,,Keith,Abram,"2027-02-21","2027-02-22",1,Standard  Double room Ensuite,Base Rate,Room 5,,2,0,GBP,54.00,0.00,54.00,0.00,Online,Google Hotel Ads,Google Hotel Ads,Pay On Arrival,Confirmed,"3:30 PM",keithgeorgeabram@hotmail.co.uk,+447868744158,,,,,,,"2026-02-23",,,,
The Valley of Rocks Hotel,2026-01-07T19:07:42,415-635-151,KAD-394-250,5616890729,,Margaret,Lodge,"2027-02-21","2027-02-23",2,Superior Double room Ensuite,,Room 22,,2,0,GBP,0.00,0.00,0.00,0.00,Online,Booking.com,Booking.com,On Account,Canceled,,mlodge.444054@guest.booking.com,+44 7704 504904,,"Non-Smoking  There is no meal option with this room. Children and Extra Bed Policy: Children of any age are allowed. You haven't added any cots. You haven't added any extra beds. The maximum number of guests is 2.  Deposit Policy: The guest will be charged a prepayment of the total price of the reservation at any time.  Cancellation Policy: The guest can cancel free of charge until 5 days before arrival. The guest will be charged the total price of the reservation if they cancel in the 5 days before arrival.  payment_on_Booking.com (Payout type: BankTransfer)  ** THIS RESERVATION HAS BEEN PRE-PAID ** BOOKING NOTE : Payment charge is GBP 2.048  Genius Booker ",,,,,"2026-01-07",,,,
Granby Hotel,2025-11-29T09:24:32,032-005-461,CTP-391-808,5657144646,,Stephen,Roberts,"2027-02-22","2027-03-02",8,Standard Twin,,Room 12,,2,0,GBP,0.00,0.00,0.00,0.00,Online,Booking.com,Booking.com,On Account,Canceled,,srober.459413@guest.booking.com,+707949681572,,"Genius Rate  Non-Smoking  Promos: Mobile(App) Rate  There is no meal option with this room. Children and Extra Bed Policy: Children of any age are allowed. You haven't added any cots. You haven't added any extra beds. The maximum number of guests is 2.  Deposit Policy: The guest will be charged a prepayment of the total price of the reservation at any time.  Cancellation Policy: The guest can cancel free of charge until 2 days before arrival. The guest will be charged the total price of the reservation if they cancel in the 2 days before arrival.  payment_on_Booking.com (Payout type: BankTransfer)  ** THIS RESERVATION HAS BEEN PRE-PAID ** BOOKING NOTE : Payment charge is GBP 5.3136  Genius Booker ",,,,,"2025-11-29",,,,
Granby Hotel,2026-02-05T01:46:25,644-903-981,GZE-157-070,5701872370,,Stephen,Roberts,"2027-02-22","2027-03-04",10,Standard Twin,,Room 19,,2,0,GBP,0.00,0.00,0.00,0.00,Online,Booking.com,Booking.com,On Account,Canceled,,srober.637106@guest.booking.com,+707949681572,,"Genius Rate  Non-Smoking  Promos: Mobile(App) Rate  There is no meal option with this room. Children and Extra Bed Policy: Children of any age are allowed. You haven't added any cots. You haven't added any extra beds. The maximum number of guests is 2.  Deposit Policy: The guest will be charged a prepayment of the total price of the reservation at any time.  Cancellation Policy: The guest can cancel free of charge until 2 days before arrival. The guest will be charged the total price of the reservation if they cancel in the 2 days before arrival.  payment_on_Booking.com (Payout type: BankTransfer)  ** THIS RESERVATION HAS BEEN PRE-PAID ** BOOKING NOTE : Payment charge is GBP 6.6096  Genius Booker ",,,,,"2026-02-05",,,,
Granby Hotel,2026-02-13T00:09:05,692-925-631,HIW-761-898,6924154151,,Stephen,Roberts,"2027-02-23","2027-03-09",14,Standard Twin,,Room 12,,2,0,GBP,0.00,0.00,0.00,0.00,Online,Booking.com,Booking.com,On Account,Canceled,,srober.517603@guest.booking.com,+707949681572,,"Genius Rate  Non-Smoking  Promos: Mobile(App) Rate  There is no meal option with this room. Children and Extra Bed Policy: Children of any age are allowed. You haven't added any cots. You haven't added any extra beds. The maximum number of guests is 2.  Deposit Policy: The guest will be charged a prepayment of the total price of the reservation at any time.  Cancellation Policy: The guest can cancel free of charge until 2 days before arrival. The guest will be charged the total price of the reservation if they cancel in the 2 days before arrival.  payment_on_Booking.com (Payout type: BankTransfer)  ** THIS RESERVATION HAS BEEN PRE-PAID ** BOOKING NOTE : Payment charge is GBP 9.3312  Genius Booker ",,,,,"2026-02-13",,,,
The Valley of Rocks Hotel,2026-08-20T15:24:03,294-363-341,PUJ-465-668,5283737175,,Liz,Diorazio,"2027-02-27","2027-02-28",1,Superior Double room Ensuite,Base Rate,Room 22,,2,0,GBP,69.00,69.00,69.00,0.00,Online,Booking.com,Booking.com,On Account,Confirmed,,ldiora.383484@guest.booking.com,+44 7539 107939,,"Non-Smoking  Breakfast costs GBP12.50 per person per night. Children and Extra Bed Policy: Children of any age are allowed. You haven't added any cots. You haven't added any extra beds. The maximum number of guests is 2.  Deposit Policy: The guest will be charged a prepayment of the total price of the reservation at any time.  Cancellation Policy: The guest can cancel free of charge until 5 days before arrival. The guest will be charged the total price of the reservation if they cancel in the 5 days before arrival.  payment_on_Booking.com (Payout type: BankTransfer)  ** THIS RESERVATION HAS BEEN PRE-PAID ** BOOKING NOTE : Payment charge is GBP 1.104  Genius Booker ",,,,,"2026-08-20",,,,
