sep=,
Property,Booking Date,Booking Reference,Order Reference,OTA Reference,Group,Guest First Name,Guest Last Name,Check In,Check Out,Nights,Room/Unit Type,Rate Plan,Room/Unit Name,Beds,Adults,Children,Currency,Total Revenue,Paid Amount,Room/Unit Revenue,Other Revenue,Method,Source,Channel,Payment Method,Booking Status,Arrival,Guest Email,Guest Phone 1,Guest Phone 2,Booking Notes,Extras Booked Online,Promo Name,Promo Code,Promo Discount,Booking Date and Time,CompanyName,MemberId,Tag
The Carlton Hotel,2026-09-16T15:23:08,012-090-402,LEC-986-277,5538959246,,Jason,Holland,"2026-09-16","2026-09-18",2,Standard Sea view Double room,Base Rate,Room 209,,1,0,GBP,87.94,87.94,87.94,0.00,Online,Booking.com,Booking.com,On Account,Confirmed,,jholla.675490@guest.booking.com,+44 7590 228020,,"Non-Smoking  Promos: Domestic  There is no meal option with this room. Children and Extra Bed Policy: Children of any age are allowed. You haven't added any cots. You haven't added any extra beds. The maximum number of guests is 2.  Deposit Policy: The guest will be charged a prepayment of the total price of the reservation at any time.  Cancellation Policy: The guest will be charged the total price of the reservation if they cancel at any time.  payment_on_Booking.com (Payout type: BankTransfer)  ** THIS RESERVATION HAS BEEN PRE-PAID ** BOOKING NOTE : Payment charge is GBP 1.40704  Genius Booker ",,,,,"2026-09-16",,,Upgraded,
Amsterdam Hotel,2026-09-14T12:52:10,014-265-291,VTH-533-450,6236438152,,Simon,Cook,"2026-09-16","2026-09-17",1,Quad room-Ensuite/Amsterdam,Non Refundable Rate,Room 5 1ST Floor Refurbished,,1,0,GBP,117.04,117.04,117.04,0.00,Online,Booking.com,Booking.com,On Account,Confirmed,,scook.746791@guest.booking.com,+44 7812 075056,,"Genius Rate  Non-Smoking  There is no meal option with this room. Children and Extra Bed Policy: Children of any age are allowed. You haven't added any cots. You haven't added any extra beds. The maximum number of guests is 4.  Deposit Policy: The guest will be charged a prepayment of the total price of the reservation at any time.  Cancellation Policy: The guest will be charged the total price of the reservation if they cancel at any time.  payment_on_Booking.com (Payout type: BankTransfer)  ** THIS RESERVATION HAS BEEN PRE-PAID ** BOOKING NOTE : Payment charge is GBP 1.87264  Genius Booker ",,,,,"2026-09-14",,,,
La Casa Studios Near Hyde Park,2026-09-04T21:47:51,014-489-121,RCT-011-352,6965447809,,Amal,Osman,"2026-09-16","2026-09-20",4,Standard Studio Ensuite with Shower- La Casa,Base Rate,Studio 22,,2,0,GBP,483.72,483.72,448.72,35.00,Online,Booking.com,Booking.com,On Account,Confirmed,"3:00 PM",amal-barry@hotmail.com,+447453242624,,"Genius Rate  Non-Smoking  There is no meal option with this room. Children and Extra Bed Policy: Children of any age are allowed. You haven't added any cots. You haven't added any extra beds. The maximum number of guests is 2.  Deposit Policy: The guest will be charged a prepayment of the total price of the reservation at any time.  Cancellation Policy: The guest will be charged the total price of the reservation if they cancel at any time.  payment_on_Booking.com (Payout type: BankTransfer)  ** THIS RESERVATION HAS BEEN PRE-PAID ** Reservation has a cancellation grace period. Do not charge if cancelled before 2026-09-05 22:46:33 BOOKING NOTE : Payment charge is GBP 7.73952  Genius Booker ",,,,,"2026-09-04",,,Instructions sent,
Avalon Guest house,2026-09-12T02:23:06,014-913-564,VVV-088-853,1418fb94e984-8507a4425813b7d829767610797b6cd5@airbnb.com,,Murathan,iCal,"2026-09-16","2026-09-18",2,Single room-Standard-Ensuite,Base Rate,No. 13 - Room B1,,1,0,GBP,52.10,52.10,52.10,0.00,iCal,ical1,,Deposit (Variable),Confirmed,,,+905451223050,,"Reservation URL: https://www.airbnb.com/hosting/reservations/details/HMRWPA9PDY Murathan Sep 16 – 18 · 2 nights B1 Ocean · Cozy Basement single Room central Brighton ",,,,,"2026-09-12",,,,
The Kirkdale Hotel,2026-08-21T23:09:47,019-218-811,ODF-965-869,5630174049,,emanuele,salomone,"2026-09-16","2026-09-18",2,Deluxe Single room Ensuite,Base Rate,Room 16 - 1st F,,1,0,GBP,117.53,117.53,117.53,0.00,Online,Booking.com,Booking.com,On Account,Confirmed,,esalom.309648@guest.booking.com,+39 328 217 0905,,"Genius Rate  Non-Smoking  There is no meal option with this room. Children and Extra Bed Policy: Children of any age are allowed. You haven't added any cots. You haven't added any extra beds. The maximum number of guests is 1.  Deposit Policy: The guest will be charged a prepayment of the total price of the reservation at any time.  Cancellation Policy: The guest can cancel free of charge until 5 days before arrival. The guest will be charged the total price of the reservation if they cancel in the 5 days before arrival.  payment_on_Booking.com (Payout type: BankTransfer)  ** THIS RESERVATION HAS BEEN PRE-PAID ** BOOKING NOTE : Payment charge is GBP 1.88048  Genius Booker ",,,,,"2026-08-21",,,,
The Carlton Hotel,2026-09-16T19:05:29,021-912-891,NKT-614-486,,,James,Owen,"2026-09-16","2026-09-17",1,Family Triple Room Ensuite,Base Rate,Room 201,,1,0,GBP,90.00,90.00,90.00,0.00,Direct,,,On Account,Confirmed,,,+447851873332,,,,,,,"2026-09-16",,,,
The Rose and Crown Hotel,2026-09-15T12:24:58,024-860-624,KSL-596-699,,,Tayor,Douglas,"2026-09-16","2026-09-19",3,Family-Triple room-Ensuite,Base Rate,Room 305,,1,0,GBP,240.00,240.00,240.00,0.00,Direct,,,On Account,Confirmed,,charlietaylor1976@outlook.com,+447840229771,,"booking by Mahmoud Payment on Arrival",,,,,"2026-09-15",,,,
Avalon Guest house,2026-09-16T17:57:23,025-142-301,JNP-563-586,6138171551,,Simon,Ghazal,"2026-09-16","2026-09-17",1,Double room-Standard Ensuite,Non Refundable,Room 8,,1,0,GBP,40.50,40.50,40.50,0.00,Online,Booking.com,Booking.com,On Account,Confirmed,,sghaza.554271@guest.booking.com,+44 7466 294128,,"Non-Smoking  Promos: Mobile(App) Rate  There is no meal option with this room. Children and Extra Bed Policy: Children of any age are allowed. You haven't added any cots. You haven't added any extra beds. The maximum number of guests is 2.  Deposit Policy: The guest will be charged a prepayment of the total price of the reservation at any time.  Cancellation Policy: The guest will be charged the total price of the reservation if they cancel at any time.  payment_on_Booking.com (Payout type: BankTransfer)  ** THIS RESERVATION HAS BEEN PRE-PAID ** BOOKING NOTE : Payment charge is GBP 0.648  Genius Booker ",,,,,"2026-09-16",,,,
The Carlton Hotel,2026-09-16T10:40:01,029-996-542,EEX-230-505,,,Jamie ,Rivett,"2026-09-16","2026-09-17",1,Classic Double room Ensuite,,Room 4,,1,0,GBP,0.00,0.00,0.00,0.00,Direct,,,On Account,Canceled,,,+447793315602,,,,,,,"2026-09-16",,,Relocation Done,
La Casa Studios Near Hyde Park,2026-08-04T06:27:40,033-213-352,GCT-957-757,5648431210,,Ana,Pastilha,"2026-09-16","2026-09-23",7,Standard Studio Ensuite with Shower- La Casa,Base Rate,Studio 9,,2,0,GBP,659.66,659.66,624.66,35.00,Online,Booking.com,Booking.com,On Account,Confirmed,,apasti.677278@guest.booking.com,+351 963 467 313,,"Genius Rate  Non-Smoking  There is no meal option with this room. Children and Extra Bed Policy: Children of any age are allowed. You haven't added any cots. You haven't added any extra beds. The maximum number of guests is 2.  Deposit Policy: The guest will be charged a prepayment of the total price of the reservation at any time.  Cancellation Policy: The guest can cancel free of charge until 5 days before arrival. The guest will be charged the total price of the reservation if they cancel in the 5 days before arrival.  payment_on_Booking.com (Payout type: BankTransfer)  ** THIS RESERVATION HAS BEEN PRE-PAID ** BOOKING NOTE : Payment charge is GBP 10.55456  Genius Booker ",,,,,"2026-08-04",,,Instructions sent,
Savoy Hotel,2026-08-28T18:32:41,033-505-921,TZL-351-256,6465282922,,sara,Johnson,"2026-09-16","2026-09-17",1,Comfort-Single room-Ensuite-Savoy,Non refundable,Room 18,,1,0,GBP,151.00,51.00,51.00,100.00,Online,Booking.com,Booking.com,On Account,Confirmed,,sjohns.812126@guest.booking.com,+44 7505 001885,,"Non-Smoking  There is no meal option with this room. Children and Extra Bed Policy: Children of any age are allowed. You haven't added any cots. You haven't added any extra beds. The maximum number of guests is 1.  Deposit Policy: The guest will be charged a prepayment of the total price of the reservation at any time.  Cancellation Policy: The guest will be charged the total price of the reservation if they cancel at any time.  payment_on_Booking.com (Payout type: BankTransfer)  ** THIS RESERVATION HAS BEEN PRE-PAID ** BOOKING NOTE : Payment charge is GBP 0.816  Genius Booker ",,,,,"2026-08-28",,,,
Bonair Hotel,2026-09-16T17:56:26,041-143-594,JEW-363-095,,,,Flavia,"2026-09-16","2026-09-18",2,Standard-Double room-Ensuite,Base Rate,Room 7,,1,0,GBP,150.00,150.00,150.00,0.00,Direct,,,On Account,Confirmed,,,,,,,,,,"2026-09-16",,,,
Savoy Hotel,2026-09-16T11:17:17,052-984-661,OJY-213-706,,,OSO,TOM,"2026-09-16","2026-09-17",1,Single room-Standard-Ensuite-Sea view-Brichfield,Non Refundable,Room 302 brichfield,,1,0,GBP,50.00,50.00,50.00,0.00,Direct,,,On Account,Confirmed,,,,,"50 Cash: https://cliq.zoho.com/company/814408698/chats/CT_2204020840484541049_P814408698-C4/messages/1789553603202_41174403706998",,,,,"2026-09-16",,,,
Number 19 Brighton,2026-09-15T13:27:15,053-209-201,KYQ-604-221,6750065009,,Heather,Tully-Bolton,"2026-09-16","2026-09-17",1,Standard-Double room-Ensuite,Non Refundable,Room 04,,1,0,GBP,45.00,45.00,45.00,0.00,Online,Booking.com,Booking.com,On Account,Confirmed,,htully.629390@guest.booking.com,+44 7934 276847,,"Non-Smoking  Promos: Mobile(App) Rate  There is no meal option with this room. Children and Extra Bed Policy: Children of any age are allowed. You haven't added any cots. You haven't added any extra beds. The maximum number of guests is 2.  Deposit Policy: The guest will be charged a prepayment of the total price of the reservation at any time.  Cancellation Policy: The guest can cancel free of charge until 7 days before arrival. The guest will be charged the total price of the reservation if they cancel in the 7 days before arrival. If the guest doesn’t show up, they will be charged the total price of the reservation.  payment_on_Booking.com (Payout type: BankTransfer)  ** THIS RESERVATION HAS BEEN PRE-PAID ** BOOKING NOTE : Payment charge is GBP 0.72  Genius Booker ",,,,,"2026-09-15",,,Instructions sent,
The Kirkdale Hotel,2026-07-27T20:47:09,053-533-454,GDX-543-107,2520119629,,Soheil,Pirbay,"2026-09-16","2026-09-17",1,Standard Single room Ensuite,,Room 9 - 1st F,,1,0,GBP,0.00,0.00,0.00,0.00,Online,Expedia,Expedia & Affiliate Network,On Account,Canceled,,bfkpnfooo5@m.expediapartnercentral.com,11111111111,,"Expedia collects payment from traveler: Hotel invoices Expedia. ",,,,,"2026-07-27",,,,
Savoy Hotel,2026-09-16T21:33:29,055-118-334,QSB-154-820,6138151900,,Manole,Manole,"2026-09-16","2026-09-17",1,Double room-Ensuite-savoy,Non refundable,Room 02,,1,0,GBP,159.30,59.30,49.30,110.00,Online,Booking.com,Booking.com,On Account,Confirmed,,mmanol.211072@guest.booking.com,+40 7725221854,,"Non-Smoking  Promos: Mobile(App) Rate  There is no meal option with this room. Children and Extra Bed Policy: Children of any age are allowed. You haven't added any cots. You haven't added any extra beds. The maximum number of guests is 2.  Deposit Policy: The guest will be charged a prepayment of the total price of the reservation at any time.  Cancellation Policy: The guest will be charged the total price of the reservation if they cancel at any time.  payment_on_Booking.com (Payout type: BankTransfer)  ** THIS RESERVATION HAS BEEN PRE-PAID ** BOOKING NOTE : Payment charge is GBP 0.7888  Genius Booker ",,,,,"2026-09-16",,,,
The Beresford Hotel,2026-03-13T18:01:24,060-315-052,JJC-653-805,6138799877,,Jenny,Bradshaw,"2026-09-16","2026-09-17",1,Single room-Standard-Ensuite,,307,,1,0,GBP,0.00,0.00,0.00,0.00,Online,Booking.com,Booking.com,On Account,Canceled,,jbrads.299851@guest.booking.com,+44 7507 666548,,"Non-Smoking  There is no meal option with this room. Children and Extra Bed Policy: Children of any age are allowed. You haven't added any cots. You haven't added any extra beds. The maximum number of guests is 1.  Deposit Policy: The guest will be charged a prepayment of the total price of the reservation at any time.  Cancellation Policy: The guest can cancel free of charge until 5 days before arrival. The guest will be charged the total price of the reservation if they cancel in the 5 days before arrival.  payment_on_Booking.com (Payout type: BankTransfer)  ** THIS RESERVATION HAS BEEN PRE-PAID ** BOOKING NOTE : Payment charge is GBP 1.44  Genius Booker ",,,,,"2026-03-13",,,,
The Carlton Hotel,2026-03-27T08:06:24,062-982-022,VNN-535-227,642262983,,Ian,Storey,"2026-09-16","2026-09-18",2,Family Triple Room Ensuite,Non Refundable,Room 124,,3,0,GBP,130.50,130.50,130.50,0.00,Online,Agoda,Agoda,On Account,Confirmed,,ianstorey13@hotmail.com,+447948013909,,"ianstorey13@hotmail.com  ",,,,,"2026-03-27",,,,
Crofton House Hotel,2026-09-15T16:25:20,064-881-241,ZCA-991-905,2559470426,,Valerie,Clark,"2026-09-16","2026-09-18",2,Comfort-Single room-Ensuite,Non Refundable,Cottage Single Room 8,,1,0,GBP,88.34,88.34,88.34,0.00,Online,Expedia,Expedia & Affiliate Network,On Account,Confirmed,,hklutao2014@163.com,1111111111111,,"1 Twin Bed Expedia collects payment from traveler: Hotel invoices Expedia. ",,,,,"2026-09-15",,,,
The Kirkdale Hotel,2026-09-13T13:26:44,065-410-652,FUI-465-642,5275999573,,Malena,Pfister,"2026-09-16","2026-09-18",2,Standard Double room Ensuite,Non Refundable,Room 18 - 2nd F,,2,0,GBP,100.49,100.49,100.49,0.00,Online,Booking.com,Booking.com,On Account,Confirmed,,pfister.malena@gmx.ch,+41792608648,,"Genius Rate  Non-Smoking  There is no meal option with this room. Children and Extra Bed Policy: Children of any age are allowed. You haven't added any cots. You haven't added any extra beds. The maximum number of guests is 2.  Deposit Policy: The guest will be charged a prepayment of the total price of the reservation at any time.  Cancellation Policy: The guest will be charged the total price of the reservation if they cancel at any time.  payment_on_Booking.com (Payout type: BankTransfer)  ** THIS RESERVATION HAS BEEN PRE-PAID ** Reservation has a cancellation grace period. Do not charge if cancelled before 2026-09-14 14:25:30 BOOKING NOTE : Payment charge is GBP 1.60784  Genius Booker ",,,,,"2026-09-13",,,Instructions sent,
Torpark hotel,2026-09-10T15:21:45,082-629-092,WXI-212-258,,,,Stephen Hyland,"2026-09-16","2026-09-30",14,Standard-Twin room Ensuite,Base Rate,Room 42 Ground Floor,,1,0,GBP,1512.00,1512.00,1512.00,0.00,Direct,,,On Account,Confirmed,,,,,Somerset ,,,,,"2026-09-10",,,,
Savoy Hotel,2026-09-14T11:11:55,089-521-122,FXM-275-411,6766011055,,Stuart,Taylor,"2026-09-16","2026-09-18",2,Deluxe-Double room-Ensuite-Savoy,Base Rate,Room 05,,2,0,GBP,209.00,109.00,109.00,100.00,Online,Booking.com,Booking.com,On Account,Confirmed,,staylo.139792@guest.booking.com,+44 7592 995199,,"Non-Smoking  There is no meal option with this room. Children and Extra Bed Policy: Children of any age are allowed. You haven't added any cots. You haven't added any extra beds. The maximum number of guests is 2.  Deposit Policy: The guest will be charged a prepayment of the total price of the reservation at any time.  Cancellation Policy: The guest will be charged the total price of the reservation if they cancel at any time.  payment_on_Booking.com (Payout type: BankTransfer)  ** THIS RESERVATION HAS BEEN PRE-PAID ** BOOKING NOTE : Payment charge is GBP 1.744  Genius Booker ",,,,,"2026-09-14",,,,
Cluny Hill Hotel,2026-08-11T18:00:39,090-198-052,ZDS-856-199,,,Joanne,,"2026-09-16","2026-09-23",7,Standard Twin room ,,Room 49,,1,0,GBP,0.00,0.00,0.00,0.00,Direct,,,On Account,Canceled,,,,,,,,,,"2026-08-11",,,,
The Beresford Hotel,2026-05-21T23:52:43,098-806-342,SAJ-322-826,5900275974,,amanda,farmer,"2026-09-16","2026-09-19",3,Twin room-Standard-Ensuite-Sea view,,6,,2,0,GBP,0.00,0.00,0.00,0.00,Online,Booking.com,Booking.com,On Account,Canceled,,afarme.270704@guest.booking.com,+44 7930 670598,,"Non-Smoking  Promos: Mobile(App) Rate  There is no meal option with this room. Children and Extra Bed Policy: Children of any age are allowed. You haven't added any cots. You haven't added any extra beds. The maximum number of guests is 2.  Deposit Policy: The guest will be charged a prepayment of the total price of the reservation at any time.  Cancellation Policy: The guest can cancel free of charge until 5 days before arrival. The guest will be charged the total price of the reservation if they cancel in the 5 days before arrival.  payment_on_Booking.com (Payout type: BankTransfer)  ** THIS RESERVATION HAS BEEN PRE-PAID ** BOOKING NOTE : Payment charge is GBP 3.6576  Genius Booker ",,,,,"2026-05-21",,,,
The Dolphin Hotel,2026-09-12T23:27:20,098-995-221,PAU-824-204,6565846905,,wai,kong wong,"2026-09-16","2026-09-17",1,Standard-Family room-Private Bathroom,48 Hours Flexible Policy,Room 104,,2,0,GBP,75.24,75.24,75.24,0.00,Online,Booking.com,Booking.com,On Account,Confirmed,,wwong.206468@guest.booking.com,+44 7944 322047,,"Non-Smoking  Promos: Domestic  There is no meal option with this room. Children and Extra Bed Policy: Children of any age are allowed. You haven't added any cots. You haven't added any extra beds. The maximum number of guests is 4.  Deposit Policy: The guest will be charged a prepayment of the total price of the reservation at any time.  Cancellation Policy: The guest can cancel free of charge until 2 days before arrival. The guest will be charged the total price of the reservation if they cancel in the 2 days before arrival.  payment_on_Booking.com (Payout type: BankTransfer)  ** THIS RESERVATION HAS BEEN PRE-PAID ** We have a small sausage dog hope this is ok BOOKING NOTE : Payment charge is GBP 1.20384  Genius Booker ",,,,,"2026-09-12",,,,
The Carlton Hotel,2026-09-11T18:02:57,108-551-284,TCE-565-129,,,grett,mike ,"2026-09-16","2026-09-18",2,Standard Sea view Double room,Non Refundable,Room 121,,1,0,GBP,121.00,121.00,121.00,0.00,Direct,,,On Account,Confirmed,"2:00 PM",,+447831224870,,,,,,,"2026-09-11",,,,
Amsterdam Hotel,2026-09-14T11:06:27,112-085-624,UCK-810-643,6194979858,,Nicholas,Ritchie,"2026-09-16","2026-09-17",1,Compact-Double room-Ensuite/Amsterdam,Non Refundable rate,Room 18 4TH Floor Refurbished,,1,0,GBP,85.12,85.12,85.12,0.00,Online,Booking.com,Booking.com,On Account,Confirmed,,nritch.583606@guest.booking.com,+61 427 831 414,,"Genius Rate  Non-Smoking  There is no meal option with this room. Children and Extra Bed Policy: Children of any age are allowed. You haven't added any cots. You haven't added any extra beds. The maximum number of guests is 2.  Deposit Policy: The guest will be charged a prepayment of the total price of the reservation at any time.  Cancellation Policy: The guest will be charged the total price of the reservation if they cancel at any time.  payment_on_Booking.com (Payout type: BankTransfer)  ** THIS RESERVATION HAS BEEN PRE-PAID ** BOOKING NOTE : Payment charge is GBP 1.36192  Tennis Australia  Genius Booker ",,,,,"2026-09-14",,,Instructions sent,
Savoy Hotel,2026-09-11T17:42:14,114-964-891,TGO-528-694,6740473104,,Ellen,Jones,"2026-09-16","2026-09-17",1,Double room-Standard-Ensuite-Balcony-Sea View-Birchfield,Non refundable,Room 301 brichfield,,2,0,GBP,167.00,67.00,67.00,100.00,Online,Booking.com,Booking.com,On Account,Confirmed,,ejones.312922@guest.booking.com,+44 7301 921533,,"Non-Smoking  There is no meal option with this room. Children and Extra Bed Policy: Children of any age are allowed. You haven't added any cots. You haven't added any extra beds. The maximum number of guests is 2.  Deposit Policy: The guest will be charged a prepayment of the total price of the reservation at any time.  Cancellation Policy: The guest will be charged the total price of the reservation if they cancel at any time.  payment_on_Booking.com (Payout type: BankTransfer)  ** THIS RESERVATION HAS BEEN PRE-PAID ** BOOKING NOTE : Payment charge is GBP 1.072 ",,,,,"2026-09-11",,,,
Cluny Hill Hotel,2026-08-15T12:21:22,116-842-464,LYV-912-545,2535222253,,Jane,Aldiss,"2026-09-16","2026-09-23",7,Standard Double room,,Room 36,,2,0,GBP,0.00,0.00,0.00,0.00,Online,Expedia,Expedia & Affiliate Network,On Account,Canceled,,rduoolf7k8@m.expediapartnercentral.com,111111111111,,"Expedia collects payment from traveler: Hotel invoices Expedia. ",,,,,"2026-08-15",,,,
Cluny Hill Hotel,2026-09-14T22:30:37,118-492-082,YZY-785-385,5296971285,,GREGG,WHITEHEAD,"2026-09-16","2026-09-17",1,Standard Twin room ,Non Refundable,Room 53,,1,0,GBP,38.96,38.96,38.96,0.00,Online,Booking.com,Booking.com,On Account,Confirmed,,gwhite.261528@guest.booking.com,+44 7771 895450,,"Genius Rate  Non-Smoking  There is no meal option with this room. Children and Extra Bed Policy: Children of any age are allowed. You haven't added any cots. You haven't added any extra beds. The maximum number of guests is 2.  Deposit Policy: The guest will be charged a prepayment of the total price of the reservation at any time.  Cancellation Policy: The guest will be charged the total price of the reservation if they cancel at any time.  payment_on_Booking.com (Payout type: BankTransfer)  ** THIS RESERVATION HAS BEEN PRE-PAID ** BOOKING NOTE : Payment charge is GBP 0.62336  Gregg Whitehead Agencies  Genius Booker ",,,,,"2026-09-14",,,,
Avalon Guest house,2026-09-10T06:16:25,123-993-101,CZE-927-878,1418fb94e984-c87e6cf962632e012e8b9c4e14b423b8@airbnb.com,,Reserved,iCal,"2026-09-16","2026-09-18",2,Single room-Standard-Ensuite,,No. 13 - Room B1,,1,0,GBP,0.00,0.00,0.00,0.00,iCal,ical1,,Deposit (Variable),Canceled,,,,,Reservation URL: https://www.airbnb.com/hosting/reservations/details/HMSJKMYPSA,,,,,"2026-09-10",,,,
Bonair Hotel,2026-09-16T10:10:45,125-553-691,MIA-889-932,,,,Oliver Wilson,"2026-09-16","2026-09-17",1,Standard-Double room-Ensuite,Base Rate,Room 21,,1,0,GBP,45.00,45.00,45.00,0.00,Direct,,,On Account,Confirmed,,,,,,,,,,"2026-09-16",,,,
Amsterdam Hotel,2026-09-09T08:24:05,130-513-014,DLF-176-655,2554553781,,PETER,DECUYPERE,"2026-09-16","2026-09-17",1,Single room-Standard-Ensuite/Amsterdam,Non Refundable Rate,Room 1 Basement refurbished,,1,0,GBP,90.99,90.99,90.99,0.00,Online,Expedia Affiliate Network,Expedia & Affiliate Network,On Account,Confirmed,,bolbbookings@expediagroup.com,+32479922578,,"1 Twin Bed Expedia collects payment from traveler: Hotel invoices Expedia. ",,,,,"2026-09-09",,,,
Cluny Hill Hotel,2026-07-23T16:49:24,131-343-394,TMF-661-495,,,Valerie Taylor &amp;,Ute Niedner,"2026-09-16","2026-09-23",7,Standard Twin room ,Base Rate,Room 30,,1,0,GBP,0.00,See 069-365-824,0.00,0.00,Direct,,,On Account,Confirmed,,taylorvalj@gmail.com,+447407652701,,,,,,,"2026-07-23",,,,
The Carlton Hotel,2026-09-16T09:36:49,138-196-021,APA-982-069,5811031776,,Pickering,John,"2026-09-16","2026-09-18",2,Classic Double room Ensuite,Non Refundable,Room 4,,2,0,GBP,86.45,86.45,86.45,0.00,Online,Booking.com,Booking.com,On Account,Confirmed,,pjohn.674954@guest.booking.com,+44 7984 554297,,"Non-Smoking  Promos: Domestic  There is no meal option with this room. Children and Extra Bed Policy: Children of any age are allowed. You haven't added any cots. You haven't added any extra beds. The maximum number of guests is 2.  Deposit Policy: The guest will be charged a prepayment of the total price of the reservation at any time.  Cancellation Policy: The guest will be charged the total price of the reservation if they cancel at any time.  payment_on_Booking.com (Payout type: BankTransfer)  ** THIS RESERVATION HAS BEEN PRE-PAID ** BOOKING NOTE : Payment charge is GBP 1.3832  Genius Booker ",,,,,"2026-09-16",,,,
Cambria Hotel,2026-09-16T22:43:35,138-636-321,NBV-133-365,6138188172,,Trevor,Green,"2026-09-16","2026-09-18",2,Standard-Double room-Ensuite,Base Rate,Room 7,,1,0,GBP,99.00,99.00,99.00,0.00,Online,Booking.com,Booking.com,On Account,Confirmed,,tgreen.702784@guest.booking.com,+44 7949 252653,,"Non-Smoking  There is no meal option with this room. Children and Extra Bed Policy: Children of any age are allowed. You haven't added any cots. You haven't added any extra beds. The maximum number of guests is 2.  Deposit Policy: The guest will be charged a prepayment of the total price of the reservation at any time.  Cancellation Policy: The guest can cancel free of charge until 7 days before arrival. The guest will be charged the total price of the reservation if they cancel in the 7 days before arrival.  payment_on_Booking.com (Payout type: BankTransfer)  ** THIS RESERVATION HAS BEEN PRE-PAID ** BOOKING NOTE : Payment charge is GBP 1.584  Genius Booker ",,,,,"2026-09-16",,,,
The Rose and Crown Hotel,2026-09-16T13:28:33,138-844-992,LHO-056-197,,,Christopher  ,Papp,"2026-09-16","2026-09-17",1,Deluxe-Double room-Ensuite,Non Refundable,Room 202,,2,0,GBP,67.32,67.32,67.32,0.00,Online,Google Hotel Ads,Google Hotel Ads,Pay On Arrival,Confirmed,"4:00 PM",chrispapp67@gmail.com,+447501400246,,"Guest may be will extend tomorrow , will confirm at 10:00 AM ",,,,,"2026-09-16",,,,
Holland Rd Studios Close to Olympia London,2026-09-09T12:48:40,143-436-132,XTM-366-055,6163714679,,Ghadah,Abdullah,"2026-09-16","2026-09-18",2,Single-Studio-Ensuite with Shower HR,Non refundable rate,Flat 15 3rd,,1,0,GBP,157.02,157.02,122.02,35.00,Online,Booking.com,Booking.com,On Account,Confirmed,,gabdul.193558@guest.booking.com,+44 447438283613,,"Genius Rate  Non-Smoking  Promos: Domestic  There is no meal option with this room. Children and Extra Bed Policy: Children of any age are allowed. 1 child (up to and including 2 years old) stays for free when using available cots.  You haven't added any extra beds. The maximum number of cots is 1. The maximum number of guests is 1.  Deposit Policy: The guest will be charged a prepayment of the total price of the reservation at any time.  Cancellation Policy: The guest will be charged the total price of the reservation if they cancel at any time.  payment_on_Booking.com (Payout type: BankTransfer)  ** THIS RESERVATION HAS BEEN PRE-PAID ** BOOKING NOTE : Payment charge is GBP 2.51232  Genius Booker ",,,,,"2026-09-09",,,Instructions sent,
Savoy Hotel,2026-09-16T20:35:38,144-092-441,DHT-360-167,5824233709,,Simon,Williams,"2026-09-16","2026-09-17",1,Twin room-Standard-Ensuite-Brichfield,Non Refundable,Room 404 brichfield,,2,0,GBP,158.00,58.00,58.00,100.00,Online,Booking.com,Booking.com,On Account,Confirmed,,swilli.935058@guest.booking.com,+44 7449 061404,,"Non-Smoking  There is no meal option with this room. Children and Extra Bed Policy: Children of any age are allowed. You haven't added any cots. You haven't added any extra beds. The maximum number of guests is 2.  Deposit Policy: The guest will be charged a prepayment of the total price of the reservation at any time.  Cancellation Policy: The guest will be charged the total price of the reservation if they cancel at any time.  payment_on_Booking.com (Payout type: BankTransfer)  ** THIS RESERVATION HAS BEEN PRE-PAID ** BOOKING NOTE : Payment charge is GBP 0.928  Genius Booker ",,,,,"2026-09-16",,,,
The Beresford Hotel,2026-09-16T22:34:38,144-621-161,XOS-144-105,,,,Dany ,"2026-09-16","2026-09-18",2,Double room-Standard-Ensuite-Sea view,Base Rate,102,,1,0,GBP,85.00,85.00,85.00,0.00,Direct,,,On Account,Confirmed,,,,,,,,,,"2026-09-16",,,,
Hammersmith Stayz,2026-09-15T22:22:24,145-532-322,FAS-609-930,5988440113,,Charlie,Thompson,"2026-09-16","2026-09-19",3,Standard Double Studio Ensuite/Hammersmith Stayz,Non Refundable,Studio 1 GF,,1,0,GBP,351.55,351.55,321.55,30.00,Online,Booking.com,Booking.com,On Account,Confirmed,,cthomp.526677@guest.booking.com,+61 457 688 192,,"Genius Rate  Non-Smoking  There is no meal option with this room. Children and Extra Bed Policy: Children of any age are allowed. 1 child (up to and including 2 years old) stays for free when using available cots.  You haven't added any extra beds. The maximum number of cots is 1. The maximum number of guests is 2.  Deposit Policy: The guest will be charged a prepayment of the total price of the reservation at any time.  Cancellation Policy: The guest will be charged the total price of the reservation if they cancel at any time.  payment_on_Booking.com (Payout type: BankTransfer)  ** THIS RESERVATION HAS BEEN PRE-PAID ** BOOKING NOTE : Payment charge is GBP 5.6248  Genius Booker ",,,,,"2026-09-15",,,Instructions sent,
Green Gables Hotel,2026-09-16T09:55:07,148-403-264,DTD-120-201,6750076525,,Meynell,John,"2026-09-16","2026-09-17",1,Double room-Standard-Ensuite with Bath,Non Refundable,Room 6,,1,0,GBP,25.84,25.84,25.84,0.00,Online,Booking.com,Booking.com,On Account,Confirmed,,mjohn.901952@guest.booking.com,+44 7933 732136,,"Genius Rate  Non-Smoking  Promos: Mobile(App) Rate  There is no meal option with this room. Children and Extra Bed Policy: Children of any age are allowed. You haven't added any cots. You haven't added any extra beds. The maximum number of guests is 2.  Deposit Policy: The guest will be charged a prepayment of the total price of the reservation at any time.  Cancellation Policy: The guest will be charged the total price of the reservation if they cancel at any time.  payment_on_Booking.com (Payout type: BankTransfer)  ** THIS RESERVATION HAS BEEN PRE-PAID ** BOOKING NOTE : Payment charge is GBP 0.41344  Genius Booker ",,,,,"2026-09-16",,,,
Savoy Hotel,2026-09-10T12:28:13,150-339-341,ATJ-504-103,5757135400,,Jay,Grego,"2026-09-16","2026-09-17",1,Double room-Standard-Ensuite-Sea view-Brichfield,Base Rate,Room 501 brichfield,,1,0,GBP,167.00,134.00,67.00,100.00,Online,Booking.com,Booking.com,On Account,Confirmed,,jgrego.672316@guest.booking.com,+44 7958 509803,,"Group: 2 x Adult, 0 x Child  Non-Smoking  There is no meal option with this room. Children and Extra Bed Policy: Children of any age are allowed. You haven't added any cots. You haven't added any extra beds. The maximum number of guests is 2.  Deposit Policy: The guest will be charged a prepayment of the total price of the reservation at any time.  Cancellation Policy: The guest will be charged the total price of the reservation if they cancel at any time.  payment_on_Booking.com (Payout type: BankTransfer)  ** THIS RESERVATION HAS BEEN PRE-PAID ** This guest would like the rooms in this booking to be close together if possible. BOOKING NOTE : Payment charge is GBP 2.144  Genius Booker ",,,,,"2026-09-10",,,,
The Carlton Hotel,2026-09-12T12:13:43,153-665-202,PLA-580-265,,, Andy,Barnass,"2026-09-16","2026-09-18",2,Superior Twin room Ensuite,,Room 137,,1,0,GBP,0.00,0.00,0.00,0.00,Direct,,,On Account,Canceled,,,+447976385406,,,,,,,"2026-09-12",,,,
The Carlton Hotel,2026-09-14T10:14:12,162-896-832,KRO-376-960,,,STAPHEN ,DYBLE,"2026-09-16","2026-09-17",1,Classic Double room Ensuite,,Room 100,,1,0,GBP,0.00,0.00,0.00,0.00,Direct,,,On Account,Canceled,,,,,,,,,,"2026-09-14",,,Extended (same guest),
Amsterdam Hotel,2026-08-09T17:10:14,168-586-311,OTT-723-013,5869749570,,Ronald,Gabriel Macías,"2026-09-16","2026-09-19",3,Compact-Double room-Ensuite/Amsterdam,,Room 18 4TH Floor Refurbished,,2,0,GBP,0.00,0.00,0.00,0.00,Online,Booking.com,Booking.com,On Account,Canceled,,rmacia.945605@guest.booking.com,+34 674 78 43 35,,"Genius Rate  Non-Smoking  There is no meal option with this room. Children and Extra Bed Policy: Children of any age are allowed. You haven't added any cots. You haven't added any extra beds. The maximum number of guests is 2.  Deposit Policy: The guest will be charged a prepayment of the total price of the reservation at any time.  Cancellation Policy: The guest can cancel free of charge until 2 days before arrival. The guest will be charged the total price of the reservation if they cancel in the 2 days before arrival.  payment_on_Booking.com (Payout type: BankTransfer)  ** THIS RESERVATION HAS BEEN PRE-PAID ** Approximate time of arrival: between 15:00 and 16:00 BOOKING NOTE : Payment charge is GBP 4.93696  Genius Booker ",,,,,"2026-08-09",,,,
The Carlton Hotel,2026-09-14T15:25:31,183-256-631,ZCA-743-917,5790392876,,Wilson,Kevin,"2026-09-16","2026-09-17",1,Standard Sea view Double room,Non Refundable,Room 323,,2,0,GBP,58.32,116.64,58.32,0.00,Online,Booking.com,Booking.com,On Account,Confirmed,,wkevin.429781@guest.booking.com,+44 7786 743268,,"Group: 4 x Adult, 0 x Child  Non-Smoking  Promos: Domestic  There is no meal option with this room. Children and Extra Bed Policy: Children of any age are allowed. You haven't added any extra beds. The maximum number of cots is 1. The maximum number of guests is 2.  Deposit Policy: The guest will be charged a prepayment of the total price of the reservation at any time.  Cancellation Policy: The guest will be charged the total price of the reservation if they cancel at any time.  payment_on_Booking.com (Payout type: BankTransfer)  ** THIS RESERVATION HAS BEEN PRE-PAID ** BOOKING NOTE : Payment charge is GBP 1.86624 This guest would like the rooms in this booking to be close together if possible. Sea views booked please  Genius Booker ",,,,,"2026-09-14",,,LATE CHECK OUT,
The Kirkdale Hotel,2026-09-14T21:41:46,183-392-544,QYO-413-824,6533407410,,Newton,Stokoe,"2026-09-16","2026-09-22",6,Standard Double room Ensuite,Non Refundable,Room 19 - 2nd F,,1,0,GBP,327.11,327.11,327.11,0.00,Online,Booking.com,Booking.com,On Account,Confirmed,,nstoko.109685@guest.booking.com,+1 647 407 7756,,"Genius Rate  Non-Smoking  There is no meal option with this room. Children and Extra Bed Policy: Children of any age are allowed. You haven't added any cots. You haven't added any extra beds. The maximum number of guests is 2.  Deposit Policy: The guest will be charged a prepayment of the total price of the reservation at any time.  Cancellation Policy: The guest will be charged the total price of the reservation if they cancel at any time.  payment_on_Booking.com (Payout type: BankTransfer)  ** THIS RESERVATION HAS BEEN PRE-PAID ** I am travelling for business and I may be using a business credit card. This guest has requested a receipt for their stay. BOOKING NOTE : Payment charge is GBP 5.23376  Genius Booker ",,,,,"2026-09-14",,,,
Number 19 Brighton,2026-09-15T21:13:57,183-508-064,JQC-246-556,6367717022,,Miguel,Costa,"2026-09-16","2026-09-18",2,Standard-Double room-Ensuite,Non Refundable,Room 09,,1,0,GBP,85.50,85.50,85.50,0.00,Online,Booking.com,Booking.com,On Account,Confirmed,,mcosta.715406@guest.booking.com,+447986947019,,"Non-Smoking  Promos: Mobile(App) Rate  There is no meal option with this room. Children and Extra Bed Policy: Children of any age are allowed. You haven't added any cots. You haven't added any extra beds. The maximum number of guests is 2.  Deposit Policy: The guest will be charged a prepayment of the total price of the reservation at any time.  Cancellation Policy: The guest can cancel free of charge until 7 days before arrival. The guest will be charged the total price of the reservation if they cancel in the 7 days before arrival. If the guest doesn’t show up, they will be charged the total price of the reservation.  payment_on_Booking.com (Payout type: BankTransfer)  ** THIS RESERVATION HAS BEEN PRE-PAID ** BOOKING NOTE : Payment charge is GBP 1.368  Genius Booker ",,,,,"2026-09-15",,,Instructions sent,
Avalon Guest house,2026-09-14T07:21:55,183-569-901,HUE-116-954,1418fb94e984-1bc9a0b3cc4720ce7143e26688907943@airbnb.com,,Moa’s,iCal,"2026-09-16","2026-09-18",2,Triple room-Standard-Ensuite,Base Rate,No. 13 - Room 6,,1,0,GBP,80.58,80.58,80.58,0.00,iCal,ical1,,Deposit (Variable),Confirmed,,,+46702979226,,"Reservation URL: https://www.airbnb.com/hosting/reservations/details/HM4J3WQANJ Moa’s group of 2 Sep 16 – 18 · 2 nights R6 ocean · Tiny triple room steps from Brighton beach",,,,,"2026-09-14",,,,
Crofton House Hotel,2026-09-11T08:17:02,184-399-812,BFE-944-955,6719681265,,Rebecca,Rai,"2026-09-16","2026-09-18",2,Double room-Ensuite Crofton,Non Refundable,Room 1 Crofton,,1,0,GBP,106.70,106.70,106.70,0.00,Online,Booking.com,Booking.com,On Account,Confirmed,,rrai.879093@guest.booking.com,+44 7731 671588,,"Genius Rate  Non-Smoking  Promos: Mobile(App) Rate  There is no meal option with this room. Children and Extra Bed Policy: Children of any age are allowed. You haven't added any cots. You haven't added any extra beds. The maximum number of guests is 2.  Deposit Policy: The guest will be charged a prepayment of the total price of the reservation at any time.  Cancellation Policy: The guest will be charged the total price of the reservation if they cancel at any time.  payment_on_Booking.com (Payout type: BankTransfer)  ** THIS RESERVATION HAS BEEN PRE-PAID ** BOOKING NOTE : Payment charge is GBP 1.7072  Genius Booker ",,,,,"2026-09-11",,,,
Holland Rd Studios Close to Olympia London,2026-09-15T19:04:12,188-166-004,FRF-603-430,,,,Khadija Abouzahid,"2026-09-16","2026-09-21",5,Single-Studio-Ensuite with Shower HR,,Flat 16 3rd,,1,0,GBP,0.00,0.00,0.00,0.00,Direct,,,On Account,Canceled,,,,,,,,,,"2026-09-15",,,,
Savoy Hotel,2026-09-16T18:59:33,190-020-921,VFM-273-693,6546237266,,Cosmin,Ionut Dumitru,"2026-09-16","2026-09-17",1,Comfort-Triple room-Ensuite-Savoy,Base Rate,Room 22,,2,0,GBP,156.95,56.95,56.95,100.00,Online,Booking.com,Booking.com,On Account,Confirmed,,cdumit.793807@guest.booking.com,+40 741 424 030,,"Non-Smoking  Promos: Mobile(App) Rate  There is no meal option with this room. Children and Extra Bed Policy: Children of any age are allowed. You haven't added any cots. You haven't added any extra beds. The maximum number of guests is 2.  Deposit Policy: The guest will be charged a prepayment of the total price of the reservation at any time.  Cancellation Policy: The guest will be charged the total price of the reservation if they cancel at any time.  payment_on_Booking.com (Payout type: BankTransfer)  ** THIS RESERVATION HAS BEEN PRE-PAID ** BOOKING NOTE : Payment charge is GBP 0.9112  Genius Booker ",,,,,"2026-09-16",,,,
Cluny Hill Hotel,2026-07-23T16:49:24,190-164-242,TMF-661-495,,,David Briggs,&amp; Vilena Briggs,"2026-09-16","2026-09-23",7,Standard Twin room ,Base Rate,Room 50,,1,0,GBP,370.20,See 069-365-824,370.20,0.00,Direct,,,On Account,Confirmed,,davidbriggsy@gmail.com,+447733103097,,,,,,,"2026-07-23",,,,
Savoy Hotel,2026-09-15T20:08:16,211-265-204,WLH-285-770,2559641679,,Gina,Mitchell,"2026-09-16","2026-09-18",2,Double room-Ensuite-savoy,Non refundable,Room 24,,2,0,GBP,211.60,111.60,111.60,100.00,Online,Expedia,Expedia & Affiliate Network,On Account,Confirmed,,gina_mitch2812@outlook.com,1111111111111,,"Expedia collects payment from traveler: Hotel invoices Expedia. ",,,,,"2026-09-15",,,,
Cluny Hill Hotel,2026-07-23T16:49:24,211-996-022,TMF-661-495,,,Joanne Group,,"2026-09-16","2026-09-23",7,Standard Twin room ,,Room 53,,1,0,GBP,0.00,See 069-365-824,0.00,0.00,Direct,,,On Account,Canceled,,gomdescotland@gmail.com,,,,,,,,"2026-07-23",,,,
La Casa Studios Near Hyde Park,2026-09-15T19:14:09,212-680-332,WQF-893-907,6750000866,,Morgan,Leon,"2026-09-16","2026-09-17",1,Standard Studio Ensuite with Shower- La Casa,,Studio 10,,1,0,GBP,94.35,94.35,94.35,0.00,Online,Booking.com,Booking.com,On Account,Canceled,"7:00 PM",leon.morgan@landways.com,+447597801652,,"Genius Rate  Non-Smoking  There is no meal option with this room. Children and Extra Bed Policy: Children of any age are allowed. You haven't added any cots. You haven't added any extra beds. The maximum number of guests is 2.  Deposit Policy: The guest will be charged a prepayment of the total price of the reservation at any time.  Cancellation Policy: The guest will be charged the total price of the reservation if they cancel at any time.  payment_on_Booking.com (Payout type: BankTransfer)  ** THIS RESERVATION HAS BEEN PRE-PAID ** BOOKING NOTE : Payment charge is GBP 2.0696  Genius Booker  Park Reason: overbooking-Cancel free of charge",,,,,"2026-09-15",,,,
Bonair Hotel,2026-09-16T17:15:39,216-314-881,UZY-986-244,5126057500,,Packham,Albin,"2026-09-16","2026-09-17",1,Standard-Single room-Ensuite,Base Rate,Room 34,,1,0,GBP,33.00,33.00,33.00,0.00,Online,Booking.com,Booking.com,On Account,Confirmed,,palbin.909749@guest.booking.com,+44 7706 229656,,"Non-Smoking  There is no meal option with this room. Children and Extra Bed Policy: Children of any age are allowed. You haven't added any cots. You haven't added any extra beds. The maximum number of guests is 1.  Deposit Policy: The guest will be charged a prepayment of the total price of the reservation at any time.  Cancellation Policy: The guest can cancel free of charge until 7 days before arrival. The guest will be charged the total price of the reservation if they cancel in the 7 days before arrival. If the guest doesn’t show up, they will be charged the total price of the reservation.  payment_on_Booking.com (Payout type: BankTransfer)  ** THIS RESERVATION HAS BEEN PRE-PAID ** BOOKING NOTE : Payment charge is GBP 0.528  Genius Booker ",,,,,"2026-09-16",,,,
The Carlton Hotel,2026-09-10T12:58:34,216-528-831,UUV-984-679,5030837533,,Alban,Fernandez,"2026-09-16","2026-09-20",4,Standard Single room Ensuite,Non Refundable,Room 303,,1,0,GBP,171.90,171.90,171.90,0.00,Online,Booking.com,Booking.com,On Account,Confirmed,,aferna.418750@guest.booking.com,+44 7501 759340,,"Non-Smoking  There is no meal option with this room. Children and Extra Bed Policy: Children of any age are allowed. You haven't added any cots. You haven't added any extra beds. The maximum number of guests is 1.  Deposit Policy: The guest will be charged a prepayment of the total price of the reservation at any time.  Cancellation Policy: The guest will be charged the total price of the reservation if they cancel at any time.  payment_on_Booking.com (Payout type: BankTransfer)  ** THIS RESERVATION HAS BEEN PRE-PAID ** BOOKING NOTE : Payment charge is GBP 2.7504  Genius Booker ",,,,,"2026-09-10",,,,
The Carlton Hotel,2026-09-16T01:25:15,219-280-992,DJU-498-559,6304320796,,Francisco,Desa,"2026-09-16","2026-09-17",1,Classic Double room Ensuite,Non Refundable,Room 110,,2,0,GBP,45.46,45.46,45.46,0.00,Online,Booking.com,Booking.com,On Account,Confirmed,,fdesa.210892@guest.booking.com,+44 7568 982291,,"Non-Smoking  Promos: Domestic  There is no meal option with this room. Children and Extra Bed Policy: Children of any age are allowed. You haven't added any cots. You haven't added any extra beds. The maximum number of guests is 2.  Deposit Policy: The guest will be charged a prepayment of the total price of the reservation at any time.  Cancellation Policy: The guest will be charged the total price of the reservation if they cancel at any time.  payment_on_Booking.com (Payout type: BankTransfer)  ** THIS RESERVATION HAS BEEN PRE-PAID ** BOOKING NOTE : Payment charge is GBP 0.72736  Genius Booker ",,,,,"2026-09-16",,,,
Cluny Hill Hotel,2026-07-23T16:49:24,221-226-862,TMF-661-495,,,Joanne Group,,"2026-09-16","2026-09-23",7,Triple room Standard,,Room 35,,1,0,GBP,0.00,See 069-365-824,0.00,0.00,Direct,,,On Account,Canceled,,gomdescotland@gmail.com,,,,,,,,"2026-07-23",,,,
Green Gables Hotel,2026-09-07T20:31:43,221-625-404,LBF-098-569,6685347521,,Cunningham,Daniel,"2026-09-16","2026-09-19",3,Quad room-Standard-Ensuite,Base Rate,Room 24,,2,0,GBP,90.83,90.83,90.83,0.00,Online,Booking.com,Booking.com,On Account,Confirmed,,cdanie.637865@guest.booking.com,+44 7708 346562,,"Genius Rate  Non-Smoking  Promos: Mobile(App) Rate  There is no meal option with this room. Children and Extra Bed Policy: Children of any age are allowed. You haven't added any cots. You haven't added any extra beds. The maximum number of guests is 2.  Deposit Policy: The guest will be charged a prepayment of the total price of the reservation at any time.  Cancellation Policy: The guest will be charged the total price of the reservation if they cancel at any time.  payment_on_Booking.com (Payout type: BankTransfer)  ** THIS RESERVATION HAS BEEN PRE-PAID ** BOOKING NOTE : Payment charge is GBP 1.45328  Genius Booker ",,,,,"2026-09-07",,,,
Sachi Hotel,2026-01-23T10:51:19,222-501-964,ZTQ-204-720,,,,Daniel Murphy,"2026-09-16","2026-10-16",30,Standard Double room,,Room 7 1st F,,1,0,GBP,0.00,0.00,0.00,0.00,Direct,,,On Account,Canceled,,,,,,,,,,"2026-01-23",,,,
Hammersmith Stayz,2026-05-31T21:32:16,223-836-854,SGK-351-574,6735389873,,Camille,Robin-Champigneul,"2026-09-16","2026-09-19",3,Standard Double Studio Ensuite/Hammersmith Stayz,,Studio 3 GF,,2,1,GBP,0.00,0.00,0.00,0.00,Online,Booking.com,Booking.com,On Account,Canceled,,crobin.625906@guest.booking.com,+33 6 14 52 65 72,,"This booking exceeds the maximum occupancy or maximum adults configured in eviivo suite. Check your setup on your Booking.com extranet.            Genius Rate  Non-Smoking  Promos: International  There is no meal option with this room. Children and Extra Bed Policy: Children of any age are allowed. 1 child (up to and including 2 years old) stays for free when using available cots.  You haven't added any extra beds. The maximum number of cots is 1. The maximum number of guests is 2.  Deposit Policy: The guest will be charged a prepayment of the total price of the reservation at any time.  Cancellation Policy: The guest can cancel free of charge until 5 days before arrival. The guest will be charged the total price of the reservation if they cancel in the 5 days before arrival.  payment_on_Booking.com (Payout type: BankTransfer)  ** THIS RESERVATION HAS BEEN PRE-PAID ** BOOKING NOTE : Payment charge is GBP 3.7224 An extra bed/crib was requested.  Genius Booker ",,,,,"2026-05-31",,,Baby Crib,
The Carlton Hotel,2026-02-01T15:21:08,228-301-241,FSD-115-098,5219272669,,Duncan,Kirk,"2026-09-16","2026-09-26",10,Standard Twin room Ensuite,Base Rate,Room 300,,1,0,GBP,475.20,993.60,475.20,0.00,Online,Booking.com,Booking.com,On Account,Confirmed,,dkirk.882582@guest.booking.com,+44 7922 276901,,"will drop off luggage Group: 2 x Adult, 0 x Child  Non-Smoking  Promos: Mobile(App) Rate  There is no meal option with this room. Children and Extra Bed Policy: Children of any age are allowed. You haven't added any cots. You haven't added any extra beds. The maximum number of guests is 2.  Deposit Policy: The guest will be charged a prepayment of the total price of the reservation at any time.  Cancellation Policy: The guest can cancel free of charge until 5 days before arrival. The guest will be charged the total price of the reservation if they cancel in the 5 days before arrival.  payment_on_Booking.com (Payout type: BankTransfer)  ** THIS RESERVATION HAS BEEN PRE-PAID ** BOOKING NOTE : Payment charge is GBP 15.8976  Genius Booker ",,,,,"2026-02-01",,,,
Savoy Hotel,2026-09-13T16:20:10,228-690-154,OTS-738-976,5525669685,,Natalia,Alcayaga,"2026-09-16","2026-09-17",1,Triple room-Standard-Ensuite-Sea view-Brichfield,Base Rate,Room 401 brichfield,,2,0,GBP,149.30,49.30,49.30,100.00,Online,Booking.com,Booking.com,On Account,Confirmed,,nalcay.144938@guest.booking.com,+353 83 304 0284,,"Non-Smoking  Promos: Mobile(App) Rate  There is no meal option with this room. Children and Extra Bed Policy: Children of any age are allowed. You haven't added any cots. You haven't added any extra beds. The maximum number of guests is 2.  Deposit Policy: The guest will be charged a prepayment of the total price of the reservation at any time.  Cancellation Policy: The guest will be charged the total price of the reservation if they cancel at any time.  payment_on_Booking.com (Payout type: BankTransfer)  ** THIS RESERVATION HAS BEEN PRE-PAID ** BOOKING NOTE : Payment charge is GBP 0.7888  Genius Booker ",,,,,"2026-09-13",,,,
La Casa Studios Near Hyde Park,2026-09-16T14:06:56,229-148-421,EUY-482-293,5466045751,,Nuria,Moreno,"2026-09-16","2026-09-17",1,Standard Studio Ensuite with Shower- La Casa,,Studio 10,,2,0,GBP,63.42,63.42,63.42,0.00,Online,Booking.com,Booking.com,On Account,Canceled,,nuriamor@live.com,+447491389554,,"Genius Rate  Non-Smoking  Promos: Mobile(App) Rate  There is no meal option with this room. Children and Extra Bed Policy: Children of any age are allowed. You haven't added any cots. You haven't added any extra beds. The maximum number of guests is 2.  Deposit Policy: The guest will be charged a prepayment of the total price of the reservation at any time.  Cancellation Policy: The guest will be charged the total price of the reservation if they cancel at any time.  payment_on_Booking.com (Payout type: BankTransfer)  ** THIS RESERVATION HAS BEEN PRE-PAID ** BOOKING NOTE : Payment charge is GBP 1.57472  Genius Booker ",,,,,"2026-09-16",,,,
The Carlton Hotel,2026-08-07T08:53:56,229-261-501,ICP-501-594,5976503751,,Martin,Unsworth,"2026-09-16","2026-09-17",1,Superior Double room Ensuite,Base Rate,Room 119,,1,0,GBP,73.71,147.42,73.71,0.00,Online,Booking.com,Booking.com,On Account,Confirmed,,munswo.434178@guest.booking.com,+44 7768 713224,,"Group: 2 x Adult, 0 x Child  Non-Smoking  Promos: Domestic  There is no meal option with this room. Children and Extra Bed Policy: Children of any age are allowed. You haven't added any cots. You haven't added any extra beds. The maximum number of guests is 2.  Deposit Policy: The guest will be charged a prepayment of the total price of the reservation at any time.  Cancellation Policy: The guest can cancel free of charge until 5 days before arrival. The guest will be charged the total price of the reservation if they cancel in the 5 days before arrival.  payment_on_Booking.com (Payout type: BankTransfer)  ** THIS RESERVATION HAS BEEN PRE-PAID ** BOOKING NOTE : Payment charge is GBP 2.35872  Genius Booker ",,,,,"2026-08-07",,,,
Torpark hotel,2026-09-15T20:30:31,229-266-852,OMQ-076-959,2559657792,,Dominic,Pew,"2026-09-16","2026-09-17",1,Standard Single room Ensuite,Non Refundable,Room 37 2nd Floor,,1,0,GBP,39.60,39.60,39.60,0.00,Online,Expedia,Expedia & Affiliate Network,On Account,Confirmed,,hx370hjc42@m.expediapartnercentral.com,111111111111,,"Expedia collects payment from traveler: Hotel invoices Expedia. ",,,,,"2026-09-15",,,,
Cluny Hill Hotel,2026-07-23T16:49:24,231-069-924,TMF-661-495,,,Leillah ,Sofia R. Toft,"2026-09-16","2026-09-21",5,Triple room Standard,Base Rate,Room 35,,1,0,GBP,365.01,See 069-365-824,365.01,0.00,Direct,,,On Account,Confirmed,,leillahsofia@gmail.com,,,,,,,,"2026-07-23",,,,
Green Gables Hotel,2026-09-16T15:33:29,233-004-594,WYM-970-242,5976170798,,Lee,Denison,"2026-09-16","2026-09-17",1,Twin room-Ensuite,Non Refundable,Room 8,,2,0,GBP,30.54,30.54,30.54,0.00,Online,Booking.com,Booking.com,On Account,Confirmed,,ldenis.649289@guest.booking.com,+44 7777 560684,,"Genius Rate  Non-Smoking  Promos: Mobile(MDot) Rate  There is no meal option with this room. Children and Extra Bed Policy: Children of any age are allowed. You haven't added any cots. You haven't added any extra beds. The maximum number of guests is 2.  Deposit Policy: The guest will be charged a prepayment of the total price of the reservation at any time.  Cancellation Policy: The guest will be charged the total price of the reservation if they cancel at any time.  payment_on_Booking.com (Payout type: BankTransfer)  ** THIS RESERVATION HAS BEEN PRE-PAID ** BOOKING NOTE : Payment charge is GBP 0.48864  Genius Booker ",,,,,"2026-09-16",,,,
Crofton House Hotel,2026-09-16T08:01:57,234-994-981,JTE-379-625,6024761250,,Robert,Skarzynski,"2026-09-16","2026-09-17",1,Double room-Ensuite Crofton,Non Refundable,Room 6 Crofotn,,1,0,GBP,60.37,60.37,60.37,0.00,Online,Booking.com,Booking.com,On Account,Confirmed,,rskarz.264062@guest.booking.com,+44 7904 880652,,"Genius Rate  Non-Smoking  Promos: Mobile(App) Rate  There is no meal option with this room. Children and Extra Bed Policy: Children of any age are allowed. You haven't added any cots. You haven't added any extra beds. The maximum number of guests is 2.  Deposit Policy: The guest will be charged a prepayment of the total price of the reservation at any time.  Cancellation Policy: The guest will be charged the total price of the reservation if they cancel at any time.  payment_on_Booking.com (Payout type: BankTransfer)  ** THIS RESERVATION HAS BEEN PRE-PAID ** BOOKING NOTE : Payment charge is GBP 0.96592  Genius Booker ",,,,,"2026-09-16",,,,
Wembar Hotel,2026-09-09T11:48:22,242-562-654,VVN-671-092,5732863583,,Anthony,Hutchinson,"2026-09-16","2026-09-17",1,Single room-Standard-Ensuite with Shower/Wembar,Non Refundable,Room 12 - 3rd F,,1,0,GBP,78.20,78.20,78.20,0.00,Online,Booking.com,Booking.com,On Account,Confirmed,,ahutch.688718@guest.booking.com,+353 86 171 5111,,"Non-Smoking  Promos: Getaway Deal  There is no meal option with this room. Children and Extra Bed Policy: Children ages 1 and older are allowed. You haven't added any cots. You haven't added any extra beds. The maximum number of guests is 1.  Deposit Policy: The guest will be charged a prepayment of the total price of the reservation at any time.  Cancellation Policy: The guest will be charged the total price of the reservation if they cancel at any time.  payment_on_Booking.com (Payout type: BankTransfer)  ** THIS RESERVATION HAS BEEN PRE-PAID ** BOOKING NOTE : Payment charge is GBP 1.2512  Genius Booker ",,,,,"2026-09-09",,,Instructions sent,
Bonair Hotel,2026-09-16T08:37:01,243-863-051,EVG-517-029,5988401408,,Nikki,Lewis,"2026-09-16","2026-09-18",2,Standard-Double room-Ensuite,Base Rate,Room 32,,2,0,GBP,104.00,104.00,90.00,14.00,Online,Booking.com,Booking.com,On Account,Confirmed,,nlewis.101570@guest.booking.com,+44 7843 250873,,"£14 Parking: https://cliq.zoho.com/company/814408698/chats/CT_2243196818311844940_P814408698-C4/messages/1789582868953_67111740462309   Non-Smoking  There is no meal option with this room. Children and Extra Bed Policy: Children of any age are allowed. You haven't added any cots. You haven't added any extra beds. The maximum number of guests is 2.  Deposit Policy: The guest will be charged a prepayment of the total price of the reservation at any time.  Cancellation Policy: The guest can cancel free of charge until 7 days before arrival. The guest will be charged the total price of the reservation if they cancel in the 7 days before arrival. If the guest doesn’t show up, they will be charged the total price of the reservation.  payment_on_Booking.com (Payout type: BankTransfer)  ** THIS RESERVATION HAS BEEN PRE-PAID ** BOOKING NOTE : Payment charge is GBP 1.44  Genius Booker ",,,,,"2026-09-16",,,,
The Carlton Hotel,2026-08-07T08:53:56,246-681-024,ICP-501-594,5976503751,,Martin,Unsworth,"2026-09-16","2026-09-17",1,Standard Sea view Double room,Base Rate,Room 102,,1,0,GBP,73.71,See 229-261-501,73.71,0.00,Online,Booking.com,Booking.com,On Account,Confirmed,,munswo.434178@guest.booking.com,+44 7768 713224,,"Group: 2 x Adult, 0 x Child  Non-Smoking  Promos: Domestic  There is no meal option with this room. Children and Extra Bed Policy: Children of any age are allowed. You haven't added any cots. You haven't added any extra beds. The maximum number of guests is 2.  Deposit Policy: The guest will be charged a prepayment of the total price of the reservation at any time.  Cancellation Policy: The guest can cancel free of charge until 5 days before arrival. The guest will be charged the total price of the reservation if they cancel in the 5 days before arrival.  payment_on_Booking.com (Payout type: BankTransfer)  ** THIS RESERVATION HAS BEEN PRE-PAID ** BOOKING NOTE : Payment charge is GBP 2.35872  Genius Booker ",,,,,"2026-08-07",,,,
Cluny Hill Hotel,2026-07-23T16:49:24,249-560-352,TMF-661-495,,,Kenny Gao,&amp; Harald Hansen Føllesdal,"2026-09-16","2026-09-23",7,Standard Twin room ,Base Rate,Room 31,,1,0,GBP,518.40,See 069-365-824,518.40,0.00,Direct,,,On Account,Confirmed,,gkn8225527@gmail.com,,,,,,,,"2026-07-23",,,,
Cluny Hill Hotel,2026-07-23T16:49:24,250-649-451,TMF-661-495,,,Joanne,Group,"2026-09-16","2026-09-23",7,Standard Twin room ,,Room 39,,1,0,GBP,0.00,See 069-365-824,0.00,0.00,Direct,,,On Account,Canceled,,gomdescotland@gmail.com,,,,,,,,"2026-07-23",,,,
Cluny Hill Hotel,2026-07-23T16:49:24,262-062-542,TMF-661-495,,,Jyoti,Marshall,"2026-09-16","2026-09-22",6,Triple room Standard,Base Rate,Room 32,,1,0,GBP,444.19,See 069-365-824,444.19,0.00,Direct,,,On Account,Confirmed,,jyotimarshall35@gmail.com,+17539013370,,,,,,,"2026-07-23",,,,
Portobello Road Artistic Studios,2026-03-27T00:18:35,263-452-402,ISG-531-252,5765479973,,torres,javiera,"2026-09-16","2026-09-22",6,Apartment-Ensuite-N3/ Portobello Rd,,Flat 2,,1,1,GBP,0.00,0.00,0.00,0.00,Online,Booking.com,Booking.com,On Account,Canceled,,tjavie.625709@guest.booking.com,+56 9 6165 5623,,"Group: 3 x Adult, 2 x Child  Child Ages: 17  Non-Smoking  Promos: Mobile(App) Rate  There is no meal option with this room. Children and Extra Bed Policy: Children of any age are allowed. You haven't added any cots. You haven't added any extra beds. The maximum number of guests is 2.  Deposit Policy: The guest will be charged a prepayment of the total price of the reservation at any time.  Cancellation Policy: The guest can cancel free of charge until 5 days before arrival. The guest will be charged the total price of the reservation if they cancel in the 5 days before arrival.  payment_on_Booking.com (Payout type: BankTransfer)  ** THIS RESERVATION HAS BEEN PRE-PAID ** BOOKING NOTE : Payment charge is GBP 19.82  Genius Booker ",,,,,"2026-03-27",,,,
Cluny Hill Hotel,2026-09-12T18:52:46,268-188-282,NRN-571-509,6581768869,,Stefan,Schiminski,"2026-09-16","2026-09-17",1,Standard Twin room ,Non Refundable,Room 80,,2,0,GBP,38.96,38.96,38.96,0.00,Online,Booking.com,Booking.com,On Account,Confirmed,,sschim.156425@guest.booking.com,+49 176 22808271,,"Genius Rate  Non-Smoking  There is no meal option with this room. Children and Extra Bed Policy: Children of any age are allowed. You haven't added any cots. You haven't added any extra beds. The maximum number of guests is 2.  Deposit Policy: The guest will be charged a prepayment of the total price of the reservation at any time.  Cancellation Policy: The guest will be charged the total price of the reservation if they cancel at any time.  payment_on_Booking.com (Payout type: BankTransfer)  ** THIS RESERVATION HAS BEEN PRE-PAID ** BOOKING NOTE : Payment charge is GBP 0.62336  Genius Booker ",,,,,"2026-09-12",,,,
London Gatwick Inn,2026-01-16T16:56:21,269-290-832,DYF-878-650,5242503229,,Cheryl,Vane,"2026-09-16","2026-09-17",1,Double Room,7-Day Flexible,101,,2,0,GBP,66.42,66.42,66.42,0.00,Online,Booking.com,Booking.com,On Account,Confirmed,,cvane.581234@guest.booking.com,+44 7921 814634,,"Genius Rate  Non-Smoking  Promos: Mobile(App) Rate  There is no meal option with this room. Children and Extra Bed Policy: Children ages 6 and older are allowed. You haven't added any cots. You haven't added any extra beds. The maximum number of guests is 2.  Deposit Policy: The guest will be charged a prepayment of the total price of the reservation at any time.  Cancellation Policy: The guest can cancel free of charge until 7 days before arrival. The guest will be charged the total price of the reservation if they cancel in the 7 days before arrival.  payment_on_Booking.com (Payout type: BankTransfer)  ** THIS RESERVATION HAS BEEN PRE-PAID ** BOOKING NOTE : Payment charge is GBP 1.06272  Genius Booker ",,,,,"2026-01-16",,,,
The Kirkdale Hotel,2026-09-14T18:36:23,283-083-451,GSW-911-710,6344586343,,Ivan,Titone,"2026-09-16","2026-09-17",1,Standard Single room Ensuite,Non Refundable,Room 4 - GF,,1,0,GBP,52.40,52.40,52.40,0.00,Online,Booking.com,Booking.com,On Account,Confirmed,,ititon.103740@guest.booking.com,+44 7467 433707,,"Genius Rate  Non-Smoking  There is no meal option with this room. Children and Extra Bed Policy: Children of any age are allowed. You haven't added any cots. You haven't added any extra beds. The maximum number of guests is 1.  Deposit Policy: The guest will be charged a prepayment of the total price of the reservation at any time.  Cancellation Policy: The guest will be charged the total price of the reservation if they cancel at any time.  payment_on_Booking.com (Payout type: BankTransfer)  ** THIS RESERVATION HAS BEEN PRE-PAID ** BOOKING NOTE : Payment charge is GBP 0.8384  Genius Booker ",,,,,"2026-09-14",,,Instructions sent,
Cambria Hotel,2026-09-16T15:12:59,284-882-252,BXD-737-211,6957593785,,Mccleary,Stephen,"2026-09-16","2026-09-17",1,Deluxe-Sea view-Double room-Ensuite,Base Rate,Room 5,,2,0,GBP,49.50,49.50,49.50,0.00,Online,Booking.com,Booking.com,On Account,Confirmed,,msteph.937355@guest.booking.com,+44 7368 825233,,"Non-Smoking  There is no meal option with this room. Children and Extra Bed Policy: Children of any age are allowed. You haven't added any cots. You haven't added any extra beds. The maximum number of guests is 2.  Deposit Policy: The guest will be charged a prepayment of the total price of the reservation at any time.  Cancellation Policy: The guest can cancel free of charge until 7 days before arrival. The guest will be charged the total price of the reservation if they cancel in the 7 days before arrival.  payment_on_Booking.com (Payout type: BankTransfer)  ** THIS RESERVATION HAS BEEN PRE-PAID ** BOOKING NOTE : Payment charge is GBP 0.792  Genius Booker ",,,,,"2026-09-16",,,,
Torpark hotel,2026-09-16T17:01:52,289-655-291,EHH-403-475,6138148952,,Eshaad,Ahmed,"2026-09-16","2026-09-17",1,Standard Single room Ensuite,Non Refundable,Room 31 2nd Floor,,1,0,GBP,39.60,39.60,39.60,0.00,Online,Booking.com,Booking.com,On Account,Confirmed,,eahmed.622350@guest.booking.com,+44 7801 273859,,"Non-Smoking  Promos: Mobile(App) Rate  There is no meal option with this room. Children and Extra Bed Policy: Children of any age are allowed. You haven't added any cots. You haven't added any extra beds. The maximum number of guests is 1.  Deposit Policy: The guest will be charged a prepayment of the total price of the reservation at any time.  Cancellation Policy: The guest will be charged the total price of the reservation if they cancel at any time.  payment_on_Booking.com (Payout type: BankTransfer)  ** THIS RESERVATION HAS BEEN PRE-PAID ** BOOKING NOTE : Payment charge is GBP 0.6336  Genius Booker ",,,,,"2026-09-16",,,,
Cluny Hill Hotel,2026-07-23T16:49:24,299-218-051,TMF-661-495,,,Joanne Group,,"2026-09-16","2026-09-23",7,Standard Double room,,Room 21,,1,0,GBP,0.00,See 069-365-824,0.00,0.00,Direct,,,On Account,Canceled,,gomdescotland@gmail.com,+447527317505,,,,,,,"2026-07-23",,,,
London Gatwick Inn,2026-03-23T19:54:47,299-432-252,JDT-896-420,5029790105,,Larissa,Holmes,"2026-09-16","2026-09-17",1,Double Room,7-Day Flexible,204,,2,0,GBP,78.04,78.04,68.04,10.00,Online,Booking.com,Booking.com,On Account,Confirmed,,lholme.519128@guest.booking.com,+447922399226,,"Genius Rate  Non-Smoking  Promos: Mobile(App) Rate  There is no meal option with this room. Children and Extra Bed Policy: Children ages 6 and older are allowed. You haven't added any cots. You haven't added any extra beds. The maximum number of guests is 2.  Deposit Policy: The guest will be charged a prepayment of the total price of the reservation at any time.  Cancellation Policy: The guest can cancel free of charge until 7 days before arrival. The guest will be charged the total price of the reservation if they cancel in the 7 days before arrival.  payment_on_Booking.com (Payout type: BankTransfer)  ** THIS RESERVATION HAS BEEN PRE-PAID ** BOOKING NOTE : Payment charge is GBP 1.08864  Genius Booker ",,,,,"2026-03-23",,,Instructions sent,
Fab Guest House,2026-08-30T18:39:10,303-538-132,IHK-759-524,,,,Frederikke’s Ical,"2026-09-16","2026-09-19",3,Standard Double room Ensuite,,Room 10,,1,0,GBP,0.00,0.00,0.00,0.00,Direct,,,On Account,Canceled,,,,,Paid Via OTA Confirmation Code: HMYF5CS9HT,,,,,"2026-08-30",,,,
London Gatwick Inn,2026-09-14T08:00:07,305-662-402,KSV-055-177,2558299173,,Amir Mohammad,Tangestani Zadeh,"2026-09-16","2026-09-17",1,Suite,Base Rate,203,,1,0,GBP,83.43,83.43,83.43,0.00,Online,Expedia,Expedia & Affiliate Network,On Account,Confirmed,,8pnxpenpjh@m.expediapartnercentral.com,11111111111,,"Expedia collects payment from traveler: Hotel invoices Expedia. ",,,,,"2026-09-14",,,Instructions sent,
Bonair Hotel,2026-09-15T14:08:36,309-612-601,SLD-366-164,5372681450,,gareth,Radford,"2026-09-16","2026-09-17",1,Standard-Single room-Ensuite,Base Rate,Room 38,,1,0,GBP,37.00,37.00,33.00,4.00,Online,Booking.com,Booking.com,On Account,Confirmed,,gradfo.881236@guest.booking.com,+44 7818 610645,,"Non-Smoking  There is no meal option with this room. Children and Extra Bed Policy: Children of any age are allowed. You haven't added any cots. You haven't added any extra beds. The maximum number of guests is 1.  Deposit Policy: The guest will be charged a prepayment of the total price of the reservation at any time.  Cancellation Policy: The guest can cancel free of charge until 7 days before arrival. The guest will be charged the total price of the reservation if they cancel in the 7 days before arrival. If the guest doesn’t show up, they will be charged the total price of the reservation.  payment_on_Booking.com (Payout type: BankTransfer)  ** THIS RESERVATION HAS BEEN PRE-PAID ** BOOKING NOTE : Payment charge is GBP 0.528  Genius Booker ",,,,,"2026-09-15",,,,
Torpark hotel,2026-09-16T17:31:07,310-468-594,EIO-293-573,,,,Kamal Wael,"2026-09-16","2026-09-17",1,Standard-Family room Ensuite,Base Rate,Room 51 Upper GF,,1,0,GBP,66.00,66.00,66.00,0.00,Direct,,,On Account,Confirmed,,,,,Park Reason: Ovar Cash,,,,,"2026-09-16",,,,
Amsterdam Hotel,2026-07-23T18:55:43,310-820-632,TTJ-878-461,6051510372,,Amandine,Frantz,"2026-09-16","2026-09-19",3,Deluxe-Triple room-Ensuite/Amsterdam,Non Refundable Rate,Room 21 4TH Floor Refurbished,,3,0,GBP,237.41,237.41,237.41,0.00,Online,Booking.com,Booking.com,On Account,Confirmed,,afrant.280143@guest.booking.com,+32 492 78 80 03,,"Genius Rate  Non-Smoking  There is no meal option with this room. Children and Extra Bed Policy: Children of any age are allowed. You haven't added any cots. You haven't added any extra beds. The maximum number of guests is 3.  Deposit Policy: The guest will be charged a prepayment of the total price of the reservation at any time.  Cancellation Policy: The guest will be charged the total price of the reservation if they cancel at any time.  payment_on_Booking.com (Payout type: BankTransfer)  ** THIS RESERVATION HAS BEEN PRE-PAID ** Reservation has a cancellation grace period. Do not charge if cancelled before 2026-07-24 19:54:26 BOOKING NOTE : Payment charge is GBP 3.79856  Genius Booker ",,,,,"2026-07-23",,,,
Bonair Hotel,2026-09-16T17:58:07,311-103-954,JUB-493-801,,,,Flavia,"2026-09-16","2026-09-20",4,Standard-Double room-Ensuite,Base Rate,Room 39,,1,0,GBP,220.00,200.00,220.00,0.00,Direct,,,On Account,Confirmed,,,,,,,,,,"2026-09-16",,,,
Cluny Hill Hotel,2026-07-23T16:49:24,311-814-312,TMF-661-495,,,Ute,Niedner,"2026-09-16","2026-09-23",7,Standard Twin room ,,Room 31,,1,0,GBP,0.00,See 069-365-824,0.00,0.00,Direct,,,On Account,Canceled,,uniedner12345@gmail.com,+441755787154,,,,,,,"2026-07-23",,,,
Wembar Hotel,2026-09-08T16:01:32,315-511-602,RMA-334-547,6807619041,,Sowmya,Shankar,"2026-09-16","2026-09-18",2,Single room-Standard-Ensuite with Shower/Wembar,Base Rate,Room 13 - 3rd F,,1,0,GBP,157.38,157.38,157.38,0.00,Online,Booking.com,Booking.com,On Account,Confirmed,,sshank.132693@guest.booking.com,+919900116214,,"Non-Smoking  There is no meal option with this room. Children and Extra Bed Policy: Children ages 1 and older are allowed. You haven't added any cots. You haven't added any extra beds. The maximum number of guests is 1.  Deposit Policy: The guest will be charged a prepayment of the total price of the reservation at any time.  Cancellation Policy: The guest will be charged the total price of the reservation if they cancel at any time.  payment_on_Booking.com (Payout type: BankTransfer)  ** THIS RESERVATION HAS BEEN PRE-PAID ** BOOKING NOTE : Payment charge is GBP 2.51808 ArrivalTime: 14 00 - 15 00 ",,,,,"2026-09-08",,,Instructions sent,
Amsterdam Hotel,2026-09-09T08:35:48,322-159-082,DIA-622-893,2554559060,,KRISTIAAN AUGUST G,VAN DE VELDE,"2026-09-16","2026-09-17",1,Deluxe-Triple room-Ensuite/Amsterdam,,Room 9 2ND Floor Refurbished,,1,0,GBP,104.08,104.08,104.08,0.00,Online,Expedia Affiliate Network,Expedia & Affiliate Network,On Account,Canceled,,valuecontent.support@amadeus.com,1111111111111,,"1 Queen Bed and 1 Twin Bed Expedia collects payment from traveler: Hotel invoices Expedia. ",,,,,"2026-09-09",,,,
The Kirkdale Hotel,2026-09-15T20:23:45,323-813-621,NXO-452-307,5811005954,,Terrence,Lewis,"2026-09-16","2026-09-17",1,Standard Single room Ensuite,Non Refundable,Room 9 - 1st F,,1,0,GBP,52.92,52.92,52.92,0.00,Online,Booking.com,Booking.com,On Account,Parked,,elewis.926512@guest.booking.com,+447958635771,,"Genius Rate  Non-Smoking  There is no meal option with this room. Children and Extra Bed Policy: Children of any age are allowed. You haven't added any cots. You haven't added any extra beds. The maximum number of guests is 1.  Deposit Policy: The guest will be charged a prepayment of the total price of the reservation at any time.  Cancellation Policy: The guest will be charged the total price of the reservation if they cancel at any time.  payment_on_Booking.com (Payout type: BankTransfer)  ** THIS RESERVATION HAS BEEN PRE-PAID ** BOOKING NOTE : Payment charge is GBP 0.84672  Genius Booker  Park Reason: Guest left",,,,,"2026-09-15",,,Instructions sent,
La Casa Studios Near Hyde Park,2026-08-14T01:39:18,324-638-901,FQH-044-676,5683916838,,Alfonso,Rivero,"2026-09-16","2026-09-19",3,Large Studio - Ensuite - La Casa,Base Rate,Studio 14,,2,0,GBP,319.90,319.90,284.90,35.00,Online,Booking.com,Booking.com,On Account,Confirmed,,ariver.111249@guest.booking.com,+64273433266,,"Genius Rate  Non-Smoking  There is no meal option with this room. Children and Extra Bed Policy: Children of any age are allowed. You haven't added any cots. You haven't added any extra beds. The maximum number of guests is 2.  Deposit Policy: The guest will be charged a prepayment of the total price of the reservation at any time.  Cancellation Policy: The guest will be charged the total price of the reservation if they cancel at any time.  payment_on_Booking.com (Payout type: BankTransfer)  ** THIS RESERVATION HAS BEEN PRE-PAID ** Reservation has a cancellation grace period. Do not charge if cancelled before 2026-08-15 02:38:00 BOOKING NOTE : Payment charge is GBP 5.1184  Genius Booker ",,,,,"2026-08-14",,,Instructions sent,
Sachi Hotel,2026-09-16T20:10:22,330-600-211,HGX-255-701,5538957322,,Samura,Kamara,"2026-09-16","2026-09-17",1,Comfort Double room External Bathroom,Non Refundable,Room 12 3rd F,,2,0,GBP,46.98,46.98,46.98,0.00,Online,Booking.com,Booking.com,On Account,Confirmed,,skamar.477206@guest.booking.com,+44 7904 035377,,"Non-Smoking  Promos: Mobile(MDot) Rate  There is no meal option with this room. Children and Extra Bed Policy: Children of any age are allowed. You haven't added any cots. You haven't added any extra beds. The maximum number of guests is 2.  Deposit Policy: The guest will be charged a prepayment of the total price of the reservation at any time.  Cancellation Policy: The guest will be charged the total price of the reservation if they cancel at any time.  payment_on_Booking.com (Payout type: BankTransfer)  ** THIS RESERVATION HAS BEEN PRE-PAID ** BOOKING NOTE : Payment charge is GBP 0.75168  Genius Booker ",,,,,"2026-09-16",,,,
Wembar Hotel,2026-09-15T16:22:46,335-999-191,QXB-649-276,2559468409,,jinliang,WANG,"2026-09-16","2026-09-26",10,Double room-Standard-Ensuite with Shower/Wembar,Non Refundable,Room 17 - Basement ,,1,0,GBP,1083.51,1083.51,1083.51,0.00,Online,Expedia Affiliate Network,Expedia & Affiliate Network,On Account,Confirmed,,ops@tboholidays.com,1111111111,,"1 Double Bed Expedia collects payment from traveler: Hotel invoices Expedia. ",,,,,"2026-09-15",,,Instructions sent,
Crofton House Hotel,2026-09-15T22:37:34,339-156-954,GBP-777-745,2559745870,,Ada,tules,"2026-09-16","2026-09-17",1,Double room-Ensuite Crofton,Non Refundable,Room 3 Crofton,,2,0,GBP,56.59,56.59,56.59,0.00,Online,Expedia,Expedia & Affiliate Network,On Account,Confirmed,,windows20220808@126.com,11111111111111,,"1 Double Bed Expedia collects payment from traveler: Hotel invoices Expedia. ",,,,,"2026-09-15",,,,
The Carlton Hotel,2026-09-16T18:53:03,339-606-912,WHA-375-694,,,Tohmas,Stoker,"2026-09-16","2026-09-17",1,Standard Sea view Twin room Ensuite,Base Rate,Room 301,,1,0,GBP,75.00,150.00,75.00,0.00,Direct,,,On Account,Confirmed,,,7757593141,,,,,,,"2026-09-16",,,,
Wembar Hotel,2026-09-13T21:42:04,342-614-352,KQT-247-765,5790398078,,Joban,Jose,"2026-09-16","2026-09-17",1,Double room-Deluxe-Ensuite with Shower/Wembar,Non Refundable,Room 03 - GF,,2,0,GBP,98.73,98.73,98.73,0.00,Online,Booking.com,Booking.com,On Account,Confirmed,"4:00 PM",jjose.906349@guest.booking.com,+44 7856 581113,,"Non-Smoking  Promos: Mobile(MDot) Rate  There is no meal option with this room. Children and Extra Bed Policy: Children ages 1 and older are allowed. You haven't added any cots. You haven't added any extra beds. The maximum number of guests is 2.  Deposit Policy: The guest will be charged a prepayment of the total price of the reservation at any time.  Cancellation Policy: The guest will be charged the total price of the reservation if they cancel at any time.  payment_on_Booking.com (Payout type: BankTransfer)  ** THIS RESERVATION HAS BEEN PRE-PAID ** BOOKING NOTE : Payment charge is GBP 1.57968  Genius Booker ",,,,,"2026-09-13",,,Instructions sent,
Hammersmith Stayz,2026-05-31T17:52:40,350-393-151,XHE-954-525,6696998378,,Jhonatas,Elyel Silva,"2026-09-16","2026-09-20",4,Standard Double Studio Ensuite/Hammersmith Stayz,Non Refundable,Studio 5 1st F,,1,0,GBP,281.99,281.99,256.99,25.00,Online,Booking.com,Booking.com,On Account,Confirmed,,dfrmlh.185008@guest.booking.com,+351 913 193 101,,"Genius Rate  Non-Smoking  Promos: International  There is no meal option with this room. Children and Extra Bed Policy: Children of any age are allowed. 1 child (up to and including 2 years old) stays for free when using available cots.  You haven't added any extra beds. The maximum number of cots is 1. The maximum number of guests is 2.  Deposit Policy: The guest will be charged a prepayment of the total price of the reservation at any time.  Cancellation Policy: The guest will be charged the total price of the reservation if they cancel at any time.  payment_on_Booking.com (Payout type: BankTransfer)  ** THIS RESERVATION HAS BEEN PRE-PAID ** Reservation has a cancellation grace period. Do not charge if cancelled before 2026-06-01 18:51:17 BOOKING NOTE : Payment charge is GBP 4.51184  Genius Booker ",,,,,"2026-05-31",,,Instructions sent,
Fab Guest House,2026-09-16T07:27:07,350-804-691,TYR-595-400,1418fb94e984-c282a0f945218ed4205b2f152fe7fa5c@airbnb.com,,Reserved,iCal,"2026-09-16","2026-09-17",1,Twin Room,Base Rate,Room 6,,1,0,GBP,0.00,0.00,0.00,0.00,iCal,ical1,,Deposit (Variable),Confirmed,,,,,Reservation URL: https://www.airbnb.com/hosting/reservations/details/HMDBH2BKAR,,,,,"2026-09-16",,,,
Torpark hotel,2026-09-16T15:01:23,352-384-242,GFR-066-335,6886265539,,Luke,Moore,"2026-09-16","2026-09-17",1,Standard-Double room Ensuite,Non Refundable,Room 22 1st Floor,,2,0,GBP,44.10,44.10,44.10,0.00,Online,Booking.com,Booking.com,On Account,Confirmed,,lmoore.624088@guest.booking.com,+44 7752 574386,,"Non-Smoking  Promos: Mobile(App) Rate  There is no meal option with this room. Children and Extra Bed Policy: Children of any age are allowed. You haven't added any cots. You haven't added any extra beds. The maximum number of guests is 2.  Deposit Policy: The guest will be charged a prepayment of the total price of the reservation at any time.  Cancellation Policy: The guest will be charged the total price of the reservation if they cancel at any time.  payment_on_Booking.com (Payout type: BankTransfer)  ** THIS RESERVATION HAS BEEN PRE-PAID ** BOOKING NOTE : Payment charge is GBP 0.7056  Genius Booker ",,,,,"2026-09-16",,,,
The Carlton Hotel,2026-09-16T13:33:27,355-534-602,DMH-148-407,,,Lilly,Solatorios,"2026-09-16","2026-09-20",4,Classic Double room Ensuite,Non Refundable,Room 225,,2,0,GBP,210.00,210.00,210.00,0.00,Direct,,,On Account,Confirmed,,,+447800630290,,"She has to pay, please collect the charge",,,,,"2026-09-16",,,,
The Carlton Hotel,2026-09-16T13:38:17,359-983-542,LEQ-332-395,6877175230,,Arish,Husseini,"2026-09-16","2026-09-17",1,Standard Sea view Double room,Base Rate,Room 309,,2,0,GBP,46.95,46.95,46.95,0.00,Online,Booking.com,Booking.com,On Account,Confirmed,,ahusse.591916@guest.booking.com,+44 7874 304090,,"Non-Smoking  Promos: Domestic  There is no meal option with this room. Children and Extra Bed Policy: Children of any age are allowed. You haven't added any cots. You haven't added any extra beds. The maximum number of guests is 2.  Deposit Policy: The guest will be charged a prepayment of the total price of the reservation at any time.  Cancellation Policy: The guest will be charged the total price of the reservation if they cancel at any time.  payment_on_Booking.com (Payout type: BankTransfer)  ** THIS RESERVATION HAS BEEN PRE-PAID ** BOOKING NOTE : Payment charge is GBP 0.7512 ",,,,,"2026-09-16",,,Upgraded,
The Rose and Crown Hotel,2026-06-10T17:43:10,360-959-464,CRK-626-163,5564467037,,Docherty,David,"2026-09-16","2026-09-20",4,Standard-Double room-Ensuite,Non Refundable,Room 316,,2,0,GBP,209.70,209.70,209.70,0.00,Online,Booking.com,Booking.com,On Account,Confirmed,,ddavid.237921@guest.booking.com,+34 612 47 66 59,,"Genius Rate  Non-Smoking  There is no meal option with this room. Children and Extra Bed Policy: Children of any age are allowed. You haven't added any cots. You haven't added any extra beds. The maximum number of guests is 2.  Deposit Policy: The guest will be charged a prepayment of the total price of the reservation at any time.  Cancellation Policy: The guest will be charged the total price of the reservation if they cancel at any time.  payment_on_Booking.com (Payout type: BankTransfer)  ** THIS RESERVATION HAS BEEN PRE-PAID ** BOOKING NOTE : Payment charge is GBP 3.3552 Approximate time of arrival: between 18:00 and 19:00  Genius Booker ",,,,,"2026-06-10",,,,
Cozy Flats Near Olympia and Westfield,2026-09-04T12:20:52,363-815-932,WRH-677-935,6447256759,,Raquel,Sarmiento Marquet,"2026-09-16","2026-09-19",3,Triple-Studio-Ensuite-Cozy Flats,Base Rate,Flat 2,,2,0,GBP,332.50,332.50,297.50,35.00,Online,Booking.com,Booking.com,On Account,Confirmed,,rmarqu.173216@guest.booking.com,+34 680 56 26 16,,"Genius Rate  Non-Smoking  There is no meal option with this room. Children and Extra Bed Policy: Children of any age are allowed. 1 child (up to and including 2 years old) stays for free when using available cots.  You haven't added any extra beds. The maximum number of cots is 1. The maximum number of guests is 2.  Deposit Policy: The guest will be charged a prepayment of the total price of the reservation at any time.  Cancellation Policy: The guest can cancel free of charge until 5 days before arrival. The guest will be charged the total price of the reservation if they cancel in the 5 days before arrival. If the guest doesn’t show up, they will be charged the total price of the reservation.  payment_on_Booking.com (Payout type: BankTransfer)  ** THIS RESERVATION HAS BEEN PRE-PAID ** Approximate time of arrival: between 12:00 and 13:00 BOOKING NOTE : Payment charge is GBP 5.32  Genius Booker ",,,,,"2026-09-04",,,Instructions sent,
Holland Rd Studios Close to Olympia London,2026-09-15T21:08:08,380-583-911,XVI-505-870,,,,Khadija Abouzahid,"2026-09-16","2026-09-21",5,Single-Studio-Ensuite with Shower HR,,Flat 16 3rd,,1,0,GBP,0.00,0.00,0.00,0.00,Direct,,,On Account,Canceled,,,,,,,,,,"2026-09-15",,,,
Bonair Hotel,2026-09-16T21:46:16,381-618-684,ZPD-559-008,,,Victoria,Warren,"2026-09-16","2026-09-17",1,Sea view-Double room-Ensuite,,Room 6,,1,0,GBP,0.00,0.00,0.00,0.00,Direct,,,On Account,Canceled,,,+447754504985,,,,,,,"2026-09-16",,,,
London Gatwick Inn,2026-02-07T17:26:50,391-381-104,XQT-659-655,6025968718,,Catherine,Fallon,"2026-09-16","2026-09-17",1,Double Room,,204,,2,0,GBP,0.00,0.00,0.00,0.00,Online,Booking.com,Booking.com,On Account,Canceled,,cfallo.376181@guest.booking.com,+44 7462 400804,,"Genius Rate  Non-Smoking  Promos: Mobile(MDot) Rate  There is no meal option with this room. Children and Extra Bed Policy: Children ages 6 and older are allowed. You haven't added any cots. You haven't added any extra beds. The maximum number of guests is 2.  Deposit Policy: The guest will be charged a prepayment of the total price of the reservation at any time.  Cancellation Policy: The guest can cancel free of charge until 7 days before arrival. The guest will be charged the total price of the reservation if they cancel in the 7 days before arrival.  payment_on_Booking.com (Payout type: BankTransfer)  ** THIS RESERVATION HAS BEEN PRE-PAID ** BOOKING NOTE : Payment charge is GBP 1.07568 Approximate time of arrival: between 02:00 and 03:00 I need parking from the 17 till the 24 that’s 7 days while on holiday ? Can you give me a cost  Genius Booker ",,,,,"2026-02-07",,,,
Cluny Hill Hotel,2026-09-16T06:44:01,392-963-121,GDS-956-378,5261213181,,Iain,Docwra,"2026-09-16","2026-09-17",1,Standard Double room,Non Refundable,Room 22,,1,0,GBP,40.98,40.98,40.98,0.00,Online,Booking.com,Booking.com,On Account,Confirmed,,idocwr.722653@guest.booking.com,+44 7983 115411,,"Genius Rate  Non-Smoking  There is no meal option with this room. Children and Extra Bed Policy: Children of any age are allowed. You haven't added any cots. You haven't added any extra beds. The maximum number of guests is 2.  Deposit Policy: The guest will be charged a prepayment of the total price of the reservation at any time.  Cancellation Policy: The guest will be charged the total price of the reservation if they cancel at any time.  payment_on_Booking.com (Payout type: BankTransfer)  ** THIS RESERVATION HAS BEEN PRE-PAID ** BOOKING NOTE : Payment charge is GBP 0.65568  Scottish Rowing  Genius Booker ",,,,,"2026-09-16",,,,
The Carlton Hotel,2026-09-11T17:27:20,394-394-441,FHE-599-142,6320045711,,Patrick,fountain,"2026-09-16","2026-09-17",1,Standard Single room Ensuite,Non Refundable,Room 248,,1,0,GBP,42.12,42.12,42.12,0.00,Online,Booking.com,Booking.com,On Account,Confirmed,,pfount.854972@guest.booking.com,+44 7970 850774,,"Non-Smoking  Promos: Domestic  There is no meal option with this room. Children and Extra Bed Policy: Children of any age are allowed. You haven't added any cots. You haven't added any extra beds. The maximum number of guests is 1.  Deposit Policy: The guest will be charged a prepayment of the total price of the reservation at any time.  Cancellation Policy: The guest will be charged the total price of the reservation if they cancel at any time.  payment_on_Booking.com (Payout type: BankTransfer)  ** THIS RESERVATION HAS BEEN PRE-PAID ** BOOKING NOTE : Payment charge is GBP 0.67392  Genius Booker ",,,,,"2026-09-11",,,,
Portobello Road Artistic Studios,2026-09-15T16:59:43,400-536-044,OPD-613-965,5811068552,,Matthew,Mckenna,"2026-09-16","2026-09-17",1,Apartment-Ensuite-N9 202,Non Refundable,Flat 9 Quad-split level -  1st F,,1,0,GBP,165.90,165.90,130.90,35.00,Online,Booking.com,Booking.com,On Account,Confirmed,,mmcken.791124@guest.booking.com,+44 7879475402,,"Non-Smoking  There is no meal option with this room. Children and Extra Bed Policy: Children of any age are allowed. You haven't added any cots. You haven't added any extra beds. The maximum number of guests is 4.  Deposit Policy: The guest will be charged a prepayment of the total price of the reservation at any time.  Cancellation Policy: The guest will be charged the total price of the reservation if they cancel at any time.  payment_on_Booking.com (Payout type: BankTransfer)  ** THIS RESERVATION HAS BEEN PRE-PAID ** BOOKING NOTE : Payment charge is GBP 2.6544 ",,,,,"2026-09-15",,,Instructions sent,
Number 19 Brighton,2026-09-16T16:01:07,400-586-482,OYQ-130-036,5756412869,,andrew,nelson,"2026-09-16","2026-09-18",2,Standard-Double room-Ensuite,Non Refundable,Room 01,,1,0,GBP,84.64,84.64,84.64,0.00,Online,Booking.com,Booking.com,On Account,Confirmed,,anelso.540203@guest.booking.com,+44 7547 013058,,"Non-Smoking  Promos: Mobile(App) Rate  There is no meal option with this room. Children and Extra Bed Policy: Children of any age are allowed. You haven't added any cots. You haven't added any extra beds. The maximum number of guests is 2.  Deposit Policy: The guest will be charged a prepayment of the total price of the reservation at any time.  Cancellation Policy: The guest can cancel free of charge until 7 days before arrival. The guest will be charged the total price of the reservation if they cancel in the 7 days before arrival. If the guest doesn’t show up, they will be charged the total price of the reservation.  payment_on_Booking.com (Payout type: BankTransfer)  ** THIS RESERVATION HAS BEEN PRE-PAID ** BOOKING NOTE : Payment charge is GBP 1.35424  Genius Booker ",,,,,"2026-09-16",,,,
Cluny Hill Hotel,2026-07-23T16:49:24,406-221-511,TMF-661-495,,,Alyssa,Barba,"2026-09-16","2026-09-22",6,Standard Twin room ,,Room 41,,1,0,GBP,0.00,See 069-365-824,0.00,0.00,Direct,,,On Account,Canceled,,alyssabarba.dacm@gmail.com,+445163985406,,,,,,,"2026-07-23",,,,
The Carlton Hotel,2026-09-16T17:59:57,413-119-681,DPX-190-401,,,Jason,Marley,"2026-09-16","2026-09-17",1,Standard Twin room Ensuite,Base Rate,Room 341,,1,0,GBP,65.00,65.00,65.00,0.00,Direct,,,On Account,Confirmed,,,+447467299199,,£50 deposit paid by card ending 3311 / Belal,,,,,"2026-09-16",,,,
Savoy Hotel,2026-09-09T19:07:14,416-899-962,LDQ-335-021,5692899269,,Ian,Taylor,"2026-09-16","2026-09-18",2,Twin room-Standard-Ensuite-Brichfield,Non Refundable,Room 201 brichfield,,2,0,GBP,224.00,124.00,124.00,100.00,Online,Booking.com,Booking.com,On Account,Confirmed,,ian55taylor@gmail.com,+447311795671,,"Non-Smoking  There is no meal option with this room. Children and Extra Bed Policy: Children of any age are allowed. You haven't added any cots. You haven't added any extra beds. The maximum number of guests is 2.  Deposit Policy: The guest will be charged a prepayment of the total price of the reservation at any time.  Cancellation Policy: The guest will be charged the total price of the reservation if they cancel at any time.  payment_on_Booking.com (Payout type: BankTransfer)  ** THIS RESERVATION HAS BEEN PRE-PAID ** BOOKING NOTE : Payment charge is GBP 1.984 low floor as can't use lift .80 years old with severe claustrophobia  Genius Booker ",,,,,"2026-09-09",,,,
Cambria Hotel,2026-09-15T18:24:59,418-935-641,BSR-565-495,5529289524,,Jordan,Collins,"2026-09-16","2026-09-18",2,Standard-Single room-Ensuite,Base Rate,Room 16,,1,0,GBP,66.00,66.00,66.00,0.00,Online,Booking.com,Booking.com,On Account,Confirmed,,jcolli.213214@guest.booking.com,+44 7949 980327,,"Non-Smoking  There is no meal option with this room. Children and Extra Bed Policy: Children of any age are allowed. You haven't added any cots. You haven't added any extra beds. The maximum number of guests is 1.  Deposit Policy: The guest will be charged a prepayment of the total price of the reservation at any time.  Cancellation Policy: The guest can cancel free of charge until 7 days before arrival. The guest will be charged the total price of the reservation if they cancel in the 7 days before arrival.  payment_on_Booking.com (Payout type: BankTransfer)  ** THIS RESERVATION HAS BEEN PRE-PAID ** BOOKING NOTE : Payment charge is GBP 1.056  Genius Booker ",,,,,"2026-09-15",,,,
London Gatwick Inn,2026-09-15T16:06:59,430-458-454,DKY-313-396,6219101068,,Joseph,Venton,"2026-09-16","2026-09-17",1,Family,Base Rate,102,,5,0,GBP,140.97,140.97,110.97,30.00,Online,Booking.com,Booking.com,On Account,Confirmed,,jvento.822390@guest.booking.com,+44 7814 549917,,"j31oev 07949052780  Genius Rate  Non-Smoking  Promos: Mobile(MDot) Rate  There is no meal option with this room. Children and Extra Bed Policy: Children ages 6 and older are allowed. You haven't added any cots. You haven't added any extra beds. The maximum number of guests is 5.  Deposit Policy: The guest will be charged a prepayment of the total price of the reservation at any time.  Cancellation Policy: The guest will be charged the total price of the reservation if they cancel at any time.  payment_on_Booking.com (Payout type: BankTransfer)  ** THIS RESERVATION HAS BEEN PRE-PAID ** BOOKING NOTE : Payment charge is GBP 1.77552  Genius Booker ",,,,,"2026-09-15",,,,
Torpark hotel,2026-09-16T15:43:23,433-992-592,BPF-566-419,,,McCarthy ,Thomas,"2026-09-16","2026-09-18",2,Standard-Twin room Ensuite,Non Refundable,Room 54 Upper GF,,1,0,GBP,87.00,87.00,87.00,0.00,Direct,,,On Account,Confirmed,,,+447786787612,,"£87 BT: https://cliq.zoho.com/company/814408698/chats/CT_2243196818316759780_P814408698-C4/messages/1789569215866_90076916952232",,,,,"2026-09-16",,,,
London Gatwick Inn,2026-09-15T16:18:04,434-886-351,CCC-081-983,6034947767,,Dan,Goje,"2026-09-16","2026-09-17",1,Quadruple,Base Rate,303,2 Double Bed,2,0,GBP,117.00,117.00,117.00,0.00,Online,Booking.com,Booking.com,On Account,Confirmed,,dgoje.178934@guest.booking.com,+44 7833 533526,,"Genius Rate  Non-Smoking  There is no meal option with this room. Children and Extra Bed Policy: Children ages 6 and older are allowed. You haven't added any cots. You haven't added any extra beds. The maximum number of guests is 4.  Deposit Policy: The guest will be charged a prepayment of the total price of the reservation at any time.  Cancellation Policy: The guest will be charged the total price of the reservation if they cancel at any time.  payment_on_Booking.com (Payout type: BankTransfer)  ** THIS RESERVATION HAS BEEN PRE-PAID ** BOOKING NOTE : Payment charge is GBP 1.872  Genius Booker ",,,,,"2026-09-15",,,,
Fab Guest House,2026-09-16T13:20:01,436-852-041,XUK-410-631,702663559,,Matthew,Burke,"2026-09-16","2026-09-18",2,Standard Double room Ensuite,Non Refundable,Room 13,,2,0,GBP,80.96,80.96,80.96,0.00,Online,Agoda,Agoda,On Account,Confirmed,,cs_suppliers@agoda.com,,,"Limited Time Offer. Price includes 20% discount! ",,,,,"2026-09-16",,,,
Cluny Hill Hotel,2026-07-23T16:49:24,442-091-802,TMF-661-495,,,Lisa,Achleitner,"2026-09-16","2026-09-23",7,Standard Double room,Base Rate,Room 56,,1,0,GBP,433.50,See 069-365-824,433.50,0.00,Direct,,,On Account,Confirmed,,ach_lisa@hotmail.com,+436641486376,,,,,,,"2026-07-23",,,,
Fab Guest House,2026-09-09T16:21:36,444-854-892,FHH-106-267,1418fb94e984-276d8163e8934432a060b0669e26b044@airbnb.com,,Daniel,iCal,"2026-09-16","2026-09-19",3,Standard Double room Ensuite,Base Rate,Room 9,,1,0,GBP,154.66,154.66,154.66,0.00,iCal,ical1,,Deposit (Variable),Confirmed,,,+447393749979,,"Reservation URL: https://www.airbnb.com/hosting/reservations/details/HMTP9X3DRH Daniel Sep 16 – 19 · 3 nights R9 fab · A double room Ensuite @ brighton central location",,,,,"2026-09-09",,,,
The Carlton Hotel,2026-09-16T13:49:12,449-481-952,RFG-520-356,,,,wai kong wong,"2026-09-16","2026-09-17",1,Classic Double room Ensuite,Base Rate,Room 5,,1,0,GBP,0.00,0.00,0.00,0.00,Direct,,,On Account,Confirmed,,,+44 7944 322047,,,,,,,"2026-09-16",,,Relocation Done,
Cambria Hotel,2026-09-16T18:11:19,451-126-341,IEP-215-121,,,,Amanda,"2026-09-16","2026-09-17",1,Standard-Single room-Ensuite,Base Rate,Room 9,,1,0,GBP,35.00,35.00,35.00,0.00,Direct,,,On Account,Confirmed,,,,,,,,,,"2026-09-16",,,,
Savoy Hotel,2026-09-07T03:22:38,453-034-331,ZLP-671-039,6188821377,,Ellen,Jones,"2026-09-16","2026-09-17",1,Double room-Standard-Ensuite-Balcony-Sea View-Birchfield,,Room 301 brichfield,,2,0,GBP,0.00,0.00,0.00,0.00,Online,Booking.com,Booking.com,On Account,Canceled,,ejones.812244@guest.booking.com,+44 7535 656105,,"payment_on_Booking.com (Payout type: BankTransfer)  Non-Smoking  ** THIS RESERVATION HAS BEEN PRE-PAID ** BOOKING NOTE : Payment charge is GBP 1.2  Genius Booker  There is no meal option with this room. Children and Extra Bed Policy: Children of any age are allowed. You haven't added any cots. You haven't added any extra beds. The maximum number of guests is 2.  Deposit Policy: The guest will be charged a prepayment of the total price of the reservation at any time.  Cancellation Policy: The guest can cancel free of charge until 2 days before arrival. The guest will be charged the total price of the reservation if they cancel in the 2 days before arrival.",,,,,"2026-09-07",,,,
The Beresford Hotel,2026-09-16T17:14:28,459-512-431,BYK-408-930,,,,Jake Fowla,"2026-09-16","2026-09-18",2,Standard Double room Ensuite,Base Rate,112,,1,0,GBP,120.00,120.00,120.00,0.00,Direct,,,On Account,Confirmed,,,,,,,,,,"2026-09-16",,,,
The Dolphin Hotel,2026-09-16T15:13:28,468-290-644,XOD-679-847,6612395249,,Louise,Walton,"2026-09-16","2026-09-17",1,Standard-Double room-Ensuite,Non Refundable,Room 118,,2,0,GBP,48.60,48.60,48.60,0.00,Online,Booking.com,Booking.com,On Account,Confirmed,,lwalto.686178@guest.booking.com,+44 7703 587879,,"Non-Smoking  Promos: Mobile(App) Rate  There is no meal option with this room. Children and Extra Bed Policy: Children of any age are allowed. You haven't added any cots. You haven't added any extra beds. The maximum number of guests is 2.  Deposit Policy: The guest will be charged a prepayment of the total price of the reservation at any time.  Cancellation Policy: The guest will be charged the total price of the reservation if they cancel at any time.  payment_on_Booking.com (Payout type: BankTransfer)  ** THIS RESERVATION HAS BEEN PRE-PAID ** BOOKING NOTE : Payment charge is GBP 0.7776  Genius Booker ",,,,,"2026-09-16",,,,
Modern Studios Close To Hyde Park,2026-06-07T11:38:32,469-306-894,QEK-958-518,5277455743,,Rodríguez,Giráldez Ana,"2026-09-16","2026-09-19",3,Family-Studio-Ensuite-Quad LG,Non Refundable,Flat 20,,3,1,GBP,384.20,384.20,349.20,35.00,Online,Booking.com,Booking.com,On Account,Confirmed,,rana.269353@guest.booking.com,+34 607 84 82 02,,"Child Ages: 13  Non-Smoking  Promos: European Economic Area  There is no meal option with this room. Children and Extra Bed Policy: Children of any age are allowed. You haven't added any cots. You haven't added any extra beds. The maximum number of guests is 4.  Deposit Policy: The guest will be charged a prepayment of the total price of the reservation at any time.  Cancellation Policy: The guest will be charged the total price of the reservation if they cancel at any time.  payment_on_Booking.com (Payout type: BankTransfer)  ** THIS RESERVATION HAS BEEN PRE-PAID ** BOOKING NOTE : Payment charge is GBP 6.1472 Approximate time of arrival: between 07:00 and 08:00 can we do an early check-in? our flight arrives at 7am. Or at least leave our bags in a save place.  Genius Booker ",,,,,"2026-06-07",,,Instructions sent,
The Carlton Hotel,2026-09-14T15:25:31,469-559-834,ZCA-743-917,5790392876,,Nathan,Wilson,"2026-09-16","2026-09-17",1,Standard Sea view Double room,Non Refundable,Room 319,,2,0,GBP,58.32,See 183-256-631,58.32,0.00,Online,Booking.com,Booking.com,On Account,Confirmed,,wkevin.429781@guest.booking.com,+44 7786 743268,,"Group: 4 x Adult, 0 x Child  Non-Smoking  Promos: Domestic  There is no meal option with this room. Children and Extra Bed Policy: Children of any age are allowed. You haven't added any extra beds. The maximum number of cots is 1. The maximum number of guests is 2.  Deposit Policy: The guest will be charged a prepayment of the total price of the reservation at any time.  Cancellation Policy: The guest will be charged the total price of the reservation if they cancel at any time.  payment_on_Booking.com (Payout type: BankTransfer)  ** THIS RESERVATION HAS BEEN PRE-PAID ** BOOKING NOTE : Payment charge is GBP 1.86624 This guest would like the rooms in this booking to be close together if possible. Sea views booked please  Genius Booker ",,,,,"2026-09-14",,,LATE CHECK OUT,
Amsterdam Hotel,2026-07-23T22:44:10,481-490-282,OHL-663-682,6914674468,,M,Beatriz Ludojoski,"2026-09-16","2026-09-22",6,Compact-Double room-Ensuite/Amsterdam,,Room 26 Basement,,2,0,GBP,0.00,0.00,0.00,0.00,Online,Booking.com,Booking.com,On Account,Canceled,,mludoj.722000@guest.booking.com,+54 9 11 5912 3460,,"Genius Rate  Non-Smoking  There is no meal option with this room. Children and Extra Bed Policy: Children of any age are allowed. You haven't added any cots. You haven't added any extra beds. The maximum number of guests is 2.  Deposit Policy: The guest will be charged a prepayment of the total price of the reservation at any time.  Cancellation Policy: The guest can cancel free of charge until 2 days before arrival. The guest will be charged the total price of the reservation if they cancel in the 2 days before arrival.  payment_on_Booking.com (Payout type: BankTransfer)  ** THIS RESERVATION HAS BEEN PRE-PAID ** Approximate time of arrival: between 17:00 and 18:00 BOOKING NOTE : Payment charge is GBP 8.44224  Genius Booker ",,,,,"2026-07-23",,,,
Wembar Hotel,2026-09-12T00:22:59,483-503-362,XZV-256-342,6010294738,,Alexandra,Juraschek,"2026-09-16","2026-09-21",5,Double room-Standard-Ensuite with Shower/Wembar,,Room 08 - 2nd F,,2,0,GBP,515.14,515.14,515.14,0.00,Online,Booking.com,Booking.com,On Account,Confirmed,"3:00 PM",ajuras.308987@guest.booking.com,+49 176 54333575,,"Non-Smoking  Promos: Mobile(App) Rate  There is no meal option with this room. Children and Extra Bed Policy: Children ages 1 and older are allowed. You haven't added any cots. You haven't added any extra beds. The maximum number of guests is 2.  Deposit Policy: The guest will be charged a prepayment of the total price of the reservation at any time.  Cancellation Policy: The guest can cancel free of charge until 3 days before arrival. The guest will be charged the total price of the reservation if they cancel in the 3 days before arrival.  payment_on_Booking.com (Payout type: BankTransfer)  ** THIS RESERVATION HAS BEEN PRE-PAID ** BOOKING NOTE : Payment charge is GBP 8.24224  Genius Booker ",,,,,"2026-09-11",,,Instructions sent,
Savoy Hotel,2026-09-15T21:01:24,483-621-314,JUP-426-719,5811028126,,Adam,Wright,"2026-09-16","2026-09-17",1,Single room-Standard-Ensuite-Brichfield,Base Rate,Room 307 brichfield,,1,0,GBP,180.00,147.00,60.00,120.00,Online,Booking.com,Booking.com,On Account,Confirmed,,awrigh.287027@guest.booking.com,+44 7808 535892,,"Group: 3 x Adult, 0 x Child  Non-Smoking  There is no meal option with this room. Children and Extra Bed Policy: Children of any age are allowed. You haven't added any cots. You haven't added any extra beds. The maximum number of guests is 1.  Deposit Policy: The guest will be charged a prepayment of the total price of the reservation at any time.  Cancellation Policy: The guest will be charged the total price of the reservation if they cancel at any time.  payment_on_Booking.com (Payout type: BankTransfer)  ** THIS RESERVATION HAS BEEN PRE-PAID ** I am travelling for business and I may be using a business credit card. This guest would like the rooms in this booking to be close together if possible. BOOKING NOTE : Payment charge is GBP 2.032  Genius Booker ",,,,,"2026-09-15",,,,
Wembar Hotel,2026-09-14T17:35:39,486-059-121,JPV-324-149,6194927702,,Edgar,Maria Isenmann,"2026-09-16","2026-09-18",2,Double room-Standard-Ensuite with Shower/Wembar,Non Refundable,Room 20 - Basement,,1,0,GBP,193.55,193.55,193.55,0.00,Online,Booking.com,Booking.com,On Account,Confirmed,,eisenm.351204@guest.booking.com,+4917631662951,,"Non-Smoking  There is no meal option with this room. Children and Extra Bed Policy: Children ages 1 and older are allowed. You haven't added any cots. You haven't added any extra beds. The maximum number of guests is 2.  Deposit Policy: The guest will be charged a prepayment of the total price of the reservation at any time.  Cancellation Policy: The guest will be charged the total price of the reservation if they cancel at any time.  payment_on_Booking.com (Payout type: BankTransfer)  ** THIS RESERVATION HAS BEEN PRE-PAID ** BOOKING NOTE : Payment charge is GBP 3.0968 This is a corporate booking for HYROX World GmbH. BED PREFERENCE:Double: 1 double ",,,,,"2026-09-14",,,,
Wembar Hotel,2026-09-14T16:24:23,491-809-911,WZZ-528-992,,,,Mihos Vasilopoulos,"2026-09-16","2026-09-20",4,Single room-Standard-Ensuite with Shower/Wembar,,Room 21 - GF,,1,0,GBP,0.00,0.00,0.00,0.00,Direct,,,On Account,Canceled,,,,,,,,,,"2026-09-14",,,,
The Carlton Hotel,2026-09-16T17:56:40,493-645-962,FSE-062-245,,,Keith,Hillyer,"2026-09-16","2026-09-18",2,Standard Sea view Twin room Ensuite,Base Rate,Room 217,,1,0,GBP,120.00,120.00,120.00,0.00,Direct,,,On Account,Confirmed,,,,,,,,,,"2026-09-16",,,,
Savoy Hotel,2026-09-10T12:28:13,499-999-621,ATJ-504-103,5757135400,,Jay,Grego,"2026-09-16","2026-09-17",1,Double room-Standard-Ensuite-Sea view-Brichfield,Base Rate,Room 503 brichfield,,1,0,GBP,167.00,See 150-339-341,67.00,100.00,Online,Booking.com,Booking.com,On Account,Confirmed,,jgrego.672316@guest.booking.com,+44 7958 509803,,"Group: 2 x Adult, 0 x Child  Non-Smoking  There is no meal option with this room. Children and Extra Bed Policy: Children of any age are allowed. You haven't added any cots. You haven't added any extra beds. The maximum number of guests is 2.  Deposit Policy: The guest will be charged a prepayment of the total price of the reservation at any time.  Cancellation Policy: The guest will be charged the total price of the reservation if they cancel at any time.  payment_on_Booking.com (Payout type: BankTransfer)  ** THIS RESERVATION HAS BEEN PRE-PAID ** This guest would like the rooms in this booking to be close together if possible. BOOKING NOTE : Payment charge is GBP 2.144  Genius Booker ",,,,,"2026-09-10",,,,
Portobello Road Artistic Studios,2026-09-15T15:46:05,501-502-931,FYM-946-672,6304319429,,Roberta,Morelli,"2026-09-16","2026-09-18",2,Double Studio 202,Non Refundable,Flat 12 - 2nd F,,2,0,GBP,235.60,235.60,200.60,35.00,Online,Booking.com,Booking.com,On Account,Confirmed,,rmorel.695843@guest.booking.com,+44 7464 429140,,"Non-Smoking  Promos: Getaway Deal  There is no meal option with this room. Children and Extra Bed Policy: Children of any age are allowed. You haven't added any cots. You haven't added any extra beds. The maximum number of guests is 2.  Deposit Policy: The guest will be charged a prepayment of the total price of the reservation at any time.  Cancellation Policy: The guest will be charged the total price of the reservation if they cancel at any time.  payment_on_Booking.com (Payout type: BankTransfer)  ** THIS RESERVATION HAS BEEN PRE-PAID ** BOOKING NOTE : Payment charge is GBP 3.7696  Genius Booker ",,,,,"2026-09-15",,,Instructions sent,
Cozy Flats Near Olympia and Westfield,2026-09-07T15:58:13,502-431-334,OAD-966-407,5350090563,,hu,bang,"2026-09-16","2026-09-19",3,Double Studio Ensuite-Cozy Flats,,Flat 12 HR,,1,0,GBP,0.00,0.00,0.00,0.00,Online,Booking.com,Booking.com,On Account,Canceled,,hbang.508324@guest.booking.com,+63 964 652 8824,,"Genius Rate  Non-Smoking  There is no meal option with this room. Children and Extra Bed Policy: Children of any age are allowed. 1 child (up to and including 2 years old) stays for free when using available cots.  You haven't added any extra beds. The maximum number of cots is 1. The maximum number of guests is 2.  Deposit Policy: The guest will be charged a prepayment of the total price of the reservation at any time.  Cancellation Policy: The guest can cancel free of charge until 5 days before arrival. The guest will be charged the total price of the reservation if they cancel in the 5 days before arrival. If the guest doesn’t show up, they will be charged the total price of the reservation.  payment_on_Booking.com (Payout type: BankTransfer)  ** THIS RESERVATION HAS BEEN PRE-PAID ** BOOKING NOTE : Payment charge is GBP 6.536  Genius Booker ",,,,,"2026-09-07",,,,
Amsterdam Hotel,2026-09-16T10:16:23,503-906-194,MOO-323-969,6254549892,,Cassie,Thompson,"2026-09-16","2026-09-17",1,Deluxe-Triple room-Ensuite/Amsterdam,Non Refundable Rate,Room 9 2ND Floor Refurbished,,1,0,GBP,99.56,99.56,99.56,0.00,Online,Booking.com,Booking.com,On Account,Confirmed,,cthomp.629405@guest.booking.com,+44 7551 596164,,"Genius Rate  Non-Smoking  There is no meal option with this room. Children and Extra Bed Policy: Children of any age are allowed. You haven't added any cots. You haven't added any extra beds. The maximum number of guests is 3.  Deposit Policy: The guest will be charged a prepayment of the total price of the reservation at any time.  Cancellation Policy: The guest will be charged the total price of the reservation if they cancel at any time.  payment_on_Booking.com (Payout type: BankTransfer)  ** THIS RESERVATION HAS BEEN PRE-PAID ** BOOKING NOTE : Payment charge is GBP 1.59296  Genius Booker  Park Reason: Has no id - will not check in",,,,,"2026-09-16",,,,
The Carlton Hotel,2026-09-15T08:04:05,504-353-324,FLR-801-698,6254553780,,Jamie,Hales,"2026-09-16","2026-09-17",1,Classic Double room Ensuite,Non Refundable,Room 3,,1,0,GBP,51.03,51.03,51.03,0.00,Online,Booking.com,Booking.com,On Account,Confirmed,,jhales.337343@guest.booking.com,+44 7881 291548,,"Non-Smoking  Promos: Domestic  There is no meal option with this room. Children and Extra Bed Policy: Children of any age are allowed. You haven't added any cots. You haven't added any extra beds. The maximum number of guests is 2.  Deposit Policy: The guest will be charged a prepayment of the total price of the reservation at any time.  Cancellation Policy: The guest will be charged the total price of the reservation if they cancel at any time.  payment_on_Booking.com (Payout type: BankTransfer)  ** THIS RESERVATION HAS BEEN PRE-PAID ** BOOKING NOTE : Payment charge is GBP 0.81648  Jay Creative ",,,,,"2026-09-15",,,,
Fab Guest House,2026-09-15T02:20:40,508-106-992,OAG-935-070,1418fb94e984-35df20d3b50d362f95836ea050232ce1@airbnb.com,,Reserved,iCal,"2026-09-16","2026-09-18",2,Standard Basement Double Room,Base Rate,Room 14,,1,0,GBP,0.00,0.00,0.00,0.00,iCal,ical1,,Deposit (Variable),Confirmed,,,,,Reservation URL: https://www.airbnb.com/hosting/reservations/details/HMTTYAYY3C,,,,,"2026-09-15",,,,
Torpark hotel,2026-09-16T18:04:02,510-345-394,EPT-019-586,5466066839,,Charlie,Jones,"2026-09-16","2026-09-17",1,Standard-Twin room Ensuite,Non Refundable,Room 29 2nd Floor,,2,0,GBP,45.90,45.90,45.90,0.00,Online,Booking.com,Booking.com,On Account,Confirmed,,cjones.223511@guest.booking.com,+44 7421 006208,,"Non-Smoking  Promos: Mobile(App) Rate  There is no meal option with this room. Children and Extra Bed Policy: Children of any age are allowed. You haven't added any cots. You haven't added any extra beds. The maximum number of guests is 2.  Deposit Policy: The guest will be charged a prepayment of the total price of the reservation at any time.  Cancellation Policy: The guest will be charged the total price of the reservation if they cancel at any time.  payment_on_Booking.com (Payout type: BankTransfer)  ** THIS RESERVATION HAS BEEN PRE-PAID ** BOOKING NOTE : Payment charge is GBP 0.7344 ",,,,,"2026-09-16",,,,
The Carlton Hotel,2026-09-16T15:24:22,514-682-111,JRI-073-528,,,Louise ,Walton,"2026-09-16","2026-09-17",1,Standard Sea view Double room,Base Rate,Room 219,,1,0,GBP,0.00,0.00,0.00,0.00,Direct,,,On Account,Confirmed,,,+447703587879,,,,,,,"2026-09-16",,,Relocation Done,
The Beresford Hotel,2026-05-21T08:36:02,518-322-302,WRL-663-452,6538673753,,Michael,Farmer,"2026-09-16","2026-09-18",2,Twin room-Standard-Ensuite-Sea view,Base Rate,28,,2,0,GBP,126.00,126.00,126.00,0.00,Online,Booking.com,Booking.com,On Account,Confirmed,,mfarme.809089@guest.booking.com,+44 7393 680806,,"Non-Smoking  Promos: Mobile(App) Rate  There is no meal option with this room. Children and Extra Bed Policy: Children of any age are allowed. You haven't added any cots. You haven't added any extra beds. The maximum number of guests is 2.  Deposit Policy: The guest will be charged a prepayment of the total price of the reservation at any time.  Cancellation Policy: The guest can cancel free of charge until 5 days before arrival. The guest will be charged the total price of the reservation if they cancel in the 5 days before arrival.  payment_on_Booking.com (Payout type: BankTransfer)  ** THIS RESERVATION HAS BEEN PRE-PAID ** BOOKING NOTE : Payment charge is GBP 2.016  Genius Booker ",,,,,"2026-05-21",,,,
Savoy Hotel,2026-09-16T20:48:55,519-149-642,GJV-013-286,6934470444,,Simon,Shaw,"2026-09-16","2026-09-17",1,Double room-Ensuite-savoy,Non refundable,Room 19,,1,0,GBP,149.30,49.30,49.30,100.00,Online,Booking.com,Booking.com,On Account,Confirmed,,sshaw.534536@guest.booking.com,+44 7882 582561,,"Non-Smoking  Promos: Mobile(App) Rate  There is no meal option with this room. Children and Extra Bed Policy: Children of any age are allowed. You haven't added any cots. You haven't added any extra beds. The maximum number of guests is 2.  Deposit Policy: The guest will be charged a prepayment of the total price of the reservation at any time.  Cancellation Policy: The guest will be charged the total price of the reservation if they cancel at any time.  payment_on_Booking.com (Payout type: BankTransfer)  ** THIS RESERVATION HAS BEEN PRE-PAID ** BOOKING NOTE : Payment charge is GBP 0.7888  Genius Booker ",,,,,"2026-09-16",,,,
The Carlton Hotel,2026-09-15T16:58:15,519-894-094,FEC-974-860,,,Somal,Baljinder,"2026-09-16","2026-09-21",5,Standard Sea view Double room,Base Rate,Room 104,,1,0,GBP,250.00,250.00,250.00,0.00,Direct,,,On Account,Confirmed,,,,,,,,,,"2026-09-15",,,don't move the guest,
Cluny Hill Hotel,2026-07-23T16:49:24,522-528-994,TMF-661-495,,,Brigitte,Stimpel,"2026-09-16","2026-09-23",7,Standard Double room,Base Rate,Room 36,,1,0,GBP,449.80,See 069-365-824,449.80,0.00,Direct,,,On Account,Confirmed,,b.stimpel@gmx.de,+491192347847,,,,,,,"2026-07-23",,,,
Cluny Hill Hotel,2026-07-23T16:49:24,530-611-122,TMF-661-495,,,Joanne Group,,"2026-09-16","2026-09-23",7,Standard Double room,,Room 22,,1,0,GBP,0.00,See 069-365-824,0.00,0.00,Direct,,,On Account,Canceled,,gomdescotland@gmail.com,,,"1480.5 Payment: https://cliq.zoho.com/company/814408698/chats/CT_2231781453698622980_P814408698-C4/messages/1784822436611_18664043905758",,,,,"2026-07-23",,,,
The Rose and Crown Hotel,2026-09-10T10:09:17,540-063-194,SQV-999-949,,,Brian,McCall,"2026-09-16","2026-09-17",1,Standard-Double room-Ensuite,Non Refundable,Room 303,,2,0,GBP,59.40,59.40,59.40,0.00,Online,Google Hotel Ads,Google Hotel Ads,Pay On Arrival,Confirmed,"5:00 PM",centurionprojects2020@gmail.com,+447789550832,,Card charged by Khaled ,,,,,"2026-09-10",,,,
Holland Rd Studios Close to Olympia London,2026-09-08T22:18:26,542-361-684,SRE-825-524,5962745841,,tommaso,cardinali,"2026-09-16","2026-09-20",4,Mini-Studio-Ensuite HR,Non-refundable Rate,Flat 7 1st,,2,0,GBP,346.46,346.46,311.46,35.00,Online,Booking.com,Booking.com,On Account,Confirmed,,tcardi.439246@guest.booking.com,+39 331 320 3542,,"Genius Rate  Non-Smoking  There is no meal option with this room. Children and Extra Bed Policy: Children of any age are allowed. 1 child (up to and including 2 years old) stays for free when using available cots.  You haven't added any extra beds. The maximum number of cots is 1. The maximum number of guests is 2.  Deposit Policy: The guest will be charged a prepayment of the total price of the reservation at any time.  Cancellation Policy: The guest will be charged the total price of the reservation if they cancel at any time.  payment_on_Booking.com (Payout type: BankTransfer)  ** THIS RESERVATION HAS BEEN PRE-PAID ** BOOKING NOTE : Payment charge is GBP 5.54336  Genius Booker ",,,,,"2026-09-08",,,Instructions sent,
London Gatwick Inn,2026-08-27T18:27:07,546-902-594,ETR-750-135,2544624904,,Wiktor,Pirog,"2026-09-16","2026-09-17",1,Small single,Base Rate,304,,1,0,GBP,46.99,46.99,46.99,0.00,Online,Expedia Affiliate Network,Expedia & Affiliate Network,On Account,Confirmed,,i0mxw2ck97@m.expediapartnercentral.com,+447704080693,,"1 Twin Bed Expedia collects payment from traveler: Hotel invoices Expedia. ",,,,,"2026-08-27",,,,
Modern Studios Close To Hyde Park,2026-07-25T03:44:08,553-850-261,YZD-141-472,1418fb94e984-17ce6343096458974de401b6d46120eb@airbnb.com,,David’s,iCal,"2026-09-16","2026-09-22",6,Family-Studio-Ensuite-Quad LG,Base Rate,Flat 19 2nd F - Split level,,1,0,GBP,412.63,412.63,412.63,0.00,iCal,ical1,,Deposit (Variable),Confirmed,,,,,"Reservation URL: https://www.airbnb.com/hosting/reservations/details/HMNQPSYYAZ  ‪+1 925-413-1919‬",,,,,"2026-07-25",,,Instructions sent,
Fab Guest House,2026-09-14T10:28:58,559-086-362,UYZ-178-719,701801659,,Ruth,Schroeder,"2026-09-16","2026-09-19",3,Ground Floor Double Room,Non Refundable,Room RG,,2,0,GBP,151.80,151.80,151.80,0.00,Online,Agoda,Agoda,On Account,Confirmed,,cs_suppliers@agoda.com,+4915123911593,,"Limited Time Offer. Price includes 20% discount! ",,,,,"2026-09-14",,,,
Holland Rd Studios Close to Olympia London,2026-08-17T17:59:53,561-619-932,RIZ-414-150,HMJATNYCZB,,Leonard,Hundhausen,"2026-09-16","2026-09-19",3,Double-Studio-Ensuite HR,Non refundable rate,Flat 10 1st,,2,0,GBP,278.95,278.95,243.95,35.00,Online,Airbnb,Airbnb,On Account,Confirmed,,,491632698981,," ",,,,,"2026-08-17",,,Instructions sent,
The Carlton Hotel,2026-02-01T15:21:08,563-464-821,FSD-115-098,5219272669,,Duncan,Kirk,"2026-09-16","2026-09-26",10,Classic Double room Ensuite,Base Rate,Room 2,,1,0,GBP,518.40,See 228-301-241,518.40,0.00,Online,Booking.com,Booking.com,On Account,Confirmed,,dkirk.882582@guest.booking.com,+44 7922 276901,,"will drop off luggage Group: 2 x Adult, 0 x Child  Non-Smoking  Promos: Mobile(App) Rate  There is no meal option with this room. Children and Extra Bed Policy: Children of any age are allowed. You haven't added any cots. You haven't added any extra beds. The maximum number of guests is 2.  Deposit Policy: The guest will be charged a prepayment of the total price of the reservation at any time.  Cancellation Policy: The guest can cancel free of charge until 5 days before arrival. The guest will be charged the total price of the reservation if they cancel in the 5 days before arrival.  payment_on_Booking.com (Payout type: BankTransfer)  ** THIS RESERVATION HAS BEEN PRE-PAID ** BOOKING NOTE : Payment charge is GBP 15.8976  Genius Booker ",,,,,"2026-02-01",,,,
Crofton House Hotel,2026-09-15T16:05:16,580-949-261,QQC-022-035,5249943963,,Tobias,Bates,"2026-09-16","2026-09-17",1,Double room-Ensuite Crofton,Non Refundable,Room 2 Crofton,,1,0,GBP,55.58,166.74,55.58,0.00,Online,Booking.com,Booking.com,On Account,Confirmed,,tbates.582932@guest.booking.com,+44 7940 542894,,"Group: 3 x Adult, 0 x Child  Genius Rate  Non-Smoking  Promos: Domestic  There is no meal option with this room. Children and Extra Bed Policy: Children of any age are allowed. You haven't added any cots. You haven't added any extra beds. The maximum number of guests is 2.  Deposit Policy: The guest will be charged a prepayment of the total price of the reservation at any time.  Cancellation Policy: The guest will be charged the total price of the reservation if they cancel at any time.  payment_on_Booking.com (Payout type: BankTransfer)  ** THIS RESERVATION HAS BEEN PRE-PAID ** BOOKING NOTE : Payment charge is GBP 2.66784  KeiCo Living Ltd ",,,,,"2026-09-15",,,,
Savoy Hotel,2026-09-16T20:24:58,581-831-394,BQA-525-201,5976122229,,Shahram,Ahmadi,"2026-09-16","2026-09-17",1,Triple room-Standard-Ensuite-Brichfield,Base Rate,Room 305 brichfield,,1,0,GBP,156.00,56.00,56.00,100.00,Online,Booking.com,Booking.com,On Account,Confirmed,,sahmad.209682@guest.booking.com,+44 7830 709846,,"Non-Smoking  There is no meal option with this room. Children and Extra Bed Policy: Children of any age are allowed. You haven't added any cots. You haven't added any extra beds. The maximum number of guests is 2.  Deposit Policy: The guest will be charged a prepayment of the total price of the reservation at any time.  Cancellation Policy: The guest will be charged the total price of the reservation if they cancel at any time.  payment_on_Booking.com (Payout type: BankTransfer)  ** THIS RESERVATION HAS BEEN PRE-PAID ** BOOKING NOTE : Payment charge is GBP 0.896 ",,,,,"2026-09-16",,,,
London Gatwick Inn,2026-09-06T19:23:34,583-265-052,TIA-010-184,2552472239,,Bradley,Hanks,"2026-09-16","2026-09-17",1,Booked as: Twin/Double,Base Rate,305,,2,0,GBP,61.55,61.55,61.55,0.00,Online,Expedia,Expedia & Affiliate Network,On Account,Confirmed,,dr45a7pkg1@m.expediapartnercentral.com,+447880347522,,"Expedia collects payment from traveler: Hotel invoices Expedia. ",,,,,"2026-09-06",,,,
Cambria Hotel,2026-08-23T09:42:39,583-345-122,JQF-301-601,5942014885,,Julie,Johnstone,"2026-09-16","2026-09-17",1,Standard-Double room-Ensuite,Base Rate,Room 12,,2,0,GBP,47.00,47.00,40.00,7.00,Online,Booking.com,Booking.com,On Account,Confirmed,,jjohns.976284@guest.booking.com,+44 7449 179748,,"Non-Smoking  There is no meal option with this room. Children and Extra Bed Policy: Children of any age are allowed. You haven't added any cots. You haven't added any extra beds. The maximum number of guests is 2.  Deposit Policy: The guest will be charged a prepayment of the total price of the reservation at any time.  Cancellation Policy: The guest can cancel free of charge until 7 days before arrival. The guest will be charged the total price of the reservation if they cancel in the 7 days before arrival.  payment_on_Booking.com (Payout type: BankTransfer)  ** THIS RESERVATION HAS BEEN PRE-PAID ** BOOKING NOTE : Payment charge is GBP 0.64  Genius Booker ",,,,,"2026-08-23",,,,
The Beresford Hotel,2026-09-16T22:28:34,586-104-501,ZTT-133-628,,,knowen,Dany ,"2026-09-16","2026-09-17",1,Double room-Standard-Ensuite-Sea view,,102,,1,0,GBP,0.00,0.00,0.00,0.00,Direct,,,On Account,Canceled,,,,,,,,,,"2026-09-16",,,,
Cluny Hill Hotel,2026-09-16T14:10:57,586-862-104,DSO-783-571,2560235145,,Ragaa,Hassan,"2026-09-16","2026-09-17",1,Standard Double room,Base Rate,Room 21,,2,0,GBP,36.79,36.79,36.79,0.00,Online,Expedia Affiliate Network,Expedia & Affiliate Network,On Account,Confirmed,,tdwfulwm27@m.expediapartnercentral.com,1111111111111,,"1 Double Bed Expedia collects payment from traveler: Hotel invoices Expedia. ",,,,,"2026-09-16",,,,
Portobello Road Artistic Studios,2026-03-27T00:18:35,589-966-021,ISG-531-252,5765479973,,torres,javiera,"2026-09-16","2026-09-22",6,Apartment-Ensuite-N4/Portobello Rd ,,Flat 4 Quad,,2,1,GBP,0.00,See 263-452-402,0.00,0.00,Online,Booking.com,Booking.com,On Account,Canceled,,tjavie.625709@guest.booking.com,+56 9 6165 5623,,"Group: 3 x Adult, 2 x Child  Child Ages: 1  Non-Smoking  Promos: Mobile(App) Rate  There is no meal option with this room. Children and Extra Bed Policy: Children of any age are allowed. You haven't added any cots. You haven't added any extra beds. The maximum number of guests is 2.  Deposit Policy: The guest will be charged a prepayment of the total price of the reservation at any time.  Cancellation Policy: The guest can cancel free of charge until 5 days before arrival. The guest will be charged the total price of the reservation if they cancel in the 5 days before arrival.  payment_on_Booking.com (Payout type: BankTransfer)  ** THIS RESERVATION HAS BEEN PRE-PAID ** BOOKING NOTE : Payment charge is GBP 19.82  Genius Booker ",,,,,"2026-03-27",,,,
Holland Rd Studios Close to Olympia London,2026-01-03T08:56:58,591-554-284,MIS-576-516,5162298438,,Kate,Harper,"2026-09-16","2026-09-23",7,Compact-Studio-Ensuite with Shower,,Flat 4 Ground,,2,0,GBP,0.00,0.00,0.00,0.00,Online,Booking.com,Booking.com,On Account,Canceled,,kharpe.984587@guest.booking.com,+61 450 987 821,,"Genius Rate  Non-Smoking  Promos: International  There is no meal option with this room. Children and Extra Bed Policy: Children of any age are allowed. You haven't added any cots. You haven't added any extra beds. The maximum number of guests is 2.  Deposit Policy: The guest will be charged a prepayment of the total price of the reservation at any time.  Cancellation Policy: The guest can cancel free of charge until 7 days before arrival. The guest will be charged the total price of the reservation if they cancel in the 7 days before arrival.  payment_on_Booking.com (Payout type: BankTransfer)  ** THIS RESERVATION HAS BEEN PRE-PAID ** BOOKING NOTE : Payment charge is GBP 8.7248  Genius Booker ",,,,,"2026-01-03",,,,
Amsterdam Hotel,2026-09-14T11:39:55,591-649-031,VFP-045-938,5147769586,,Gavin,Finucane,"2026-09-16","2026-09-17",1,Modern-Double room-Ensuite/Amsterdam,Non Refundable Rate,Room 24 5TH Floor,,1,0,GBP,97.20,97.20,97.20,0.00,Online,Booking.com,Booking.com,On Account,Confirmed,,gfinuc.184403@guest.booking.com,+44 7976 853198,,"Genius Rate  Non-Smoking  There is no meal option with this room. Children and Extra Bed Policy: Children of any age are allowed. You haven't added any cots. You haven't added any extra beds. The maximum number of guests is 2.  Deposit Policy: The guest will be charged a prepayment of the total price of the reservation at any time.  Cancellation Policy: The guest will be charged the total price of the reservation if they cancel at any time.  payment_on_Booking.com (Payout type: BankTransfer)  ** THIS RESERVATION HAS BEEN PRE-PAID ** BOOKING NOTE : Payment charge is GBP 1.5552  Genius Booker ",,,,,"2026-09-14",,,,
Amsterdam Hotel,2026-08-31T20:27:13,592-451-602,SCJ-975-657,5522269348,,Agata,Przybyłek,"2026-09-16","2026-09-18",2,Twin room-Standard-Ensuite/Amsterdam,Flexible 48 hours,Room 27 Basement,,2,0,GBP,194.40,194.40,194.40,0.00,Online,Booking.com,Booking.com,On Account,Confirmed,,aprzyb.809668@guest.booking.com,+48 509 609 226,,"payment_on_Booking.com (Payout type: BankTransfer)  Non-Smoking  ** THIS RESERVATION HAS BEEN PRE-PAID ** BOOKING NOTE : Payment charge is GBP 3.1104  Genius Booker  Genius Rate  There is no meal option with this room. Children and Extra Bed Policy: Children of any age are allowed. You haven't added any cots. You haven't added any extra beds. The maximum number of guests is 2.  Deposit Policy: The guest will be charged a prepayment of the total price of the reservation at any time.  Cancellation Policy: The guest can cancel free of charge until 2 days before arrival. The guest will be charged the total price of the reservation if they cancel in the 2 days before arrival.",,,,,"2026-08-31",,,,
Savoy Hotel,2026-09-16T11:15:54,598-951-654,RQS-310-545,2560141885,,Alex,Bailey,"2026-09-16","2026-09-17",1,Triple room-Standard-Ensuite-Brichfield,Base Rate,Room 406 brichfield,,1,0,GBP,160.30,60.30,60.30,100.00,Online,Expedia,Expedia & Affiliate Network,On Account,Confirmed,,baileyboy1994@googlemail.com,1111111111111,,"Expedia collects payment from traveler: Hotel invoices Expedia. ",,,,,"2026-09-16",,,,
Savoy Hotel,2026-09-15T21:01:24,601-061-081,JUP-426-719,5811028126,,Adam,Wright,"2026-09-16","2026-09-17",1,Triple room-Standard-Ensuite-Brichfield,Base Rate,Room 308 brichfield,,2,0,GBP,167.00,See 483-621-314,67.00,100.00,Online,Booking.com,Booking.com,On Account,Confirmed,,awrigh.287027@guest.booking.com,+44 7808 535892,,"Group: 3 x Adult, 0 x Child  Non-Smoking  There is no meal option with this room. Children and Extra Bed Policy: Children of any age are allowed. You haven't added any cots. You haven't added any extra beds. The maximum number of guests is 1.  Deposit Policy: The guest will be charged a prepayment of the total price of the reservation at any time.  Cancellation Policy: The guest will be charged the total price of the reservation if they cancel at any time.  payment_on_Booking.com (Payout type: BankTransfer)  ** THIS RESERVATION HAS BEEN PRE-PAID ** I am travelling for business and I may be using a business credit card. This guest would like the rooms in this booking to be close together if possible. BOOKING NOTE : Payment charge is GBP 2.032  Genius Booker ",,,,,"2026-09-15",,,,
Cluny Hill Hotel,2026-07-23T16:49:24,602-449-362,TMF-661-495,,,Felix,Wiese,"2026-09-16","2026-09-23",7,Standard Double room,Base Rate,Room 57,,1,0,GBP,433.50,See 069-365-824,433.50,0.00,Direct,,,On Account,Confirmed,,felix.wiese@googlemail.com,+491794540477,,,,,,,"2026-07-23",,,,
Cluny Hill Hotel,2026-09-08T14:15:12,604-182-412,DHK-445-665,6966093308,,Hanh,Nguyen,"2026-09-16","2026-09-17",1,Standard Double room,,Room 22,,1,0,GBP,0.00,0.00,0.00,0.00,Online,Booking.com,Booking.com,On Account,Canceled,,lbrown.793629@guest.booking.com,+44 1309 675500,,"Genius Rate  Non-Smoking  There is no meal option with this room. Children and Extra Bed Policy: Children of any age are allowed. You haven't added any cots. You haven't added any extra beds. The maximum number of guests is 2.  Deposit Policy: The guest will be charged a prepayment of the total price of the reservation at any time.  Cancellation Policy: The guest can cancel free of charge until 5 days before arrival. The guest will be charged the total price of the reservation if they cancel in the 5 days before arrival.  payment_on_Booking.com (Payout type: BankTransfer)  ** THIS RESERVATION HAS BEEN PRE-PAID ** Approximate time of arrival: between 20:00 and 21:00 hours BOOKING NOTE : Payment charge is GBP 0.69264  Genius Booker ",,,,,"2026-09-08",,,,
Torpark hotel,2026-09-16T13:24:02,604-219-362,PCQ-238-414,5587418172,,Kyle,Rawcliffe,"2026-09-16","2026-09-17",1,Standard-Double room Ensuite,Non Refundable,Room 32 2nd Floor,,2,0,GBP,44.10,44.10,44.10,0.00,Online,Booking.com,Booking.com,On Account,Confirmed,,krawcl.739479@guest.booking.com,+44 7718 108515,,"Non-Smoking  Promos: Mobile(App) Rate  There is no meal option with this room. Children and Extra Bed Policy: Children of any age are allowed. You haven't added any cots. You haven't added any extra beds. The maximum number of guests is 2.  Deposit Policy: The guest will be charged a prepayment of the total price of the reservation at any time.  Cancellation Policy: The guest will be charged the total price of the reservation if they cancel at any time.  payment_on_Booking.com (Payout type: BankTransfer)  ** THIS RESERVATION HAS BEEN PRE-PAID ** BOOKING NOTE : Payment charge is GBP 0.7056  Genius Booker ",,,,,"2026-09-16",,,,
Crofton House Hotel,2026-09-15T16:05:16,605-051-022,QQC-022-035,5249943963,,Michael,Lord,"2026-09-16","2026-09-17",1,Double room-Ensuite Crofton,Non Refundable,Room 5 Crofton,,1,0,GBP,55.58,See 580-949-261,55.58,0.00,Online,Booking.com,Booking.com,On Account,Confirmed,,tbates.582932@guest.booking.com,+44 7940 542894,,"Group: 3 x Adult, 0 x Child  Genius Rate  Non-Smoking  Promos: Domestic  There is no meal option with this room. Children and Extra Bed Policy: Children of any age are allowed. You haven't added any cots. You haven't added any extra beds. The maximum number of guests is 2.  Deposit Policy: The guest will be charged a prepayment of the total price of the reservation at any time.  Cancellation Policy: The guest will be charged the total price of the reservation if they cancel at any time.  payment_on_Booking.com (Payout type: BankTransfer)  ** THIS RESERVATION HAS BEEN PRE-PAID ** BOOKING NOTE : Payment charge is GBP 2.66784  KeiCo Living Ltd ",,,,,"2026-09-15",,,,
Amsterdam Hotel,2026-09-13T20:54:08,606-509-824,PYX-113-898,5983236684,,Lee,Berry,"2026-09-16","2026-09-18",2,Deluxe-Triple room-Ensuite/Amsterdam,Base Rate,Room 9 2ND Floor Refurbished,,2,0,GBP,191.78,191.78,191.78,0.00,Online,Booking.com,Booking.com,On Account,Confirmed,,lberry.732703@guest.booking.com,+61 400 429 994,,"Genius Rate  Non-Smoking  There is no meal option with this room. Children and Extra Bed Policy: Children of any age are allowed. You haven't added any cots. You haven't added any extra beds. The maximum number of guests is 2.  Deposit Policy: The guest will be charged a prepayment of the total price of the reservation at any time.  Cancellation Policy: The guest will be charged the total price of the reservation if they cancel at any time.  payment_on_Booking.com (Payout type: BankTransfer)  ** THIS RESERVATION HAS BEEN PRE-PAID ** Reservation has a cancellation grace period. Do not charge if cancelled before 2026-09-14 21:52:49 BOOKING NOTE : Payment charge is GBP 3.06848  Genius Booker ",,,,,"2026-09-13",,,,
Cambria Hotel,2026-07-19T23:24:59,611-151-202,QZG-206-308,5744934796,,Sandra,Dunne,"2026-09-16","2026-09-21",5,Standard-Double room-Ensuite,Base Rate,Room 18,,2,0,GBP,200.00,200.00,200.00,0.00,Online,Booking.com,Booking.com,On Account,Confirmed,,sdunne.207539@guest.booking.com,+44 7946 737032,,"Non-Smoking  There is no meal option with this room. Children and Extra Bed Policy: Children of any age are allowed. You haven't added any cots. You haven't added any extra beds. The maximum number of guests is 2.  Deposit Policy: The guest will be charged a prepayment of the total price of the reservation at any time.  Cancellation Policy: The guest can cancel free of charge until 7 days before arrival. The guest will be charged the total price of the reservation if they cancel in the 7 days before arrival.  payment_on_Booking.com (Payout type: BankTransfer)  ** THIS RESERVATION HAS BEEN PRE-PAID ** BOOKING NOTE : Payment charge is GBP 3.2  Genius Booker ",,,,,"2026-07-19",,,,
Cluny Hill Hotel,2026-07-23T16:49:24,615-922-502,TMF-661-495,,,Grainne,O Neill,"2026-09-16","2026-09-23",7,Standard Double room,Base Rate,Room 58,,1,0,GBP,433.50,See 069-365-824,433.50,0.00,Direct,,,On Account,Confirmed,,goneill07@gmail.com,,,,,,,,"2026-07-23",,,,
The Carlton Hotel,2026-09-13T16:00:42,618-511-454,XFM-779-533,,,,Carmelina Dolente,"2026-09-16","2026-09-17",1,Classic Double room Ensuite,,Room 4,,1,1,GBP,0.00,0.00,0.00,0.00,Direct,,,On Account,Canceled,,,+447888201914,,,,,,,"2026-09-13",,,,
Royal Hotel,2026-08-14T22:52:00,619-884-892,JUB-439-660,5484102052,,Lilly,Solatorio,"2026-09-16","2026-09-20",4,Sea view-Double room-Ensuite,,Room 103,,2,0,GBP,218.70,218.70,218.70,0.00,Online,Booking.com,Booking.com,On Account,Canceled,,lsolat.404976@guest.booking.com,+44 7800 630290,,"Non-Smoking  Promos: Domestic  There is no meal option with this room. Children and Extra Bed Policy: Children of any age are allowed. You haven't added any cots. You haven't added any extra beds. The maximum number of guests is 2.  Deposit Policy: The guest will be charged a prepayment of the total price of the reservation at any time.  Cancellation Policy: The guest will be charged the total price of the reservation if they cancel at any time.  payment_on_Booking.com (Payout type: BankTransfer)  ** THIS RESERVATION HAS BEEN PRE-PAID ** BOOKING NOTE : Payment charge is GBP 3.4992 I booked this hotel because there is sea view and I would like to request to be in those big room with 3 chair by the window and there is also 2 window by the other side.  Genius Booker ",,,,,"2026-08-14",,,,
La Casa Studios Near Hyde Park,2026-09-15T17:35:03,624-094-641,TBL-053-783,5988498439,,Heidi,Symington,"2026-09-16","2026-09-17",1,Standard-Studio-Ensuite-Basement level -La Casa,Non Refundable,Studio 4,,2,0,GBP,111.55,111.55,76.55,35.00,Online,Booking.com,Booking.com,On Account,Confirmed,,hsymin.587909@guest.booking.com,+44 7966 453092,,"Genius Rate  Non-Smoking  Promos: Mobile(App) Rate  There is no meal option with this room. Children and Extra Bed Policy: Children of any age are allowed. You haven't added any cots. You haven't added any extra beds. The maximum number of guests is 2.  Deposit Policy: The guest will be charged a prepayment of the total price of the reservation at any time.  Cancellation Policy: The guest will be charged the total price of the reservation if they cancel at any time.  payment_on_Booking.com (Payout type: BankTransfer)  ** THIS RESERVATION HAS BEEN PRE-PAID ** BOOKING NOTE : Payment charge is GBP 1.7848  Genius Booker ",,,,,"2026-09-15",,,Instructions sent,
The Beresford Hotel,2026-09-16T22:28:34,624-323-552,ZTT-133-628,,,Knowen,Dany,"2026-09-16","2026-09-18",2,Standard Double room Ensuite,Base Rate,11,,1,0,GBP,74.00,See 586-104-501,74.00,0.00,Direct,,,On Account,Confirmed,,,,,,,,,,"2026-09-16",,,,
Amsterdam Hotel,2026-09-16T12:05:21,626-260-592,PCQ-879-497,,,,MIHOS,"2026-09-16","2026-09-17",1,Compact-Double room-Ensuite/Amsterdam,Base Rate,Room 6 1ST Floor Refurbished,,1,0,GBP,80.00,80.00,80.00,0.00,Direct,,,On Account,Confirmed,,,,,,,,,,"2026-09-16",,,,
Cluny Hill Hotel,2026-07-23T16:49:24,628-283-691,TMF-661-495,,,Leo Bierman,&amp; Alyssa Barba,"2026-09-16","2026-09-22",6,Standard Twin room ,Base Rate,Room 39,,1,0,GBP,0.00,See 069-365-824,0.00,0.00,Direct,,,On Account,Confirmed,,leobierman@gmail.com,+449177578170,,,,,,,"2026-07-23",,,,
Cluny Hill Hotel,2026-07-23T16:49:24,636-454-531,TMF-661-495,,,Joanne Group,,"2026-09-16","2026-09-23",7,Triple room Standard,,Room 55,,1,0,GBP,0.00,See 069-365-824,0.00,0.00,Direct,,,On Account,Canceled,,gomdescotland@gmail.com,,,,,,,,"2026-07-23",,,,
Number 19 Brighton,2026-03-04T23:10:33,638-119-921,CEI-343-698,5831207090,,Cheek,Anthony,"2026-09-16","2026-09-18",2,Standard-Double room-Ensuite,,Room 11,,2,0,GBP,0.00,0.00,0.00,0.00,Online,Booking.com,Booking.com,On Account,Canceled,,cantho.651695@guest.booking.com,+44 7397 059506,,"Non-Smoking  Promos: Mobile(App) Rate  There is no meal option with this room. Children and Extra Bed Policy: Children of any age are allowed. You haven't added any cots. You haven't added any extra beds. The maximum number of guests is 2.  Deposit Policy: The guest will be charged a prepayment of the total price of the reservation at any time.  Cancellation Policy: The guest can cancel free of charge until 7 days before arrival. The guest will be charged the total price of the reservation if they cancel in the 7 days before arrival. If the guest doesn’t show up, they will be charged the total price of the reservation.  payment_on_Booking.com (Payout type: BankTransfer)  ** THIS RESERVATION HAS BEEN PRE-PAID ** BOOKING NOTE : Payment charge is GBP 2.16  Genius Booker ",,,,,"2026-03-04",,,,
Savoy Hotel,2026-09-16T09:33:59,640-811-492,LVP-338-151,2560092903,,John,Crompton,"2026-09-16","2026-09-18",2,Double room-Standard-Ensuite-Sea view-Brichfield,Non Refundable,Room 409 brichfield,,2,0,GBP,254.01,154.01,154.01,100.00,Online,Expedia,Expedia & Affiliate Network,On Account,Confirmed,,john.crompton3@btinternet.com,111111111111,,"Expedia collects payment from traveler: Hotel invoices Expedia. ",,,,,"2026-09-16",,,,
Cluny Hill Hotel,2026-08-11T18:00:39,640-886-134,ZDS-856-199,,,Joanne,,"2026-09-16","2026-09-23",7,Standard Twin room ,,Room 39,,1,0,GBP,0.00,See 090-198-052,0.00,0.00,Direct,,,On Account,Canceled,,,,,,,,,,"2026-08-11",,,,
Solshi Studios Near Westfield and Olympia,2026-08-18T20:36:56,643-986-262,FBP-823-730,6963219926,,Giulia,Barcelli,"2026-09-16","2026-09-19",3,Double Studio Basement F - Solshi,Base Rate,Flat 1 Basement,,2,0,GBP,237.50,237.50,202.50,35.00,Online,Booking.com,Booking.com,On Account,Confirmed,,gbarce.502406@guest.booking.com,+39 329 484 5800,,"Non-Smoking  Promos: Mobile(App) Rate  There is no meal option with this room. Children and Extra Bed Policy: Children are not allowed. You haven't added any cots. You haven't added any extra beds. The maximum number of guests is 2.  Deposit Policy: The guest will be charged a prepayment of the total price of the reservation at any time.  Cancellation Policy: The guest can cancel free of charge until 5 days before arrival. The guest will be charged the total price of the reservation if they cancel in the 5 days before arrival.  payment_on_Booking.com (Payout type: BankTransfer)  ** THIS RESERVATION HAS BEEN PRE-PAID ** BOOKING NOTE : Payment charge is GBP 3.8  Genius Booker ",,,,,"2026-08-18",,,Instructions sent,
Modern Studios Close To Hyde Park,2026-09-03T23:43:46,653-635-161,GRW-079-855,2550421663,,Umberto,Maggitti,"2026-09-16","2026-09-19",3,Large Studio Ensuite LG,Base Rate,Flat 25 3rd ,,2,0,GBP,285.20,285.20,250.20,35.00,Online,Expedia,Expedia & Affiliate Network,On Account,Confirmed,,3rug3mvuyt@m.expediapartnercentral.com,111111111111,,"Expedia collects payment from traveler: Hotel invoices Expedia.  +44 7448 759416 ",,,,,"2026-09-03",,,,
Amsterdam Hotel,2026-09-09T08:34:40,654-420-292,MOA-259-681,2554558574,,LEKSHMI,NAIR,"2026-09-16","2026-09-17",1,Quad room-Ensuite/Amsterdam,Base Rate,Room 28 Basement,,1,0,GBP,104.08,104.08,104.08,0.00,Online,Expedia Affiliate Network,Expedia & Affiliate Network,On Account,Confirmed,,valuecontent.support@amadeus.com,+919567523583,,"1 Queen Bed and 1 Twin Bed Expedia collects payment from traveler: Hotel invoices Expedia. ",,,,,"2026-09-09",,,,
Amsterdam Hotel,2026-08-09T11:35:46,654-529-324,MMA-181-978,5670066541,,Samantha,Ambler,"2026-09-16","2026-09-18",2,Quad room-Ensuite/Amsterdam,Base Rate,Room 19 4TH Floor,,2,0,GBP,141.83,141.83,141.83,0.00,Online,Booking.com,Booking.com,On Account,Confirmed,,samble.308774@guest.booking.com,+44 7496 117728,,"Genius Rate  Non-Smoking  There is no meal option with this room. Children and Extra Bed Policy: Children of any age are allowed. You haven't added any cots. You haven't added any extra beds. The maximum number of guests is 2.  Deposit Policy: The guest will be charged a prepayment of the total price of the reservation at any time.  Cancellation Policy: The guest will be charged the total price of the reservation if they cancel at any time.  payment_on_Booking.com (Payout type: BankTransfer)  ** THIS RESERVATION HAS BEEN PRE-PAID ** Reservation has a cancellation grace period. Do not charge if cancelled before 2026-08-10 12:34:28 BOOKING NOTE : Payment charge is GBP 2.26928  Genius Booker ",,,,,"2026-08-09",,,,
Crofton House Hotel,2026-09-01T20:48:51,661-655-264,FUH-558-935,5825447893,,Stephanie,Norman,"2026-09-16","2026-09-18",2,Suite-Ensuite,Base Rate,Torre Suite,,2,0,GBP,126.36,252.72,126.36,0.00,Online,Booking.com,Booking.com,On Account,Confirmed,,snorma.966866@guest.booking.com,+44 7748 748755,,"Group: 4 x Adult, 0 x Child  Genius Rate  Non-Smoking  Promos: Mobile(App) Rate  There is no meal option with this room. Children and Extra Bed Policy: Children of any age are allowed. You haven't added any cots. You haven't added any extra beds. The maximum number of guests is 2.  Deposit Policy: The guest will be charged a prepayment of the total price of the reservation at any time.  Cancellation Policy: The guest can cancel free of charge until 5 days before arrival. The guest will be charged the total price of the reservation if they cancel in the 5 days before arrival.  payment_on_Booking.com (Payout type: BankTransfer)  ** THIS RESERVATION HAS BEEN PRE-PAID ** BOOKING NOTE : Payment charge is GBP 4.04352  Genius Booker ",,,,,"2026-09-01",,,,
Cambria Hotel,2026-09-14T17:59:39,664-542-434,GWA-137-981,,,, Adrian Millet,"2026-09-16","2026-09-23",7,Standard-Single room-Ensuite,Base Rate,Room 26,,1,0,GBP,240.00,240.00,240.00,0.00,Direct,,,On Account,Confirmed,,,,,"https://cliq.zoho.com/company/814408698/chats/CT_2242141631302837466_P814408698-C4/messages/1789404923190_47449199319587  https://cliq.zoho.com/company/814408698/chats/CT_2242141631302837466_P814408698-C4/messages/1789404923190_47449199319587",,,,,"2026-09-14",,,,
The Carlton Hotel,2026-09-16T15:56:48,665-913-111,BGL-637-557,5126094064,,Korsty,Rowe,"2026-09-16","2026-09-17",1,Standard Sea view Double room,Base Rate,Room 221,,2,0,GBP,49.93,49.93,49.93,0.00,Online,Booking.com,Booking.com,On Account,Confirmed,,krowe.318481@guest.booking.com,+44 7754 693126,,"Non-Smoking  Promos: Domestic  There is no meal option with this room. Children and Extra Bed Policy: Children of any age are allowed. You haven't added any cots. You haven't added any extra beds. The maximum number of guests is 2.  Deposit Policy: The guest will be charged a prepayment of the total price of the reservation at any time.  Cancellation Policy: The guest will be charged the total price of the reservation if they cancel at any time.  payment_on_Booking.com (Payout type: BankTransfer)  ** THIS RESERVATION HAS BEEN PRE-PAID ** BOOKING NOTE : Payment charge is GBP 0.79888 ",,,,,"2026-09-16",,,Upgraded,
Bonair Hotel,2026-09-16T08:06:05,682-169-982,RTK-474-267,5261255034,,jay,Arnold,"2026-09-16","2026-09-17",1,Standard-Double room-Ensuite,Base Rate,Room 37,,1,1,GBP,45.00,45.00,45.00,0.00,Online,Booking.com,Booking.com,On Account,Confirmed,,jarnol.529221@guest.booking.com,+44 7983 821650,,"Child Ages: 13  Non-Smoking  There is no meal option with this room. Children and Extra Bed Policy: Children of any age are allowed. You haven't added any cots. You haven't added any extra beds. The maximum number of guests is 2.  Deposit Policy: The guest will be charged a prepayment of the total price of the reservation at any time.  Cancellation Policy: The guest can cancel free of charge until 7 days before arrival. The guest will be charged the total price of the reservation if they cancel in the 7 days before arrival. If the guest doesn’t show up, they will be charged the total price of the reservation.  payment_on_Booking.com (Payout type: BankTransfer)  ** THIS RESERVATION HAS BEEN PRE-PAID ** BOOKING NOTE : Payment charge is GBP 0.72  Genius Booker ",,,,,"2026-09-16",,,,
Wembar Hotel,2026-09-16T12:06:19,686-560-461,QNZ-498-567,,,,PAMELA G ,"2026-09-16","2026-09-17",1,Single room-Standard-Ensuite with Shower/Wembar,Base Rate,Room 21 - GF,,1,0,GBP,80.00,80.00,80.00,0.00,Direct,,,On Account,Confirmed,,,,,,,,,,"2026-09-16",,,,
Wembar Hotel,2026-09-16T20:34:18,688-244-212,DAH-674-269,5684152096,,Tom,Dannatt,"2026-09-16","2026-09-17",1,Double room-Deluxe-Ensuite with Shower/Wembar,Non Refundable,Room 19 - Basement,,1,0,GBP,109.48,109.48,109.48,0.00,Online,Booking.com,Booking.com,On Account,Confirmed,,tdanna.527019@guest.booking.com,+44 7305 608650,,"Non-Smoking  Promos: Getaway Deal  There is no meal option with this room. Children and Extra Bed Policy: Children ages 1 and older are allowed. You haven't added any cots. You haven't added any extra beds. The maximum number of guests is 2.  Deposit Policy: The guest will be charged a prepayment of the total price of the reservation at any time.  Cancellation Policy: The guest will be charged the total price of the reservation if they cancel at any time.  payment_on_Booking.com (Payout type: BankTransfer)  ** THIS RESERVATION HAS BEEN PRE-PAID ** BOOKING NOTE : Payment charge is GBP 1.75168  Genius Booker ",,,,,"2026-09-16",,,,
The Carlton Hotel,2026-09-16T11:56:38,689-919-002,MOL-941-841,5924402942,,David,Bailey,"2026-09-16","2026-09-17",1,Classic Double room Ensuite,Non Refundable,Room 135,,1,0,GBP,50.51,50.51,50.51,0.00,Online,Booking.com,Booking.com,On Account,Confirmed,,dbaile.424065@guest.booking.com,+44 7527 126968,,"Non-Smoking  There is no meal option with this room. Children and Extra Bed Policy: Children of any age are allowed. You haven't added any cots. You haven't added any extra beds. The maximum number of guests is 2.  Deposit Policy: The guest will be charged a prepayment of the total price of the reservation at any time.  Cancellation Policy: The guest will be charged the total price of the reservation if they cancel at any time.  payment_on_Booking.com (Payout type: BankTransfer)  ** THIS RESERVATION HAS BEEN PRE-PAID ** BOOKING NOTE : Payment charge is GBP 0.80816  Roomex  Genius Booker ",,,,,"2026-09-16",,,,
Crofton House Hotel,2026-09-15T22:35:21,694-952-052,DLQ-566-175,2559744416,,Alexa,tules,"2026-09-16","2026-09-17",1,Double room-Ensuite Crofton,Non Refundable,Room 4 Crofton,,2,0,GBP,56.59,56.59,56.59,0.00,Online,Expedia,Expedia & Affiliate Network,On Account,Confirmed,,weijiejiudian@163.com,11111111111111,,"1 Double Bed Expedia collects payment from traveler: Hotel invoices Expedia. ",,,,,"2026-09-15",,,,
Cluny Hill Hotel,2026-07-23T16:49:24,695-240-824,TMF-661-495,,,Joanne ,Group,"2026-09-16","2026-09-23",7,Standard Twin room ,,Room 49,,1,0,GBP,0.00,See 069-365-824,0.00,0.00,Direct,,,On Account,Canceled,,gomdescotland@gmail.com,,,,,,,,"2026-07-23",,,,
Cluny Hill Hotel,2026-08-11T18:00:39,696-650-182,ZDS-856-199,,,Joanne,,"2026-09-16","2026-09-23",7,Standard Twin room ,,Room 34,,1,0,GBP,0.00,See 090-198-052,0.00,0.00,Direct,,,On Account,Canceled,,,,,,,,,,"2026-08-11",,,,
Avalon Guest house,2026-06-15T17:12:24,699-899-464,ASL-955-503,5027191765,,James,Blackwell,"2026-09-16","2026-09-19",3,Modern-Double room-Ensuite with Bath,Base Rate,Room 4,,2,0,GBP,216.00,216.00,216.00,0.00,Online,Booking.com,Booking.com,On Account,Confirmed,,jblack.511809@guest.booking.com,+46 72 503 58 58,,"Non-Smoking  There is no meal option with this room. Children and Extra Bed Policy: Children of any age are allowed. You haven't added any cots. You haven't added any extra beds. The maximum number of guests is 2.  Deposit Policy: The guest will be charged a prepayment of the total price of the reservation at any time.  Cancellation Policy: The guest will be charged the total price of the reservation if they cancel at any time.  payment_on_Booking.com (Payout type: BankTransfer)  ** THIS RESERVATION HAS BEEN PRE-PAID ** BOOKING NOTE : Payment charge is GBP 3.456 Approximate time of arrival: between 12:00 and 13:00  Genius Booker ",,,,,"2026-06-15",,,Instructions sent,
La Casa Studios Near Hyde Park,2026-08-29T23:36:29,800-129-521,KBT-504-446,5965363807,,Francesco,Fois,"2026-09-16","2026-09-21",5,Standard Studio Ensuite with Shower- La Casa,Base Rate,Studio 21,,2,0,GBP,609.36,609.36,574.36,35.00,Online,Booking.com,Booking.com,On Account,Confirmed,,ffois.947246@guest.booking.com,+39 331 995 4839,,"payment_on_Booking.com (Payout type: BankTransfer)  Non-Smoking  ** THIS RESERVATION HAS BEEN PRE-PAID ** BOOKING NOTE : Payment charge is GBP 9.74976  Genius Booker  Genius Rate  There is no meal option with this room. Children and Extra Bed Policy: Children of any age are allowed. You haven't added any cots. You haven't added any extra beds. The maximum number of guests is 2.  Deposit Policy: The guest will be charged a prepayment of the total price of the reservation at any time.  Cancellation Policy: The guest can cancel free of charge until 5 days before arrival. The guest will be charged the total price of the reservation if they cancel in the 5 days before arrival.",,,,,"2026-08-29",,,Instructions sent,
Torpark hotel,2026-09-15T09:23:08,805-360-911,KFP-219-166,5968667225,,Kristan,Smith,"2026-09-16","2026-09-17",1,Standard Triple room Ensuite,Non Refundable,Room 10 1st Floor,,2,1,GBP,47.70,47.70,47.70,0.00,Online,Booking.com,Booking.com,On Account,Confirmed,,ksmith.381837@guest.booking.com,+44 7375 323097,,"Child Ages: 12  Non-Smoking  Promos: Mobile(App) Rate  There is no meal option with this room. Children and Extra Bed Policy: Children of any age are allowed. You haven't added any cots. You haven't added any extra beds. The maximum number of guests is 3.  Deposit Policy: The guest will be charged a prepayment of the total price of the reservation at any time.  Cancellation Policy: The guest will be charged the total price of the reservation if they cancel at any time.  payment_on_Booking.com (Payout type: BankTransfer)  ** THIS RESERVATION HAS BEEN PRE-PAID ** BOOKING NOTE : Payment charge is GBP 0.7632  Genius Booker ",,,,,"2026-09-15",,,,
Avalon Guest house,2026-09-16T21:16:25,806-431-232,FHL-334-672,2560540359,,Sukru,Bolat,"2026-09-16","2026-09-17",1,Modern Standard Double room ensuite,Base Rate,No. 13 - Room 8,,1,0,GBP,45.60,45.60,45.60,0.00,Online,Expedia,Expedia & Affiliate Network,On Account,Confirmed,,Sukrubolat@hotmail.com,111111111111,,"Expedia collects payment from traveler: Hotel invoices Expedia. ",,,,,"2026-09-16",,,,
Avalon Guest house,2026-09-16T23:16:48,810-118-044,JYL-476-884,,,Howard,Tacker,"2026-09-16","2026-09-17",1,Modern Standard Double room ensuite,Base Rate,No. 13 - Room 1,,1,0,GBP,54.00,54.00,54.00,0.00,Direct,,,On Account,Confirmed,,,+447889353240,,,,,,,"2026-09-16",,,,
Wembar Hotel,2026-09-13T21:52:07,810-433-284,YMO-204-350,5576297718,,Hilda,Asantewaa Boateng,"2026-09-16","2026-09-17",1,Double room-Deluxe-Ensuite with Shower/Wembar,Non Refundable,Room 19 - Basement,,2,0,GBP,98.73,98.73,98.73,0.00,Online,Booking.com,Booking.com,On Account,Confirmed,"2:00 PM",hboate.251646@guest.booking.com,+44 7581 369441,,"Non-Smoking  Promos: Getaway Deal  There is no meal option with this room. Children and Extra Bed Policy: Children ages 1 and older are allowed. You haven't added any cots. You haven't added any extra beds. The maximum number of guests is 2.  Deposit Policy: The guest will be charged a prepayment of the total price of the reservation at any time.  Cancellation Policy: The guest will be charged the total price of the reservation if they cancel at any time.  payment_on_Booking.com (Payout type: BankTransfer)  ** THIS RESERVATION HAS BEEN PRE-PAID ** BOOKING NOTE : Payment charge is GBP 1.57968  Genius Booker  Park Reason: Guest left",,,,,"2026-09-13",,,Instructions sent,
Crofton House Hotel,2026-09-15T16:05:16,810-630-282,QQC-022-035,5249943963,,Ben,Gorton,"2026-09-16","2026-09-17",1,Double room-Ensuite Crofton,Non Refundable,Room 7 Crofotn,,1,0,GBP,55.58,See 580-949-261,55.58,0.00,Online,Booking.com,Booking.com,On Account,Confirmed,,tbates.582932@guest.booking.com,+44 7940 542894,,"Group: 3 x Adult, 0 x Child  Genius Rate  Non-Smoking  Promos: Domestic  There is no meal option with this room. Children and Extra Bed Policy: Children of any age are allowed. You haven't added any cots. You haven't added any extra beds. The maximum number of guests is 2.  Deposit Policy: The guest will be charged a prepayment of the total price of the reservation at any time.  Cancellation Policy: The guest will be charged the total price of the reservation if they cancel at any time.  payment_on_Booking.com (Payout type: BankTransfer)  ** THIS RESERVATION HAS BEEN PRE-PAID ** BOOKING NOTE : Payment charge is GBP 2.66784  KeiCo Living Ltd ",,,,,"2026-09-15",,,,
The Beresford Hotel,2026-07-25T15:52:10,816-545-654,EHK-999-731,5202753301,,Ruth,Stoakes,"2026-09-16","2026-09-18",2,Twin room-Standard-Ensuite-Sea view,Base Rate,6,,2,0,GBP,131.40,131.40,131.40,0.00,Online,Booking.com,Booking.com,On Account,Confirmed,,rstoak.275198@guest.booking.com,+44 7765 450551,,"Non-Smoking  There is no meal option with this room. Children and Extra Bed Policy: Children of any age are allowed. You haven't added any cots. You haven't added any extra beds. The maximum number of guests is 2.  Deposit Policy: The guest will be charged a prepayment of the total price of the reservation at any time.  Cancellation Policy: The guest will be charged the total price of the reservation if they cancel at any time.  payment_on_Booking.com (Payout type: BankTransfer)  ** THIS RESERVATION HAS BEEN PRE-PAID ** BOOKING NOTE : Payment charge is GBP 2.1024 Approximate time of arrival: between 14:00 and 15:00  Genius Booker ",,,,,"2026-07-25",,,,
Amsterdam Hotel,2025-11-28T19:46:38,818-069-924,WVT-095-535,6445607030,,Beatriz,Morales,"2026-09-16","2026-09-21",5,Deluxe-Triple room-Ensuite,,Room 10 2ND Floor,,3,0,GBP,0.00,0.00,0.00,0.00,Online,Booking.com,Booking.com,On Account,Canceled,,bmoral.918236@guest.booking.com,+54 93875097471,,"Genius Rate  Non-Smoking  Promos: International  There is no meal option with this room. Children and Extra Bed Policy: Children of any age are allowed. You haven't added any cots. You haven't added any extra beds. The maximum number of guests is 3.  Deposit Policy: The guest will be charged a prepayment of the total price of the reservation at any time.  Cancellation Policy: The guest can cancel free of charge until 2 days before arrival. The guest will be charged the total price of the reservation if they cancel in the 2 days before arrival.  payment_on_Booking.com (Payout type: BankTransfer)  ** THIS RESERVATION HAS BEEN PRE-PAID ** BOOKING NOTE : Payment charge is GBP 7.94576  Genius Booker ",,,,,"2025-11-28",,,,
The Kirkdale Hotel,2026-09-05T15:57:18,823-318-411,IKI-455-161,6554796790,,Sobczak,Mikołaj,"2026-09-16","2026-09-19",3,Deluxe Triple room Ensuite,,Room 8 - 1st F,,3,0,GBP,0.00,0.00,0.00,0.00,Online,Booking.com,Booking.com,On Account,Canceled,,smikol.907294@guest.booking.com,+48 668 687 890,,"Non-Smoking  There is no meal option with this room. Children and Extra Bed Policy: Children of any age are allowed. You haven't added any cots. You haven't added any extra beds. The maximum number of guests is 3.  Deposit Policy: The guest will be charged a prepayment of the total price of the reservation at any time.  Cancellation Policy: The guest can cancel free of charge until 5 days before arrival. The guest will be charged the total price of the reservation if they cancel in the 5 days before arrival.  payment_on_Booking.com (Payout type: BankTransfer)  ** THIS RESERVATION HAS BEEN PRE-PAID ** BOOKING NOTE : Payment charge is GBP 5.568  Genius Booker ",,,,,"2026-09-05",,,,
Cluny Hill Hotel,2026-09-06T16:37:47,825-926-092,QFM-395-823,5179599748,,Catherine,Caldwell,"2026-09-16","2026-09-22",6,Standard Twin room ,Non Refundable,Room 41,,1,0,GBP,262.01,262.01,262.01,0.00,Online,Booking.com,Booking.com,On Account,Confirmed,,ccaldw.220056@guest.booking.com,+44 7964 686865,,"Genius Rate  Non-Smoking  There is no meal option with this room. Children and Extra Bed Policy: Children of any age are allowed. You haven't added any cots. You haven't added any extra beds. The maximum number of guests is 2.  Deposit Policy: The guest will be charged a prepayment of the total price of the reservation at any time.  Cancellation Policy: The guest will be charged the total price of the reservation if they cancel at any time.  payment_on_Booking.com (Payout type: BankTransfer)  ** THIS RESERVATION HAS BEEN PRE-PAID ** BOOKING NOTE : Payment charge is GBP 4.19216  Genius Booker ",,,,,"2026-09-06",,,don't move the guest,
Savoy Hotel,2026-09-16T21:52:31,829-339-182,SMN-303-595,6877191873,,Gulammohuddin,Memon,"2026-09-16","2026-09-17",1,Triple room-Standard-Ensuite-Brichfield,Base Rate,Room 505 brichfield,,2,0,GBP,151.85,51.85,51.85,100.00,Online,Booking.com,Booking.com,On Account,Confirmed,,gmemon.271729@guest.booking.com,+44 7404 100527,,"Non-Smoking  Promos: Mobile(App) Rate  There is no meal option with this room. Children and Extra Bed Policy: Children of any age are allowed. You haven't added any cots. You haven't added any extra beds. The maximum number of guests is 2.  Deposit Policy: The guest will be charged a prepayment of the total price of the reservation at any time.  Cancellation Policy: The guest will be charged the total price of the reservation if they cancel at any time.  payment_on_Booking.com (Payout type: BankTransfer)  ** THIS RESERVATION HAS BEEN PRE-PAID ** BOOKING NOTE : Payment charge is GBP 0.8296  Genius Booker ",,,,,"2026-09-16",,,,
The Rose and Crown Hotel,2026-09-10T10:12:23,836-311-681,FDU-222-114,,,Brian,McCall,"2026-09-16","2026-09-17",1,Standard-Double room-Ensuite,Non Refundable,Room 302,,2,0,GBP,59.40,59.40,59.40,0.00,Online,Google Hotel Ads,Google Hotel Ads,Pay On Arrival,Confirmed,"5:00 PM",centurionprojects2020@gmail.com,+447789550832,,Card charged by Khaled ,,,,,"2026-09-10",,,,
Holland Rd Studios Close to Olympia London,2026-09-15T22:29:09,838-091-004,MRB-966-736,5372631290,,S,Sruthi,"2026-09-16","2026-09-17",1,Single-Studio-Ensuite with Shower HR,Non refundable rate,Flat 16 3rd,,1,0,GBP,103.63,103.63,68.63,35.00,Online,Booking.com,Booking.com,On Account,Confirmed,,ssruth.302940@guest.booking.com,+44 7497 002773,,"Genius Rate  Non-Smoking  Promos: Domestic  There is no meal option with this room. Children and Extra Bed Policy: Children of any age are allowed. 1 child (up to and including 2 years old) stays for free when using available cots.  You haven't added any extra beds. The maximum number of cots is 1. The maximum number of guests is 1.  Deposit Policy: The guest will be charged a prepayment of the total price of the reservation at any time.  Cancellation Policy: The guest will be charged the total price of the reservation if they cancel at any time.  payment_on_Booking.com (Payout type: BankTransfer)  ** THIS RESERVATION HAS BEEN PRE-PAID ** BOOKING NOTE : Payment charge is GBP 1.65808  Genius Booker ",,,,,"2026-09-15",,,Instructions sent,
Wembar Hotel,2026-06-09T08:52:19,838-942-191,PEL-455-639,5391576092,,Tassinari,Giorgia,"2026-09-16","2026-09-19",3,Double room-Standard-Ensuite with Shower/Wembar,,Room 20,,2,0,GBP,0.00,0.00,0.00,0.00,Online,Booking.com,Booking.com,On Account,Canceled,,tgiorg.317910@guest.booking.com,+39 331 425 8584,,"Non-Smoking  Promos: Mobile(App) Rate  There is no meal option with this room. Children and Extra Bed Policy: Children ages 1 and older are allowed. You haven't added any cots. You haven't added any extra beds. The maximum number of guests is 2.  Deposit Policy: The guest will be charged a prepayment of the total price of the reservation at any time.  Cancellation Policy: The guest can cancel free of charge until 3 days before arrival. The guest will be charged the total price of the reservation if they cancel in the 3 days before arrival.  payment_on_Booking.com (Payout type: BankTransfer)  ** THIS RESERVATION HAS BEEN PRE-PAID ** BOOKING NOTE : Payment charge is GBP 4.2432  Genius Booker ",,,,,"2026-06-09",,,,
Bonair Hotel,2026-09-16T17:43:07,843-956-664,LPP-548-672,6950177478,,Shujaat,Farooqi,"2026-09-16","2026-09-17",1,Standard-Double room-Ensuite,Base Rate,Room 24,,2,0,GBP,52.00,52.00,45.00,7.00,Online,Booking.com,Booking.com,On Account,Confirmed,,sfaroo.776830@guest.booking.com,+44 20 3564 0799,,"£7 Parking:  https://cliq.zoho.com/company/814408698/chats/CT_2243196818311844940_P814408698-C4/messages/1789582868953_67111740462309  Non-Smoking  There is no meal option with this room. Children and Extra Bed Policy: Children of any age are allowed. You haven't added any cots. You haven't added any extra beds. The maximum number of guests is 2.  Deposit Policy: The guest will be charged a prepayment of the total price of the reservation at any time.  Cancellation Policy: The guest can cancel free of charge until 7 days before arrival. The guest will be charged the total price of the reservation if they cancel in the 7 days before arrival. If the guest doesn’t show up, they will be charged the total price of the reservation.  payment_on_Booking.com (Payout type: BankTransfer)  ** THIS RESERVATION HAS BEEN PRE-PAID ** BOOKING NOTE : Payment charge is GBP 0.72 ",,,,,"2026-09-16",,,,
The Rose and Crown Hotel,2026-09-16T09:34:01,851-886-012,RYI-756-664,1054960086,,Tara,Parry,"2026-09-16","2026-09-17",1,Deluxe-Double room-Ensuite,Non Refundable,Room 203,,2,0,GBP,60.59,60.59,60.59,0.00,Online,Agoda,Agoda,On Account,Confirmed,,cs_suppliers@agoda.com,,,"AdditionalNotes:  Limited Time Offer. Price includes 10% discount! ",,,,,"2026-09-16",,,,
The Carlton Hotel,2026-09-16T13:49:12,856-355-941,RFG-520-356,,,,wai kong wong,"2026-09-16","2026-09-17",1,Classic Double room Ensuite,Base Rate,Room 8,,1,0,GBP,0.00,See 449-481-952,0.00,0.00,Direct,,,On Account,Confirmed,,,+44 7944 322047,,,,,,,"2026-09-16",,,Relocation Done,
Savoy Hotel,2026-09-16T20:01:20,860-486-291,RSO-679-554,2560489182,,Matt,Mariola,"2026-09-16","2026-09-17",1,Triple room-Standard-Ensuite-Brichfield,Base Rate,Room 407 brichfield,,1,0,GBP,158.49,58.49,58.49,100.00,Online,Expedia,Expedia & Affiliate Network,On Account,Confirmed,,matt_mariola@hotmail.com,111111111111,,"Expedia collects payment from traveler: Hotel invoices Expedia. ",,,,,"2026-09-16",,,,
The Carlton Hotel,2026-09-14T11:29:26,862-095-204,DJW-787-712,5147705297,,Molly,Barsby,"2026-09-16","2026-09-17",1,Classic Double room Ensuite,Non Refundable,Room 231,,1,0,GBP,50.22,50.22,50.22,0.00,Online,Booking.com,Booking.com,On Account,Confirmed,,mbarsb.889573@guest.booking.com,+44 7399 527240,,"Non-Smoking  Promos: Domestic  There is no meal option with this room. Children and Extra Bed Policy: Children of any age are allowed. You haven't added any cots. You haven't added any extra beds. The maximum number of guests is 2.  Deposit Policy: The guest will be charged a prepayment of the total price of the reservation at any time.  Cancellation Policy: The guest will be charged the total price of the reservation if they cancel at any time.  payment_on_Booking.com (Payout type: BankTransfer)  ** THIS RESERVATION HAS BEEN PRE-PAID ** I am travelling for business and I may be using a business credit card. This guest has requested a receipt for their stay. BOOKING NOTE : Payment charge is GBP 0.80352  Genius Booker ",,,,,"2026-09-14",,,,
London Gatwick Inn,2026-01-14T10:20:07,868-012-391,LAL-583-365,6841736857,,Barlow,Peter,"2026-09-16","2026-09-17",1,Double Room,7-Day Flexible,201,,2,0,GBP,74.80,74.80,64.80,10.00,Online,Booking.com,Booking.com,On Account,Confirmed,,peterbarlow059@gmail.com,+447841290734,,"https://cliq.zoho.com/company/814408698/chats/CT_2243169281012216950_P814408698-C4/messages/1789319751446_19063678211986 10 Parking Paid: https://cliq.zoho.com/company/814408698/chats/CT_2243169281012216950_P814408698-C4/messages/1789319751446_19063678211986   Genius Rate  Non-Smoking  Promos: Mobile(App) Rate  There is no meal option with this room. Children and Extra Bed Policy: Children ages 6 and older are allowed. You haven't added any cots. You haven't added any extra beds. The maximum number of guests is 2.  Deposit Policy: The guest will be charged a prepayment of the total price of the reservation at any time.  Cancellation Policy: The guest can cancel free of charge until 7 days before arrival. The guest will be charged the total price of the reservation if they cancel in the 7 days before arrival.  payment_on_Booking.com (Payout type: BankTransfer)  ** THIS RESERVATION HAS BEEN PRE-PAID ** BOOKING NOTE : Payment charge is GBP 1.0368  Genius Booker ",,,,,"2026-01-14",,,Instructions sent,
Fab Guest House,2026-09-07T06:21:29,883-432-942,QVI-371-416,1418fb94e984-0e48c0f9c21a45c82ab4ad3be4b86c25@airbnb.com,,Frederikke’s,iCal,"2026-09-16","2026-09-19",3,Standard Double room Ensuite,Base Rate,Room 10,,1,0,GBP,130.55,130.55,130.55,0.00,iCal,ical1,,Deposit (Variable),Confirmed,,,+4522140652,,"Reservation URL: https://www.airbnb.com/hosting/reservations/details/HMYF5CS9HT Frederikke’s group of 2 Sep 16 – 19 · 3 nights R10 Fab · Steps from Brighton Pier · Minimalist Stay",,,,,"2026-09-07",,,,
Crofton House Hotel,2026-09-16T19:56:14,892-568-192,DRI-522-072,6347108668,,Kirsty,Moore,"2026-09-16","2026-09-17",1,Suite-Ensuite,Non Refundable,Combee Suite,,2,0,GBP,62.73,62.73,62.73,0.00,Online,Booking.com,Booking.com,On Account,Confirmed,,kmoore.315147@guest.booking.com,+44 7346 955618,,"Genius Rate  Non-Smoking  Promos: Mobile(App) Rate  There is no meal option with this room. Children and Extra Bed Policy: Children of any age are allowed. You haven't added any cots. You haven't added any extra beds. The maximum number of guests is 2.  Deposit Policy: The guest will be charged a prepayment of the total price of the reservation at any time.  Cancellation Policy: The guest will be charged the total price of the reservation if they cancel at any time.  payment_on_Booking.com (Payout type: BankTransfer)  ** THIS RESERVATION HAS BEEN PRE-PAID ** BOOKING NOTE : Payment charge is GBP 1.00368  Genius Booker ",,,,,"2026-09-16",,,,
Savoy Hotel,2026-09-14T23:02:49,892-963-191,HBJ-830-248,2558886857,,David,Corp,"2026-09-16","2026-09-17",1,Comfort-Single room-Ensuite-Savoy,Base Rate,Room 28,,1,0,GBP,143.20,43.20,43.20,100.00,Online,Expedia,Expedia & Affiliate Network,On Account,Confirmed,,salmos1226@yahoo.com,111111111111,,"Expedia collects payment from traveler: Hotel invoices Expedia. ",,,,,"2026-09-14",,,,
The Carlton Hotel,2026-08-30T15:05:24,894-691-594,SZW-139-246,6518527209,,Sean,Byrne,"2026-09-16","2026-09-19",3,Standard Single room Ensuite,Base Rate,Room 108,,1,0,GBP,171.00,171.00,171.00,0.00,Online,Booking.com,Booking.com,On Account,Confirmed,,sbyrne.605780@guest.booking.com,+44 7597 003624,,"Non-Smoking  Promos: Mobile(MDot) Rate  There is no meal option with this room. Children and Extra Bed Policy: Children of any age are allowed. You haven't added any cots. You haven't added any extra beds. The maximum number of guests is 1.  Deposit Policy: The guest will be charged a prepayment of the total price of the reservation at any time.  Cancellation Policy: The guest can cancel free of charge until 5 days before arrival. The guest will be charged the total price of the reservation if they cancel in the 5 days before arrival.  payment_on_Booking.com (Payout type: BankTransfer)  ** THIS RESERVATION HAS BEEN PRE-PAID ** BOOKING NOTE : Payment charge is GBP 2.736 Approximate time of arrival: between 13:00 and 14:00  Genius Booker ",,,,,"2026-08-30",,,,
Modern Studios Close To Hyde Park,2026-09-14T10:17:24,898-020-294,SHK-234-942,2558363669,,Helen,Leyshon,"2026-09-16","2026-09-17",1,Standard Studio Ensuite with Shower LG,Non Refundable,Flat 18 1st-Split level,,1,0,GBP,110.60,110.60,75.60,35.00,Online,Expedia,Expedia & Affiliate Network,On Account,Confirmed,,iiudfgjcvs@m.expediapartnercentral.com,+447792860606,,"1 Queen Bed travel purpose=business ",,,,,"2026-09-14",,,,
Crofton House Hotel,2026-09-01T20:48:51,898-266-522,FUH-558-935,5825447893,,Stephanie,Norman,"2026-09-16","2026-09-18",2,Suite-Deluxe-Ensuite-Sea view,Base Rate,Torbay Suite (Bath),,2,0,GBP,126.36,See 661-655-264,126.36,0.00,Online,Booking.com,Booking.com,On Account,Confirmed,,snorma.966866@guest.booking.com,+44 7748 748755,,"Group: 4 x Adult, 0 x Child  Genius Rate  Non-Smoking  Promos: Mobile(App) Rate  There is no meal option with this room. Children and Extra Bed Policy: Children of any age are allowed. You haven't added any cots. You haven't added any extra beds. The maximum number of guests is 2.  Deposit Policy: The guest will be charged a prepayment of the total price of the reservation at any time.  Cancellation Policy: The guest can cancel free of charge until 5 days before arrival. The guest will be charged the total price of the reservation if they cancel in the 5 days before arrival.  payment_on_Booking.com (Payout type: BankTransfer)  ** THIS RESERVATION HAS BEEN PRE-PAID ** BOOKING NOTE : Payment charge is GBP 4.04352  Genius Booker ",,,,,"2026-09-01",,,,
The Kirkdale Hotel,2026-08-11T13:50:11,900-989-094,AXY-780-837,2531981563,,Emmanuel David,Israel,"2026-09-16","2026-09-24",8,Standard Single room Ensuite,,Room 4 - GF,,1,0,GBP,0.00,0.00,0.00,0.00,Online,Expedia Affiliate Network,Expedia & Affiliate Network,On Account,Canceled,,vkx4uhg6xi@m.expediapartnercentral.com,1111111111111,,"LargeBed, NonSmoke 1 Twin Bed Expedia collects payment from traveler: Hotel invoices Expedia. ",,,,,"2026-08-11",,,,
Amsterdam Hotel,2026-08-31T13:14:12,901-322-814,HQT-891-608,6754008945,,Louie,Akerman,"2026-09-16","2026-09-17",1,Quad room-Ensuite/Amsterdam,Base Rate,Room 17 3RD Floor ,,2,0,GBP,92.88,92.88,92.88,0.00,Online,Booking.com,Booking.com,On Account,Confirmed,,lakerm.780139@guest.booking.com,+44 7840 984126,,"Genius Rate  Non-Smoking  There is no meal option with this room. Children and Extra Bed Policy: Children of any age are allowed. You haven't added any cots. You haven't added any extra beds. The maximum number of guests is 2.  Deposit Policy: The guest will be charged a prepayment of the total price of the reservation at any time.  Cancellation Policy: The guest will be charged the total price of the reservation if they cancel at any time.  payment_on_Booking.com (Payout type: BankTransfer)  ** THIS RESERVATION HAS BEEN PRE-PAID ** Reservation has a cancellation grace period. Do not charge if cancelled before 2026-09-01 14:12:57 BOOKING NOTE : Payment charge is GBP 1.48608 Approximate time of arrival: between 15:00 and 16:00  Genius Booker ",,,,,"2026-08-31",,,,
La Casa Studios Near Hyde Park,2026-09-16T16:54:44,902-810-882,KPJ-546-466,6138108403,,Marisa,Joelson,"2026-09-16","2026-09-17",1,Standard Studio Ensuite with Shower- La Casa,,Studio 10,,1,0,GBP,111.54,111.54,111.54,0.00,Online,Booking.com,Booking.com,On Account,Canceled,,mjoels.653193@guest.booking.com,+1 415 691 1062,,"Genius Rate  Non-Smoking  Promos: Mobile(App) Rate  There is no meal option with this room. Children and Extra Bed Policy: Children of any age are allowed. You haven't added any cots. You haven't added any extra beds. The maximum number of guests is 2.  Deposit Policy: The guest will be charged a prepayment of the total price of the reservation at any time.  Cancellation Policy: The guest will be charged the total price of the reservation if they cancel at any time.  payment_on_Booking.com (Payout type: BankTransfer)  ** THIS RESERVATION HAS BEEN PRE-PAID ** BOOKING NOTE : Payment charge is GBP 2.34464  Genius Booker ",,,,,"2026-09-16",,,,
Green Gables Hotel,2026-09-16T10:25:31,902-838-224,VAM-799-009,,,Martinez,John,"2026-09-16","2026-09-21",5,Quad room-Standard-Ensuite,Base Rate,Room 25,,1,0,GBP,150.00,150.00,150.00,0.00,Direct,,,On Account,Confirmed,,,+447572400832,,,,,,,"2026-09-16",,,,
Cluny Hill Hotel,2026-07-23T16:49:24,908-006-091,TMF-661-495,,,Joanne Group,,"2026-09-16","2026-09-23",7,Standard Twin room ,,Room 50,,1,0,GBP,0.00,See 069-365-824,0.00,0.00,Direct,,,On Account,Canceled,,gomdescotland@gmail.com,,,,,,,,"2026-07-23",,,,
The Kirkdale Hotel,2026-09-16T16:01:48,908-166-211,FIC-793-559,5756473236,,Damian,Fraser,"2026-09-16","2026-09-17",1,Deluxe Twin room Ensuite with Bath,Non Refundable,Room 12 - 2nd F,,1,0,GBP,59.04,59.04,59.04,0.00,Online,Booking.com,Booking.com,On Account,Confirmed,,dfrase.599324@guest.booking.com,+44 7949 856199,,"Genius Rate  Non-Smoking  There is no meal option with this room. Children and Extra Bed Policy: Children of any age are allowed. You haven't added any cots. You haven't added any extra beds. The maximum number of guests is 2.  Deposit Policy: The guest will be charged a prepayment of the total price of the reservation at any time.  Cancellation Policy: The guest will be charged the total price of the reservation if they cancel at any time.  payment_on_Booking.com (Payout type: BankTransfer)  ** THIS RESERVATION HAS BEEN PRE-PAID ** BOOKING NOTE : Payment charge is GBP 0.94464  Genius Booker ",,,,,"2026-09-16",,,,
Cambria Hotel,2026-08-28T20:59:52,912-025-682,HDR-471-864,5377745369,,Anne,Sheridan,"2026-09-16","2026-09-17",1,Standard-Single room-Ensuite,Base Rate,Room 8,,1,0,GBP,33.00,33.00,33.00,0.00,Online,Booking.com,Booking.com,On Account,Confirmed,,asheri.909104@guest.booking.com,+44 7540 078744,,"payment_on_Booking.com (Payout type: BankTransfer)  Non-Smoking  ** THIS RESERVATION HAS BEEN PRE-PAID ** BOOKING NOTE : Payment charge is GBP 0.528  Genius Booker  There is no meal option with this room. Children and Extra Bed Policy: Children of any age are allowed. You haven't added any cots. You haven't added any extra beds. The maximum number of guests is 1.  Deposit Policy: The guest will be charged a prepayment of the total price of the reservation at any time.  Cancellation Policy: The guest can cancel free of charge until 7 days before arrival. The guest will be charged the total price of the reservation if they cancel in the 7 days before arrival.",,,,,"2026-08-28",,,,
Cluny Hill Hotel,2026-09-15T23:21:59,913-831-654,UKP-271-715,702472615,,Jeevan,Eshwar Rao,"2026-09-16","2026-09-17",1,Standard Family Room,Non refundable,Room 78,,3,0,GBP,51.32,51.32,51.32,0.00,Online,Agoda,Agoda,On Account,Confirmed,,cs_suppliers@agoda.com,,,"Limited Time Offer. Price includes 10% discount! ",,,,,"2026-09-15",,,,
Avalon Guest house,2026-09-16T20:21:51,915-958-384,MZJ-902-814,5217099985,,Zahraa,Al Khazraji,"2026-09-16","2026-09-17",1,Deluxe-Double room-Ensuite with Bath,Non Refundable,Room 7,,2,0,GBP,54.27,54.27,54.27,0.00,Online,Booking.com,Booking.com,On Account,Confirmed,,zkhazr.775659@guest.booking.com,+44 7387 300614,,"Non-Smoking  Promos: Mobile(App) Rate  There is no meal option with this room. Children and Extra Bed Policy: Children of any age are allowed. You haven't added any cots. You haven't added any extra beds. The maximum number of guests is 2.  Deposit Policy: The guest will be charged a prepayment of the total price of the reservation at any time.  Cancellation Policy: The guest will be charged the total price of the reservation if they cancel at any time.  payment_on_Booking.com (Payout type: BankTransfer)  ** THIS RESERVATION HAS BEEN PRE-PAID ** BOOKING NOTE : Payment charge is GBP 0.86832  Genius Booker ",,,,,"2026-09-16",,,,
Avalon Guest house,2026-09-16T16:22:50,924-233-262,TKB-676-783,1418fb94e984-3072a51507a208a8d91441c8a94a8105@airbnb.com,,Reserved,iCal,"2026-09-16","2026-09-17",1,Modern Standard Double room ensuite,Base Rate,No. 13 - Room 5,,1,0,GBP,0.00,0.00,0.00,0.00,iCal,ical1,,Deposit (Variable),Confirmed,,,,,Reservation URL: https://www.airbnb.com/hosting/reservations/details/HMWFY2SEM4,,,,,"2026-09-16",,,,
Fab Guest House,2026-09-16T14:34:34,925-585-314,ZVX-105-414,5538928180,,Pavel,Bombala,"2026-09-16","2026-09-18",2,Standard Double room Ensuite,Base Rate,Room 7,,1,0,GBP,89.42,89.42,89.42,0.00,Online,Booking.com,Booking.com,On Account,Confirmed,,pbomba.693932@guest.booking.com,+44 7535 240491,,"Genius Rate  Non-Smoking  Promos: non - refundable STD DBL  There is no meal option with this room. Children and Extra Bed Policy: Children of any age are allowed. You haven't added any cots. You haven't added any extra beds. The maximum number of guests is 2.  Deposit Policy: The guest will be charged a prepayment of the total price of the reservation at any time.  Cancellation Policy: The guest will be charged the total price of the reservation if they cancel at any time.  payment_on_Booking.com (Payout type: BankTransfer)  ** THIS RESERVATION HAS BEEN PRE-PAID ** BOOKING NOTE : Payment charge is GBP 1.43072  Genius Booker ",,,,,"2026-09-16",,,,
Royal Hotel,2026-06-21T07:33:44,928-361-232,CHS-616-174,5314882658,,Joe,Conneely,"2026-09-16","2026-09-17",1,Standard-Twin room-Ensuite,,Room 217,,2,0,GBP,0.00,0.00,0.00,0.00,Online,Booking.com,Booking.com,On Account,Canceled,,jconne.580237@guest.booking.com,+44 7956 333886,,"Non-Smoking  Promos: Mobile(App) Rate  There is no meal option with this room. Children and Extra Bed Policy: Children of any age are allowed. You haven't added any cots. You haven't added any extra beds. The maximum number of guests is 2.  Deposit Policy: The guest will be charged a prepayment of the total price of the reservation at any time.  Cancellation Policy: The guest can cancel free of charge until 5 days before arrival. The guest will be charged the total price of the reservation if they cancel in the 5 days before arrival.  payment_on_Booking.com (Payout type: BankTransfer)  ** THIS RESERVATION HAS BEEN PRE-PAID ** BOOKING NOTE : Payment charge is GBP 0.7344  Genius Booker ",,,,,"2026-06-21",,,,
The Kirkdale Hotel,2026-09-16T12:22:17,928-805-051,RVN-239-869,2560172529,,Samuel,O Ebeniro,"2026-09-16","2026-09-17",1,Deluxe Double room Ensuite,Non Refundable,Room 2 - GF,,2,0,GBP,63.17,63.17,63.17,0.00,Online,Expedia,Expedia & Affiliate Network,On Account,Confirmed,,sk3dbyygen@m.expediapartnercentral.com,111111111111,,"Expedia collects payment from traveler: Hotel invoices Expedia. ",,,,,"2026-09-16",,,,
Bonair Hotel,2026-09-16T17:33:04,929-684-691,KKW-004-997,5126031174,,martin,paosila-jones,"2026-09-16","2026-09-17",1,Standard-Double room-Ensuite,Base Rate,Room 9,,1,0,GBP,45.00,45.00,45.00,0.00,Online,Booking.com,Booking.com,On Account,Confirmed,,accounts@hspas.co.uk,+441547530419,,"Non-Smoking  There is no meal option with this room. Children and Extra Bed Policy: Children of any age are allowed. You haven't added any cots. You haven't added any extra beds. The maximum number of guests is 2.  Deposit Policy: The guest will be charged a prepayment of the total price of the reservation at any time.  Cancellation Policy: The guest can cancel free of charge until 7 days before arrival. The guest will be charged the total price of the reservation if they cancel in the 7 days before arrival. If the guest doesn’t show up, they will be charged the total price of the reservation.  payment_on_Booking.com (Payout type: BankTransfer)  ** THIS RESERVATION HAS BEEN PRE-PAID ** BOOKING NOTE : Payment charge is GBP 0.72  HSPAS LTD  Genius Booker ",,,,,"2026-09-16",,,,
The Carlton Hotel,2026-09-16T17:02:06,933-084-514,JBX-720-699,,,Harvey,Lee,"2026-09-16","2026-09-17",1,Standard Sea view Double room,Base Rate,Room 321,,1,0,GBP,63.00,63.00,63.00,0.00,Direct,,,On Account,Confirmed,,,,,,,,,,"2026-09-16",,,,
La Casa Studios Near Hyde Park,2026-09-16T13:02:31,933-400-104,UJF-549-449,6877134279,,Peter,Balazs,"2026-09-16","2026-09-17",1,Family-Studio-Ensuite - La Casa,Base Rate,Studio 26,,1,0,GBP,98.42,98.42,63.42,35.00,Online,Booking.com,Booking.com,On Account,Confirmed,,pbalaz.584238@guest.booking.com,+36 30 832 3283,,"Genius Rate  Non-Smoking  Promos: Mobile(App) Rate  There is no meal option with this room. Children and Extra Bed Policy: Children of any age are allowed. You haven't added any cots. You haven't added any extra beds. The maximum number of guests is 2.  Deposit Policy: The guest will be charged a prepayment of the total price of the reservation at any time.  Cancellation Policy: The guest will be charged the total price of the reservation if they cancel at any time.  payment_on_Booking.com (Payout type: BankTransfer)  ** THIS RESERVATION HAS BEEN PRE-PAID ** BOOKING NOTE : Payment charge is GBP 1.57472  Genius Booker ",,,,,"2026-09-16",,,Instructions sent,
Amsterdam Hotel,2026-06-28T13:03:05,938-335-932,OKG-647-107,5002704204,,Zofia,Depa,"2026-09-16","2026-09-19",3,Deluxe-Triple room-Ensuite/Amsterdam,,Room 9 2ND Floor Refurbished,,3,0,GBP,0.00,0.00,0.00,0.00,Online,Booking.com,Booking.com,On Account,Canceled,,zdepa.111635@guest.booking.com,+48 575 519 270,,"Genius Rate  Non-Smoking  Promos: International  There is no meal option with this room. Children and Extra Bed Policy: Children of any age are allowed. You haven't added any cots. You haven't added any extra beds. The maximum number of guests is 3.  Deposit Policy: The guest will be charged a prepayment of the total price of the reservation at any time.  Cancellation Policy: The guest can cancel free of charge until 2 days before arrival. The guest will be charged the total price of the reservation if they cancel in the 2 days before arrival.  payment_on_Booking.com (Payout type: BankTransfer)  ** THIS RESERVATION HAS BEEN PRE-PAID ** BOOKING NOTE : Payment charge is GBP 6.01696  Genius Booker ",,,,,"2026-06-28",,,,
Hammersmith Stayz,2026-09-13T15:02:09,942-618-342,RKK-478-736,5839341714,,Mohammed,Alfahad,"2026-09-16","2026-09-25",9,Standard Double Studio Ensuite/Hammersmith Stayz,Non Refundable,Studio 3 GF,,1,0,GBP,759.54,759.54,729.54,30.00,Online,Booking.com,Booking.com,On Account,Confirmed,,malfah.275563@guest.booking.com,+974 6699 9172,,"Genius Rate  Non-Smoking  There is no meal option with this room. Children and Extra Bed Policy: Children of any age are allowed. 1 child (up to and including 2 years old) stays for free when using available cots.  You haven't added any extra beds. The maximum number of cots is 1. The maximum number of guests is 2.  Deposit Policy: The guest will be charged a prepayment of the total price of the reservation at any time.  Cancellation Policy: The guest will be charged the total price of the reservation if they cancel at any time.  payment_on_Booking.com (Payout type: BankTransfer)  ** THIS RESERVATION HAS BEEN PRE-PAID ** Reservation has a cancellation grace period. Do not charge if cancelled before 2026-09-14 16:00:52 BOOKING NOTE : Payment charge is GBP 12.15264  Genius Booker ",,,,,"2026-09-13",,,Instructions sent,
Torpark hotel,2026-09-16T18:15:19,943-421-801,RNU-059-069,6747436426,,Shakil,Khan,"2026-09-16","2026-09-17",1,Standard-Double room Ensuite,Non Refundable,Room 34 2nd Floor,,2,0,GBP,45.90,45.90,45.90,0.00,Online,Booking.com,Booking.com,On Account,Confirmed,,skhan.547463@guest.booking.com,+44 7300 900132,,"Non-Smoking  Promos: Mobile(MDot) Rate  There is no meal option with this room. Children and Extra Bed Policy: Children of any age are allowed. You haven't added any cots. You haven't added any extra beds. The maximum number of guests is 2.  Deposit Policy: The guest will be charged a prepayment of the total price of the reservation at any time.  Cancellation Policy: The guest will be charged the total price of the reservation if they cancel at any time.  payment_on_Booking.com (Payout type: BankTransfer)  ** THIS RESERVATION HAS BEEN PRE-PAID ** I will be late around 12:00am or 1am BOOKING NOTE : Payment charge is GBP 0.7344 ",,,,,"2026-09-16",,,,
Cambria Hotel,2026-09-16T10:09:45,944-086-901,WVU-563-702,,,,Adam saleem & john smith,"2026-09-16","2026-09-17",1,Standard-Double room-Ensuite,Base Rate,Room 4,,1,0,GBP,40.00,40.00,40.00,0.00,Direct,,,On Account,Confirmed,,,,,,,,,,"2026-09-16",,,,
Amsterdam Hotel,2026-09-06T10:46:07,944-662-561,YJZ-147-193,6846950727,,Piet,Lohmann,"2026-09-16","2026-09-17",1,Quad room-Ensuite/Amsterdam,Base Rate,Room 16 3RD Floor Refurbished,,2,0,GBP,85.12,85.12,85.12,0.00,Online,Booking.com,Booking.com,On Account,Confirmed,"7:00 PM",plohma.129774@guest.booking.com,+47 98 44 18 50,,"Genius Rate  Non-Smoking  There is no meal option with this room. Children and Extra Bed Policy: Children of any age are allowed. You haven't added any cots. You haven't added any extra beds. The maximum number of guests is 2.  Deposit Policy: The guest will be charged a prepayment of the total price of the reservation at any time.  Cancellation Policy: The guest can cancel free of charge until 2 days before arrival. The guest will be charged the total price of the reservation if they cancel in the 2 days before arrival.  payment_on_Booking.com (Payout type: BankTransfer)  ** THIS RESERVATION HAS BEEN PRE-PAID ** BOOKING NOTE : Payment charge is GBP 1.36192  Genius Booker ",,,,,"2026-09-06",,,,
The Beresford Hotel,2026-09-15T17:07:56,948-139-661,LPX-285-960,,,,poci,"2026-09-16","2026-09-17",1,Single room-Standard-Ensuite,,29,,1,0,GBP,0.00,0.00,0.00,0.00,Direct,,,On Account,Canceled,,,,,,,,,,"2026-09-15",,,,
Cluny Hill Hotel,2026-07-23T16:49:24,966-580-094,TMF-661-495,,,Martina,Schemmel,"2026-09-16","2026-09-23",7,Standard Double room,Base Rate,Room 43,,1,0,GBP,0.00,See 069-365-824,0.00,0.00,Direct,,,On Account,Confirmed,,mshe@posteo.de,+491622603626,,,,,,,"2026-07-23",,,,
Avalon Guest house,2026-09-15T11:15:56,969-550-332,ECG-481-981,1418fb94e984-562a607c438c61bf1c1066cae654c6db@airbnb.com,,Reserved,iCal,"2026-09-16","2026-09-17",1,Modern Standard Double room ensuite,Base Rate,No. 13 - Room 8,,1,0,GBP,0.00,0.00,0.00,0.00,iCal,ical1,,Deposit (Variable),Parked,,,,,Reservation URL: https://www.airbnb.com/hosting/reservations/details/HMHEJ8XJ8B,,,,,"2026-09-15",,,,
Avalon Guest house,2026-09-16T10:51:02,981-948-394,DXS-166-164,6304330890,,Jagadeesh,Kumar NALIGIRI,"2026-09-16","2026-09-17",1,Single room-Standard-Ensuite,Non Refundable,Room 6,,1,0,GBP,33.21,33.21,33.21,0.00,Online,Booking.com,Booking.com,On Account,Confirmed,,jnalig.425304@guest.booking.com,+44 7769 015428,,"Non-Smoking  Promos: Mobile(MDot) Rate  There is no meal option with this room. Children and Extra Bed Policy: Children of any age are allowed. You haven't added any cots. You haven't added any extra beds. The maximum number of guests is 1.  Deposit Policy: The guest will be charged a prepayment of the total price of the reservation at any time.  Cancellation Policy: The guest will be charged the total price of the reservation if they cancel at any time.  payment_on_Booking.com (Payout type: BankTransfer)  ** THIS RESERVATION HAS BEEN PRE-PAID ** BOOKING NOTE : Payment charge is GBP 0.53136  Civia health  Genius Booker ",,,,,"2026-09-16",,,Instructions sent,
The Beresford Hotel,2026-05-21T23:46:39,984-052-294,RCM-666-020,5646308131,,amanda,farmer,"2026-09-16","2026-09-18",2,Twin room-Standard-Ensuite-Sea view,,206,,2,0,GBP,0.00,0.00,0.00,0.00,Online,Booking.com,Booking.com,On Account,Canceled,,afarme.136519@guest.booking.com,+44 7930 670598,,"Non-Smoking  Promos: Mobile(App) Rate  There is no meal option with this room. Children and Extra Bed Policy: Children of any age are allowed. You haven't added any cots. You haven't added any extra beds. The maximum number of guests is 2.  Deposit Policy: The guest will be charged a prepayment of the total price of the reservation at any time.  Cancellation Policy: The guest can cancel free of charge until 5 days before arrival. The guest will be charged the total price of the reservation if they cancel in the 5 days before arrival.  payment_on_Booking.com (Payout type: BankTransfer)  ** THIS RESERVATION HAS BEEN PRE-PAID ** BOOKING NOTE : Payment charge is GBP 2.3328  Genius Booker ",,,,,"2026-05-21",,,,
The Kirkdale Hotel,2026-09-16T17:26:37,986-458-664,ATO-112-514,5538959917,,SAKINA,syeda,"2026-09-16","2026-09-17",1,Deluxe Triple room Ensuite,Non Refundable,Room 8 - 1st F,,1,2,GBP,81.90,81.90,81.90,0.00,Online,Booking.com,Booking.com,On Account,Confirmed,,rsakin.348680@guest.booking.com,+44 7476 204503,,"Child Ages: 5, 8  Non-Smoking  There is no meal option with this room. Children and Extra Bed Policy: Children of any age are allowed. You haven't added any cots. You haven't added any extra beds. The maximum number of guests is 3.  Deposit Policy: The guest will be charged a prepayment of the total price of the reservation at any time.  Cancellation Policy: The guest will be charged the total price of the reservation if they cancel at any time.  payment_on_Booking.com (Payout type: BankTransfer)  ** THIS RESERVATION HAS BEEN PRE-PAID ** BOOKING NOTE : Payment charge is GBP 1.3104  Genius Booker ",,,,,"2026-09-16",,,,
Royal Hotel,2026-08-12T07:10:32,989-844-404,ZPN-423-957,6042776087,,Joanne,Newbould,"2026-09-16","2026-09-21",5,Standard-Twin room-Ensuite,,Room 123,,2,0,GBP,255.50,255.50,255.50,0.00,Online,Booking.com,Booking.com,On Account,Canceled,,jnewbo.321815@guest.booking.com,+44 20 3564 0799,,"Non-Smoking  Promos: Domestic  There is no meal option with this room. Children and Extra Bed Policy: Children of any age are allowed. You haven't added any cots. You haven't added any extra beds. The maximum number of guests is 2.  Deposit Policy: The guest will be charged a prepayment of the total price of the reservation at any time.  Cancellation Policy: The guest will be charged the total price of the reservation if they cancel at any time.  payment_on_Booking.com (Payout type: BankTransfer)  ** THIS RESERVATION HAS BEEN PRE-PAID ** BOOKING NOTE : Payment charge is GBP 4.088 LargeBed, NonSmoke ",,,,,"2026-08-12",,,,
Modern studios Malvern Road,2026-01-15T13:33:53,990-045-314,ZJD-799-787,6388115996,,Natalya,Osmak,"2026-09-16","2026-09-17",1,Apartment-Comfort-Ensuite,,Studio A,,3,0,GBP,0.00,0.00,0.00,0.00,Online,Booking.com,Booking.com,On Account,Canceled,,nosmak.496441@guest.booking.com,+380 97 841 8721,,"Non-Smoking  Promos: International  There is no meal option with this room. Children and Extra Bed Policy: Children of any age are allowed. You haven't added any cots. You haven't added any extra beds. The maximum number of guests is 4.  Deposit Policy: The guest will be charged a prepayment of the total price of the reservation at any time.  Cancellation Policy: The guest can cancel free of charge until 5 days before arrival. The guest will be charged the total price of the reservation if they cancel in the 5 days before arrival.  payment_on_Booking.com (Payout type: BankTransfer)  ** THIS RESERVATION HAS BEEN PRE-PAID **  Genius Booker ",,,,,"2026-01-15",,,,
Savoy Hotel,2026-09-16T16:48:46,991-496-554,EBA-720-914,2560353862,,Lukasz,Juszczak,"2026-09-16","2026-09-18",2,Double room-Ensuite-savoy,Non refundable,Room 10,,1,0,GBP,225.19,125.19,115.19,110.00,Online,Expedia,Expedia & Affiliate Network,On Account,Confirmed,,lukas1883@sky.com,1111111111111,,"£10 Parking: https://cliq.zoho.com/company/814408698/chats/CT_2198160825650479260_P814408698-C4/messages/1789581866736_91648887631462    Expedia collects payment from traveler: Hotel invoices Expedia. ",,,,,"2026-09-16",,,,
Savoy Hotel,2026-09-15T20:50:51,993-249-321,KLR-177-246,,,christian,beach,"2026-09-16","2026-09-23",7,Standard-Single room-Shared Bathroom-Savoy,Base Rate,Room 01,,1,0,GBP,280.00,280.00,280.00,0.00,Direct,,,On Account,Confirmed,,,,,"280 Payment: https://cliq.zoho.com/company/814408698/chats/CT_2198160825650479260_P814408698-C4/messages/1789501961604_91610153020789",,,,,"2026-09-15",,,,
The Carlton Hotel,2026-09-16T18:53:03,994-868-951,WHA-375-694,,,Tohmas,Stoker,"2026-09-16","2026-09-17",1,Standard Sea view Twin room Ensuite,Base Rate,Room 317,,1,0,GBP,75.00,See 339-606-912,75.00,0.00,Direct,,,On Account,Confirmed,,,7757593141,,,,,,,"2026-09-16",,,,
Cambria Hotel,2026-02-06T13:06:22,001-869-964,BAU-893-131,6904367463,,Huw,Willetts,"2026-09-17","2026-09-20",3,Standard-Single room-Ensuite,,Room 8,,1,0,GBP,0.00,0.00,0.00,0.00,Online,Booking.com,Booking.com,On Account,Canceled,,hwille.419718@guest.booking.com,+44 7940 199822,,"Non-Smoking  Promos: Domestic  There is no meal option with this room. Children and Extra Bed Policy: Children of any age are allowed. You haven't added any cots. You haven't added any extra beds. The maximum number of guests is 1.  Deposit Policy: The guest will be charged a prepayment of the total price of the reservation at any time.  Cancellation Policy: The guest can cancel free of charge until 7 days before arrival. The guest will be charged the total price of the reservation if they cancel in the 7 days before arrival.  payment_on_Booking.com (Payout type: BankTransfer)  ** THIS RESERVATION HAS BEEN PRE-PAID ** Approximate time of arrival: between 14:00 and 15:00 BOOKING NOTE : Payment charge is GBP 1.296  Genius Booker ",,,,,"2026-02-06",,,,
Portobello Road Artistic Studios,2026-07-10T19:00:02,004-160-854,HJV-016-771,6590495340,,Marco,Zingone,"2026-09-17","2026-09-20",3,Apartment-Ensuite-N3 202,,Flat 3,,2,0,GBP,0.00,0.00,0.00,0.00,Online,Booking.com,Booking.com,On Account,Canceled,,mzingo.666220@guest.booking.com,+39 320 156 3134,,"Non-Smoking  Promos: Mobile(App) Rate  There is no meal option with this room. Children and Extra Bed Policy: Children of any age are allowed. You haven't added any cots. You haven't added any extra beds. The maximum number of guests is 2.  Deposit Policy: The guest will be charged a prepayment of the total price of the reservation at any time.  Cancellation Policy: The guest can cancel free of charge until 5 days before arrival. The guest will be charged the total price of the reservation if they cancel in the 5 days before arrival.  payment_on_Booking.com (Payout type: BankTransfer)  ** THIS RESERVATION HAS BEEN PRE-PAID ** BOOKING NOTE : Payment charge is GBP 5.168  Genius Booker ",,,,,"2026-07-10",,,,
The Carlton Hotel,2026-09-17T12:37:04,004-312-481,YTO-292-081,5587489680,,Louise,Gill,"2026-09-17","2026-09-18",1,Standard Single room Ensuite,Non Refundable,Room 112,,1,0,GBP,32.79,32.79,32.79,0.00,Online,Booking.com,Booking.com,On Account,Confirmed,,lgill.793074@guest.booking.com,+44 7593 906105,,"Non-Smoking  Promos: Domestic  There is no meal option with this room. Children and Extra Bed Policy: Children of any age are allowed. You haven't added any cots. You haven't added any extra beds. The maximum number of guests is 1.  Deposit Policy: The guest will be charged a prepayment of the total price of the reservation at any time.  Cancellation Policy: The guest will be charged the total price of the reservation if they cancel at any time.  payment_on_Booking.com (Payout type: BankTransfer)  ** THIS RESERVATION HAS BEEN PRE-PAID ** BOOKING NOTE : Payment charge is GBP 0.52464  Genius Booker ",,,,,"2026-09-17",,,,
Modern Studios Close To Hyde Park,2025-11-30T23:56:17,011-369-562,LAE-522-513,5312552946,,Marta,Guedes Pérez,"2026-09-17","2026-09-19",2,Family-Studio-Ensuite,,Flat 26 3rd,,4,0,GBP,0.00,0.00,0.00,0.00,Online,Booking.com,Booking.com,On Account,Canceled,,mperez.248351@guest.booking.com,+34 619 07 14 78,,"Non-Smoking  Promos: Mobile(App) Rate  There is no meal option with this room. Children and Extra Bed Policy: Children of any age are allowed. 1 child (from 1 year old  to 2 years old) stays for free when using available cots.  You haven't added any extra beds. The maximum number of cots is 1. The maximum number of guests is 4.  Deposit Policy: The guest will be charged a prepayment of the total price of the reservation at any time.  Cancellation Policy: The guest can cancel free of charge until 7 days before arrival. The guest will be charged the total price of the reservation if they cancel in the 7 days before arrival.  payment_on_Booking.com (Payout type: BankTransfer)  ** THIS RESERVATION HAS BEEN PRE-PAID ** BOOKING NOTE : Payment charge is GBP 4.72  Genius Booker ",,,,,"2025-11-30",,,,
Modern studios Malvern Road,2026-01-01T23:11:39,013-963-841,XDL-560-565,1418fb94e984-6b0ecfde6272bd5cad514deb230f22fb@airbnb.com,,Reserved,iCal,"2026-09-17","2026-09-22",5,Booked as: Studio-Ensuite with Shower,,Flat 15,,1,0,GBP,0.00,0.00,0.00,0.00,iCal,ical1,,Deposit (Variable),Canceled,,,,,Reservation URL: https://www.airbnb.com/hosting/reservations/details/HMXSQTHJA9,,,,,"2026-01-01",,,,
The Kirkdale Hotel,2026-09-16T20:01:18,015-269-494,QKQ-891-989,6934455852,,Charles,Norris,"2026-09-17","2026-09-18",1,Standard Single room Ensuite,Non Refundable,Room 4 - GF,,1,0,GBP,51.76,158.20,51.76,0.00,Online,Booking.com,Booking.com,On Account,Confirmed,,cnorri.564628@guest.booking.com,+44 7801 998118,,"Group: 3 x Adult, 0 x Child  Genius Rate  Non-Smoking  There is no meal option with this room. Children and Extra Bed Policy: Children of any age are allowed. You haven't added any cots. You haven't added any extra beds. The maximum number of guests is 1.  Deposit Policy: The guest will be charged a prepayment of the total price of the reservation at any time.  Cancellation Policy: The guest will be charged the total price of the reservation if they cancel at any time.  payment_on_Booking.com (Payout type: BankTransfer)  ** THIS RESERVATION HAS BEEN PRE-PAID ** BOOKING NOTE : Payment charge is GBP 2.5312  Genius Booker ",,,,,"2026-09-16",,,Instructions sent,
Portobello Road Artistic Studios,2026-06-03T02:30:41,016-848-544,OBZ-968-628,2475220394,,Anny,Rebelo,"2026-09-17","2026-09-19",2,Quad Studio 202,Base Rate,Flat 4 Quad,,3,0,GBP,226.25,226.25,191.25,35.00,Online,Expedia,Expedia & Affiliate Network,On Account,Confirmed,,axm7730qsg@m.expediapartnercentral.com,1111111111111,,"Expedia collects payment from traveler: Hotel invoices Expedia. ",,,,,"2026-06-03",,,Instructions sent,
Wembar Hotel,2025-12-20T05:31:39,024-160-514,PBQ-469-186,2354618856,,Kerryann,Maguire,"2026-09-17","2026-10-01",14,Double room-Deluxe-Ensuite with Shower/Wembar,Base Rate,Room 19 - Basement,,1,0,GBP,1241.02,1241.02,1241.02,0.00,Online,Expedia Affiliate Network,Expedia & Affiliate Network,On Account,Confirmed,,heliosupport@flightcentre.com,61730836162,,"1 Double Bed ",,,,,"2025-12-20",,,Instructions sent,
Avalon Guest house,2026-04-21T12:19:11,028-404-981,TSI-773-430,1418fb94e984-0db9f4a9db4b80f0c8b23c7849ab55a8@airbnb.com,,Vinnie’s,iCal,"2026-09-17","2026-09-20",3,Modern Standard Double room ensuite,Base Rate,No. 13 - Room 8,,1,0,GBP,189.66,189.66,189.66,0.00,iCal,ical1,,Deposit (Variable),Confirmed,,,,,"Reservation URL: https://www.airbnb.com/hosting/reservations/details/HMBMFDADSE  ‪+32 468 05 18 85‬",,,,,"2026-04-21",,,,
Wembar Hotel,2026-09-17T09:20:33,032-048-152,CDF-103-309,,,,PAMELA G,"2026-09-17","2026-09-19",2,Single room-Standard-Ensuite with Shower/Wembar,Non Refundable,Room 21 - GF,,1,0,GBP,170.00,170.00,170.00,0.00,Direct,,,On Account,Confirmed,,,,,,,,,,"2026-09-17",,,,
Modern Studios Close To Hyde Park,2026-09-10T13:49:22,032-864-094,DWU-118-118,,,,Danica McShane,"2026-09-17","2026-09-18",1,Family-Studio-Ensuite-Quad LG,Non Refundable,Flat 15 (quad) 1st-Split level,,1,0,GBP,119.00,119.00,119.00,0.00,Direct,,,On Account,Confirmed,,,+61451663051,,DO NOT MOVE,,,,,"2026-09-10",,,Instructions sent,
Sachi Hotel,2026-05-26T05:21:11,044-802-844,LDB-633-465,2469127293,,David,Roberts,"2026-09-17","2026-09-19",2,Standard Single room External Bathroom,Non Refundable,Room 11 2nd F,,1,0,GBP,129.60,129.60,129.60,0.00,Online,Expedia,Expedia & Affiliate Network,On Account,Confirmed,,q96e7d03na@m.expediapartnercentral.com,111111111111,,"Expedia collects payment from traveler: Hotel invoices Expedia. ",,,,,"2026-05-26",,,,
La Casa Studios Near Hyde Park,2026-08-04T22:53:23,046-685-452,CVH-167-249,6343702006,,Suhas,Chandurkar,"2026-09-17","2026-09-22",5,Family-Studio-Ensuite - La Casa,Base Rate,Studio 26,,2,1,GBP,728.39,728.39,693.39,35.00,Online,Booking.com,Booking.com,On Account,Confirmed,,schand.628564@guest.booking.com,+91 94207 12887,,"Child Ages: 3  Genius Rate  Non-Smoking  There is no meal option with this room. Children and Extra Bed Policy: Children of any age are allowed. You haven't added any cots. You haven't added any extra beds. The maximum number of guests is 4.  Deposit Policy: The guest will be charged a prepayment of the total price of the reservation at any time.  Cancellation Policy: The guest can cancel free of charge until 5 days before arrival. The guest will be charged the total price of the reservation if they cancel in the 5 days before arrival.  payment_on_Booking.com (Payout type: BankTransfer)  ** THIS RESERVATION HAS BEEN PRE-PAID ** BOOKING NOTE : Payment charge is GBP 11.65424  Genius Booker ",,,,,"2026-08-04",,,Instructions sent,
Crofton House Hotel,2026-09-17T02:37:48,049-548-341,MLT-729-306,2560741121,,Ada,tules,"2026-09-17","2026-09-18",1,Double room-Ensuite Crofton,Non Refundable,Room 3 Crofton,,2,0,GBP,46.51,46.51,46.51,0.00,Online,Expedia Affiliate Network,Expedia & Affiliate Network,On Account,Confirmed,,apibookings@grnconnect.com,111111111111111,,"1 Double Bed Expedia collects payment from traveler: Hotel invoices Expedia. ",,,,,"2026-09-17",,,,
Amsterdam Hotel,2026-07-25T11:15:12,053-451-311,JSN-988-364,5613197061,,Iole,Maria De Maio,"2026-09-17","2026-09-20",3,Modern-Double room-Ensuite/Amsterdam,Flexible 48 hours,Room 3 GF refurbished,,2,0,GBP,309.72,309.72,309.72,0.00,Online,Booking.com,Booking.com,On Account,Confirmed,,imaio.396561@guest.booking.com,+39 331 407 2105,,"Genius Rate  Non-Smoking  There is no meal option with this room. Children and Extra Bed Policy: Children of any age are allowed. You haven't added any cots. You haven't added any extra beds. The maximum number of guests is 2.  Deposit Policy: The guest will be charged a prepayment of the total price of the reservation at any time.  Cancellation Policy: The guest can cancel free of charge until 2 days before arrival. The guest will be charged the total price of the reservation if they cancel in the 2 days before arrival.  payment_on_Booking.com (Payout type: BankTransfer)  ** THIS RESERVATION HAS BEEN PRE-PAID ** BOOKING NOTE : Payment charge is GBP 4.95552 Approximate time of arrival: between 16:00 and 17:00  Genius Booker ",,,,,"2026-07-25",,,,
Cluny Hill Hotel,2026-09-14T15:17:19,056-069-934,DEW-873-415,2558539349,,Zhuoyu,Wang,"2026-09-17","2026-09-18",1,Standard Double room,Non Refundable,Room 22,,2,0,GBP,41.56,41.56,41.56,0.00,Online,Expedia,Expedia & Affiliate Network,On Account,Confirmed,,bjdns986f6@m.expediapartnercentral.com,111111111111,,"Expedia collects payment from traveler: Hotel invoices Expedia. ",,,,,"2026-09-14",,,,
The Carlton Hotel,2026-09-16T09:59:31,081-293-511,YRD-810-457,,,Lauren,Green,"2026-09-17","2026-09-18",1,Standard Single room Ensuite,Base Rate,Room 246,,1,0,GBP,37.00,107.00,37.00,0.00,Direct,,,On Account,Confirmed,,,+441773301300,,,,,,,"2026-09-16",,,,
Amsterdam Hotel,2026-09-16T13:02:55,083-198-152,HMA-365-183,,,,Heeya Peshwani,"2026-09-17","2026-09-18",1,Quad room-Ensuite/Amsterdam,Base Rate,Room 4 GF,,1,0,GBP,80.00,80.00,80.00,0.00,Direct,,,On Account,Confirmed,,,,,,,,,,"2026-09-16",,,,
Sachi Hotel,2026-09-16T07:27:07,089-156-632,FHU-005-767,1418fb94e984-596a21c53cbd5e6f1808649f0d3d56cc@airbnb.com,,Reserved,iCal,"2026-09-17","2026-09-18",1,Standard Double Studio,Base Rate,Room 3 GF,,1,0,GBP,0.00,0.00,0.00,0.00,iCal,ical1,,Deposit (Variable),Confirmed,,,,,Reservation URL: https://www.airbnb.com/hosting/reservations/details/HMPPQAJHYP,,,,,"2026-09-16",,,,
Portobello Road Artistic Studios,2026-08-27T14:42:07,089-215-451,OBN-507-194,6857295882,,Michele,Pio Di Benedetto,"2026-09-17","2026-09-19",2,Apartment-Ensuite-N3 202,,Flat 2-Basement ,,2,0,GBP,0.00,0.00,0.00,0.00,Online,Booking.com,Booking.com,On Account,Canceled,,mbened.461707@guest.booking.com,+39 347 103 3384,,"Non-Smoking  Promos: Mobile(MDot) Rate  There is no meal option with this room. Children and Extra Bed Policy: Children of any age are allowed. You haven't added any cots. You haven't added any extra beds. The maximum number of guests is 2.  Deposit Policy: The guest will be charged a prepayment of the total price of the reservation at any time.  Cancellation Policy: The guest can cancel free of charge until 5 days before arrival. The guest will be charged the total price of the reservation if they cancel in the 5 days before arrival.  payment_on_Booking.com (Payout type: BankTransfer)  ** THIS RESERVATION HAS BEEN PRE-PAID ** Approximate time of arrival: between 11:00 and 12:00 BOOKING NOTE : Payment charge is GBP 3.1304  Genius Booker ",,,,,"2026-08-27",,,,
London Gatwick Inn,2026-08-28T20:10:24,095-831-404,ZSS-084-835,2545475404,,TAEKYUN,HONG,"2026-09-17","2026-09-18",1,Double Room,Base Rate,204,,2,0,GBP,55.90,55.90,55.90,0.00,Online,Expedia Affiliate Network,Expedia & Affiliate Network,On Account,Confirmed,,qo08q9kr64@m.expediapartnercentral.com,111111111111,,"1 Double Bed Expedia collects payment from traveler: Hotel invoices Expedia. ",,,,,"2026-08-28",,,,
The Kirkdale Hotel,2026-09-16T20:01:18,100-936-281,QKQ-891-989,6934455852,,Charles,Norris,"2026-09-17","2026-09-18",1,Standard Single room Ensuite,Non Refundable,Room 9 - 1st F,,1,0,GBP,51.76,See 015-269-494,51.76,0.00,Online,Booking.com,Booking.com,On Account,Confirmed,,cnorri.564628@guest.booking.com,+44 7801 998118,,"Group: 3 x Adult, 0 x Child  Genius Rate  Non-Smoking  There is no meal option with this room. Children and Extra Bed Policy: Children of any age are allowed. You haven't added any cots. You haven't added any extra beds. The maximum number of guests is 1.  Deposit Policy: The guest will be charged a prepayment of the total price of the reservation at any time.  Cancellation Policy: The guest will be charged the total price of the reservation if they cancel at any time.  payment_on_Booking.com (Payout type: BankTransfer)  ** THIS RESERVATION HAS BEEN PRE-PAID ** BOOKING NOTE : Payment charge is GBP 2.5312  Genius Booker ",,,,,"2026-09-16",,,Instructions sent,
Amsterdam Hotel,2026-01-27T22:40:26,103-203-952,DBN-146-381,6928562299,,Tímár,Vanda,"2026-09-17","2026-09-23",6,Modern-Double room-Ensuite,,Room 24 5TH Floor,,2,0,GBP,0.00,0.00,0.00,0.00,Online,Booking.com,Booking.com,On Account,Canceled,,vtimar.649917@guest.booking.com,+36 20 293 1979,,"Genius Rate  Non-Smoking  Promos: International  There is no meal option with this room. Children and Extra Bed Policy: Children of any age are allowed. You haven't added any cots. You haven't added any extra beds. The maximum number of guests is 2.  Deposit Policy: The guest will be charged a prepayment of the total price of the reservation at any time.  Cancellation Policy: The guest can cancel free of charge until 2 days before arrival. The guest will be charged the total price of the reservation if they cancel in the 2 days before arrival.  payment_on_Booking.com (Payout type: BankTransfer)  ** THIS RESERVATION HAS BEEN PRE-PAID ** BOOKING NOTE : Payment charge is GBP 7.94448  Genius Booker ",,,,,"2026-01-27",,,,
Wembar Hotel,2026-08-16T13:16:28,110-469-522,MPT-474-076,6322117355,,Nerea,Molina,"2026-09-17","2026-09-20",3,Double room-Deluxe-Ensuite with Shower/Wembar,Base Rate,Room 03 - GF,,2,0,GBP,345.60,345.60,345.60,0.00,Online,Booking.com,Booking.com,On Account,Confirmed,,nmolin.103594@guest.booking.com,+34 639 05 86 52,,"Non-Smoking  Promos: Mobile(App) Rate  There is no meal option with this room. Children and Extra Bed Policy: Children ages 1 and older are allowed. You haven't added any cots. You haven't added any extra beds. The maximum number of guests is 2.  Deposit Policy: The guest will be charged a prepayment of the total price of the reservation at any time.  Cancellation Policy: The guest can cancel free of charge until 3 days before arrival. The guest will be charged the total price of the reservation if they cancel in the 3 days before arrival.  payment_on_Booking.com (Payout type: BankTransfer)  ** THIS RESERVATION HAS BEEN PRE-PAID ** BOOKING NOTE : Payment charge is GBP 5.5296  Genius Booker ",,,,,"2026-08-16",,,Instructions sent,
Amsterdam Hotel,2026-03-29T11:58:53,118-042-522,IEO-685-001,5910716854,,joseph,amass hardy,"2026-09-17","2026-09-21",4,Compact-Double room-Ensuite/Amsterdam,Flexible 48 hours,Room 18 4TH Floor Refurbished,,2,0,GBP,418.07,418.07,418.07,0.00,Online,Booking.com,Booking.com,On Account,Confirmed,,jhardy.246353@guest.booking.com,+34 600 61 05 26,,"Genius Rate  Non-Smoking  Promos: International  There is no meal option with this room. Children and Extra Bed Policy: Children of any age are allowed. You haven't added any cots. You haven't added any extra beds. The maximum number of guests is 2.  Deposit Policy: The guest will be charged a prepayment of the total price of the reservation at any time.  Cancellation Policy: The guest can cancel free of charge until 2 days before arrival. The guest will be charged the total price of the reservation if they cancel in the 2 days before arrival.  payment_on_Booking.com (Payout type: BankTransfer)  ** THIS RESERVATION HAS BEEN PRE-PAID ** BOOKING NOTE : Payment charge is GBP 6.68912  Genius Booker ",,,,,"2026-03-29",,,,
Cambria Hotel,2026-09-17T14:17:52,119-250-102,URG-143-634,,,,Adam saleem & john smith,"2026-09-17","2026-09-18",1,Standard-Double room-Ensuite,Base Rate,Room 4,,1,0,GBP,40.00,40.00,40.00,0.00,Direct,,,On Account,Confirmed,,,,,,,,,,"2026-09-17",,,,
Crofton House Hotel,2026-04-12T23:15:26,121-465-611,YFM-512-536,5737532357,,nicola,binding,"2026-09-17","2026-09-18",1,Comfort-Single room-Ensuite,,Cottage Single Room 8,,1,0,GBP,0.00,0.00,0.00,0.00,Online,Booking.com,Booking.com,On Account,Canceled,,nbindi.152224@guest.booking.com,+44 7355 009171,,"Genius Rate  Non-Smoking  Promos: Mobile(App) Rate  There is no meal option with this room. Children and Extra Bed Policy: Children of any age are allowed. You haven't added any cots. You haven't added any extra beds. The maximum number of guests is 1.  Deposit Policy: The guest will be charged a prepayment of the total price of the reservation at any time.  Cancellation Policy: The guest can cancel free of charge until 5 days before arrival. The guest will be charged the total price of the reservation if they cancel in the 5 days before arrival.  payment_on_Booking.com (Payout type: BankTransfer)  ** THIS RESERVATION HAS BEEN PRE-PAID ** BOOKING NOTE : Payment charge is GBP 0.93136  Genius Booker ",,,,,"2026-04-12",,,,
Bonair Hotel,2025-06-28T15:25:45,121-925-521,QOF-356-461,5655556766,,miss Helen,fellows Mr Stuart James durber,"2026-09-17","2026-09-21",4,Standard-Double room-Ensuite,,Room 7,,1,0,GBP,0.00,0.00,0.00,0.00,Online,Booking.com,Booking.com,On Account,Canceled,,hfello.751350@guest.booking.com,+44 7903 188617,,"Group: 2 x Adult, 0 x Child  Non-Smoking  Promos: Mobile(App) Rate  There is no meal option with this room. Children and Extra Bed Policy: Children of any age are allowed. 1 child (up to and including 2 years old) stays for free when using available cots.  You haven't added any extra beds. The maximum number of cots is 1. The maximum number of guests is 2.  Deposit Policy: The guest will be charged a prepayment of the total price of the reservation at any time.  Cancellation Policy: The guest can cancel free of charge until 7 days before arrival. The guest will be charged the total price of the reservation if they cancel in the 7 days before arrival. If the guest doesn’t show up, they will be charged the total price of the reservation.  payment_on_Booking.com (Payout type: BankTransfer)  ** THIS RESERVATION HAS BEEN PRE-PAID ** BOOKING NOTE : Payment charge is GBP 4.11264 ",,,,,"2025-06-28",,,,
Cambria Hotel,2026-09-16T10:07:45,134-839-262,RKD-796-148,5249929115,,Douglas,Hughes,"2026-09-17","2026-09-19",2,Standard-Single room-Ensuite,Base Rate,Room 17,,1,0,GBP,66.00,66.00,66.00,0.00,Online,Booking.com,Booking.com,On Account,Confirmed,,dhughe.298838@guest.booking.com,+44 7470 558002,,"Non-Smoking  There is no meal option with this room. Children and Extra Bed Policy: Children of any age are allowed. You haven't added any cots. You haven't added any extra beds. The maximum number of guests is 1.  Deposit Policy: The guest will be charged a prepayment of the total price of the reservation at any time.  Cancellation Policy: The guest can cancel free of charge until 7 days before arrival. The guest will be charged the total price of the reservation if they cancel in the 7 days before arrival.  payment_on_Booking.com (Payout type: BankTransfer)  ** THIS RESERVATION HAS BEEN PRE-PAID ** BOOKING NOTE : Payment charge is GBP 1.056  Genius Booker ",,,,,"2026-09-16",,,,
London Gatwick Inn,2026-08-07T20:47:11,142-968-534,WZX-382-126,5723483669,,Ilari,Liikanen,"2026-09-17","2026-09-18",1,Double Room,7-Day Flexible,101,,2,0,GBP,60.75,60.75,60.75,0.00,Online,Booking.com,Booking.com,On Account,Confirmed,,iliika.124175@guest.booking.com,+358 40 9366091,,"Genius Rate  Non-Smoking  Promos: Mobile(App) Rate  There is no meal option with this room. Children and Extra Bed Policy: Children ages 6 and older are allowed. You haven't added any cots. You haven't added any extra beds. The maximum number of guests is 2.  Deposit Policy: The guest will be charged a prepayment of the total price of the reservation at any time.  Cancellation Policy: The guest can cancel free of charge until 7 days before arrival. The guest will be charged the total price of the reservation if they cancel in the 7 days before arrival.  payment_on_Booking.com (Payout type: BankTransfer)  ** THIS RESERVATION HAS BEEN PRE-PAID ** BOOKING NOTE : Payment charge is GBP 0.972  Genius Booker ",,,,,"2026-08-07",,,,
The Kirkdale Hotel,2026-09-13T16:03:38,148-246-662,DNH-454-827,5770159183,,kaydee,Charles,"2026-09-17","2026-09-18",1,Standard Double room Ensuite,Non Refundable,Room 3 - GF,,1,0,GBP,46.12,46.12,46.12,0.00,Online,Booking.com,Booking.com,On Account,Confirmed,,kcharl.896212@guest.booking.com,+44 7850 432235,,"Genius Rate  Non-Smoking  There is no meal option with this room. Children and Extra Bed Policy: Children of any age are allowed. You haven't added any cots. You haven't added any extra beds. The maximum number of guests is 2.  Deposit Policy: The guest will be charged a prepayment of the total price of the reservation at any time.  Cancellation Policy: The guest will be charged the total price of the reservation if they cancel at any time.  payment_on_Booking.com (Payout type: BankTransfer)  ** THIS RESERVATION HAS BEEN PRE-PAID ** Reservation has a cancellation grace period. Do not charge if cancelled before 2026-09-14 17:02:21 BOOKING NOTE : Payment charge is GBP 0.73792  Genius Booker ",,,,,"2026-09-13",,,Instructions sent,
Savoy Hotel,2026-09-16T19:10:55,148-616-894,FYK-639-452,2560454404,,David,Corp,"2026-09-17","2026-09-18",1,Comfort-Single room-Ensuite-Savoy,Base Rate,Room 28,,1,0,GBP,150.40,50.40,50.40,100.00,Online,Expedia,Expedia & Affiliate Network,On Account,Confirmed,,salmos1226@yahoo.com,111111111111,,"Expedia collects payment from traveler: Hotel invoices Expedia. ",,,,,"2026-09-16",,,,
Sachi Hotel,2026-05-26T08:24:41,150-231-634,NVL-212-739,2469196626,,DONGGGUK,SEO,"2026-09-17","2026-09-19",2,Standard Double room,Non Refundable,Room 2 GF,,2,0,GBP,159.56,159.56,159.56,0.00,Online,Expedia,Expedia & Affiliate Network,On Account,Confirmed,,4dqwtgg85y@m.expediapartnercentral.com,1111111111111,,"1 Double Bed Expedia collects payment from traveler: Hotel invoices Expedia. ",,,,,"2026-05-26",,,Instructions sent,
Green Gables Hotel,2026-09-16T19:08:47,155-601-914,YEA-665-978,6608149411,,ben,petruska,"2026-09-17","2026-09-18",1,Double room-Standard-Ensuite with Bath,Non Refundable,Room 10,,2,0,GBP,32.10,32.10,32.10,0.00,Online,Booking.com,Booking.com,On Account,Confirmed,,bpetru.228495@guest.booking.com,+44 7979 226538,,"Genius Rate  Non-Smoking  Promos: Mobile(MDot) Rate  There is no meal option with this room. Children and Extra Bed Policy: Children of any age are allowed. You haven't added any cots. You haven't added any extra beds. The maximum number of guests is 2.  Deposit Policy: The guest will be charged a prepayment of the total price of the reservation at any time.  Cancellation Policy: The guest will be charged the total price of the reservation if they cancel at any time.  payment_on_Booking.com (Payout type: BankTransfer)  ** THIS RESERVATION HAS BEEN PRE-PAID ** BOOKING NOTE : Payment charge is GBP 0.5136  Genius Booker ",,,,,"2026-09-16",,,,
Crofton House Hotel,2026-09-17T06:57:37,162-159-801,MOV-915-468,6934416565,,Steven,Murphy,"2026-09-17","2026-09-18",1,Comfort-Suite-Ensuite,Non Refundable,Riviera Suite,,2,0,GBP,76.94,76.94,76.94,0.00,Online,Booking.com,Booking.com,On Account,Confirmed,,smurph.467036@guest.booking.com,+44 7384 176910,,"Genius Rate  Non-Smoking  Promos: Mobile(App) Rate  There is no meal option with this room. Children and Extra Bed Policy: Children of any age are allowed. You haven't added any cots. You haven't added any extra beds. The maximum number of guests is 2.  Deposit Policy: The guest will be charged a prepayment of the total price of the reservation at any time.  Cancellation Policy: The guest will be charged the total price of the reservation if they cancel at any time.  payment_on_Booking.com (Payout type: BankTransfer)  ** THIS RESERVATION HAS BEEN PRE-PAID ** BOOKING NOTE : Payment charge is GBP 1.23104  Genius Booker ",,,,,"2026-09-17",,,,
The Carlton Hotel,2026-09-17T10:48:40,163-353-032,FVX-586-195,5126093851,,MR Maison,Fletcher,"2026-09-17","2026-09-18",1,Classic Double room Ensuite,Non Refundable,Room 235,,1,0,GBP,40.99,81.98,40.99,0.00,Online,Booking.com,Booking.com,On Account,Confirmed,,bcarlt.792431@guest.booking.com,+44 7873 798119,,"Group: 2 x Adult, 0 x Child  Non-Smoking  Promos: Domestic  There is no meal option with this room. Children and Extra Bed Policy: Children of any age are allowed. You haven't added any cots. You haven't added any extra beds. The maximum number of guests is 2.  Deposit Policy: The guest will be charged a prepayment of the total price of the reservation at any time.  Cancellation Policy: The guest will be charged the total price of the reservation if they cancel at any time.  payment_on_Booking.com (Payout type: BankTransfer)  ** THIS RESERVATION HAS BEEN PRE-PAID ** BOOKING NOTE : Payment charge is GBP 1.31168 This guest would like the rooms in this booking to be close together if possible.  Electric Avenue Leeds ltd ",,,,,"2026-09-17",,,,
Wembar Hotel,2026-02-26T00:19:57,168-030-534,NYI-226-558,5417754231,,Kamil,Dąbkowski,"2026-09-17","2026-09-21",4,Double room-Standard-Ensuite with Shower,,Room 05,,2,0,GBP,0.00,0.00,0.00,0.00,Online,Booking.com,Booking.com,On Account,Canceled,,kdabko.591915@guest.booking.com,+48 731 076 241,,"Non-Smoking  Promos: International  There is no meal option with this room. Children and Extra Bed Policy: Children ages 1 and older are allowed. You haven't added any cots. You haven't added any extra beds. The maximum number of guests is 2.  Deposit Policy: The guest will be charged a prepayment of the total price of the reservation at any time.  Cancellation Policy: The guest can cancel free of charge until 3 days before arrival. The guest will be charged the total price of the reservation if they cancel in the 3 days before arrival.  payment_on_Booking.com (Payout type: BankTransfer)  ** THIS RESERVATION HAS BEEN PRE-PAID ** BOOKING NOTE : Payment charge is GBP 4.8816  Genius Booker ",,,,,"2026-02-26",,,,
Amsterdam Hotel,2026-07-29T22:11:44,169-395-114,HGT-123-328,6177194421,,Karolina,Kozak,"2026-09-17","2026-09-19",2,Compact-Double room-Ensuite/Amsterdam,,Room 22 5TH Floor Refurbished,,2,0,GBP,0.00,0.00,0.00,0.00,Online,Booking.com,Booking.com,On Account,Canceled,,kkozak.385791@guest.booking.com,+48 662 606 109,,"Genius Rate  Non-Smoking  There is no meal option with this room. Children and Extra Bed Policy: Children of any age are allowed. You haven't added any cots. You haven't added any extra beds. The maximum number of guests is 2.  Deposit Policy: The guest will be charged a prepayment of the total price of the reservation at any time.  Cancellation Policy: The guest can cancel free of charge until 2 days before arrival. The guest will be charged the total price of the reservation if they cancel in the 2 days before arrival.  payment_on_Booking.com (Payout type: BankTransfer)  ** THIS RESERVATION HAS BEEN PRE-PAID ** BOOKING NOTE : Payment charge is GBP 3.2752  Genius Booker ",,,,,"2026-07-29",,,,
Wembar Hotel,2026-09-16T08:18:58,180-122-961,SQX-266-547,5988439283,,Harumi,Maeda,"2026-09-17","2026-09-18",1,Twin room-Standard-Ensuite with Shower/Wembar,Non Refundable,Room 10 - 2nd F,,2,0,GBP,103.62,103.62,103.62,0.00,Online,Booking.com,Booking.com,On Account,Confirmed,,hmaeda.539980@guest.booking.com,+447510542164,,"Non-Smoking  Promos: Getaway Deal  There is no meal option with this room. Children and Extra Bed Policy: Children ages 1 and older are allowed. You haven't added any cots. You haven't added any extra beds. The maximum number of guests is 2.  Deposit Policy: The guest will be charged a prepayment of the total price of the reservation at any time.  Cancellation Policy: The guest will be charged the total price of the reservation if they cancel at any time.  payment_on_Booking.com (Payout type: BankTransfer)  ** THIS RESERVATION HAS BEEN PRE-PAID ** BOOKING NOTE : Payment charge is GBP 1.65792  Genius Booker ",,,,,"2026-09-16",,,Instructions sent,
Holland Rd Studios Close to Olympia London,2026-01-27T22:18:32,183-504-591,KZA-960-935,5496110068,,Irene,Mazzon,"2026-09-17","2026-09-23",6,Double room-Ensuite,,Room 18 3rd,,2,0,GBP,0.00,0.00,0.00,0.00,Online,Booking.com,Booking.com,On Account,Canceled,,imazzo.292535@guest.booking.com,+39 371 385 1060,,"Genius Rate  Non-Smoking  Promos: International  There is no meal option with this room. Children and Extra Bed Policy: Children of any age are allowed. You haven't added any cots. You haven't added any extra beds. The maximum number of guests is 2.  Deposit Policy: The guest will be charged a prepayment of the total price of the reservation at any time.  Cancellation Policy: The guest can cancel free of charge until 7 days before arrival. The guest will be charged the total price of the reservation if they cancel in the 7 days before arrival.  payment_on_Booking.com (Payout type: BankTransfer)  ** THIS RESERVATION HAS BEEN PRE-PAID ** BOOKING NOTE : Payment charge is GBP 7.65984  Genius Booker ",,,,,"2026-01-27",,,,
Modern Studios Close To Hyde Park,2026-09-09T12:16:50,191-454-582,QGK-052-016,,,,Danica McShane,"2026-09-17","2026-09-18",1,Family-Studio-Ensuite-Quad LG,,Flat 15 (quad) 1st-Split level,,1,0,GBP,0.00,0.00,0.00,0.00,Direct,,,On Account,Canceled,,,+61451663051,,,,,,,"2026-09-09",,,Do not move reservation extension,
Amsterdam Hotel,2026-09-05T19:11:12,195-849-292,RAX-055-587,2551821848,,APICHA,SRISOMBOON,"2026-09-17","2026-09-18",1,Deluxe-Triple room-Ensuite/Amsterdam,Base Rate,Room 10 2ND Floor,,2,0,GBP,110.08,110.08,110.08,0.00,Online,Expedia Affiliate Network,Expedia & Affiliate Network,On Account,Confirmed,,BoiseOpsHelpDesk@contactcfs.com,111111111111,,"1 Queen Bed and 1 Twin Bed Expedia collects payment from traveler: Hotel invoices Expedia. ",,,,,"2026-09-05",,,,
London Gatwick Inn,2026-06-27T14:50:05,196-939-811,NAN-423-595,2495088078,,keyarna,twomey,"2026-09-17","2026-09-18",1,Twin,Base Rate,301,,2,0,GBP,46.80,46.80,46.80,0.00,Online,Expedia Affiliate Network,Expedia & Affiliate Network,On Account,Confirmed,,4wp8wuqqqa@m.expediapartnercentral.com,1111111111111,,"2 Twin Beds travel purpose=leisure ",,,,,"2026-06-27",,,,
London Gatwick Inn,2026-09-01T05:37:17,201-336-411,GQY-001-245,696483091,,Karishma,Binte Jahangir,"2026-09-17","2026-09-18",1,Small single,,304,,1,0,GBP,0.00,0.00,0.00,0.00,Online,Agoda,Agoda,On Account,Canceled,,049qv0s90000001h1k9z4dyzgqjvr@agoda-messaging.com,880 01784584231,," ",,,,,"2026-09-01",,,,
Modern Studios Close To Hyde Park,2026-02-10T11:36:50,202-984-864,WJY-542-045,5471775743,,Noelia,Perez,"2026-09-17","2026-09-21",4,Family-Studio-Ensuite-Quad ,,Flat 15 (quad) 1st-Split level,,2,2,GBP,0.00,0.00,0.00,0.00,Online,Booking.com,Booking.com,On Account,Canceled,,nperez.442793@guest.booking.com,+34 650 62 03 08,,"Group: 4 x Adult, 4 x Child  Child Ages: 15, 15  Non-Smoking  Promos: European Economic Area  There is no meal option with this room. Children and Extra Bed Policy: Children of any age are allowed. You haven't added any cots. You haven't added any extra beds. The maximum number of guests is 4.  Deposit Policy: The guest will be charged a prepayment of the total price of the reservation at any time.  Cancellation Policy: The guest can cancel free of charge until 7 days before arrival. The guest will be charged the total price of the reservation if they cancel in the 7 days before arrival.  payment_on_Booking.com (Payout type: BankTransfer)  ** THIS RESERVATION HAS BEEN PRE-PAID ** BOOKING NOTE : Payment charge is GBP 17.808  Genius Booker ",,,,,"2026-02-10",,,,
Amsterdam Hotel,2026-07-24T11:07:35,203-580-184,SBK-170-721,5072713928,,Dominika,Czyzo,"2026-09-17","2026-09-21",4,Compact-Double room-Ensuite/Amsterdam,,Room 22 5TH Floor Refurbished,,2,0,GBP,0.00,0.00,0.00,0.00,Online,Booking.com,Booking.com,On Account,Canceled,,dczyzo.834193@guest.booking.com,+44 7828 826172,,"Genius Rate  Non-Smoking  There is no meal option with this room. Children and Extra Bed Policy: Children of any age are allowed. You haven't added any cots. You haven't added any extra beds. The maximum number of guests is 2.  Deposit Policy: The guest will be charged a prepayment of the total price of the reservation at any time.  Cancellation Policy: The guest can cancel free of charge until 2 days before arrival. The guest will be charged the total price of the reservation if they cancel in the 2 days before arrival.  payment_on_Booking.com (Payout type: BankTransfer)  ** THIS RESERVATION HAS BEEN PRE-PAID ** BOOKING NOTE : Payment charge is GBP 5.5552  Genius Booker ",,,,,"2026-07-24",,,,
Amsterdam Hotel,2026-02-01T06:48:03,203-609-441,YZH-137-475,5325131995,,Norbert,Agius,"2026-09-17","2026-09-21",4,Single room-Standard-Ensuite,,Room 1 Basement refurbished,,1,0,GBP,0.00,0.00,0.00,0.00,Online,Booking.com,Booking.com,On Account,Canceled,,nagius.544171@guest.booking.com,+356 99824262,,"Genius Rate  Non-Smoking  Promos: International  There is no meal option with this room. Children and Extra Bed Policy: Children of any age are allowed. You haven't added any cots. You haven't added any extra beds. The maximum number of guests is 1.  Deposit Policy: The guest will be charged a prepayment of the total price of the reservation at any time.  Cancellation Policy: The guest can cancel free of charge until 2 days before arrival. The guest will be charged the total price of the reservation if they cancel in the 2 days before arrival.  payment_on_Booking.com (Payout type: BankTransfer)  ** THIS RESERVATION HAS BEEN PRE-PAID ** BOOKING NOTE : Payment charge is GBP 4.61456  Genius Booker ",,,,,"2026-02-01",,,,
Green Gables Hotel,2026-09-16T11:59:43,206-518-134,JHO-495-398,,,alex,wevster,"2026-09-17","2026-09-18",1,Double room-Standard-Ensuite with Bath,Base Rate,Room 6,,1,0,GBP,28.00,28.00,28.00,0.00,Direct,,,On Account,Confirmed,,,+447749749114,,,,,,,"2026-09-16",,,,
Cluny Hill Hotel,2026-09-05T19:45:27,216-323-451,ZHH-346-810,2551841541,,Marten,Landaeus,"2026-09-17","2026-09-18",1,Standard Twin room ,Base Rate,Room 80,,2,0,GBP,39.25,39.25,39.25,0.00,Online,Expedia Affiliate Network,Expedia & Affiliate Network,On Account,Confirmed,,tygtdwglop@m.expediapartnercentral.com,1111111111111,,"NonSmoke, TwinBeds 2 Twin Beds Expedia collects payment from traveler: Hotel invoices Expedia. ",,,,,"2026-09-05",,,,
Cluny Hill Hotel,2026-09-17T10:55:39,218-109-932,SOO-493-987,5924423332,,Ashley,Baker,"2026-09-17","2026-09-18",1,Standard Twin room ,Non Refundable,Room 33,,1,0,GBP,41.56,41.56,41.56,0.00,Online,Booking.com,Booking.com,On Account,Confirmed,,abaker.854126@guest.booking.com,+44 7557 258175,,"Genius Rate  Non-Smoking  There is no meal option with this room. Children and Extra Bed Policy: Children of any age are allowed. You haven't added any cots. You haven't added any extra beds. The maximum number of guests is 2.  Deposit Policy: The guest will be charged a prepayment of the total price of the reservation at any time.  Cancellation Policy: The guest will be charged the total price of the reservation if they cancel at any time.  payment_on_Booking.com (Payout type: BankTransfer)  ** THIS RESERVATION HAS BEEN PRE-PAID ** BOOKING NOTE : Payment charge is GBP 0.66496  Genius Booker ",,,,,"2026-09-17",,,,
Torpark hotel,2026-09-16T21:51:17,226-609-661,CVN-117-525,5005204162,,Liu,Juan,"2026-09-17","2026-10-03",16,Standard Single room Ensuite,Non Refundable,Room 18 1st Floor,,1,0,GBP,617.77,617.77,617.77,0.00,Online,Booking.com,Booking.com,On Account,Confirmed,,jliu.310772@guest.booking.com,+86 139 6312 1196,,"Non-Smoking  Promos: Stay Longer & Save  There is no meal option with this room. Children and Extra Bed Policy: Children of any age are allowed. You haven't added any cots. You haven't added any extra beds. The maximum number of guests is 1.  Deposit Policy: The guest will be charged a prepayment of the total price of the reservation at any time.  Cancellation Policy: The guest will be charged the total price of the reservation if they cancel at any time.  payment_on_Booking.com (Payout type: BankTransfer)  ** THIS RESERVATION HAS BEEN PRE-PAID ** BOOKING NOTE : Payment charge is GBP 9.88432 I need a floor with easy access to rooms because I just had surgery on my foot and can't climb stairs  Genius Booker ",,,,,"2026-09-16",,,,
Amsterdam Hotel,2026-02-03T18:45:54,231-488-952,KZJ-276-644,6109581795,,Vitória,Figueiredo,"2026-09-17","2026-09-21",4,Modern-Double room-Ensuite/Amsterdam,Non Refundable Rate,Room 24 5TH Floor,,2,0,GBP,309.07,309.07,309.07,0.00,Online,Booking.com,Booking.com,On Account,Confirmed,,vfigue.640025@guest.booking.com,+351 914 801 094,,"Genius Rate  Non-Smoking  Promos: International  There is no meal option with this room. Children and Extra Bed Policy: Children of any age are allowed. You haven't added any cots. You haven't added any extra beds. The maximum number of guests is 2.  Deposit Policy: The guest will be charged a prepayment of the total price of the reservation at any time.  Cancellation Policy: The guest will be charged the total price of the reservation if they cancel at any time.  payment_on_Booking.com (Payout type: BankTransfer)  ** THIS RESERVATION HAS BEEN PRE-PAID ** Reservation has a cancellation grace period. Do not charge if cancelled before 2026-02-04 19:44:35 BOOKING NOTE : Payment charge is GBP 4.94512  Genius Booker ",,,,,"2026-02-03",,,,
Amsterdam Hotel,2026-09-17T09:15:30,234-618-912,RWG-556-650,,,Mihos,Vasilopoulos,"2026-09-17","2026-09-18",1,Deluxe-Triple room-Ensuite/Amsterdam,Base Rate,Room 2 GF,,1,0,GBP,90.00,90.00,90.00,0.00,Direct,,,On Account,Confirmed,,,,,,,,,,"2026-09-17",,,,
La Casa Studios Near Hyde Park,2026-08-06T12:03:15,243-261-322,CSC-597-144,,,,Karolina Kozak,"2026-09-17","2026-09-19",2,Large Studio - Ensuite - La Casa,,Studio 25,,1,0,GBP,0.00,0.00,0.00,0.00,Direct,,,On Account,Canceled,,,+48662606109,,"Booking number:  6296412634",,,,,"2026-08-06",,,,
Amsterdam Hotel,2026-02-01T05:19:17,245-193-581,IYR-964-366,6025564931,,Shadae,Lester,"2026-09-17","2026-09-24",7,Compact-Double room-Ensuite,,Room 12 2ND Floor Refurbished,,2,0,GBP,0.00,0.00,0.00,0.00,Online,Booking.com,Booking.com,On Account,Canceled,,sleste.786520@guest.booking.com,+61 484 675 673,,"Genius Rate  Non-Smoking  Promos: International  There is no meal option with this room. Children and Extra Bed Policy: Children of any age are allowed. You haven't added any cots. You haven't added any extra beds. The maximum number of guests is 2.  Deposit Policy: The guest will be charged a prepayment of the total price of the reservation at any time.  Cancellation Policy: The guest can cancel free of charge until 2 days before arrival. The guest will be charged the total price of the reservation if they cancel in the 2 days before arrival.  payment_on_Booking.com (Payout type: BankTransfer)  ** THIS RESERVATION HAS BEEN PRE-PAID ** BOOKING NOTE : Payment charge is GBP 9.18864  Genius Booker ",,,,,"2026-02-01",,,,
The Kirkdale Hotel,2026-09-16T20:01:18,251-308-954,QKQ-891-989,6934455852,,Charles,Norris,"2026-09-17","2026-09-18",1,Deluxe Single room Ensuite with Bath,Non Refundable,Room 11- 1st F,,1,0,GBP,54.68,See 015-269-494,54.68,0.00,Online,Booking.com,Booking.com,On Account,Confirmed,,cnorri.564628@guest.booking.com,+44 7801 998118,,"Group: 3 x Adult, 0 x Child  Genius Rate  Non-Smoking  There is no meal option with this room. Children and Extra Bed Policy: Children of any age are allowed. You haven't added any cots. You haven't added any extra beds. The maximum number of guests is 1.  Deposit Policy: The guest will be charged a prepayment of the total price of the reservation at any time.  Cancellation Policy: The guest will be charged the total price of the reservation if they cancel at any time.  payment_on_Booking.com (Payout type: BankTransfer)  ** THIS RESERVATION HAS BEEN PRE-PAID ** BOOKING NOTE : Payment charge is GBP 2.5312  Genius Booker ",,,,,"2026-09-16",,,Instructions sent,
Crofton House Hotel,2026-09-16T10:49:42,252-111-621,ATO-354-347,6604517468,,Helen,Jenner,"2026-09-17","2026-09-20",3,Comfort-Double room-Ensuite,Base Rate,Cottage Double Room 2,,1,0,GBP,198.82,198.82,198.82,0.00,Online,Booking.com,Booking.com,On Account,Confirmed,,hjenne.544027@guest.booking.com,+44 7525 141745,,"Genius Rate  Non-Smoking  There is no meal option with this room. Children and Extra Bed Policy: Children of any age are allowed. You haven't added any cots. You haven't added any extra beds. The maximum number of guests is 2.  Deposit Policy: The guest will be charged a prepayment of the total price of the reservation at any time.  Cancellation Policy: The guest will be charged the total price of the reservation if they cancel at any time.  payment_on_Booking.com (Payout type: BankTransfer)  ** THIS RESERVATION HAS BEEN PRE-PAID ** BOOKING NOTE : Payment charge is GBP 3.18112  Genius Booker ",,,,,"2026-09-16",,,,
The Beresford Hotel,2026-09-15T17:08:11,252-283-692,DXO-903-911,,,,poci,"2026-09-17","2026-09-18",1,Single room-Standard-Ensuite,,29,,1,0,GBP,0.00,0.00,0.00,0.00,Direct,,,On Account,Canceled,,,,,,,,,,"2026-09-15",,,,
London Gatwick Inn,2026-09-07T22:56:06,254-408-394,GUP-108-571,5635066143,,Joel,Nunez-Martinez,"2026-09-17","2026-09-18",1,Small single,48-Hours Flexible,304,,1,0,GBP,52.20,52.20,52.20,0.00,Online,Booking.com,Booking.com,On Account,Confirmed,,jnunez.441257@guest.booking.com,+44 7748 758453,,"Non-Smoking  Promos: Mobile(App) Rate  There is no meal option with this room. Children and Extra Bed Policy: Children ages 6 and older are allowed. You haven't added any cots. You haven't added any extra beds. The maximum number of guests is 1.  Deposit Policy: The guest will be charged a prepayment of the total price of the reservation at any time.  Cancellation Policy: The guest can cancel free of charge until 2 days before arrival. The guest will be charged the total price of the reservation if they cancel in the 2 days before arrival.  payment_on_Booking.com (Payout type: BankTransfer)  ** THIS RESERVATION HAS BEEN PRE-PAID ** BOOKING NOTE : Payment charge is GBP 0.8352 Late check in-  arriving 00:30-01:30 approx  Genius Booker ",,,,,"2026-09-07",,,,
The Carlton Hotel,2026-09-16T21:03:37,258-924-844,ZGZ-284-593,6612330379,,Ross,Gray,"2026-09-17","2026-09-19",2,Standard Sea view Double room,Non Refundable,Room 221,,2,0,GBP,106.92,106.92,106.92,0.00,Online,Booking.com,Booking.com,On Account,Confirmed,,rgray.475756@guest.booking.com,+44 7951 993490,,"Non-Smoking  Promos: Mobile(App) Rate  There is no meal option with this room. Children and Extra Bed Policy: Children of any age are allowed. You haven't added any extra beds. The maximum number of cots is 1. The maximum number of guests is 2.  Deposit Policy: The guest will be charged a prepayment of the total price of the reservation at any time.  Cancellation Policy: The guest will be charged the total price of the reservation if they cancel at any time.  payment_on_Booking.com (Payout type: BankTransfer)  ** THIS RESERVATION HAS BEEN PRE-PAID ** BOOKING NOTE : Payment charge is GBP 1.71072  Genius Booker ",,,,,"2026-09-16",,,,
Green Gables Hotel,2026-09-16T07:49:38,259-925-441,EVQ-212-680,6285724247,,Robin,Kite,"2026-09-17","2026-09-20",3,Twin room-Ensuite,Non Refundable,Room 8,,1,0,GBP,111.80,111.80,111.80,0.00,Online,Booking.com,Booking.com,On Account,Confirmed,,rkite.306539@guest.booking.com,+44 7385 105261,,"Genius Rate  Non-Smoking  There is no meal option with this room. Children and Extra Bed Policy: Children of any age are allowed. You haven't added any cots. You haven't added any extra beds. The maximum number of guests is 2.  Deposit Policy: The guest will be charged a prepayment of the total price of the reservation at any time.  Cancellation Policy: The guest will be charged the total price of the reservation if they cancel at any time.  payment_on_Booking.com (Payout type: BankTransfer)  ** THIS RESERVATION HAS BEEN PRE-PAID ** BOOKING NOTE : Payment charge is GBP 1.7888  Genius Booker ",,,,,"2026-09-16",,,,
Hammersmith Stayz,2026-07-03T14:14:26,266-654-544,QOV-683-362,6148402796,,Maide,Atay,"2026-09-17","2026-09-21",4,Standard Double Studio Ensuite/Hammersmith Stayz,,Studio 5 1st F,,1,0,GBP,0.00,0.00,0.00,0.00,Online,Booking.com,Booking.com,On Account,Canceled,,matay.821689@guest.booking.com,+90 539 665 44 09,,"Genius Rate  Non-Smoking  Promos: International  There is no meal option with this room. Children and Extra Bed Policy: Children of any age are allowed. 1 child (up to and including 2 years old) stays for free when using available cots.  You haven't added any extra beds. The maximum number of cots is 1. The maximum number of guests is 2.  Deposit Policy: The guest will be charged a prepayment of the total price of the reservation at any time.  Cancellation Policy: The guest can cancel free of charge until 5 days before arrival. The guest will be charged the total price of the reservation if they cancel in the 5 days before arrival.  payment_on_Booking.com (Payout type: BankTransfer)  ** THIS RESERVATION HAS BEEN PRE-PAID ** BOOKING NOTE : Payment charge is GBP 5.54624  Genius Booker ",,,,,"2026-07-03",,,,
Cluny Hill Hotel,2026-07-23T16:49:24,292-358-424,TMF-661-495,,,Klaus,Werner-Lobo,"2026-09-17","2026-09-22",5,Standard Double room,Base Rate,Room 44,,1,0,GBP,0.00,See 069-365-824,0.00,0.00,Direct,,,On Account,Confirmed,,klaus@werner-lobo.at,+43436642537755,,,,,,,"2026-07-23",,,,
Crofton House Hotel,2026-07-26T12:55:06,292-605-411,QJR-306-222,2518991098,,Clare,Mansfield,"2026-09-17","2026-09-22",5,Suite-Ensuite,,Combee Suite,,2,0,GBP,0.00,0.00,0.00,0.00,Online,Expedia Affiliate Network,Expedia & Affiliate Network,On Account,Canceled,,Huanuo@sghntrip.com,1111111111,,"1 King Bed Expedia collects payment from traveler: Hotel invoices Expedia. ",,,,,"2026-07-26",,,,
Avalon Guest house,2026-02-26T14:15:46,295-369-011,QBP-869-634,5554954080,,Andreas,Grefen,"2026-09-17","2026-09-18",1,Modern-Double room-Ensuite with Bath,Base Rate,Room 9,,1,0,GBP,89.00,89.00,89.00,0.00,Online,Booking.com,Booking.com,On Account,Confirmed,,agrefe.613283@guest.booking.com,+49 163 6418392,,"Non-Smoking  There is no meal option with this room. Children and Extra Bed Policy: Children of any age are allowed. You haven't added any cots. You haven't added any extra beds. The maximum number of guests is 1.  Deposit Policy: The guest will be charged a prepayment of the total price of the reservation at any time.  Cancellation Policy: The guest will be charged the total price of the reservation if they cancel at any time.  payment_on_Booking.com (Payout type: BankTransfer)  ** THIS RESERVATION HAS BEEN PRE-PAID ** Approximate time of arrival: between 15:00 and 16:00 BOOKING NOTE : Payment charge is GBP 1.424  Genius Booker ",,,,,"2026-02-26",,,Instructions sent,
The Dolphin Hotel,2026-06-05T22:46:24,296-558-211,DTJ-414-625,5209837474,,Robert,Snape,"2026-09-17","2026-09-18",1,Twin room-Ensuite,,Room 201,,1,0,GBP,0.00,0.00,0.00,0.00,Online,Booking.com,Booking.com,On Account,Canceled,,rsnape.142534@guest.booking.com,+44 7740868385,,"Non-Smoking  Promos: Mobile(App) Rate  There is no meal option with this room. Children and Extra Bed Policy: Children of any age are allowed. You haven't added any cots. You haven't added any extra beds. The maximum number of guests is 2.  Deposit Policy: The guest will be charged a prepayment of the total price of the reservation at any time.  Cancellation Policy: The guest can cancel free of charge until 7 days before arrival. The guest will be charged the total price of the reservation if they cancel in the 7 days before arrival.  payment_on_Booking.com (Payout type: BankTransfer)  ** THIS RESERVATION HAS BEEN PRE-PAID ** BOOKING NOTE : Payment charge is GBP 0.68  Genius Booker ",,,,,"2026-06-05",,,,
Holland Rd Studios Close to Olympia London,2025-08-04T22:45:38,304-423-062,WOD-179-150,6399610565,,Lourdes,Maria Uban Muiños,"2026-09-17","2026-09-22",5,Quad -Deluxe-Studio-Ensuite with Bath,,Flat 6 Ground,,2,2,GBP,0.00,0.00,0.00,0.00,Online,Booking.com,Booking.com,On Account,Canceled,,lmuino.742216@guest.booking.com,+34 620 43 74 44,,"Child Ages: 13, 16  Non-Smoking  There is no meal option with this room. Children and Extra Bed Policy: Children of any age are allowed. You haven't added any cots. You haven't added any extra beds. The maximum number of guests is 4.  Deposit Policy: The guest will be charged a prepayment of the total price of the reservation at any time.  Cancellation Policy: The guest can cancel free of charge until 7 days before arrival. The guest will be charged the total price of the reservation if they cancel in the 7 days before arrival.  payment_on_Booking.com (Payout type: BankTransfer)  ** THIS RESERVATION HAS BEEN PRE-PAID ** BOOKING NOTE : Payment charge is GBP 9.604 Approximate time of arrival: between 22:00 and 23:00  Genius Booker ",,,,,"2025-08-04",,,,
Cambria Hotel,2026-09-16T10:30:10,312-186-901,FPF-216-041,5261264670,,darbinson,carl,"2026-09-17","2026-09-19",2,Standard-Single room-Ensuite,Base Rate,Room 8,,1,0,GBP,66.00,66.00,66.00,0.00,Online,Booking.com,Booking.com,On Account,Confirmed,,dcarl.679831@guest.booking.com,+44 7470 971339,,"Non-Smoking  There is no meal option with this room. Children and Extra Bed Policy: Children of any age are allowed. You haven't added any cots. You haven't added any extra beds. The maximum number of guests is 1.  Deposit Policy: The guest will be charged a prepayment of the total price of the reservation at any time.  Cancellation Policy: The guest can cancel free of charge until 7 days before arrival. The guest will be charged the total price of the reservation if they cancel in the 7 days before arrival.  payment_on_Booking.com (Payout type: BankTransfer)  ** THIS RESERVATION HAS BEEN PRE-PAID ** BOOKING NOTE : Payment charge is GBP 1.056  Genius Booker ",,,,,"2026-09-16",,,,
Green Gables Hotel,2026-09-16T23:17:52,312-623-331,ROU-711-620,,,,Ejiro Mrabure,"2026-09-17","2026-09-18",1,Family room-Ensuite,Base Rate,Room 16,,1,0,GBP,25.00,25.00,25.00,0.00,Direct,,,On Account,Confirmed,,,,,Paid cash to Mohamed Gomaa,,,,,"2026-09-16",,,,
Bonair Hotel,2026-09-17T10:22:25,313-240-981,HKL-777-848,,,,Oliver Wilson,"2026-09-17","2026-09-18",1,Standard-Double room-Ensuite,Base Rate,Room 21,,1,0,GBP,42.00,42.00,42.00,0.00,Direct,,,On Account,Confirmed,,,,,https://cliq.zoho.com/company/814408698/chats/CT_2243196818311844940_P814408698-C4/messages/1789636883966_67189103895614,,,,,"2026-09-17",,,,
Bonair Hotel,2025-06-28T15:25:45,313-682-301,QOF-356-461,5655556766,,Mr Peter,durber,"2026-09-17","2026-09-21",4,Standard-Double room-Ensuite,,Room 37,,1,0,GBP,0.00,See 121-925-521,0.00,0.00,Online,Booking.com,Booking.com,On Account,Canceled,,hfello.751350@guest.booking.com,+44 7903 188617,,"Group: 2 x Adult, 0 x Child  Non-Smoking  Promos: Mobile(App) Rate  There is no meal option with this room. Children and Extra Bed Policy: Children of any age are allowed. 1 child (up to and including 2 years old) stays for free when using available cots.  You haven't added any extra beds. The maximum number of cots is 1. The maximum number of guests is 2.  Deposit Policy: The guest will be charged a prepayment of the total price of the reservation at any time.  Cancellation Policy: The guest can cancel free of charge until 7 days before arrival. The guest will be charged the total price of the reservation if they cancel in the 7 days before arrival. If the guest doesn’t show up, they will be charged the total price of the reservation.  payment_on_Booking.com (Payout type: BankTransfer)  ** THIS RESERVATION HAS BEEN PRE-PAID ** BOOKING NOTE : Payment charge is GBP 4.11264 ",,,,,"2025-06-28",,,,
The Beresford Hotel,2026-08-02T20:07:30,315-911-301,WAL-898-750,6525193371,,Anisa,Shaikh,"2026-09-17","2026-09-18",1,Standard Double room Ensuite,Non Refundable,312,,2,0,GBP,59.13,59.13,59.13,0.00,Online,Booking.com,Booking.com,On Account,Confirmed,,ashaik.375992@guest.booking.com,+44 7440 485076,,"Genius Rate  Non-Smoking  There is no meal option with this room. Children and Extra Bed Policy: Children of any age are allowed. You haven't added any cots. You haven't added any extra beds. The maximum number of guests is 2.  Deposit Policy: The guest will be charged a prepayment of the total price of the reservation at any time.  Cancellation Policy: The guest will be charged the total price of the reservation if they cancel at any time.  payment_on_Booking.com (Payout type: BankTransfer)  ** THIS RESERVATION HAS BEEN PRE-PAID ** BOOKING NOTE : Payment charge is GBP 0.94608 Approximate time of arrival: between 21:00 and 22:00  Genius Booker ",,,,,"2026-08-02",,,,
Modern Studios Close To Hyde Park,2026-09-02T23:49:43,341-809-644,WKA-914-364,2549540299,,Lizebeth,Sahota,"2026-09-17","2026-09-19",2,Comfort-Studio-Ensuite with Shower LG,,Flat 10,,2,0,GBP,0.00,0.00,0.00,0.00,Online,Expedia,Expedia & Affiliate Network,Pay On Arrival,Canceled,,0eyxh6m120@m.expediapartnercentral.com,11111111111,,"Hotel collects payment from the traveler ",,,,,"2026-09-02",,,,
Amsterdam Hotel,2025-10-27T17:30:32,342-186-931,JGL-220-533,5561550051,,Ernesto,Camacho vega,"2026-09-17","2026-09-21",4,Compact-Double room-Ensuite/Amsterdam,Flexible 48 hours,Room 6 1ST Floor Refurbished,,2,0,GBP,311.04,311.04,311.04,0.00,Online,Booking.com,Booking.com,On Account,Confirmed,,evega.329704@guest.booking.com,+34 603 84 97 25,,"Genius Rate  Non-Smoking  Promos: Mobile(App) Rate  There is no meal option with this room. Children and Extra Bed Policy: Children of any age are allowed. You haven't added any cots. You haven't added any extra beds. The maximum number of guests is 2.  Deposit Policy: The guest will be charged a prepayment of the total price of the reservation at any time.  Cancellation Policy: The guest can cancel free of charge until 2 days before arrival. The guest will be charged the total price of the reservation if they cancel in the 2 days before arrival.  payment_on_Booking.com (Payout type: BankTransfer)  ** THIS RESERVATION HAS BEEN PRE-PAID ** BOOKING NOTE : Payment charge is GBP 4.97664  Genius Booker ",,,,,"2025-10-27",,,,
The Carlton Hotel,2026-09-17T14:39:06,348-388-452,DZQ-199-557,,,,kathleen peram,"2026-09-17","2026-09-19",2,Standard Single room Ensuite,Base Rate,Room 146,,1,0,GBP,75.00,0.00,75.00,0.00,Direct,,,On Account,Confirmed,,,+44 7780 734024,,,,,,,"2026-09-17",,,,
Wembar Hotel,2026-09-14T13:14:57,348-955-282,OPE-064-417,5983281142,,Virgile,Jamar de Bolsée,"2026-09-17","2026-09-18",1,Single room-Standard-Ensuite with Shower/Wembar,Non Refundable,Room 12 - 3rd F,,1,0,GBP,81.13,81.13,81.13,0.00,Online,Booking.com,Booking.com,On Account,Confirmed,,vbolse.748565@guest.booking.com,+352 32 47 97 97446,,"Non-Smoking  Promos: Getaway Deal  There is no meal option with this room. Children and Extra Bed Policy: Children ages 1 and older are allowed. You haven't added any cots. You haven't added any extra beds. The maximum number of guests is 1.  Deposit Policy: The guest will be charged a prepayment of the total price of the reservation at any time.  Cancellation Policy: The guest will be charged the total price of the reservation if they cancel at any time.  payment_on_Booking.com (Payout type: BankTransfer)  ** THIS RESERVATION HAS BEEN PRE-PAID ** BOOKING NOTE : Payment charge is GBP 1.29808  DNA International SE  Genius Booker ",,,,,"2026-09-14",,,Instructions sent,
The Kirkdale Hotel,2026-09-16T19:15:08,349-899-184,YQZ-965-107,5466045109,,Roland,Sula,"2026-09-17","2026-09-19",2,Standard Twin room Ensuite,Non Refundable,Room 20 - 1st F,,2,0,GBP,120.39,120.39,120.39,0.00,Online,Booking.com,Booking.com,On Account,Confirmed,,rsula.768633@guest.booking.com,+44 7951 662401,,"Same guest in room 10  Genius Rate  Non-Smoking  There is no meal option with this room. Children and Extra Bed Policy: Children of any age are allowed. You haven't added any cots. You haven't added any extra beds. The maximum number of guests is 2.  Deposit Policy: The guest will be charged a prepayment of the total price of the reservation at any time.  Cancellation Policy: The guest will be charged the total price of the reservation if they cancel at any time.  payment_on_Booking.com (Payout type: BankTransfer)  ** THIS RESERVATION HAS BEEN PRE-PAID ** BOOKING NOTE : Payment charge is GBP 1.92624 ",,,,,"2026-09-16",,,Instructions sent,
The Carlton Hotel,2026-09-17T14:39:06,353-053-992,DZQ-199-557,,,,kathleen peram,"2026-09-17","2026-09-19",2,Standard Single room Ensuite,Base Rate,Room 140,,1,0,GBP,75.00,See 348-388-452,75.00,0.00,Direct,,,On Account,Confirmed,,,+44 7780 734024,,,,,,,"2026-09-17",,,,
Amsterdam Hotel,2026-08-03T13:44:48,360-435-691,NIU-483-971,5595008336,,Nicole,Kmieć,"2026-09-17","2026-09-21",4,Single room-Standard-Ensuite/Amsterdam,Flexible 48 hours,Room 1 Basement refurbished,,1,0,GBP,329.66,329.66,329.66,0.00,Online,Booking.com,Booking.com,On Account,Confirmed,,nkmiec.730965@guest.booking.com,+48 514 793 776,,"Genius Rate  Non-Smoking  There is no meal option with this room. Children and Extra Bed Policy: Children of any age are allowed. You haven't added any cots. You haven't added any extra beds. The maximum number of guests is 1.  Deposit Policy: The guest will be charged a prepayment of the total price of the reservation at any time.  Cancellation Policy: The guest can cancel free of charge until 2 days before arrival. The guest will be charged the total price of the reservation if they cancel in the 2 days before arrival.  payment_on_Booking.com (Payout type: BankTransfer)  ** THIS RESERVATION HAS BEEN PRE-PAID ** BOOKING NOTE : Payment charge is GBP 5.27456  Genius Booker ",,,,,"2026-08-03",,,,
The Rose and Crown Hotel,2026-09-16T20:53:00,383-244-111,LAW-209-181,,,Christopher, Papp,"2026-09-17","2026-09-18",1,Deluxe-Double room-Ensuite,Base Rate,Room 202,,1,0,GBP,67.34,67.34,67.34,0.00,Direct,,,On Account,Confirmed,,,+447501400246,,,,,,,"2026-09-16",,,,
Cluny Hill Hotel,2026-07-23T16:49:24,383-291-142,TMF-661-495,,,Vilena,Briggs,"2026-09-17","2026-09-23",6,Standard Twin room ,,Room 34,,1,0,GBP,0.00,See 069-365-824,0.00,0.00,Direct,,,On Account,Canceled,,vilenabriggs@gmail.com,+447778781030,,,,,,,"2026-07-23",,,,
Modern Studios Close To Hyde Park,2026-06-21T00:00:45,389-415-501,ZBK-572-103,2489700970,,Daniel,Yelen,"2026-09-17","2026-10-01",14,Standard-Studio-Ensuite-Basement level LG,Base Rate,Flat 4 BF,,1,0,GBP,1279.71,1279.71,1244.71,35.00,Online,Expedia Affiliate Network,Expedia & Affiliate Network,On Account,Confirmed,,iy4o8rmrkm@m.expediapartnercentral.com,1111111111111,,"1 Queen Bed travel purpose=leisure ",,,,,"2026-06-20",,,,
Amsterdam Hotel,2026-08-31T22:35:25,390-341-591,FIQ-818-185,6385255028,,Celina,Sevilleja,"2026-09-17","2026-09-20",3,Compact-Double room-Ensuite/Amsterdam,Non Refundable rate,Room 7 1ST Floor Refurbished,,2,0,GBP,299.70,299.70,299.70,0.00,Online,Booking.com,Booking.com,On Account,Confirmed,,csevil.681869@guest.booking.com,+41 79 639 38 34,,"Genius Rate  Non-Smoking  There is no meal option with this room. Children and Extra Bed Policy: Children of any age are allowed. You haven't added any cots. You haven't added any extra beds. The maximum number of guests is 2.  Deposit Policy: The guest will be charged a prepayment of the total price of the reservation at any time.  Cancellation Policy: The guest will be charged the total price of the reservation if they cancel at any time.  payment_on_Booking.com (Payout type: BankTransfer)  ** THIS RESERVATION HAS BEEN PRE-PAID ** Reservation has a cancellation grace period. Do not charge if cancelled before 2026-09-01 23:34:11 BOOKING NOTE : Payment charge is GBP 4.7952  Genius Booker ",,,,,"2026-08-31",,,,
Hammersmith Stayz,2026-06-14T20:55:17,398-689-312,HVV-028-835,6978441482,,Rafael,Almeida,"2026-09-17","2026-09-21",4,Standard Double Studio Ensuite/Hammersmith Stayz,Base Rate,Studio 4 1st F,,2,0,GBP,344.61,344.61,314.61,30.00,Online,Booking.com,Booking.com,On Account,Confirmed,,ralmei.557493@guest.booking.com,+351 911 937 060,,"Genius Rate  Non-Smoking  Promos: International  There is no meal option with this room. Children and Extra Bed Policy: Children of any age are allowed. 1 child (up to and including 2 years old) stays for free when using available cots.  You haven't added any extra beds. The maximum number of cots is 1. The maximum number of guests is 2.  Deposit Policy: The guest will be charged a prepayment of the total price of the reservation at any time.  Cancellation Policy: The guest can cancel free of charge until 5 days before arrival. The guest will be charged the total price of the reservation if they cancel in the 5 days before arrival.  payment_on_Booking.com (Payout type: BankTransfer)  ** THIS RESERVATION HAS BEEN PRE-PAID ** BOOKING NOTE : Payment charge is GBP 5.51376 Approximate time of arrival: between 13:00 and 14:00  Genius Booker ",,,,,"2026-06-14",,,,
La Casa Studios Near Hyde Park,2026-08-05T19:35:19,401-993-212,XEB-730-669,6018390887,,Kristīne,Līce,"2026-09-17","2026-09-21",4,Standard Studio Ensuite with Shower- La Casa,,Studio 21,,2,0,GBP,0.00,0.00,0.00,0.00,Online,Booking.com,Booking.com,On Account,Canceled,,klice.265056@guest.booking.com,+371 29 131 718,,"Genius Rate  Non-Smoking  There is no meal option with this room. Children and Extra Bed Policy: Children of any age are allowed. You haven't added any cots. You haven't added any extra beds. The maximum number of guests is 2.  Deposit Policy: The guest will be charged a prepayment of the total price of the reservation at any time.  Cancellation Policy: The guest can cancel free of charge until 5 days before arrival. The guest will be charged the total price of the reservation if they cancel in the 5 days before arrival.  payment_on_Booking.com (Payout type: BankTransfer)  ** THIS RESERVATION HAS BEEN PRE-PAID ** BOOKING NOTE : Payment charge is GBP 6.93632  Genius Booker ",,,,,"2026-08-05",,,,
Amsterdam Hotel,2026-02-05T22:46:37,402-262-692,MWU-292-592,6959911985,,ylenia,cogno,"2026-09-17","2026-09-19",2,Quad room-Ensuite,,Room 17 3RD Floor ,,3,1,GBP,0.00,0.00,0.00,0.00,Online,Booking.com,Booking.com,On Account,Canceled,,ycogno.391066@guest.booking.com,+39 335 823 6584,,"Child Ages: 13  Genius Rate  Non-Smoking  Promos: International  There is no meal option with this room. Children and Extra Bed Policy: Children of any age are allowed. You haven't added any cots. You haven't added any extra beds. The maximum number of guests is 4.  Deposit Policy: The guest will be charged a prepayment of the total price of the reservation at any time.  Cancellation Policy: The guest can cancel free of charge until 2 days before arrival. The guest will be charged the total price of the reservation if they cancel in the 2 days before arrival.  payment_on_Booking.com (Payout type: BankTransfer)  ** THIS RESERVATION HAS BEEN PRE-PAID ** BOOKING NOTE : Payment charge is GBP 3.76992  Genius Booker ",,,,,"2026-02-05",,,,
Modern Studios Close To Hyde Park,2026-08-29T17:22:34,406-461-581,RTT-133-934,2546047984,,Ana,Herman,"2026-09-17","2026-09-21",4,Comfort-Studio-Ensuite with Shower LG,Base Rate,Flat 7 Ground-Split level,,1,0,GBP,400.44,400.44,365.44,35.00,Online,Expedia Affiliate Network,Expedia & Affiliate Network,On Account,Parked,,q8u7rjy41q@m.expediapartnercentral.com,1111111111111111,,"1 Queen Bed Expedia collects payment from traveler: Hotel invoices Expedia.  relocation to 202  F12>>>",,,,,"2026-08-29",,,,
The Kirkdale Hotel,2026-09-14T21:37:48,409-816-864,KFV-058-169,6372765215,,DR EBERT,GONO,"2026-09-17","2026-09-18",1,Standard Double room Ensuite,Non Refundable,Room 17 - 2nd F,,2,0,GBP,55.85,55.85,55.85,0.00,Online,Booking.com,Booking.com,On Account,Confirmed,,dgono.230801@guest.booking.com,+44 7584 422113,,"Genius Rate  Non-Smoking  There is no meal option with this room. Children and Extra Bed Policy: Children of any age are allowed. You haven't added any cots. You haven't added any extra beds. The maximum number of guests is 2.  Deposit Policy: The guest will be charged a prepayment of the total price of the reservation at any time.  Cancellation Policy: The guest will be charged the total price of the reservation if they cancel at any time.  payment_on_Booking.com (Payout type: BankTransfer)  ** THIS RESERVATION HAS BEEN PRE-PAID ** Reservation has a cancellation grace period. Do not charge if cancelled before 2026-09-15 22:36:30 BOOKING NOTE : Payment charge is GBP 0.8936  Genius Booker ",,,,,"2026-09-14",,,,
Amsterdam Hotel,2026-09-01T16:52:50,410-654-102,VKT-278-499,5697276187,,Dariusz,Kozak,"2026-09-17","2026-09-19",2,Quad room-Ensuite/Amsterdam,Non Refundable Rate,Room 28 Basement,,3,1,GBP,243.96,243.96,243.96,0.00,Online,Booking.com,Booking.com,On Account,Confirmed,,dkozak.993906@guest.booking.com,+48 533 761 194,,"Child Ages: 14  payment_on_Booking.com (Payout type: BankTransfer)  Non-Smoking  ** THIS RESERVATION HAS BEEN PRE-PAID ** BOOKING NOTE : Payment charge is GBP 3.90336  Genius Booker  Genius Rate  There is no meal option with this room. Children and Extra Bed Policy: Children of any age are allowed. You haven't added any cots. You haven't added any extra beds. The maximum number of guests is 4.  Deposit Policy: The guest will be charged a prepayment of the total price of the reservation at any time.  Cancellation Policy: The guest will be charged the total price of the reservation if they cancel at any time.",,,,,"2026-09-01",,,,
The Carlton Hotel,2026-09-15T16:03:29,418-636-642,DRR-049-111,6024796540,,Lord Kyle,Bilson,"2026-09-17","2026-09-18",1,Classic Double room Ensuite,Non Refundable,Room 135,,1,0,GBP,44.55,89.10,44.55,0.00,Online,Booking.com,Booking.com,On Account,Confirmed,,cnorth.760586@guest.booking.com,+44 1933 443607,,"Group: 2 x Adult, 0 x Child  Non-Smoking  Promos: Domestic  There is no meal option with this room. Children and Extra Bed Policy: Children of any age are allowed. You haven't added any cots. You haven't added any extra beds. The maximum number of guests is 2.  Deposit Policy: The guest will be charged a prepayment of the total price of the reservation at any time.  Cancellation Policy: The guest will be charged the total price of the reservation if they cancel at any time.  payment_on_Booking.com (Payout type: BankTransfer)  ** THIS RESERVATION HAS BEEN PRE-PAID ** BOOKING NOTE : Payment charge is GBP 1.4256  Genius Booker ",,,,,"2026-09-15",,,,
Holland Rd Studios Close to Olympia London,2026-08-24T15:53:02,426-586-834,THN-363-639,6624993942,,Alessandra,Galassi,"2026-09-17","2026-09-20",3,Mini-Studio-Ensuite HR,,Flat 7 1st,,2,0,GBP,0.00,0.00,0.00,0.00,Online,Booking.com,Booking.com,On Account,Canceled,,agalas.506282@guest.booking.com,+39 339 395 2556,,"Group: 4 x Adult, 0 x Child  Genius Rate  Non-Smoking  There is no meal option with this room. Children and Extra Bed Policy: Children of any age are allowed. 1 child (up to and including 2 years old) stays for free when using available cots.  You haven't added any extra beds. The maximum number of cots is 1. The maximum number of guests is 2.  Deposit Policy: The guest will be charged a prepayment of the total price of the reservation at any time.  Cancellation Policy: The guest can cancel free of charge until 7 days before arrival. The guest will be charged the total price of the reservation if they cancel in the 7 days before arrival.  payment_on_Booking.com (Payout type: BankTransfer)  ** THIS RESERVATION HAS BEEN PRE-PAID ** BOOKING NOTE : Payment charge is GBP 9.7424  Genius Booker ",,,,,"2026-08-24",,,,
London Gatwick Inn,2026-09-17T14:44:19,433-020-484,QCX-030-182,2561109241,,Lilia,Rodriguez,"2026-09-17","2026-09-18",1,Quadruple,Base Rate,302,,4,0,GBP,85.85,85.85,85.85,0.00,Online,Expedia,Expedia & Affiliate Network,On Account,Confirmed,,89xmk7r22l@m.expediapartnercentral.com,111111111111,,"Expedia collects payment from traveler: Hotel invoices Expedia. ",,,,,"2026-09-17",,,,
Crofton House Hotel,2026-09-05T10:56:37,439-025-051,DYP-682-530,2551576046,,Ruriko,Miyashima,"2026-09-17","2026-09-18",1,Double room-Ensuite Crofton,Non Refundable,Room 5 Crofton,,2,0,GBP,57.99,57.99,57.99,0.00,Online,Expedia,Expedia & Affiliate Network,On Account,Confirmed,,pickles8pickles@gmail.com,111111111111,,"Expedia collects payment from traveler: Hotel invoices Expedia. ",,,,,"2026-09-05",,,,
Portobello Road Artistic Studios,2026-08-30T14:30:58,442-616-611,DWP-083-906,5341982129,,MADDALENA,CONFORTINO,"2026-09-17","2026-09-22",5,Double Studio 202,Base Rate,Flat 11 - 2nd F,,2,0,GBP,528.00,528.00,493.00,35.00,Online,Booking.com,Booking.com,On Account,Confirmed,,mconfo.948156@guest.booking.com,+39 347 701 2649,,"Non-Smoking  Promos: Mobile(App) Rate  There is no meal option with this room. Children and Extra Bed Policy: Children of any age are allowed. You haven't added any cots. You haven't added any extra beds. The maximum number of guests is 2.  Deposit Policy: The guest will be charged a prepayment of the total price of the reservation at any time.  Cancellation Policy: The guest can cancel free of charge until 5 days before arrival. The guest will be charged the total price of the reservation if they cancel in the 5 days before arrival.  payment_on_Booking.com (Payout type: BankTransfer)  ** THIS RESERVATION HAS BEEN PRE-PAID ** BOOKING NOTE : Payment charge is GBP 8.448  Genius Booker ",,,,,"2026-08-30",,,Instructions sent,
Savoy Hotel,2026-09-17T13:58:15,444-300-991,HME-967-242,6546204456,,Sydney,Antoniou,"2026-09-17","2026-09-19",2,Double room-Ensuite-savoy,Non refundable,Room 19,,2,0,GBP,223.00,123.00,123.00,100.00,Online,Booking.com,Booking.com,On Account,Confirmed,,santon.748738@guest.booking.com,+44 7526 128221,,"Non-Smoking  There is no meal option with this room. Children and Extra Bed Policy: Children of any age are allowed. You haven't added any cots. You haven't added any extra beds. The maximum number of guests is 2.  Deposit Policy: The guest will be charged a prepayment of the total price of the reservation at any time.  Cancellation Policy: The guest will be charged the total price of the reservation if they cancel at any time.  payment_on_Booking.com (Payout type: BankTransfer)  ** THIS RESERVATION HAS BEEN PRE-PAID ** BOOKING NOTE : Payment charge is GBP 1.968  Genius Booker ",,,,,"2026-09-17",,,,
Torpark hotel,2026-09-17T14:42:42,445-111-041,RYF-427-044,2561108091,,Lily,Barr,"2026-09-17","2026-09-18",1,Standard-Double room Ensuite,Base Rate,Room 32 2nd Floor,,2,0,GBP,43.20,43.20,43.20,0.00,Online,Expedia,Expedia & Affiliate Network,On Account,Confirmed,,of9njwap1h@m.expediapartnercentral.com,1111111111111,,"Expedia collects payment from traveler: Hotel invoices Expedia. ",,,,,"2026-09-17",,,,
Crofton House Hotel,2026-09-17T09:45:28,456-528-912,POZ-697-833,6347183967,,Robert,Skarzynski,"2026-09-17","2026-09-18",1,Double room-Ensuite Crofton,Non Refundable,Room 6 Crofotn,,1,0,GBP,54.76,54.76,54.76,0.00,Online,Booking.com,Booking.com,On Account,Confirmed,,rskarz.203676@guest.booking.com,+44 7904 880652,,"Genius Rate  Non-Smoking  Promos: Mobile(App) Rate  There is no meal option with this room. Children and Extra Bed Policy: Children of any age are allowed. You haven't added any cots. You haven't added any extra beds. The maximum number of guests is 2.  Deposit Policy: The guest will be charged a prepayment of the total price of the reservation at any time.  Cancellation Policy: The guest will be charged the total price of the reservation if they cancel at any time.  payment_on_Booking.com (Payout type: BankTransfer)  ** THIS RESERVATION HAS BEEN PRE-PAID ** BOOKING NOTE : Payment charge is GBP 0.87616  Genius Booker ",,,,,"2026-09-17",,,,
Cambria Hotel,2026-09-13T18:24:52,463-414-381,JBZ-217-228,6249299436,,Joanne,Lloyd,"2026-09-17","2026-09-19",2,Deluxe-Sea view-Double room-Ensuite,Base Rate,Room 10,,2,0,GBP,99.00,99.00,99.00,0.00,Online,Booking.com,Booking.com,On Account,Confirmed,,jlloyd.779255@guest.booking.com,+44 7513 403843,,"Non-Smoking  There is no meal option with this room. Children and Extra Bed Policy: Children of any age are allowed. You haven't added any cots. You haven't added any extra beds. The maximum number of guests is 2.  Deposit Policy: The guest will be charged a prepayment of the total price of the reservation at any time.  Cancellation Policy: The guest can cancel free of charge until 7 days before arrival. The guest will be charged the total price of the reservation if they cancel in the 7 days before arrival.  payment_on_Booking.com (Payout type: BankTransfer)  ** THIS RESERVATION HAS BEEN PRE-PAID ** BOOKING NOTE : Payment charge is GBP 1.584  Genius Booker ",,,,,"2026-09-13",,,,
Holland Rd Studios Close to Olympia London,2026-08-29T15:51:59,465-525-031,OCA-759-482,5454320453,,Alain,Debono,"2026-09-17","2026-09-20",3,Triple-Studio-Ensuite HR,,Flat 2 Basement ,,2,0,GBP,0.00,0.00,0.00,0.00,Online,Booking.com,Booking.com,On Account,Canceled,,adebon.243388@guest.booking.com,+350 54013546,,"Genius Rate  Non-Smoking  There is no meal option with this room. Children and Extra Bed Policy: Children of any age are allowed. 1 child (up to and including 2 years old) stays for free when using available cots.  You haven't added any extra beds. The maximum number of cots is 1. The maximum number of guests is 3.  Deposit Policy: The guest will be charged a prepayment of the total price of the reservation at any time.  Cancellation Policy: The guest can cancel free of charge until 7 days before arrival. The guest will be charged the total price of the reservation if they cancel in the 7 days before arrival.  payment_on_Booking.com (Payout type: BankTransfer)  ** THIS RESERVATION HAS BEEN PRE-PAID ** BOOKING NOTE : Payment charge is GBP 6.18224  Genius Booker ",,,,,"2026-08-29",,,,
Portobello Road Artistic Studios,2026-03-25T17:18:57,465-598-112,AFT-523-018,6347535835,,Jacky,Shepherd,"2026-09-17","2026-09-21",4,Apartment-Ensuite-N3/ Portobello Rd,,Flat 2,,2,0,GBP,0.00,0.00,0.00,0.00,Online,Booking.com,Booking.com,On Account,Canceled,,jsheph.910805@guest.booking.com,+44 7745 471382,,"Non-Smoking  Promos: Mobile(App) Rate  There is no meal option with this room. Children and Extra Bed Policy: Children of any age are allowed. You haven't added any cots. You haven't added any extra beds. The maximum number of guests is 2.  Deposit Policy: The guest will be charged a prepayment of the total price of the reservation at any time.  Cancellation Policy: The guest can cancel free of charge until 5 days before arrival. The guest will be charged the total price of the reservation if they cancel in the 5 days before arrival.  payment_on_Booking.com (Payout type: BankTransfer)  ** THIS RESERVATION HAS BEEN PRE-PAID ** BOOKING NOTE : Payment charge is GBP 6.612  Genius Booker ",,,,,"2026-03-25",,,,
Cluny Hill Hotel,2026-09-17T07:41:05,480-489-031,IQT-016-146,2560893638,,Nathan,Turner,"2026-09-17","2026-09-18",1,Standard Twin room ,Base Rate,Room 53,,1,0,GBP,39.25,39.25,39.25,0.00,Online,Expedia,Expedia & Affiliate Network,On Account,Confirmed,,dfa7r7mkuq@m.expediapartnercentral.com,111111111111,,"Expedia collects payment from traveler: Hotel invoices Expedia. ",,,,,"2026-09-17",,,,
Amsterdam Hotel,2026-09-02T12:40:50,500-353-534,AMI-904-288,5227395932,,Carlotta,Sciancalepore,"2026-09-17","2026-09-19",2,Compact-Double room-Ensuite/Amsterdam,Non Refundable rate,Room 22 5TH Floor Refurbished,,2,0,GBP,194.40,194.40,194.40,0.00,Online,Booking.com,Booking.com,On Account,Confirmed,,cscian.302711@guest.booking.com,+39 339 303 2610,,"Genius Rate  Non-Smoking  There is no meal option with this room. Children and Extra Bed Policy: Children of any age are allowed. You haven't added any cots. You haven't added any extra beds. The maximum number of guests is 2.  Deposit Policy: The guest will be charged a prepayment of the total price of the reservation at any time.  Cancellation Policy: The guest will be charged the total price of the reservation if they cancel at any time.  payment_on_Booking.com (Payout type: BankTransfer)  ** THIS RESERVATION HAS BEEN PRE-PAID ** Reservation has a cancellation grace period. Do not charge if cancelled before 2026-09-03 13:39:31 BOOKING NOTE : Payment charge is GBP 3.1104  Genius Booker ",,,,,"2026-09-02",,,,
Holland Rd Studios Close to Olympia London,2026-09-17T07:08:46,500-406-542,FPN-376-506,5217029499,,Maria,Stoica,"2026-09-17","2026-09-19",2,Double-Studio-Ensuite HR,Non refundable rate,Flat 12 2nd,,1,0,GBP,204.58,204.58,169.58,35.00,Online,Booking.com,Booking.com,On Account,Confirmed,,mstoic.844103@guest.booking.com,+40 766 339 947,,"Genius Rate  Non-Smoking  Promos: Domestic  There is no meal option with this room. Children and Extra Bed Policy: Children of any age are allowed. You haven't added any cots. You haven't added any extra beds. The maximum number of guests is 2.  Deposit Policy: The guest will be charged a prepayment of the total price of the reservation at any time.  Cancellation Policy: The guest will be charged the total price of the reservation if they cancel at any time.  payment_on_Booking.com (Payout type: BankTransfer)  ** THIS RESERVATION HAS BEEN PRE-PAID ** BOOKING NOTE : Payment charge is GBP 3.27328  Genius Booker ",,,,,"2026-09-17",,,Instructions sent,
Amsterdam Hotel,2026-01-31T11:43:10,504-181-231,JCG-314-311,6932796910,,federica,turco,"2026-09-17","2026-09-21",4,Quad room-Ensuite,,Room 19 4TH Floor,,3,0,GBP,0.00,0.00,0.00,0.00,Online,Booking.com,Booking.com,On Account,Canceled,,fturco.290024@guest.booking.com,+39 388 357 9031,,"Genius Rate  Non-Smoking  Promos: International  There is no meal option with this room. Children and Extra Bed Policy: Children of any age are allowed. You haven't added any cots. You haven't added any extra beds. The maximum number of guests is 4.  Deposit Policy: The guest will be charged a prepayment of the total price of the reservation at any time.  Cancellation Policy: The guest can cancel free of charge until 2 days before arrival. The guest will be charged the total price of the reservation if they cancel in the 2 days before arrival.  payment_on_Booking.com (Payout type: BankTransfer)  ** THIS RESERVATION HAS BEEN PRE-PAID ** BOOKING NOTE : Payment charge is GBP 6.70768  Genius Booker ",,,,,"2026-01-31",,,,
The Kirkdale Hotel,2026-09-14T22:24:27,511-936-964,MDS-151-116,6344598484,,Aleksander,Walczak,"2026-09-17","2026-09-19",2,Deluxe Triple room Ensuite,Non Refundable,Room 8 - 1st F,,3,0,GBP,142.20,142.20,142.20,0.00,Online,Booking.com,Booking.com,On Account,Confirmed,,awalcz.217004@guest.booking.com,+48 725 471 208,,"Non-Smoking  There is no meal option with this room. Children and Extra Bed Policy: Children of any age are allowed. You haven't added any cots. You haven't added any extra beds. The maximum number of guests is 3.  Deposit Policy: The guest will be charged a prepayment of the total price of the reservation at any time.  Cancellation Policy: The guest will be charged the total price of the reservation if they cancel at any time.  payment_on_Booking.com (Payout type: BankTransfer)  ** THIS RESERVATION HAS BEEN PRE-PAID ** Reservation has a cancellation grace period. Do not charge if cancelled before 2026-09-15 23:23:16 BOOKING NOTE : Payment charge is GBP 2.2752  Genius Booker ",,,,,"2026-09-14",,,Instructions sent,
La Casa Studios Near Hyde Park,2026-09-14T17:42:12,512-653-102,YAJ-861-651,6236481150,,Kathryn,McKinty,"2026-09-17","2026-09-25",8,Standard Studio Ensuite with Shower- La Casa,Non Refundable,Studio 10,,2,0,GBP,779.01,779.01,744.01,35.00,Online,Booking.com,Booking.com,On Account,Confirmed,,kmckin.430840@guest.booking.com,+393508680200,,"Genius Rate  Non-Smoking  Promos: Mobile(App) Rate  There is no meal option with this room. Children and Extra Bed Policy: Children of any age are allowed. You haven't added any cots. You haven't added any extra beds. The maximum number of guests is 2.  Deposit Policy: The guest will be charged a prepayment of the total price of the reservation at any time.  Cancellation Policy: The guest will be charged the total price of the reservation if they cancel at any time.  payment_on_Booking.com (Payout type: BankTransfer)  ** THIS RESERVATION HAS BEEN PRE-PAID ** Reservation has a cancellation grace period. Do not charge if cancelled before 2026-09-15 18:40:53 BOOKING NOTE : Payment charge is GBP 12.46416  Genius Booker ",,,,,"2026-09-14",,,,
The Beresford Hotel,2026-06-05T01:35:27,525-110-202,UGQ-489-957,5350587008,,Tony,Hargreaves,"2026-09-17","2026-09-18",1,Standard Double room Ensuite,,109,,2,0,GBP,0.00,0.00,0.00,0.00,Online,Booking.com,Booking.com,On Account,Canceled,,thargr.262109@guest.booking.com,+44 7595 444881,,"Genius Rate  Non-Smoking  There is no meal option with this room. Children and Extra Bed Policy: Children of any age are allowed. You haven't added any cots. You haven't added any extra beds. The maximum number of guests is 2.  Deposit Policy: The guest will be charged a prepayment of the total price of the reservation at any time.  Cancellation Policy: The guest can cancel free of charge until 5 days before arrival. The guest will be charged the total price of the reservation if they cancel in the 5 days before arrival.  payment_on_Booking.com (Payout type: BankTransfer)  ** THIS RESERVATION HAS BEEN PRE-PAID ** BOOKING NOTE : Payment charge is GBP 1.0224  Genius Booker ",,,,,"2026-06-05",,,,
The Kirkdale Hotel,2026-07-28T07:40:46,529-301-292,VTU-621-844,5582349166,,Kwabena,Bandoh,"2026-09-17","2026-09-20",3,Standard Single room Ensuite,,Room 4 - GF,,1,0,GBP,0.00,0.00,0.00,0.00,Online,Booking.com,Booking.com,On Account,Canceled,,kbando.501448@guest.booking.com,+41 79 299 89 57,,"Non-Smoking  Promos: International  There is no meal option with this room. Children and Extra Bed Policy: Children of any age are allowed. You haven't added any cots. You haven't added any extra beds. The maximum number of guests is 1.  Deposit Policy: The guest will be charged a prepayment of the total price of the reservation at any time.  Cancellation Policy: The guest can cancel free of charge until 5 days before arrival. The guest will be charged the total price of the reservation if they cancel in the 5 days before arrival.  payment_on_Booking.com (Payout type: BankTransfer)  ** THIS RESERVATION HAS BEEN PRE-PAID ** Approximate time of arrival: between 22:00 and 23:00 BOOKING NOTE : Payment charge is GBP 2.42352 ",,,,,"2026-07-28",,,,
Torpark hotel,2026-09-15T12:50:18,548-662-812,FOK-643-933,6304390745,,Markus,Winther,"2026-09-17","2026-09-21",4,Standard Single room Ensuite,Non Refundable,Room 24 1st F,,1,0,GBP,143.36,143.36,143.36,0.00,Online,Booking.com,Booking.com,On Account,Confirmed,,mwinth.384036@guest.booking.com,+44 20 3564 0799,,"Non-Smoking  Promos: Mobile(App) Rate  There is no meal option with this room. Children and Extra Bed Policy: Children of any age are allowed. You haven't added any cots. You haven't added any extra beds. The maximum number of guests is 1.  Deposit Policy: The guest will be charged a prepayment of the total price of the reservation at any time.  Cancellation Policy: The guest will be charged the total price of the reservation if they cancel at any time.  payment_on_Booking.com (Payout type: BankTransfer)  ** THIS RESERVATION HAS BEEN PRE-PAID ** BOOKING NOTE : Payment charge is GBP 2.29376 ",,,,,"2026-09-15",,,,
Number 19 Brighton,2026-09-16T22:07:14,591-383-034,RFV-762-093,6138163118,,malek,Mahmoud,"2026-09-17","2026-09-18",1,Standard-Double room-Ensuite,Non Refundable,Room 04,,2,0,GBP,41.40,41.40,41.40,0.00,Online,Booking.com,Booking.com,On Account,Confirmed,,mmahmo.360167@guest.booking.com,+44 7852 572130,,"Non-Smoking  Promos: Mobile(App) Rate  There is no meal option with this room. Children and Extra Bed Policy: Children of any age are allowed. You haven't added any cots. You haven't added any extra beds. The maximum number of guests is 2.  Deposit Policy: The guest will be charged a prepayment of the total price of the reservation at any time.  Cancellation Policy: The guest can cancel free of charge until 7 days before arrival. The guest will be charged the total price of the reservation if they cancel in the 7 days before arrival. If the guest doesn’t show up, they will be charged the total price of the reservation.  payment_on_Booking.com (Payout type: BankTransfer)  ** THIS RESERVATION HAS BEEN PRE-PAID ** BOOKING NOTE : Payment charge is GBP 0.6624  Genius Booker ",,,,,"2026-09-16",,,Instructions sent,
Amsterdam Hotel,2026-08-25T00:14:40,595-520-014,KVU-511-600,5493383543,,ana,karen garnica,"2026-09-17","2026-09-21",4,Quad room-Ensuite/Amsterdam,Non Refundable Rate,Room 17 3RD Floor ,,3,1,GBP,578.50,578.50,578.50,0.00,Online,Booking.com,Booking.com,On Account,Confirmed,,agarni.627436@guest.booking.com,+353 83 843 5293,,"Genius Rate  Non-Smoking  There is no meal option with this room. Children and Extra Bed Policy: Children of any age are allowed. You haven't added any cots. You haven't added any extra beds. The maximum number of guests is 4.  Deposit Policy: The guest will be charged a prepayment of the total price of the reservation at any time.  Cancellation Policy: The guest will be charged the total price of the reservation if they cancel at any time.  payment_on_Booking.com (Payout type: BankTransfer)  ** THIS RESERVATION HAS BEEN PRE-PAID ** Reservation has a cancellation grace period. Do not charge if cancelled before 2026-08-26 01:13:23 Approximate time of arrival: between 19:00 and 20:00 BOOKING NOTE : Payment charge is GBP 9.256  Genius Booker ",,,,,"2026-08-24",,,,
Amsterdam Hotel,2026-07-25T17:05:51,596-056-804,HXG-495-872,5613172543,,Sergio,Serrano Blanco,"2026-09-17","2026-09-20",3,Deluxe-Triple room-Ensuite/Amsterdam,Non Refundable Rate,Room 23 5TH Floor,,3,0,GBP,294.82,294.82,294.82,0.00,Online,Booking.com,Booking.com,On Account,Confirmed,,sblanc.528093@guest.booking.com,+351 927 327 325,,"Genius Rate  Non-Smoking  There is no meal option with this room. Children and Extra Bed Policy: Children of any age are allowed. You haven't added any cots. You haven't added any extra beds. The maximum number of guests is 3.  Deposit Policy: The guest will be charged a prepayment of the total price of the reservation at any time.  Cancellation Policy: The guest will be charged the total price of the reservation if they cancel at any time.  payment_on_Booking.com (Payout type: BankTransfer)  ** THIS RESERVATION HAS BEEN PRE-PAID ** Reservation has a cancellation grace period. Do not charge if cancelled before 2026-07-26 18:04:35 BOOKING NOTE : Payment charge is GBP 4.71712  Genius Booker ",,,,,"2026-07-25",,,,
Amsterdam Hotel,2026-06-29T16:39:18,616-338-012,WTR-726-098,5833788061,,Marie,Johanna Ernst,"2026-09-17","2026-09-20",3,Modern-Double room-Ensuite/Amsterdam,,Room 24 5TH Floor,,2,0,GBP,0.00,0.00,0.00,0.00,Online,Booking.com,Booking.com,On Account,Canceled,,mernst.252620@guest.booking.com,+49 178 5999215,,"Genius Rate  Non-Smoking  Promos: International  There is no meal option with this room. Children and Extra Bed Policy: Children of any age are allowed. You haven't added any cots. You haven't added any extra beds. The maximum number of guests is 2.  Deposit Policy: The guest will be charged a prepayment of the total price of the reservation at any time.  Cancellation Policy: The guest can cancel free of charge until 2 days before arrival. The guest will be charged the total price of the reservation if they cancel in the 2 days before arrival.  payment_on_Booking.com (Payout type: BankTransfer)  ** THIS RESERVATION HAS BEEN PRE-PAID ** BOOKING NOTE : Payment charge is GBP 5.60704  Genius Booker ",,,,,"2026-06-29",,,,
La Casa Studios Near Hyde Park,2026-09-07T13:45:39,618-991-842,VYM-989-578,5974781005,,eugenia,forte,"2026-09-17","2026-09-25",8,Standard-Studio-Ensuite-Basement level -La Casa,Base Rate,Studio 5,,2,0,GBP,965.15,965.15,930.15,35.00,Online,Booking.com,Booking.com,On Account,Confirmed,"3:00 PM",eugeniaforte0402@gmail.com,+393516366567,,"Genius Rate  Non-Smoking  There is no meal option with this room. Children and Extra Bed Policy: Children of any age are allowed. You haven't added any cots. You haven't added any extra beds. The maximum number of guests is 2.  Deposit Policy: The guest will be charged a prepayment of the total price of the reservation at any time.  Cancellation Policy: The guest will be charged the total price of the reservation if they cancel at any time.  payment_on_Booking.com (Payout type: BankTransfer)  ** THIS RESERVATION HAS BEEN PRE-PAID ** Reservation has a cancellation grace period. Do not charge if cancelled before 2026-09-08 14:44:20 BOOKING NOTE : Payment charge is GBP 15.4424  Genius Booker ",,,,,"2026-09-07",,,,
The Carlton Hotel,2026-09-15T16:03:29,628-099-321,DRR-049-111,6024796540,,Master,Brent Robarts,"2026-09-17","2026-09-18",1,Classic Double room Ensuite,Non Refundable,Room 133,,1,0,GBP,44.55,See 418-636-642,44.55,0.00,Online,Booking.com,Booking.com,On Account,Confirmed,,cnorth.760586@guest.booking.com,+44 1933 443607,,"Group: 2 x Adult, 0 x Child  Non-Smoking  Promos: Domestic  There is no meal option with this room. Children and Extra Bed Policy: Children of any age are allowed. You haven't added any cots. You haven't added any extra beds. The maximum number of guests is 2.  Deposit Policy: The guest will be charged a prepayment of the total price of the reservation at any time.  Cancellation Policy: The guest will be charged the total price of the reservation if they cancel at any time.  payment_on_Booking.com (Payout type: BankTransfer)  ** THIS RESERVATION HAS BEEN PRE-PAID ** BOOKING NOTE : Payment charge is GBP 1.4256  Genius Booker ",,,,,"2026-09-15",,,,
London Gatwick Inn,2026-06-04T07:10:47,641-610-564,FFR-875-389,5067035755,,Connor,Goldman,"2026-09-17","2026-09-18",1,Double Room,7-Day Flexible,201,,2,0,GBP,63.99,63.99,63.99,0.00,Online,Booking.com,Booking.com,On Account,Confirmed,,cgoldm.106533@guest.booking.com,+44 7555 311307,,"Genius Rate  Non-Smoking  Promos: Mobile(App) Rate  There is no meal option with this room. Children and Extra Bed Policy: Children ages 6 and older are allowed. You haven't added any cots. You haven't added any extra beds. The maximum number of guests is 2.  Deposit Policy: The guest will be charged a prepayment of the total price of the reservation at any time.  Cancellation Policy: The guest can cancel free of charge until 7 days before arrival. The guest will be charged the total price of the reservation if they cancel in the 7 days before arrival.  payment_on_Booking.com (Payout type: BankTransfer)  ** THIS RESERVATION HAS BEEN PRE-PAID ** BOOKING NOTE : Payment charge is GBP 1.02384  Genius Booker ",,,,,"2026-06-04",,,,
The Kirkdale Hotel,2026-09-02T22:28:19,651-291-422,KWU-013-725,5768182779,,Maciej,Mizera,"2026-09-17","2026-09-19",2,Deluxe Twin room Ensuite with Bath,Non Refundable,Room 12 - 2nd F,,2,0,GBP,160.07,160.07,160.07,0.00,Online,Booking.com,Booking.com,On Account,Confirmed,,mmizer.206246@guest.booking.com,+48 48602366934,,"Genius Rate  Non-Smoking  There is no meal option with this room. Children and Extra Bed Policy: Children of any age are allowed. You haven't added any cots. You haven't added any extra beds. The maximum number of guests is 2.  Deposit Policy: The guest will be charged a prepayment of the total price of the reservation at any time.  Cancellation Policy: The guest will be charged the total price of the reservation if they cancel at any time.  payment_on_Booking.com (Payout type: BankTransfer)  ** THIS RESERVATION HAS BEEN PRE-PAID ** Reservation has a cancellation grace period. Do not charge if cancelled before 2026-09-03 23:26:59 BOOKING NOTE : Payment charge is GBP 2.56112  Genius Booker ",,,,,"2026-09-02",,,,
Amsterdam Hotel,2026-07-15T12:52:56,654-921-611,GPZ-074-569,5474833067,,Edita,Serovienė,"2026-09-17","2026-09-19",2,Quad room-Ensuite/Amsterdam,Non Refundable Rate,Room 5 1ST Floor Refurbished,,3,0,GBP,237.58,237.58,237.58,0.00,Online,Booking.com,Booking.com,On Account,Confirmed,,eserov.973255@guest.booking.com,+370 699 32916,,"Genius Rate  Non-Smoking  Promos: International  There is no meal option with this room. Children and Extra Bed Policy: Children of any age are allowed. You haven't added any cots. You haven't added any extra beds. The maximum number of guests is 4.  Deposit Policy: The guest will be charged a prepayment of the total price of the reservation at any time.  Cancellation Policy: The guest will be charged the total price of the reservation if they cancel at any time.  payment_on_Booking.com (Payout type: BankTransfer)  ** THIS RESERVATION HAS BEEN PRE-PAID ** Reservation has a cancellation grace period. Do not charge if cancelled before 2026-07-16 13:51:39 BOOKING NOTE : Payment charge is GBP 3.80128  Genius Booker ",,,,,"2026-07-15",,,,
Cambria Hotel,2026-09-17T14:33:43,659-306-521,OAN-207-623,6608169699,,Dawn,Alvarez,"2026-09-17","2026-09-18",1,Deluxe-Sea view-Double room-Ensuite,Base Rate,Room 11,,2,0,GBP,49.50,49.50,49.50,0.00,Online,Booking.com,Booking.com,On Account,Confirmed,,dalvar.488443@guest.booking.com,+44 7983 310632,,"Non-Smoking  There is no meal option with this room. Children and Extra Bed Policy: Children of any age are allowed. You haven't added any cots. You haven't added any extra beds. The maximum number of guests is 2.  Deposit Policy: The guest will be charged a prepayment of the total price of the reservation at any time.  Cancellation Policy: The guest can cancel free of charge until 7 days before arrival. The guest will be charged the total price of the reservation if they cancel in the 7 days before arrival.  payment_on_Booking.com (Payout type: BankTransfer)  ** THIS RESERVATION HAS BEEN PRE-PAID ** BOOKING NOTE : Payment charge is GBP 0.792  Genius Booker ",,,,,"2026-09-17",,,,
Crofton House Hotel,2026-01-16T06:40:29,662-933-842,WWC-515-206,5504268276,,Karen,Kimber,"2026-09-17","2026-09-18",1,Double room-Ensuite Crofton,Base Rate,Room 7 Crofotn,,2,0,GBP,67.83,67.83,67.83,0.00,Online,Booking.com,Booking.com,On Account,Confirmed,,kkimbe.283230@guest.booking.com,+61 400 313 796,,"Genius Rate  Non-Smoking  Promos: International  There is no meal option with this room. Children and Extra Bed Policy: Children of any age are allowed. You haven't added any cots. You haven't added any extra beds. The maximum number of guests is 2.  Deposit Policy: The guest will be charged a prepayment of the total price of the reservation at any time.  Cancellation Policy: The guest can cancel free of charge until 5 days before arrival. The guest will be charged the total price of the reservation if they cancel in the 5 days before arrival.  payment_on_Booking.com (Payout type: BankTransfer)  ** THIS RESERVATION HAS BEEN PRE-PAID ** Approximate time of arrival: between 15:00 and 16:00 BOOKING NOTE : Payment charge is GBP 1.08528  Genius Booker ",,,,,"2026-01-16",,,,
Fab Guest House,2026-09-15T11:21:16,691-914-811,FXU-072-421,1418fb94e984-ddb470aa9a792fc063d2be0531f6cff9@airbnb.com,,Reserved,iCal,"2026-09-17","2026-09-18",1,Deluxe Double Room with Bath,Base Rate,Room 5,,1,0,GBP,0.00,0.00,0.00,0.00,iCal,ical1,,Deposit (Variable),Confirmed,,,,,Reservation URL: https://www.airbnb.com/hosting/reservations/details/HMFKK54428,,,,,"2026-09-15",,,,
Portobello Road Artistic Studios,2026-09-13T17:27:42,801-025-944,BND-414-838,5978832398,,Giovanni,Di Martino,"2026-09-17","2026-09-20",3,Double Studio 202,Non Refundable,Flat 6- GF,,2,0,GBP,309.55,309.55,274.55,35.00,Online,Booking.com,Booking.com,On Account,Confirmed,,gmarti.980594@guest.booking.com,+39 331 457 6361,,"Non-Smoking  Promos: Mobile(App) Rate  There is no meal option with this room. Children and Extra Bed Policy: Children of any age are allowed. You haven't added any cots. You haven't added any extra beds. The maximum number of guests is 2.  Deposit Policy: The guest will be charged a prepayment of the total price of the reservation at any time.  Cancellation Policy: The guest can cancel free of charge until 2 days before arrival. The guest will be charged the total price of the reservation if they cancel in the 2 days before arrival.  payment_on_Booking.com (Payout type: BankTransfer)  ** THIS RESERVATION HAS BEEN PRE-PAID ** BOOKING NOTE : Payment charge is GBP 4.9528 This is a Smart Flex reservation. Upgraded policy: Free cancellation until 2 days before check-in. More information can be found at https://admin.booking.com/hotel/hoteladmin/extranet_ng/manage/booking.html?hotel_id=9535589&res_id=5978832398  Genius Booker ",,,,,"2026-09-13",,,,
The Carlton Hotel,2026-09-17T10:48:40,801-538-051,FVX-586-195,5126093851,,MR Liam,Anderson,"2026-09-17","2026-09-18",1,Classic Double room Ensuite,Non Refundable,Room 231,,1,0,GBP,40.99,See 163-353-032,40.99,0.00,Online,Booking.com,Booking.com,On Account,Confirmed,,bcarlt.792431@guest.booking.com,+44 7873 798119,,"Group: 2 x Adult, 0 x Child  Non-Smoking  Promos: Domestic  There is no meal option with this room. Children and Extra Bed Policy: Children of any age are allowed. You haven't added any cots. You haven't added any extra beds. The maximum number of guests is 2.  Deposit Policy: The guest will be charged a prepayment of the total price of the reservation at any time.  Cancellation Policy: The guest will be charged the total price of the reservation if they cancel at any time.  payment_on_Booking.com (Payout type: BankTransfer)  ** THIS RESERVATION HAS BEEN PRE-PAID ** BOOKING NOTE : Payment charge is GBP 1.31168 This guest would like the rooms in this booking to be close together if possible.  Electric Avenue Leeds ltd ",,,,,"2026-09-17",,,,
La Casa Studios Near Hyde Park,2026-09-17T13:24:17,814-420-832,TGU-160-397,HMZYDSMYBN,,Mika,Hinas,"2026-09-17","2026-09-19",2,Standard-Studio-Ensuite-Basement level -La Casa,Non Refundable,Studio 2,,1,0,GBP,290.00,290.00,255.00,35.00,Online,Airbnb,Airbnb,On Account,Confirmed,,,447944289888,," ",,,,,"2026-09-17",,,,
Savoy Hotel,2026-09-14T08:55:42,819-819-904,GAP-665-912,6168282502,,Jaroslav,Pavlov,"2026-09-17","2026-09-18",1,Comfort-Single room-Ensuite-Savoy,Base Rate,Room 18,,1,0,GBP,131.45,31.45,31.45,100.00,Online,Booking.com,Booking.com,On Account,Confirmed,,jpavlo.210178@guest.booking.com,+44 7397 140330,,"Genius Rate  Non-Smoking  Promos: Mobile(App) Rate  There is no meal option with this room. Children and Extra Bed Policy: Children of any age are allowed. You haven't added any cots. You haven't added any extra beds. The maximum number of guests is 1.  Deposit Policy: The guest will be charged a prepayment of the total price of the reservation at any time.  Cancellation Policy: The guest will be charged the total price of the reservation if they cancel at any time.  payment_on_Booking.com (Payout type: BankTransfer)  ** THIS RESERVATION HAS BEEN PRE-PAID ** BOOKING NOTE : Payment charge is GBP 0.5032  Genius Booker ",,,,,"2026-09-14",,,,
The Dolphin Hotel,2026-07-18T04:52:58,822-100-691,ACE-296-617,2512454057,,DJ,Moore,"2026-09-17","2026-09-20",3,Standard-Double room-Ensuite,Base Rate,Room 110,,2,0,GBP,132.00,132.00,132.00,0.00,Online,Expedia,Expedia & Affiliate Network,On Account,Confirmed,,k6wdnqg8w2@m.expediapartnercentral.com,111111111111,,"Expedia collects payment from traveler: Hotel invoices Expedia. ",,,,,"2026-07-18",,,,
Cambria Hotel,2026-09-16T23:53:38,823-989-031,YIS-497-758,6138131200,,Deb,Allitt,"2026-09-17","2026-09-18",1,Deluxe-Sea view-Double room-Ensuite,Base Rate,Room 5,,2,0,GBP,44.00,44.00,44.00,0.00,Online,Booking.com,Booking.com,On Account,Confirmed,,dallit.705885@guest.booking.com,+44 7454 251062,,"Non-Smoking  There is no meal option with this room. Children and Extra Bed Policy: Children of any age are allowed. You haven't added any cots. You haven't added any extra beds. The maximum number of guests is 2.  Deposit Policy: The guest will be charged a prepayment of the total price of the reservation at any time.  Cancellation Policy: The guest can cancel free of charge until 7 days before arrival. The guest will be charged the total price of the reservation if they cancel in the 7 days before arrival.  payment_on_Booking.com (Payout type: BankTransfer)  ** THIS RESERVATION HAS BEEN PRE-PAID ** BOOKING NOTE : Payment charge is GBP 0.704 ",,,,,"2026-09-16",,,,
The Kirkdale Hotel,2026-09-16T18:26:40,824-510-064,VIW-175-271,6138104314,,Milosz,Kotynski,"2026-09-17","2026-09-18",1,Standard Double room Ensuite,Non Refundable,Room 10 - 1st F,,2,0,GBP,57.02,57.02,57.02,0.00,Online,Booking.com,Booking.com,On Account,Confirmed,,mkotyn.386280@guest.booking.com,+44 7757 738047,,"Genius Rate  Non-Smoking  There is no meal option with this room. Children and Extra Bed Policy: Children of any age are allowed. You haven't added any cots. You haven't added any extra beds. The maximum number of guests is 2.  Deposit Policy: The guest will be charged a prepayment of the total price of the reservation at any time.  Cancellation Policy: The guest will be charged the total price of the reservation if they cancel at any time.  payment_on_Booking.com (Payout type: BankTransfer)  ** THIS RESERVATION HAS BEEN PRE-PAID ** BOOKING NOTE : Payment charge is GBP 0.91232  Genius Booker ",,,,,"2026-09-16",,,,
Crofton House Hotel,2026-09-15T13:10:17,829-361-564,DIT-359-665,5529252960,,Sam,Alvey-Taylor,"2026-09-17","2026-09-18",1,Double room-Ensuite Crofton,Non Refundable,Room 2 Crofton,,1,0,GBP,65.70,65.70,65.70,0.00,Online,Booking.com,Booking.com,On Account,Confirmed,,salvey.441654@guest.booking.com,+44 7555 583510,,"Non-Smoking  Promos: Mobile(MDot) Rate  There is no meal option with this room. Children and Extra Bed Policy: Children of any age are allowed. You haven't added any cots. You haven't added any extra beds. The maximum number of guests is 2.  Deposit Policy: The guest will be charged a prepayment of the total price of the reservation at any time.  Cancellation Policy: The guest will be charged the total price of the reservation if they cancel at any time.  payment_on_Booking.com (Payout type: BankTransfer)  ** THIS RESERVATION HAS BEEN PRE-PAID ** BOOKING NOTE : Payment charge is GBP 1.0512  Genius Booker ",,,,,"2026-09-15",,,,
Cluny Hill Hotel,2026-07-23T16:49:24,835-105-554,TMF-661-495,,,Benjamin ,Allen,"2026-09-17","2026-09-18",1,Standard Family Room,,Room 78,,1,0,GBP,0.00,See 069-365-824,0.00,0.00,Direct,,,On Account,Confirmed,,gomdescotland@gmail.com,,,"Alex Allen Madara Hettigama ",,,,,"2026-07-23",,,,
Modern Studios Close To Hyde Park,2025-11-14T17:20:04,836-933-662,PPN-966-231,6827325758,,Filippo,Rossi,"2026-09-17","2026-09-24",7,Standard Studio Ensuite with Shower LG,,Flat 18 1st-Split level,,2,0,GBP,0.00,0.00,0.00,0.00,Online,Booking.com,Booking.com,On Account,Canceled,,frossi.387130@guest.booking.com,+34623403625,,"Non-Smoking  Promos: Mobile(MDot) Rate  There is no meal option with this room. Children and Extra Bed Policy: Children of any age are allowed. You haven't added any cots. You haven't added any extra beds. The maximum number of guests is 2.  Deposit Policy: The guest will be charged a prepayment of the total price of the reservation at any time.  Cancellation Policy: The guest can cancel free of charge until 7 days before arrival. The guest will be charged the total price of the reservation if they cancel in the 7 days before arrival.  payment_on_Booking.com (Payout type: BankTransfer)  ** THIS RESERVATION HAS BEEN PRE-PAID ** Approximate time of arrival: between 14:00 and 15:00 BOOKING NOTE : Payment charge is GBP 10.9648  Genius Booker ",,,,,"2025-11-14",,,,
The Carlton Hotel,2026-09-16T09:59:31,843-800-534,YRD-810-457,,,Lauren ,Green,"2026-09-17","2026-09-18",1,Standard Single room Ensuite,Non Refundable,Room 226,,1,0,GBP,35.00,See 081-293-511,35.00,0.00,Direct,,,On Account,Confirmed,,,+441773301300,,,,,,,"2026-09-16",,,,
La Casa Studios Near Hyde Park,2026-09-08T18:32:21,861-480-631,XYP-063-308,6451070714,,Mattia,Antonio Cianca,"2026-09-17","2026-09-23",6,Standard Studio Ensuite with Shower- La Casa,Non Refundable,Studio 18,,1,0,GBP,718.96,718.96,683.96,35.00,Online,Booking.com,Booking.com,On Account,Confirmed,,mcianc.660499@guest.booking.com,+33 7 86 73 11 12,,"Genius Rate  Non-Smoking  There is no meal option with this room. Children and Extra Bed Policy: Children of any age are allowed. You haven't added any cots. You haven't added any extra beds. The maximum number of guests is 2.  Deposit Policy: The guest will be charged a prepayment of the total price of the reservation at any time.  Cancellation Policy: The guest will be charged the total price of the reservation if they cancel at any time.  payment_on_Booking.com (Payout type: BankTransfer)  ** THIS RESERVATION HAS BEEN PRE-PAID ** Reservation has a cancellation grace period. Do not charge if cancelled before 2026-09-09 19:31:04 Approximate time of arrival: between 22:00 and 23:00 hours BOOKING NOTE : Payment charge is GBP 11.50336  Genius Booker ",,,,,"2026-09-08",,,Instructions sent,
Bonair Hotel,2026-09-07T21:47:59,880-408-512,ACG-833-293,5318843909,,Julian,Holland,"2026-09-17","2026-09-19",2,Standard-Single room-Ensuite,Base Rate,Room 34,,1,0,GBP,66.00,132.00,66.00,0.00,Online,Booking.com,Booking.com,On Account,Confirmed,,jholla.346252@guest.booking.com,+44 7889 605404,,"Group: 2 x Adult, 0 x Child  Non-Smoking  There is no meal option with this room. Children and Extra Bed Policy: Children of any age are allowed. You haven't added any cots. You haven't added any extra beds. The maximum number of guests is 1.  Deposit Policy: The guest will be charged a prepayment of the total price of the reservation at any time.  Cancellation Policy: The guest can cancel free of charge until 7 days before arrival. The guest will be charged the total price of the reservation if they cancel in the 7 days before arrival. If the guest doesn’t show up, they will be charged the total price of the reservation.  payment_on_Booking.com (Payout type: BankTransfer)  ** THIS RESERVATION HAS BEEN PRE-PAID ** I need a parking space , please BOOKING NOTE : Payment charge is GBP 2.112  Genius Booker ",,,,,"2026-09-07",,,,
Holland Rd Studios Close to Olympia London,2026-09-16T15:28:43,893-509-821,EEV-443-290,2560291293,,Alina,GUO,"2026-09-17","2026-09-19",2,Single-Studio-Ensuite with Shower HR,Non refundable rate,Flat 16 3rd,,1,0,GBP,197.00,197.00,162.00,35.00,Online,Expedia,Expedia & Affiliate Network,On Account,Confirmed,,alinaguo28@gmail.com,11111111111,,"Expedia collects payment from traveler: Hotel invoices Expedia. ",,,,,"2026-09-16",,,Instructions sent,
Avalon Guest house,2026-09-16T15:56:42,895-630-984,MOB-585-466,6957568777,,chinelo,nwafor,"2026-09-17","2026-09-20",3,Modern-Double room-Ensuite with Bath,Base Rate,Room 1,,2,0,GBP,225.18,225.18,225.18,0.00,Online,Booking.com,Booking.com,On Account,Confirmed,,cnwafo.288608@guest.booking.com,+44 7899 634454,,"Non-Smoking  Promos: Mobile(App) Rate  There is no meal option with this room. Children and Extra Bed Policy: Children of any age are allowed. You haven't added any cots. You haven't added any extra beds. The maximum number of guests is 2.  Deposit Policy: The guest will be charged a prepayment of the total price of the reservation at any time.  Cancellation Policy: The guest will be charged the total price of the reservation if they cancel at any time.  payment_on_Booking.com (Payout type: BankTransfer)  ** THIS RESERVATION HAS BEEN PRE-PAID ** BOOKING NOTE : Payment charge is GBP 3.60288  Genius Booker ",,,,,"2026-09-16",,,Instructions sent,
Holland Rd Studios Close to Olympia London,2026-07-30T21:23:59,903-306-291,EXI-219-582,6676174499,,Cristian,Lo Muto,"2026-09-17","2026-09-23",6,Double-Studio-Ensuite HR,,Flat 14 3rd,,2,0,GBP,0.00,0.00,0.00,0.00,Online,Booking.com,Booking.com,On Account,Canceled,,cmuto.870254@guest.booking.com,+39 327 139 4624,,"Genius Rate  Non-Smoking  Promos: International  There is no meal option with this room. Children and Extra Bed Policy: Children of any age are allowed. 1 child (up to and including 2 years old) stays for free when using available cots.  You haven't added any extra beds. The maximum number of cots is 1. The maximum number of guests is 2.  Deposit Policy: The guest will be charged a prepayment of the total price of the reservation at any time.  Cancellation Policy: The guest can cancel free of charge until 7 days before arrival. The guest will be charged the total price of the reservation if they cancel in the 7 days before arrival.  payment_on_Booking.com (Payout type: BankTransfer)  ** THIS RESERVATION HAS BEEN PRE-PAID ** BOOKING NOTE : Payment charge is GBP 9.12384  Genius Booker ",,,,,"2026-07-30",,,,
The Carlton Hotel,2026-09-09T09:49:44,909-223-202,NUM-988-693,5892426267,,Rob,Glenn,"2026-09-17","2026-09-18",1,Superior Double room Ensuite,Base Rate,Room 119,,1,0,GBP,63.00,63.00,63.00,0.00,Online,Booking.com,Booking.com,On Account,Confirmed,,rglenn.921790@guest.booking.com,+44 7392 234563,,"Non-Smoking  Promos: Domestic  There is no meal option with this room. Children and Extra Bed Policy: Children of any age are allowed. You haven't added any cots. You haven't added any extra beds. The maximum number of guests is 2.  Deposit Policy: The guest will be charged a prepayment of the total price of the reservation at any time.  Cancellation Policy: The guest can cancel free of charge until 5 days before arrival. The guest will be charged the total price of the reservation if they cancel in the 5 days before arrival.  payment_on_Booking.com (Payout type: BankTransfer)  ** THIS RESERVATION HAS BEEN PRE-PAID ** BOOKING NOTE : Payment charge is GBP 1.008  Genius Booker ",,,,,"2026-09-09",,,,
Modern Studios Close To Hyde Park,2026-08-31T13:20:26,909-291-901,VRD-436-018,2547271339,,Marjerie,Peaudeau,"2026-09-17","2026-09-20",3,Standard-Studio-Ensuite-Basement level LG,Base Rate,Flat 1 BF,,2,0,GBP,303.20,303.20,268.20,35.00,Online,Expedia,Expedia & Affiliate Network,On Account,Confirmed,,asp4tatpa9@m.expediapartnercentral.com,111111111111,,"Expedia collects payment from traveler: Hotel invoices Expedia. ",,,,,"2026-08-31",,,,
Crofton House Hotel,2026-09-17T02:40:36,910-206-522,JDY-915-627,2560742943,,Alexa,Tules,"2026-09-17","2026-09-18",1,Double room-Ensuite Crofton,Non Refundable,Room 4 Crofton,,2,0,GBP,46.51,46.51,46.51,0.00,Online,Expedia Affiliate Network,Expedia & Affiliate Network,On Account,Confirmed,,ops@tboholidays.com,1111111111,,"1 Double Bed Expedia collects payment from traveler: Hotel invoices Expedia. ",,,,,"2026-09-17",,,,
Amsterdam Hotel,2026-07-28T19:30:06,916-081-382,BVI-038-727,5945796146,,Jacky,Lee,"2026-09-17","2026-09-20",3,Quad room-Ensuite/Amsterdam,Non Refundable Rate,Room 16 3RD Floor Refurbished,,3,0,GBP,372.12,372.12,372.12,0.00,Online,Booking.com,Booking.com,On Account,Confirmed,,nzhmcm.334157@guest.booking.com,+43 660 1221208,,"Genius Rate  Non-Smoking  There is no meal option with this room. Children and Extra Bed Policy: Children of any age are allowed. You haven't added any cots. You haven't added any extra beds. The maximum number of guests is 4.  Deposit Policy: The guest will be charged a prepayment of the total price of the reservation at any time.  Cancellation Policy: The guest will be charged the total price of the reservation if they cancel at any time.  payment_on_Booking.com (Payout type: BankTransfer)  ** THIS RESERVATION HAS BEEN PRE-PAID ** Reservation has a cancellation grace period. Do not charge if cancelled before 2026-07-29 20:28:49 BOOKING NOTE : Payment charge is GBP 5.95392 Approximate time of arrival: between 13:00 and 14:00 Hello,  is it possible to leave the luggages at an earlier time at the hotel?  Kind Regards Jacky  Genius Booker ",,,,,"2026-07-28",,,,
The Carlton Hotel,2026-09-16T09:59:31,925-906-311,YRD-810-457,,,Lauren ,Green,"2026-09-17","2026-09-18",1,Standard Single room Ensuite,Base Rate,Room 240,,1,0,GBP,35.00,See 081-293-511,35.00,0.00,Direct,,,On Account,Confirmed,,,+441773301300,,,,,,,"2026-09-16",,,,
Cluny Hill Hotel,2026-09-14T11:40:04,936-904-111,AXV-013-135,,,Nicole,Perez,"2026-09-17","2026-09-21",4,Standard Double room,Base Rate,Room 21,,1,0,GBP,180.00,180.00,180.00,0.00,Direct,,,On Account,Confirmed,,,+447980655201,,Joanne group booking,,,,,"2026-09-14",,,,
Bonair Hotel,2026-09-16T13:21:09,939-319-351,UGJ-112-844,6546259211,,gareth,Radford,"2026-09-17","2026-09-18",1,Standard-Single room-Ensuite,Base Rate,Room 38,,1,0,GBP,40.00,40.00,40.00,0.00,Online,Booking.com,Booking.com,On Account,Confirmed,,gradfo.978895@guest.booking.com,+44 7818 610645,,"Non-Smoking  There is no meal option with this room. Children and Extra Bed Policy: Children of any age are allowed. You haven't added any cots. You haven't added any extra beds. The maximum number of guests is 1.  Deposit Policy: The guest will be charged a prepayment of the total price of the reservation at any time.  Cancellation Policy: The guest can cancel free of charge until 7 days before arrival. The guest will be charged the total price of the reservation if they cancel in the 7 days before arrival. If the guest doesn’t show up, they will be charged the total price of the reservation.  payment_on_Booking.com (Payout type: BankTransfer)  ** THIS RESERVATION HAS BEEN PRE-PAID ** BOOKING NOTE : Payment charge is GBP 0.64  Genius Booker ",,,,,"2026-09-16",,,,
Wembar Hotel,2026-07-25T20:27:22,939-498-431,OWN-928-199,5782622733,,Marcos,Antonio de la Fuente Martin,"2026-09-17","2026-09-20",3,Triple room-Standard-Ensuite with Shower/Wembar,,Room 07 - 1st F,,3,0,GBP,0.00,0.00,0.00,0.00,Online,Booking.com,Booking.com,On Account,Canceled,,fzltnw.326817@guest.booking.com,+34 685 99 79 76,,"Non-Smoking  Promos: International  There is no meal option with this room. Children and Extra Bed Policy: Children ages 1 and older are allowed. You haven't added any cots. You haven't added any extra beds. The maximum number of guests is 3.  Deposit Policy: The guest will be charged a prepayment of the total price of the reservation at any time.  Cancellation Policy: The guest can cancel free of charge until 3 days before arrival. The guest will be charged the total price of the reservation if they cancel in the 3 days before arrival.  payment_on_Booking.com (Payout type: BankTransfer)  ** THIS RESERVATION HAS BEEN PRE-PAID ** BOOKING NOTE : Payment charge is GBP 5.852  Genius Booker ",,,,,"2026-07-25",,,,
Bonair Hotel,2026-09-07T21:47:59,942-546-284,ACG-833-293,5318843909,,Alex,Holland,"2026-09-17","2026-09-19",2,Sea view-Single room-Ensuite,Base Rate,Room 5,,1,0,GBP,66.00,See 880-408-512,66.00,0.00,Online,Booking.com,Booking.com,On Account,Confirmed,,jholla.346252@guest.booking.com,+44 7889 605404,,"Group: 2 x Adult, 0 x Child  Non-Smoking  There is no meal option with this room. Children and Extra Bed Policy: Children of any age are allowed. You haven't added any cots. You haven't added any extra beds. The maximum number of guests is 1.  Deposit Policy: The guest will be charged a prepayment of the total price of the reservation at any time.  Cancellation Policy: The guest can cancel free of charge until 7 days before arrival. The guest will be charged the total price of the reservation if they cancel in the 7 days before arrival. If the guest doesn’t show up, they will be charged the total price of the reservation.  payment_on_Booking.com (Payout type: BankTransfer)  ** THIS RESERVATION HAS BEEN PRE-PAID ** I need a parking space , please BOOKING NOTE : Payment charge is GBP 2.112  ///**** upgraded from standard ***\\\\",,,,,"2026-09-07",,,,
Sachi Hotel,2026-02-25T23:05:03,944-232-834,HWU-785-623,6367914895,,skye,forbes-cowdry,"2026-09-17","2026-09-18",1,Standard Double room,Base Rate,Room 8 2nd F,,1,0,GBP,81.00,81.00,81.00,0.00,Online,Booking.com,Booking.com,On Account,Confirmed,,sforbe.984664@guest.booking.com,+44 7471 741422,,"Non-Smoking  Promos: Mobile(App) Rate  There is no meal option with this room. Children and Extra Bed Policy: Children of any age are allowed. You haven't added any cots. You haven't added any extra beds. The maximum number of guests is 2.  Deposit Policy: The guest will be charged a prepayment of the total price of the reservation at any time.  Cancellation Policy: The guest can cancel free of charge until 5 days before arrival. The guest will be charged the total price of the reservation if they cancel in the 5 days before arrival.  payment_on_Booking.com (Payout type: BankTransfer)  ** THIS RESERVATION HAS BEEN PRE-PAID ** BOOKING NOTE : Payment charge is GBP 1.296  Genius Booker ",,,,,"2026-02-25",,,Instructions sent,
Modern Studios Close To Hyde Park,2026-08-02T15:44:57,952-434-624,IMW-198-214,2524717843,,Rajawardhane Ayesha Ishani,TThennakone Samasundara Ekanayaka,"2026-09-17","2026-09-27",10,Large Studio Ensuite LG,,Flat 24 (double) 3rd,,1,0,GBP,0.00,0.00,0.00,0.00,Online,Expedia Affiliate Network,Expedia & Affiliate Network,On Account,Canceled,,v3lwnd4yp2@m.expediapartnercentral.com,1111111111111111,,"1 Queen Bed Expedia collects payment from traveler: Hotel invoices Expedia. ",,,,,"2026-08-02",,,,
Holland Rd Studios Close to Olympia London,2026-08-24T15:53:02,955-351-124,THN-363-639,6624993942,,Alessandra,Galassi,"2026-09-17","2026-09-20",3,Mini-Studio-Ensuite HR,,Flat 8 1st,,2,0,GBP,0.00,See 426-586-834,0.00,0.00,Online,Booking.com,Booking.com,On Account,Canceled,,agalas.506282@guest.booking.com,+39 339 395 2556,,"Group: 4 x Adult, 0 x Child  Genius Rate  Non-Smoking  There is no meal option with this room. Children and Extra Bed Policy: Children of any age are allowed. 1 child (up to and including 2 years old) stays for free when using available cots.  You haven't added any extra beds. The maximum number of cots is 1. The maximum number of guests is 2.  Deposit Policy: The guest will be charged a prepayment of the total price of the reservation at any time.  Cancellation Policy: The guest can cancel free of charge until 7 days before arrival. The guest will be charged the total price of the reservation if they cancel in the 7 days before arrival.  payment_on_Booking.com (Payout type: BankTransfer)  ** THIS RESERVATION HAS BEEN PRE-PAID ** BOOKING NOTE : Payment charge is GBP 9.7424  Genius Booker ",,,,,"2026-08-24",,,,
Savoy Hotel,2026-08-25T20:21:59,958-004-412,NBN-713-247,5453112017,,Kier,Underhill,"2026-09-17","2026-09-18",1,Double room-Ensuite-savoy,Base Rate,Room 08,,2,0,GBP,162.00,62.00,62.00,100.00,Online,Booking.com,Booking.com,On Account,Confirmed,,kunder.421218@guest.booking.com,+44 7773 877316,,"Non-Smoking  There is no meal option with this room. Children and Extra Bed Policy: Children of any age are allowed. You haven't added any cots. You haven't added any extra beds. The maximum number of guests is 2.  Deposit Policy: The guest will be charged a prepayment of the total price of the reservation at any time.  Cancellation Policy: The guest can cancel free of charge until 7 days before arrival. The guest will be charged the total price of the reservation if they cancel in the 7 days before arrival.  payment_on_Booking.com (Payout type: BankTransfer)  ** THIS RESERVATION HAS BEEN PRE-PAID ** BOOKING NOTE : Payment charge is GBP 0.992 Approximate time of arrival: between 15:00 and 16:00  Genius Booker ",,,,,"2026-08-25",,,,
Modern Studios Close To Hyde Park,2026-02-10T11:36:50,960-319-591,WJY-542-045,5471775743,,Noelia,Perez,"2026-09-17","2026-09-21",4,Family-Studio-Ensuite-Quad ,,Flat 16 (quad) 1st-Split level,,2,2,GBP,0.00,See 202-984-864,0.00,0.00,Online,Booking.com,Booking.com,On Account,Canceled,,nperez.442793@guest.booking.com,+34 650 62 03 08,,"Group: 4 x Adult, 4 x Child  Child Ages: 10, 10  Non-Smoking  Promos: European Economic Area  There is no meal option with this room. Children and Extra Bed Policy: Children of any age are allowed. You haven't added any cots. You haven't added any extra beds. The maximum number of guests is 4.  Deposit Policy: The guest will be charged a prepayment of the total price of the reservation at any time.  Cancellation Policy: The guest can cancel free of charge until 7 days before arrival. The guest will be charged the total price of the reservation if they cancel in the 7 days before arrival.  payment_on_Booking.com (Payout type: BankTransfer)  ** THIS RESERVATION HAS BEEN PRE-PAID ** BOOKING NOTE : Payment charge is GBP 17.808  Genius Booker ",,,,,"2026-02-10",,,,
Portobello Road Artistic Studios,2026-03-14T13:48:09,964-514-554,ZKF-922-660,6199329675,,Eva,Cano,"2026-09-17","2026-09-21",4,Apartment-Ensuite-N9,Non Refundable,Flat 9 Quad,,4,0,GBP,414.95,414.95,379.95,35.00,Online,Booking.com,Booking.com,On Account,Confirmed,,ecano.531199@guest.booking.com,+34 636 60 45 67,,"Non-Smoking  Promos: Mobile(App) Rate  There is no meal option with this room. Children and Extra Bed Policy: Children of any age are allowed. You haven't added any cots. You haven't added any extra beds. The maximum number of guests is 4.  Deposit Policy: The guest will be charged a prepayment of the total price of the reservation at any time.  Cancellation Policy: The guest will be charged the total price of the reservation if they cancel at any time.  payment_on_Booking.com (Payout type: BankTransfer)  ** THIS RESERVATION HAS BEEN PRE-PAID ** BOOKING NOTE : Payment charge is GBP 6.6392  Genius Booker ",,,,,"2026-03-14",,,Instructions sent,
London Gatwick Inn,2026-02-18T12:58:16,964-855-121,MNO-147-789,2396293147,,Malcolm,Holmes,"2026-09-17","2026-09-18",1,Booked as: Twin/Double,Base Rate,305,,2,0,GBP,68.40,68.40,68.40,0.00,Online,Expedia,Expedia & Affiliate Network,On Account,Confirmed,,ycdm181ar7@m.expediapartnercentral.com,4407368464395,,,,,,,"2026-02-18",,,,
The Carlton Hotel,2026-09-17T12:03:49,999-654-354,FTY-016-813,,,,DJ Moore,"2026-09-17","2026-09-20",3,Classic Double room Ensuite,Non Refundable,Room 8,,2,0,GBP,0.00,0.00,0.00,0.00,Direct,,,On Account,Confirmed,,,,,🏨Relocated from The Dolphin Hotel (R110) Ref no: 2512454057 Paid : £132,,,,,"2026-09-17",,,Relocation Done,
Fab Guest House,2026-09-04T14:36:40,000-159-041,DYQ-499-768,1418fb94e984-a7969c7cd08b42b5eecc570a19fefff8@airbnb.com,,Claire’s,iCal,"2026-09-18","2026-09-20",2,Twin Room,Base Rate,Room 6,,1,0,GBP,118.19,118.19,118.19,0.00,iCal,ical1,,Deposit (Variable),Confirmed,,,+447871645502,,"Reservation URL: https://www.airbnb.com/hosting/reservations/details/HMWEWB3QHW Claire’s group of 2 Sep 18 – 20 · 2 nights R6 fab · Lovely Twin room Brighton near seafront",,,,,"2026-09-04",,,,
Green Gables Hotel,2026-08-19T15:59:28,009-045-954,DXM-715-521,2538408185,,david,hancock,"2026-09-18","2026-09-19",1,Double room-Standard-Ensuite with Bath,Non Refundable,Room 23,,1,0,GBP,39.01,39.01,39.01,0.00,Online,Expedia,Expedia & Affiliate Network,On Account,Confirmed,,davidjunk2024@gmail.com,111111111111,,"1 Double Bed Expedia collects payment from traveler: Hotel invoices Expedia.",,,,,"2026-08-19",,,,
Savoy Hotel,2026-08-11T19:16:52,009-695-031,GFV-544-163,5492705598,,Katrina,Smith,"2026-09-18","2026-09-21",3,Triple room-Standard-Ensuite-Brichfield,Non Refundable,Room 305 brichfield,,2,1,GBP,291.00,612.00,191.00,100.00,Online,Booking.com,Booking.com,On Account,Confirmed,,ksmith.407530@guest.booking.com,+44 7445 329687,,"Group: 6 x Adult, 4 x Child  Child Ages: 16  Non-Smoking  There is no meal option with this room. Children and Extra Bed Policy: Children of any age are allowed. You haven't added any cots. You haven't added any extra beds. The maximum number of guests is 3.  Deposit Policy: The guest will be charged a prepayment of the total price of the reservation at any time.  Cancellation Policy: The guest will be charged the total price of the reservation if they cancel at any time.  payment_on_Booking.com (Payout type: BankTransfer)  ** THIS RESERVATION HAS BEEN PRE-PAID ** BOOKING NOTE : Payment charge is GBP 9.792  Genius Booker ",,,,,"2026-08-11",,,,
Amsterdam Hotel,2026-03-15T10:24:49,010-596-951,UGR-697-220,6782127962,,Antonio,Marino,"2026-09-18","2026-09-22",4,Deluxe-Triple room-Ensuite,,Room 9 2ND Floor Refurbished,,2,1,GBP,0.00,0.00,0.00,0.00,Online,Booking.com,Booking.com,On Account,Canceled,,amarin.128470@guest.booking.com,+39 349 329 2423,,"Group: 4 x Adult, 1 x Child  Child Ages: 2  Genius Rate  Non-Smoking  Promos: International  There is no meal option with this room. Children and Extra Bed Policy: Children of any age are allowed. You haven't added any cots. You haven't added any extra beds. The maximum number of guests is 3.  Deposit Policy: The guest will be charged a prepayment of the total price of the reservation at any time.  Cancellation Policy: The guest can cancel free of charge until 2 days before arrival. The guest will be charged the total price of the reservation if they cancel in the 2 days before arrival.  payment_on_Booking.com (Payout type: BankTransfer)  ** THIS RESERVATION HAS BEEN PRE-PAID ** BOOKING NOTE : Payment charge is GBP 13.51328  Genius Booker ",,,,,"2026-03-15",,,,
Bonair Hotel,2026-09-09T20:54:39,010-916-391,WSH-942-212,5757175804,,OTMANE,MENBAR,"2026-09-18","2026-09-23",5,Standard-Double room-Ensuite,Base Rate,Room 32,,2,0,GBP,225.00,225.00,225.00,0.00,Online,Booking.com,Booking.com,On Account,Confirmed,,omenba.332294@guest.booking.com,+212 607 856913,,"Non-Smoking  There is no meal option with this room. Children and Extra Bed Policy: Children of any age are allowed. You haven't added any cots. You haven't added any extra beds. The maximum number of guests is 2.  Deposit Policy: The guest will be charged a prepayment of the total price of the reservation at any time.  Cancellation Policy: The guest can cancel free of charge until 7 days before arrival. The guest will be charged the total price of the reservation if they cancel in the 7 days before arrival. If the guest doesn’t show up, they will be charged the total price of the reservation.  payment_on_Booking.com (Payout type: BankTransfer)  ** THIS RESERVATION HAS BEEN PRE-PAID ** BOOKING NOTE : Payment charge is GBP 3.6  Genius Booker ",,,,,"2026-09-09",,,,
Savoy Hotel,2026-08-11T19:16:52,013-839-044,GFV-544-163,5492705598,,Katrina,Smith,"2026-09-18","2026-09-21",3,Quad room-Sea view-Ensuite Birchfield,Non Refundable,Room 25,,2,2,GBP,330.00,See 009-695-031,230.00,100.00,Online,Booking.com,Booking.com,On Account,Confirmed,,ksmith.407530@guest.booking.com,+44 7445 329687,,"Group: 6 x Adult, 4 x Child  Child Ages: 6, 9  Non-Smoking  There is no meal option with this room. Children and Extra Bed Policy: Children of any age are allowed. You haven't added any cots. You haven't added any extra beds. The maximum number of guests is 3.  Deposit Policy: The guest will be charged a prepayment of the total price of the reservation at any time.  Cancellation Policy: The guest will be charged the total price of the reservation if they cancel at any time.  payment_on_Booking.com (Payout type: BankTransfer)  ** THIS RESERVATION HAS BEEN PRE-PAID ** BOOKING NOTE : Payment charge is GBP 9.792  Genius Booker ",,,,,"2026-08-11",,,,
La Casa Studios Near Hyde Park,2026-08-03T08:32:11,015-466-062,KCY-792-372,5995669972,,Paulina,Słupska,"2026-09-18","2026-09-21",3,Standard-Studio-Ensuite-Basement level -La Casa,,Studio 2,,2,0,GBP,0.00,0.00,0.00,0.00,Online,Booking.com,Booking.com,On Account,Canceled,,pslups.841598@guest.booking.com,+48 797 964 999,,"Genius Rate  Non-Smoking  There is no meal option with this room. Children and Extra Bed Policy: Children of any age are allowed. You haven't added any cots. You haven't added any extra beds. The maximum number of guests is 2.  Deposit Policy: The guest will be charged a prepayment of the total price of the reservation at any time.  Cancellation Policy: The guest can cancel free of charge until 5 days before arrival. The guest will be charged the total price of the reservation if they cancel in the 5 days before arrival.  payment_on_Booking.com (Payout type: BankTransfer)  ** THIS RESERVATION HAS BEEN PRE-PAID ** BOOKING NOTE : Payment charge is GBP 4.26656  Genius Booker ",,,,,"2026-08-03",,,,
Amsterdam Hotel,2026-01-04T04:24:05,030-581-181,PDT-950-395,5035780433,,Silvia,Aloy,"2026-09-18","2026-09-23",5,Compact-Double room-Ensuite,,Room 14 3RD Floor Refurbished,,2,0,GBP,0.00,0.00,0.00,0.00,Online,Booking.com,Booking.com,On Account,Canceled,,saloy.146522@guest.booking.com,+54 11 6723 0300,,"Genius Rate  Non-Smoking  Promos: International  There is no meal option with this room. Children and Extra Bed Policy: Children of any age are allowed. You haven't added any cots. You haven't added any extra beds. The maximum number of guests is 2.  Deposit Policy: The guest will be charged a prepayment of the total price of the reservation at any time.  Cancellation Policy: The guest can cancel free of charge until 2 days before arrival. The guest will be charged the total price of the reservation if they cancel in the 2 days before arrival.  payment_on_Booking.com (Payout type: BankTransfer)  ** THIS RESERVATION HAS BEEN PRE-PAID ** BOOKING NOTE : Payment charge is GBP 5.97328  Genius Booker ",,,,,"2026-01-04",,,,
Sachi Hotel,2026-07-10T22:33:21,033-449-641,WRO-488-406,,,Henry,Wain,"2026-09-18","2026-09-19",1,Standard Triple room ,Base Rate,Room 14 3rd F,,2,0,GBP,95.00,95.00,95.00,0.00,Online,Arif PMC,My Web,Pay On Arrival,Confirmed,"8:00 PM",henrygwain@aol.com,+447577506582,,,,,,,"2026-07-10",,,,
Savoy Hotel,2026-09-07T22:33:37,034-024-534,ZUJ-418-617,2553379532,,Olly,Kerslake,"2026-09-18","2026-09-19",1,Double room-Ensuite-savoy,Base Rate,Room 10,,2,0,GBP,178.00,78.00,78.00,100.00,Online,Expedia,Expedia & Affiliate Network,On Account,Confirmed,,ollykerslake2004@gmail.com,111111111111,,"Expedia collects payment from traveler: Hotel invoices Expedia. ",,,,,"2026-09-07",,,,
Torpark hotel,2026-09-06T08:29:20,034-523-691,BYA-067-087,,,Nestrov ,.,"2026-09-18","2026-09-25",7,Standard-Twin room Ensuite,Non Refundable,Room 43 Ground Floor,,2,0,GBP,200.00,0.00,200.00,0.00,Direct,,,On Account,Confirmed,,,,,,,,,,"2026-09-06",,,,
London Gatwick Inn,2026-09-02T23:03:38,044-239-182,NSY-389-070,5611811459,,Jaden,Ashe-Haro,"2026-09-18","2026-09-20",2,Quadruple,7-Day Flexible,302,,4,0,GBP,216.00,432.00,216.00,0.00,Online,Booking.com,Booking.com,On Account,Confirmed,,jasheh.255693@guest.booking.com,+44 7990 658252,,"Group: 6 x Adult, 0 x Child  Non-Smoking  Promos: Mobile(MDot) Rate  There is no meal option with this room. Children and Extra Bed Policy: Children ages 6 and older are allowed. You haven't added any cots. You haven't added any extra beds. The maximum number of guests is 4.  Deposit Policy: The guest will be charged a prepayment of the total price of the reservation at any time.  Cancellation Policy: The guest can cancel free of charge until 7 days before arrival. The guest will be charged the total price of the reservation if they cancel in the 7 days before arrival.  payment_on_Booking.com (Payout type: BankTransfer)  ** THIS RESERVATION HAS BEEN PRE-PAID ** BOOKING NOTE : Payment charge is GBP 6.912  Genius Booker ",,,,,"2026-09-02",,,,
Amsterdam Hotel,2026-03-15T10:26:36,044-855-884,QAA-465-810,6199392787,,Antonio,Marino,"2026-09-18","2026-09-22",4,Compact-Double room-Ensuite,,Room 22 5TH Floor Refurbished,,2,0,GBP,0.00,0.00,0.00,0.00,Online,Booking.com,Booking.com,On Account,Canceled,,amarin.965651@guest.booking.com,+39 349 329 2423,,"Genius Rate  Non-Smoking  Promos: International  There is no meal option with this room. Children and Extra Bed Policy: Children of any age are allowed. You haven't added any cots. You haven't added any extra beds. The maximum number of guests is 2.  Deposit Policy: The guest will be charged a prepayment of the total price of the reservation at any time.  Cancellation Policy: The guest can cancel free of charge until 2 days before arrival. The guest will be charged the total price of the reservation if they cancel in the 2 days before arrival.  payment_on_Booking.com (Payout type: BankTransfer)  ** THIS RESERVATION HAS BEEN PRE-PAID ** BOOKING NOTE : Payment charge is GBP 6.01008  Genius Booker ",,,,,"2026-03-15",,,,
Holland Rd Studios Close to Olympia London,2026-09-10T02:20:51,050-184-161,VWC-081-859,HMK943SPRN,,Valeria,Sosa Armele,"2026-09-18","2026-09-23",5,Double-Studio-Ensuite HR,Non refundable rate,Flat 9 1st,,2,0,GBP,440.45,440.45,405.45,35.00,Online,Airbnb,Airbnb,On Account,Confirmed,,,595984217147,," ",,,,,"2026-09-10",,,,
Savoy Hotel,2026-09-08T12:41:59,050-665-492,VEC-384-259,6530749693,,Ollie,Devaney,"2026-09-18","2026-09-19",1,Standard-Double room-Shared Bathroom-Savoy,,Room 26,,2,0,GBP,0.00,0.00,0.00,0.00,Online,Booking.com,Booking.com,On Account,Canceled,,odevan.627032@guest.booking.com,+44 7784 637400,,"Non-Smoking  There is no meal option with this room. Children and Extra Bed Policy: Children of any age are allowed. You haven't added any cots. You haven't added any extra beds. The maximum number of guests is 2.  Deposit Policy: The guest will be charged a prepayment of the total price of the reservation at any time.  Cancellation Policy: The guest can cancel free of charge until 2 days before arrival. The guest will be charged the total price of the reservation if they cancel in the 2 days before arrival.  payment_on_Booking.com (Payout type: BankTransfer)  ** THIS RESERVATION HAS BEEN PRE-PAID ** BOOKING NOTE : Payment charge is GBP 1.088  Genius Booker ",,,,,"2026-09-08",,,,
Modern studios Malvern Road,2025-12-10T12:11:19,055-069-354,QZY-328-836,6432399588,,Syahidatul,Aminaa,"2026-09-18","2026-09-21",3,Apartment-Comfort-Ensuite,,Studio A,,2,2,GBP,0.00,0.00,0.00,0.00,Online,Booking.com,Booking.com,On Account,Canceled,,samina.346740@guest.booking.com,+60 12 623 8485,,"Child Ages: 1, 3  Non-Smoking  Promos: International  There is no meal option with this room. Children and Extra Bed Policy: Children of any age are allowed. You haven't added any cots. You haven't added any extra beds. The maximum number of guests is 4.  Deposit Policy: The guest will be charged a prepayment of the total price of the reservation at any time.  Cancellation Policy: The guest can cancel free of charge until 5 days before arrival. The guest will be charged the total price of the reservation if they cancel in the 5 days before arrival.  payment_on_Booking.com (Payout type: BankTransfer)  ** THIS RESERVATION HAS BEEN PRE-PAID ** Approximate time of arrival: between 01:00 and 02:00 BOOKING NOTE : Payment charge is GBP 4.4888  Genius Booker ",,,,,"2025-12-10",,,,
The Carlton Hotel,2026-09-14T14:10:46,059-626-531,PIV-913-671,6901576238,,Holly,Lee,"2026-09-18","2026-09-20",2,Classic Double room Ensuite,Non Refundable,Room 3,,2,0,GBP,108.00,108.00,108.00,0.00,Online,Booking.com,Booking.com,On Account,Confirmed,,rbrpgf.777766@guest.booking.com,+44 7904 194161,,"Non-Smoking  There is no meal option with this room. Children and Extra Bed Policy: Children of any age are allowed. You haven't added any cots. You haven't added any extra beds. The maximum number of guests is 2.  Deposit Policy: The guest will be charged a prepayment of the total price of the reservation at any time.  Cancellation Policy: The guest will be charged the total price of the reservation if they cancel at any time.  payment_on_Booking.com (Payout type: BankTransfer)  ** THIS RESERVATION HAS BEEN PRE-PAID ** BOOKING NOTE : Payment charge is GBP 1.728 ",,,,,"2026-09-14",,,,
Number 19 Brighton,2026-08-05T20:52:30,064-313-084,KAF-124-845,5666472705,,Susan,Pearson,"2026-09-18","2026-09-19",1,Standard-Double room-Ensuite,Non Refundable,Room 11,,1,0,GBP,114.89,114.89,114.89,0.00,Online,Booking.com,Booking.com,On Account,Confirmed,,spears.644666@guest.booking.com,+44 7986 665674,,"Non-Smoking  Promos: Mobile(App) Rate  There is no meal option with this room. Children and Extra Bed Policy: Children of any age are allowed. You haven't added any cots. You haven't added any extra beds. The maximum number of guests is 2.  Deposit Policy: The guest will be charged a prepayment of the total price of the reservation at any time.  Cancellation Policy: The guest can cancel free of charge until 7 days before arrival. The guest will be charged the total price of the reservation if they cancel in the 7 days before arrival. If the guest doesn’t show up, they will be charged the total price of the reservation.  payment_on_Booking.com (Payout type: BankTransfer)  ** THIS RESERVATION HAS BEEN PRE-PAID ** BOOKING NOTE : Payment charge is GBP 1.83824  Genius Booker ",,,,,"2026-08-05",,,,
Green Gables Hotel,2026-09-16T11:28:05,065-128-901,FAA-206-470,5249928286,,Fisayo,Olumide,"2026-09-18","2026-09-25",7,Family room-Ensuite,Base Rate,Room 22,,2,3,GBP,317.72,317.72,317.72,0.00,Online,Booking.com,Booking.com,On Account,Confirmed,,folumi.441612@guest.booking.com,+44 7586 348092,,"Child Ages: 1, 11, 5  Genius Rate  Non-Smoking  Promos: Mobile(App) Rate  There is no meal option with this room. Children and Extra Bed Policy: Children of any age are allowed. You haven't added any cots. You haven't added any extra beds. The maximum number of guests is 5.  Deposit Policy: The guest will be charged a prepayment of the total price of the reservation at any time.  Cancellation Policy: The guest can cancel free of charge until 5 days before arrival. The guest will be charged the total price of the reservation if they cancel in the 5 days before arrival.  payment_on_Booking.com (Payout type: BankTransfer)  ** THIS RESERVATION HAS BEEN PRE-PAID ** BOOKING NOTE : Payment charge is GBP 5.08352  Genius Booker ",,,,,"2026-09-16",,,,
Number 19 Brighton,2025-11-03T13:25:51,069-504-021,SET-956-771,2323989661,,Luke,Grifin,"2026-09-18","2026-09-22",4,Standard-Double room-Ensuite,48 Hours Flexible,Room 01,,1,0,GBP,450.00,450.00,450.00,0.00,Online,Expedia,Expedia & Affiliate Network,On Account,Confirmed,,Lukeg7066@gmail.com,447481003620,,,,,,,"2025-11-03",,,,
Number 19 Brighton,2026-02-23T11:30:49,069-629-381,NAG-674-208,5301571227,,Bridget,Kendrick,"2026-09-18","2026-09-21",3,Standard-Double room-Ensuite,Non Refundable,Room 05,,1,0,GBP,300.60,300.60,300.60,0.00,Online,Booking.com,Booking.com,On Account,Confirmed,,bkendr.857768@guest.booking.com,+44 7957 211242,,"Non-Smoking  Promos: Mobile(App) Rate  There is no meal option with this room. Children and Extra Bed Policy: Children of any age are allowed. You haven't added any cots. You haven't added any extra beds. The maximum number of guests is 2.  Deposit Policy: The guest will be charged a prepayment of the total price of the reservation at any time.  Cancellation Policy: The guest can cancel free of charge until 7 days before arrival. The guest will be charged the total price of the reservation if they cancel in the 7 days before arrival. If the guest doesn’t show up, they will be charged the total price of the reservation.  payment_on_Booking.com (Payout type: BankTransfer)  ** THIS RESERVATION HAS BEEN PRE-PAID ** BOOKING NOTE : Payment charge is GBP 4.8096  Genius Booker ",,,,,"2026-02-23",,,,
Modern Studios Close To Hyde Park,2026-07-31T16:47:56,084-349-112,CCD-847-539,2523359491,,Abdelkarim,Mastawi,"2026-09-18","2026-09-25",7,Standard-Studio-Ensuite-Basement level LG,,Flat 2 BF,,1,0,GBP,0.00,0.00,0.00,0.00,Online,Expedia,Expedia & Affiliate Network,Pay On Arrival,Canceled,,,111111111111,,"Hotel collects payment from the traveler ",,,,,"2026-07-31",,,,
Fab Guest House,2026-09-11T15:24:00,092-484-051,YLT-001-322,,,, Ethan Ward,"2026-09-18","2026-09-19",1,Standard Double room Ensuite,,Room 7,,1,0,GBP,0.00,0.00,0.00,0.00,Direct,,,On Account,Canceled,,,,,,,,,,"2026-09-11",,,Do not move reservation extension,
London Gatwick Inn,2026-09-08T07:58:14,093-528-331,PRQ-113-468,6240560118,,Ryan,Hanlon,"2026-09-18","2026-09-19",1,Small single,Base Rate,304,,1,0,GBP,50.40,50.40,50.40,0.00,Online,Booking.com,Booking.com,On Account,Confirmed,,finance@RH-events.co.uk,+447775974391,,"Non-Smoking  Promos: Mobile(App) Rate  There is no meal option with this room. Children and Extra Bed Policy: Children ages 6 and older are allowed. You haven't added any cots. You haven't added any extra beds. The maximum number of guests is 1.  Deposit Policy: The guest will be charged a prepayment of the total price of the reservation at any time.  Cancellation Policy: The guest will be charged the total price of the reservation if they cancel at any time.  payment_on_Booking.com (Payout type: BankTransfer)  ** THIS RESERVATION HAS BEEN PRE-PAID ** BOOKING NOTE : Payment charge is GBP 0.8064  Big Room Productions Ltd  Genius Booker ",,,,,"2026-09-08",,,,
Holland Rd Studios Close to Olympia London,2026-09-15T21:29:39,101-893-801,LFU-951-917,5968696052,,Patrick,Strickler,"2026-09-18","2026-09-21",3,Compact-Studio-Ensuite with Shower HR,Non refundable rate,Flat 4 Ground,,1,0,GBP,265.08,265.08,230.08,35.00,Online,Booking.com,Booking.com,On Account,Confirmed,,pstric.232128@guest.booking.com,+44 7925 411315,,"Genius Rate  Non-Smoking  There is no meal option with this room. Children and Extra Bed Policy: Children of any age are allowed. 1 child (up to and including 2 years old) stays for free when using available cots.  You haven't added any extra beds. The maximum number of cots is 1. The maximum number of guests is 2.  Deposit Policy: The guest will be charged a prepayment of the total price of the reservation at any time.  Cancellation Policy: The guest will be charged the total price of the reservation if they cancel at any time.  payment_on_Booking.com (Payout type: BankTransfer)  ** THIS RESERVATION HAS BEEN PRE-PAID ** BOOKING NOTE : Payment charge is GBP 4.24128  Genius Booker ",,,,,"2026-09-15",,,,
Cozy Flats Near Olympia and Westfield,2026-08-05T09:37:04,104-026-452,CDW-761-891,6688541838,,demelsa,covelo,"2026-09-18","2026-09-22",4,Triple-Studio-Ensuite HR,Base Rate,Flat 3 HR,,3,0,GBP,425.60,425.60,390.60,35.00,Online,Booking.com,Booking.com,On Account,Confirmed,,dcovel.456940@guest.booking.com,+34 638 89 55 83,,"Non-Smoking  Promos: Mobile(App) Rate  There is no meal option with this room. Children and Extra Bed Policy: Children of any age are allowed. 1 child (up to and including 2 years old) stays for free when using available cots.  You haven't added any extra beds. The maximum number of cots is 1. The maximum number of guests is 3.  Deposit Policy: The guest will be charged a prepayment of the total price of the reservation at any time.  Cancellation Policy: The guest can cancel free of charge until 5 days before arrival. The guest will be charged the total price of the reservation if they cancel in the 5 days before arrival. If the guest doesn’t show up, they will be charged the total price of the reservation.  payment_on_Booking.com (Payout type: BankTransfer)  ** THIS RESERVATION HAS BEEN PRE-PAID ** BOOKING NOTE : Payment charge is GBP 6.8096  Genius Booker ",,,,,"2026-08-05",,,,
Sachi Hotel,2026-08-03T12:07:45,105-332-202,OSF-936-286,5995648216,,Becca,Noble,"2026-09-18","2026-09-19",1,Standard Single room External Bathroom,Non Refundable,Room 4 1st F,,1,0,GBP,69.66,69.66,69.66,0.00,Online,Booking.com,Booking.com,On Account,Confirmed,,bnoble.705571@guest.booking.com,+44 7469 213248,,"Non-Smoking  Promos: Mobile(App) Rate  There is no meal option with this room. Children and Extra Bed Policy: Children of any age are allowed. You haven't added any cots. You haven't added any extra beds. The maximum number of guests is 1.  Deposit Policy: The guest will be charged a prepayment of the total price of the reservation at any time.  Cancellation Policy: The guest will be charged the total price of the reservation if they cancel at any time.  payment_on_Booking.com (Payout type: BankTransfer)  ** THIS RESERVATION HAS BEEN PRE-PAID ** Reservation has a cancellation grace period. Do not charge if cancelled before 2026-08-04 13:06:29 BOOKING NOTE : Payment charge is GBP 1.11456  Genius Booker ",,,,,"2026-08-03",,,,
Wembar Hotel,2026-08-30T01:02:35,112-211-432,CXX-194-628,6542532115,,MITESH,MISTRY,"2026-09-18","2026-09-20",2,Triple room-Standard-Ensuite with Shower/Wembar,,Room 07 - 1st F,,3,0,GBP,0.00,0.00,0.00,0.00,Online,Booking.com,Booking.com,On Account,Canceled,,mmistr.608964@guest.booking.com,+44 7834 381729,,"Non-Smoking  Promos: Mobile(MDot) Rate  There is no meal option with this room. Children and Extra Bed Policy: Children ages 1 and older are allowed. You haven't added any cots. You haven't added any extra beds. The maximum number of guests is 3.  Deposit Policy: The guest will be charged a prepayment of the total price of the reservation at any time.  Cancellation Policy: The guest can cancel free of charge until 3 days before arrival. The guest will be charged the total price of the reservation if they cancel in the 3 days before arrival.  payment_on_Booking.com (Payout type: BankTransfer)  ** THIS RESERVATION HAS BEEN PRE-PAID ** BOOKING NOTE : Payment charge is GBP 4.6648 Approximate time of arrival: between 15:00 and 16:00  Genius Booker ",,,,,"2026-08-30",,,,
Green Gables Hotel,2026-09-12T20:41:08,114-068-321,MOM-677-987,6431865283,,Claire,Rathi,"2026-09-18","2026-09-20",2,Quad room-Standard-Ensuite,Non Refundable,Room 1,,2,1,GBP,85.05,85.05,85.05,0.00,Online,Booking.com,Booking.com,On Account,Confirmed,,crathi.395283@guest.booking.com,+44 7817 102583,,"Child Ages: 9  Genius Rate  Non-Smoking  Promos: Mobile(App) Rate  There is no meal option with this room. Children and Extra Bed Policy: Children of any age are allowed. You haven't added any cots. You haven't added any extra beds. The maximum number of guests is 4.  Deposit Policy: The guest will be charged a prepayment of the total price of the reservation at any time.  Cancellation Policy: The guest will be charged the total price of the reservation if they cancel at any time.  payment_on_Booking.com (Payout type: BankTransfer)  ** THIS RESERVATION HAS BEEN PRE-PAID ** BOOKING NOTE : Payment charge is GBP 1.3608  Genius Booker ",,,,,"2026-09-12",,,,
La Casa Studios Near Hyde Park,2026-08-01T10:30:02,116-185-224,UDC-368-284,5102047252,,Samanta,Wierzbicka,"2026-09-18","2026-09-21",3,Large Studio - Ensuite LG,,Studio 14,,2,0,GBP,0.00,0.00,0.00,0.00,Online,Booking.com,Booking.com,On Account,Canceled,,swierz.724555@guest.booking.com,+48 662 250 388,,"Genius Rate  Non-Smoking  There is no meal option with this room. Children and Extra Bed Policy: Children of any age are allowed. You haven't added any cots. You haven't added any extra beds. The maximum number of guests is 2.  Deposit Policy: The guest will be charged a prepayment of the total price of the reservation at any time.  Cancellation Policy: The guest can cancel free of charge until 5 days before arrival. The guest will be charged the total price of the reservation if they cancel in the 5 days before arrival.  payment_on_Booking.com (Payout type: BankTransfer)  ** THIS RESERVATION HAS BEEN PRE-PAID ** BOOKING NOTE : Payment charge is GBP 4.15568  Genius Booker ",,,,,"2026-08-01",,,,
Amsterdam Hotel,2026-09-01T21:10:06,118-298-484,LCK-686-329,6515466747,,Irene,Lopez,"2026-09-18","2026-09-20",2,Compact-Double room-Ensuite/Amsterdam,Non Refundable rate,Room 13 2ND Floor,,2,0,GBP,221.13,221.13,221.13,0.00,Online,Booking.com,Booking.com,On Account,Confirmed,,ilopez.494763@guest.booking.com,+34 658 20 10 26,,"Genius Rate  Non-Smoking  There is no meal option with this room. Children and Extra Bed Policy: Children of any age are allowed. You haven't added any cots. You haven't added any extra beds. The maximum number of guests is 2.  Deposit Policy: The guest will be charged a prepayment of the total price of the reservation at any time.  Cancellation Policy: The guest will be charged the total price of the reservation if they cancel at any time.  payment_on_Booking.com (Payout type: BankTransfer)  ** THIS RESERVATION HAS BEEN PRE-PAID ** Reservation has a cancellation grace period. Do not charge if cancelled before 2026-09-02 22:08:47 Approximate time of arrival: between 00:00 and 01:00 the next day We might get there late as our flight arrives to London at 12am BOOKING NOTE : Payment charge is GBP 3.53808  Genius Booker ",,,,,"2026-09-01",,,,
Avalon Guest house,2026-07-13T15:41:26,130-032-091,FLR-711-657,1418fb94e984-d52229f2b345e2363997f864346242d8@airbnb.com,,Shelley,iCal,"2026-09-18","2026-09-20",2,Modern Standard Double room ensuite,Base Rate,No. 13 - Room 5,,1,0,GBP,120.47,120.47,120.47,0.00,iCal,ical1,,Deposit (Variable),Confirmed,,,,,"https://www.airbnb.com/hosting/reservations/details/HM5RXSDRE4  ‪+44 7915 612407‬",,,,,"2026-07-13",,,,
Wembar Hotel,2026-07-28T07:51:49,133-412-454,ISI-870-582,5370089360,,Kevin,Göldner,"2026-09-18","2026-09-20",2,Twin room-Standard-Ensuite with Shower/Wembar,Base Rate,Room 18 - Basement,,2,0,GBP,218.50,218.50,218.50,0.00,Online,Booking.com,Booking.com,On Account,Confirmed,,kgoldn.477541@guest.booking.com,+49 178 5584006,,"Non-Smoking  Promos: International  There is no meal option with this room. Children and Extra Bed Policy: Children ages 1 and older are allowed. You haven't added any cots. You haven't added any extra beds. The maximum number of guests is 2.  Deposit Policy: The guest will be charged a prepayment of the total price of the reservation at any time.  Cancellation Policy: The guest can cancel free of charge until 3 days before arrival. The guest will be charged the total price of the reservation if they cancel in the 3 days before arrival.  payment_on_Booking.com (Payout type: BankTransfer)  ** THIS RESERVATION HAS BEEN PRE-PAID ** Approximate time of arrival: between 19:00 and 20:00 BOOKING NOTE : Payment charge is GBP 3.496  Genius Booker ",,,,,"2026-07-28",,,,
Crofton House Hotel,2026-07-30T07:51:55,138-920-402,ZQX-950-690,2522250857,,Clare,Mansfield,"2026-09-18","2026-09-22",4,Suite-Ensuite,Non Refundable,Torre Suite,,2,0,GBP,256.47,256.47,256.47,0.00,Online,Expedia Affiliate Network,Expedia & Affiliate Network,On Account,Confirmed,,cs@hfuntrip.com,1111111111111,,"1 King Bed Expedia collects payment from traveler: Hotel invoices Expedia. ",,,,,"2026-07-30",,,,
Sachi Hotel,2026-05-24T21:00:12,139-361-341,TKW-768-519,6940439475,,Nathan,Keates,"2026-09-18","2026-09-22",4,Standard Double room,Base Rate,Room 6 1st F,,2,0,GBP,345.00,345.00,345.00,0.00,Online,Booking.com,Booking.com,On Account,Confirmed,,nkeate.552616@guest.booking.com,+44 7931 321936,,"Non-Smoking  There is no meal option with this room. Children and Extra Bed Policy: Children of any age are allowed. You haven't added any cots. You haven't added any extra beds. The maximum number of guests is 2.  Deposit Policy: The guest will be charged a prepayment of the total price of the reservation at any time.  Cancellation Policy: The guest can cancel free of charge until 5 days before arrival. The guest will be charged the total price of the reservation if they cancel in the 5 days before arrival.  payment_on_Booking.com (Payout type: BankTransfer)  ** THIS RESERVATION HAS BEEN PRE-PAID ** Approximate time of arrival: between 14:00 and 15:00 BOOKING NOTE : Payment charge is GBP 5.52  Liberal Democrats ",,,,,"2026-05-24",,,,
Torpark hotel,2026-01-28T19:05:26,148-303-062,OLQ-077-356,2381202186,,Heidi,Paterson,"2026-09-18","2026-09-20",2,Standard-Double room Ensuite,,Room 55 Lower GF,,2,0,GBP,0.00,0.00,0.00,0.00,Online,Hotels.com,Expedia & Affiliate Network,Pay On Arrival,Canceled,,vb6eitnvu1@m.expediapartnercentral.com,4407943408834,,"Hotel Collect Booking - Collect Payment From Guest ",,,,,"2026-01-28",,,,
Modern Studios Close To Hyde Park,2026-08-18T02:48:18,150-331-151,EHX-970-871,2537176065,,MarieFrance,Chiavazza,"2026-09-18","2026-09-23",5,Large Studio Ensuite LG,Non Refundable,Flat 24 (double) 3rd,,2,0,GBP,503.88,503.88,468.88,35.00,Online,Expedia Affiliate Network,Expedia & Affiliate Network,On Account,Confirmed,,eyptkblbdb@m.expediapartnercentral.com,1111111111111,,"1 Queen Bed Expedia collects payment from traveler: Hotel invoices Expedia. ",,,,,"2026-08-18",,,,
The Beresford Hotel,2026-08-08T19:25:47,151-419-812,HRP-321-740,2529879975,,Heather,Willetts,"2026-09-18","2026-09-25",7,Double room-Standard-Ensuite-Sea view,,5,,2,0,GBP,0.00,0.00,0.00,0.00,Online,Expedia,Expedia & Affiliate Network,On Account,Canceled,,6ebbbkes2i@m.expediapartnercentral.com,111111111111,,"Expedia collects payment from traveler: Hotel invoices Expedia. ",,,,,"2026-08-08",,,,
Number 19 Brighton,2025-10-23T16:48:17,155-899-112,ZXT-267-730,5157719691,,Callum,James Littlemore,"2026-09-18","2026-09-22",4,Standard-Double room-Ensuite,,Room 01,,2,0,GBP,0.00,0.00,0.00,0.00,Online,Booking.com,Booking.com,Pay On Arrival,Canceled,,clittl.359374@guest.booking.com,+44 7397 379953,,"Non-Smoking  Promos: Mobile(App) Rate  There is no meal option with this room. Children and Extra Bed Policy: Children of any age are allowed. You haven't added any cots. You haven't added any extra beds. The maximum number of guests is 2.  Deposit Policy: No prepayment is needed.  Cancellation Policy: The guest can cancel free of charge until 7 days before arrival. The guest will be charged the total price of the reservation if they cancel in the 7 days before arrival.  Collect payment from guests at your property. For cancellation and no-show fees, please visit extranet  Genius Booker ",,,,,"2025-10-23",,,,
The Dolphin Hotel,2026-09-15T20:06:24,162-925-864,YUW-598-088,6229118302,,Stephen,Gresswell,"2026-09-18","2026-09-20",2,Deluxe-Double room-Ensuite,Non Refundable,Room 217,,2,0,GBP,102.06,102.06,102.06,0.00,Online,Booking.com,Booking.com,On Account,Confirmed,,sgress.804269@guest.booking.com,+44 7935 275955,,"Non-Smoking  Promos: Mobile(App) Rate  There is no meal option with this room. Children and Extra Bed Policy: Children of any age are allowed. You haven't added any cots. You haven't added any extra beds. The maximum number of guests is 2.  Deposit Policy: The guest will be charged a prepayment of the total price of the reservation at any time.  Cancellation Policy: The guest will be charged the total price of the reservation if they cancel at any time.  payment_on_Booking.com (Payout type: BankTransfer)  ** THIS RESERVATION HAS BEEN PRE-PAID ** BOOKING NOTE : Payment charge is GBP 1.63296  Genius Booker ",,,,,"2026-09-15",,,,
Number 19 Brighton,2025-10-23T15:57:07,166-399-252,GMY-574-168,5592662164,,Paul,Edgeworth,"2026-09-18","2026-09-22",4,Standard-Double room-Ensuite,,Room 04,,1,0,GBP,0.00,0.00,0.00,0.00,Online,Booking.com,Booking.com,On Account,Canceled,,pedgew.468323@guest.booking.com,+44 7890 207633,,"Non-Smoking  Promos: Domestic  There is no meal option with this room. Children and Extra Bed Policy: Children of any age are allowed. You haven't added any cots. You haven't added any extra beds. The maximum number of guests is 2.  Deposit Policy: No prepayment is needed.  Cancellation Policy: The guest can cancel free of charge until 7 days before arrival. The guest will be charged the total price of the reservation if they cancel in the 7 days before arrival.  payment_on_Booking.com (Payout type: BankTransfer)  ** THIS RESERVATION HAS BEEN PRE-PAID ** BOOKING NOTE : Payment charge is GBP 5.0008 Approximate time of arrival: between 15:00 and 16:00  Genius Booker ",,,,,"2025-10-23",,,,
Wembar Hotel,2026-08-06T22:44:02,166-560-621,GJH-568-354,5559605694,,Daniel,Nita,"2026-09-18","2026-09-21",3,Double room-Standard-Ensuite with Shower/Wembar,Non Refundable,Room 05 - 1st F,,2,0,GBP,277.20,277.20,277.20,0.00,Online,Booking.com,Booking.com,On Account,Confirmed,,dnita.465561@guest.booking.com,+44 7470 611842,,"Non-Smoking  Promos: Mobile(App) Rate  There is no meal option with this room. Children and Extra Bed Policy: Children ages 1 and older are allowed. You haven't added any cots. You haven't added any extra beds. The maximum number of guests is 2.  Deposit Policy: The guest will be charged a prepayment of the total price of the reservation at any time.  Cancellation Policy: The guest will be charged the total price of the reservation if they cancel at any time.  payment_on_Booking.com (Payout type: BankTransfer)  ** THIS RESERVATION HAS BEEN PRE-PAID ** BOOKING NOTE : Payment charge is GBP 4.4352  Genius Booker ",,,,,"2026-08-06",,,,
Savoy Hotel,2026-09-13T14:37:33,180-659-182,JAU-677-861,5879076132,,Sophie,Godwin,"2026-09-18","2026-09-20",2,Standard-Double room-Shared Bathroom-Savoy,Non refundable,Room 26,,2,0,GBP,218.00,118.00,118.00,100.00,Online,Booking.com,Booking.com,On Account,Confirmed,,sgodwi.838680@guest.booking.com,+44 7872 393819,,"Non-Smoking  There is no meal option with this room. Children and Extra Bed Policy: Children of any age are allowed. You haven't added any cots. You haven't added any extra beds. The maximum number of guests is 2.  Deposit Policy: The guest will be charged a prepayment of the total price of the reservation at any time.  Cancellation Policy: The guest will be charged the total price of the reservation if they cancel at any time.  payment_on_Booking.com (Payout type: BankTransfer)  ** THIS RESERVATION HAS BEEN PRE-PAID ** BOOKING NOTE : Payment charge is GBP 1.888  Genius Booker ",,,,,"2026-09-13",,,,
Wembar Hotel,2026-07-23T07:49:00,183-994-512,WFD-817-622,6914601557,,Abdullah,Abujazar,"2026-09-18","2026-09-28",10,Double room-Standard-Ensuite with Shower/Wembar,,Room 02 - GF,,1,0,GBP,0.00,0.00,0.00,0.00,Online,Booking.com,Booking.com,On Account,Canceled,,aabuja.172055@guest.booking.com,+20 10 00940045,,"Non-Smoking  Promos: International  There is no meal option with this room. Children and Extra Bed Policy: Children ages 1 and older are allowed. You haven't added any cots. You haven't added any extra beds. The maximum number of guests is 2.  Deposit Policy: The guest will be charged a prepayment of the total price of the reservation at any time.  Cancellation Policy: The guest can cancel free of charge until 3 days before arrival. The guest will be charged the total price of the reservation if they cancel in the 3 days before arrival.  payment_on_Booking.com (Payout type: BankTransfer)  ** THIS RESERVATION HAS BEEN PRE-PAID ** BOOKING NOTE : Payment charge is GBP 14.1056  Genius Booker ",,,,,"2026-07-23",,,,
Wembar Hotel,2026-04-15T00:18:22,188-239-952,GSS-782-772,5302311334,,Charmaine,Davis,"2026-09-18","2026-09-20",2,Double room-Standard-Ensuite with Shower/Wembar,,Room 04,,2,0,GBP,0.00,0.00,0.00,0.00,Online,Booking.com,Booking.com,On Account,Canceled,,cdavis.967676@guest.booking.com,+44 7359 297352,,"Non-Smoking  Promos: Mobile(App) Rate  There is no meal option with this room. Children and Extra Bed Policy: Children ages 1 and older are allowed. You haven't added any cots. You haven't added any extra beds. The maximum number of guests is 2.  Deposit Policy: The guest will be charged a prepayment of the total price of the reservation at any time.  Cancellation Policy: The guest can cancel free of charge until 3 days before arrival. The guest will be charged the total price of the reservation if they cancel in the 3 days before arrival.  payment_on_Booking.com (Payout type: BankTransfer)  ** THIS RESERVATION HAS BEEN PRE-PAID ** BOOKING NOTE : Payment charge is GBP 2.9784  Genius Booker ",,,,,"2026-04-14",,,,
Number 19 Brighton,2025-10-31T21:45:13,191-353-611,ZTZ-870-041,6161667437,,Nathan,Tarr,"2026-09-18","2026-09-25",7,Standard-Double room-Ensuite,Non Refundable,Room 09,,2,0,GBP,505.80,505.80,505.80,0.00,Online,Booking.com,Booking.com,On Account,Confirmed,,ntarr.828102@guest.booking.com,+44 7913962742,,"Non-Smoking  Promos: Mobile(App) Rate  There is no meal option with this room. Children and Extra Bed Policy: Children of any age are allowed. You haven't added any cots. You haven't added any extra beds. The maximum number of guests is 2.  Deposit Policy: No prepayment is needed.  Cancellation Policy: The guest can cancel free of charge until 7 days before arrival. The guest will be charged the total price of the reservation if they cancel in the 7 days before arrival.  payment_on_Booking.com (Payout type: BankTransfer)  ** THIS RESERVATION HAS BEEN PRE-PAID ** BOOKING NOTE : Payment charge is GBP 8.0928  Genius Booker ",,,,,"2025-10-31",,,,
Green Gables Hotel,2026-09-04T18:53:13,200-222-582,CUE-398-594,5623698662,,Svetlana,Briliova,"2026-09-18","2026-09-21",3,Double room-Standard-Ensuite with Bath,Non Refundable,Room 10,,2,0,GBP,101.70,101.70,101.70,0.00,Online,Booking.com,Booking.com,On Account,Confirmed,,sbrili.490422@guest.booking.com,+44 7552 016062,,"Non-Smoking  Promos: Mobile(App) Rate  There is no meal option with this room. Children and Extra Bed Policy: Children of any age are allowed. You haven't added any cots. You haven't added any extra beds. The maximum number of guests is 2.  Deposit Policy: The guest will be charged a prepayment of the total price of the reservation at any time.  Cancellation Policy: The guest will be charged the total price of the reservation if they cancel at any time.  payment_on_Booking.com (Payout type: BankTransfer)  ** THIS RESERVATION HAS BEEN PRE-PAID ** BOOKING NOTE : Payment charge is GBP 1.6272  Genius Booker ",,,,,"2026-09-04",,,,
Cambria Hotel,2026-09-17T11:35:42,200-892-382,PLB-202-883,5538965852,,ABIOYE,TUNDE,"2026-09-18","2026-09-19",1,Standard-Double room-Ensuite,Base Rate,Room 7,,2,0,GBP,44.00,44.00,44.00,0.00,Online,Booking.com,Booking.com,On Account,Confirmed,,atunde.109736@guest.booking.com,+44 7833 874602,,"Non-Smoking  There is no meal option with this room. Children and Extra Bed Policy: Children of any age are allowed. You haven't added any cots. You haven't added any extra beds. The maximum number of guests is 2.  Deposit Policy: The guest will be charged a prepayment of the total price of the reservation at any time.  Cancellation Policy: The guest can cancel free of charge until 7 days before arrival. The guest will be charged the total price of the reservation if they cancel in the 7 days before arrival.  payment_on_Booking.com (Payout type: BankTransfer)  ** THIS RESERVATION HAS BEEN PRE-PAID ** BOOKING NOTE : Payment charge is GBP 0.704  Genius Booker ",,,,,"2026-09-17",,,,
Amsterdam Hotel,2026-09-14T20:33:44,205-195-224,YPI-299-593,6998125934,,Lekan,Adebayo,"2026-09-18","2026-09-20",2,Compact-Double room-Ensuite/Amsterdam,Non Refundable rate,Room 14 3RD Floor Refurbished,,1,0,GBP,217.08,217.08,217.08,0.00,Online,Booking.com,Booking.com,On Account,Confirmed,,ladeba.595463@guest.booking.com,+353 83 016 1216,,"Genius Rate  Non-Smoking  There is no meal option with this room. Children and Extra Bed Policy: Children of any age are allowed. You haven't added any cots. You haven't added any extra beds. The maximum number of guests is 2.  Deposit Policy: The guest will be charged a prepayment of the total price of the reservation at any time.  Cancellation Policy: The guest will be charged the total price of the reservation if they cancel at any time.  payment_on_Booking.com (Payout type: BankTransfer)  ** THIS RESERVATION HAS BEEN PRE-PAID ** Reservation has a cancellation grace period. Do not charge if cancelled before 2026-09-15 21:32:26 BOOKING NOTE : Payment charge is GBP 3.47328  Genius Booker ",,,,,"2026-09-14",,,,
Bonair Hotel,2026-08-17T22:26:35,212-902-201,NIV-682-002,6602733052,,Dawn,Martin,"2026-09-18","2026-09-20",2,Sea view-Triple room-Ensuite,Base Rate,Room 10,,2,0,GBP,126.00,126.00,126.00,0.00,Online,Booking.com,Booking.com,On Account,Confirmed,,dmarti.864571@guest.booking.com,+44 7983 310632,,"payment_on_Booking.com (Payout type: BankTransfer)  Non-Smoking  ** THIS RESERVATION HAS BEEN PRE-PAID ** BOOKING NOTE : Payment charge is GBP 2.016  Genius Booker  There is no meal option with this room. Children and Extra Bed Policy: Children of any age are allowed. You haven't added any cots. You haven't added any extra beds. The maximum number of guests is 3.  Deposit Policy: The guest will be charged a prepayment of the total price of the reservation at any time.  Cancellation Policy: The guest can cancel free of charge until 7 days before arrival. The guest will be charged the total price of the reservation if they cancel in the 7 days before arrival. If the guest doesn’t show up, they will be charged the total price of the reservation.",,,,,"2026-08-17",,,,
La Casa Studios Near Hyde Park,2026-08-04T20:59:57,220-568-414,CSU-440-594,6314292106,,Maduli,Federica,"2026-09-18","2026-09-22",4,Large Studio - Ensuite - La Casa,,Studio 14,,2,0,GBP,0.00,0.00,0.00,0.00,Online,Booking.com,Booking.com,On Account,Canceled,,mfeder.766556@guest.booking.com,+39 346 862 5368,,"Genius Rate  Non-Smoking  There is no meal option with this room. Children and Extra Bed Policy: Children of any age are allowed. You haven't added any cots. You haven't added any extra beds. The maximum number of guests is 2.  Deposit Policy: The guest will be charged a prepayment of the total price of the reservation at any time.  Cancellation Policy: The guest can cancel free of charge until 5 days before arrival. The guest will be charged the total price of the reservation if they cancel in the 5 days before arrival.  payment_on_Booking.com (Payout type: BankTransfer)  ** THIS RESERVATION HAS BEEN PRE-PAID ** BOOKING NOTE : Payment charge is GBP 6.4928  Genius Booker ",,,,,"2026-08-04",,,,
The Beresford Hotel,2026-09-17T11:22:17,225-691-462,SSK-733-420,,,,Adam Shaire,"2026-09-18","2026-09-22",4,Single room-Standard-Ensuite,Base Rate,315,,1,0,GBP,180.00,180.00,180.00,0.00,Direct,,,On Account,Confirmed,,,,,,,,,,"2026-09-17",,,,
La Casa Studios Near Hyde Park,2026-08-01T17:05:44,232-226-982,VTN-023-312,5415753341,,Ana,Aguila Espejo,"2026-09-18","2026-09-20",2,Family-Studio-Ensuite-Quad - La Casa,Base Rate,Studio 16,,4,0,GBP,245.60,245.60,210.60,35.00,Online,Booking.com,Booking.com,On Account,Confirmed,,aespej.305598@guest.booking.com,+34 642 03 00 85,,"Genius Rate  Non-Smoking  There is no meal option with this room. Children and Extra Bed Policy: Children of any age are allowed. You haven't added any cots. You haven't added any extra beds. The maximum number of guests is 4.  Deposit Policy: The guest will be charged a prepayment of the total price of the reservation at any time.  Cancellation Policy: The guest can cancel free of charge until 5 days before arrival. The guest will be charged the total price of the reservation if they cancel in the 5 days before arrival.  payment_on_Booking.com (Payout type: BankTransfer)  ** THIS RESERVATION HAS BEEN PRE-PAID ** BOOKING NOTE : Payment charge is GBP 3.9296  Genius Booker ",,,,,"2026-08-01",,,,
Cambria Hotel,2026-05-22T14:08:32,248-445-011,OGO-534-120,5967364013,,Alison,jelliman,"2026-09-18","2026-09-20",2,Standard-Single room-Ensuite,Base Rate,Room 25,,1,0,GBP,60.00,120.00,60.00,0.00,Online,Booking.com,Booking.com,On Account,Confirmed,,ajelli.490664@guest.booking.com,+44 7751 222171,,"Group: 2 x Adult, 0 x Child  Non-Smoking  There is no meal option with this room. Children and Extra Bed Policy: Children of any age are allowed. You haven't added any cots. You haven't added any extra beds. The maximum number of guests is 1.  Deposit Policy: The guest will be charged a prepayment of the total price of the reservation at any time.  Cancellation Policy: The guest can cancel free of charge until 7 days before arrival. The guest will be charged the total price of the reservation if they cancel in the 7 days before arrival.  payment_on_Booking.com (Payout type: BankTransfer)  ** THIS RESERVATION HAS BEEN PRE-PAID ** Approximate time of arrival: between 14:00 and 15:00 This guest would like the rooms in this booking to be close together if possible. BOOKING NOTE : Payment charge is GBP 1.92  Genius Booker ",,,,,"2026-05-22",,,,
Avalon Guest house,2026-08-30T14:38:35,263-895-032,XUT-547-047,5942536767,,Terry,McColm,"2026-09-18","2026-09-19",1,Deluxe-Double room-Ensuite with Bath,Base Rate,Room 7,,1,0,GBP,83.43,166.86,83.43,0.00,Online,Booking.com,Booking.com,On Account,Confirmed,,tmccol.350620@guest.booking.com,+44 7795 556160,,"Group: 2 x Adult, 0 x Child  Non-Smoking  Promos: Mobile(App) Rate  There is no meal option with this room. Children and Extra Bed Policy: Children of any age are allowed. You haven't added any cots. You haven't added any extra beds. The maximum number of guests is 1.  Deposit Policy: The guest will be charged a prepayment of the total price of the reservation at any time.  Cancellation Policy: The guest will be charged the total price of the reservation if they cancel at any time.  payment_on_Booking.com (Payout type: BankTransfer)  ** THIS RESERVATION HAS BEEN PRE-PAID ** BOOKING NOTE : Payment charge is GBP 2.66976  Genius Booker ",,,,,"2026-08-30",,,,
Amsterdam Hotel,2026-07-23T15:37:41,265-139-421,UAX-950-128,6963567385,,Anna,Bini,"2026-09-18","2026-09-24",6,Deluxe-Triple room-Ensuite/Amsterdam,Flexible 48 hours,Room 10 2ND Floor,,2,1,GBP,606.09,606.09,606.09,0.00,Online,Booking.com,Booking.com,On Account,Confirmed,,abini.276175@guest.booking.com,+39 348 904 3838,,"Child Ages: 5  Genius Rate  Non-Smoking  There is no meal option with this room. Children and Extra Bed Policy: Children of any age are allowed. You haven't added any cots. You haven't added any extra beds. The maximum number of guests is 3.  Deposit Policy: The guest will be charged a prepayment of the total price of the reservation at any time.  Cancellation Policy: The guest can cancel free of charge until 2 days before arrival. The guest will be charged the total price of the reservation if they cancel in the 2 days before arrival.  payment_on_Booking.com (Payout type: BankTransfer)  ** THIS RESERVATION HAS BEEN PRE-PAID ** BOOKING NOTE : Payment charge is GBP 9.69744  Genius Booker ",,,,,"2026-07-23",,,,
Avalon Guest house,2026-03-24T10:18:59,265-254-614,UKQ-751-991,1418fb94e984-d52229f2b345e2363997f864346242d8@airbnb.com,,Reserved,iCal,"2026-09-18","2026-09-21",3,Modern Standard Double room ensuite,,No. 13 - Room 5,,1,0,GBP,0.00,0.00,0.00,0.00,iCal,ical1,,Deposit (Variable),Canceled,,,,,,,,,,"2026-03-24",,,,
London Gatwick Inn,2026-02-22T18:49:08,284-455-861,UDH-993-093,2399331882,,Ashley,Gale,"2026-09-18","2026-09-19",1,Double Room,Base Rate,201,,1,0,GBP,61.61,61.61,61.61,0.00,Online,Hotels.com,Expedia & Affiliate Network,On Account,Confirmed,,nqnrntrxvt@m.expediapartnercentral.com,447745718190,,"Ashley|Gale|2|2 ",,,,,"2026-02-22",,,,
London Gatwick Inn,2026-08-28T11:00:12,289-134-244,OSA-627-079,5661418960,,Sara,Hajar El Manqouchy,"2026-09-18","2026-09-19",1,Twin,Base Rate,301,,2,0,GBP,47.79,47.79,47.79,0.00,Online,Booking.com,Booking.com,On Account,Confirmed,,smanqo.973859@guest.booking.com,+34 642 89 41 18,,"Genius Rate  Non-Smoking  Promos: Mobile(App) Rate  There is no meal option with this room. Children and Extra Bed Policy: Children ages 6 and older are allowed. You haven't added any cots. You haven't added any extra beds. The maximum number of guests is 2.  Deposit Policy: The guest will be charged a prepayment of the total price of the reservation at any time.  Cancellation Policy: The guest will be charged the total price of the reservation if they cancel at any time.  payment_on_Booking.com (Payout type: BankTransfer)  ** THIS RESERVATION HAS BEEN PRE-PAID ** BOOKING NOTE : Payment charge is GBP 0.76464  Genius Booker ",,,,,"2026-08-28",,,,
The Dolphin Hotel,2026-05-12T17:55:36,291-253-261,AKJ-270-211,2458803342,,Patrick,Mallion,"2026-09-18","2026-09-28",10,Standard-Double room-Ensuite,Non Refundable,Room 221,,1,0,GBP,426.91,426.91,426.91,0.00,Online,Expedia,Expedia & Affiliate Network,On Account,Confirmed,,9yiuxswe84@m.expediapartnercentral.com,1111111111111,,"1 Double Bed Expedia collects payment from traveler: Hotel invoices Expedia. ",,,,,"2026-05-12",,,,
Avalon Guest house,2026-09-15T02:17:32,291-629-882,GRF-432-505,1418fb94e984-cafe5cb8aea45a0233f0b6725ca1682e@airbnb.com,,Reserved,iCal,"2026-09-18","2026-09-19",1,Single room-Standard-Ensuite,Base Rate,No. 13 - Room B1,,1,0,GBP,0.00,0.00,0.00,0.00,iCal,ical1,,Deposit (Variable),Confirmed,,,,,Reservation URL: https://www.airbnb.com/hosting/reservations/details/HMFSPKQYEW,,,,,"2026-09-15",,,,
Cluny Hill Hotel,2026-06-27T14:11:06,292-351-962,HVZ-186-800,5653777011,,Cheryl,Rex,"2026-09-18","2026-09-21",3,Standard Twin room ,,Room 41,,2,0,GBP,0.00,0.00,0.00,0.00,Online,Booking.com,Booking.com,On Account,Canceled,,crex.394107@guest.booking.com,+44 793313822,,"Genius Rate  Non-Smoking  Promos: Mobile(MDot) Rate  There is no meal option with this room. Children and Extra Bed Policy: Children of any age are allowed. You haven't added any cots. You haven't added any extra beds. The maximum number of guests is 2.  Deposit Policy: The guest will be charged a prepayment of the total price of the reservation at any time.  Cancellation Policy: The guest can cancel free of charge until 5 days before arrival. The guest will be charged the total price of the reservation if they cancel in the 5 days before arrival.  payment_on_Booking.com (Payout type: BankTransfer)  ** THIS RESERVATION HAS BEEN PRE-PAID ** BOOKING NOTE : Payment charge is GBP 2.82528  Genius Booker ",,,,,"2026-06-27",,,,
La Casa Studios Near Hyde Park,2026-08-01T21:45:50,295-636-224,POY-559-443,5331943472,,Samanta,Wierzbicka,"2026-09-18","2026-09-21",3,Standard-Studio-Ensuite-Basement level -La Casa,,Studio 6,,2,0,GBP,0.00,0.00,0.00,0.00,Online,Booking.com,Booking.com,On Account,Canceled,,swierz.628271@guest.booking.com,+48 662 250 388,,"Genius Rate  Non-Smoking  There is no meal option with this room. Children and Extra Bed Policy: Children of any age are allowed. You haven't added any cots. You haven't added any extra beds. The maximum number of guests is 2.  Deposit Policy: The guest will be charged a prepayment of the total price of the reservation at any time.  Cancellation Policy: The guest can cancel free of charge until 5 days before arrival. The guest will be charged the total price of the reservation if they cancel in the 5 days before arrival.  payment_on_Booking.com (Payout type: BankTransfer)  ** THIS RESERVATION HAS BEEN PRE-PAID ** BOOKING NOTE : Payment charge is GBP 4.15568  Genius Booker ",,,,,"2026-08-01",,,,
Sachi Hotel,2026-07-27T22:08:41,296-681-642,UMV-874-126,6588086812,,Greedy,Elin,"2026-09-18","2026-09-19",1,Comfort Double room External Bathroom,,Room 12 3rd F,,2,0,GBP,0.00,0.00,0.00,0.00,Online,Booking.com,Booking.com,On Account,Canceled,,gelin.166468@guest.booking.com,+44 7596 533197,,"Non-Smoking  Promos: Mobile(App) Rate  There is no meal option with this room. Children and Extra Bed Policy: Children of any age are allowed. You haven't added any cots. You haven't added any extra beds. The maximum number of guests is 2.  Deposit Policy: The guest will be charged a prepayment of the total price of the reservation at any time.  Cancellation Policy: The guest can cancel free of charge until 5 days before arrival. The guest will be charged the total price of the reservation if they cancel in the 5 days before arrival.  payment_on_Booking.com (Payout type: BankTransfer)  ** THIS RESERVATION HAS BEEN PRE-PAID ** BOOKING NOTE : Payment charge is GBP 1.2672  Genius Booker ",,,,,"2026-07-27",,,,
The Carlton Hotel,2026-09-15T20:16:48,301-982-122,WFD-557-854,,,Alin,Prtrencivc ,"2026-09-18","2026-09-20",2,Classic Double room Ensuite,Base Rate,Room 222,,1,0,GBP,98.00,98.00,98.00,0.00,Direct,,,On Account,Confirmed,,,,,,,,,,"2026-09-15",,,,
Cluny Hill Hotel,2026-08-09T16:09:51,303-398-022,EHS-978-598,6889258492,,Susan,law,"2026-09-18","2026-09-21",3,Standard Double room,,Room 42,,2,0,GBP,0.00,0.00,0.00,0.00,Online,Booking.com,Booking.com,On Account,Canceled,,slaw.228478@guest.booking.com,+44 7514 704425,,"Genius Rate  Non-Smoking  Promos: Mobile(MDot) Rate  There is no meal option with this room. Children and Extra Bed Policy: Children of any age are allowed. You haven't added any cots. You haven't added any extra beds. The maximum number of guests is 2.  Deposit Policy: The guest will be charged a prepayment of the total price of the reservation at any time.  Cancellation Policy: The guest can cancel free of charge until 5 days before arrival. The guest will be charged the total price of the reservation if they cancel in the 5 days before arrival.  payment_on_Booking.com (Payout type: BankTransfer)  ** THIS RESERVATION HAS BEEN PRE-PAID ** Approximate time of arrival: between 03:00 and 04:00 BOOKING NOTE : Payment charge is GBP 2.16144  Genius Booker ",,,,,"2026-08-09",,,,
Wembar Hotel,2026-03-11T22:18:29,309-336-891,SSP-915-170,5928700629,,Bernard,Jaffard,"2026-09-18","2026-09-24",6,Single room-Standard-Ensuite with Shower,Base Rate,Room 12,,1,0,GBP,415.65,415.65,415.65,0.00,Online,Booking.com,Booking.com,On Account,Confirmed,,bjaffa.843789@guest.booking.com,+33 6 14 70 16 28,,"Non-Smoking  Promos: Mobile(MDot) Rate  There is no meal option with this room. Children and Extra Bed Policy: Children ages 1 and older are allowed. You haven't added any cots. You haven't added any extra beds. The maximum number of guests is 1.  Deposit Policy: The guest will be charged a prepayment of the total price of the reservation at any time.  Cancellation Policy: The guest can cancel free of charge until 3 days before arrival. The guest will be charged the total price of the reservation if they cancel in the 3 days before arrival.  payment_on_Booking.com (Payout type: BankTransfer)  ** THIS RESERVATION HAS BEEN PRE-PAID ** BOOKING NOTE : Payment charge is GBP 6.6504 ",,,,,"2026-03-11",,,,
Fab Guest House,2026-09-14T19:07:31,309-383-682,GJA-185-650,5811387245,,Ethan,Ward,"2026-09-18","2026-09-19",1,Standard Double room Ensuite,Base Rate,Room 7,,2,0,GBP,78.25,78.25,78.25,0.00,Online,Booking.com,Booking.com,On Account,Confirmed,,eward.942594@guest.booking.com,+44 7729 378892,,"Genius Rate  Non-Smoking  Promos: non - refundable STD DBL  There is no meal option with this room. Children and Extra Bed Policy: Children of any age are allowed. You haven't added any cots. You haven't added any extra beds. The maximum number of guests is 2.  Deposit Policy: The guest will be charged a prepayment of the total price of the reservation at any time.  Cancellation Policy: The guest will be charged the total price of the reservation if they cancel at any time.  payment_on_Booking.com (Payout type: BankTransfer)  ** THIS RESERVATION HAS BEEN PRE-PAID ** Reservation has a cancellation grace period. Do not charge if cancelled before 2026-09-15 20:06:13 we already have a booking for saturday-sunday, please could we keep the same room for the 2 nights that we are staying thank you BOOKING NOTE : Payment charge is GBP 1.252  Genius Booker ",,,,,"2026-09-14",,,same guest,
Savoy Hotel,2026-09-08T22:52:39,310-595-591,CDJ-164-047,5059932021,,Hussain,mohammad,"2026-09-18","2026-09-20",2,Double room-Standard-Ensuite-Balcony-Sea View-Birchfield,Non refundable,Room 301 brichfield,,2,0,GBP,276.00,176.00,176.00,100.00,Online,Booking.com,Booking.com,On Account,Confirmed,,hmoham.971598@guest.booking.com,+44 7516 426960,,"Non-Smoking  There is no meal option with this room. Children and Extra Bed Policy: Children of any age are allowed. You haven't added any cots. You haven't added any extra beds. The maximum number of guests is 2.  Deposit Policy: The guest will be charged a prepayment of the total price of the reservation at any time.  Cancellation Policy: The guest will be charged the total price of the reservation if they cancel at any time.  payment_on_Booking.com (Payout type: BankTransfer)  ** THIS RESERVATION HAS BEEN PRE-PAID ** It's a double celebration, my birthday and anniversary. Possibly a sea view would be great. Anything you could help me with would be awesome to make our weekend memorable. BOOKING NOTE : Payment charge is GBP 2.816  Genius Booker ",,,,,"2026-09-08",,,,
The Kirkdale Hotel,2026-09-17T06:15:48,315-681-361,IZH-797-140,6546230809,,Natalia,Chmiel,"2026-09-18","2026-09-19",1,Standard Double room Ensuite,Non Refundable,Room 17 - 2nd F,,2,0,GBP,53.33,53.33,53.33,0.00,Online,Booking.com,Booking.com,On Account,Confirmed,,nchmie.159715@guest.booking.com,+44 7901 644142,,"Genius Rate  Non-Smoking  There is no meal option with this room. Children and Extra Bed Policy: Children of any age are allowed. You haven't added any cots. You haven't added any extra beds. The maximum number of guests is 2.  Deposit Policy: The guest will be charged a prepayment of the total price of the reservation at any time.  Cancellation Policy: The guest will be charged the total price of the reservation if they cancel at any time.  payment_on_Booking.com (Payout type: BankTransfer)  ** THIS RESERVATION HAS BEEN PRE-PAID ** BOOKING NOTE : Payment charge is GBP 0.85328  Genius Booker ",,,,,"2026-09-17",,,,
Amsterdam Hotel,2026-07-23T12:38:45,320-586-052,CFN-872-510,5230832504,,Ciera,Gamble,"2026-09-18","2026-09-20",2,Deluxe-Triple room-Ensuite/Amsterdam,Non Refundable Rate,Room 9 2ND Floor Refurbished,,3,0,GBP,207.68,207.68,207.68,0.00,Online,Booking.com,Booking.com,On Account,Confirmed,,cgambl.196228@guest.booking.com,+44 7852 575325,,"Genius Rate  Non-Smoking  There is no meal option with this room. Children and Extra Bed Policy: Children of any age are allowed. You haven't added any cots. You haven't added any extra beds. The maximum number of guests is 3.  Deposit Policy: The guest will be charged a prepayment of the total price of the reservation at any time.  Cancellation Policy: The guest will be charged the total price of the reservation if they cancel at any time.  payment_on_Booking.com (Payout type: BankTransfer)  ** THIS RESERVATION HAS BEEN PRE-PAID ** Reservation has a cancellation grace period. Do not charge if cancelled before 2026-07-24 13:37:30 BOOKING NOTE : Payment charge is GBP 3.32288  Genius Booker ",,,,,"2026-07-23",,,,
Fab Guest House,2026-08-30T13:52:37,322-566-991,APY-222-738,,,,Colin's Ical,"2026-09-18","2026-09-22",4,Standard Basement Double Room,,Room 14,,1,0,GBP,0.00,0.00,0.00,0.00,Direct,,,On Account,Canceled,,,,,Paid Via OTA Confirmation Code: HM8N9DQ5J3,,,,,"2026-08-30",,,,
The Kirkdale Hotel,2026-08-11T07:01:18,326-423-991,GHD-488-621,5012638150,,Emmanuella,Afrane,"2026-09-18","2026-09-21",3,Standard Single room Ensuite,Non Refundable,Room 15 - 1st F,,1,0,GBP,147.31,147.31,147.31,0.00,Online,Booking.com,Booking.com,On Account,Confirmed,,eafran.152518@guest.booking.com,+44 7909 355044,,"Genius Rate  Non-Smoking  There is no meal option with this room. Children and Extra Bed Policy: Children of any age are allowed. You haven't added any cots. You haven't added any extra beds. The maximum number of guests is 1.  Deposit Policy: The guest will be charged a prepayment of the total price of the reservation at any time.  Cancellation Policy: The guest will be charged the total price of the reservation if they cancel at any time.  payment_on_Booking.com (Payout type: BankTransfer)  ** THIS RESERVATION HAS BEEN PRE-PAID ** Reservation has a cancellation grace period. Do not charge if cancelled before 2026-08-12 07:59:59 Approximate time of arrival: between 22:00 and 23:00 BOOKING NOTE : Payment charge is GBP 2.35696  Genius Booker ",,,,,"2026-08-11",,,,
Modern Studios Close To Hyde Park,2026-01-25T16:28:47,328-519-211,WNF-875-161,5505122399,,Lorraine,Siddle,"2026-09-18","2026-09-21",3,Standard-Studio-Ensuite,,Flat 13 (double) Half 1st,,2,0,GBP,0.00,0.00,0.00,0.00,Online,Booking.com,Booking.com,On Account,Canceled,,lsiddl.582770@guest.booking.com,+44 7517 598244,,"Group: 4 x Adult, 0 x Child  payment_on_Booking.com (Payout type: BankTransfer)  Non-Smoking  ** THIS RESERVATION HAS BEEN PRE-PAID ** BOOKING NOTE : Payment charge is GBP 10.896  Genius Booker  Promos: Domestic  There is no meal option with this room. Children and Extra Bed Policy: Children of any age are allowed. You haven't added any cots. You haven't added any extra beds. The maximum number of guests is 2.  Deposit Policy: The guest will be charged a prepayment of the total price of the reservation at any time.  Cancellation Policy: The guest can cancel free of charge until 2 days before arrival. The guest will be charged the total price of the reservation if they cancel in the 2 days before arrival.",,,,,"2026-01-25",,,,
The Carlton Hotel,2026-09-11T19:54:00,329-128-532,UBI-893-048,6277563330,,Paul,Bull,"2026-09-18","2026-09-19",1,Family Triple Room Ensuite,Non Refundable,Room 201,,3,0,GBP,65.61,65.61,65.61,0.00,Online,Booking.com,Booking.com,On Account,Confirmed,,pbull.161382@guest.booking.com,+44 7450 113468,,"Non-Smoking  Promos: Mobile(App) Rate  There is no meal option with this room. Children and Extra Bed Policy: Children of any age are allowed. You haven't added any cots. You haven't added any extra beds. The maximum number of guests is 3.  Deposit Policy: The guest will be charged a prepayment of the total price of the reservation at any time.  Cancellation Policy: The guest will be charged the total price of the reservation if they cancel at any time.  payment_on_Booking.com (Payout type: BankTransfer)  ** THIS RESERVATION HAS BEEN PRE-PAID ** BOOKING NOTE : Payment charge is GBP 1.04976  Genius Booker ",,,,,"2026-09-11",,,,
The Kirkdale Hotel,2026-09-14T14:42:34,331-231-294,ZHK-213-714,5750945050,,Billy,Troakes,"2026-09-18","2026-09-19",1,Standard Double room Ensuite,Non Refundable,Room 3 - GF,,2,0,GBP,46.73,46.73,46.73,0.00,Online,Booking.com,Booking.com,On Account,Confirmed,,btroak.358761@guest.booking.com,+44 7961 654476,,"Genius Rate  Non-Smoking  There is no meal option with this room. Children and Extra Bed Policy: Children of any age are allowed. You haven't added any cots. You haven't added any extra beds. The maximum number of guests is 2.  Deposit Policy: The guest will be charged a prepayment of the total price of the reservation at any time.  Cancellation Policy: The guest will be charged the total price of the reservation if they cancel at any time.  payment_on_Booking.com (Payout type: BankTransfer)  ** THIS RESERVATION HAS BEEN PRE-PAID ** Reservation has a cancellation grace period. Do not charge if cancelled before 2026-09-15 15:41:17 BOOKING NOTE : Payment charge is GBP 0.74768  Genius Booker ",,,,,"2026-09-14",,,,
Number 19 Brighton,2026-07-22T12:12:03,331-245-281,XED-910-773,5202075927,,Fraser,Graham,"2026-09-18","2026-09-23",5,Standard-Double room-Ensuite,Base Rate,Room 07,,1,0,GBP,533.38,533.38,533.38,0.00,Online,Booking.com,Booking.com,On Account,Confirmed,,fgraha.457534@guest.booking.com,+44 7510 908412,,"Non-Smoking  Promos: Domestic  There is no meal option with this room. Children and Extra Bed Policy: Children of any age are allowed. You haven't added any cots. You haven't added any extra beds. The maximum number of guests is 2.  Deposit Policy: The guest will be charged a prepayment of the total price of the reservation at any time.  Cancellation Policy: The guest can cancel free of charge until 7 days before arrival. The guest will be charged the total price of the reservation if they cancel in the 7 days before arrival. If the guest doesn’t show up, they will be charged the total price of the reservation.  payment_on_Booking.com (Payout type: BankTransfer)  ** THIS RESERVATION HAS BEEN PRE-PAID ** BOOKING NOTE : Payment charge is GBP 8.53408 Approximate time of arrival: between 15:00 and 16:00  Genius Booker ",,,,,"2026-07-22",,,,
Cambria Hotel,2026-05-22T14:08:32,331-590-331,OGO-534-120,5967364013,,Alison,jelliman,"2026-09-18","2026-09-20",2,Standard-Single room-Ensuite,Base Rate,Room 16,,1,0,GBP,60.00,See 248-445-011,60.00,0.00,Online,Booking.com,Booking.com,On Account,Confirmed,,ajelli.490664@guest.booking.com,+44 7751 222171,,"Group: 2 x Adult, 0 x Child  Non-Smoking  There is no meal option with this room. Children and Extra Bed Policy: Children of any age are allowed. You haven't added any cots. You haven't added any extra beds. The maximum number of guests is 1.  Deposit Policy: The guest will be charged a prepayment of the total price of the reservation at any time.  Cancellation Policy: The guest can cancel free of charge until 7 days before arrival. The guest will be charged the total price of the reservation if they cancel in the 7 days before arrival.  payment_on_Booking.com (Payout type: BankTransfer)  ** THIS RESERVATION HAS BEEN PRE-PAID ** Approximate time of arrival: between 14:00 and 15:00 This guest would like the rooms in this booking to be close together if possible. BOOKING NOTE : Payment charge is GBP 1.92  Genius Booker ",,,,,"2026-05-22",,,,
Modern Studios Close To Hyde Park,2026-08-04T22:42:15,334-455-434,IXZ-065-953,2526718909,,Marie-france,Chiavazza,"2026-09-18","2026-09-23",5,Standard-Studio-Ensuite-Basement level LG,,Flat 1 BF,,2,0,GBP,0.00,0.00,0.00,0.00,Online,Expedia,Expedia & Affiliate Network,On Account,Canceled,,i8j8pmrfph@m.expediapartnercentral.com,11111111111,,"Expedia collects payment from traveler: Hotel invoices Expedia. ",,,,,"2026-08-04",,,,
Bonair Hotel,2026-09-06T20:26:00,335-408-442,JAX-407-225,5655708140,,Elise,Clarke,"2026-09-18","2026-09-20",2,Standard-Double room-Ensuite,,Room 9,,2,0,GBP,0.00,0.00,0.00,0.00,Online,Booking.com,Booking.com,On Account,Canceled,,eclark.752359@guest.booking.com,+44 7359 844452,,"Non-Smoking  There is no meal option with this room. Children and Extra Bed Policy: Children of any age are allowed. You haven't added any cots. You haven't added any extra beds. The maximum number of guests is 2.  Deposit Policy: No prepayment is needed.  Cancellation Policy: The guest can cancel free of charge until 2 days before arrival. The guest will be charged the total price of the reservation if they cancel in the 2 days before arrival.  payment_on_Booking.com (Payout type: BankTransfer)  ** THIS RESERVATION HAS BEEN PRE-PAID ** BOOKING NOTE : Payment charge is GBP 1.8048  Genius Booker ",,,,,"2026-09-06",,,,
Cluny Hill Hotel,2026-09-16T10:01:08,348-329-861,VAG-982-532,2560105964,,Neil,Butler,"2026-09-18","2026-09-21",3,Standard Family Room,Non refundable,Room 78,,1,0,GBP,164.24,164.24,164.24,0.00,Online,Expedia,Expedia & Affiliate Network,On Account,Confirmed,,uosb2fj2w0@m.expediapartnercentral.com,111111111111,,"Expedia collects payment from traveler: Hotel invoices Expedia. ",,,,,"2026-09-16",,,,
Sachi Hotel,2026-08-13T14:24:00,351-083-522,JCY-006-875,6369782589,,Lusungu,Chikamata,"2026-09-18","2026-09-19",1,Standard Double Studio,Base Rate,Room 3 GF,,2,0,GBP,111.60,111.60,111.60,0.00,Online,Booking.com,Booking.com,On Account,Confirmed,,lchika.288978@guest.booking.com,+44 7535 703689,,"Non-Smoking  Promos: Mobile(MDot) Rate  There is no meal option with this room. Children and Extra Bed Policy: Children of any age are allowed. You haven't added any cots. You haven't added any extra beds. The maximum number of guests is 2.  Deposit Policy: The guest will be charged a prepayment of the total price of the reservation at any time.  Cancellation Policy: The guest can cancel free of charge until 5 days before arrival. The guest will be charged the total price of the reservation if they cancel in the 5 days before arrival.  payment_on_Booking.com (Payout type: BankTransfer)  ** THIS RESERVATION HAS BEEN PRE-PAID ** Approximate time of arrival: between 13:00 and 14:00 It's my wife's birthday so anything you can do will be so very appreciated, after a tough year going back to work since the baby BOOKING NOTE : Payment charge is GBP 1.7856 ",,,,,"2026-08-13",,,Early check in requested,
Savoy Hotel,2026-08-18T20:03:26,354-402-311,HHF-370-202,6586044261,,Sean-Anthony,Sutherland,"2026-09-18","2026-09-20",2,Twin room-Standard-Ensuite-Brichfield,Non Refundable,Room 404 brichfield,,2,0,GBP,251.00,151.00,151.00,100.00,Online,Booking.com,Booking.com,On Account,Confirmed,,ssuthe.772676@guest.booking.com,+44 7525 929078,,"Non-Smoking  There is no meal option with this room. Children and Extra Bed Policy: Children of any age are allowed. You haven't added any cots. You haven't added any extra beds. The maximum number of guests is 2.  Deposit Policy: The guest will be charged a prepayment of the total price of the reservation at any time.  Cancellation Policy: The guest will be charged the total price of the reservation if they cancel at any time.  payment_on_Booking.com (Payout type: BankTransfer)  ** THIS RESERVATION HAS BEEN PRE-PAID ** BOOKING NOTE : Payment charge is GBP 2.416 Approximate time of arrival: between 15:00 and 16:00  Genius Booker ",,,,,"2026-08-18",,,,
Avalon Guest house,2025-09-25T19:19:52,358-165-324,WKD-216-653,5526842424,,Usha,Patel,"2026-09-18","2026-09-20",2,Double room-Standard-Ensuite,,Room 8,,2,0,GBP,0.00,0.00,0.00,0.00,Online,Booking.com,Booking.com,On Account,Canceled,,upatel.173832@guest.booking.com,+44 7702 008834,,"Non-Smoking  Promos: Mobile(App) Rate  There is no meal option with this room. Children and Extra Bed Policy: Children of any age are allowed. You haven't added any cots. You haven't added any extra beds. The maximum number of guests is 2.  Deposit Policy: The guest will be charged a prepayment of the total price of the reservation at any time.  Cancellation Policy: The guest can cancel free of charge until 5 days before arrival. The guest will be charged the total price of the reservation if they cancel in the 5 days before arrival.  payment_on_Booking.com (Payout type: BankTransfer)  ** THIS RESERVATION HAS BEEN PRE-PAID ** BOOKING NOTE : Payment charge is GBP 1.9152  Genius Booker ",,,,,"2025-09-25",,,,
Number 19 Brighton,2026-01-15T16:49:48,361-233-211,JWP-473-111,6095153752,,Paul,Coe,"2026-09-18","2026-09-20",2,Standard-Double room-Ensuite,,Room 04,,2,0,GBP,0.00,0.00,0.00,0.00,Online,Booking.com,Booking.com,On Account,Canceled,,pcoe.527537@guest.booking.com,+44 7773 322662,,"Non-Smoking  Promos: Mobile(App) Rate  There is no meal option with this room. Children and Extra Bed Policy: Children of any age are allowed. You haven't added any cots. You haven't added any extra beds. The maximum number of guests is 2.  Deposit Policy: The guest will be charged a prepayment of the total price of the reservation at any time.  Cancellation Policy: The guest can cancel free of charge until 7 days before arrival. The guest will be charged the total price of the reservation if they cancel in the 7 days before arrival. If the guest doesn’t show up, they will be charged the total price of the reservation.  payment_on_Booking.com (Payout type: BankTransfer)  ** THIS RESERVATION HAS BEEN PRE-PAID ** BOOKING NOTE : Payment charge is GBP 2.52  Genius Booker ",,,,,"2026-01-15",,,,
Cluny Hill Hotel,2026-09-14T09:50:52,361-424-842,DIC-810-188,6692249412,,Sue,Doyle,"2026-09-18","2026-09-20",2,Standard Double room,Base Rate,Room 52,,2,0,GBP,95.06,95.06,95.06,0.00,Online,Booking.com,Booking.com,On Account,Confirmed,,sdoyle.685155@guest.booking.com,+44 7514 704425,,"Genius Rate  Non-Smoking  There is no meal option with this room. Children and Extra Bed Policy: Children of any age are allowed. You haven't added any cots. You haven't added any extra beds. The maximum number of guests is 2.  Deposit Policy: The guest will be charged a prepayment of the total price of the reservation at any time.  Cancellation Policy: The guest will be charged the total price of the reservation if they cancel at any time.  payment_on_Booking.com (Payout type: BankTransfer)  ** THIS RESERVATION HAS BEEN PRE-PAID ** BOOKING NOTE : Payment charge is GBP 1.52096  Genius Booker ",,,,,"2026-09-14",,,,
London Gatwick Inn,2026-09-11T20:06:18,363-956-281,BLJ-267-368,2556670913,,STANLEYLI,OUYANG,"2026-09-18","2026-09-19",1,Twin,Base Rate,305,,2,0,GBP,58.51,58.51,58.51,0.00,Online,Expedia Affiliate Network,Expedia & Affiliate Network,On Account,Confirmed,,tx874tf01y@m.expediapartnercentral.com,111111111111,,"Flight  U28428 &lpar;Nice - London&rpar;, expect to arrive hotel after midnight 2 Twin Beds Expedia collects payment from traveler: Hotel invoices Expedia. ",,,,,"2026-09-11",,,,
Savoy Hotel,2026-06-29T14:09:33,366-283-814,HMP-007-368,5827293055,,Connor,Dancey,"2026-09-18","2026-09-20",2,Double room-Ensuite-savoy,Base Rate,Room 14,,2,0,GBP,245.00,145.00,145.00,100.00,Online,Booking.com,Booking.com,On Account,Confirmed,,cdance.634600@guest.booking.com,+44 7943 886473,,"Non-Smoking  There is no meal option with this room. Children and Extra Bed Policy: Children of any age are allowed. You haven't added any cots. You haven't added any extra beds. The maximum number of guests is 2.  Deposit Policy: The guest will be charged a prepayment of the total price of the reservation at any time.  Cancellation Policy: The guest can cancel free of charge until 7 days before arrival. The guest will be charged the total price of the reservation if they cancel in the 7 days before arrival.  payment_on_Booking.com (Payout type: BankTransfer)  ** THIS RESERVATION HAS BEEN PRE-PAID ** BOOKING NOTE : Payment charge is GBP 2.32 Approximate time of arrival: between 19:00 and 20:00  Genius Booker ",,,,,"2026-06-29",,,,
Wembar Hotel,2026-03-26T23:11:14,368-454-512,CYW-788-491,6560003460,,Steve,Shade,"2026-09-18","2026-09-20",2,Small Single Room (No Window)/Wembar,,Room 16,,1,0,GBP,0.00,0.00,0.00,0.00,Online,Booking.com,Booking.com,On Account,Canceled,,sshade.467620@guest.booking.com,+1 909 994 2293,,"Non-Smoking  Promos: International  There is no meal option with this room. Children and Extra Bed Policy: Children ages 1 and older are allowed. You haven't added any cots. You haven't added any extra beds. The maximum number of guests is 1.  Deposit Policy: The guest will be charged a prepayment of the total price of the reservation at any time.  Cancellation Policy: The guest can cancel free of charge until 3 days before arrival. The guest will be charged the total price of the reservation if they cancel in the 3 days before arrival.  payment_on_Booking.com (Payout type: BankTransfer)  ** THIS RESERVATION HAS BEEN PRE-PAID ** upper floor BOOKING NOTE : Payment charge is GBP 2.4048  Genius Booker ",,,,,"2026-03-26",,,,
Holland Rd Studios Close to Olympia London,2026-01-12T19:56:09,368-688-334,BLS-322-461,5552248636,,Beatriz,Pereira,"2026-09-18","2026-09-21",3,Quad -Deluxe-Studio-Ensuite with Bath,,Flat 6 Ground,,4,0,GBP,0.00,0.00,0.00,0.00,Online,Booking.com,Booking.com,On Account,Canceled,,bperei.249988@guest.booking.com,+351 937 613 869,,"Genius Rate  Non-Smoking  Promos: International  There is no meal option with this room. Children and Extra Bed Policy: Children of any age are allowed. You haven't added any cots. You haven't added any extra beds. The maximum number of guests is 4.  Deposit Policy: The guest will be charged a prepayment of the total price of the reservation at any time.  Cancellation Policy: The guest can cancel free of charge until 7 days before arrival. The guest will be charged the total price of the reservation if they cancel in the 7 days before arrival.  payment_on_Booking.com (Payout type: BankTransfer)  ** THIS RESERVATION HAS BEEN PRE-PAID ** BOOKING NOTE : Payment charge is GBP 5.29024  Genius Booker ",,,,,"2026-01-12",,,,
Wembar Hotel,2026-08-15T01:00:53,369-652-542,RQN-486-757,2534960069,,Zackaria,Boustani,"2026-09-18","2026-09-20",2,Double room-Standard-Ensuite with Shower/Wembar,,Room 01 - GF,,1,0,GBP,244.15,244.15,244.15,0.00,Online,Expedia Affiliate Network,Expedia & Affiliate Network,On Account,Confirmed,,tik@feijutravel.com,1111111111111,,"1 Double Bed travel purpose=leisure ",,,,,"2026-08-15",,,,
Wembar Hotel,2026-02-19T15:55:44,380-325-101,OAE-147-618,6465062560,,Amandine,Flautre,"2026-09-18","2026-09-22",4,Double room-Standard-Ensuite with Shower,,Room 20,,2,0,GBP,0.00,0.00,0.00,0.00,Online,Booking.com,Booking.com,On Account,Canceled,,aflaut.692286@guest.booking.com,+33 6 03 47 14 86,,"Non-Smoking  Promos: Mobile(App) Rate  There is no meal option with this room. Children and Extra Bed Policy: Children ages 1 and older are allowed. You haven't added any cots. You haven't added any extra beds. The maximum number of guests is 2.  Deposit Policy: The guest will be charged a prepayment of the total price of the reservation at any time.  Cancellation Policy: The guest can cancel free of charge until 3 days before arrival. The guest will be charged the total price of the reservation if they cancel in the 3 days before arrival.  payment_on_Booking.com (Payout type: BankTransfer)  ** THIS RESERVATION HAS BEEN PRE-PAID ** BOOKING NOTE : Payment charge is GBP 4.7464  Genius Booker ",,,,,"2026-02-19",,,,
Fab Guest House,2026-09-17T12:02:02,381-612-022,MZM-166-432,703049183,,Christian,Hill,"2026-09-18","2026-09-19",1,Deluxe Double Room with Bath,Non Refundable,Room 5,,2,0,GBP,70.84,70.84,70.84,0.00,Online,Agoda,Agoda,On Account,Confirmed,,cs_suppliers@agoda.com,,,"Limited Time Offer. Price includes 20% discount! ",,,,,"2026-09-17",,,,
Sachi Hotel,2026-08-12T09:34:25,381-814-504,HEO-522-270,6263573202,,Jake,Bloomfield,"2026-09-18","2026-09-19",1,Standard Triple room ,,Room 9 2nd F,,2,0,GBP,0.00,0.00,0.00,0.00,Online,Booking.com,Booking.com,On Account,Canceled,,jbloom.645468@guest.booking.com,+44 7709 341181,,"Non-Smoking  Promos: Mobile(App) Rate  There is no meal option with this room. Children and Extra Bed Policy: Children of any age are allowed. You haven't added any cots. You haven't added any extra beds. The maximum number of guests is 3.  Deposit Policy: The guest will be charged a prepayment of the total price of the reservation at any time.  Cancellation Policy: The guest can cancel free of charge until 5 days before arrival. The guest will be charged the total price of the reservation if they cancel in the 5 days before arrival.  payment_on_Booking.com (Payout type: BankTransfer)  ** THIS RESERVATION HAS BEEN PRE-PAID ** BOOKING NOTE : Payment charge is GBP 1.5984  Genius Booker ",,,,,"2026-08-12",,,,
Crofton House Hotel,2026-06-09T09:00:48,382-510-684,WMX-639-032,6358049719,,John,Brierley,"2026-09-18","2026-09-20",2,Comfort-Single room-Ensuite,Non Refundable,Cottage Single Room 8,,1,0,GBP,86.94,393.87,86.94,0.00,Online,Booking.com,Booking.com,On Account,Confirmed,,jbrier.486056@guest.booking.com,+44 7910 759516,,"Group: 4 x Adult, 0 x Child  Genius Rate  Non-Smoking  Promos: Mobile(App) Rate  There is no meal option with this room. Children and Extra Bed Policy: Children of any age are allowed. You haven't added any cots. You haven't added any extra beds. The maximum number of guests is 2.  Deposit Policy: The guest will be charged a prepayment of the total price of the reservation at any time.  Cancellation Policy: The guest will be charged the total price of the reservation if they cancel at any time.  payment_on_Booking.com (Payout type: BankTransfer)  ** THIS RESERVATION HAS BEEN PRE-PAID ** BOOKING NOTE : Payment charge is GBP 6.30192  Genius Booker ",,,,,"2026-06-09",,,,
The Rose and Crown Hotel,2026-01-05T18:08:43,383-890-931,ZSB-388-701,5581103424,,Angela,Turner,"2026-09-18","2026-09-19",1,Standard-Single room-Ensuite,,Room 304,,1,0,GBP,0.00,0.00,0.00,0.00,Online,Booking.com,Booking.com,On Account,Canceled,,aturne.459299@guest.booking.com,+44 7482 555626,,"payment_on_Booking.com (Payout type: BankTransfer)  Non-Smoking  ** THIS RESERVATION HAS BEEN PRE-PAID ** BOOKING NOTE : Payment charge is GBP 0.8784  Genius Booker  Promos: Mobile(App) Rate  There is no meal option with this room. Children and Extra Bed Policy: Children of any age are allowed. You haven't added any cots. You haven't added any extra beds. The maximum number of guests is 1.  Deposit Policy: The guest will be charged a prepayment of the total price of the reservation at any time.  Cancellation Policy: The guest can cancel free of charge until 7 days before arrival. The guest will be charged the total price of the reservation if they cancel in the 7 days before arrival.",,,,,"2026-01-05",,,,
La Casa Studios Near Hyde Park,2026-08-04T16:43:05,384-498-544,HRV-458-624,5046935059,,Samanta,Wierzbicka,"2026-09-18","2026-09-21",3,Standard-Studio-Ensuite-Basement level -La Casa,,Studio 1,,2,0,GBP,0.00,0.00,0.00,0.00,Online,Booking.com,Booking.com,On Account,Canceled,,swierz.819570@guest.booking.com,+48 662 250 388,,"Genius Rate  Non-Smoking  There is no meal option with this room. Children and Extra Bed Policy: Children of any age are allowed. You haven't added any cots. You haven't added any extra beds. The maximum number of guests is 2.  Deposit Policy: The guest will be charged a prepayment of the total price of the reservation at any time.  Cancellation Policy: The guest can cancel free of charge until 5 days before arrival. The guest will be charged the total price of the reservation if they cancel in the 5 days before arrival.  payment_on_Booking.com (Payout type: BankTransfer)  ** THIS RESERVATION HAS BEEN PRE-PAID ** BOOKING NOTE : Payment charge is GBP 5.10096 Approximate time of arrival: between 15:00 and 16:00  Genius Booker ",,,,,"2026-08-04",,,,
The Beresford Hotel,2026-06-05T22:27:04,385-232-132,FFH-325-330,6223530408,,Geoff,McDonnell,"2026-09-18","2026-09-20",2,Single room-Standard-Ensuite,,307,,1,0,GBP,0.00,0.00,0.00,0.00,Online,Booking.com,Booking.com,On Account,Canceled,,gmcdon.743513@guest.booking.com,+44 7746 098029,,"Non-Smoking  There is no meal option with this room. Children and Extra Bed Policy: Children of any age are allowed. You haven't added any cots. You haven't added any extra beds. The maximum number of guests is 1.  Deposit Policy: The guest will be charged a prepayment of the total price of the reservation at any time.  Cancellation Policy: The guest can cancel free of charge until 5 days before arrival. The guest will be charged the total price of the reservation if they cancel in the 5 days before arrival.  payment_on_Booking.com (Payout type: BankTransfer)  ** THIS RESERVATION HAS BEEN PRE-PAID ** BOOKING NOTE : Payment charge is GBP 2.208  Genius Booker ",,,,,"2026-06-05",,,,
Hammersmith Stayz,2026-08-30T21:46:00,395-431-251,PQC-962-746,5560781709,,Olubunmi,Olubamwo,"2026-09-18","2026-09-24",6,Standard Double Studio Ensuite/Hammersmith Stayz,,Studio 1 GF,,2,0,GBP,0.00,0.00,0.00,0.00,Online,Booking.com,Booking.com,On Account,Canceled,,ooluba.894153@guest.booking.com,+358 44 9870723,,"Non-Smoking  There is no meal option with this room. Children and Extra Bed Policy: Children of any age are allowed. 1 child (up to and including 2 years old) stays for free when using available cots.  You haven't added any extra beds. The maximum number of cots is 1. The maximum number of guests is 2.  Deposit Policy: The guest will be charged a prepayment of the total price of the reservation at any time.  Cancellation Policy: The guest can cancel free of charge until 5 days before arrival. The guest will be charged the total price of the reservation if they cancel in the 5 days before arrival.  payment_on_Booking.com (Payout type: BankTransfer)  ** THIS RESERVATION HAS BEEN PRE-PAID ** Approximate time of arrival: between 21:00 and 22:00 BOOKING NOTE : Payment charge is GBP 11.04  Genius Booker ",,,,,"2026-08-30",,,,
Wembar Hotel,2026-09-15T20:26:41,404-034-382,MHA-379-313,,,Heeya,Peshwari,"2026-09-18","2026-09-21",3,Triple room-Standard-Ensuite with Shower/Wembar,Non Refundable,Room 07 - 1st F,,3,0,GBP,300.00,0.00,300.00,0.00,Direct,,,On Account,Confirmed,,,,,,,,,,"2026-09-15",,,,
Avalon Guest house,2026-09-08T02:20:32,410-648-604,CVG-042-232,1418fb94e984-3e34e66a7194773099ac87aa3f932924@airbnb.com,,Malik’s,iCal,"2026-09-18","2026-09-19",1,Triple room-Standard-Ensuite,Base Rate,No. 13 - Room 6,,1,0,GBP,91.98,91.98,91.98,0.00,iCal,ical1,,Deposit (Variable),Confirmed,,,+447391599036,,"Reservation URL: https://www.airbnb.com/hosting/reservations/details/HMJ33SYYJN Malik’s group of 3 Sep 18 – 19 · 1 night R6 ocean · Tiny triple room steps from Brighton beach",,,,,"2026-09-08",,,,
Modern studios Malvern Road,2026-02-24T14:17:08,413-431-802,LQU-077-203,5644358504,,Henrietta,Hartman,"2026-09-18","2026-09-22",4,Apartment-Comfort-Ensuite,,Studio A,,4,0,GBP,0.00,0.00,0.00,0.00,Online,Booking.com,Booking.com,On Account,Canceled,,hhartm.621591@guest.booking.com,+36 20 451 5717,,"Non-Smoking  Promos: Mobile(App) Rate  There is no meal option with this room. Children and Extra Bed Policy: Children of any age are allowed. You haven't added any cots. You haven't added any extra beds. The maximum number of guests is 4.  Deposit Policy: The guest will be charged a prepayment of the total price of the reservation at any time.  Cancellation Policy: The guest can cancel free of charge until 5 days before arrival. The guest will be charged the total price of the reservation if they cancel in the 5 days before arrival.  payment_on_Booking.com (Payout type: BankTransfer)  ** THIS RESERVATION HAS BEEN PRE-PAID ** BOOKING NOTE : Payment charge is GBP 5.692  Genius Booker ",,,,,"2026-02-24",,,,
The Carlton Hotel,2026-08-06T23:30:31,414-868-064,YWL-250-604,6226783925,,Lisa,Peplar,"2026-09-18","2026-09-19",1,Classic Double room Ensuite,Non Refundable,Room 1,,2,0,GBP,67.23,157.95,67.23,0.00,Online,Booking.com,Booking.com,On Account,Confirmed,,lpepla.527186@guest.booking.com,+44 7766 450998,,"Group: 5 x Adult, 0 x Child  Non-Smoking  Promos: Mobile(MDot) Rate  There is no meal option with this room. Children and Extra Bed Policy: Children of any age are allowed. You haven't added any cots. You haven't added any extra beds. The maximum number of guests is 2.  Deposit Policy: The guest will be charged a prepayment of the total price of the reservation at any time.  Cancellation Policy: The guest will be charged the total price of the reservation if they cancel at any time.  payment_on_Booking.com (Payout type: BankTransfer)  ** THIS RESERVATION HAS BEEN PRE-PAID ** BOOKING NOTE : Payment charge is GBP 2.5272 This guest would like the rooms in this booking to be close together if possible. We will be bringing 2 dogs one is a Jack Russell & the other is a pug.  Genius Booker ",,,,,"2026-08-06",,,,
Modern Studios Close To Hyde Park,2026-08-19T08:04:11,415-483-231,FIA-216-120,2538161800,,MUHAMMAD USMAN,JAVED,"2026-09-18","2026-09-25",7,Standard-Studio-Ensuite-Basement level LG,,Flat 1 BF,,1,0,GBP,0.00,0.00,0.00,0.00,Online,Expedia,Expedia & Affiliate Network,Pay On Arrival,Canceled,,diaa4redy3@m.expediapartnercentral.com,111111111111,,"Hotel collects payment from the traveler ",,,,,"2026-08-19",,,,
Cambria Hotel,2026-08-10T11:31:46,418-315-344,CDS-018-016,5154951863,,kaylee,rose,"2026-09-18","2026-09-21",3,Deluxe-Sea view-Double room-Ensuite,Base Rate,Room 11,,2,0,GBP,135.00,135.00,135.00,0.00,Online,Booking.com,Booking.com,On Account,Confirmed,,krose.147991@guest.booking.com,+44 7534 035585,,"Non-Smoking  There is no meal option with this room. Children and Extra Bed Policy: Children of any age are allowed. You haven't added any cots. You haven't added any extra beds. The maximum number of guests is 2.  Deposit Policy: The guest will be charged a prepayment of the total price of the reservation at any time.  Cancellation Policy: The guest can cancel free of charge until 7 days before arrival. The guest will be charged the total price of the reservation if they cancel in the 7 days before arrival.  payment_on_Booking.com (Payout type: BankTransfer)  ** THIS RESERVATION HAS BEEN PRE-PAID ** BOOKING NOTE : Payment charge is GBP 2.16  Genius Booker ",,,,,"2026-08-10",,,,
Wembar Hotel,2026-07-27T17:39:04,421-553-264,JRI-494-243,5645454428,,Ille,Gjuni,"2026-09-18","2026-09-21",3,Double room-Standard-Ensuite with Shower/Wembar,,Room 15 - 3rd F,,1,1,GBP,0.00,0.00,0.00,0.00,Online,Booking.com,Booking.com,On Account,Canceled,,igjuni.469132@guest.booking.com,+355 69 232 6701,,"Child Ages: 5  Non-Smoking  Promos: International  There is no meal option with this room. Children and Extra Bed Policy: Children ages 1 and older are allowed. You haven't added any cots. You haven't added any extra beds. The maximum number of guests is 2.  Deposit Policy: The guest will be charged a prepayment of the total price of the reservation at any time.  Cancellation Policy: The guest can cancel free of charge until 3 days before arrival. The guest will be charged the total price of the reservation if they cancel in the 3 days before arrival.  payment_on_Booking.com (Payout type: BankTransfer)  ** THIS RESERVATION HAS BEEN PRE-PAID ** BOOKING NOTE : Payment charge is GBP 4.712 ",,,,,"2026-07-27",,,,
The Dolphin Hotel,2026-07-29T20:21:04,425-063-911,MGT-398-164,5863578179,,Mark,Jones,"2026-09-18","2026-09-19",1,Standard-Family room-Private Bathroom,Base Rate,Room 305,,2,2,GBP,61.20,61.20,61.20,0.00,Online,Booking.com,Booking.com,On Account,Confirmed,,mjones.111069@guest.booking.com,+44 7488 301811,,"Child Ages: 7, 8  Non-Smoking  Promos: Mobile(MDot) Rate  There is no meal option with this room. Children and Extra Bed Policy: Children of any age are allowed. You haven't added any cots. You haven't added any extra beds. The maximum number of guests is 4.  Deposit Policy: The guest will be charged a prepayment of the total price of the reservation at any time.  Cancellation Policy: The guest can cancel free of charge until 7 days before arrival. The guest will be charged the total price of the reservation if they cancel in the 7 days before arrival.  payment_on_Booking.com (Payout type: BankTransfer)  ** THIS RESERVATION HAS BEEN PRE-PAID ** BOOKING NOTE : Payment charge is GBP 0.9792 ",,,,,"2026-07-29",,,,
Sachi Hotel,2026-07-29T11:32:10,428-449-924,IYF-340-107,5863508666,,James,Green,"2026-09-18","2026-09-22",4,Standard Double room,Base Rate,Room 7 1st F,,1,0,GBP,348.00,348.00,348.00,0.00,Online,Booking.com,Booking.com,On Account,Confirmed,,jgreen.417472@guest.booking.com,+44 7787 024302,,"Non-Smoking  There is no meal option with this room. Children and Extra Bed Policy: Children of any age are allowed. You haven't added any cots. You haven't added any extra beds. The maximum number of guests is 2.  Deposit Policy: The guest will be charged a prepayment of the total price of the reservation at any time.  Cancellation Policy: The guest can cancel free of charge until 5 days before arrival. The guest will be charged the total price of the reservation if they cancel in the 5 days before arrival.  payment_on_Booking.com (Payout type: BankTransfer)  ** THIS RESERVATION HAS BEEN PRE-PAID ** Approximate time of arrival: between 14:00 and 15:00 BOOKING NOTE : Payment charge is GBP 5.568  South Cambridgeshire District Council  Genius Booker ",,,,,"2026-07-29",,,,
Wembar Hotel,2025-09-03T11:42:20,438-055-434,GRK-108-004,5781397321,,Cliodhna,McAllister,"2026-09-18","2026-09-20",2,Single room-Standard-Ensuite with Shower,,Room 21,,1,0,GBP,0.00,0.00,0.00,0.00,Online,Booking.com,Booking.com,On Account,Canceled,,cmcall.708931@guest.booking.com,+44 7788 485579,,"Non-Smoking  Promos: Mobile(App) Rate  There is no meal option with this room. Children and Extra Bed Policy: Children of any age are allowed. You haven't added any cots. You haven't added any extra beds. The maximum number of guests is 1.  Deposit Policy: The guest will be charged a prepayment of the total price of the reservation at any time.  Cancellation Policy: The guest can cancel free of charge until 3 days before arrival. The guest will be charged the total price of the reservation if they cancel in the 3 days before arrival.  payment_on_Booking.com (Payout type: BankTransfer)  ** THIS RESERVATION HAS BEEN PRE-PAID ** BOOKING NOTE : Payment charge is GBP 2.448  Genius Booker ",,,,,"2025-09-03",,,,
Wembar Hotel,2026-07-30T08:12:46,439-068-662,MBN-597-296,6676103333,,Linda,Neefjes,"2026-09-18","2026-09-21",3,Single room-Standard-Ensuite with Shower/Wembar,,Room 21 - GF,,1,0,GBP,0.00,0.00,0.00,0.00,Online,Booking.com,Booking.com,On Account,Canceled,,lneefj.103554@guest.booking.com,+31 6 25091344,,"Non-Smoking  Promos: Mobile(App) Rate  There is no meal option with this room. Children and Extra Bed Policy: Children ages 1 and older are allowed. You haven't added any cots. You haven't added any extra beds. The maximum number of guests is 1.  Deposit Policy: The guest will be charged a prepayment of the total price of the reservation at any time.  Cancellation Policy: The guest can cancel free of charge until 3 days before arrival. The guest will be charged the total price of the reservation if they cancel in the 3 days before arrival.  payment_on_Booking.com (Payout type: BankTransfer)  ** THIS RESERVATION HAS BEEN PRE-PAID ** BOOKING NOTE : Payment charge is GBP 3.7808  Genius Booker ",,,,,"2026-07-30",,,,
The Carlton Hotel,2026-07-25T16:04:53,444-285-124,QHN-866-666,,,Hallum,Tracey,"2026-09-18","2026-09-22",4,Standard Twin room Ensuite,Base Rate,Room 127,,1,0,GBP,226.00,226.00,226.00,0.00,Direct,,,On Account,Confirmed,,,+447555135769,,,,,,,"2026-07-25",,,,
Amsterdam Hotel,2026-08-08T21:04:18,449-124-982,LRB-314-337,5463449935,,Giovanni,Fraiegari,"2026-09-18","2026-09-21",3,Quad room-Ensuite/Amsterdam,Flexible 48 hours,Room 4 GF,,3,1,GBP,398.27,1092.72,398.27,0.00,Online,Booking.com,Booking.com,On Account,Confirmed,,gfraie.678760@guest.booking.com,+39 329 186 0731,,"Group: 7 x Adult, 3 x Child  Child Ages: 10  Genius Rate  Non-Smoking  There is no meal option with this room. Children and Extra Bed Policy: Children of any age are allowed. You haven't added any cots. You haven't added any extra beds. The maximum number of guests is 4.  Deposit Policy: The guest will be charged a prepayment of the total price of the reservation at any time.  Cancellation Policy: The guest can cancel free of charge until 2 days before arrival. The guest will be charged the total price of the reservation if they cancel in the 2 days before arrival.  payment_on_Booking.com (Payout type: BankTransfer)  ** THIS RESERVATION HAS BEEN PRE-PAID ** BOOKING NOTE : Payment charge is GBP 17.48352  Genius Booker ",,,,,"2026-08-08",,,,
Sachi Hotel,2026-07-16T14:09:53,455-593-162,EWM-999-037,5650270496,,Megan,McArthur,"2026-09-18","2026-09-19",1,Standard Double room,Non Refundable,Room 8 2nd F,,2,0,GBP,80.10,80.10,80.10,0.00,Online,Booking.com,Booking.com,On Account,Confirmed,,mmcart.813570@guest.booking.com,+44 7398 170559,,"Non-Smoking  There is no meal option with this room. Children and Extra Bed Policy: Children of any age are allowed. You haven't added any cots. You haven't added any extra beds. The maximum number of guests is 2.  Deposit Policy: The guest will be charged a prepayment of the total price of the reservation at any time.  Cancellation Policy: The guest will be charged the total price of the reservation if they cancel at any time.  payment_on_Booking.com (Payout type: BankTransfer)  ** THIS RESERVATION HAS BEEN PRE-PAID ** Reservation has a cancellation grace period. Do not charge if cancelled before 2026-07-17 15:08:34 BOOKING NOTE : Payment charge is GBP 1.2816 ",,,,,"2026-07-16",,,,
Holland Rd Studios Close to Olympia London,2026-08-26T16:46:12,459-338-042,KBV-007-452,6139561855,,Hilco,Menger,"2026-09-18","2026-09-20",2,Single-Studio-Ensuite with Shower HR,,Flat 16 3rd,,1,0,GBP,0.00,0.00,0.00,0.00,Online,Booking.com,Booking.com,On Account,Canceled,,hmenge.241463@guest.booking.com,+31 6 81794028,,"Genius Rate  Non-Smoking  There is no meal option with this room. Children and Extra Bed Policy: Children of any age are allowed. 1 child (up to and including 2 years old) stays for free when using available cots.  You haven't added any extra beds. The maximum number of cots is 1. The maximum number of guests is 1.  Deposit Policy: The guest will be charged a prepayment of the total price of the reservation at any time.  Cancellation Policy: The guest can cancel free of charge until 7 days before arrival. The guest will be charged the total price of the reservation if they cancel in the 7 days before arrival.  payment_on_Booking.com (Payout type: BankTransfer)  ** THIS RESERVATION HAS BEEN PRE-PAID ** BOOKING NOTE : Payment charge is GBP 3.3208  Genius Booker ",,,,,"2026-08-26",,,,
Cluny Hill Hotel,2026-09-10T21:32:13,459-460-694,OIW-621-263,2555900042,,Julia,McDonald,"2026-09-18","2026-09-20",2,Standard Twin room ,Base Rate,Room 80,,1,0,GBP,85.40,85.40,85.40,0.00,Online,Expedia Affiliate Network,Expedia & Affiliate Network,On Account,Confirmed,,bsnc35al2m@m.expediapartnercentral.com,1111111111111,,"2 Twin Beds Expedia collects payment from traveler: Hotel invoices Expedia. ",,,,,"2026-09-10",,,,
Fab Guest House,2026-08-30T15:29:00,459-824-594,VBA-926-209,,,,Rachel’s Ical,"2026-09-18","2026-09-19",1,Standard Double room Ensuite,,Room 8,,1,0,GBP,0.00,0.00,0.00,0.00,Direct,,,On Account,Canceled,,,,,Paid Via OTA Confirmation Code: HMFSEXBXJT,,,,,"2026-08-30",,,,
Green Gables Hotel,2026-08-30T10:53:56,461-138-182,DIM-342-347,5573139441,,Alistair,Burgoyne,"2026-09-18","2026-09-19",1,Double room-Standard-Ensuite with Bath,Non Refundable,Room 6,,2,0,GBP,29.97,29.97,29.97,0.00,Online,Booking.com,Booking.com,On Account,Confirmed,,aburgo.236624@guest.booking.com,+44 20 3564 0799,,"Genius Rate  Non-Smoking  Promos: Mobile Rate(10%)  There is no meal option with this room. Children and Extra Bed Policy: Children of any age are allowed. You haven't added any cots. You haven't added any extra beds. The maximum number of guests is 2.  Deposit Policy: The guest will be charged a prepayment of the total price of the reservation at any time.  Cancellation Policy: The guest will be charged the total price of the reservation if they cancel at any time.  payment_on_Booking.com (Payout type: BankTransfer)  ** THIS RESERVATION HAS BEEN PRE-PAID ** LargeBed, NonSmoke BOOKING NOTE : Payment charge is GBP 0.47952 ",,,,,"2026-08-30",,,,
Holland Rd Studios Close to Olympia London,2026-08-15T13:48:45,462-482-332,DAU-826-639,6509044912,,yasmin,ahmed,"2026-09-18","2026-09-27",9,Compact-Studio-Ensuite with Shower HR,,Flat 4 Ground,,2,0,GBP,0.00,0.00,0.00,0.00,Online,Booking.com,Booking.com,On Account,Canceled,,yahmed.548484@guest.booking.com,+20 10 07771281,,"payment_on_Booking.com (Payout type: BankTransfer)  Non-Smoking  ** THIS RESERVATION HAS BEEN PRE-PAID ** BOOKING NOTE : Payment charge is GBP 12.66272  Genius Booker  Genius Rate  There is no meal option with this room. Children and Extra Bed Policy: Children of any age are allowed. 1 child (up to and including 2 years old) stays for free when using available cots.	 You haven't added any extra beds. The maximum number of cots is 1. The maximum number of guests is 2.  Deposit Policy: The guest will be charged a prepayment of the total price of the reservation at any time.  Cancellation Policy: The guest can cancel free of charge until 7 days before arrival. The guest will be charged the total price of the reservation if they cancel in the 7 days before arrival.",,,,,"2026-08-15",,,,
Amsterdam Hotel,2026-03-15T10:24:49,483-691-561,UGR-697-220,6782127962,,Antonio,Marino,"2026-09-18","2026-09-22",4,Compact-Double room-Ensuite,,Room 26 Basement,,2,0,GBP,0.00,See 010-596-951,0.00,0.00,Online,Booking.com,Booking.com,On Account,Canceled,,amarin.128470@guest.booking.com,+39 349 329 2423,,"Group: 4 x Adult, 1 x Child  Genius Rate  Non-Smoking  Promos: International  There is no meal option with this room. Children and Extra Bed Policy: Children of any age are allowed. You haven't added any cots. You haven't added any extra beds. The maximum number of guests is 3.  Deposit Policy: The guest will be charged a prepayment of the total price of the reservation at any time.  Cancellation Policy: The guest can cancel free of charge until 2 days before arrival. The guest will be charged the total price of the reservation if they cancel in the 2 days before arrival.  payment_on_Booking.com (Payout type: BankTransfer)  ** THIS RESERVATION HAS BEEN PRE-PAID ** BOOKING NOTE : Payment charge is GBP 13.51328  Genius Booker ",,,,,"2026-03-15",,,,
Portobello Road Artistic Studios,2026-09-15T15:40:02,495-059-491,MEF-379-804,6254558094,,Kamelia,Kirilova,"2026-09-18","2026-09-22",4,Apartment-Ensuite-N7 202,Non Refundable,Flat 7 Triple-split level - 1st F,,3,0,GBP,438.75,438.75,403.75,35.00,Online,Booking.com,Booking.com,On Account,Confirmed,,kkiril.905959@guest.booking.com,+39 324 583 3588,,"Non-Smoking  Promos: Mobile(App) Rate  There is no meal option with this room. Children and Extra Bed Policy: Children of any age are allowed. You haven't added any cots. You haven't added any extra beds. The maximum number of guests is 3.  Deposit Policy: The guest will be charged a prepayment of the total price of the reservation at any time.  Cancellation Policy: The guest will be charged the total price of the reservation if they cancel at any time.  payment_on_Booking.com (Payout type: BankTransfer)  ** THIS RESERVATION HAS BEEN PRE-PAID ** BOOKING NOTE : Payment charge is GBP 7.02  Genius Booker ",,,,,"2026-09-15",,,,
Modern Studios Close To Hyde Park,2026-05-28T14:24:34,496-188-194,LHW-713-400,5242356999,,Danica,McShane,"2026-09-18","2026-09-21",3,Family-Studio-Ensuite-Quad LG,Base Rate,Flat 15 (quad) 1st-Split level,,2,0,GBP,297.65,297.65,262.65,35.00,Online,Booking.com,Booking.com,On Account,Confirmed,,dmcsha.346087@guest.booking.com,+61 451 663 051,,"payment_on_Booking.com (Payout type: BankTransfer)  Non-Smoking  ** THIS RESERVATION HAS BEEN PRE-PAID ** BOOKING NOTE : Payment charge is GBP 4.7624  Genius Booker  Promos: Mobile(App) Rate  There is no meal option with this room. Children and Extra Bed Policy: Children of any age are allowed. You haven't added any cots. You haven't added any extra beds. The maximum number of guests is 2.  Deposit Policy: The guest will be charged a prepayment of the total price of the reservation at any time.  Cancellation Policy: The guest will be charged the total price of the reservation if they cancel at any time.",,,,,"2026-05-28",,,don't move the guest,
The Beresford Hotel,2026-08-08T21:16:47,498-190-562,IPA-363-538,6129622749,,Leah,Hughes,"2026-09-18","2026-09-19",1,Twin room-Standard-Ensuite,,117,,2,0,GBP,0.00,0.00,0.00,0.00,Online,Booking.com,Booking.com,On Account,Canceled,,lhughe.698203@guest.booking.com,+44 7761 621951,,"Non-Smoking  There is no meal option with this room. Children and Extra Bed Policy: Children of any age are allowed. You haven't added any cots. You haven't added any extra beds. The maximum number of guests is 2.  Deposit Policy: The guest will be charged a prepayment of the total price of the reservation at any time.  Cancellation Policy: The guest can cancel free of charge until 5 days before arrival. The guest will be charged the total price of the reservation if they cancel in the 5 days before arrival.  payment_on_Booking.com (Payout type: BankTransfer)  ** THIS RESERVATION HAS BEEN PRE-PAID ** BOOKING NOTE : Payment charge is GBP 1.296 Approximate time of arrival: between 14:00 and 15:00 ",,,,,"2026-08-08",,,,
Modern Studios Close To Hyde Park,2026-07-30T16:30:08,498-440-232,LDH-515-083,2522519443,,Scott,southey,"2026-09-18","2026-09-19",1,Family-Studio-Ensuite LG,,Flat 26 3rd,,2,1,GBP,0.00,0.00,0.00,0.00,Online,Expedia,Expedia & Affiliate Network,Pay On Arrival,Canceled,,3o8nj72chr@m.expediapartnercentral.com,111111111111,,"Hotel collects payment from the traveler ",,,,,"2026-07-30",,,,
Crofton House Hotel,2026-09-15T16:35:52,506-118-392,QXJ-510-467,6219197302,,Marc,McCoy,"2026-09-18","2026-09-20",2,Apartment-Comfort-Private Bathroom,Non-Refundable,Room 12,,2,0,GBP,173.84,173.84,173.84,0.00,Online,Booking.com,Booking.com,On Account,Confirmed,,mmccoy.628194@guest.booking.com,+44 7800 523659,,"Genius Rate  Non-Smoking  There is no meal option with this room. Children and Extra Bed Policy: Children of any age are allowed. You haven't added any cots. You haven't added any extra beds. The maximum number of guests is 2.  Deposit Policy: The guest will be charged a prepayment of the total price of the reservation at any time.  Cancellation Policy: The guest will be charged the total price of the reservation if they cancel at any time.  payment_on_Booking.com (Payout type: BankTransfer)  ** THIS RESERVATION HAS BEEN PRE-PAID ** BOOKING NOTE : Payment charge is GBP 2.78144  Genius Booker ",,,,,"2026-09-15",,,,
London Gatwick Inn,2026-06-23T17:24:43,509-413-422,SCQ-411-633,2491842785,,HON FON,KOH,"2026-09-18","2026-09-20",2,Suite,Base Rate,203,,3,0,GBP,153.37,153.37,153.37,0.00,Online,Expedia Affiliate Network,Expedia & Affiliate Network,On Account,Confirmed,,7e5ev572x5@m.expediapartnercentral.com,1111111111111,,"1 Double Bed and 1 Twin Bed travel purpose=leisure ",,,,,"2026-06-23",,,,
Savoy Hotel,2026-09-04T19:27:49,513-326-594,LDK-183-697,6181703473,,Debbie,Piercy,"2026-09-18","2026-09-20",2,Double room-Ensuite-savoy,Base Rate,Room 02,,2,0,GBP,247.00,147.00,147.00,100.00,Online,Booking.com,Booking.com,On Account,Confirmed,,dpierc.315196@guest.booking.com,+44 7772 611136,,"Non-Smoking  There is no meal option with this room. Children and Extra Bed Policy: Children of any age are allowed. You haven't added any cots. You haven't added any extra beds. The maximum number of guests is 2.  Deposit Policy: The guest will be charged a prepayment of the total price of the reservation at any time.  Cancellation Policy: The guest will be charged the total price of the reservation if they cancel at any time.  payment_on_Booking.com (Payout type: BankTransfer)  ** THIS RESERVATION HAS BEEN PRE-PAID ** BOOKING NOTE : Payment charge is GBP 2.352  Genius Booker ",,,,,"2026-09-04",,,,
Bonair Hotel,2026-09-13T16:25:46,528-303-041,VPW-509-739,5275940442,,Peter,Johnson,"2026-09-18","2026-09-20",2,Standard-Double room-Ensuite,Base Rate,Room 9,,2,0,GBP,90.00,90.00,90.00,0.00,Online,Booking.com,Booking.com,On Account,Confirmed,,pjohns.581588@guest.booking.com,+44 7397 987932,,"Non-Smoking  There is no meal option with this room. Children and Extra Bed Policy: Children of any age are allowed. You haven't added any cots. You haven't added any extra beds. The maximum number of guests is 2.  Deposit Policy: The guest will be charged a prepayment of the total price of the reservation at any time.  Cancellation Policy: The guest can cancel free of charge until 7 days before arrival. The guest will be charged the total price of the reservation if they cancel in the 7 days before arrival. If the guest doesn’t show up, they will be charged the total price of the reservation.  payment_on_Booking.com (Payout type: BankTransfer)  ** THIS RESERVATION HAS BEEN PRE-PAID ** BOOKING NOTE : Payment charge is GBP 1.44 ",,,,,"2026-09-13",,,,
Amsterdam Hotel,2026-02-10T09:39:59,531-304-344,UMV-997-173,5741727399,,Alicja,Klimkiewicz,"2026-09-18","2026-09-21",3,Quad room-Ensuite,,Room 16 3RD Floor Refurbished,,4,0,GBP,0.00,0.00,0.00,0.00,Online,Booking.com,Booking.com,On Account,Canceled,,aklimk.545704@guest.booking.com,+48 698 082 505,,"Genius Rate  Non-Smoking  Promos: International  There is no meal option with this room. Children and Extra Bed Policy: Children of any age are allowed. You haven't added any cots. You haven't added any extra beds. The maximum number of guests is 4.  Deposit Policy: The guest will be charged a prepayment of the total price of the reservation at any time.  Cancellation Policy: The guest can cancel free of charge until 2 days before arrival. The guest will be charged the total price of the reservation if they cancel in the 2 days before arrival.  payment_on_Booking.com (Payout type: BankTransfer)  ** THIS RESERVATION HAS BEEN PRE-PAID ** BOOKING NOTE : Payment charge is GBP 6.64848  Genius Booker ",,,,,"2026-02-10",,,,
Amsterdam Hotel,2026-03-05T21:19:16,536-093-924,ZAY-740-673,6300077477,,Andrea,Viganò,"2026-09-18","2026-09-20",2,Modern-Double room-Ensuite,,Room 3 GF refurbished,,2,0,GBP,0.00,0.00,0.00,0.00,Online,Booking.com,Booking.com,On Account,Canceled,,avigan.863175@guest.booking.com,+39 3476428147,,"Genius Rate  Non-Smoking  Promos: International  There is no meal option with this room. Children and Extra Bed Policy: Children of any age are allowed. You haven't added any cots. You haven't added any extra beds. The maximum number of guests is 2.  Deposit Policy: The guest will be charged a prepayment of the total price of the reservation at any time.  Cancellation Policy: The guest can cancel free of charge until 2 days before arrival. The guest will be charged the total price of the reservation if they cancel in the 2 days before arrival.  payment_on_Booking.com (Payout type: BankTransfer)  ** THIS RESERVATION HAS BEEN PRE-PAID ** BOOKING NOTE : Payment charge is GBP 3.52512  Genius Booker ",,,,,"2026-03-05",,,,
Torpark hotel,2026-09-16T14:15:48,544-109-484,PCA-367-164,2560238294,,Alan,Kellard,"2026-09-18","2026-09-19",1,Standard Single room Ensuite,Non Refundable,Room 26 Mid Floor,,1,0,GBP,48.00,48.00,48.00,0.00,Online,Expedia,Expedia & Affiliate Network,On Account,Confirmed,,ogeiifj5ji@m.expediapartnercentral.com,1111111111111,,"Expedia collects payment from traveler: Hotel invoices Expedia. ",,,,,"2026-09-16",,,,
Amsterdam Hotel,2026-06-22T09:52:12,549-093-921,TEM-104-606,2490645674,,Lars,Christensen,"2026-09-18","2026-09-20",2,Deluxe-Triple room-Ensuite/Amsterdam,Non Refundable Rate,Room 2 GF,,3,0,GBP,268.62,268.62,268.62,0.00,Online,Expedia Affiliate Network,Expedia & Affiliate Network,On Account,Confirmed,,mtcs@m-tu.com,1111111111111,,"1 Queen Bed and 1 Twin Bed Expedia collects payment from traveler: Hotel invoices Expedia. ",,,,,"2026-06-22",,,,
Amsterdam Hotel,2026-08-11T17:30:33,553-358-234,FDU-194-580,5676560762,,Renata,Chislaru,"2026-09-18","2026-09-19",1,Quad room-Ensuite/Amsterdam,Flexible 48 hours,Room 19 4TH Floor,,3,1,GBP,212.71,212.71,212.71,0.00,Online,Booking.com,Booking.com,On Account,Confirmed,,rchisl.451650@guest.booking.com,+33 6 09 14 46 28,,"Child Ages: 16  Genius Rate  Non-Smoking  There is no meal option with this room. Children and Extra Bed Policy: Children of any age are allowed. You haven't added any cots. You haven't added any extra beds. The maximum number of guests is 4.  Deposit Policy: The guest will be charged a prepayment of the total price of the reservation at any time.  Cancellation Policy: The guest can cancel free of charge until 2 days before arrival. The guest will be charged the total price of the reservation if they cancel in the 2 days before arrival.  payment_on_Booking.com (Payout type: BankTransfer)  ** THIS RESERVATION HAS BEEN PRE-PAID ** BOOKING NOTE : Payment charge is GBP 3.40336  Genius Booker ",,,,,"2026-08-11",,,,
Savoy Hotel,2026-09-17T11:21:49,555-994-134,DRR-428-801,2560995599,,David,Corp,"2026-09-18","2026-09-20",2,Comfort-Single room-Ensuite-Savoy,Non refundable,Room 28,,1,0,GBP,215.22,115.22,115.22,100.00,Online,Expedia,Expedia & Affiliate Network,On Account,Confirmed,,salmos1226@yahoo.com,111111111111,,"Expedia collects payment from traveler: Hotel invoices Expedia. ",,,,,"2026-09-17",,,,
Crofton House Hotel,2026-06-09T09:00:48,559-602-961,WMX-639-032,6358049719,,John,Brierley,"2026-09-18","2026-09-20",2,Double room-Ensuite Crofton,Base Rate,Room 7 Crofotn,,1,0,GBP,98.28,See 382-510-684,98.28,0.00,Online,Booking.com,Booking.com,On Account,Confirmed,,jbrier.486056@guest.booking.com,+44 7910 759516,,"Group: 4 x Adult, 0 x Child  Genius Rate  Non-Smoking  Promos: Mobile(App) Rate  There is no meal option with this room. Children and Extra Bed Policy: Children of any age are allowed. You haven't added any cots. You haven't added any extra beds. The maximum number of guests is 2.  Deposit Policy: The guest will be charged a prepayment of the total price of the reservation at any time.  Cancellation Policy: The guest will be charged the total price of the reservation if they cancel at any time.  payment_on_Booking.com (Payout type: BankTransfer)  ** THIS RESERVATION HAS BEEN PRE-PAID ** BOOKING NOTE : Payment charge is GBP 6.30192  Genius Booker ",,,,,"2026-06-09",,,,
Avalon Guest house,2026-08-20T06:20:09,585-644-152,AXP-933-742,1418fb94e984-3e34e66a7194773099ac87aa3f932924@airbnb.com,,Malik’s,iCal,"2026-09-18","2026-09-19",1,Triple room-Standard-Ensuite,,No. 13 - Room 6,,1,0,GBP,0.00,91.98,0.00,0.00,iCal,ical1,,Deposit (Variable),Canceled,,,+447391599036,,"Reservation URL: https://www.airbnb.com/hosting/reservations/details/HMJ33SYYJN Malik’s group of 3 Sep 18 – 19 · 1 night R6 ocean · Tiny triple room steps from Brighton beach",,,,,"2026-08-20",,,,
The Carlton Hotel,2026-08-06T23:30:31,590-285-184,YWL-250-604,6226783925,,Lisa,Peplar,"2026-09-18","2026-09-19",1,Family Triple Room Ensuite,Non Refundable,Room 203,,3,0,GBP,90.72,See 414-868-064,90.72,0.00,Online,Booking.com,Booking.com,On Account,Confirmed,,lpepla.527186@guest.booking.com,+44 7766 450998,,"Group: 5 x Adult, 0 x Child  Non-Smoking  Promos: Mobile(MDot) Rate  There is no meal option with this room. Children and Extra Bed Policy: Children of any age are allowed. You haven't added any cots. You haven't added any extra beds. The maximum number of guests is 2.  Deposit Policy: The guest will be charged a prepayment of the total price of the reservation at any time.  Cancellation Policy: The guest will be charged the total price of the reservation if they cancel at any time.  payment_on_Booking.com (Payout type: BankTransfer)  ** THIS RESERVATION HAS BEEN PRE-PAID ** BOOKING NOTE : Payment charge is GBP 2.5272 This guest would like the rooms in this booking to be close together if possible. We will be bringing 2 dogs one is a Jack Russell & the other is a pug.  Genius Booker ",,,,,"2026-08-06",,,,
London Gatwick Inn,2026-09-02T23:03:38,590-343-391,NSY-389-070,5611811459,,Jaden,Ashe-Haro,"2026-09-18","2026-09-20",2,Quadruple,7-Day Flexible,303,,2,0,GBP,216.00,See 044-239-182,216.00,0.00,Online,Booking.com,Booking.com,On Account,Confirmed,,jasheh.255693@guest.booking.com,+44 7990 658252,,"Group: 6 x Adult, 0 x Child  Non-Smoking  Promos: Mobile(MDot) Rate  There is no meal option with this room. Children and Extra Bed Policy: Children ages 6 and older are allowed. You haven't added any cots. You haven't added any extra beds. The maximum number of guests is 4.  Deposit Policy: The guest will be charged a prepayment of the total price of the reservation at any time.  Cancellation Policy: The guest can cancel free of charge until 7 days before arrival. The guest will be charged the total price of the reservation if they cancel in the 7 days before arrival.  payment_on_Booking.com (Payout type: BankTransfer)  ** THIS RESERVATION HAS BEEN PRE-PAID ** BOOKING NOTE : Payment charge is GBP 6.912  Genius Booker ",,,,,"2026-09-02",,,,
London Gatwick Inn,2026-02-22T18:49:08,591-420-184,IFN-947-089,2399331880,,Ashley,Gale,"2026-09-18","2026-09-19",1,Double Room,Base Rate,101,,2,0,GBP,61.61,61.61,61.61,0.00,Online,Hotels.com,Expedia & Affiliate Network,On Account,Confirmed,,9uc5dogo1u@m.expediapartnercentral.com,447745718190,,"Ashley|Gale|1|2 ",,,,,"2026-02-22",,,,
Sachi Hotel,2026-03-16T17:47:25,595-834-414,EJX-812-642,6126922670,,Blake,Hogben,"2026-09-18","2026-09-20",2,Twin room Garden view,Base Rate,Room 10 2nd F,,2,0,GBP,232.20,232.20,232.20,0.00,Online,Booking.com,Booking.com,On Account,Confirmed,,bhogbe.133100@guest.booking.com,+44 7516 721397,,"Non-Smoking  Promos: Mobile(MDot) Rate  There is no meal option with this room. Children and Extra Bed Policy: Children of any age are allowed. You haven't added any cots. You haven't added any extra beds. The maximum number of guests is 2.  Deposit Policy: The guest will be charged a prepayment of the total price of the reservation at any time.  Cancellation Policy: The guest can cancel free of charge until 5 days before arrival. The guest will be charged the total price of the reservation if they cancel in the 5 days before arrival.  payment_on_Booking.com (Payout type: BankTransfer)  ** THIS RESERVATION HAS BEEN PRE-PAID ** BOOKING NOTE : Payment charge is GBP 3.7152 Approximate time of arrival: between 12:00 and 13:00  Genius Booker ",,,,,"2026-03-16",,,,
Avalon Guest house,2025-12-04T11:44:00,598-552-142,WIQ-450-728,2345339485,,LYNN,VINCENT,"2026-09-18","2026-09-22",4,Single room-Standard-Ensuite,Base Rate,Room B2,,1,0,GBP,415.80,415.80,415.80,0.00,Online,Expedia Affiliate Network,Expedia & Affiliate Network,On Account,Confirmed,,ctm@cspinvoice.com,111111111111,,"1 Twin Bed Multi-room booking. Primary traveler:Heard, Emily. 2 of 2 rooms.",,,,,"2025-12-04",,,,
Cluny Hill Hotel,2026-09-10T21:17:50,600-495-594,CIU-639-037,5302420828,,Edwin,Carter,"2026-09-18","2026-09-20",2,Standard Double room,Non Refundable,Room 22,,2,0,GBP,95.06,95.06,95.06,0.00,Online,Booking.com,Booking.com,On Account,Confirmed,,ecarte.914741@guest.booking.com,+44 7821 260354,,"Genius Rate  Non-Smoking  There is no meal option with this room. Children and Extra Bed Policy: Children of any age are allowed. You haven't added any cots. You haven't added any extra beds. The maximum number of guests is 2.  Deposit Policy: The guest will be charged a prepayment of the total price of the reservation at any time.  Cancellation Policy: The guest will be charged the total price of the reservation if they cancel at any time.  payment_on_Booking.com (Payout type: BankTransfer)  ** THIS RESERVATION HAS BEEN PRE-PAID ** BOOKING NOTE : Payment charge is GBP 1.52096 will arrive on Friday evening  Genius Booker ",,,,,"2026-09-10",,,,
Holland Rd Studios Close to Olympia London,2026-08-15T10:27:56,606-980-894,DEQ-906-025,6664422368,,Gabriella,Papp,"2026-09-18","2026-09-20",2,Double room-Ensuite HR,Non refundable rate,Room 18 3rd,,2,0,GBP,166.93,166.93,131.93,35.00,Online,Booking.com,Booking.com,On Account,Confirmed,,gpapp.506496@guest.booking.com,+4746136541,,"Genius Rate  Non-Smoking  There is no meal option with this room. Children and Extra Bed Policy: Children of any age are allowed. 1 child (up to and including 2 years old) stays for free when using available cots.  You haven't added any extra beds. The maximum number of cots is 1. The maximum number of guests is 2.  Deposit Policy: The guest will be charged a prepayment of the total price of the reservation at any time.  Cancellation Policy: The guest will be charged the total price of the reservation if they cancel at any time.  payment_on_Booking.com (Payout type: BankTransfer)  ** THIS RESERVATION HAS BEEN PRE-PAID ** BOOKING NOTE : Payment charge is GBP 2.67088  Genius Booker ",,,,,"2026-08-15",,,,
Green Gables Hotel,2026-09-01T01:34:20,609-496-681,IEX-356-238,6302390918,,Thomas,Bowling,"2026-09-18","2026-09-21",3,Twin room-Ensuite,,Room 8,,2,0,GBP,0.00,0.00,0.00,0.00,Online,Booking.com,Booking.com,On Account,Canceled,,tbowli.645862@guest.booking.com,+44 7359 675784,,"Genius Rate  Non-Smoking  Promos: Mobile(App) Rate  There is no meal option with this room. Children and Extra Bed Policy: Children of any age are allowed. You haven't added any cots. You haven't added any extra beds. The maximum number of guests is 2.  Deposit Policy: The guest will be charged a prepayment of the total price of the reservation at any time.  Cancellation Policy: The guest can cancel free of charge until 5 days before arrival. The guest will be charged the total price of the reservation if they cancel in the 5 days before arrival.  payment_on_Booking.com (Payout type: BankTransfer)  ** THIS RESERVATION HAS BEEN PRE-PAID ** BOOKING NOTE : Payment charge is GBP 1.40304  Genius Booker ",,,,,"2026-09-01",,,,
Savoy Hotel,2026-08-11T19:16:52,610-929-681,GFV-544-163,5492705598,,Katrina,Smith,"2026-09-18","2026-09-21",3,Triple room-Standard-Ensuite-Brichfield,Non Refundable,Room 308 brichfield,,2,1,GBP,291.00,See 009-695-031,191.00,100.00,Online,Booking.com,Booking.com,On Account,Confirmed,,ksmith.407530@guest.booking.com,+44 7445 329687,,"Group: 6 x Adult, 4 x Child  Child Ages: 14  Non-Smoking  There is no meal option with this room. Children and Extra Bed Policy: Children of any age are allowed. You haven't added any cots. You haven't added any extra beds. The maximum number of guests is 3.  Deposit Policy: The guest will be charged a prepayment of the total price of the reservation at any time.  Cancellation Policy: The guest will be charged the total price of the reservation if they cancel at any time.  payment_on_Booking.com (Payout type: BankTransfer)  ** THIS RESERVATION HAS BEEN PRE-PAID ** BOOKING NOTE : Payment charge is GBP 9.792  Genius Booker ",,,,,"2026-08-11",,,,
Wembar Hotel,2026-09-03T14:55:18,615-331-504,QWY-913-148,5138680154,,Caitlin,O Callaghan,"2026-09-18","2026-09-21",3,Double room-Standard-Ensuite with Shower/Wembar,Non Refundable,Room 20 - Basement,,2,0,GBP,307.91,307.91,307.91,0.00,Online,Booking.com,Booking.com,On Account,Confirmed,,ccalla.889120@guest.booking.com,+353 85 872 9650,,"Non-Smoking  Promos: Mobile(App) Rate  There is no meal option with this room. Children and Extra Bed Policy: Children ages 1 and older are allowed. You haven't added any cots. You haven't added any extra beds. The maximum number of guests is 2.  Deposit Policy: The guest will be charged a prepayment of the total price of the reservation at any time.  Cancellation Policy: The guest will be charged the total price of the reservation if they cancel at any time.  payment_on_Booking.com (Payout type: BankTransfer)  ** THIS RESERVATION HAS BEEN PRE-PAID ** BOOKING NOTE : Payment charge is GBP 4.92656  Genius Booker ",,,,,"2026-09-03",,,,
Avalon Guest house,2025-12-04T11:44:00,616-190-824,PUF-713-043,2345339480,,CLARE,WOODFORD,"2026-09-18","2026-09-22",4,Single room-Standard-Ensuite,Base Rate,Room 6,,1,0,GBP,415.80,415.80,415.80,0.00,Online,Expedia Affiliate Network,Expedia & Affiliate Network,On Account,Confirmed,,ctm@cspinvoice.com,111111111111,,"1 Twin Bed Multi-room booking. Primary traveler:Heard, Emily. 1 of 2 rooms.",,,,,"2025-12-04",,,,
Fab Guest House,2026-09-04T14:36:40,616-914-812,STT-395-286,1418fb94e984-174a6377cf9706bfa7aae5604ad98a23@airbnb.com,,Colin,iCal,"2026-09-18","2026-09-22",4,Standard Basement Double Room,Base Rate,Room 14,,1,0,GBP,165.97,165.97,165.97,0.00,iCal,ical1,,Deposit (Variable),Confirmed,,,+447701062472,,"Reservation URL: https://www.airbnb.com/hosting/reservations/details/HM8N9DQ5J3 Colin Sep 18 – 22 · 4 nights R14 fab · A minimalist stay near seafront @ Brighton",,,,,"2026-09-04",,,,
Wembar Hotel,2026-07-09T20:52:17,629-819-151,JCY-925-949,6145678487,,Lidia,Luna,"2026-09-18","2026-09-20",2,Double room-Standard-Ensuite with Shower/Wembar,,Room 04,,2,0,GBP,0.00,0.00,0.00,0.00,Online,Booking.com,Booking.com,On Account,Canceled,,lluna.884322@guest.booking.com,+34 697 33 02 15,,"Non-Smoking  Promos: Mobile(App) Rate  There is no meal option with this room. Children and Extra Bed Policy: Children ages 1 and older are allowed. You haven't added any cots. You haven't added any extra beds. The maximum number of guests is 2.  Deposit Policy: The guest will be charged a prepayment of the total price of the reservation at any time.  Cancellation Policy: The guest can cancel free of charge until 3 days before arrival. The guest will be charged the total price of the reservation if they cancel in the 3 days before arrival.  payment_on_Booking.com (Payout type: BankTransfer)  ** THIS RESERVATION HAS BEEN PRE-PAID ** BOOKING NOTE : Payment charge is GBP 3.4128 Hello,if possible we would like to request a room with window and as quiet as possible. We would really appreciate it. Thank you. ",,,,,"2026-07-09",,,,
Savoy Hotel,2026-08-07T01:14:34,641-284-622,JYQ-613-544,2528540026,,Damien,Willis,"2026-09-18","2026-09-19",1,Double room-Ensuite-savoy,Base Rate,Room 08,,2,0,GBP,161.00,0.00,61.00,100.00,Online,Expedia,Expedia & Affiliate Network,Pay On Arrival,Confirmed,,damienjwillis1981@gmal.com,111111111111,,"Hotel collects payment from the traveler ",,,,,"2026-08-07",,,,
Fab Guest House,2026-09-04T13:48:39,643-149-452,LES-516-458,,,,Abdulaziz Almotawa,"2026-09-18","2026-09-25",7,Ground Floor Double Room,,Room RG,,1,0,GBP,0.00,0.00,0.00,0.00,Direct,,,On Account,Canceled,,,+966550700132,,,,,,,"2026-09-04",,,,
The Beresford Hotel,2026-05-26T16:44:35,648-303-232,VUT-660-652,2469470152,,EVALDAS,KEINYS,"2026-09-18","2026-09-21",3,Family room-Standard-Ensuite-Triple,Base Rate,211,,3,0,GBP,245.70,245.70,245.70,0.00,Online,Expedia Affiliate Network,Expedia & Affiliate Network,On Account,Confirmed,,vfg8i4f7xo@m.expediapartnercentral.com,1111111111,,"1 Twin Bed and 1 Queen Bed Expedia collects payment from traveler: Hotel invoices Expedia. ",,,,,"2026-05-26",,,,
Cambria Hotel,2026-04-13T15:00:39,651-010-191,HJU-991-100,5868457739,,sarah,smith,"2026-09-18","2026-09-20",2,Standard-Twin room-Ensuite,,Room  22,,2,0,GBP,0.00,0.00,0.00,0.00,Online,Booking.com,Booking.com,On Account,Canceled,,ssmith.643235@guest.booking.com,+44 7412 697274,,"Non-Smoking  There is no meal option with this room. Children and Extra Bed Policy: Children of any age are allowed. You haven't added any cots. You haven't added any extra beds. The maximum number of guests is 2.  Deposit Policy: The guest will be charged a prepayment of the total price of the reservation at any time.  Cancellation Policy: The guest can cancel free of charge until 7 days before arrival. The guest will be charged the total price of the reservation if they cancel in the 7 days before arrival.  payment_on_Booking.com (Payout type: BankTransfer)  ** THIS RESERVATION HAS BEEN PRE-PAID ** BOOKING NOTE : Payment charge is GBP 1.28  Genius Booker ",,,,,"2026-04-13",,,,
Crofton House Hotel,2026-09-10T14:43:59,651-248-101,GBV-615-676,5937439676,,Laura,Byrd,"2026-09-18","2026-09-20",2,Double room-Ensuite Crofton,Non Refundable,Room 4 Crofton,,2,0,GBP,159.21,159.21,159.21,0.00,Online,Booking.com,Booking.com,On Account,Confirmed,,lbyrd.467649@guest.booking.com,+44 7765 151395,,"Genius Rate  Non-Smoking  There is no meal option with this room. Children and Extra Bed Policy: Children of any age are allowed. You haven't added any cots. You haven't added any extra beds. The maximum number of guests is 2.  Deposit Policy: The guest will be charged a prepayment of the total price of the reservation at any time.  Cancellation Policy: The guest will be charged the total price of the reservation if they cancel at any time.  payment_on_Booking.com (Payout type: BankTransfer)  ** THIS RESERVATION HAS BEEN PRE-PAID ** BOOKING NOTE : Payment charge is GBP 2.54736  Genius Booker ",,,,,"2026-09-10",,,,
Savoy Hotel,2026-09-15T15:03:22,653-902-961,QWH-098-991,2559404960,,GAEL,CHAN,"2026-09-18","2026-09-19",1,Twin room-Standard-Ensuite-Brichfield,Non Refundable,Room 508 brichfield,,1,0,GBP,167.00,67.00,67.00,100.00,Online,Expedia Affiliate Network,Expedia & Affiliate Network,On Account,Confirmed,,savoybb.5blkow2wzff30rt@guest.trip.com,111111111111,,"Smoke-free treatment required 2 Twin Beds Expedia collects payment from traveler: Hotel invoices Expedia. ",,,,,"2026-09-15",,,,
Cluny Hill Hotel,2026-09-07T13:46:51,655-891-644,VPW-880-506,5350018008,,kaiyang,wu,"2026-09-18","2026-09-19",1,Standard Twin room ,Non Refundable,Room 33,,1,0,GBP,40.40,40.40,40.40,0.00,Online,Booking.com,Booking.com,On Account,Confirmed,,kwu.501692@guest.booking.com,+44 7778 891566,,"Genius Rate  Non-Smoking  There is no meal option with this room. Children and Extra Bed Policy: Children of any age are allowed. You haven't added any cots. You haven't added any extra beds. The maximum number of guests is 2.  Deposit Policy: The guest will be charged a prepayment of the total price of the reservation at any time.  Cancellation Policy: The guest will be charged the total price of the reservation if they cancel at any time.  payment_on_Booking.com (Payout type: BankTransfer)  ** THIS RESERVATION HAS BEEN PRE-PAID ** BOOKING NOTE : Payment charge is GBP 0.6464  Genius Booker ",,,,,"2026-09-07",,,,
Cluny Hill Hotel,2026-09-15T16:03:28,658-114-691,VIH-083-822,6285767216,,Laura,Falkiner-Rogers,"2026-09-18","2026-09-20",2,Triple room Standard,Non Refundable,Room 55,,2,0,GBP,120.35,120.35,120.35,0.00,Online,Booking.com,Booking.com,On Account,Confirmed,,lfalki.279561@guest.booking.com,+44 7857 295924,,"Non-Smoking  There is no meal option with this room. Children and Extra Bed Policy: Children of any age are allowed. You haven't added any cots. You haven't added any extra beds. The maximum number of guests is 3.  Deposit Policy: The guest will be charged a prepayment of the total price of the reservation at any time.  Cancellation Policy: The guest will be charged the total price of the reservation if they cancel at any time.  payment_on_Booking.com (Payout type: BankTransfer)  ** THIS RESERVATION HAS BEEN PRE-PAID ** BOOKING NOTE : Payment charge is GBP 1.9256  Genius Booker ",,,,,"2026-09-15",,,,
Portobello Road Artistic Studios,2026-07-26T09:23:52,662-292-822,TRC-985-803,5473805902,,Millicent,Smith,"2026-09-18","2026-09-21",3,Apartment-Ensuite-N3 202,Non Refundable,Flat 3-Basement ,,2,0,GBP,351.35,351.35,316.35,35.00,Online,Booking.com,Booking.com,On Account,Confirmed,,msmith.517450@guest.booking.com,+61 423 404 336,,"Non-Smoking  Promos: International  There is no meal option with this room. Children and Extra Bed Policy: Children of any age are allowed. You haven't added any cots. You haven't added any extra beds. The maximum number of guests is 2.  Deposit Policy: The guest will be charged a prepayment of the total price of the reservation at any time.  Cancellation Policy: The guest will be charged the total price of the reservation if they cancel at any time.  payment_on_Booking.com (Payout type: BankTransfer)  ** THIS RESERVATION HAS BEEN PRE-PAID ** Approximate time of arrival: between 03:00 and 04:00 BOOKING NOTE : Payment charge is GBP 5.6216  Genius Booker ",,,,,"2026-07-26",,,,
Hammersmith Stayz,2026-05-17T16:00:18,662-993-232,MNH-582-313,2462484497,,Shumpei,Koyama,"2026-09-18","2026-09-20",2,Standard Double Studio Ensuite/Hammersmith Stayz,Non Refundable,Studio 8 2nd F,,2,0,GBP,158.67,158.67,133.67,25.00,Online,Expedia,Expedia & Affiliate Network,On Account,Confirmed,,75kh3t8hy8@m.expediapartnercentral.com,111111111111,,"Expedia collects payment from traveler: Hotel invoices Expedia. ",,,,,"2026-05-17",,,,
Savoy Hotel,2026-07-04T21:02:24,681-453-431,TBS-175-424,2501244985,,Christopher,Boote,"2026-09-18","2026-09-20",2,Quad room-Standard-Private Bathroom,Non refundable,Room 11,,2,0,GBP,276.00,176.00,176.00,100.00,Online,Expedia,Expedia & Affiliate Network,On Account,Confirmed,,chrisboote.cb@googlemail.com,111111111111,,"Expedia collects payment from traveler: Hotel invoices Expedia. ",,,,,"2026-07-04",,,,
Fab Guest House,2026-09-07T06:21:29,682-065-422,VWO-098-107,1418fb94e984-959b92e02812b9618ab6ddadb31b8016@airbnb.com,,Jenna’s,iCal,"2026-09-18","2026-09-19",1,Standard Double room Ensuite,Base Rate,Room 13,,2,0,GBP,68.38,68.38,68.38,0.00,iCal,ical1,,Deposit (Variable),Confirmed,,,+447516491763,,"Reservation URL: https://www.airbnb.com/hosting/reservations/details/HMRECMCQ9N Jenna’s group of 2 Sep 18 – 19 · 1 night R13 Fab · Just right ensuite room near seafront Brighton",,,,,"2026-09-07",,,,
Sachi Hotel,2026-06-26T22:29:39,682-949-342,COV-696-097,5203089851,,karla,Contreras Gonzales,"2026-09-18","2026-09-19",1,Standard Triple room ,Base Rate,Room 5 1st F,,1,0,GBP,63.99,63.99,63.99,0.00,Online,Booking.com,Booking.com,On Account,Confirmed,,kgonza.975045@guest.booking.com,+34 648 40 53 26,,"payment_on_Booking.com (Payout type: BankTransfer)  Non-Smoking  ** THIS RESERVATION HAS BEEN PRE-PAID ** BOOKING NOTE : Payment charge is GBP 1.02384  Genius Booker  Promos: Mobile(App) Rate  There is no meal option with this room. Children and Extra Bed Policy: Children of any age are allowed. You haven't added any cots. You haven't added any extra beds. The maximum number of guests is 2.  Deposit Policy: The guest will be charged a prepayment of the total price of the reservation at any time.  Cancellation Policy: The guest can cancel free of charge until 5 days before arrival. The guest will be charged the total price of the reservation if they cancel in the 5 days before arrival.",,,,,"2026-06-26",,,,
Holland Rd Studios Close to Olympia London,2026-09-09T20:50:56,683-555-291,MLZ-801-885,HM8J83ZR54,,Melissa,Nygren,"2026-09-18","2026-09-21",3,Mini-Studio-Ensuite HR,Non-refundable Rate,Flat 8 1st,,2,0,GBP,280.00,280.00,245.00,35.00,Online,Airbnb,Airbnb,On Account,Confirmed,,,46705447447,," ",,,,,"2026-09-09",,,,
Amsterdam Hotel,2026-08-08T21:04:18,684-205-494,LRB-314-337,5463449935,,Giovanni,Fraiegari,"2026-09-18","2026-09-21",3,Compact-Double room-Ensuite/Amsterdam,Flexible 48 hours,Room 11 2ND Floor Refurbished,,1,1,GBP,296.18,See 449-124-982,296.18,0.00,Online,Booking.com,Booking.com,On Account,Confirmed,,gfraie.678760@guest.booking.com,+39 329 186 0731,,"Group: 7 x Adult, 3 x Child  Child Ages: 17  Genius Rate  Non-Smoking  There is no meal option with this room. Children and Extra Bed Policy: Children of any age are allowed. You haven't added any cots. You haven't added any extra beds. The maximum number of guests is 4.  Deposit Policy: The guest will be charged a prepayment of the total price of the reservation at any time.  Cancellation Policy: The guest can cancel free of charge until 2 days before arrival. The guest will be charged the total price of the reservation if they cancel in the 2 days before arrival.  payment_on_Booking.com (Payout type: BankTransfer)  ** THIS RESERVATION HAS BEEN PRE-PAID ** BOOKING NOTE : Payment charge is GBP 17.48352  Genius Booker ",,,,,"2026-08-08",,,,
Number 19 Brighton,2026-02-07T03:23:42,686-520-004,OPF-088-732,6835248898,,Christopher,Johnson,"2026-09-18","2026-09-22",4,Standard-Double room-Ensuite,,Room 01,,1,0,GBP,0.00,0.00,0.00,0.00,Online,Booking.com,Booking.com,On Account,Canceled,,cjohns.313122@guest.booking.com,+44 7941 340819,,"Non-Smoking  Promos: Mobile(App) Rate  There is no meal option with this room. Children and Extra Bed Policy: Children of any age are allowed. You haven't added any cots. You haven't added any extra beds. The maximum number of guests is 2.  Deposit Policy: The guest will be charged a prepayment of the total price of the reservation at any time.  Cancellation Policy: The guest can cancel free of charge until 7 days before arrival. The guest will be charged the total price of the reservation if they cancel in the 7 days before arrival. If the guest doesn’t show up, they will be charged the total price of the reservation.  payment_on_Booking.com (Payout type: BankTransfer)  ** THIS RESERVATION HAS BEEN PRE-PAID ** BOOKING NOTE : Payment charge is GBP 5.4576  Genius Booker ",,,,,"2026-02-07",,,,
Bonair Hotel,2026-09-12T11:38:19,694-113-524,EFU-316-754,5525611821,,Joy,O Omoregbee,"2026-09-18","2026-09-20",2,Sea view-Double room-Ensuite,Base Rate,Room 6,,1,0,GBP,112.00,216.65,112.00,0.00,Online,Booking.com,Booking.com,On Account,Confirmed,,jomore.725373@guest.booking.com,+44 7596 806993,,"Group: 2 x Adult, 0 x Child  Non-Smoking  There is no meal option with this room. Children and Extra Bed Policy: Children of any age are allowed. You haven't added any cots. You haven't added any extra beds. The maximum number of guests is 2.  Deposit Policy: The guest will be charged a prepayment of the total price of the reservation at any time.  Cancellation Policy: The guest can cancel free of charge until 7 days before arrival. The guest will be charged the total price of the reservation if they cancel in the 7 days before arrival. If the guest doesn’t show up, they will be charged the total price of the reservation.  payment_on_Booking.com (Payout type: BankTransfer)  ** THIS RESERVATION HAS BEEN PRE-PAID ** BOOKING NOTE : Payment charge is GBP 3.4664 ",,,,,"2026-09-12",,,,
Bonair Hotel,2026-09-12T11:38:19,805-581-914,EFU-316-754,5525611821,,Joy,O Omoregbee,"2026-09-18","2026-09-20",2,Standard-Twin room-Ensuite,Base Rate,Room 23,,1,0,GBP,104.65,See 694-113-524,104.65,0.00,Online,Booking.com,Booking.com,On Account,Confirmed,,jomore.725373@guest.booking.com,+44 7596 806993,,"Group: 2 x Adult, 0 x Child  Non-Smoking  There is no meal option with this room. Children and Extra Bed Policy: Children of any age are allowed. You haven't added any cots. You haven't added any extra beds. The maximum number of guests is 2.  Deposit Policy: The guest will be charged a prepayment of the total price of the reservation at any time.  Cancellation Policy: The guest can cancel free of charge until 7 days before arrival. The guest will be charged the total price of the reservation if they cancel in the 7 days before arrival. If the guest doesn’t show up, they will be charged the total price of the reservation.  payment_on_Booking.com (Payout type: BankTransfer)  ** THIS RESERVATION HAS BEEN PRE-PAID ** BOOKING NOTE : Payment charge is GBP 3.4664 ",,,,,"2026-09-12",,,,
Fab Guest House,2026-09-04T14:30:05,805-840-424,JQY-078-251,1418fb94e984-5a6d58bc8894fa7e9d22f602ac9e7b6f@airbnb.com,,Rachel’s,iCal,"2026-09-18","2026-09-19",1,Standard Double room Ensuite,Base Rate,Room 8,,1,0,GBP,57.64,57.64,57.64,0.00,iCal,ical1,,Deposit (Variable),Confirmed,,,+447505971623,,"Reservation URL: https://www.airbnb.com/hosting/reservations/details/HMFSEXBXJT Rachel’s group of 2 Sep 18 – 19 · 1 night R8 fab · Cozy room near seafront @ Brighton",,,,,"2026-09-04",,,,
London Gatwick Inn,2026-09-11T19:54:25,806-381-502,VIQ-015-731,5665313442,,Stanley,Ouyang,"2026-09-18","2026-09-19",1,Twin,,305,,1,0,GBP,0.00,0.00,0.00,0.00,Online,Booking.com,Booking.com,On Account,Canceled,,souyan.251018@guest.booking.com,+1 516 983 6468,,"Genius Rate  Non-Smoking  There is no meal option with this room. Children and Extra Bed Policy: Children ages 6 and older are allowed. You haven't added any cots. You haven't added any extra beds. The maximum number of guests is 2.  Deposit Policy: The guest will be charged a prepayment of the total price of the reservation at any time.  Cancellation Policy: The guest can cancel free of charge until 2 days before arrival. The guest will be charged the total price of the reservation if they cancel in the 2 days before arrival.  payment_on_Booking.com (Payout type: BankTransfer)  ** THIS RESERVATION HAS BEEN PRE-PAID ** BOOKING NOTE : Payment charge is GBP 1.0368  Genius Booker ",,,,,"2026-09-11",,,,
Crofton House Hotel,2026-06-09T09:00:48,812-259-032,WMX-639-032,6358049719,,John,Brierley,"2026-09-18","2026-09-20",2,Double room-Ensuite Crofton,Base Rate,Room 5 Crofton,,1,0,GBP,98.28,See 382-510-684,98.28,0.00,Online,Booking.com,Booking.com,On Account,Confirmed,,jbrier.486056@guest.booking.com,+44 7910 759516,,"Group: 4 x Adult, 0 x Child  Genius Rate  Non-Smoking  Promos: Mobile(App) Rate  There is no meal option with this room. Children and Extra Bed Policy: Children of any age are allowed. You haven't added any cots. You haven't added any extra beds. The maximum number of guests is 2.  Deposit Policy: The guest will be charged a prepayment of the total price of the reservation at any time.  Cancellation Policy: The guest will be charged the total price of the reservation if they cancel at any time.  payment_on_Booking.com (Payout type: BankTransfer)  ** THIS RESERVATION HAS BEEN PRE-PAID ** BOOKING NOTE : Payment charge is GBP 6.30192  Genius Booker ",,,,,"2026-06-09",,,,
Avalon Guest house,2026-02-04T13:08:38,814-562-131,BBP-636-006,1418fb94e984-efe36f926c9e6e5775b3e6a562f5950a@airbnb.com,,Simon’s,iCal,"2026-09-18","2026-09-20",2,Modern Standard Double room ensuite,Base Rate,No. 13 - Room 7,,1,0,GBP,109.08,109.08,109.08,0.00,iCal,ical1,,Deposit (Variable),Confirmed,,,,,"Reservation URL: https://www.airbnb.com/hosting/reservations/details/HMXWXXXESB  ‪+44 7737 645233‬",,,,,"2026-02-04",,,,
Crofton House Hotel,2026-06-09T09:00:48,825-541-592,WMX-639-032,6358049719,,John,Brierley,"2026-09-18","2026-09-20",2,Double room-Ensuite,Non Refundable,Room 2,,1,0,GBP,110.37,See 382-510-684,110.37,0.00,Online,Booking.com,Booking.com,On Account,Confirmed,,jbrier.486056@guest.booking.com,+44 7910 759516,,"Group: 4 x Adult, 0 x Child  Genius Rate  Non-Smoking  Promos: Mobile(App) Rate  There is no meal option with this room. Children and Extra Bed Policy: Children of any age are allowed. You haven't added any cots. You haven't added any extra beds. The maximum number of guests is 2.  Deposit Policy: The guest will be charged a prepayment of the total price of the reservation at any time.  Cancellation Policy: The guest will be charged the total price of the reservation if they cancel at any time.  payment_on_Booking.com (Payout type: BankTransfer)  ** THIS RESERVATION HAS BEEN PRE-PAID ** BOOKING NOTE : Payment charge is GBP 6.30192  Genius Booker ",,,,,"2026-06-09",,,,
Fab Guest House,2026-08-30T18:29:59,834-283-444,QJV-681-871,,,,Claire’s Ical,"2026-09-18","2026-09-20",2,Twin Room,,Room 6,,1,0,GBP,0.00,0.00,0.00,0.00,Direct,,,On Account,Canceled,,,,,Paid Via OTA Confirmation Code: HMWEWB3QHW,,,,,"2026-08-30",,,,
Wembar Hotel,2026-08-14T16:21:49,835-556-992,UDV-326-372,2534619553,,Alessandro,Pini,"2026-09-18","2026-09-25",7,Single room-Standard-Ensuite with Shower/Wembar,Base Rate,Room 13 - 3rd F,,1,0,GBP,639.33,639.33,639.33,0.00,Online,Expedia Affiliate Network,Expedia & Affiliate Network,On Account,Confirmed,,op-1@cnbooking.net,1111111111111,,"LargeBed 1 Twin Bed Expedia collects payment from traveler: Hotel invoices Expedia. ",,,,,"2026-08-14",,,,
London Gatwick Inn,2026-08-09T18:30:26,840-982-894,EUV-403-921,6138692759,,RICHARD,WATTS,"2026-09-18","2026-09-19",1,Double Room,Base Rate,204,,2,0,GBP,65.70,65.70,65.70,0.00,Online,Booking.com,Booking.com,On Account,Confirmed,,rwatts.984435@guest.booking.com,+1 212 444 0023,,"Non-Smoking  Promos: Mobile Rate(10%)  There is no meal option with this room. Children and Extra Bed Policy: Children ages 6 and older are allowed. You haven't added any cots. You haven't added any extra beds. The maximum number of guests is 2.  Deposit Policy: The guest will be charged a prepayment of the total price of the reservation at any time.  Cancellation Policy: The guest will be charged the total price of the reservation if they cancel at any time.  payment_on_Booking.com (Payout type: BankTransfer)  ** THIS RESERVATION HAS BEEN PRE-PAID ** BOOKING NOTE : Payment charge is GBP 1.0512  Genius Booker ",,,,,"2026-08-09",,,,
Portobello Road Artistic Studios,2026-08-13T18:15:04,849-314-594,WXC-083-373,5916897385,,Julie,Knowles,"2026-09-18","2026-09-21",3,Apartment-Ensuite-N7 202,,Flat 7 Triple-split level - 1st F,,2,0,GBP,0.00,0.00,0.00,0.00,Online,Booking.com,Booking.com,On Account,Canceled,,jknowl.197358@guest.booking.com,+44 7582 780116,,"Non-Smoking  Promos: Mobile(App) Rate  There is no meal option with this room. Children and Extra Bed Policy: Children of any age are allowed. You haven't added any cots. You haven't added any extra beds. The maximum number of guests is 3.  Deposit Policy: The guest will be charged a prepayment of the total price of the reservation at any time.  Cancellation Policy: The guest can cancel free of charge until 5 days before arrival. The guest will be charged the total price of the reservation if they cancel in the 5 days before arrival.  payment_on_Booking.com (Payout type: BankTransfer)  ** THIS RESERVATION HAS BEEN PRE-PAID ** BOOKING NOTE : Payment charge is GBP 5.2656 ",,,,,"2026-08-13",,,,
The Rose and Crown Hotel,2026-09-13T10:31:27,862-423-651,AEI-203-101,,, Julie,Houghton,"2026-09-18","2026-09-19",1,Standard-Double room-Ensuite,Non Refundable,Room 303,,2,0,GBP,56.43,56.43,56.43,0.00,Online,Google Hotel Ads,Google Hotel Ads,Pay On Arrival,Confirmed,,Julie.houghton7@googlemail.com,+447944180496,,card charged by Khaled ,,,,,"2026-09-13",,,,
Modern Studios Close To Hyde Park,2026-05-23T11:09:45,864-818-311,MZU-857-936,6104969219,,Anna,Pac,"2026-09-18","2026-09-22",4,Standard-Studio-Ensuite-Basement level LG,Base Rate,Flat 6 BF,,2,0,GBP,365.65,365.65,330.65,35.00,Online,Booking.com,Booking.com,On Account,Confirmed,,apac.859129@guest.booking.com,+48 606 992 029,,"Non-Smoking  Promos: Mobile(App) Rate  There is no meal option with this room. Children and Extra Bed Policy: Children of any age are allowed. You haven't added any cots. You haven't added any extra beds. The maximum number of guests is 2.  Deposit Policy: The guest will be charged a prepayment of the total price of the reservation at any time.  Cancellation Policy: The guest will be charged the total price of the reservation if they cancel at any time.  payment_on_Booking.com (Payout type: BankTransfer)  ** THIS RESERVATION HAS BEEN PRE-PAID ** BOOKING NOTE : Payment charge is GBP 5.8504  Genius Booker ",,,,,"2026-05-23",,,,
La Casa Studios Near Hyde Park,2026-09-09T03:46:09,886-651-812,OSM-455-147,5059972852,,Danny,Leask,"2026-09-18","2026-09-20",2,Standard Studio Ensuite with Shower- La Casa,Base Rate,Studio 7,,2,0,GBP,279.92,279.92,244.92,35.00,Online,Booking.com,Booking.com,On Account,Confirmed,,dleask.625458@guest.booking.com,+44 7984 930171,,"Genius Rate  Non-Smoking  There is no meal option with this room. Children and Extra Bed Policy: Children of any age are allowed. You haven't added any cots. You haven't added any extra beds. The maximum number of guests is 2.  Deposit Policy: The guest will be charged a prepayment of the total price of the reservation at any time.  Cancellation Policy: The guest can cancel free of charge until 5 days before arrival. The guest will be charged the total price of the reservation if they cancel in the 5 days before arrival.  payment_on_Booking.com (Payout type: BankTransfer)  ** THIS RESERVATION HAS BEEN PRE-PAID ** BOOKING NOTE : Payment charge is GBP 4.47872  Genius Booker ",,,,,"2026-09-09",,,,
Savoy Hotel,2026-09-08T22:02:21,898-480-004,WLL-266-357,2554215679,,Joseph,Lotter,"2026-09-18","2026-09-20",2,Twin room-Standard-Ensuite-Brichfield,Non Refundable,Room 201 brichfield,,2,0,GBP,249.01,149.01,149.01,100.00,Online,Expedia Affiliate Network,Expedia & Affiliate Network,On Account,Confirmed,,savoybb.4ss2gykq7qa30rt@guest.trip.com,111111111111,,"&amp; this room will check-in along with Tassopoulou Vasia 2 Twin Beds Expedia collects payment from traveler: Hotel invoices Expedia. ",,,,,"2026-09-08",,,,
The Kirkdale Hotel,2026-09-15T21:35:47,898-835-102,DNW-848-135,5984782816,,Shivendrran,Vicknaraja,"2026-09-18","2026-09-19",1,Standard Single room Ensuite,Non Refundable,Room 9 - 1st F,,1,0,GBP,48.56,48.56,48.56,0.00,Online,Booking.com,Booking.com,On Account,Confirmed,,svickn.870078@guest.booking.com,+44 7519 625533,,"Genius Rate  Non-Smoking  There is no meal option with this room. Children and Extra Bed Policy: Children of any age are allowed. You haven't added any cots. You haven't added any extra beds. The maximum number of guests is 1.  Deposit Policy: The guest will be charged a prepayment of the total price of the reservation at any time.  Cancellation Policy: The guest will be charged the total price of the reservation if they cancel at any time.  payment_on_Booking.com (Payout type: BankTransfer)  ** THIS RESERVATION HAS BEEN PRE-PAID ** Reservation has a cancellation grace period. Do not charge if cancelled before 2026-09-16 22:34:25 BOOKING NOTE : Payment charge is GBP 0.77696  Genius Booker ",,,,,"2026-09-15",,,,
Green Gables Hotel,2026-09-16T07:56:12,905-401-652,GSS-146-923,702555659,,Paul,Adams,"2026-09-18","2026-09-19",1,Family room-Ensuite,Non Refundable,Room 16,,2,3,GBP,50.40,50.40,50.40,0.00,Online,Agoda,Agoda,On Account,Confirmed,,045jdr190000001hknh327vr4ksqa@agoda-messaging.com,44 77368156327,,"NonSmoke  Limited Time Offer. Price includes 10% discount! ",,,,,"2026-09-16",,,,
Sachi Hotel,2026-07-21T12:19:38,908-213-031,OZZ-601-416,5316179909,,Cronin,Siobhan,"2026-09-18","2026-09-19",1,Standard Triple room ,Base Rate,Room 1 GF,,3,0,GBP,88.20,88.20,88.20,0.00,Online,Booking.com,Booking.com,On Account,Confirmed,,csiobh.991236@guest.booking.com,+44 7521 980233,,"Non-Smoking  Promos: Mobile(App) Rate  There is no meal option with this room. Children and Extra Bed Policy: Children of any age are allowed. You haven't added any cots. You haven't added any extra beds. The maximum number of guests is 3.  Deposit Policy: The guest will be charged a prepayment of the total price of the reservation at any time.  Cancellation Policy: The guest can cancel free of charge until 5 days before arrival. The guest will be charged the total price of the reservation if they cancel in the 5 days before arrival.  payment_on_Booking.com (Payout type: BankTransfer)  ** THIS RESERVATION HAS BEEN PRE-PAID ** BOOKING NOTE : Payment charge is GBP 1.4112  Genius Booker ",,,,,"2026-07-21",,,,
Wembar Hotel,2026-08-28T13:49:12,914-200-841,JBG-522-452,5216185401,,Antonio,Varriale,"2026-09-18","2026-09-22",4,Double room-Deluxe-Ensuite with Shower/Wembar,,Room 19 - Basement,,2,0,GBP,0.00,0.00,0.00,0.00,Online,Booking.com,Booking.com,On Account,Canceled,,avarri.281927@guest.booking.com,+39 366 114 1875,,"Non-Smoking  Promos: Mobile(App) Rate  There is no meal option with this room. Children and Extra Bed Policy: Children ages 1 and older are allowed. You haven't added any cots. You haven't added any extra beds. The maximum number of guests is 2.  Deposit Policy: The guest will be charged a prepayment of the total price of the reservation at any time.  Cancellation Policy: The guest can cancel free of charge until 3 days before arrival. The guest will be charged the total price of the reservation if they cancel in the 3 days before arrival.  payment_on_Booking.com (Payout type: BankTransfer)  ** THIS RESERVATION HAS BEEN PRE-PAID ** BOOKING NOTE : Payment charge is GBP 6.6096  Genius Booker ",,,,,"2026-08-28",,,,
Modern Studios Close To Hyde Park,2026-08-25T20:21:13,918-139-444,QPS-055-383,2543105195,,Uzair,Muhammad,"2026-09-18","2026-09-22",4,Standard-Studio-Ensuite-Basement level LG,,Flat 3 BF,,2,0,GBP,0.00,0.00,0.00,0.00,Online,Expedia,Expedia & Affiliate Network,Pay On Arrival,Canceled,,39h3gw5xti@m.expediapartnercentral.com,111111111111,,"Hotel collects payment from the traveler ",,,,,"2026-08-25",,,,
The Carlton Hotel,2026-09-14T22:51:31,919-924-351,VCU-108-055,,,Singh,Hargit,"2026-09-18","2026-09-19",1,Classic Double room Ensuite,Base Rate,Room 100,,2,0,GBP,49.00,49.00,49.00,0.00,Direct,,,On Account,Confirmed,,,+447377581456,,,,,,,"2026-09-14",,,,
The Kirkdale Hotel,2026-09-13T20:38:02,923-953-912,KXI-892-207,5362640570,,Wayne,Palmer,"2026-09-18","2026-09-19",1,Standard Single room Ensuite,Non Refundable,Room 4 - GF,,1,0,GBP,34.43,34.43,34.43,0.00,Online,Booking.com,Booking.com,On Account,Confirmed,,wpalme.173893@guest.booking.com,+44 7952 885682,,"Genius Rate  Non-Smoking  There is no meal option with this room. Children and Extra Bed Policy: Children of any age are allowed. You haven't added any cots. You haven't added any extra beds. The maximum number of guests is 1.  Deposit Policy: The guest will be charged a prepayment of the total price of the reservation at any time.  Cancellation Policy: The guest will be charged the total price of the reservation if they cancel at any time.  payment_on_Booking.com (Payout type: BankTransfer)  ** THIS RESERVATION HAS BEEN PRE-PAID ** Reservation has a cancellation grace period. Do not charge if cancelled before 2026-09-14 21:36:43 BOOKING NOTE : Payment charge is GBP 0.55088  Genius Booker ",,,,,"2026-09-13",,,,
Avalon Guest house,2026-08-30T14:38:35,935-951-384,XUT-547-047,5942536767,,Terry,McColm,"2026-09-18","2026-09-19",1,Modern-Double room-Ensuite with Bath,Base Rate,Room 9,,1,0,GBP,83.43,See 263-895-032,83.43,0.00,Online,Booking.com,Booking.com,On Account,Confirmed,,tmccol.350620@guest.booking.com,+44 7795 556160,,"Group: 2 x Adult, 0 x Child  Non-Smoking  Promos: Mobile(App) Rate  There is no meal option with this room. Children and Extra Bed Policy: Children of any age are allowed. You haven't added any cots. You haven't added any extra beds. The maximum number of guests is 1.  Deposit Policy: The guest will be charged a prepayment of the total price of the reservation at any time.  Cancellation Policy: The guest will be charged the total price of the reservation if they cancel at any time.  payment_on_Booking.com (Payout type: BankTransfer)  ** THIS RESERVATION HAS BEEN PRE-PAID ** BOOKING NOTE : Payment charge is GBP 2.66976  Genius Booker ",,,,,"2026-08-30",,,,
La Casa Studios Near Hyde Park,2026-09-02T12:57:43,936-191-562,RSH-185-788,6509563523,,amelia,lostumbo,"2026-09-18","2026-09-21",3,Standard-Studio-Ensuite-Basement level -La Casa,,Studio 5,,2,0,GBP,0.00,0.00,0.00,0.00,Online,Booking.com,Booking.com,On Account,Canceled,,alostu.383547@guest.booking.com,+39 344 264 6640,,"Genius Rate  Non-Smoking  There is no meal option with this room. Children and Extra Bed Policy: Children of any age are allowed. You haven't added any cots. You haven't added any extra beds. The maximum number of guests is 2.  Deposit Policy: The guest will be charged a prepayment of the total price of the reservation at any time.  Cancellation Policy: The guest can cancel free of charge until 5 days before arrival. The guest will be charged the total price of the reservation if they cancel in the 5 days before arrival.  payment_on_Booking.com (Payout type: BankTransfer)  ** THIS RESERVATION HAS BEEN PRE-PAID ** BOOKING NOTE : Payment charge is GBP 6.0136  Genius Booker ",,,,,"2026-09-02",,,,
The Carlton Hotel,2026-09-15T15:50:58,936-500-381,IOH-092-760,6229168774,,Paul,Bull,"2026-09-18","2026-09-19",1,Standard Single room Ensuite,Non Refundable,Room 105,,1,0,GBP,38.88,38.88,38.88,0.00,Online,Booking.com,Booking.com,On Account,Confirmed,,pbull.781121@guest.booking.com,+44 7450 113468,,"Non-Smoking  Promos: Mobile(App) Rate  There is no meal option with this room. Children and Extra Bed Policy: Children of any age are allowed. You haven't added any cots. You haven't added any extra beds. The maximum number of guests is 1.  Deposit Policy: The guest will be charged a prepayment of the total price of the reservation at any time.  Cancellation Policy: The guest will be charged the total price of the reservation if they cancel at any time.  payment_on_Booking.com (Payout type: BankTransfer)  ** THIS RESERVATION HAS BEEN PRE-PAID ** BOOKING NOTE : Payment charge is GBP 0.62208  Genius Booker ",,,,,"2026-09-15",,,,
Avalon Guest house,2026-07-03T15:51:09,940-306-501,DNP-353-478,5653373853,,Barry,Rider,"2026-09-18","2026-09-19",1,Double room-Standard Ensuite,Base Rate,Room 8,,2,0,GBP,95.40,95.40,95.40,0.00,Online,Booking.com,Booking.com,On Account,Confirmed,,brider.292627@guest.booking.com,+44 7972 109156,,"Non-Smoking  Promos: Mobile(MDot) Rate  There is no meal option with this room. Children and Extra Bed Policy: Children of any age are allowed. You haven't added any cots. You haven't added any extra beds. The maximum number of guests is 2.  Deposit Policy: The guest will be charged a prepayment of the total price of the reservation at any time.  Cancellation Policy: The guest can cancel free of charge until 5 days before arrival. The guest will be charged the total price of the reservation if they cancel in the 5 days before arrival.  payment_on_Booking.com (Payout type: BankTransfer)  ** THIS RESERVATION HAS BEEN PRE-PAID ** BOOKING NOTE : Payment charge is GBP 1.5264 Approximate time of arrival: between 02:00 and 03:00  Genius Booker ",,,,,"2026-07-03",,,,
Portobello Road Artistic Studios,2026-08-14T12:22:52,944-321-552,UEL-021-394,6540267661,,Marie,Angeli De Leon,"2026-09-18","2026-09-25",7,Double Studio 202,,Flat 14 - 3rd F,,2,0,GBP,0.00,0.00,0.00,0.00,Online,Booking.com,Booking.com,On Account,Canceled,,mleon.963438@guest.booking.com,+63 2035640799,,"payment_on_Booking.com (Payout type: BankTransfer)  Non-Smoking  ** THIS RESERVATION HAS BEEN PRE-PAID ** ArrivalTime: 14 00 - 15 00 BOOKING NOTE : Payment charge is GBP 9.7808  Promos: Mobile Rate(15%)  There is no meal option with this room. Children and Extra Bed Policy: Children of any age are allowed. You haven't added any cots. You haven't added any extra beds. The maximum number of guests is 2.  Deposit Policy: The guest will be charged a prepayment of the total price of the reservation at any time.  Cancellation Policy: The guest can cancel free of charge until 5 days before arrival. The guest will be charged the total price of the reservation if they cancel in the 5 days before arrival.",,,,,"2026-08-14",,,,
Crofton House Hotel,2026-03-21T11:46:04,964-665-854,RKZ-877-632,5406157013,,Ruth,Gould,"2026-09-18","2026-09-21",3,Double room-Ensuite Crofton,Base Rate,Room 6 Crofotn,,2,0,GBP,179.01,179.01,179.01,0.00,Online,Booking.com,Booking.com,On Account,Confirmed,,rgould.974080@guest.booking.com,+44 7969 283938,,"Genius Rate  Non-Smoking  Promos: Mobile(App) Rate  There is no meal option with this room. Children and Extra Bed Policy: Children of any age are allowed. You haven't added any cots. You haven't added any extra beds. The maximum number of guests is 2.  Deposit Policy: The guest will be charged a prepayment of the total price of the reservation at any time.  Cancellation Policy: The guest can cancel free of charge until 5 days before arrival. The guest will be charged the total price of the reservation if they cancel in the 5 days before arrival.  payment_on_Booking.com (Payout type: BankTransfer)  ** THIS RESERVATION HAS BEEN PRE-PAID ** BOOKING NOTE : Payment charge is GBP 2.86416  Genius Booker ",,,,,"2026-03-21",,,,
Modern Studios Close To Hyde Park,2026-01-25T16:28:47,966-404-384,WNF-875-161,5505122399,,Lorraine,Siddle,"2026-09-18","2026-09-21",3,Standard-Studio-Ensuite,,Flat 12 (double) Ground,,2,0,GBP,0.00,See 328-519-211,0.00,0.00,Online,Booking.com,Booking.com,On Account,Canceled,,lsiddl.582770@guest.booking.com,+44 7517 598244,,"Group: 4 x Adult, 0 x Child  payment_on_Booking.com (Payout type: BankTransfer)  Non-Smoking  ** THIS RESERVATION HAS BEEN PRE-PAID ** BOOKING NOTE : Payment charge is GBP 10.896  Genius Booker  Promos: Domestic  There is no meal option with this room. Children and Extra Bed Policy: Children of any age are allowed. You haven't added any cots. You haven't added any extra beds. The maximum number of guests is 2.  Deposit Policy: The guest will be charged a prepayment of the total price of the reservation at any time.  Cancellation Policy: The guest can cancel free of charge until 2 days before arrival. The guest will be charged the total price of the reservation if they cancel in the 2 days before arrival.",,,,,"2026-01-25",,,,
Avalon Guest house,2026-06-29T06:20:07,969-414-422,PZM-632-274,1418fb94e984-d52229f2b345e2363997f864346242d8@airbnb.com,,Shelley,iCal,"2026-09-18","2026-09-21",3,Modern Standard Double room ensuite,,No. 13 - Room 5,,1,0,GBP,0.00,186.40,0.00,0.00,iCal,ical1,,Deposit (Variable),Canceled,,,,,"Reservation URL: https://www.airbnb.com/hosting/reservations/details/HM5RXSDRE4  Shelley Sep 18 – 21 · 3 nights R5 ocean · Double Room Steps from the seafront ‪+44 7915 612407‬ £186.40",,,,,"2026-06-29",,,,
Green Gables Hotel,2026-09-02T11:49:59,983-090-194,FVX-483-957,2549039927,,martin,reape,"2026-09-18","2026-09-19",1,Double room-Standard-Ensuite with Bath,Non Refundable,Room 14,,1,0,GBP,32.76,32.76,32.76,0.00,Online,Expedia,Expedia & Affiliate Network,On Account,Confirmed,,martinseanreape@yahoo.co.uk,+447746978406,,"Expedia collects payment from traveler: Hotel invoices Expedia. ",,,,,"2026-09-02",,,,
Amsterdam Hotel,2026-08-08T21:04:18,998-442-024,LRB-314-337,5463449935,,Giovanni,Fraiegari,"2026-09-18","2026-09-21",3,Quad room-Ensuite/Amsterdam,Flexible 48 hours,Room 15 3RD Floor,,3,1,GBP,398.27,See 449-124-982,398.27,0.00,Online,Booking.com,Booking.com,On Account,Confirmed,,gfraie.678760@guest.booking.com,+39 329 186 0731,,"Group: 7 x Adult, 3 x Child  Child Ages: 9  Genius Rate  Non-Smoking  There is no meal option with this room. Children and Extra Bed Policy: Children of any age are allowed. You haven't added any cots. You haven't added any extra beds. The maximum number of guests is 4.  Deposit Policy: The guest will be charged a prepayment of the total price of the reservation at any time.  Cancellation Policy: The guest can cancel free of charge until 2 days before arrival. The guest will be charged the total price of the reservation if they cancel in the 2 days before arrival.  payment_on_Booking.com (Payout type: BankTransfer)  ** THIS RESERVATION HAS BEEN PRE-PAID ** BOOKING NOTE : Payment charge is GBP 17.48352  Genius Booker ",,,,,"2026-08-08",,,,
Holland Rd Studios Close to Olympia London,2026-09-05T23:20:17,000-695-311,DSD-664-537,HMEP94ASRS,,Louise,Chaperon,"2026-09-19","2026-09-20",1,Quad-Deluxe-Studio-Ensuite with Bath HR,Non refundable rate,Flat 6 Ground,,3,0,GBP,156.55,156.55,121.55,35.00,Online,Airbnb,Airbnb,On Account,Confirmed,,,447772391799,," ",,,,,"2026-09-05",,,,
Holland Rd Studios Close to Olympia London,2026-08-23T14:51:04,002-695-654,AYE-623-787,HMH9CNNQPM,,Georgiane,Madronio,"2026-09-19","2026-09-22",3,Double-Studio-Ensuite HR,Non refundable rate,Flat 12 2nd,,2,0,GBP,284.90,284.90,249.90,35.00,Online,Airbnb,Airbnb,On Account,Confirmed,,,447467528085,," ",,,,,"2026-08-23",,,,
Savoy Hotel,2026-09-07T00:02:58,002-993-402,HRI-339-724,5345500788,,Bundy,Mike,"2026-09-19","2026-09-21",2,Double room-Ensuite-savoy,Base Rate,Room 24,,2,0,GBP,228.00,128.00,128.00,100.00,Online,Booking.com,Booking.com,On Account,Confirmed,,bmike.476188@guest.booking.com,+44 7496 139727,,"Non-Smoking  There is no meal option with this room. Children and Extra Bed Policy: Children of any age are allowed. You haven't added any cots. You haven't added any extra beds. The maximum number of guests is 2.  Deposit Policy: The guest will be charged a prepayment of the total price of the reservation at any time.  Cancellation Policy: The guest will be charged the total price of the reservation if they cancel at any time.  payment_on_Booking.com (Payout type: BankTransfer)  ** THIS RESERVATION HAS BEEN PRE-PAID ** BOOKING NOTE : Payment charge is GBP 2.048  Genius Booker ",,,,,"2026-09-06",,,,
London Gatwick Inn,2026-08-30T19:45:24,003-288-834,YJF-248-077,6469186661,,Jonathan,Hazas Manjon,"2026-09-19","2026-09-20",1,Double Room,Base Rate,204,,2,0,GBP,58.32,123.12,58.32,0.00,Online,Booking.com,Booking.com,On Account,Confirmed,,jmanjo.862396@guest.booking.com,+34 614 42 80 83,,"Group: 3 x Adult, 0 x Child  Genius Rate  Non-Smoking  Promos: Mobile(App) Rate  There is no meal option with this room. Children and Extra Bed Policy: Children ages 6 and older are allowed. You haven't added any cots. You haven't added any extra beds. The maximum number of guests is 2.  Deposit Policy: The guest will be charged a prepayment of the total price of the reservation at any time.  Cancellation Policy: The guest will be charged the total price of the reservation if they cancel at any time.  payment_on_Booking.com (Payout type: BankTransfer)  ** THIS RESERVATION HAS BEEN PRE-PAID ** BOOKING NOTE : Payment charge is GBP 1.96992  Genius Booker ",,,,,"2026-08-30",,,,
Amsterdam Hotel,2026-07-21T20:27:49,004-339-552,ADH-474-636,6258277620,,Martin,Johansson,"2026-09-19","2026-09-23",4,Twin room-Standard-Ensuite/Amsterdam,,Room 27 Basement,,2,0,GBP,0.00,0.00,0.00,0.00,Online,Booking.com,Booking.com,On Account,Canceled,,mjohan.609898@guest.booking.com,+46 70 851 32 25,,"Genius Rate  Non-Smoking  Promos: International  There is no meal option with this room. Children and Extra Bed Policy: Children of any age are allowed. You haven't added any cots. You haven't added any extra beds. The maximum number of guests is 2.  Deposit Policy: The guest will be charged a prepayment of the total price of the reservation at any time.  Cancellation Policy: The guest can cancel free of charge until 2 days before arrival. The guest will be charged the total price of the reservation if they cancel in the 2 days before arrival.  payment_on_Booking.com (Payout type: BankTransfer)  ** THIS RESERVATION HAS BEEN PRE-PAID ** BOOKING NOTE : Payment charge is GBP 6.93584 Approximate time of arrival: between 11:00 and 12:00  Genius Booker ",,,,,"2026-07-21",,,,
Portobello Road Artistic Studios,2026-07-10T11:57:56,004-621-984,ADD-302-641,6728349239,,Josune,Razkin,"2026-09-19","2026-09-22",3,Quad Studio 202,,Flat 4 Quad-split level,,2,1,GBP,0.00,0.00,0.00,0.00,Online,Booking.com,Booking.com,On Account,Canceled,,jrazki.433557@guest.booking.com,+34 610 40 75 28,,"Child Ages: 13  Non-Smoking  Promos: International  There is no meal option with this room. Children and Extra Bed Policy: Children of any age are allowed. You haven't added any cots. You haven't added any extra beds. The maximum number of guests is 4.  Deposit Policy: The guest will be charged a prepayment of the total price of the reservation at any time.  Cancellation Policy: The guest can cancel free of charge until 5 days before arrival. The guest will be charged the total price of the reservation if they cancel in the 5 days before arrival.  payment_on_Booking.com (Payout type: BankTransfer)  ** THIS RESERVATION HAS BEEN PRE-PAID ** Approximate time of arrival: between 12:00 and 13:00 BOOKING NOTE : Payment charge is GBP 5.348  Genius Booker ",,,,,"2026-07-10",,,,
Portobello Road Artistic Studios,2026-09-17T09:46:00,008-315-681,FBQ-249-632,6747451905,,Muhammad,Abdullah,"2026-09-19","2026-09-22",3,Quad Studio 202,Base Rate,Flat 4 Quad-split level -GF,,2,0,GBP,388.60,388.60,353.60,35.00,Online,Booking.com,Booking.com,On Account,Confirmed,,mabdul.891090@guest.booking.com,+44 7490 944581,,"Non-Smoking  Promos: Mobile(App) Rate  There is no meal option with this room. Children and Extra Bed Policy: Children of any age are allowed. You haven't added any cots. You haven't added any extra beds. The maximum number of guests is 4.  Deposit Policy: The guest will be charged a prepayment of the total price of the reservation at any time.  Cancellation Policy: The guest can cancel free of charge until 5 days before arrival. The guest will be charged the total price of the reservation if they cancel in the 5 days before arrival.  payment_on_Booking.com (Payout type: BankTransfer)  ** THIS RESERVATION HAS BEEN PRE-PAID ** BOOKING NOTE : Payment charge is GBP 6.2176 ",,,,,"2026-09-17",,,,
The Kirkdale Hotel,2026-09-17T11:56:19,009-841-061,ICK-246-834,5005289715,,Eduard,Moroianu,"2026-09-19","2026-09-20",1,Standard Twin room Ensuite,Non Refundable,Room 20 - 1st F,,2,0,GBP,54.03,54.03,54.03,0.00,Online,Booking.com,Booking.com,On Account,Confirmed,,emoroi.676609@guest.booking.com,+44 7596 915136,,"Genius Rate  Non-Smoking  There is no meal option with this room. Children and Extra Bed Policy: Children of any age are allowed. You haven't added any cots. You haven't added any extra beds. The maximum number of guests is 2.  Deposit Policy: The guest will be charged a prepayment of the total price of the reservation at any time.  Cancellation Policy: The guest will be charged the total price of the reservation if they cancel at any time.  payment_on_Booking.com (Payout type: BankTransfer)  ** THIS RESERVATION HAS BEEN PRE-PAID ** BOOKING NOTE : Payment charge is GBP 0.86448  Genius Booker ",,,,,"2026-09-17",,,,
The Carlton Hotel,2026-09-16T16:17:54,010-014-022,KHG-617-363,,,Mesut,Junes,"2026-09-19","2026-09-20",1,Standard Sea view Double room,Base Rate,Room 109,,1,0,GBP,60.00,0.00,60.00,0.00,Direct,,,On Account,Confirmed,,,,,,,,,,"2026-09-16",,,,
Green Gables Hotel,2026-09-15T11:32:25,014-465-141,BRU-125-454,5968647269,,Katarzyna,Mlynarczyk,"2026-09-19","2026-09-20",1,Double room-Standard-Ensuite with Bath,Non Refundable,Room 23,,2,0,GBP,40.13,80.26,40.13,0.00,Online,Booking.com,Booking.com,On Account,Confirmed,,kmlyna.267437@guest.booking.com,+44 7554 339907,,"Group: 3 x Adult, 0 x Child  Genius Rate  Non-Smoking  Promos: Mobile(App) Rate  There is no meal option with this room. Children and Extra Bed Policy: Children of any age are allowed. You haven't added any cots. You haven't added any extra beds. The maximum number of guests is 2.  Deposit Policy: The guest will be charged a prepayment of the total price of the reservation at any time.  Cancellation Policy: The guest will be charged the total price of the reservation if they cancel at any time.  payment_on_Booking.com (Payout type: BankTransfer)  ** THIS RESERVATION HAS BEEN PRE-PAID ** BOOKING NOTE : Payment charge is GBP 1.28416  Genius Booker ",,,,,"2026-09-15",,,,
Modern Studios Close To Hyde Park,2026-03-23T23:15:19,023-105-604,VDE-769-339,5397025354,,Moore,Dianne,"2026-09-19","2026-09-25",6,Large Studio Ensuite LG,Base Rate,Flat 13 (double) Half 1st,,2,0,GBP,608.75,608.75,573.75,35.00,Online,Booking.com,Booking.com,On Account,Confirmed,,mdiann.342556@guest.booking.com,+64 27 298 8563,,"Non-Smoking  Promos: Mobile(MDot) Rate  There is no meal option with this room. Children and Extra Bed Policy: Children of any age are allowed. You haven't added any cots. You haven't added any extra beds. The maximum number of guests is 2.  Deposit Policy: The guest will be charged a prepayment of the total price of the reservation at any time.  Cancellation Policy: The guest can cancel free of charge until 7 days before arrival. The guest will be charged the total price of the reservation if they cancel in the 7 days before arrival.  payment_on_Booking.com (Payout type: BankTransfer)  ** THIS RESERVATION HAS BEEN PRE-PAID ** BOOKING NOTE : Payment charge is GBP 9.74  Genius Booker ",,,,,"2026-03-23",,,,
Wembar Hotel,2026-09-16T23:10:48,023-112-102,FHX-078-415,6196200156,,Tariro,Gweshe,"2026-09-19","2026-09-20",1,Triple room-Standard-Ensuite with Shower/Wembar,Non Refundable,Room 11 - 2nd F,,2,0,GBP,168.13,168.13,168.13,0.00,Online,Booking.com,Booking.com,On Account,Confirmed,,tgwesh.421728@guest.booking.com,+44 447445280251,,"Non-Smoking  Promos: Mobile(App) Rate  There is no meal option with this room. Children and Extra Bed Policy: Children ages 1 and older are allowed. You haven't added any cots. You haven't added any extra beds. The maximum number of guests is 3.  Deposit Policy: The guest will be charged a prepayment of the total price of the reservation at any time.  Cancellation Policy: The guest will be charged the total price of the reservation if they cancel at any time.  payment_on_Booking.com (Payout type: BankTransfer)  ** THIS RESERVATION HAS BEEN PRE-PAID ** BOOKING NOTE : Payment charge is GBP 2.69008  Genius Booker ",,,,,"2026-09-16",,,,
Bonair Hotel,2026-08-22T20:01:06,025-804-342,DAV-998-273,5315455722,,Ansu,Manoj,"2026-09-19","2026-09-20",1,Standard-Double room-Ensuite,Base Rate,Room 37,,2,0,GBP,45.00,45.00,45.00,0.00,Online,Booking.com,Booking.com,On Account,Confirmed,,amanoj.347094@guest.booking.com,+44 7747 783966,,"Non-Smoking  There is no meal option with this room. Children and Extra Bed Policy: Children of any age are allowed. You haven't added any cots. You haven't added any extra beds. The maximum number of guests is 2.  Deposit Policy: The guest will be charged a prepayment of the total price of the reservation at any time.  Cancellation Policy: The guest can cancel free of charge until 7 days before arrival. The guest will be charged the total price of the reservation if they cancel in the 7 days before arrival. If the guest doesn’t show up, they will be charged the total price of the reservation.  payment_on_Booking.com (Payout type: BankTransfer)  ** THIS RESERVATION HAS BEEN PRE-PAID ** BOOKING NOTE : Payment charge is GBP 0.72  Genius Booker ",,,,,"2026-08-22",,,,
Holland Rd Studios Close to Olympia London,2026-01-26T14:27:56,026-695-104,HCK-966-533,5465361195,,Valentina,Di Lieto,"2026-09-19","2026-09-23",4,Triple-Studio-Ensuite,,Flat 2 Basement ,,3,0,GBP,0.00,0.00,0.00,0.00,Online,Booking.com,Booking.com,On Account,Canceled,,vlieto.172942@guest.booking.com,+39 327 713 9872,,"Genius Rate  Non-Smoking  Promos: International  There is no meal option with this room. Children and Extra Bed Policy: Children of any age are allowed. You haven't added any cots. You haven't added any extra beds. The maximum number of guests is 3.  Deposit Policy: The guest will be charged a prepayment of the total price of the reservation at any time.  Cancellation Policy: The guest can cancel free of charge until 7 days before arrival. The guest will be charged the total price of the reservation if they cancel in the 7 days before arrival.  payment_on_Booking.com (Payout type: BankTransfer)  ** THIS RESERVATION HAS BEEN PRE-PAID ** BOOKING NOTE : Payment charge is GBP 6.61008  Genius Booker ",,,,,"2026-01-26",,,,
Bonair Hotel,2026-09-11T17:51:40,035-005-532,LRP-804-663,5553797664,,Rebecca,Wood,"2026-09-19","2026-09-20",1,Sea view-Double room-Ensuite,Base Rate,Room 14,,2,0,GBP,56.00,56.00,56.00,0.00,Online,Booking.com,Booking.com,On Account,Confirmed,,rwood.515618@guest.booking.com,+44 7525 631227,,"Non-Smoking  There is no meal option with this room. Children and Extra Bed Policy: Children of any age are allowed. You haven't added any cots. You haven't added any extra beds. The maximum number of guests is 2.  Deposit Policy: The guest will be charged a prepayment of the total price of the reservation at any time.  Cancellation Policy: The guest can cancel free of charge until 7 days before arrival. The guest will be charged the total price of the reservation if they cancel in the 7 days before arrival. If the guest doesn’t show up, they will be charged the total price of the reservation.  payment_on_Booking.com (Payout type: BankTransfer)  ** THIS RESERVATION HAS BEEN PRE-PAID ** BOOKING NOTE : Payment charge is GBP 0.896  Genius Booker ",,,,,"2026-09-11",,,,
Fab Guest House,2026-09-07T19:24:21,036-349-501,GSR-510-036,6278275836,,Ethan,Ward,"2026-09-19","2026-09-20",1,Standard Double room Ensuite,Base Rate,Room 7,,2,0,GBP,68.04,68.04,68.04,0.00,Online,Booking.com,Booking.com,On Account,Confirmed,,eward.933441@guest.booking.com,+44 7729 378892,,"Genius Rate  Non-Smoking  Promos: non - refundable STD DBL  There is no meal option with this room. Children and Extra Bed Policy: Children of any age are allowed. You haven't added any cots. You haven't added any extra beds. The maximum number of guests is 2.  Deposit Policy: The guest will be charged a prepayment of the total price of the reservation at any time.  Cancellation Policy: The guest will be charged the total price of the reservation if they cancel at any time.  payment_on_Booking.com (Payout type: BankTransfer)  ** THIS RESERVATION HAS BEEN PRE-PAID ** Reservation has a cancellation grace period. Do not charge if cancelled before 2026-09-08 20:23:06 Approximate time of arrival: between 11:00 and 12:00 BOOKING NOTE : Payment charge is GBP 1.08864  Genius Booker ",,,,,"2026-09-07",,,same guest,
Avalon Guest house,2025-07-26T18:52:35,038-058-364,XNS-021-952,5198383310,,Laurajane,Richardson.,"2026-09-19","2026-09-25",6,Deluxe-Double room-Ensuite with Bath,,Room 7,,1,0,GBP,0.00,0.00,0.00,0.00,Online,Booking.com,Booking.com,On Account,Canceled,,lricha.813254@guest.booking.com,+44 7512 177772,,"Group: 3 x Adult, 0 x Child  Non-Smoking  Promos: Mobile(App) Rate  There is no meal option with this room. Children and Extra Bed Policy: Children of any age are allowed. You haven't added any cots. You haven't added any extra beds. The maximum number of guests is 2.  Deposit Policy: The guest will be charged a prepayment of the total price of the reservation at any time.  Cancellation Policy: The guest can cancel free of charge until 2 days before arrival. The guest will be charged the total price of the reservation if they cancel in the 2 days before arrival.  payment_on_Booking.com (Payout type: BankTransfer)  ** THIS RESERVATION HAS BEEN PRE-PAID ** BOOKING NOTE : Payment charge is GBP 21.168  Genius Booker ",,,,,"2025-07-26",,,,
Cambria Hotel,2026-05-03T19:23:48,042-658-344,LDG-261-379,6724384242,,Richard,Warwicker,"2026-09-19","2026-09-20",1,Standard-Single room-Ensuite,,Room 25,,1,0,GBP,0.00,0.00,0.00,0.00,Online,Booking.com,Booking.com,On Account,Canceled,,rwarwi.708351@guest.booking.com,+44 7541 023175,,"Non-Smoking  There is no meal option with this room. Children and Extra Bed Policy: Children of any age are allowed. You haven't added any cots. You haven't added any extra beds. The maximum number of guests is 1.  Deposit Policy: The guest will be charged a prepayment of the total price of the reservation at any time.  Cancellation Policy: The guest can cancel free of charge until 7 days before arrival. The guest will be charged the total price of the reservation if they cancel in the 7 days before arrival.  payment_on_Booking.com (Payout type: BankTransfer)  ** THIS RESERVATION HAS BEEN PRE-PAID ** BOOKING NOTE : Payment charge is GBP 0.48  Genius Booker ",,,,,"2026-05-03",,,,
Bonair Hotel,2026-07-11T11:31:26,043-409-551,MBR-276-634,6182370335,,Shirley,Siddon,"2026-09-19","2026-09-20",1,Standard-Single room-Ensuite,,Room 33,,1,0,GBP,0.00,0.00,0.00,0.00,Online,Booking.com,Booking.com,On Account,Canceled,,ssiddo.798621@guest.booking.com,+44 7811 399740,,"lower floor possible     Non-Smoking  There is no meal option with this room. Children and Extra Bed Policy: Children of any age are allowed. You haven't added any cots. You haven't added any extra beds. The maximum number of guests is 1.  Deposit Policy: The guest will be charged a prepayment of the total price of the reservation at any time.  Cancellation Policy: The guest can cancel free of charge until 7 days before arrival. The guest will be charged the total price of the reservation if they cancel in the 7 days before arrival. If the guest doesn’t show up, they will be charged the total price of the reservation.  payment_on_Booking.com (Payout type: BankTransfer)  ** THIS RESERVATION HAS BEEN PRE-PAID ** BOOKING NOTE : Payment charge is GBP 0.528 Approximate time of arrival: between 15:00 and 16:00 Ground floor if possible  please ",,,,,"2026-07-11",,,Do not move the guest,
Fab Guest House,2026-08-30T15:42:04,044-568-294,OFU-795-627,,,,Güney’s Ical,"2026-09-19","2026-09-20",1,Standard Double room Ensuite,,Room 8,,1,0,GBP,0.00,0.00,0.00,0.00,Direct,,,On Account,Canceled,,,,,Paid Via OTA Confirmation Code: HMBNYXNF84,,,,,"2026-08-30",,,,
The Kirkdale Hotel,2026-09-07T18:38:43,046-215-111,GFI-797-645,5786683943,,Urmston,Carl,"2026-09-19","2026-09-20",1,Standard Double room Ensuite,Non Refundable,Room 3 - GF,,1,0,GBP,45.50,45.50,45.50,0.00,Online,Booking.com,Booking.com,On Account,Confirmed,,ucarl.959322@guest.booking.com,+447885902278,,"Genius Rate  Non-Smoking  There is no meal option with this room. Children and Extra Bed Policy: Children of any age are allowed. You haven't added any cots. You haven't added any extra beds. The maximum number of guests is 2.  Deposit Policy: The guest will be charged a prepayment of the total price of the reservation at any time.  Cancellation Policy: The guest will be charged the total price of the reservation if they cancel at any time.  payment_on_Booking.com (Payout type: BankTransfer)  ** THIS RESERVATION HAS BEEN PRE-PAID ** Reservation has a cancellation grace period. Do not charge if cancelled before 2026-09-08 19:37:26 BOOKING NOTE : Payment charge is GBP 0.728  Genius Booker ",,,,,"2026-09-07",,,,
Cambria Hotel,2026-06-15T17:56:38,055-612-504,IOO-538-373,6749108786,,Nigel,Bridgeman,"2026-09-19","2026-09-20",1,Standard-Double room-Ensuite,Base Rate,Room 12,,1,0,GBP,30.00,30.00,30.00,0.00,Online,Booking.com,Booking.com,On Account,Confirmed,,nbridg.835113@guest.booking.com,+44 7914 750308,,"Non-Smoking  There is no meal option with this room. Children and Extra Bed Policy: Children of any age are allowed. You haven't added any cots. You haven't added any extra beds. The maximum number of guests is 1.  Deposit Policy: The guest will be charged a prepayment of the total price of the reservation at any time.  Cancellation Policy: The guest can cancel free of charge until 7 days before arrival. The guest will be charged the total price of the reservation if they cancel in the 7 days before arrival.  payment_on_Booking.com (Payout type: BankTransfer)  ** THIS RESERVATION HAS BEEN PRE-PAID ** BOOKING NOTE : Payment charge is GBP 0.48  Genius Booker ////**** upgraded from single ****\\\\\",,,,,"2026-06-15",,,,
Avalon Guest house,2026-02-07T15:21:36,059-406-564,HWU-217-606,1418fb94e984-a1091da49ee02b2f60f3749347c4b519@airbnb.com,,Simon’s,iCal,"2026-09-19","2026-09-22",3,Modern Standard Double room ensuite,Base Rate,No. 13 - Room 3,,1,0,GBP,213.27,213.27,213.27,0.00,iCal,ical1,,Deposit (Variable),Confirmed,,,,,,,,,,"2026-02-07",,,,
Amsterdam Hotel,2026-09-09T20:59:44,063-860-881,RLS-623-405,5368931312,,Renata,Chislaru,"2026-09-19","2026-09-20",1,Compact-Double room-Ensuite/Amsterdam,Base Rate,Room 22 5TH Floor Refurbished,,2,0,GBP,143.55,143.55,143.55,0.00,Online,Booking.com,Booking.com,On Account,Confirmed,,rchisl.966299@guest.booking.com,+33 6 09 14 46 28,,"Genius Rate  Non-Smoking  There is no meal option with this room. Children and Extra Bed Policy: Children of any age are allowed. You haven't added any cots. You haven't added any extra beds. The maximum number of guests is 3.  Deposit Policy: The guest will be charged a prepayment of the total price of the reservation at any time.  Cancellation Policy: The guest will be charged the total price of the reservation if they cancel at any time.  payment_on_Booking.com (Payout type: BankTransfer)  ** THIS RESERVATION HAS BEEN PRE-PAID ** Reservation has a cancellation grace period. Do not charge if cancelled before 2026-09-10 21:58:26 BOOKING NOTE : Payment charge is GBP 2.2968  Genius Booker ",,,,,"2026-09-09",,,,
Sachi Hotel,2026-04-02T17:13:56,065-596-401,UVD-258-067,6627992174,,Spencer,Gayle,"2026-09-19","2026-09-20",1,Standard Double room,,Room 8 2nd F,,1,0,GBP,0.00,0.00,0.00,0.00,Online,Booking.com,Booking.com,On Account,Canceled,,sgayle.228250@guest.booking.com,+44 7496 386622,,"Guest will pay a deposit to leave the bike in the room    Non-Smoking  Promos: Mobile(App) Rate  There is no meal option with this room. Children and Extra Bed Policy: Children of any age are allowed. You haven't added any cots. You haven't added any extra beds. The maximum number of guests is 2.  Deposit Policy: The guest will be charged a prepayment of the total price of the reservation at any time.  Cancellation Policy: The guest can cancel free of charge until 5 days before arrival. The guest will be charged the total price of the reservation if they cancel in the 5 days before arrival.  payment_on_Booking.com (Payout type: BankTransfer)  ** THIS RESERVATION HAS BEEN PRE-PAID ** BOOKING NOTE : Payment charge is GBP 1.7424  Genius Booker ",,,,,"2026-04-02",,,,
Torpark hotel,2026-09-17T10:25:15,066-089-221,KDW-486-428,6612357509,,Robbie,Wiltshire,"2026-09-19","2026-09-20",1,Standard Triple room Ensuite,Non Refundable,Room 69 Lower GF,,3,0,GBP,60.30,60.30,60.30,0.00,Online,Booking.com,Booking.com,On Account,Confirmed,,rwilts.899536@guest.booking.com,+44 7951 075761,,"Non-Smoking  Promos: Mobile(MDot) Rate  There is no meal option with this room. Children and Extra Bed Policy: Children of any age are allowed. You haven't added any cots. You haven't added any extra beds. The maximum number of guests is 3.  Deposit Policy: The guest will be charged a prepayment of the total price of the reservation at any time.  Cancellation Policy: The guest will be charged the total price of the reservation if they cancel at any time.  payment_on_Booking.com (Payout type: BankTransfer)  ** THIS RESERVATION HAS BEEN PRE-PAID ** BOOKING NOTE : Payment charge is GBP 0.9648 ",,,,,"2026-09-17",,,,
The Kirkdale Hotel,2026-09-09T21:38:04,068-214-852,NAY-152-682,5762086090,,Jacek,Jankowski,"2026-09-19","2026-09-20",1,Deluxe Twin room Ensuite with Bath,Base Rate,Room 12 - 2nd F,,2,0,GBP,66.40,66.40,66.40,0.00,Online,Booking.com,Booking.com,On Account,Confirmed,,jjanko.358195@guest.booking.com,+44 7548 031247,,"Genius Rate  Non-Smoking  There is no meal option with this room. Children and Extra Bed Policy: Children of any age are allowed. You haven't added any cots. You haven't added any extra beds. The maximum number of guests is 2.  Deposit Policy: The guest will be charged a prepayment of the total price of the reservation at any time.  Cancellation Policy: The guest can cancel free of charge until 5 days before arrival. The guest will be charged the total price of the reservation if they cancel in the 5 days before arrival.  payment_on_Booking.com (Payout type: BankTransfer)  ** THIS RESERVATION HAS BEEN PRE-PAID ** BOOKING NOTE : Payment charge is GBP 1.0624  Genius Booker ",,,,,"2026-09-09",,,,
Portobello Road Artistic Studios,2026-09-03T10:41:37,068-461-391,CRB-128-432,5135594848,,Viktoria,Transkaia,"2026-09-19","2026-09-20",1,Double Studio 202,Base Rate,Flat 12 - 2nd F,,2,0,GBP,135.30,135.30,100.30,35.00,Online,Booking.com,Booking.com,On Account,Confirmed,,vtrans.597448@guest.booking.com,+34 682 88 64 96,,"payment_on_Booking.com (Payout type: BankTransfer)  Non-Smoking  ** THIS RESERVATION HAS BEEN PRE-PAID ** BOOKING NOTE : Payment charge is GBP 2.1648  Genius Booker  Promos: Mobile(App) Rate  There is no meal option with this room. Children and Extra Bed Policy: Children of any age are allowed. You haven't added any cots. You haven't added any extra beds. The maximum number of guests is 2.  Deposit Policy: The guest will be charged a prepayment of the total price of the reservation at any time.  Cancellation Policy: The guest can cancel free of charge until 5 days before arrival. The guest will be charged the total price of the reservation if they cancel in the 5 days before arrival.",,,,,"2026-09-03",,,,
Fab Guest House,2026-09-11T21:10:49,085-169-991,TUK-557-290,5665320856,,Winwright,Phil,"2026-09-19","2026-09-20",1,Ground Floor Double Room,Non Refundable,Room RG,,2,0,GBP,88.55,88.55,88.55,0.00,Online,Booking.com,Booking.com,On Account,Confirmed,,wphil.648292@guest.booking.com,+44 7854 129718,,"Non-Smoking  There is no meal option with this room. Children and Extra Bed Policy: Children of any age are allowed. You haven't added any cots. You haven't added any extra beds. The maximum number of guests is 2.  Deposit Policy: The guest will be charged a prepayment of the total price of the reservation at any time.  Cancellation Policy: The guest will be charged the total price of the reservation if they cancel at any time.  payment_on_Booking.com (Payout type: BankTransfer)  ** THIS RESERVATION HAS BEEN PRE-PAID ** Reservation has a cancellation grace period. Do not charge if cancelled before 2026-09-12 22:09:32 BOOKING NOTE : Payment charge is GBP 1.4168  Genius Booker ",,,,,"2026-09-11",,,,
Cambria Hotel,2026-05-19T18:46:23,090-852-351,XBW-233-280,5931730111,,craig,butler,"2026-09-19","2026-09-20",1,Standard-Quad room-Ensuite,Base Rate,Room 2,,2,2,GBP,65.00,65.00,65.00,0.00,Online,Booking.com,Booking.com,On Account,Confirmed,,cbutle.901090@guest.booking.com,+44 7632584903,,"Child Ages: 13, 9  Non-Smoking  There is no meal option with this room. Children and Extra Bed Policy: Children of any age are allowed. You haven't added any cots. You haven't added any extra beds. The maximum number of guests is 4.  Deposit Policy: The guest will be charged a prepayment of the total price of the reservation at any time.  Cancellation Policy: The guest can cancel free of charge until 7 days before arrival. The guest will be charged the total price of the reservation if they cancel in the 7 days before arrival.  payment_on_Booking.com (Payout type: BankTransfer)  ** THIS RESERVATION HAS BEEN PRE-PAID ** BOOKING NOTE : Payment charge is GBP 1.04 ",,,,,"2026-05-19",,,,
Cambria Hotel,2026-09-08T17:51:40,109-895-564,IUU-597-450,6163779751,,lias,peter,"2026-09-19","2026-09-21",2,Standard-Triple room-Ensuite,Base Rate,Room 19,,2,0,GBP,121.00,121.00,121.00,0.00,Online,Booking.com,Booking.com,On Account,Confirmed,,lpeter.750480@guest.booking.com,+44 726273580,,"Non-Smoking  There is no meal option with this room. Children and Extra Bed Policy: Children of any age are allowed. You haven't added any cots. You haven't added any extra beds. The maximum number of guests is 3.  Deposit Policy: The guest will be charged a prepayment of the total price of the reservation at any time.  Cancellation Policy: The guest can cancel free of charge until 7 days before arrival. The guest will be charged the total price of the reservation if they cancel in the 7 days before arrival.  payment_on_Booking.com (Payout type: BankTransfer)  ** THIS RESERVATION HAS BEEN PRE-PAID ** BOOKING NOTE : Payment charge is GBP 1.936  Genius Booker ",,,,,"2026-09-08",,,,
The Rose and Crown Hotel,2026-03-04T15:38:49,109-930-152,NVK-498-695,6595869089,,Adam,Stuart,"2026-09-19","2026-09-20",1,Standard-Single room-Ensuite,Non Refundable,Room 310,,1,0,GBP,148.60,97.20,48.60,100.00,Online,Booking.com,Booking.com,On Account,Confirmed,,astuar.337497@guest.booking.com,+44 7403 610947,,"Group: 2 x Adult, 0 x Child  Genius Rate  Non-Smoking  Promos: Mobile(App) Rate  There is no meal option with this room. Children and Extra Bed Policy: Children of any age are allowed. You haven't added any cots. You haven't added any extra beds. The maximum number of guests is 1.  Deposit Policy: The guest will be charged a prepayment of the total price of the reservation at any time.  Cancellation Policy: The guest will be charged the total price of the reservation if they cancel at any time.  payment_on_Booking.com (Payout type: BankTransfer)  ** THIS RESERVATION HAS BEEN PRE-PAID ** BOOKING NOTE : Payment charge is GBP 1.5552  Genius Booker ",,,,,"2026-03-04",,,,
Holland Rd Studios Close to Olympia London,2026-05-29T22:45:57,112-488-511,RMJ-791-173,5714067353,,Laura,Lucia Ortega,"2026-09-19","2026-09-23",4,Compact-Studio-Ensuite with Shower HR,,Flat 4 Ground,,2,0,GBP,0.00,0.00,0.00,0.00,Online,Booking.com,Booking.com,On Account,Canceled,,lorteg.759783@guest.booking.com,+34 652 06 30 80,,"Genius Rate  Non-Smoking  Promos: International  There is no meal option with this room. Children and Extra Bed Policy: Children of any age are allowed. You haven't added any cots. You haven't added any extra beds. The maximum number of guests is 2.  Deposit Policy: The guest will be charged a prepayment of the total price of the reservation at any time.  Cancellation Policy: The guest can cancel free of charge until 7 days before arrival. The guest will be charged the total price of the reservation if they cancel in the 7 days before arrival.  payment_on_Booking.com (Payout type: BankTransfer)  ** THIS RESERVATION HAS BEEN PRE-PAID ** BOOKING NOTE : Payment charge is GBP 5.65136  Genius Booker ",,,,,"2026-05-29",,,,
The Carlton Hotel,2026-07-28T11:50:30,113-841-624,CYK-477-105,5791423753,,Janet,Jackson,"2026-09-19","2026-09-20",1,Standard Sea view Twin room Ensuite,Universal Breakfast,Room 217,,2,0,GBP,98.00,98.00,98.00,0.00,Online,Booking.com,Booking.com,On Account,Confirmed,,jjacks.664540@guest.booking.com,+44 7903 171051,,"Non-Smoking  Breakfast is included in the room rate. Children and Extra Bed Policy: Children of any age are allowed. You haven't added any cots. You haven't added any extra beds. The maximum number of guests is 2.  Deposit Policy: The guest will be charged a prepayment of the total price of the reservation at any time.  Cancellation Policy: The guest can cancel free of charge until 5 days before arrival. The guest will be charged the total price of the reservation if they cancel in the 5 days before arrival.  payment_on_Booking.com (Payout type: BankTransfer)  ** THIS RESERVATION HAS BEEN PRE-PAID ** is it at all possible to have a full Vegan breakfast? BOOKING NOTE : Payment charge is GBP 1.568  Genius Booker ",,,,,"2026-07-28",,,,
Savoy Hotel,2026-09-13T14:42:46,116-913-581,LNS-490-145,6102235570,,Clifford,Hawthorne,"2026-09-19","2026-09-20",1,Double room-Ensuite-savoy,Non refundable,Room 10,,2,0,GBP,175.00,75.00,75.00,100.00,Online,Booking.com,Booking.com,On Account,Confirmed,,chawth.321355@guest.booking.com,+44 7305 859500,,"Non-Smoking  There is no meal option with this room. Children and Extra Bed Policy: Children of any age are allowed. You haven't added any cots. You haven't added any extra beds. The maximum number of guests is 2.  Deposit Policy: The guest will be charged a prepayment of the total price of the reservation at any time.  Cancellation Policy: The guest will be charged the total price of the reservation if they cancel at any time.  payment_on_Booking.com (Payout type: BankTransfer)  ** THIS RESERVATION HAS BEEN PRE-PAID ** BOOKING NOTE : Payment charge is GBP 1.2  Genius Booker ",,,,,"2026-09-13",,,,
Cambria Hotel,2026-09-08T15:11:03,126-836-212,BZD-321-466,6829841155,,Valentina,Curro,"2026-09-19","2026-09-20",1,Standard-Twin room-Ensuite,Base Rate,Room  22,,2,0,GBP,44.00,44.00,44.00,0.00,Online,Booking.com,Booking.com,On Account,Confirmed,,vcurro.709583@guest.booking.com,+44 7379 406730,,"Non-Smoking  There is no meal option with this room. Children and Extra Bed Policy: Children of any age are allowed. You haven't added any cots. You haven't added any extra beds. The maximum number of guests is 2.  Deposit Policy: The guest will be charged a prepayment of the total price of the reservation at any time.  Cancellation Policy: The guest can cancel free of charge until 7 days before arrival. The guest will be charged the total price of the reservation if they cancel in the 7 days before arrival.  payment_on_Booking.com (Payout type: BankTransfer)  ** THIS RESERVATION HAS BEEN PRE-PAID ** BOOKING NOTE : Payment charge is GBP 0.704  Genius Booker ",,,,,"2026-09-08",,,,
Sachi Hotel,2026-07-28T14:59:21,130-652-831,LEQ-963-989,6352562391,,Lewis,Brown,"2026-09-19","2026-09-20",1,Standard Triple room ,,Room 5 1st F,,2,0,GBP,0.00,0.00,0.00,0.00,Online,Booking.com,Booking.com,On Account,Canceled,,lbrown.662475@guest.booking.com,+44 7802 468432,,"Non-Smoking  Promos: Mobile(MDot) Rate  There is no meal option with this room. Children and Extra Bed Policy: Children of any age are allowed. You haven't added any cots. You haven't added any extra beds. The maximum number of guests is 3.  Deposit Policy: The guest will be charged a prepayment of the total price of the reservation at any time.  Cancellation Policy: The guest can cancel free of charge until 5 days before arrival. The guest will be charged the total price of the reservation if they cancel in the 5 days before arrival.  payment_on_Booking.com (Payout type: BankTransfer)  ** THIS RESERVATION HAS BEEN PRE-PAID ** Approximate time of arrival: between 14:00 and 15:00 BOOKING NOTE : Payment charge is GBP 1.6416 ",,,,,"2026-07-28",,,,
London Gatwick Inn,2026-08-21T05:39:54,133-632-332,FVR-096-500,5976692956,,Elvister,Ahenkan,"2026-09-19","2026-09-20",1,Double Room,,201,,1,0,GBP,0.00,0.00,0.00,0.00,Online,Booking.com,Booking.com,On Account,Canceled,,eahenk.628895@guest.booking.com,+44 7443 071367,,"Genius Rate  Non-Smoking  Promos: Mobile(App) Rate  There is no meal option with this room. Children and Extra Bed Policy: Children ages 6 and older are allowed. You haven't added any cots. You haven't added any extra beds. The maximum number of guests is 2.  Deposit Policy: The guest will be charged a prepayment of the total price of the reservation at any time.  Cancellation Policy: The guest can cancel free of charge until 7 days before arrival. The guest will be charged the total price of the reservation if they cancel in the 7 days before arrival.  payment_on_Booking.com (Payout type: BankTransfer)  ** THIS RESERVATION HAS BEEN PRE-PAID ** BOOKING NOTE : Payment charge is GBP 0.93312 ",,,,,"2026-08-21",,,,
Cambria Hotel,2026-08-02T21:39:57,136-329-864,XTI-325-492,6255842819,,Alisha,Mooney,"2026-09-19","2026-09-20",1,Deluxe-Sea view-Double room-Ensuite,Base Rate,Room 5,,2,0,GBP,45.00,45.00,45.00,0.00,Online,Booking.com,Booking.com,On Account,Confirmed,,amoone.425236@guest.booking.com,+44 7734 168164,,"Non-Smoking  There is no meal option with this room. Children and Extra Bed Policy: Children of any age are allowed. You haven't added any cots. You haven't added any extra beds. The maximum number of guests is 2.  Deposit Policy: The guest will be charged a prepayment of the total price of the reservation at any time.  Cancellation Policy: The guest can cancel free of charge until 7 days before arrival. The guest will be charged the total price of the reservation if they cancel in the 7 days before arrival.  payment_on_Booking.com (Payout type: BankTransfer)  ** THIS RESERVATION HAS BEEN PRE-PAID ** BOOKING NOTE : Payment charge is GBP 0.72  Genius Booker ",,,,,"2026-08-02",,,,
Amsterdam Hotel,2026-01-25T23:40:04,145-829-252,KAJ-314-191,6960749804,,Soňa,Kodetová,"2026-09-19","2026-09-22",3,Deluxe-Triple room-Ensuite,,Room 23 5TH Floor,,2,1,GBP,0.00,0.00,0.00,0.00,Online,Booking.com,Booking.com,On Account,Canceled,,skodet.785773@guest.booking.com,+420 604 125 564,,"Child Ages: 1  Genius Rate  Non-Smoking  Promos: International  There is no meal option with this room. Children and Extra Bed Policy: Children of any age are allowed. You haven't added any cots. You haven't added any extra beds. The maximum number of guests is 3.  Deposit Policy: The guest will be charged a prepayment of the total price of the reservation at any time.  Cancellation Policy: The guest can cancel free of charge until 2 days before arrival. The guest will be charged the total price of the reservation if they cancel in the 2 days before arrival.  payment_on_Booking.com (Payout type: BankTransfer)  ** THIS RESERVATION HAS BEEN PRE-PAID ** BOOKING NOTE : Payment charge is GBP 4.75632  Genius Booker ",,,,,"2026-01-25",,,,
Fab Guest House,2026-09-07T20:16:12,148-839-901,LBQ-454-231,5345561861,,Rose,Stanton,"2026-09-19","2026-09-20",1,Standard Double room Ensuite,Base Rate,Room 11,,2,0,GBP,68.04,68.04,68.04,0.00,Online,Booking.com,Booking.com,On Account,Confirmed,,rstant.385826@guest.booking.com,+44 7375 239154,,"Genius Rate  Non-Smoking  Promos: non - refundable STD DBL  There is no meal option with this room. Children and Extra Bed Policy: Children of any age are allowed. You haven't added any cots. You haven't added any extra beds. The maximum number of guests is 2.  Deposit Policy: The guest will be charged a prepayment of the total price of the reservation at any time.  Cancellation Policy: The guest will be charged the total price of the reservation if they cancel at any time.  payment_on_Booking.com (Payout type: BankTransfer)  ** THIS RESERVATION HAS BEEN PRE-PAID ** Reservation has a cancellation grace period. Do not charge if cancelled before 2026-09-08 21:14:59 BOOKING NOTE : Payment charge is GBP 1.08864  Genius Booker ",,,,,"2026-09-07",,,,
The Beresford Hotel,2026-07-11T16:13:53,149-523-982,GQC-674-735,6642052323,,Louise,Mason,"2026-09-19","2026-09-21",2,Standard Double room Ensuite,,109,,2,0,GBP,0.00,0.00,0.00,0.00,Online,Booking.com,Booking.com,On Account,Canceled,,lmason.156175@guest.booking.com,+44 7425 169712,,"Group: 4 x Adult, 1 x Child  Genius Rate  Non-Smoking  Promos: Mobile(App) Rate  There is no meal option with this room. Children and Extra Bed Policy: Children of any age are allowed. You haven't added any cots. You haven't added any extra beds. The maximum number of guests is 2.  Deposit Policy: The guest will be charged a prepayment of the total price of the reservation at any time.  Cancellation Policy: The guest can cancel free of charge until 5 days before arrival. The guest will be charged the total price of the reservation if they cancel in the 5 days before arrival.  payment_on_Booking.com (Payout type: BankTransfer)  ** THIS RESERVATION HAS BEEN PRE-PAID ** BOOKING NOTE : Payment charge is GBP 3.91392  Genius Booker ",,,,,"2026-07-11",,,,
Cambria Hotel,2026-09-08T08:54:13,151-319-822,DIM-448-698,5635056340,,Richard,Warwicker,"2026-09-19","2026-09-20",1,Standard-Single room-Ensuite,Base Rate,Room 8,,1,0,GBP,33.00,33.00,33.00,0.00,Online,Booking.com,Booking.com,On Account,Confirmed,,rwarwi.446997@guest.booking.com,+44 7541 023175,,"Non-Smoking  There is no meal option with this room. Children and Extra Bed Policy: Children of any age are allowed. You haven't added any cots. You haven't added any extra beds. The maximum number of guests is 1.  Deposit Policy: The guest will be charged a prepayment of the total price of the reservation at any time.  Cancellation Policy: The guest can cancel free of charge until 7 days before arrival. The guest will be charged the total price of the reservation if they cancel in the 7 days before arrival.  payment_on_Booking.com (Payout type: BankTransfer)  ** THIS RESERVATION HAS BEEN PRE-PAID ** BOOKING NOTE : Payment charge is GBP 0.528  Genius Booker ",,,,,"2026-09-08",,,,
Amsterdam Hotel,2026-06-28T12:46:49,153-251-862,VVQ-659-888,5541370107,,Ana,Margarida Morais,"2026-09-19","2026-09-22",3,Quad room-Ensuite/Amsterdam,Non Refundable Rate,Room 8 1ST Floor,,4,0,GBP,400.86,400.86,400.86,0.00,Online,Booking.com,Booking.com,On Account,Confirmed,,amorai.796060@guest.booking.com,+351 914 887 905,,"Genius Rate  Non-Smoking  Promos: International  There is no meal option with this room. Children and Extra Bed Policy: Children of any age are allowed. You haven't added any cots. You haven't added any extra beds. The maximum number of guests is 4.  Deposit Policy: The guest will be charged a prepayment of the total price of the reservation at any time.  Cancellation Policy: The guest will be charged the total price of the reservation if they cancel at any time.  payment_on_Booking.com (Payout type: BankTransfer)  ** THIS RESERVATION HAS BEEN PRE-PAID ** Reservation has a cancellation grace period. Do not charge if cancelled before 2026-06-29 13:45:32 BOOKING NOTE : Payment charge is GBP 6.41376  Genius Booker ",,,,,"2026-06-28",,,,
Bonair Hotel,2026-08-26T20:35:13,154-992-401,DUM-658-443,6639776041,,Heath,endacott,"2026-09-19","2026-09-20",1,Standard-Single room-Ensuite,Base Rate,Room 22,,1,0,GBP,33.00,33.00,33.00,0.00,Online,Booking.com,Booking.com,On Account,Confirmed,,hendac.124120@guest.booking.com,+44 7778 423574,,"Non-Smoking  There is no meal option with this room. Children and Extra Bed Policy: Children of any age are allowed. You haven't added any cots. You haven't added any extra beds. The maximum number of guests is 1.  Deposit Policy: The guest will be charged a prepayment of the total price of the reservation at any time.  Cancellation Policy: The guest can cancel free of charge until 7 days before arrival. The guest will be charged the total price of the reservation if they cancel in the 7 days before arrival. If the guest doesn’t show up, they will be charged the total price of the reservation.  payment_on_Booking.com (Payout type: BankTransfer)  ** THIS RESERVATION HAS BEEN PRE-PAID ** BOOKING NOTE : Payment charge is GBP 0.528  Genius Booker ",,,,,"2026-08-26",,,,
Avalon Guest house,2026-05-27T20:56:57,155-530-812,EWD-574-291,2470441614,,Fred,Payne,"2026-09-19","2026-09-20",1,Deluxe-Double room-Ensuite with Bath,Base Rate,Room 7,,1,0,GBP,69.63,69.63,69.63,0.00,Online,Expedia,Expedia & Affiliate Network,On Account,Confirmed,,fatboysarky@gmail.com,111111111111,,"Expedia collects payment from traveler: Hotel invoices Expedia. ",,,,,"2026-05-27",,,,
Solshi Studios Near Westfield and Olympia,2026-08-13T23:11:13,161-182-882,AUQ-521-648,5098330825,,Pasquale,Toccariello,"2026-09-19","2026-09-24",5,Double Studio Basement F - Solshi,Non Refundable,Flat 1 Basement,,2,0,GBP,393.20,393.20,358.20,35.00,Online,Booking.com,Booking.com,On Account,Confirmed,,ptocca.482552@guest.booking.com,+39 349 872 2315,,"Non-Smoking  Promos: Mobile(App) Rate  There is no meal option with this room. Children and Extra Bed Policy: Children are not allowed. You haven't added any cots. You haven't added any extra beds. The maximum number of guests is 2.  Deposit Policy: The guest will be charged a prepayment of the total price of the reservation at any time.  Cancellation Policy: The guest will be charged the total price of the reservation if they cancel at any time.  payment_on_Booking.com (Payout type: BankTransfer)  ** THIS RESERVATION HAS BEEN PRE-PAID ** Reservation has a cancellation grace period. Do not charge if cancelled before 2026-08-15 00:09:58 BOOKING NOTE : Payment charge is GBP 6.2912  Genius Booker ",,,,,"2026-08-13",,,,
Fab Guest House,2026-09-03T19:07:15,164-129-241,OOS-341-925,,,,Nicola’s Ical,"2026-09-19","2026-09-20",1,Deluxe Double Room with Bath,,Room 5,,1,0,GBP,0.00,0.00,0.00,0.00,Direct,,,On Account,Canceled,,,,,Paid Via OTA Confirmation Code: HMFBKSSXQ8,,,,,"2026-09-03",,,,
Hammersmith Stayz,2026-06-07T15:36:39,168-083-922,HDT-733-433,5510605172,,VLADISLAV,GRIDCHIN,"2026-09-19","2026-09-27",8,Standard Double Studio Ensuite/Hammersmith Stayz,,Studio 2 GF,,2,0,GBP,0.00,0.00,0.00,0.00,Online,Booking.com,Booking.com,On Account,Canceled,,vgridc.641470@guest.booking.com,+7 999 921 68 09,,"payment_on_Booking.com (Payout type: BankTransfer)  Non-Smoking  ** THIS RESERVATION HAS BEEN PRE-PAID ** BOOKING NOTE : Payment charge is GBP 9.48352  Genius Booker  Genius Rate  Promos: International  There is no meal option with this room. Children and Extra Bed Policy: Children of any age are allowed. 1 child (up to and including 2 years old) stays for free when using available cots.	 You haven't added any extra beds. The maximum number of cots is 1. The maximum number of guests is 2.  Deposit Policy: The guest will be charged a prepayment of the total price of the reservation at any time.  Cancellation Policy: The guest can cancel free of charge until 5 days before arrival. The guest will be charged the total price of the reservation if they cancel in the 5 days before arrival.",,,,,"2026-06-07",,,,
Amsterdam Hotel,2026-07-27T11:51:48,182-869-921,UOF-749-238,2519740666,,Yumiko,Tsuruki,"2026-09-19","2026-09-28",9,Compact-Double room-Ensuite/Amsterdam,Base Rate,Room 12 2ND Floor Refurbished,,1,0,GBP,788.55,788.55,788.55,0.00,Online,Expedia,Expedia & Affiliate Network,On Account,Confirmed,,yumiko.tsuruki@gmail.com,111111111111,,"Expedia collects payment from traveler: Hotel invoices Expedia. ",,,,,"2026-07-27",,,,
The Rose and Crown Hotel,2026-08-24T15:23:31,182-991-012,FIR-914-864,,,Tim,Chawner,"2026-09-19","2026-09-21",2,Deluxe-Double room-Ensuite,,Room 202,,1,0,GBP,0.00,0.00,0.00,0.00,Direct,,,On Account,Canceled,,,+447748865969,,"Booked By Reece  Guest Will pay on arrival",,,,,"2026-08-24",,,,
Torpark hotel,2026-08-24T12:22:20,189-953-401,YTI-831-714,6929276404,,Li,Jiashun,"2026-09-19","2026-09-21",2,Standard-Double room Ensuite,,Room 16 1st Floor,,2,0,GBP,0.00,0.00,0.00,0.00,Online,Booking.com,Booking.com,On Account,Canceled,,ljiash.602786@guest.booking.com,+44 7837 782820,,"Non-Smoking  Promos: Mobile(App) Rate  There is no meal option with this room. Children and Extra Bed Policy: Children of any age are allowed. You haven't added any cots. You haven't added any extra beds. The maximum number of guests is 2.  Deposit Policy: The guest will be charged a prepayment of the total price of the reservation at any time.  Cancellation Policy: The guest can cancel free of charge until 5 days before arrival. The guest will be charged the total price of the reservation if they cancel in the 5 days before arrival.  payment_on_Booking.com (Payout type: BankTransfer)  ** THIS RESERVATION HAS BEEN PRE-PAID ** BOOKING NOTE : Payment charge is GBP 2.1024  Genius Booker ",,,,,"2026-08-24",,,,
Savoy Hotel,2026-09-16T23:25:16,194-403-491,XNR-137-846,2560621118,,Graham,kenward,"2026-09-19","2026-09-20",1,Double room-Ensuite-savoy,Non refundable,Room 08,,2,0,GBP,168.40,68.40,68.40,100.00,Online,Expedia,Expedia & Affiliate Network,On Account,Confirmed,,kemward56@googlemail.com,111111111111,,"Expedia collects payment from traveler: Hotel invoices Expedia. ",,,,,"2026-09-16",,,,
Sachi Hotel,2026-02-04T08:33:07,196-698-282,BSI-965-979,5090515365,,Peter,Knowles,"2026-09-19","2026-09-20",1,Standard Double Studio,Base Rate,Room 3 GF,,2,0,GBP,120.00,120.00,120.00,0.00,Online,Booking.com,Booking.com,On Account,Confirmed,,pknowl.960858@guest.booking.com,+44 7860 615978,,"Non-Smoking  There is no meal option with this room. Children and Extra Bed Policy: Children of any age are allowed. You haven't added any cots. You haven't added any extra beds. The maximum number of guests is 2.  Deposit Policy: The guest will be charged a prepayment of the total price of the reservation at any time.  Cancellation Policy: The guest can cancel free of charge until 5 days before arrival. The guest will be charged the total price of the reservation if they cancel in the 5 days before arrival.  payment_on_Booking.com (Payout type: BankTransfer)  ** THIS RESERVATION HAS BEEN PRE-PAID ** BOOKING NOTE : Payment charge is GBP 1.92 Approximate time of arrival: between 15:00 and 16:00  Genius Booker ",,,,,"2026-02-04",,,,
Sachi Hotel,2026-05-29T08:54:43,199-692-512,ZLC-364-983,6319762369,,Max,Richardson,"2026-09-19","2026-09-20",1,Standard Triple room ,Base Rate,Room 5 1st F,,2,0,GBP,87.30,201.30,87.30,0.00,Online,Booking.com,Booking.com,On Account,Confirmed,,vricha.164408@guest.booking.com,+61 419 962 368,,"Group: 4 x Adult, 0 x Child  Non-Smoking  There is no meal option with this room. Children and Extra Bed Policy: Children of any age are allowed. You haven't added any cots. You haven't added any extra beds. The maximum number of guests is 2.  Deposit Policy: The guest will be charged a prepayment of the total price of the reservation at any time.  Cancellation Policy: The guest can cancel free of charge until 5 days before arrival. The guest will be charged the total price of the reservation if they cancel in the 5 days before arrival.  payment_on_Booking.com (Payout type: BankTransfer)  ** THIS RESERVATION HAS BEEN PRE-PAID ** BOOKING NOTE : Payment charge is GBP 3.2208  Genius Booker ",,,,,"2026-05-29",,,,
Green Gables Hotel,2026-09-05T12:12:08,203-626-681,VJO-460-328,5878710825,,Georgina,Harvey,"2026-09-19","2026-09-20",1,Double room-Standard-Ensuite with Bath,48 Hours Flexible Policy,Room 6,,2,0,GBP,34.45,34.45,34.45,0.00,Online,Booking.com,Booking.com,On Account,Confirmed,,gharve.215661@guest.booking.com,+44 7500 297935,,"Genius Rate  Non-Smoking  Promos: Mobile(App) Rate  There is no meal option with this room. Children and Extra Bed Policy: Children of any age are allowed. You haven't added any cots. You haven't added any extra beds. The maximum number of guests is 2.  Deposit Policy: The guest will be charged a prepayment of the total price of the reservation at any time.  Cancellation Policy: The guest can cancel free of charge until 2 days before arrival. The guest will be charged the total price of the reservation if they cancel in the 2 days before arrival.  payment_on_Booking.com (Payout type: BankTransfer)  ** THIS RESERVATION HAS BEEN PRE-PAID ** BOOKING NOTE : Payment charge is GBP 0.5512  Genius Booker ",,,,,"2026-09-05",,,,
Avalon Guest house,2026-07-06T18:13:34,204-393-691,SMY-508-023,2502646678,,Richard,Stanforth,"2026-09-19","2026-09-21",2,Modern Standard Double room ensuite,Base Rate,No. 13 - Room 4,,1,0,GBP,178.19,178.19,178.19,0.00,Online,Expedia Affiliate Network,Expedia & Affiliate Network,On Account,Confirmed,,RStanforth@christian-aid.org,1111111111,,"1 Double Bed Multi-room booking. Primary traveler:Stanforth, Richard. 1 of 2 rooms. travel purpose=business ",,,,,"2026-07-06",,,,
The Dolphin Hotel,2026-07-26T21:16:23,205-988-184,ADF-278-118,5480297951,,Monica,North,"2026-09-19","2026-09-20",1,Standard-Family room-Private Bathroom,,Room 104,,1,2,GBP,0.00,0.00,0.00,0.00,Online,Booking.com,Booking.com,On Account,Canceled,,mnorth.875074@guest.booking.com,+44 7754 259397,,"Child Ages: 15, 2  Non-Smoking  Promos: Mobile(App) Rate  There is no meal option with this room. Children and Extra Bed Policy: Children of any age are allowed. You haven't added any cots. You haven't added any extra beds. The maximum number of guests is 4.  Deposit Policy: The guest will be charged a prepayment of the total price of the reservation at any time.  Cancellation Policy: The guest can cancel free of charge until 7 days before arrival. The guest will be charged the total price of the reservation if they cancel in the 7 days before arrival.  payment_on_Booking.com (Payout type: BankTransfer)  ** THIS RESERVATION HAS BEEN PRE-PAID ** BOOKING NOTE : Payment charge is GBP 0.9792  Genius Booker ",,,,,"2026-07-26",,,,
The Kirkdale Hotel,2026-09-08T20:26:43,208-910-032,TWS-019-259,6550826374,,Venkata,Koduru,"2026-09-19","2026-09-20",1,Standard Double room Ensuite,,Room 17 - 2nd F,,2,0,GBP,0.00,0.00,0.00,0.00,Online,Booking.com,Booking.com,On Account,Canceled,,vkodur.871179@guest.booking.com,+44 7872 120293,,"Genius Rate  Non-Smoking  There is no meal option with this room. Children and Extra Bed Policy: Children of any age are allowed. You haven't added any cots. You haven't added any extra beds. The maximum number of guests is 2.  Deposit Policy: The guest will be charged a prepayment of the total price of the reservation at any time.  Cancellation Policy: The guest can cancel free of charge until 5 days before arrival. The guest will be charged the total price of the reservation if they cancel in the 5 days before arrival.  payment_on_Booking.com (Payout type: BankTransfer)  ** THIS RESERVATION HAS BEEN PRE-PAID ** BOOKING NOTE : Payment charge is GBP 1.16928  Genius Booker ",,,,,"2026-09-08",,,,
Torpark hotel,2026-09-16T13:53:49,208-950-524,MKW-971-477,6886275108,,Niall,Creamer,"2026-09-19","2026-09-20",1,Standard Single room Ensuite,Non Refundable,Room 31 2nd Floor,,1,0,GBP,43.20,43.20,43.20,0.00,Online,Booking.com,Booking.com,On Account,Confirmed,,ncream.218209@guest.booking.com,+44 7902 390047,,"Non-Smoking  Promos: Mobile(MDot) Rate  There is no meal option with this room. Children and Extra Bed Policy: Children of any age are allowed. You haven't added any cots. You haven't added any extra beds. The maximum number of guests is 1.  Deposit Policy: The guest will be charged a prepayment of the total price of the reservation at any time.  Cancellation Policy: The guest will be charged the total price of the reservation if they cancel at any time.  payment_on_Booking.com (Payout type: BankTransfer)  ** THIS RESERVATION HAS BEEN PRE-PAID ** BOOKING NOTE : Payment charge is GBP 0.6912 ",,,,,"2026-09-16",,,,
The Carlton Hotel,2026-08-25T18:13:52,215-180-204,APY-839-567,5931280795,,Jason,Crickmore,"2026-09-19","2026-09-20",1,Classic Double room Ensuite,,Room 116,,2,0,GBP,0.00,0.00,0.00,0.00,Online,Booking.com,Booking.com,On Account,Canceled,,jcrick.250398@guest.booking.com,+44 7541 334926,,"Non-Smoking  There is no meal option with this room. Children and Extra Bed Policy: Children of any age are allowed. You haven't added any cots. You haven't added any extra beds. The maximum number of guests is 2.  Deposit Policy: The guest will be charged a prepayment of the total price of the reservation at any time.  Cancellation Policy: The guest can cancel free of charge until 5 days before arrival. The guest will be charged the total price of the reservation if they cancel in the 5 days before arrival.  payment_on_Booking.com (Payout type: BankTransfer)  ** THIS RESERVATION HAS BEEN PRE-PAID ** Approximate time of arrival: between 14:00 and 15:00 BOOKING NOTE : Payment charge is GBP 1.296  Genius Booker ",,,,,"2026-08-25",,,,
The Carlton Hotel,2026-09-15T19:06:35,219-506-611,HIA-658-535,5811035521,,Nicola,Bloom,"2026-09-19","2026-09-20",1,Classic Double room Ensuite,Non Refundable,Room 116,,2,0,GBP,54.00,54.00,54.00,0.00,Online,Booking.com,Booking.com,On Account,Confirmed,,nbloom.159903@guest.booking.com,+44 7402 482638,,"Non-Smoking  There is no meal option with this room. Children and Extra Bed Policy: Children of any age are allowed. You haven't added any cots. You haven't added any extra beds. The maximum number of guests is 2.  Deposit Policy: The guest will be charged a prepayment of the total price of the reservation at any time.  Cancellation Policy: The guest will be charged the total price of the reservation if they cancel at any time.  payment_on_Booking.com (Payout type: BankTransfer)  ** THIS RESERVATION HAS BEEN PRE-PAID ** BOOKING NOTE : Payment charge is GBP 0.864  Genius Booker ",,,,,"2026-09-15",,,,
Cambria Hotel,2026-08-07T10:34:46,219-511-681,SQS-490-546,,,,rebecca lord,"2026-09-19","2026-09-23",4,Standard-Single room-Ensuite,,Room 8,,1,0,GBP,0.00,0.00,0.00,0.00,Direct,,,On Account,Canceled,,reblord5@gmail.com,+44 1736 366833,,,,,,,"2026-08-07",,,,
The Carlton Hotel,2026-09-16T19:16:33,220-268-904,MAP-245-193,6347140438,,Max,Fedden,"2026-09-19","2026-09-20",1,Standard Sea view Double room,Non Refundable,Room 309,,2,0,GBP,62.10,62.10,62.10,0.00,Online,Booking.com,Booking.com,On Account,Confirmed,,mfedde.885175@guest.booking.com,+44 7964 699318,,"Non-Smoking  There is no meal option with this room. Children and Extra Bed Policy: Children of any age are allowed. You haven't added any extra beds. The maximum number of cots is 1. The maximum number of guests is 2.  Deposit Policy: The guest will be charged a prepayment of the total price of the reservation at any time.  Cancellation Policy: The guest can cancel free of charge until 2 days before arrival. The guest will be charged the total price of the reservation if they cancel in the 2 days before arrival.  payment_on_Booking.com (Payout type: BankTransfer)  ** THIS RESERVATION HAS BEEN PRE-PAID ** This is a Smart Flex reservation. Upgraded policy: Free cancellation until 2 days before check-in. More information can be found at https://admin.booking.com/hotel/hoteladmin/extranet_ng/manage/booking.html?hotel_id=1308142&res_id=6347140438 BOOKING NOTE : Payment charge is GBP 0.9936 ",,,,,"2026-09-16",,,,
Avalon Guest house,2026-07-06T18:13:35,220-393-681,OUF-877-874,2502646681,,Lydia,Harrold,"2026-09-19","2026-09-21",2,Modern Standard Double room ensuite,Base Rate,No. 13 - Room 1,,1,0,GBP,178.19,178.19,178.19,0.00,Online,Expedia Affiliate Network,Expedia & Affiliate Network,On Account,Confirmed,,RStanforth@christian-aid.org,1111111111,,"1 Double Bed Multi-room booking. Primary traveler:Stanforth, Richard. 2 of 2 rooms. travel purpose=business ",,,,,"2026-07-06",,,,
Portobello Road Artistic Studios,2026-09-14T05:00:35,221-869-992,CBR-247-708,6344514232,,Julie,Knowles,"2026-09-19","2026-09-21",2,Apartment-Ensuite-N7 202,Non Refundable,Flat 5 Triple-split level - GF,,3,0,GBP,260.00,260.00,225.00,35.00,Online,Booking.com,Booking.com,On Account,Confirmed,,jknowl.613311@guest.booking.com,+44 7582 780116,,"Non-Smoking  There is no meal option with this room. Children and Extra Bed Policy: Children of any age are allowed. You haven't added any cots. You haven't added any extra beds. The maximum number of guests is 3.  Deposit Policy: The guest will be charged a prepayment of the total price of the reservation at any time.  Cancellation Policy: The guest will be charged the total price of the reservation if they cancel at any time.  payment_on_Booking.com (Payout type: BankTransfer)  ** THIS RESERVATION HAS BEEN PRE-PAID ** BOOKING NOTE : Payment charge is GBP 4.16 ",,,,,"2026-09-14",,,,
Amsterdam Hotel,2026-01-13T20:06:06,224-522-302,HUE-363-423,6967614978,,Enrico,Perazzini,"2026-09-19","2026-09-20",1,Quad room-Ensuite/Amsterdam,Non Refundable Rate,Room 5 1ST Floor Refurbished,,2,1,GBP,106.11,106.11,106.11,0.00,Online,Booking.com,Booking.com,On Account,Confirmed,,eperaz.192024@guest.booking.com,+39 329 789 4533,,"Child Ages: 7  Genius Rate  Non-Smoking  Promos: International  There is no meal option with this room. Children and Extra Bed Policy: Children of any age are allowed. You haven't added any cots. You haven't added any extra beds. The maximum number of guests is 4.  Deposit Policy: The guest will be charged a prepayment of the total price of the reservation at any time.  Cancellation Policy: The guest will be charged the total price of the reservation if they cancel at any time.  payment_on_Booking.com (Payout type: BankTransfer)  ** THIS RESERVATION HAS BEEN PRE-PAID ** Reservation has a cancellation grace period. Do not charge if cancelled before 2026-01-14 21:04:43 BOOKING NOTE : Payment charge is GBP 1.69776  Genius Booker ",,,,,"2026-01-13",,,,
Sachi Hotel,2026-05-29T08:54:43,234-854-212,ZLC-364-983,6319762369,,Vanessa,Richardson,"2026-09-19","2026-09-20",1,Standard Double room,Base Rate,Room 8 2nd F,,2,0,GBP,114.00,See 199-692-512,114.00,0.00,Online,Booking.com,Booking.com,On Account,Confirmed,,vricha.164408@guest.booking.com,+61 419 962 368,,"Group: 4 x Adult, 0 x Child  Non-Smoking  There is no meal option with this room. Children and Extra Bed Policy: Children of any age are allowed. You haven't added any cots. You haven't added any extra beds. The maximum number of guests is 2.  Deposit Policy: The guest will be charged a prepayment of the total price of the reservation at any time.  Cancellation Policy: The guest can cancel free of charge until 5 days before arrival. The guest will be charged the total price of the reservation if they cancel in the 5 days before arrival.  payment_on_Booking.com (Payout type: BankTransfer)  ** THIS RESERVATION HAS BEEN PRE-PAID ** BOOKING NOTE : Payment charge is GBP 3.2208  Genius Booker ",,,,,"2026-05-29",,,,
The Dolphin Hotel,2026-09-16T19:14:29,236-199-661,CXV-952-497,6950143190,,Klaudia,Kopcinska,"2026-09-19","2026-09-20",1,Standard-Triple room-Ensuite,Non Refundable,Room 103,,2,1,GBP,58.32,58.32,58.32,0.00,Online,Booking.com,Booking.com,On Account,Confirmed,,kkopci.673839@guest.booking.com,+48447925563049,,"Child Ages: 3  Non-Smoking  Promos: Mobile(App) Rate  There is no meal option with this room. Children and Extra Bed Policy: Children of any age are allowed. You haven't added any cots. You haven't added any extra beds. The maximum number of guests is 3.  Deposit Policy: The guest will be charged a prepayment of the total price of the reservation at any time.  Cancellation Policy: The guest will be charged the total price of the reservation if they cancel at any time.  payment_on_Booking.com (Payout type: BankTransfer)  ** THIS RESERVATION HAS BEEN PRE-PAID ** BOOKING NOTE : Payment charge is GBP 0.93312  Genius Booker ",,,,,"2026-09-16",,,,
Cambria Hotel,2026-08-10T11:16:04,238-985-461,JOZ-720-642,6208066481,,Candice,Davies,"2026-09-19","2026-09-20",1,Standard-Quad room-Ensuite,Base Rate,Room 27,,1,2,GBP,65.00,65.00,65.00,0.00,Online,Booking.com,Booking.com,On Account,Confirmed,,cdavie.707853@guest.booking.com,+44 7881 827065,,"Child Ages: 13, 13  Non-Smoking  There is no meal option with this room. Children and Extra Bed Policy: Children of any age are allowed. You haven't added any cots. You haven't added any extra beds. The maximum number of guests is 4.  Deposit Policy: The guest will be charged a prepayment of the total price of the reservation at any time.  Cancellation Policy: The guest can cancel free of charge until 7 days before arrival. The guest will be charged the total price of the reservation if they cancel in the 7 days before arrival.  payment_on_Booking.com (Payout type: BankTransfer)  ** THIS RESERVATION HAS BEEN PRE-PAID ** BOOKING NOTE : Payment charge is GBP 1.04 Approximate time of arrival: between 15:00 and 16:00  Genius Booker ",,,,,"2026-08-10",,,,
Cambria Hotel,2026-09-08T17:05:55,243-695-862,WHR-402-760,5059978506,,Robyn,Marshall,"2026-09-19","2026-09-20",1,Standard-Triple room-Ensuite,,Room 14,,2,0,GBP,0.00,0.00,0.00,0.00,Online,Booking.com,Booking.com,On Account,Canceled,,rmarsh.838176@guest.booking.com,+44 7908 622160,,"Non-Smoking  There is no meal option with this room. Children and Extra Bed Policy: Children of any age are allowed. You haven't added any cots. You haven't added any extra beds. The maximum number of guests is 3.  Deposit Policy: The guest will be charged a prepayment of the total price of the reservation at any time.  Cancellation Policy: The guest can cancel free of charge until 7 days before arrival. The guest will be charged the total price of the reservation if they cancel in the 7 days before arrival.  payment_on_Booking.com (Payout type: BankTransfer)  ** THIS RESERVATION HAS BEEN PRE-PAID ** BOOKING NOTE : Payment charge is GBP 0.968  Genius Booker ",,,,,"2026-09-08",,,,
Hammersmith Stayz,2026-06-20T21:46:05,244-288-414,KAZ-195-719,6790041098,,Yuko,Oka,"2026-09-19","2026-09-22",3,Standard Double Studio Ensuite/Hammersmith Stayz,,Studio 7 2nd F,,1,0,GBP,0.00,0.00,0.00,0.00,Online,Booking.com,Booking.com,On Account,Canceled,,yoka.834010@guest.booking.com,+81 90 2019 3332,,"Genius Rate  Non-Smoking  Promos: International  There is no meal option with this room. Children and Extra Bed Policy: Children of any age are allowed. 1 child (up to and including 2 years old) stays for free when using available cots.  You haven't added any extra beds. The maximum number of cots is 1. The maximum number of guests is 2.  Deposit Policy: The guest will be charged a prepayment of the total price of the reservation at any time.  Cancellation Policy: The guest can cancel free of charge until 5 days before arrival. The guest will be charged the total price of the reservation if they cancel in the 5 days before arrival.  payment_on_Booking.com (Payout type: BankTransfer)  ** THIS RESERVATION HAS BEEN PRE-PAID ** BOOKING NOTE : Payment charge is GBP 3.8392  Genius Booker ",,,,,"2026-06-20",,,,
Crofton House Hotel,2026-09-15T15:43:43,250-148-014,FJH-402-706,2559436752,,David,cooper,"2026-09-19","2026-09-20",1,Double room-Ensuite Crofton,Non Refundable,Room 3 Crofton,,2,0,GBP,60.01,60.01,60.01,0.00,Online,Expedia,Expedia & Affiliate Network,On Account,Confirmed,,hkpinson2026@sina.com,1111111111111,,"Expedia collects payment from traveler: Hotel invoices Expedia. ",,,,,"2026-09-15",,,,
Avalon Guest house,2025-07-26T18:52:35,251-289-352,XNS-021-952,5198383310,,Laurajane,Richardson.,"2026-09-19","2026-09-25",6,Deluxe-Double room-Ensuite with Bath,,Room 5,,1,0,GBP,0.00,See 038-058-364,0.00,0.00,Online,Booking.com,Booking.com,On Account,Canceled,,lricha.813254@guest.booking.com,+44 7512 177772,,"Group: 3 x Adult, 0 x Child  Non-Smoking  Promos: Mobile(App) Rate  There is no meal option with this room. Children and Extra Bed Policy: Children of any age are allowed. You haven't added any cots. You haven't added any extra beds. The maximum number of guests is 2.  Deposit Policy: The guest will be charged a prepayment of the total price of the reservation at any time.  Cancellation Policy: The guest can cancel free of charge until 2 days before arrival. The guest will be charged the total price of the reservation if they cancel in the 2 days before arrival.  payment_on_Booking.com (Payout type: BankTransfer)  ** THIS RESERVATION HAS BEEN PRE-PAID ** BOOKING NOTE : Payment charge is GBP 21.168  Genius Booker ",,,,,"2025-07-26",,,,
Green Gables Hotel,2026-09-11T00:03:54,256-501-202,PZB-411-856,5846528636,,Mustafa,Osman,"2026-09-19","2026-09-20",1,Family room-Ensuite,48 Hours Flexible Policy,Room 9,,3,0,GBP,48.55,48.55,48.55,0.00,Online,Booking.com,Booking.com,On Account,Confirmed,,mosman.966874@guest.booking.com,+44 7704 562027,,"Genius Rate  Non-Smoking  Promos: Mobile(App) Rate  There is no meal option with this room. Children and Extra Bed Policy: Children of any age are allowed. You haven't added any cots. You haven't added any extra beds. The maximum number of guests is 5.  Deposit Policy: The guest will be charged a prepayment of the total price of the reservation at any time.  Cancellation Policy: The guest can cancel free of charge until 2 days before arrival. The guest will be charged the total price of the reservation if they cancel in the 2 days before arrival.  payment_on_Booking.com (Payout type: BankTransfer)  ** THIS RESERVATION HAS BEEN PRE-PAID ** BOOKING NOTE : Payment charge is GBP 0.7768  Genius Booker ",,,,,"2026-09-10",,,,
Wembar Hotel,2026-07-25T13:04:07,259-923-561,WHE-276-605,5694674962,,Julie,Spruce,"2026-09-19","2026-09-20",1,Small Single Room (No Window)/Wembar,,Room 16 - Basement ,,1,0,GBP,0.00,0.00,0.00,0.00,Online,Booking.com,Booking.com,On Account,Canceled,,jspruc.228083@guest.booking.com,+44 7781 108796,,"Non-Smoking  Promos: International  There is no meal option with this room. Children and Extra Bed Policy: Children ages 1 and older are allowed. You haven't added any cots. You haven't added any extra beds. The maximum number of guests is 1.  Deposit Policy: The guest will be charged a prepayment of the total price of the reservation at any time.  Cancellation Policy: The guest can cancel free of charge until 3 days before arrival. The guest will be charged the total price of the reservation if they cancel in the 3 days before arrival.  payment_on_Booking.com (Payout type: BankTransfer)  ** THIS RESERVATION HAS BEEN PRE-PAID ** Approximate time of arrival: between 00:00 and 01:00 BOOKING NOTE : Payment charge is GBP 1.2312  Genius Booker ",,,,,"2026-07-25",,,,
Savoy Hotel,2026-09-11T11:27:54,260-359-981,CXA-725-980,6918885907,,Lydia,Agho,"2026-09-19","2026-09-20",1,Triple room-Standard-Ensuite-Brichfield,Non Refundable,Room 406 brichfield,,2,1,GBP,186.00,86.00,86.00,100.00,Online,Booking.com,Booking.com,On Account,Confirmed,,lagho.820805@guest.booking.com,+44 7541 991528,,"Child Ages: 12  Non-Smoking  There is no meal option with this room. Children and Extra Bed Policy: Children of any age are allowed. You haven't added any cots. You haven't added any extra beds. The maximum number of guests is 3.  Deposit Policy: The guest will be charged a prepayment of the total price of the reservation at any time.  Cancellation Policy: The guest will be charged the total price of the reservation if they cancel at any time.  payment_on_Booking.com (Payout type: BankTransfer)  ** THIS RESERVATION HAS BEEN PRE-PAID ** BOOKING NOTE : Payment charge is GBP 1.376 ",,,,,"2026-09-11",,,,
Cluny Hill Hotel,2026-08-30T18:45:14,262-098-231,HFY-463-739,5622383807,,Kirsty,Macnab,"2026-09-19","2026-09-20",1,Standard Twin room ,Non Refundable,Room 53,,2,0,GBP,50.02,50.02,50.02,0.00,Online,Booking.com,Booking.com,On Account,Confirmed,,kmacna.956690@guest.booking.com,+44 7800 738505,,"Genius Rate  Non-Smoking  There is no meal option with this room. Children and Extra Bed Policy: Children of any age are allowed. You haven't added any cots. You haven't added any extra beds. The maximum number of guests is 2.  Deposit Policy: The guest will be charged a prepayment of the total price of the reservation at any time.  Cancellation Policy: The guest will be charged the total price of the reservation if they cancel at any time.  payment_on_Booking.com (Payout type: BankTransfer)  ** THIS RESERVATION HAS BEEN PRE-PAID ** BOOKING NOTE : Payment charge is GBP 0.80032  Genius Booker ",,,,,"2026-08-30",,,,
Savoy Hotel,2026-09-16T19:57:31,298-441-911,FCC-704-062,6747484031,,tichawona,chimbganda,"2026-09-19","2026-09-20",1,Double room-Ensuite-savoy,Non refundable,Room 19,,2,0,GBP,175.00,75.00,75.00,100.00,Online,Booking.com,Booking.com,On Account,Confirmed,,tchimb.797531@guest.booking.com,+44 7492 710526,,"Non-Smoking  There is no meal option with this room. Children and Extra Bed Policy: Children of any age are allowed. You haven't added any cots. You haven't added any extra beds. The maximum number of guests is 2.  Deposit Policy: The guest will be charged a prepayment of the total price of the reservation at any time.  Cancellation Policy: The guest will be charged the total price of the reservation if they cancel at any time.  payment_on_Booking.com (Payout type: BankTransfer)  ** THIS RESERVATION HAS BEEN PRE-PAID ** BOOKING NOTE : Payment charge is GBP 1.2  Genius Booker ",,,,,"2026-09-16",,,,
The Carlton Hotel,2026-09-16T18:26:36,305-130-042,NZR-731-584,6934403180,,Capon,Nik,"2026-09-19","2026-09-20",1,Classic Double room Ensuite,Non Refundable,Room 4,,2,0,GBP,54.00,54.00,54.00,0.00,Online,Booking.com,Booking.com,On Account,Confirmed,,cnik.415415@guest.booking.com,+44 7595 468946,,"Non-Smoking  There is no meal option with this room. Children and Extra Bed Policy: Children of any age are allowed. You haven't added any cots. You haven't added any extra beds. The maximum number of guests is 2.  Deposit Policy: The guest will be charged a prepayment of the total price of the reservation at any time.  Cancellation Policy: The guest can cancel free of charge until 2 days before arrival. The guest will be charged the total price of the reservation if they cancel in the 2 days before arrival.  payment_on_Booking.com (Payout type: BankTransfer)  ** THIS RESERVATION HAS BEEN PRE-PAID ** BOOKING NOTE : Payment charge is GBP 0.864 This is a Smart Flex reservation. Upgraded policy: Free cancellation until 2 days before check-in. More information can be found at https://admin.booking.com/hotel/hoteladmin/extranet_ng/manage/booking.html?hotel_id=1308142&res_id=6934403180 ",,,,,"2026-09-16",,,,
Avalon Guest house,2026-08-18T19:52:20,306-191-242,GUK-253-291,2537742456,,LOUISA,BAINES,"2026-09-19","2026-09-20",1,Modern-Double room-Ensuite with Bath,Non Refundable,Room 9,,2,0,GBP,124.74,124.74,124.74,0.00,Online,Expedia Affiliate Network,Expedia & Affiliate Network,On Account,Confirmed,,libbylou031210@gmail.com,1111111111111,,"1 Double Bed Expedia collects payment from traveler: Hotel invoices Expedia. ",,,,,"2026-08-18",,,,
Bonair Hotel,2026-09-01T14:10:54,308-199-092,SBQ-905-073,6242763207,,Scott,Evans,"2026-09-19","2026-09-20",1,Standard-Double room-Ensuite,Base Rate,Room 11,,2,0,GBP,45.00,45.00,45.00,0.00,Online,Booking.com,Booking.com,On Account,Confirmed,,sevans.734539@guest.booking.com,+44 7505 205523,,"Non-Smoking  There is no meal option with this room. Children and Extra Bed Policy: Children of any age are allowed. You haven't added any cots. You haven't added any extra beds. The maximum number of guests is 2.  Deposit Policy: The guest will be charged a prepayment of the total price of the reservation at any time.  Cancellation Policy: The guest can cancel free of charge until 7 days before arrival. The guest will be charged the total price of the reservation if they cancel in the 7 days before arrival. If the guest doesn’t show up, they will be charged the total price of the reservation.  payment_on_Booking.com (Payout type: BankTransfer)  ** THIS RESERVATION HAS BEEN PRE-PAID ** BOOKING NOTE : Payment charge is GBP 0.72  Genius Booker ",,,,,"2026-09-01",,,,
Wembar Hotel,2026-07-23T07:01:54,316-830-394,TAQ-755-283,6240354423,,Henning,Franz,"2026-09-19","2026-09-20",1,Twin room-Standard-Ensuite with Shower/Wembar,Base Rate,Room 10 - 2nd F,,2,0,GBP,92.15,92.15,92.15,0.00,Online,Booking.com,Booking.com,On Account,Confirmed,,hfranz.184784@guest.booking.com,+49 176 70994366,,"Non-Smoking  Promos: International  There is no meal option with this room. Children and Extra Bed Policy: Children ages 1 and older are allowed. You haven't added any cots. You haven't added any extra beds. The maximum number of guests is 2.  Deposit Policy: The guest will be charged a prepayment of the total price of the reservation at any time.  Cancellation Policy: The guest can cancel free of charge until 3 days before arrival. The guest will be charged the total price of the reservation if they cancel in the 3 days before arrival.  payment_on_Booking.com (Payout type: BankTransfer)  ** THIS RESERVATION HAS BEEN PRE-PAID ** BOOKING NOTE : Payment charge is GBP 1.4744  Genius Booker ",,,,,"2026-07-23",,,,
Modern Studios Close To Hyde Park,2026-08-28T07:01:28,325-535-244,LJC-432-020,2545048838,,Luisa,Corujo Rodríguez,"2026-09-19","2026-09-23",4,Standard-Studio-Ensuite-Basement level LG,,Flat 4 BF,,2,0,GBP,0.00,0.00,0.00,0.00,Online,Expedia,Expedia & Affiliate Network,Pay On Arrival,Canceled,,eutcf26ch8@m.expediapartnercentral.com,111111111111,,"Hotel collects payment from the traveler ",,,,,"2026-08-28",,,,
Avalon Guest house,2026-07-09T11:27:47,326-131-122,OHW-831-590,6072439554,,John,Whenman,"2026-09-19","2026-09-20",1,Booked as: Modern Standard Double room ensuite,,No. 13 - Room B1,,2,0,GBP,0.00,0.00,0.00,0.00,Online,Booking.com,Booking.com,On Account,Canceled,,jwhenm.548038@guest.booking.com,+44 7904 909970,,"Non-Smoking  Promos: Mobile(MDot) Rate  There is no meal option with this room. Children and Extra Bed Policy: Children of any age are allowed. You haven't added any cots. You haven't added any extra beds. The maximum number of guests is 2.  Deposit Policy: The guest will be charged a prepayment of the total price of the reservation at any time.  Cancellation Policy: The guest can cancel free of charge until 5 days before arrival. The guest will be charged the total price of the reservation if they cancel in the 5 days before arrival.  payment_on_Booking.com (Payout type: BankTransfer)  ** THIS RESERVATION HAS BEEN PRE-PAID ** Approximate time of arrival: between 14:00 and 15:00 BOOKING NOTE : Payment charge is GBP 1.7856  Genius Booker ",,,,,"2026-07-09",,,,
Bonair Hotel,2026-09-15T06:52:44,328-343-151,NSW-427-309,5249923925,,Kelly,Langford,"2026-09-19","2026-09-21",2,Sea view-Triple room-Ensuite,Base Rate,Room 17,,2,0,GBP,138.00,138.00,138.00,0.00,Online,Booking.com,Booking.com,On Account,Confirmed,,klangf.187857@guest.booking.com,+44 7512 968484,,"Non-Smoking  There is no meal option with this room. Children and Extra Bed Policy: Children of any age are allowed. You haven't added any cots. You haven't added any extra beds. The maximum number of guests is 3.  Deposit Policy: The guest will be charged a prepayment of the total price of the reservation at any time.  Cancellation Policy: The guest can cancel free of charge until 7 days before arrival. The guest will be charged the total price of the reservation if they cancel in the 7 days before arrival. If the guest doesn’t show up, they will be charged the total price of the reservation.  payment_on_Booking.com (Payout type: BankTransfer)  ** THIS RESERVATION HAS BEEN PRE-PAID ** BOOKING NOTE : Payment charge is GBP 2.208  Genius Booker ",,,,,"2026-09-15",,,,
Modern Studios Close To Hyde Park,2026-08-28T16:17:06,329-555-294,FLN-464-563,2545320337,,Ravi,Kotamraju,"2026-09-19","2026-09-21",2,Family-Studio-Ensuite-Quad LG,,Flat 20,,4,0,GBP,0.00,0.00,0.00,0.00,Online,Expedia,Expedia & Affiliate Network,On Account,Canceled,,slxpk8etsj@m.expediapartnercentral.com,11111111111,,"Expedia collects payment from traveler: Hotel invoices Expedia. ",,,,,"2026-08-28",,,,
The Kirkdale Hotel,2026-09-15T21:52:21,332-696-251,NAN-568-926,6219156359,,Samarakoon,Malith,"2026-09-19","2026-09-20",1,Standard Double room Ensuite,Non Refundable,Room 17 - 2nd F,,2,0,GBP,50.05,50.05,50.05,0.00,Online,Booking.com,Booking.com,On Account,Confirmed,,smalit.475199@guest.booking.com,+44 7366 349281,,"Genius Rate  Non-Smoking  There is no meal option with this room. Children and Extra Bed Policy: Children of any age are allowed. You haven't added any cots. You haven't added any extra beds. The maximum number of guests is 2.  Deposit Policy: The guest will be charged a prepayment of the total price of the reservation at any time.  Cancellation Policy: The guest will be charged the total price of the reservation if they cancel at any time.  payment_on_Booking.com (Payout type: BankTransfer)  ** THIS RESERVATION HAS BEEN PRE-PAID ** Reservation has a cancellation grace period. Do not charge if cancelled before 2026-09-16 22:51:03 BOOKING NOTE : Payment charge is GBP 0.8008  Genius Booker ",,,,,"2026-09-15",,,,
Sachi Hotel,2026-04-01T09:07:07,333-269-222,ACA-808-823,6851966197,,Agnieszka,Hojnacka,"2026-09-19","2026-09-20",1,Standard Single room External Bathroom,Base Rate,Room 11 2nd F,,1,0,GBP,89.00,89.00,89.00,0.00,Online,Booking.com,Booking.com,On Account,Confirmed,,ahojna.174668@guest.booking.com,+44 7517 232548,,"Non-Smoking  There is no meal option with this room. Children and Extra Bed Policy: Children of any age are allowed. You haven't added any cots. You haven't added any extra beds. The maximum number of guests is 1.  Deposit Policy: The guest will be charged a prepayment of the total price of the reservation at any time.  Cancellation Policy: The guest can cancel free of charge until 5 days before arrival. The guest will be charged the total price of the reservation if they cancel in the 5 days before arrival.  payment_on_Booking.com (Payout type: BankTransfer)  ** THIS RESERVATION HAS BEEN PRE-PAID ** BOOKING NOTE : Payment charge is GBP 1.424  Genius Booker ",,,,,"2026-04-01",,,,
Green Gables Hotel,2026-09-15T20:23:52,349-540-902,NPI-552-101,5529205711,,Evans,Vellah,"2026-09-19","2026-09-20",1,Double room-Standard-Ensuite with Bath,Non Refundable,Room 24A,,1,0,GBP,35.64,35.64,35.64,0.00,Online,Booking.com,Booking.com,On Account,Confirmed,,evella.305918@guest.booking.com,+44 7895 660440,,"Genius Rate  Non-Smoking  Promos: Mobile(App) Rate  There is no meal option with this room. Children and Extra Bed Policy: Children of any age are allowed. You haven't added any cots. You haven't added any extra beds. The maximum number of guests is 2.  Deposit Policy: The guest will be charged a prepayment of the total price of the reservation at any time.  Cancellation Policy: The guest will be charged the total price of the reservation if they cancel at any time.  payment_on_Booking.com (Payout type: BankTransfer)  ** THIS RESERVATION HAS BEEN PRE-PAID ** BOOKING NOTE : Payment charge is GBP 0.57024  Genius Booker ",,,,,"2026-09-15",,,,
Savoy Hotel,2026-09-17T02:01:18,352-050-051,ZDE-085-901,5838386624,,Elefterios,Poulakis,"2026-09-19","2026-09-20",1,Twin room-Standard-Ensuite-Brichfield,Non Refundable,Room 508 brichfield,,2,0,GBP,178.00,78.00,78.00,100.00,Online,Booking.com,Booking.com,On Account,Confirmed,,epoula.980684@guest.booking.com,+44 7411 974506,,"Non-Smoking  There is no meal option with this room. Children and Extra Bed Policy: Children of any age are allowed. You haven't added any cots. You haven't added any extra beds. The maximum number of guests is 2.  Deposit Policy: The guest will be charged a prepayment of the total price of the reservation at any time.  Cancellation Policy: The guest will be charged the total price of the reservation if they cancel at any time.  payment_on_Booking.com (Payout type: BankTransfer)  ** THIS RESERVATION HAS BEEN PRE-PAID ** BOOKING NOTE : Payment charge is GBP 1.248  Genius Booker ",,,,,"2026-09-17",,,,
London Gatwick Inn,2026-06-16T02:44:16,354-914-592,OIK-597-946,2485739524,,Alice,Body,"2026-09-19","2026-09-20",1,Small single,Base Rate,304,,1,0,GBP,40.32,40.32,40.32,0.00,Online,Expedia Affiliate Network,Expedia & Affiliate Network,On Account,Confirmed,,3nv5ofw1dt@m.expediapartnercentral.com,1111111111111,,"1 Twin Bed travel purpose=leisure ",,,,,"2026-06-16",,,,
Avalon Guest house,2026-08-31T06:10:44,362-032-281,KTD-893-830,6520161330,,SYLWIA,BOGACZ PIETRZAK,"2026-09-19","2026-09-20",1,Triple room-Standard-Ensuite,,No. 13 - Room 2,,3,0,GBP,0.00,0.00,0.00,0.00,Online,Booking.com,Booking.com,On Account,Canceled,,spietr.123537@guest.booking.com,+44 7835 390572,,"Non-Smoking  Promos: Mobile(App) Rate  There is no meal option with this room. Children and Extra Bed Policy: Children of any age are allowed. You haven't added any cots. You haven't added any extra beds. The maximum number of guests is 3.  Deposit Policy: The guest will be charged a prepayment of the total price of the reservation at any time.  Cancellation Policy: The guest can cancel free of charge until 5 days before arrival. The guest will be charged the total price of the reservation if they cancel in the 5 days before arrival.  payment_on_Booking.com (Payout type: BankTransfer)  ** THIS RESERVATION HAS BEEN PRE-PAID ** BOOKING NOTE : Payment charge is GBP 2.4048  Genius Booker ",,,,,"2026-08-31",,,,
Amsterdam Hotel,2026-07-15T11:26:16,363-180-681,OSZ-098-822,6357424500,,Enza,Rubinacci,"2026-09-19","2026-09-21",2,Compact-Double room-Ensuite/Amsterdam,,Room 22 5TH Floor Refurbished,,2,0,GBP,0.00,0.00,0.00,0.00,Online,Booking.com,Booking.com,On Account,Canceled,,erubin.587949@guest.booking.com,+39 339 579 0507,,"Genius Rate  Non-Smoking  Promos: International  There is no meal option with this room. Children and Extra Bed Policy: Children of any age are allowed. You haven't added any cots. You haven't added any extra beds. The maximum number of guests is 2.  Deposit Policy: The guest will be charged a prepayment of the total price of the reservation at any time.  Cancellation Policy: The guest can cancel free of charge until 2 days before arrival. The guest will be charged the total price of the reservation if they cancel in the 2 days before arrival.  payment_on_Booking.com (Payout type: BankTransfer)  ** THIS RESERVATION HAS BEEN PRE-PAID ** BOOKING NOTE : Payment charge is GBP 3.43024  Genius Booker ",,,,,"2026-07-15",,,,
Bonair Hotel,2026-09-11T16:57:14,364-543-264,APJ-463-579,6253949812,,Victoria,Jane,"2026-09-19","2026-09-20",1,Standard-Double room-Ensuite,48 Hours Flexible Policy,Room 24,,2,0,GBP,56.40,56.40,56.40,0.00,Online,Booking.com,Booking.com,On Account,Confirmed,,vjane.593626@guest.booking.com,+44 7907 340189,,"Non-Smoking  There is no meal option with this room. Children and Extra Bed Policy: Children of any age are allowed. You haven't added any cots. You haven't added any extra beds. The maximum number of guests is 2.  Deposit Policy: No prepayment is needed.  Cancellation Policy: The guest can cancel free of charge until 2 days before arrival. The guest will be charged the total price of the reservation if they cancel in the 2 days before arrival.  payment_on_Booking.com (Payout type: BankTransfer)  ** THIS RESERVATION HAS BEEN PRE-PAID ** BOOKING NOTE : Payment charge is GBP 0.9024 ",,,,,"2026-09-11",,,,
Green Gables Hotel,2026-09-04T18:34:39,365-160-501,ASG-104-182,6965428105,,Rachel,Gaddas,"2026-09-19","2026-09-20",1,Quad room-Standard-Ensuite,Non Refundable,Room 20,,3,0,GBP,37.58,37.58,37.58,0.00,Online,Booking.com,Booking.com,On Account,Confirmed,,rgadda.409515@guest.booking.com,+44 7703 020980,,"Genius Rate  Non-Smoking  Promos: Mobile(App) Rate  There is no meal option with this room. Children and Extra Bed Policy: Children of any age are allowed. You haven't added any cots. You haven't added any extra beds. The maximum number of guests is 4.  Deposit Policy: The guest will be charged a prepayment of the total price of the reservation at any time.  Cancellation Policy: The guest will be charged the total price of the reservation if they cancel at any time.  payment_on_Booking.com (Payout type: BankTransfer)  ** THIS RESERVATION HAS BEEN PRE-PAID ** BOOKING NOTE : Payment charge is GBP 0.60128  Genius Booker ",,,,,"2026-09-04",,,,
La Casa Studios Near Hyde Park,2026-09-03T17:15:47,365-898-561,KFL-907-115,5721749924,,Amy,Falzon Farrugia,"2026-09-19","2026-09-25",6,Standard Studio Ensuite with Shower- La Casa,,Studio 10,,2,0,GBP,0.00,0.00,0.00,0.00,Online,Booking.com,Booking.com,On Account,Canceled,,afarru.220226@guest.booking.com,+356 7983 9309,,"Genius Rate  Non-Smoking  There is no meal option with this room. Children and Extra Bed Policy: Children of any age are allowed. You haven't added any cots. You haven't added any extra beds. The maximum number of guests is 2.  Deposit Policy: The guest will be charged a prepayment of the total price of the reservation at any time.  Cancellation Policy: The guest can cancel free of charge until 5 days before arrival. The guest will be charged the total price of the reservation if they cancel in the 5 days before arrival.  payment_on_Booking.com (Payout type: BankTransfer)  ** THIS RESERVATION HAS BEEN PRE-PAID ** BOOKING NOTE : Payment charge is GBP 10.53984  Genius Booker ",,,,,"2026-09-03",,,,
Avalon Guest house,2025-08-16T10:40:46,382-221-901,GDQ-988-597,5251914192,,Mark,Cooper,"2026-09-19","2026-09-21",2,Triple room-Standard-Ensuite,,No. 13 - Room 6,,3,0,GBP,0.00,0.00,0.00,0.00,Online,Booking.com,Booking.com,On Account,Canceled,,mcoope.398434@guest.booking.com,+44 7494583131,,"Non-Smoking  Promos: Mobile(App) Rate  There is no meal option with this room. Children and Extra Bed Policy: Children of any age are allowed. You haven't added any cots. You haven't added any extra beds. The maximum number of guests is 3.  Deposit Policy: The guest will be charged a prepayment of the total price of the reservation at any time.  Cancellation Policy: The guest can cancel free of charge until 5 days before arrival. The guest will be charged the total price of the reservation if they cancel in the 5 days before arrival.  payment_on_Booking.com (Payout type: BankTransfer)  ** THIS RESERVATION HAS BEEN PRE-PAID ** BOOKING NOTE : Payment charge is GBP 3.168  Genius Booker ",,,,,"2025-08-16",,,,
Modern Studios Close To Hyde Park,2026-07-26T21:20:48,386-910-894,EAW-529-838,1418fb94e984-2c8390d034469f438308f1c908300b4a@airbnb.com,,Itzel Adriana’s,iCal,"2026-09-19","2026-09-21",2,Large Studio Ensuite LG,Base Rate,Flat 25 3rd ,,1,0,GBP,172.41,172.41,172.41,0.00,iCal,ical1,,Deposit (Variable),Confirmed,,,,,"Reservation URL: https://www.airbnb.com/hosting/reservations/details/HMPXDS4E2J  ‪+52 55 6423 9058‬",,,,,"2026-07-26",,,,
Sachi Hotel,2026-02-01T08:45:39,396-450-341,KIP-642-803,2383664485,,Darren,Sanders,"2026-09-19","2026-09-22",3,Standard Single room External Bathroom,Non Refundable,Room 4 1st F,,1,0,GBP,191.15,191.15,191.15,0.00,Online,Expedia,Expedia & Affiliate Network,On Account,Confirmed,,9v8s2tbg1f@m.expediapartnercentral.com,447740680612,,,,,,,"2026-02-01",,,,
Bonair Hotel,2026-09-08T14:57:21,399-533-601,UZJ-753-101,6829815119,,Mark,Holt,"2026-09-19","2026-09-20",1,Standard-Triple room-Ensuite,Base Rate,Room 28,,2,0,GBP,45.00,90.00,45.00,0.00,Online,Booking.com,Booking.com,On Account,Confirmed,,mholt.439995@guest.booking.com,+44 7776 138385,,"Group: 4 x Adult, 0 x Child  Non-Smoking  There is no meal option with this room. Children and Extra Bed Policy: Children of any age are allowed. You haven't added any cots. You haven't added any extra beds. The maximum number of guests is 2.  Deposit Policy: The guest will be charged a prepayment of the total price of the reservation at any time.  Cancellation Policy: The guest can cancel free of charge until 7 days before arrival. The guest will be charged the total price of the reservation if they cancel in the 7 days before arrival. If the guest doesn’t show up, they will be charged the total price of the reservation.  payment_on_Booking.com (Payout type: BankTransfer)  ** THIS RESERVATION HAS BEEN PRE-PAID ** Approximate time of arrival: between 15:00 and 16:00 BOOKING NOTE : Payment charge is GBP 1.44  /////**** upgraded from Double****\\\\ ",,,,,"2026-09-08",,,,
Green Gables Hotel,2026-09-15T11:32:25,403-180-862,BRU-125-454,5968647269,,Katarzyna,Mlynarczyk,"2026-09-19","2026-09-20",1,Double room-Standard-Ensuite with Bath,Non Refundable,Room 14,,1,0,GBP,40.13,See 014-465-141,40.13,0.00,Online,Booking.com,Booking.com,On Account,Confirmed,,kmlyna.267437@guest.booking.com,+44 7554 339907,,"Group: 3 x Adult, 0 x Child  Genius Rate  Non-Smoking  Promos: Mobile(App) Rate  There is no meal option with this room. Children and Extra Bed Policy: Children of any age are allowed. You haven't added any cots. You haven't added any extra beds. The maximum number of guests is 2.  Deposit Policy: The guest will be charged a prepayment of the total price of the reservation at any time.  Cancellation Policy: The guest will be charged the total price of the reservation if they cancel at any time.  payment_on_Booking.com (Payout type: BankTransfer)  ** THIS RESERVATION HAS BEEN PRE-PAID ** BOOKING NOTE : Payment charge is GBP 1.28416  Genius Booker ",,,,,"2026-09-15",,,,
Bonair Hotel,2026-07-06T17:49:46,403-224-554,RAB-782-008,6653178957,,Sophie,Athay,"2026-09-19","2026-09-20",1,Sea view-Single room-Ensuite,Base Rate,Room 5,,1,0,GBP,40.00,40.00,40.00,0.00,Online,Booking.com,Booking.com,On Account,Confirmed,,sathay.477866@guest.booking.com,+44 7894 429961,,"Non-Smoking  There is no meal option with this room. Children and Extra Bed Policy: Children of any age are allowed. You haven't added any cots. You haven't added any extra beds. The maximum number of guests is 1.  Deposit Policy: The guest will be charged a prepayment of the total price of the reservation at any time.  Cancellation Policy: The guest can cancel free of charge until 7 days before arrival. The guest will be charged the total price of the reservation if they cancel in the 7 days before arrival. If the guest doesn’t show up, they will be charged the total price of the reservation.  payment_on_Booking.com (Payout type: BankTransfer)  ** THIS RESERVATION HAS BEEN PRE-PAID ** BOOKING NOTE : Payment charge is GBP 0.64 Approximate time of arrival: between 17:00 and 18:00  Genius Booker ",,,,,"2026-07-06",,,,
Savoy Hotel,2026-09-13T15:17:50,409-169-662,FQP-748-605,5470406284,,Hannah,Anderson,"2026-09-19","2026-09-20",1,Triple room-Standard-Ensuite-Brichfield,48 Hours Flexible,Room 505 brichfield,,1,2,GBP,196.00,96.00,96.00,100.00,Online,Booking.com,Booking.com,On Account,Confirmed,,hander.457013@guest.booking.com,+44 7706 614052,,"Child Ages: 8, 8  Non-Smoking  There is no meal option with this room. Children and Extra Bed Policy: Children of any age are allowed. You haven't added any cots. You haven't added any extra beds. The maximum number of guests is 3.  Deposit Policy: The guest will be charged a prepayment of the total price of the reservation at any time.  Cancellation Policy: The guest can cancel free of charge until 2 days before arrival. The guest will be charged the total price of the reservation if they cancel in the 2 days before arrival.  payment_on_Booking.com (Payout type: BankTransfer)  ** THIS RESERVATION HAS BEEN PRE-PAID ** BOOKING NOTE : Payment charge is GBP 1.536  Genius Booker ",,,,,"2026-09-13",,,,
London Gatwick Inn,2026-09-11T08:27:01,411-225-082,XXV-072-512,5013648571,,Javid,Malik,"2026-09-19","2026-09-20",1,Double Room,Base Rate,201,,2,0,GBP,65.61,65.61,65.61,0.00,Online,Booking.com,Booking.com,On Account,Confirmed,,jmalik.852902@guest.booking.com,+44 7767 180828,,"Whatsapp number: 07706666391  Email: evofaktor@hotmail.com  Genius Rate  Non-Smoking  Promos: Mobile(App) Rate  There is no meal option with this room. Children and Extra Bed Policy: Children ages 6 and older are allowed. You haven't added any cots. You haven't added any extra beds. The maximum number of guests is 2.  Deposit Policy: The guest will be charged a prepayment of the total price of the reservation at any time.  Cancellation Policy: The guest will be charged the total price of the reservation if they cancel at any time.  payment_on_Booking.com (Payout type: BankTransfer)  ** THIS RESERVATION HAS BEEN PRE-PAID ** BOOKING NOTE : Payment charge is GBP 1.04976  Genius Booker ",,,,,"2026-09-11",,,,
London Gatwick Inn,2026-01-01T17:14:26,414-900-011,UAY-439-773,5218053607,,Harriet,Walsh,"2026-09-19","2026-09-20",1,Twin,Base Rate,301,,2,0,GBP,52.65,52.65,52.65,0.00,Online,Booking.com,Booking.com,On Account,Confirmed,,hwalsh.432699@guest.booking.com,+44 7984354297,,"Genius Rate  Non-Smoking  Promos: Mobile(App) Rate  There is no meal option with this room. Children and Extra Bed Policy: Children ages 6 and older are allowed. You haven't added any cots. You haven't added any extra beds. The maximum number of guests is 2.  Deposit Policy: The guest will be charged a prepayment of the total price of the reservation at any time.  Cancellation Policy: The guest will be charged the total price of the reservation if they cancel at any time.  payment_on_Booking.com (Payout type: BankTransfer)  ** THIS RESERVATION HAS BEEN PRE-PAID ** BOOKING NOTE : Payment charge is GBP 0.8424  Genius Booker ",,,,,"2026-01-01",,,,
Portobello Road Artistic Studios,2026-09-14T12:23:53,419-906-381,NRV-861-321,2558426273,,Angela,Kochoska,"2026-09-19","2026-09-20",1,Double Studio 202,Base Rate,Flat 14 - 3rd F,,1,0,GBP,148.00,148.00,113.00,35.00,Online,American Express Travel,Expedia & Affiliate Network,On Account,Confirmed,,,11111111111,,"1 Queen Bed Booked By American Express Travel ",,,,,"2026-09-14",,,,
Bonair Hotel,2026-09-02T21:54:12,420-508-892,YRJ-854-885,5580803242,,Antony,Clark,"2026-09-19","2026-09-20",1,Standard-Single room-Ensuite,Base Rate,Room 34,,1,0,GBP,33.00,33.00,33.00,0.00,Online,Booking.com,Booking.com,On Account,Confirmed,,aclark.959023@guest.booking.com,+44 7594 942117,,"Non-Smoking  There is no meal option with this room. Children and Extra Bed Policy: Children of any age are allowed. You haven't added any cots. You haven't added any extra beds. The maximum number of guests is 1.  Deposit Policy: The guest will be charged a prepayment of the total price of the reservation at any time.  Cancellation Policy: The guest can cancel free of charge until 7 days before arrival. The guest will be charged the total price of the reservation if they cancel in the 7 days before arrival. If the guest doesn’t show up, they will be charged the total price of the reservation.  payment_on_Booking.com (Payout type: BankTransfer)  ** THIS RESERVATION HAS BEEN PRE-PAID ** BOOKING NOTE : Payment charge is GBP 0.528  Genius Booker ",,,,,"2026-09-02",,,,
The Carlton Hotel,2026-08-20T16:29:33,426-541-132,SPU-003-286,,,,barrie small,"2026-09-19","2026-09-20",1,Standard Sea view Double room,Base Rate,Room 209,,1,0,GBP,95.00,0.00,95.00,0.00,Direct,,,On Account,Confirmed,,,+447917611406,,requested 2nd floor,,,,,"2026-08-20",,,Do not move the guest,
Cambria Hotel,2026-07-23T08:34:05,428-251-052,WJI-348-871,5296498615,,Gem,Mer,"2026-09-19","2026-09-20",1,Deluxe-Sea view-Double room-Ensuite,Base Rate,Room 10,,2,0,GBP,45.00,45.00,45.00,0.00,Online,Booking.com,Booking.com,On Account,Confirmed,,gmer.320223@guest.booking.com,+44 7882 159328,,"payment_on_Booking.com (Payout type: BankTransfer)  Non-Smoking  ** THIS RESERVATION HAS BEEN PRE-PAID ** BOOKING NOTE : Payment charge is GBP 0.72  Genius Booker  There is no meal option with this room. Children and Extra Bed Policy: Children of any age are allowed. You haven't added any cots. You haven't added any extra beds. The maximum number of guests is 2.  Deposit Policy: The guest will be charged a prepayment of the total price of the reservation at any time.  Cancellation Policy: The guest can cancel free of charge until 7 days before arrival. The guest will be charged the total price of the reservation if they cancel in the 7 days before arrival.",,,,,"2026-07-23",,,,
The Rose and Crown Hotel,2026-03-04T15:38:49,430-966-851,NVK-498-695,6595869089,,Adam,Stuart,"2026-09-19","2026-09-20",1,Standard-Single room-Ensuite,Non Refundable,Room 306,,1,0,GBP,148.60,See 109-930-152,48.60,100.00,Online,Booking.com,Booking.com,On Account,Confirmed,,astuar.337497@guest.booking.com,+44 7403 610947,,"Group: 2 x Adult, 0 x Child  Genius Rate  Non-Smoking  Promos: Mobile(App) Rate  There is no meal option with this room. Children and Extra Bed Policy: Children of any age are allowed. You haven't added any cots. You haven't added any extra beds. The maximum number of guests is 1.  Deposit Policy: The guest will be charged a prepayment of the total price of the reservation at any time.  Cancellation Policy: The guest will be charged the total price of the reservation if they cancel at any time.  payment_on_Booking.com (Payout type: BankTransfer)  ** THIS RESERVATION HAS BEEN PRE-PAID ** BOOKING NOTE : Payment charge is GBP 1.5552  Genius Booker ",,,,,"2026-03-04",,,,
Amsterdam Hotel,2026-08-31T11:00:52,454-945-924,WED-525-252,6604797852,,Robert,Regliński,"2026-09-19","2026-09-20",1,Deluxe-Triple room-Ensuite/Amsterdam,,Room 23 5TH Floor,,2,0,GBP,0.00,0.00,0.00,0.00,Online,Booking.com,Booking.com,On Account,Canceled,,rregli.318530@guest.booking.com,+48 609 802 077,,"Genius Rate  Non-Smoking  There is no meal option with this room. Children and Extra Bed Policy: Children of any age are allowed. You haven't added any cots. You haven't added any extra beds. The maximum number of guests is 3.  Deposit Policy: The guest will be charged a prepayment of the total price of the reservation at any time.  Cancellation Policy: The guest can cancel free of charge until 2 days before arrival. The guest will be charged the total price of the reservation if they cancel in the 2 days before arrival.  payment_on_Booking.com (Payout type: BankTransfer)  ** THIS RESERVATION HAS BEEN PRE-PAID ** BOOKING NOTE : Payment charge is GBP 2.3712 Approximate time of arrival: between 14:00 and 15:00  Genius Booker ",,,,,"2026-08-31",,,,
Cozy Flats Near Olympia and Westfield,2026-08-28T14:07:56,456-688-004,HFG-483-008,5683777474,,Arij,Ayadi,"2026-09-19","2026-09-22",3,Double Studio Ensuite-Cozy Flats,Base Rate,Flat 10 HR,,2,0,GBP,298.50,298.50,263.50,35.00,Online,Booking.com,Booking.com,On Account,Confirmed,,aayadi.796787@guest.booking.com,+33 7 48 48 03 89,,"payment_on_Booking.com (Payout type: BankTransfer)  Non-Smoking  ** THIS RESERVATION HAS BEEN PRE-PAID ** BOOKING NOTE : Payment charge is GBP 4.776  Genius Booker  Genius Rate  There is no meal option with this room. Children and Extra Bed Policy: Children of any age are allowed. 1 child (up to and including 2 years old) stays for free when using available cots.	 You haven't added any extra beds. The maximum number of cots is 1. The maximum number of guests is 2.  Deposit Policy: The guest will be charged a prepayment of the total price of the reservation at any time.  Cancellation Policy: The guest can cancel free of charge until 5 days before arrival. The guest will be charged the total price of the reservation if they cancel in the 5 days before arrival. If the guest doesn’t show up, they will be charged the total price of the reservation.",,,,,"2026-08-28",,,,
Avalon Guest house,2026-07-29T16:01:41,460-284-032,KSQ-075-012,6360177672,,elizabeth,Thompson,"2026-09-19","2026-09-20",1,Modern-Double room-Ensuite with Bath,,Room 1,,2,0,GBP,0.00,0.00,0.00,0.00,Online,Booking.com,Booking.com,On Account,Canceled,,ethomp.175443@guest.booking.com,+44 7887 656765,,"Non-Smoking  Promos: Mobile(MDot) Rate  There is no meal option with this room. Children and Extra Bed Policy: Children of any age are allowed. You haven't added any cots. You haven't added any extra beds. The maximum number of guests is 2.  Deposit Policy: The guest will be charged a prepayment of the total price of the reservation at any time.  Cancellation Policy: The guest can cancel free of charge until 5 days before arrival. The guest will be charged the total price of the reservation if they cancel in the 5 days before arrival.  payment_on_Booking.com (Payout type: BankTransfer)  ** THIS RESERVATION HAS BEEN PRE-PAID ** BOOKING NOTE : Payment charge is GBP 2.232  Genius Booker ",,,,,"2026-07-29",,,,
Sachi Hotel,2026-04-06T16:48:50,463-085-614,CDI-824-060,6636680036,,Spencer,Gayle,"2026-09-19","2026-09-20",1,Standard Triple room ,,Room 5 1st F,,2,1,GBP,0.00,0.00,0.00,0.00,Online,Booking.com,Booking.com,On Account,Canceled,,sgayle.696997@guest.booking.com,+44 7496 386622,,"Child Ages: 4  Non-Smoking  Promos: Mobile(App) Rate  There is no meal option with this room. Children and Extra Bed Policy: Children of any age are allowed. You haven't added any cots. You haven't added any extra beds. The maximum number of guests is 3.  Deposit Policy: The guest will be charged a prepayment of the total price of the reservation at any time.  Cancellation Policy: The guest can cancel free of charge until 5 days before arrival. The guest will be charged the total price of the reservation if they cancel in the 5 days before arrival.  payment_on_Booking.com (Payout type: BankTransfer)  ** THIS RESERVATION HAS BEEN PRE-PAID ** BOOKING NOTE : Payment charge is GBP 2.0448  Genius Booker ",,,,,"2026-04-06",,,,
Amsterdam Hotel,2026-02-28T17:54:44,465-301-491,KGZ-491-561,5244041725,,Nicolas,Chidichimo,"2026-09-19","2026-09-23",4,Compact-Double room-Ensuite,,Room 26 Basement,,2,0,GBP,0.00,0.00,0.00,0.00,Online,Booking.com,Booking.com,On Account,Canceled,,nchidi.782355@guest.booking.com,+393761314993,,"Genius Rate  Non-Smoking  Promos: International  There is no meal option with this room. Children and Extra Bed Policy: Children of any age are allowed. You haven't added any cots. You haven't added any extra beds. The maximum number of guests is 2.  Deposit Policy: The guest will be charged a prepayment of the total price of the reservation at any time.  Cancellation Policy: The guest can cancel free of charge until 2 days before arrival. The guest will be charged the total price of the reservation if they cancel in the 2 days before arrival.  payment_on_Booking.com (Payout type: BankTransfer)  ** THIS RESERVATION HAS BEEN PRE-PAID ** BOOKING NOTE : Payment charge is GBP 5.32448  Genius Booker ",,,,,"2026-02-28",,,,
Crofton House Hotel,2026-09-16T20:51:17,466-905-382,IBN-828-070,HMN8J32XYT,,Georgie,Lamprill,"2026-09-19","2026-09-20",1,Deluxe-Suite-Ensuite with Bath-Partial sea view,Base Rate,Meadow Suite,,2,0,GBP,90.00,90.00,70.00,20.00,Online,Airbnb,Airbnb,On Account,Confirmed,,,447557991663,,"Additional infants booked: 1 ",,,,,"2026-09-16",,,,
Holland Rd Studios Close to Olympia London,2025-09-14T11:08:10,480-529-502,LTL-632-975,6595106480,,molly,whytcross,"2026-09-19","2026-09-23",4,Mini-Studio-Ensuite,,Flat 8 1st,,2,0,GBP,0.00,0.00,0.00,0.00,Online,Booking.com,Booking.com,On Account,Canceled,,mwhytc.766838@guest.booking.com,+61 451 127 408,,"payment_on_Booking.com (Payout type: BankTransfer)  Non-Smoking  ** THIS RESERVATION HAS BEEN PRE-PAID ** BOOKING NOTE : Payment charge is GBP 5.68 BED PREFERENCE:Studio: 1 double  Genius Booker  There is no meal option with this room. Children and Extra Bed Policy: Children of any age are allowed. You haven't added any cots. You haven't added any extra beds. The maximum number of guests is 2.  Deposit Policy: The guest will be charged a prepayment of the total price of the reservation at any time.  Cancellation Policy: The guest can cancel free of charge until 7 days before arrival. The guest will be charged the total price of the reservation if they cancel in the 7 days before arrival.",,,,,"2025-09-14",,,,
Royal Hotel,2026-08-19T20:59:40,482-290-624,XST-050-527,5283727032,,Barrie,Small,"2026-09-19","2026-09-20",1,Sea view-Double room-Ensuite,,Room 204,,2,0,GBP,58.32,58.32,58.32,0.00,Online,Booking.com,Booking.com,On Account,Canceled,,bsmall.272488@guest.booking.com,+44 7917 611406,,"Non-Smoking  Promos: Domestic  There is no meal option with this room. Children and Extra Bed Policy: Children of any age are allowed. You haven't added any cots. You haven't added any extra beds. The maximum number of guests is 2.  Deposit Policy: The guest will be charged a prepayment of the total price of the reservation at any time.  Cancellation Policy: The guest will be charged the total price of the reservation if they cancel at any time.  payment_on_Booking.com (Payout type: BankTransfer)  ** THIS RESERVATION HAS BEEN PRE-PAID ** BOOKING NOTE : Payment charge is GBP 0.93312  Genius Booker ",,,,,"2026-08-19",,,,
Avalon Guest house,2026-07-04T15:29:14,484-493-062,FFM-265-602,6877363812,,Vikki,Fish,"2026-09-19","2026-09-20",1,Modern-Double room-Ensuite with Bath,Base Rate,Room 4,,2,0,GBP,102.60,102.60,102.60,0.00,Online,Booking.com,Booking.com,On Account,Confirmed,,vfish.704792@guest.booking.com,+44 7783 440694,,"Non-Smoking  Promos: Mobile(App) Rate  There is no meal option with this room. Children and Extra Bed Policy: Children of any age are allowed. You haven't added any cots. You haven't added any extra beds. The maximum number of guests is 2.  Deposit Policy: The guest will be charged a prepayment of the total price of the reservation at any time.  Cancellation Policy: The guest can cancel free of charge until 5 days before arrival. The guest will be charged the total price of the reservation if they cancel in the 5 days before arrival.  payment_on_Booking.com (Payout type: BankTransfer)  ** THIS RESERVATION HAS BEEN PRE-PAID ** BOOKING NOTE : Payment charge is GBP 1.6416  Genius Booker ",,,,,"2026-07-04",,,,
Modern studios Malvern Road,2026-02-16T09:05:13,485-161-421,CBR-193-762,5916675109,,Marian,Correia,"2026-09-19","2026-09-22",3,Two Bedroom Apartment,,Flat B,,5,0,GBP,0.00,0.00,0.00,0.00,Online,Booking.com,Booking.com,On Account,Canceled,,mcorre.624481@guest.booking.com,+34 672 58 90 22,,"Non-Smoking  Promos: Mobile(App) Rate  There is no meal option with this room. Children and Extra Bed Policy: Children of any age are allowed. You haven't added any cots. You haven't added any extra beds. The maximum number of guests is 5.  Deposit Policy: The guest will be charged a prepayment of the total price of the reservation at any time.  Cancellation Policy: The guest can cancel free of charge until 5 days before arrival. The guest will be charged the total price of the reservation if they cancel in the 5 days before arrival.  payment_on_Booking.com (Payout type: BankTransfer)  ** THIS RESERVATION HAS BEEN PRE-PAID ** BOOKING NOTE : Payment charge is GBP 5.2024  Genius Booker ",,,,,"2026-02-16",,,,
Amsterdam Hotel,2026-08-31T19:28:24,485-505-942,UKG-795-047,6754008953,,Jacob,Coupe,"2026-09-19","2026-09-20",1,Compact-Double room-Ensuite/Amsterdam,Flexible 48 hours,Room 26 Basement,,2,0,GBP,122.31,122.31,122.31,0.00,Online,Booking.com,Booking.com,On Account,Confirmed,,jcoupe.901678@guest.booking.com,+44 7711 299416,,"Genius Rate  Non-Smoking  There is no meal option with this room. Children and Extra Bed Policy: Children of any age are allowed. You haven't added any cots. You haven't added any extra beds. The maximum number of guests is 2.  Deposit Policy: The guest will be charged a prepayment of the total price of the reservation at any time.  Cancellation Policy: The guest can cancel free of charge until 2 days before arrival. The guest will be charged the total price of the reservation if they cancel in the 2 days before arrival.  payment_on_Booking.com (Payout type: BankTransfer)  ** THIS RESERVATION HAS BEEN PRE-PAID ** BOOKING NOTE : Payment charge is GBP 1.95696  Genius Booker ",,,,,"2026-08-31",,,,
Modern Studios Close To Hyde Park,2026-08-14T20:51:05,501-826-621,YJC-782-887,2534806804,,MARIE FRANCE,CHIAVAZZA,"2026-09-19","2026-09-23",4,Family-Studio-Ensuite-Quad LG,,Flat 16 (quad) 1st-Split level,,2,0,GBP,0.00,0.00,0.00,0.00,Online,Expedia,Expedia & Affiliate Network,On Account,Canceled,,7qdsterkhy@m.expediapartnercentral.com,1111111111111,,"1 Queen Bed and 1 Queen Sofa Bed Expedia collects payment from traveler: Hotel invoices Expedia. ",,,,,"2026-08-14",,,,
Cambria Hotel,2026-03-19T11:01:15,503-352-934,OUE-397-225,6562667311,,Megan,Brien,"2026-09-19","2026-09-21",2,Standard-Triple room-Ensuite,Base Rate,Room 21,,2,0,GBP,80.00,80.00,80.00,0.00,Online,Booking.com,Booking.com,On Account,Confirmed,,mbrien.444539@guest.booking.com,+44 7818 396662,,"Non-Smoking  There is no meal option with this room. Children and Extra Bed Policy: Children of any age are allowed. You haven't added any cots. You haven't added any extra beds. The maximum number of guests is 2.  Deposit Policy: The guest will be charged a prepayment of the total price of the reservation at any time.  Cancellation Policy: The guest can cancel free of charge until 7 days before arrival. The guest will be charged the total price of the reservation if they cancel in the 7 days before arrival.  payment_on_Booking.com (Payout type: BankTransfer)  ** THIS RESERVATION HAS BEEN PRE-PAID ** BOOKING NOTE : Payment charge is GBP 1.28  Genius Booker ////***** upgraded from double ****\\\\\",,,,,"2026-03-19",,,,
Wembar Hotel,2026-08-16T13:29:46,504-638-922,HAQ-691-399,5697022666,,MORISUE,YOSHIYASU,"2026-09-19","2026-09-22",3,Double room-Deluxe-Ensuite with Shower/Wembar,Non Refundable,Room 22 - Bet. G & 1st F,,1,0,GBP,288.00,288.00,288.00,0.00,Online,Booking.com,Booking.com,On Account,Confirmed,,ymoris.679688@guest.booking.com,+81 80 6379 1229,,"Non-Smoking  Promos: Mobile(App) Rate  There is no meal option with this room. Children and Extra Bed Policy: Children ages 1 and older are allowed. You haven't added any cots. You haven't added any extra beds. The maximum number of guests is 2.  Deposit Policy: The guest will be charged a prepayment of the total price of the reservation at any time.  Cancellation Policy: The guest will be charged the total price of the reservation if they cancel at any time.  payment_on_Booking.com (Payout type: BankTransfer)  ** THIS RESERVATION HAS BEEN PRE-PAID ** BOOKING NOTE : Payment charge is GBP 4.608  Genius Booker ",,,,,"2026-08-16",,,,
Cambria Hotel,2026-08-12T17:01:40,508-553-361,GHW-700-710,5053246889,,Tom,Honeywell,"2026-09-19","2026-09-21",2,Deluxe-Sea view-Double room-Ensuite,Base Rate,Room 6,,2,0,GBP,90.00,90.00,90.00,0.00,Online,Booking.com,Booking.com,On Account,Confirmed,,thoney.668150@guest.booking.com,+44 7525 924011,,"Non-Smoking  There is no meal option with this room. Children and Extra Bed Policy: Children of any age are allowed. You haven't added any cots. You haven't added any extra beds. The maximum number of guests is 2.  Deposit Policy: The guest will be charged a prepayment of the total price of the reservation at any time.  Cancellation Policy: The guest can cancel free of charge until 7 days before arrival. The guest will be charged the total price of the reservation if they cancel in the 7 days before arrival.  payment_on_Booking.com (Payout type: BankTransfer)  ** THIS RESERVATION HAS BEEN PRE-PAID ** BOOKING NOTE : Payment charge is GBP 1.44  Genius Booker ",,,,,"2026-08-12",,,,
Cambria Hotel,2026-08-26T22:24:16,510-830-464,JVC-896-882,6750209802,,Sheeba,Pathak,"2026-09-19","2026-09-20",1,Standard-Single room-Ensuite,Base Rate,Room 17,,1,0,GBP,30.00,30.00,30.00,0.00,Online,Booking.com,Booking.com,On Account,Confirmed,,spatha.338170@guest.booking.com,+44 7436 353661,,"Non-Smoking  There is no meal option with this room. Children and Extra Bed Policy: Children of any age are allowed. You haven't added any cots. You haven't added any extra beds. The maximum number of guests is 1.  Deposit Policy: The guest will be charged a prepayment of the total price of the reservation at any time.  Cancellation Policy: The guest can cancel free of charge until 7 days before arrival. The guest will be charged the total price of the reservation if they cancel in the 7 days before arrival.  payment_on_Booking.com (Payout type: BankTransfer)  ** THIS RESERVATION HAS BEEN PRE-PAID ** BOOKING NOTE : Payment charge is GBP 0.48  Genius Booker ",,,,,"2026-08-26",,,,
Hammersmith Stayz,2026-06-17T13:14:21,516-250-964,ARH-407-981,6320550870,,Peter,Chung,"2026-09-19","2026-09-20",1,Standard Double Studio Ensuite/Hammersmith Stayz,,Studio 3 GF,,2,0,GBP,0.00,0.00,0.00,0.00,Online,Booking.com,Booking.com,On Account,Canceled,,pchung.235046@guest.booking.com,+61 405 766 337,,"Genius Rate  Non-Smoking  Promos: International  There is no meal option with this room. Children and Extra Bed Policy: Children of any age are allowed. 1 child (up to and including 2 years old) stays for free when using available cots.  You haven't added any extra beds. The maximum number of cots is 1. The maximum number of guests is 2.  Deposit Policy: The guest will be charged a prepayment of the total price of the reservation at any time.  Cancellation Policy: The guest can cancel free of charge until 5 days before arrival. The guest will be charged the total price of the reservation if they cancel in the 5 days before arrival.  payment_on_Booking.com (Payout type: BankTransfer)  ** THIS RESERVATION HAS BEEN PRE-PAID ** Nice clean room. I have another booking from 20-Sep to 26-Sep, please assign same room for both bookings. Also I would like to request to waive the additional £ 25 Cleaning fee. Thanks. BOOKING NOTE : Payment charge is GBP 1.96576  Genius Booker ",,,,,"2026-06-17",,,,
The Dolphin Hotel,2026-09-10T11:15:21,520-994-891,TOD-488-207,5712045018,,Monica,North,"2026-09-19","2026-09-20",1,Standard-Family room-Private Bathroom,Non Refundable,Room 305,,1,3,GBP,57.51,57.51,57.51,0.00,Online,Booking.com,Booking.com,On Account,Confirmed,,mnorth.799465@guest.booking.com,+44 7754 259397,,"Child Ages: 12, 13, 2  Non-Smoking  Promos: Mobile(App) Rate  There is no meal option with this room. Children and Extra Bed Policy: Children of any age are allowed. You haven't added any cots. You haven't added any extra beds. The maximum number of guests is 4.  Deposit Policy: The guest will be charged a prepayment of the total price of the reservation at any time.  Cancellation Policy: The guest will be charged the total price of the reservation if they cancel at any time.  payment_on_Booking.com (Payout type: BankTransfer)  ** THIS RESERVATION HAS BEEN PRE-PAID ** BOOKING NOTE : Payment charge is GBP 0.92016  Genius Booker ",,,,,"2026-09-10",,,,
Fab Guest House,2026-09-04T14:36:35,521-690-852,IQF-127-903,1418fb94e984-d8d9864542de2c95d582b0cdb9e5f3d3@airbnb.com,,Güney’s,iCal,"2026-09-19","2026-09-20",1,Standard Double room Ensuite,Base Rate,Room 8,,1,0,GBP,52.75,52.75,52.75,0.00,iCal,ical1,,Deposit (Variable),Confirmed,,,+447821754407,,"Reservation URL: https://www.airbnb.com/hosting/reservations/details/HMBNYXNF84 Güney’s group of 2 Sep 19 – 20 · 1 night R8 fab · Cozy room near seafront @ Brighton",,,,,"2026-09-04",,,,
Fab Guest House,2026-09-04T14:36:36,528-983-294,QGN-755-989,1418fb94e984-d7b8f87d2288d99b7c4197e2b911d4ee@airbnb.com,,Cameron’s,iCal,"2026-09-19","2026-09-20",1,Standard Double room Ensuite,Base Rate,Room 13,,1,0,GBP,78.95,78.95,78.95,0.00,iCal,ical1,,Deposit (Variable),Confirmed,,,+447402321995,,"Reservation URL: https://www.airbnb.com/hosting/reservations/details/HMEQFPWMEQ Cameron’s group of 2 Sep 19 – 20 · 1 night R13 Fab · Just right ensuite room near seafront Brighton",,,,,"2026-09-04",,,,
Bonair Hotel,2026-09-16T11:36:09,529-910-151,LFB-118-232,5249976160,,Mateusz,Wijata,"2026-09-19","2026-09-20",1,Standard-Triple room-Ensuite,Base Rate,Room 20,,2,1,GBP,69.00,69.00,69.00,0.00,Online,Booking.com,Booking.com,On Account,Confirmed,,mwijat.238989@guest.booking.com,+44 7448 381487,,"Child Ages: 6  Non-Smoking  There is no meal option with this room. Children and Extra Bed Policy: Children of any age are allowed. You haven't added any cots. You haven't added any extra beds. The maximum number of guests is 3.  Deposit Policy: The guest will be charged a prepayment of the total price of the reservation at any time.  Cancellation Policy: The guest can cancel free of charge until 7 days before arrival. The guest will be charged the total price of the reservation if they cancel in the 7 days before arrival. If the guest doesn’t show up, they will be charged the total price of the reservation.  payment_on_Booking.com (Payout type: BankTransfer)  ** THIS RESERVATION HAS BEEN PRE-PAID ** BOOKING NOTE : Payment charge is GBP 1.104  Genius Booker ",,,,,"2026-09-16",,,,
Cambria Hotel,2026-08-09T21:28:48,532-506-954,UBK-976-388,5076648774,,Matthew,James,"2026-09-19","2026-09-20",1,Standard-Quad room-Ensuite,Base Rate,Room 20,,2,2,GBP,65.00,65.00,65.00,0.00,Online,Booking.com,Booking.com,On Account,Confirmed,,mjames.895616@guest.booking.com,+44 7825 184836,,"Child Ages: 6, 9  Non-Smoking  There is no meal option with this room. Children and Extra Bed Policy: Children of any age are allowed. You haven't added any cots. You haven't added any extra beds. The maximum number of guests is 4.  Deposit Policy: The guest will be charged a prepayment of the total price of the reservation at any time.  Cancellation Policy: The guest can cancel free of charge until 7 days before arrival. The guest will be charged the total price of the reservation if they cancel in the 7 days before arrival.  payment_on_Booking.com (Payout type: BankTransfer)  ** THIS RESERVATION HAS BEEN PRE-PAID ** BOOKING NOTE : Payment charge is GBP 1.04  Genius Booker ",,,,,"2026-08-09",,,,
The Kirkdale Hotel,2026-09-15T16:36:54,533-304-644,FPG-474-424,6604562078,,Jacob,Norman,"2026-09-19","2026-09-20",1,Deluxe Triple room Ensuite,Non Refundable,Room 8 - 1st F,,2,1,GBP,64.80,64.80,64.80,0.00,Online,Booking.com,Booking.com,On Account,Confirmed,,jnorma.287126@guest.booking.com,+44 7472 324645,,"Child Ages: 16  Non-Smoking  There is no meal option with this room. Children and Extra Bed Policy: Children of any age are allowed. You haven't added any cots. You haven't added any extra beds. The maximum number of guests is 3.  Deposit Policy: The guest will be charged a prepayment of the total price of the reservation at any time.  Cancellation Policy: The guest will be charged the total price of the reservation if they cancel at any time.  payment_on_Booking.com (Payout type: BankTransfer)  ** THIS RESERVATION HAS BEEN PRE-PAID ** Reservation has a cancellation grace period. Do not charge if cancelled before 2026-09-16 17:35:39 BOOKING NOTE : Payment charge is GBP 1.0368 ",,,,,"2026-09-15",,,,
Avalon Guest house,2026-04-22T12:53:44,533-658-354,JGB-011-456,5909221942,,Sarah,Bennett,"2026-09-19","2026-09-20",1,Double room-Standard Ensuite,Non Refundable,Room 8,,2,0,GBP,88.29,88.29,88.29,0.00,Online,Booking.com,Booking.com,On Account,Confirmed,,sbenne.968337@guest.booking.com,+44 7776 308392,,"Non-Smoking  Promos: Mobile(MDot) Rate  There is no meal option with this room. Children and Extra Bed Policy: Children of any age are allowed. You haven't added any cots. You haven't added any extra beds. The maximum number of guests is 2.  Deposit Policy: The guest will be charged a prepayment of the total price of the reservation at any time.  Cancellation Policy: The guest will be charged the total price of the reservation if they cancel at any time.  payment_on_Booking.com (Payout type: BankTransfer)  ** THIS RESERVATION HAS BEEN PRE-PAID ** Approximate time of arrival: between 12:00 and 13:00 BOOKING NOTE : Payment charge is GBP 1.41264  Genius Booker ",,,,,"2026-04-22",,,,
Modern Studios Close To Hyde Park,2026-05-08T11:45:52,538-064-424,JPN-930-374,6259074470,,Sabin,Weyermann,"2026-09-19","2026-10-10",21,Studio-Standard-Ensuite with Shower LG,,Flat 22 2nd F,,2,0,GBP,0.00,0.00,0.00,0.00,Online,Booking.com,Booking.com,On Account,Canceled,,sweyer.951416@guest.booking.com,+41 79 414 74 68,,"Non-Smoking  Promos: Mobile(App) Rate  There is no meal option with this room. Children and Extra Bed Policy: Children of any age are allowed. You haven't added any cots. You haven't added any extra beds. The maximum number of guests is 2.  Deposit Policy: The guest will be charged a prepayment of the total price of the reservation at any time.  Cancellation Policy: The guest can cancel free of charge until 7 days before arrival. The guest will be charged the total price of the reservation if they cancel in the 7 days before arrival.  payment_on_Booking.com (Payout type: BankTransfer)  ** THIS RESERVATION HAS BEEN PRE-PAID ** BOOKING NOTE : Payment charge is GBP 31.9352  Genius Booker ",,,,,"2026-05-08",,,,
Fab Guest House,2026-09-04T14:36:40,540-106-422,JAF-629-576,1418fb94e984-26bcaa7fb59348e3be36434fd4c7114b@airbnb.com,,Nicola’s,iCal,"2026-09-19","2026-09-20",1,Deluxe Double Room with Bath,Base Rate,Room 5,,1,0,GBP,71.30,71.30,71.30,0.00,iCal,ical1,,Deposit (Variable),Confirmed,,,+447947662369,,"Reservation URL: https://www.airbnb.com/hosting/reservations/details/HMFBKSSXQ8 Nicola’s group of 2 Sep 19 – 20 · 1 night R5 Fab · Spacious couples retreat in heart of Brighton",,,,,"2026-09-04",,,,
The Kirkdale Hotel,2026-09-17T14:23:57,541-184-404,UZF-169-208,5587410956,,Kellie,Figueiredo,"2026-09-19","2026-09-20",1,Standard Double room Ensuite,Non Refundable,Room 18 - 2nd F,,2,0,GBP,57.16,57.16,57.16,0.00,Online,Booking.com,Booking.com,On Account,Confirmed,,kfigue.177054@guest.booking.com,+44 447496894218,,"Genius Rate  Non-Smoking  There is no meal option with this room. Children and Extra Bed Policy: Children of any age are allowed. You haven't added any cots. You haven't added any extra beds. The maximum number of guests is 2.  Deposit Policy: The guest will be charged a prepayment of the total price of the reservation at any time.  Cancellation Policy: The guest will be charged the total price of the reservation if they cancel at any time.  payment_on_Booking.com (Payout type: BankTransfer)  ** THIS RESERVATION HAS BEEN PRE-PAID ** BOOKING NOTE : Payment charge is GBP 0.91456  Genius Booker ",,,,,"2026-09-17",,,,
Cambria Hotel,2026-08-16T08:01:53,542-048-044,DCS-912-242,6322190474,,Michael,Cross,"2026-09-19","2026-09-21",2,Standard-Triple room-Ensuite,Base Rate,Room 15,,2,1,GBP,110.00,110.00,110.00,0.00,Online,Booking.com,Booking.com,On Account,Confirmed,,mcross.349651@guest.booking.com,+44 7445 882321,,"Child Ages: 2  Non-Smoking  There is no meal option with this room. Children and Extra Bed Policy: Children of any age are allowed. You haven't added any cots. You haven't added any extra beds. The maximum number of guests is 3.  Deposit Policy: The guest will be charged a prepayment of the total price of the reservation at any time.  Cancellation Policy: The guest can cancel free of charge until 7 days before arrival. The guest will be charged the total price of the reservation if they cancel in the 7 days before arrival.  payment_on_Booking.com (Payout type: BankTransfer)  ** THIS RESERVATION HAS BEEN PRE-PAID ** BOOKING NOTE : Payment charge is GBP 1.76  Genius Booker ",,,,,"2026-08-16",,,,
London Gatwick Inn,2026-08-30T19:45:24,556-902-032,YJF-248-077,6469186661,,Jonathan,Hazas Manjon,"2026-09-19","2026-09-20",1,Booked as: Twin/Double,Base Rate,305,,1,0,GBP,64.80,See 003-288-834,64.80,0.00,Online,Booking.com,Booking.com,On Account,Confirmed,,jmanjo.862396@guest.booking.com,+34 614 42 80 83,,"Group: 3 x Adult, 0 x Child  Genius Rate  Non-Smoking  Promos: Mobile(App) Rate  There is no meal option with this room. Children and Extra Bed Policy: Children ages 6 and older are allowed. You haven't added any cots. You haven't added any extra beds. The maximum number of guests is 2.  Deposit Policy: The guest will be charged a prepayment of the total price of the reservation at any time.  Cancellation Policy: The guest will be charged the total price of the reservation if they cancel at any time.  payment_on_Booking.com (Payout type: BankTransfer)  ** THIS RESERVATION HAS BEEN PRE-PAID ** BOOKING NOTE : Payment charge is GBP 1.96992  Genius Booker ",,,,,"2026-08-30",,,,
Modern Studios Close To Hyde Park,2026-08-07T17:11:58,559-625-281,NMR-834-712,2529064387,,Muhammad,Khan,"2026-09-19","2026-09-24",5,Standard-Studio-Ensuite-Basement level LG,,Flat 5 BF,,2,0,GBP,0.00,0.00,0.00,0.00,Online,Expedia,Expedia & Affiliate Network,Pay On Arrival,Canceled,,cbrwns13nq@m.expediapartnercentral.com,1111111111111,,"Hotel collects payment from the traveler ",,,,,"2026-08-07",,,,
Portobello Road Artistic Studios,2026-08-13T18:27:15,561-650-481,ACH-647-881,6030566205,,Julie,Knowles,"2026-09-19","2026-09-21",2,Quad Studio 202,,Flat 4 Quad-split level -GF,,4,0,GBP,216.75,216.75,216.75,0.00,Online,Booking.com,Booking.com,On Account,Canceled,,jknowl.442651@guest.booking.com,+44 7582 780116,,"payment_on_Booking.com (Payout type: BankTransfer)  Non-Smoking  ** THIS RESERVATION HAS BEEN PRE-PAID ** BOOKING NOTE : Payment charge is GBP 4.028  Promos: Mobile(App) Rate  There is no meal option with this room. Children and Extra Bed Policy: Children of any age are allowed. You haven't added any cots. You haven't added any extra beds. The maximum number of guests is 4.  Deposit Policy: The guest will be charged a prepayment of the total price of the reservation at any time.  Cancellation Policy: The guest can cancel free of charge until 5 days before arrival. The guest will be charged the total price of the reservation if they cancel in the 5 days before arrival.",,,,,"2026-08-13",,,,
Cambria Hotel,2026-08-18T10:18:41,581-236-331,GNI-381-169,6270382590,,Brandon,Wilkinson,"2026-09-19","2026-09-20",1,Standard-Single room-Ensuite,,Room 8,,1,0,GBP,0.00,0.00,0.00,0.00,Online,Booking.com,Booking.com,On Account,Canceled,,bwilki.803938@guest.booking.com,+44 7988 156395,,"Non-Smoking  There is no meal option with this room. Children and Extra Bed Policy: Children of any age are allowed. You haven't added any cots. You haven't added any extra beds. The maximum number of guests is 1.  Deposit Policy: The guest will be charged a prepayment of the total price of the reservation at any time.  Cancellation Policy: The guest can cancel free of charge until 7 days before arrival. The guest will be charged the total price of the reservation if they cancel in the 7 days before arrival.  payment_on_Booking.com (Payout type: BankTransfer)  ** THIS RESERVATION HAS BEEN PRE-PAID ** BOOKING NOTE : Payment charge is GBP 0.48 Approximate time of arrival: between 15:00 and 16:00  Genius Booker ",,,,,"2026-08-18",,,,
Green Gables Hotel,2026-09-09T12:07:58,585-526-414,KAE-139-646,6550844563,,Kay,Thompson,"2026-09-19","2026-09-20",1,Family room-Ensuite,48 Hours Flexible Policy,Room 16,,3,2,GBP,46.98,46.98,46.98,0.00,Online,Booking.com,Booking.com,On Account,Confirmed,,kthomp.745605@guest.booking.com,+44 7729 389955,,"Child Ages: 14, 15  Genius Rate  Non-Smoking  Promos: Mobile(MDot) Rate  There is no meal option with this room. Children and Extra Bed Policy: Children of any age are allowed. You haven't added any cots. You haven't added any extra beds. The maximum number of guests is 5.  Deposit Policy: The guest will be charged a prepayment of the total price of the reservation at any time.  Cancellation Policy: The guest can cancel free of charge until 2 days before arrival. The guest will be charged the total price of the reservation if they cancel in the 2 days before arrival.  payment_on_Booking.com (Payout type: BankTransfer)  ** THIS RESERVATION HAS BEEN PRE-PAID ** BOOKING NOTE : Payment charge is GBP 0.75168  Genius Booker ",,,,,"2026-09-09",,,,
Modern Studios Close To Hyde Park,2026-09-06T23:05:14,589-360-001,EWE-601-408,2552598221,,Leslie,Budden,"2026-09-19","2026-09-20",1,Family-Studio-Ensuite-Quad LG,Base Rate,Flat 20,,3,0,GBP,152.90,152.90,117.90,35.00,Online,Expedia,Expedia & Affiliate Network,On Account,Confirmed,,2i14u3ov81@m.expediapartnercentral.com,11111111111,,"Expedia collects payment from traveler: Hotel invoices Expedia. ",,,,,"2026-09-06",,,,
La Casa Studios Near Hyde Park,2026-08-24T14:15:02,595-116-042,RQU-157-169,6341275988,,Miguel,Garcia Lorenzo,"2026-09-19","2026-09-23",4,Standard Studio Ensuite with Shower- La Casa,Base Rate,Studio 8,,2,0,GBP,394.21,394.21,359.21,35.00,Online,Booking.com,Booking.com,On Account,Confirmed,"3:00 PM",miquelbarth@gmail.com,+34641050378,,"Genius Rate  Non-Smoking  There is no meal option with this room. Children and Extra Bed Policy: Children of any age are allowed. You haven't added any cots. You haven't added any extra beds. The maximum number of guests is 2.  Deposit Policy: The guest will be charged a prepayment of the total price of the reservation at any time.  Cancellation Policy: The guest can cancel free of charge until 5 days before arrival. The guest will be charged the total price of the reservation if they cancel in the 5 days before arrival.  payment_on_Booking.com (Payout type: BankTransfer)  ** THIS RESERVATION HAS BEEN PRE-PAID ** BOOKING NOTE : Payment charge is GBP 6.30736  Genius Booker ",,,,,"2026-08-24",,,,
The Dolphin Hotel,2026-09-14T17:56:16,608-806-962,ONV-189-083,5983261044,,Omar,Jagne,"2026-09-19","2026-09-20",1,Standard-Double room-Ensuite,Non Refundable,Room 118,,2,0,GBP,44.55,44.55,44.55,0.00,Online,Booking.com,Booking.com,On Account,Confirmed,,ojagne.656589@guest.booking.com,+44 7751 426256,,"Non-Smoking  Promos: Mobile(MDot) Rate  There is no meal option with this room. Children and Extra Bed Policy: Children of any age are allowed. You haven't added any cots. You haven't added any extra beds. The maximum number of guests is 2.  Deposit Policy: The guest will be charged a prepayment of the total price of the reservation at any time.  Cancellation Policy: The guest will be charged the total price of the reservation if they cancel at any time.  payment_on_Booking.com (Payout type: BankTransfer)  ** THIS RESERVATION HAS BEEN PRE-PAID ** BOOKING NOTE : Payment charge is GBP 0.7128  Genius Booker ",,,,,"2026-09-14",,,,
Sachi Hotel,2026-04-01T08:10:45,615-325-351,ECR-681-211,6902182910,,Ewa,Guzy,"2026-09-19","2026-09-20",1,Standard Triple room ,Base Rate,Room 1 GF,,1,2,GBP,127.80,127.80,127.80,0.00,Online,Booking.com,Booking.com,On Account,Confirmed,,eguzy.410205@guest.booking.com,+44 7874 108330,,"Child Ages: 14, 16  Non-Smoking  Promos: Mobile(App) Rate  There is no meal option with this room. Children and Extra Bed Policy: Children of any age are allowed. You haven't added any cots. You haven't added any extra beds. The maximum number of guests is 3.  Deposit Policy: The guest will be charged a prepayment of the total price of the reservation at any time.  Cancellation Policy: The guest can cancel free of charge until 5 days before arrival. The guest will be charged the total price of the reservation if they cancel in the 5 days before arrival.  payment_on_Booking.com (Payout type: BankTransfer)  ** THIS RESERVATION HAS BEEN PRE-PAID ** BOOKING NOTE : Payment charge is GBP 2.0448  Genius Booker ",,,,,"2026-04-01",,,,
The Dolphin Hotel,2026-07-10T21:13:06,630-486-184,UHU-174-589,6331806751,,Emma,Palmer,"2026-09-19","2026-09-20",1,Standard-Family room-Private Bathroom,,Room 305,,2,2,GBP,0.00,0.00,0.00,0.00,Online,Booking.com,Booking.com,On Account,Canceled,,epalme.639744@guest.booking.com,+44 7952 143636,,"Non-Smoking  Promos: Mobile(MDot) Rate  There is no meal option with this room. Children and Extra Bed Policy: Children of any age are allowed. You haven't added any cots. You haven't added any extra beds. The maximum number of guests is 4.  Deposit Policy: The guest will be charged a prepayment of the total price of the reservation at any time.  Cancellation Policy: The guest can cancel free of charge until 7 days before arrival. The guest will be charged the total price of the reservation if they cancel in the 7 days before arrival.  payment_on_Booking.com (Payout type: BankTransfer)  ** THIS RESERVATION HAS BEEN PRE-PAID ** BOOKING NOTE : Payment charge is GBP 0.9648 Approximate time of arrival: between 13:00 and 14:00  Genius Booker ",,,,,"2026-07-10",,,,
Fab Guest House,2026-09-03T17:21:04,636-930-892,PRH-135-882,,,,Cameron’s Ical,"2026-09-19","2026-09-20",1,Standard Double room Ensuite,,Room 13,,1,0,GBP,0.00,0.00,0.00,0.00,Direct,,,On Account,Canceled,,,,,Paid Via OTA Confirmation Code: HMEQFPWMEQ,,,,,"2026-09-03",,,,
Avalon Guest house,2026-04-23T06:20:06,638-395-542,IFJ-566-602,1418fb94e984-01febb354e8894117b380fb71d588916@airbnb.com,,Aneta’s,iCal,"2026-09-19","2026-09-21",2,Triple room-Standard-Ensuite,,No. 13 - Room 6,,1,0,GBP,0.00,148.96,0.00,0.00,iCal,ical1,,Deposit (Variable),Canceled,,,,,"Reservation URL: https://www.airbnb.com/hosting/reservations/details/HM98YTABAY  ‪+44 7796 552869‬",,,,,"2026-04-23",,,,
The Beresford Hotel,2026-08-07T12:30:03,639-141-441,PUW-277-900,2528879406,,Mark,Clements,"2026-09-19","2026-09-21",2,Twin room-Standard-Ensuite-Sea view,,206,,2,0,GBP,0.00,0.00,0.00,0.00,Online,Expedia,Expedia & Affiliate Network,On Account,Canceled,,q65nuxrmsu@m.expediapartnercentral.com,111111111111,,"Expedia collects payment from traveler: Hotel invoices Expedia. ",,,,,"2026-08-07",,,,
Bonair Hotel,2026-09-08T14:57:21,643-969-381,UZJ-753-101,6829815119,,Mark,Holt,"2026-09-19","2026-09-20",1,Standard-Double room-Ensuite,Base Rate,Room 36,,2,0,GBP,45.00,See 399-533-601,45.00,0.00,Online,Booking.com,Booking.com,On Account,Confirmed,,mholt.439995@guest.booking.com,+44 7776 138385,,"Group: 4 x Adult, 0 x Child  Non-Smoking  There is no meal option with this room. Children and Extra Bed Policy: Children of any age are allowed. You haven't added any cots. You haven't added any extra beds. The maximum number of guests is 2.  Deposit Policy: The guest will be charged a prepayment of the total price of the reservation at any time.  Cancellation Policy: The guest can cancel free of charge until 7 days before arrival. The guest will be charged the total price of the reservation if they cancel in the 7 days before arrival. If the guest doesn’t show up, they will be charged the total price of the reservation.  payment_on_Booking.com (Payout type: BankTransfer)  ** THIS RESERVATION HAS BEEN PRE-PAID ** Approximate time of arrival: between 15:00 and 16:00 BOOKING NOTE : Payment charge is GBP 1.44  Genius Booker ",,,,,"2026-09-08",,,,
The Dolphin Hotel,2026-09-02T08:40:25,644-509-632,MIM-842-657,5571060400,,Steve,Simpson,"2026-09-19","2026-09-20",1,Twin room-Ensuite,Non Refundable,Room 201,,2,0,GBP,68.04,68.04,68.04,0.00,Online,Booking.com,Booking.com,On Account,Confirmed,,ssimps.556060@guest.booking.com,+44 7595 304156,,"Non-Smoking  Promos: Mobile(MDot) Rate  There is no meal option with this room. Children and Extra Bed Policy: Children of any age are allowed. You haven't added any cots. You haven't added any extra beds. The maximum number of guests is 2.  Deposit Policy: The guest will be charged a prepayment of the total price of the reservation at any time.  Cancellation Policy: The guest will be charged the total price of the reservation if they cancel at any time.  payment_on_Booking.com (Payout type: BankTransfer)  ** THIS RESERVATION HAS BEEN PRE-PAID ** Approximate time of arrival: between 18:00 and 19:00 BOOKING NOTE : Payment charge is GBP 1.08864  Genius Booker ",,,,,"2026-09-02",,,,
Cambria Hotel,2026-09-10T22:10:54,644-803-134,TUO-558-894,5553708956,,Fanchon,Wright,"2026-09-19","2026-09-20",1,Standard-Double room-Ensuite,Base Rate,Room 7,,1,0,GBP,44.00,44.00,44.00,0.00,Online,Booking.com,Booking.com,On Account,Confirmed,,fwrigh.423265@guest.booking.com,+44 7967 196389,,"Non-Smoking  There is no meal option with this room. Children and Extra Bed Policy: Children of any age are allowed. You haven't added any cots. You haven't added any extra beds. The maximum number of guests is 2.  Deposit Policy: The guest will be charged a prepayment of the total price of the reservation at any time.  Cancellation Policy: The guest can cancel free of charge until 7 days before arrival. The guest will be charged the total price of the reservation if they cancel in the 7 days before arrival.  payment_on_Booking.com (Payout type: BankTransfer)  ** THIS RESERVATION HAS BEEN PRE-PAID ** BOOKING NOTE : Payment charge is GBP 0.704  Genius Booker ",,,,,"2026-09-10",,,,
Fab Guest House,2026-08-30T12:26:32,656-140-982,MJL-273-346,,,,Cristina’s Ical,"2026-09-19","2026-09-21",2,Standard Double room Ensuite,,Room 9,,1,0,GBP,0.00,0.00,0.00,0.00,Direct,,,On Account,Canceled,,,,,Paid Via OTA Confirmation Code: HMB54PQHXW,,,,,"2026-08-30",,,,
La Casa Studios Near Hyde Park,2026-08-26T20:00:51,663-499-842,XYB-469-581,5884503230,,Hamza,Hamdani,"2026-09-19","2026-09-24",5,Standard Studio Ensuite with Shower- La Casa,,Studio 21,,2,0,GBP,0.00,0.00,0.00,0.00,Online,Booking.com,Booking.com,On Account,Canceled,,hhamda.671088@guest.booking.com,+212 679 450336,,"Genius Rate  Non-Smoking  There is no meal option with this room. Children and Extra Bed Policy: Children of any age are allowed. You haven't added any cots. You haven't added any extra beds. The maximum number of guests is 2.  Deposit Policy: The guest will be charged a prepayment of the total price of the reservation at any time.  Cancellation Policy: The guest can cancel free of charge until 5 days before arrival. The guest will be charged the total price of the reservation if they cancel in the 5 days before arrival.  payment_on_Booking.com (Payout type: BankTransfer)  ** THIS RESERVATION HAS BEEN PRE-PAID ** BOOKING NOTE : Payment charge is GBP 8.668  Genius Booker ",,,,,"2026-08-26",,,,
Amsterdam Hotel,2026-08-06T10:06:58,664-015-952,IMA-109-056,6471882690,,Šarlota,Šarvaicova,"2026-09-19","2026-09-22",3,Quad room-Ensuite/Amsterdam,Non Refundable Rate,Room 19 4TH Floor,,3,1,GBP,332.13,332.13,332.13,0.00,Online,Booking.com,Booking.com,On Account,Confirmed,,ssarva.522962@guest.booking.com,+421 904 030 302,,"Child Ages: 14  Genius Rate  Non-Smoking  There is no meal option with this room. Children and Extra Bed Policy: Children of any age are allowed. You haven't added any cots. You haven't added any extra beds. The maximum number of guests is 4.  Deposit Policy: The guest will be charged a prepayment of the total price of the reservation at any time.  Cancellation Policy: The guest will be charged the total price of the reservation if they cancel at any time.  payment_on_Booking.com (Payout type: BankTransfer)  ** THIS RESERVATION HAS BEEN PRE-PAID ** Reservation has a cancellation grace period. Do not charge if cancelled before 2026-08-07 09:49:10 BOOKING NOTE : Payment charge is GBP 5.31408  Genius Booker ",,,,,"2026-08-06",,,,
Avalon Guest house,2025-07-26T18:52:35,664-261-852,XNS-021-952,5198383310,,Laurajane,Richardson.,"2026-09-19","2026-09-25",6,Modern-Double room-Ensuite with Bath,,Room 9,,1,0,GBP,0.00,See 038-058-364,0.00,0.00,Online,Booking.com,Booking.com,On Account,Canceled,,lricha.813254@guest.booking.com,+44 7512 177772,,"Group: 3 x Adult, 0 x Child  Non-Smoking  Promos: Mobile(App) Rate  There is no meal option with this room. Children and Extra Bed Policy: Children of any age are allowed. You haven't added any cots. You haven't added any extra beds. The maximum number of guests is 2.  Deposit Policy: The guest will be charged a prepayment of the total price of the reservation at any time.  Cancellation Policy: The guest can cancel free of charge until 2 days before arrival. The guest will be charged the total price of the reservation if they cancel in the 2 days before arrival.  payment_on_Booking.com (Payout type: BankTransfer)  ** THIS RESERVATION HAS BEEN PRE-PAID ** BOOKING NOTE : Payment charge is GBP 21.168  Genius Booker ",,,,,"2025-07-26",,,,
Fab Guest House,2026-08-28T15:38:28,666-111-912,MLP-941-161,,,,Cody’s  Ical,"2026-09-19","2026-09-20",1,Twin Room,,Room 4,,2,0,GBP,0.00,0.00,0.00,0.00,Direct,,,On Account,Canceled,,,,,Paid Via OTA / Confirmation Code: HMYF4T4NPE,,,,,"2026-08-28",,,,
Cambria Hotel,2026-09-13T21:37:41,685-419-924,FWX-873-230,5983213814,,Shaun,Woodward,"2026-09-19","2026-09-20",1,Standard-Triple room-Ensuite,Base Rate,Room 14,,2,0,GBP,79.00,79.00,79.00,0.00,Online,Booking.com,Booking.com,On Account,Confirmed,,swoodw.862464@guest.booking.com,+44 7999 214964,,"Non-Smoking  There is no meal option with this room. Children and Extra Bed Policy: Children of any age are allowed. You haven't added any cots. You haven't added any extra beds. The maximum number of guests is 3.  Deposit Policy: The guest will be charged a prepayment of the total price of the reservation at any time.  Cancellation Policy: The guest can cancel free of charge until 7 days before arrival. The guest will be charged the total price of the reservation if they cancel in the 7 days before arrival.  payment_on_Booking.com (Payout type: BankTransfer)  ** THIS RESERVATION HAS BEEN PRE-PAID ** BOOKING NOTE : Payment charge is GBP 1.264  Genius Booker ",,,,,"2026-09-13",,,,
Modern Studios Close To Hyde Park,2026-08-28T15:56:36,692-523-202,GPA-000-550,2545305467,,Luisa,Corujo Rodríguez,"2026-09-19","2026-09-23",4,Standard-Studio-Ensuite-Basement level LG,,Flat 4 BF,,2,0,GBP,0.00,0.00,0.00,0.00,Online,Expedia,Expedia & Affiliate Network,Pay On Arrival,Canceled,,ydduy6f7y0@m.expediapartnercentral.com,111111111111,,"Hotel collects payment from the traveler ",,,,,"2026-08-28",,,,
Bonair Hotel,2026-08-18T18:49:58,696-085-312,GGC-073-323,6925933114,,Alexander,Solomides,"2026-09-19","2026-09-20",1,Standard-Double room-Ensuite,Base Rate,Room 7,,2,0,GBP,45.00,45.00,45.00,0.00,Online,Booking.com,Booking.com,On Account,Confirmed,,asolom.884377@guest.booking.com,+44 7950 692686,,"Non-Smoking  There is no meal option with this room. Children and Extra Bed Policy: Children of any age are allowed. You haven't added any cots. You haven't added any extra beds. The maximum number of guests is 2.  Deposit Policy: The guest will be charged a prepayment of the total price of the reservation at any time.  Cancellation Policy: The guest can cancel free of charge until 7 days before arrival. The guest will be charged the total price of the reservation if they cancel in the 7 days before arrival. If the guest doesn’t show up, they will be charged the total price of the reservation.  payment_on_Booking.com (Payout type: BankTransfer)  ** THIS RESERVATION HAS BEEN PRE-PAID ** BOOKING NOTE : Payment charge is GBP 0.72  Genius Booker ",,,,,"2026-08-18",,,,
The Rose and Crown Hotel,2026-06-13T09:36:07,696-249-051,TAN-061-309,5594655082,,lesley,clarke,"2026-09-19","2026-09-20",1,Classic-Twin room-Ensuite,,Room 307,,2,0,GBP,0.00,0.00,0.00,0.00,Online,Booking.com,Booking.com,On Account,Canceled,,lclark.791153@guest.booking.com,+44 7583 365745,,"Genius Rate  Non-Smoking  There is no meal option with this room. Children and Extra Bed Policy: Children of any age are allowed. You haven't added any cots. You haven't added any extra beds. The maximum number of guests is 2.  Deposit Policy: The guest will be charged a prepayment of the total price of the reservation at any time.  Cancellation Policy: The guest can cancel free of charge until 7 days before arrival. The guest will be charged the total price of the reservation if they cancel in the 7 days before arrival.  payment_on_Booking.com (Payout type: BankTransfer)  ** THIS RESERVATION HAS BEEN PRE-PAID ** BOOKING NOTE : Payment charge is GBP 0.9504 Approximate time of arrival: between 14:00 and 15:00  Genius Booker ",,,,,"2026-06-13",,,,
Cambria Hotel,2026-07-19T13:37:14,805-933-334,XPZ-860-235,6888829646,,shaun,keeney,"2026-09-19","2026-09-20",1,Standard-Single room-Ensuite,,Room 8,,1,0,GBP,0.00,0.00,0.00,0.00,Online,Booking.com,Booking.com,On Account,Canceled,,skeene.634971@guest.booking.com,+44 7878 157735,,"Non-Smoking  There is no meal option with this room. Children and Extra Bed Policy: Children of any age are allowed. You haven't added any cots. You haven't added any extra beds. The maximum number of guests is 1.  Deposit Policy: The guest will be charged a prepayment of the total price of the reservation at any time.  Cancellation Policy: The guest can cancel free of charge until 7 days before arrival. The guest will be charged the total price of the reservation if they cancel in the 7 days before arrival.  payment_on_Booking.com (Payout type: BankTransfer)  ** THIS RESERVATION HAS BEEN PRE-PAID ** BOOKING NOTE : Payment charge is GBP 0.48  Genius Booker ",,,,,"2026-07-19",,,,
Amsterdam Hotel,2026-02-19T05:49:10,812-611-152,FTI-303-673,6533184582,,Pawan,Sharma,"2026-09-19","2026-09-27",8,Deluxe-Triple room-Ensuite/Amsterdam,,Room 9 2ND Floor Refurbished,,2,1,GBP,0.00,0.00,0.00,0.00,Online,Booking.com,Booking.com,On Account,Canceled,,psharm.116966@guest.booking.com,+91 98180 10629,,"Child Ages: 4  payment_on_Booking.com (Payout type: BankTransfer)  Non-Smoking  ** THIS RESERVATION HAS BEEN PRE-PAID ** BOOKING NOTE : Payment charge is GBP 17.22544 please arrange for a bright room at lower floor levels  Genius Booker  Genius Rate  Promos: International  There is no meal option with this room. Children and Extra Bed Policy: Children of any age are allowed. You haven't added any cots. You haven't added any extra beds. The maximum number of guests is 3.  Deposit Policy: The guest will be charged a prepayment of the total price of the reservation at any time.  Cancellation Policy: The guest can cancel free of charge until 2 days before arrival. The guest will be charged the total price of the reservation if they cancel in the 2 days before arrival.",,,,,"2026-02-19",,,,
Amsterdam Hotel,2026-09-03T17:24:50,812-899-891,JEF-405-881,5073824710,,Mehdi,Senhaji,"2026-09-19","2026-09-21",2,Quad room-Ensuite/Amsterdam,Non Refundable Rate,Room 28 Basement,,2,1,GBP,246.34,246.34,246.34,0.00,Online,Booking.com,Booking.com,On Account,Confirmed,,msenha.805513@guest.booking.com,+353 87 249 8014,,"Child Ages: 13  Genius Rate  Non-Smoking  There is no meal option with this room. Children and Extra Bed Policy: Children of any age are allowed. You haven't added any cots. You haven't added any extra beds. The maximum number of guests is 4.  Deposit Policy: The guest will be charged a prepayment of the total price of the reservation at any time.  Cancellation Policy: The guest will be charged the total price of the reservation if they cancel at any time.  payment_on_Booking.com (Payout type: BankTransfer)  ** THIS RESERVATION HAS BEEN PRE-PAID ** Reservation has a cancellation grace period. Do not charge if cancelled before 2026-09-04 18:23:28 BOOKING NOTE : Payment charge is GBP 3.94144  Genius Booker ",,,,,"2026-09-03",,,,
Amsterdam Hotel,2026-08-03T11:25:12,816-954-191,JOJ-417-288,6284005042,,Mattia,Di Battista,"2026-09-19","2026-09-20",1,Deluxe-Triple room-Ensuite/Amsterdam,Flexible 48 hours,Room 20 4TH Floor,,3,0,GBP,132.84,132.84,132.84,0.00,Online,Booking.com,Booking.com,On Account,Confirmed,,mbatti.180347@guest.booking.com,+39 347 255 1969,,"Genius Rate  Non-Smoking  There is no meal option with this room. Children and Extra Bed Policy: Children of any age are allowed. You haven't added any cots. You haven't added any extra beds. The maximum number of guests is 3.  Deposit Policy: The guest will be charged a prepayment of the total price of the reservation at any time.  Cancellation Policy: The guest can cancel free of charge until 2 days before arrival. The guest will be charged the total price of the reservation if they cancel in the 2 days before arrival.  payment_on_Booking.com (Payout type: BankTransfer)  ** THIS RESERVATION HAS BEEN PRE-PAID ** BOOKING NOTE : Payment charge is GBP 2.12544  Genius Booker ",,,,,"2026-08-03",,,,
Sachi Hotel,2025-12-03T16:34:08,821-010-422,QKB-566-394,6618186578,,faye,lindsell,"2026-09-19","2026-09-20",1,Standard Double room,Base Rate,Room 2 GF,,2,0,GBP,72.90,72.90,72.90,0.00,Online,Booking.com,Booking.com,On Account,Confirmed,,flinds.322911@guest.booking.com,+44 7388 571231,,"Non-Smoking  Promos: Mobile(MDot) Rate  There is no meal option with this room. Children and Extra Bed Policy: Children of any age are allowed. You haven't added any cots. You haven't added any extra beds. The maximum number of guests is 2.  Deposit Policy: The guest will be charged a prepayment of the total price of the reservation at any time.  Cancellation Policy: The guest will be charged the total price of the reservation if they cancel at any time.  payment_on_Booking.com (Payout type: BankTransfer)  ** THIS RESERVATION HAS BEEN PRE-PAID ** Reservation has a cancellation grace period. Do not charge if cancelled before 2025-12-04 17:32:47 BOOKING NOTE : Payment charge is GBP 1.1664 ",,,,,"2025-12-03",,,,
Hammersmith Stayz,2026-09-10T21:40:57,821-323-854,LGL-262-675,6277500194,,Asimina,Skepetari,"2026-09-19","2026-09-25",6,Standard Double Studio Ensuite/Hammersmith Stayz,Non Refundable,Studio 1 GF,,2,1,GBP,522.36,522.36,492.36,30.00,Online,Booking.com,Booking.com,On Account,Confirmed,,askepe.462720@guest.booking.com,+30 698 308 7016,,"This booking exceeds the maximum occupancy or maximum adults configured in eviivo suite. Check your setup on your Booking.com extranet.            Genius Rate  Non-Smoking  There is no meal option with this room. Children and Extra Bed Policy: Children of any age are allowed. 1 child (up to and including 2 years old) stays for free when using available cots.  You haven't added any extra beds. The maximum number of cots is 1. The maximum number of guests is 2.  Deposit Policy: The guest will be charged a prepayment of the total price of the reservation at any time.  Cancellation Policy: The guest will be charged the total price of the reservation if they cancel at any time.  payment_on_Booking.com (Payout type: BankTransfer)  ** THIS RESERVATION HAS BEEN PRE-PAID ** Reservation has a cancellation grace period. Do not charge if cancelled before 2026-09-11 22:39:44 BOOKING NOTE : Payment charge is GBP 8.35776  Genius Booker ",,,,,"2026-09-10",,,,
Modern Studios Close To Hyde Park,2026-09-15T19:18:33,822-233-531,BXQ-210-448,6387944467,,Nitu,Marian Dragos,"2026-09-19","2026-09-20",1,Standard-Studio-Ensuite-Basement level LG,Non Refundable,Flat 3 BF,,2,0,GBP,120.00,120.00,85.00,35.00,Online,Booking.com,Booking.com,On Account,Confirmed,,ndrago.322452@guest.booking.com,+40 736 049 810,,"Non-Smoking  Promos: Mobile(App) Rate  There is no meal option with this room. Children and Extra Bed Policy: Children of any age are allowed. You haven't added any cots. You haven't added any extra beds. The maximum number of guests is 2.  Deposit Policy: The guest will be charged a prepayment of the total price of the reservation at any time.  Cancellation Policy: The guest will be charged the total price of the reservation if they cancel at any time.  payment_on_Booking.com (Payout type: BankTransfer)  ** THIS RESERVATION HAS BEEN PRE-PAID ** BOOKING NOTE : Payment charge is GBP 1.92  Genius Booker ",,,,,"2026-09-15",,,,
The Carlton Hotel,2026-09-10T13:10:53,823-961-421,RAM-741-970,5712085072,,Brenda,Eyers,"2026-09-19","2026-09-20",1,Standard Twin room Ensuite,Non Refundable,Room 129,,2,0,GBP,56.70,56.70,56.70,0.00,Online,Booking.com,Booking.com,On Account,Confirmed,,beyers.223400@guest.booking.com,+44 7813 694487,,"Non-Smoking  There is no meal option with this room. Children and Extra Bed Policy: Children of any age are allowed. You haven't added any cots. You haven't added any extra beds. The maximum number of guests is 2.  Deposit Policy: The guest will be charged a prepayment of the total price of the reservation at any time.  Cancellation Policy: The guest will be charged the total price of the reservation if they cancel at any time.  payment_on_Booking.com (Payout type: BankTransfer)  ** THIS RESERVATION HAS BEEN PRE-PAID ** BOOKING NOTE : Payment charge is GBP 0.9072  Genius Booker ",,,,,"2026-09-10",,,,
La Casa Studios Near Hyde Park,2026-08-30T21:47:01,824-933-901,TEB-427-578,5966436382,,Lukáš,Žežulka,"2026-09-19","2026-09-22",3,Standard-Studio-Ensuite-Basement level -La Casa,Non Refundable,Studio 2,,2,0,GBP,303.14,303.14,268.14,35.00,Online,Booking.com,Booking.com,On Account,Confirmed,,lzezul.199941@guest.booking.com,+420 723 907 010,,"Genius Rate  Non-Smoking  There is no meal option with this room. Children and Extra Bed Policy: Children of any age are allowed. You haven't added any cots. You haven't added any extra beds. The maximum number of guests is 2.  Deposit Policy: The guest will be charged a prepayment of the total price of the reservation at any time.  Cancellation Policy: The guest will be charged the total price of the reservation if they cancel at any time.  payment_on_Booking.com (Payout type: BankTransfer)  ** THIS RESERVATION HAS BEEN PRE-PAID ** Reservation has a cancellation grace period. Do not charge if cancelled before 2026-08-31 22:45:42 BOOKING NOTE : Payment charge is GBP 4.85024  Genius Booker ",,,,,"2026-08-30",,,,
London Gatwick Inn,2026-08-23T16:28:27,824-942-151,YVP-414-337,5615657503,,Keith,Holmes,"2026-09-19","2026-09-20",1,Double Room,Base Rate,101,,2,0,GBP,58.32,58.32,58.32,0.00,Online,Booking.com,Booking.com,On Account,Confirmed,,kholme.681801@guest.booking.com,+44 7831 106817,,"Genius Rate  Non-Smoking  Promos: Mobile(App) Rate  There is no meal option with this room. Children and Extra Bed Policy: Children ages 6 and older are allowed. You haven't added any cots. You haven't added any extra beds. The maximum number of guests is 2.  Deposit Policy: The guest will be charged a prepayment of the total price of the reservation at any time.  Cancellation Policy: The guest will be charged the total price of the reservation if they cancel at any time.  payment_on_Booking.com (Payout type: BankTransfer)  ** THIS RESERVATION HAS BEEN PRE-PAID ** BOOKING NOTE : Payment charge is GBP 0.93312  Genius Booker ",,,,,"2026-08-23",,,,
Avalon Guest house,2026-06-20T06:49:15,833-358-381,CYF-874-255,5955359662,,Tom,Osborne,"2026-09-19","2026-09-20",1,Triple room-Standard-Ensuite,,No. 13 - Room 2,,2,0,GBP,0.00,0.00,0.00,0.00,Online,Booking.com,Booking.com,On Account,Canceled,,tosbor.226507@guest.booking.com,+44 7773 997881,,"Non-Smoking  Promos: Mobile(App) Rate  There is no meal option with this room. Children and Extra Bed Policy: Children of any age are allowed. You haven't added any cots. You haven't added any extra beds. The maximum number of guests is 3.  Deposit Policy: The guest will be charged a prepayment of the total price of the reservation at any time.  Cancellation Policy: The guest can cancel free of charge until 5 days before arrival. The guest will be charged the total price of the reservation if they cancel in the 5 days before arrival.  payment_on_Booking.com (Payout type: BankTransfer)  ** THIS RESERVATION HAS BEEN PRE-PAID ** BOOKING NOTE : Payment charge is GBP 1.9152  Genius Booker ",,,,,"2026-06-20",,,,
Cluny Hill Hotel,2026-08-31T12:25:39,843-236-444,IQS-730-950,2547243567,,sachin,gaikwad,"2026-09-19","2026-09-20",1,Standard Twin room ,Non Refundable,Room 33,,2,0,GBP,50.02,50.02,50.02,0.00,Online,Expedia,Expedia & Affiliate Network,On Account,Confirmed,,jw8ddmrhca@m.expediapartnercentral.com,111111111111,,"Expedia collects payment from traveler: Hotel invoices Expedia. ",,,,,"2026-08-31",,,,
Fab Guest House,2026-08-30T18:40:46,844-221-194,DWG-988-246,,,,Hamish’s Ical,"2026-09-19","2026-09-20",1,Standard Double room Ensuite,,Room 10,,1,0,GBP,0.00,0.00,0.00,0.00,Direct,,,On Account,Canceled,,,,,Paid Via OTA Confirmation Code: HMHMPKFCNB,,,,,"2026-08-30",,,,
Holland Rd Studios Close to Olympia London,2026-08-20T19:07:36,844-658-464,TTU-004-343,HMBNQ488EP,,Ruta,Ionascu,"2026-09-19","2026-09-20",1,Double-Studio-Ensuite HR,Non refundable rate,Flat 14 3rd,,2,0,GBP,120.00,120.00,85.00,35.00,Online,Airbnb,Airbnb,On Account,Confirmed,,,40737945082,," ",,,,,"2026-08-20",,,,
The Beresford Hotel,2026-07-11T16:13:53,854-448-422,GQC-674-735,6642052323,,Louise,Mason,"2026-09-19","2026-09-21",2,Standard Double room Ensuite,,312,,2,1,GBP,0.00,See 149-523-982,0.00,0.00,Online,Booking.com,Booking.com,On Account,Canceled,,lmason.156175@guest.booking.com,+44 7425 169712,,"This booking exceeds the maximum occupancy or maximum adults configured in eviivo suite. Check your setup on your Booking.com extranet.            Group: 4 x Adult, 1 x Child  Genius Rate  Non-Smoking  Promos: Mobile(App) Rate  There is no meal option with this room. Children and Extra Bed Policy: Children of any age are allowed. You haven't added any cots. You haven't added any extra beds. The maximum number of guests is 2.  Deposit Policy: The guest will be charged a prepayment of the total price of the reservation at any time.  Cancellation Policy: The guest can cancel free of charge until 5 days before arrival. The guest will be charged the total price of the reservation if they cancel in the 5 days before arrival.  payment_on_Booking.com (Payout type: BankTransfer)  ** THIS RESERVATION HAS BEEN PRE-PAID ** BOOKING NOTE : Payment charge is GBP 3.91392  Genius Booker ",,,,,"2026-07-11",,,,
Modern Studios Close To Hyde Park,2026-03-29T14:14:33,864-956-042,CYC-147-689,5910751032,,Angelo,Persichini,"2026-09-19","2026-09-24",5,Comfort-Studio-Ensuite with Shower LG,,Flat 8 Ground-Split level,,2,0,GBP,0.00,0.00,0.00,0.00,Online,Booking.com,Booking.com,On Account,Canceled,,apersi.762781@guest.booking.com,+39 320 822 0489,,"Non-Smoking  Promos: Mobile(App) Rate  There is no meal option with this room. Children and Extra Bed Policy: Children of any age are allowed. You haven't added any cots. You haven't added any extra beds. The maximum number of guests is 2.  Deposit Policy: The guest will be charged a prepayment of the total price of the reservation at any time.  Cancellation Policy: The guest can cancel free of charge until 7 days before arrival. The guest will be charged the total price of the reservation if they cancel in the 7 days before arrival.  payment_on_Booking.com (Payout type: BankTransfer)  ** THIS RESERVATION HAS BEEN PRE-PAID ** BOOKING NOTE : Payment charge is GBP 8.2712  Genius Booker ",,,,,"2026-03-29",,,,
Crofton House Hotel,2026-09-12T15:30:40,865-343-094,WLL-041-059,6581755877,,Rachel,Hoodless,"2026-09-19","2026-09-20",1,Double room-Ensuite Crofton,Non Refundable,Room 1 Crofton,,2,0,GBP,77.90,77.90,77.90,0.00,Online,Booking.com,Booking.com,On Account,Confirmed,,rhoodl.574243@guest.booking.com,+44 7709 857980,,"Genius Rate  Non-Smoking  There is no meal option with this room. Children and Extra Bed Policy: Children of any age are allowed. You haven't added any cots. You haven't added any extra beds. The maximum number of guests is 2.  Deposit Policy: The guest will be charged a prepayment of the total price of the reservation at any time.  Cancellation Policy: The guest will be charged the total price of the reservation if they cancel at any time.  payment_on_Booking.com (Payout type: BankTransfer)  ** THIS RESERVATION HAS BEEN PRE-PAID ** BOOKING NOTE : Payment charge is GBP 1.2464  Genius Booker ",,,,,"2026-09-12",,,,
Wembar Hotel,2026-02-26T19:41:28,880-951-584,KDY-936-766,5554977360,,Juan,Estreyer,"2026-09-19","2026-09-21",2,Double room-Deluxe-Ensuite with Shower/Wembar,Base Rate,Room 23 - Bet. G & 1st F,,2,0,GBP,141.95,141.95,141.95,0.00,Online,Booking.com,Booking.com,On Account,Confirmed,,jestre.993184@guest.booking.com,+33 6 82 35 32 79,,"Non-Smoking  Promos: Mobile(App) Rate  There is no meal option with this room. Children and Extra Bed Policy: Children ages 1 and older are allowed. You haven't added any cots. You haven't added any extra beds. The maximum number of guests is 2.  Deposit Policy: The guest will be charged a prepayment of the total price of the reservation at any time.  Cancellation Policy: The guest can cancel free of charge until 3 days before arrival. The guest will be charged the total price of the reservation if they cancel in the 3 days before arrival.  payment_on_Booking.com (Payout type: BankTransfer)  ** THIS RESERVATION HAS BEEN PRE-PAID ** BOOKING NOTE : Payment charge is GBP 2.2712  Genius Booker ",,,,,"2026-02-26",,,,
Amsterdam Hotel,2026-08-22T15:06:06,886-416-021,PIR-788-312,5424973992,,Roselyne,Chamoun,"2026-09-19","2026-09-22",3,Twin room-Standard-Ensuite/Amsterdam,Non Refundable Rate,Room 27 Basement,,2,0,GBP,331.96,331.96,331.96,0.00,Online,Booking.com,Booking.com,On Account,Confirmed,,rchamo.655510@guest.booking.com,+33 6 30 17 18 61,,"Genius Rate  Non-Smoking  There is no meal option with this room. Children and Extra Bed Policy: Children of any age are allowed. You haven't added any cots. You haven't added any extra beds. The maximum number of guests is 2.  Deposit Policy: The guest will be charged a prepayment of the total price of the reservation at any time.  Cancellation Policy: The guest will be charged the total price of the reservation if they cancel at any time.  payment_on_Booking.com (Payout type: BankTransfer)  ** THIS RESERVATION HAS BEEN PRE-PAID ** Reservation has a cancellation grace period. Do not charge if cancelled before 2026-08-23 16:04:50 Approximate time of arrival: between 14:00 and 15:00 BOOKING NOTE : Payment charge is GBP 5.31136  Genius Booker ",,,,,"2026-08-22",,,,
Bonair Hotel,2026-09-09T21:17:46,889-802-142,GYF-374-354,5591382403,,Mark,Holt,"2026-09-19","2026-09-20",1,Standard-Double room-Ensuite,Base Rate,Room 21,,1,0,GBP,45.00,45.00,45.00,0.00,Online,Booking.com,Booking.com,On Account,Confirmed,,mholt.416407@guest.booking.com,+44 7776 138385,,"Non-Smoking  There is no meal option with this room. Children and Extra Bed Policy: Children of any age are allowed. You haven't added any cots. You haven't added any extra beds. The maximum number of guests is 2.  Deposit Policy: The guest will be charged a prepayment of the total price of the reservation at any time.  Cancellation Policy: The guest can cancel free of charge until 7 days before arrival. The guest will be charged the total price of the reservation if they cancel in the 7 days before arrival. If the guest doesn’t show up, they will be charged the total price of the reservation.  payment_on_Booking.com (Payout type: BankTransfer)  ** THIS RESERVATION HAS BEEN PRE-PAID ** BOOKING NOTE : Payment charge is GBP 0.72  Genius Booker ",,,,,"2026-09-09",,,,
Green Gables Hotel,2026-08-31T07:51:13,891-581-922,DHR-125-411,696082079,,YM,Revill,"2026-09-19","2026-09-20",1,Triple room-Ensuite,Base Rate,Room 2,,3,0,GBP,41.40,41.40,41.40,0.00,Online,Agoda,Agoda,On Account,Confirmed,,06fnwz990000001hw7a3atvp6pqs6@agoda-messaging.com,44 7545024800,,"NonSmoke TwinBeds  Limited Time Offer. Price includes 10% discount! ",,,,,"2026-08-31",,,,
Cluny Hill Hotel,2026-09-12T19:04:42,895-223-421,TTU-631-391,6727300436,,Stephanie,Yong,"2026-09-19","2026-09-20",1,Standard Double room,Non Refundable,Room 42,,2,0,GBP,58.59,58.59,58.59,0.00,Online,Booking.com,Booking.com,On Account,Confirmed,,syong.783415@guest.booking.com,+44 7450 497321,,"Non-Smoking  There is no meal option with this room. Children and Extra Bed Policy: Children of any age are allowed. You haven't added any cots. You haven't added any extra beds. The maximum number of guests is 2.  Deposit Policy: The guest will be charged a prepayment of the total price of the reservation at any time.  Cancellation Policy: The guest will be charged the total price of the reservation if they cancel at any time.  payment_on_Booking.com (Payout type: BankTransfer)  ** THIS RESERVATION HAS BEEN PRE-PAID ** BOOKING NOTE : Payment charge is GBP 0.93744  Genius Booker ",,,,,"2026-09-12",,,,
Sachi Hotel,2026-03-23T18:52:31,896-922-031,TKM-154-690,6886900338,,David,Nunn,"2026-09-19","2026-09-20",1,Standard Triple room ,Base Rate,Room 14 3rd F,,2,0,GBP,127.80,127.80,127.80,0.00,Online,Booking.com,Booking.com,On Account,Confirmed,,dnunn.842182@guest.booking.com,+44 7886 987136,,"Non-Smoking  Promos: Mobile(MDot) Rate  There is no meal option with this room. Children and Extra Bed Policy: Children of any age are allowed. You haven't added any cots. You haven't added any extra beds. The maximum number of guests is 3.  Deposit Policy: The guest will be charged a prepayment of the total price of the reservation at any time.  Cancellation Policy: The guest can cancel free of charge until 5 days before arrival. The guest will be charged the total price of the reservation if they cancel in the 5 days before arrival.  payment_on_Booking.com (Payout type: BankTransfer)  ** THIS RESERVATION HAS BEEN PRE-PAID ** BOOKING NOTE : Payment charge is GBP 2.0448 Approximate time of arrival: between 15:00 and 16:00  Genius Booker ",,,,,"2026-03-23",,,,
Number 19 Brighton,2025-09-22T03:20:11,904-985-814,HMG-512-521,5410235408,,Derek,Threadwell,"2026-09-19","2026-09-20",1,Standard-Double room-Ensuite,Non Refundable,Room 11,,1,0,GBP,50.40,50.40,50.40,0.00,Online,Booking.com,Booking.com,On Account,Confirmed,,dthrea.173210@guest.booking.com,+44 7894 067586,,"Non-Smoking  Promos: Mobile(MDot) Rate  There is no meal option with this room. Children and Extra Bed Policy: Children of any age are allowed. You haven't added any cots. You haven't added any extra beds. The maximum number of guests is 2.  Deposit Policy: No prepayment is needed.  Cancellation Policy: The guest can cancel free of charge until 7 days before arrival. The guest will be charged the total price of the reservation if they cancel in the 7 days before arrival.  payment_on_Booking.com (Payout type: BankTransfer)  ** THIS RESERVATION HAS BEEN PRE-PAID ** Approximate time of arrival: between 13:00 and 14:00 BOOKING NOTE : Payment charge is GBP 0.8064  Genius Booker ",,,,,"2025-09-22",,,,
Fab Guest House,2026-09-07T06:15:50,905-086-814,PQA-913-875,1418fb94e984-be0270143a38b7f0b9949e59a54ebf97@airbnb.com,,Hamish’s,iCal,"2026-09-19","2026-09-20",1,Standard Double room Ensuite,Base Rate,Room 10,,1,0,GBP,45.72,45.72,45.72,0.00,iCal,ical1,,Deposit (Variable),Confirmed,,,+447961669024,,"Reservation URL: https://www.airbnb.com/hosting/reservations/details/HMHMPKFCNB Hamish’s group of 2 Sep 19 – 20 · 1 night R10 Fab · Steps from Brighton Pier · Minimalist Stay",,,,,"2026-09-07",,,,
Hammersmith Stayz,2026-05-21T01:10:05,905-453-512,NNJ-926-754,6721726925,,Peter,Chung,"2026-09-19","2026-09-25",6,Standard Double Studio Ensuite/Hammersmith Stayz,Base Rate,Studio 7 2nd F,,2,0,GBP,387.80,387.80,357.80,30.00,Online,Booking.com,Booking.com,On Account,Confirmed,,pchung.607138@guest.booking.com,+61 405 766 337,,"payment_on_Booking.com (Payout type: BankTransfer)  Non-Smoking  ** THIS RESERVATION HAS BEEN PRE-PAID ** BOOKING NOTE : Payment charge is GBP 6.2048  Genius Booker  Genius Rate  Promos: International  There is no meal option with this room. Children and Extra Bed Policy: Children of any age are allowed. 1 child (up to and including 2 years old) stays for free when using available cots.	 You haven't added any extra beds. The maximum number of cots is 1. The maximum number of guests is 2.  Deposit Policy: The guest will be charged a prepayment of the total price of the reservation at any time.  Cancellation Policy: The guest can cancel free of charge until 5 days before arrival. The guest will be charged the total price of the reservation if they cancel in the 5 days before arrival.",,,,,"2026-05-21",,,,
Fab Guest House,2026-09-04T14:30:14,908-528-501,NNZ-169-839,1418fb94e984-91e0f684074d75d60ae67526ecb3d3db@airbnb.com,,Cristina’s,iCal,"2026-09-19","2026-09-21",2,Standard Double room Ensuite,Base Rate,Room 9,,1,0,GBP,89.54,89.54,89.54,0.00,iCal,ical1,,Deposit (Variable),Confirmed,,,+447595545466,,"Reservation URL: https://www.airbnb.com/hosting/reservations/details/HMB54PQHXW Cristina’s group of 2 Sep 19 – 21 · 2 nights R9 fab · A double room Ensuite @ brighton central location",,,,,"2026-09-04",,,,
Portobello Road Artistic Studios,2026-05-19T21:22:10,909-530-064,JZD-591-410,6145414919,,Eleonora,Pia Maraucci,"2026-09-19","2026-09-28",9,Apartment-Ensuite-N3 202,Non Refundable,Flat 2,,2,0,GBP,731.15,731.15,696.15,35.00,Online,Booking.com,Booking.com,On Account,Confirmed,,emarau.858737@guest.booking.com,+39 331 785 7347,,"Non-Smoking  Promos: Mobile(App) Rate  There is no meal option with this room. Children and Extra Bed Policy: Children of any age are allowed. You haven't added any cots. You haven't added any extra beds. The maximum number of guests is 2.  Deposit Policy: The guest will be charged a prepayment of the total price of the reservation at any time.  Cancellation Policy: The guest will be charged the total price of the reservation if they cancel at any time.  payment_on_Booking.com (Payout type: BankTransfer)  ** THIS RESERVATION HAS BEEN PRE-PAID ** BOOKING NOTE : Payment charge is GBP 11.6984 ",,,,,"2026-05-19",,,,
Portobello Road Artistic Studios,2026-08-13T18:27:15,910-490-864,ACH-647-881,6030566205,,Julie,Knowles,"2026-09-19","2026-09-21",2,Apartment-Ensuite-N7 202,,Flat 5 Triple-split level - GF,,3,0,GBP,0.00,See 561-650-481,0.00,0.00,Online,Booking.com,Booking.com,On Account,Canceled,,jknowl.442651@guest.booking.com,+44 7582 780116,,"Group: 7 x Adult, 0 x Child  Non-Smoking  Promos: Mobile(App) Rate  There is no meal option with this room. Children and Extra Bed Policy: Children of any age are allowed. You haven't added any cots. You haven't added any extra beds. The maximum number of guests is 4.  Deposit Policy: The guest will be charged a prepayment of the total price of the reservation at any time.  Cancellation Policy: The guest can cancel free of charge until 5 days before arrival. The guest will be charged the total price of the reservation if they cancel in the 5 days before arrival.  payment_on_Booking.com (Payout type: BankTransfer)  ** THIS RESERVATION HAS BEEN PRE-PAID ** BOOKING NOTE : Payment charge is GBP 7.6888 ",,,,,"2026-08-13",,,,
Cambria Hotel,2026-09-15T23:34:18,915-523-061,AYD-560-318,6750012142,,John,Butler,"2026-09-19","2026-09-20",1,Standard-Sea view-Twin room-Ensuite,Base Rate,Room 24,,1,0,GBP,55.00,55.00,55.00,0.00,Online,Booking.com,Booking.com,On Account,Confirmed,,jbutle.259561@guest.booking.com,+44 7548 642002,,"Non-Smoking  There is no meal option with this room. Children and Extra Bed Policy: Children of any age are allowed. You haven't added any cots. You haven't added any extra beds. The maximum number of guests is 2.  Deposit Policy: The guest will be charged a prepayment of the total price of the reservation at any time.  Cancellation Policy: The guest can cancel free of charge until 7 days before arrival. The guest will be charged the total price of the reservation if they cancel in the 7 days before arrival.  payment_on_Booking.com (Payout type: BankTransfer)  ** THIS RESERVATION HAS BEEN PRE-PAID ** BOOKING NOTE : Payment charge is GBP 0.88 ",,,,,"2026-09-15",,,,
Bonair Hotel,2026-07-21T22:40:06,920-035-364,QLE-543-192,6967239637,,Julian,Hobbs,"2026-09-19","2026-09-20",1,Standard-Single room-Ensuite,Base Rate,Room 38,,1,0,GBP,33.00,33.00,33.00,0.00,Online,Booking.com,Booking.com,On Account,Confirmed,,jhobbs.877179@guest.booking.com,+44 7954 412514,,"Non-Smoking  There is no meal option with this room. Children and Extra Bed Policy: Children of any age are allowed. You haven't added any cots. You haven't added any extra beds. The maximum number of guests is 1.  Deposit Policy: The guest will be charged a prepayment of the total price of the reservation at any time.  Cancellation Policy: The guest can cancel free of charge until 7 days before arrival. The guest will be charged the total price of the reservation if they cancel in the 7 days before arrival. If the guest doesn’t show up, they will be charged the total price of the reservation.  payment_on_Booking.com (Payout type: BankTransfer)  ** THIS RESERVATION HAS BEEN PRE-PAID ** BOOKING NOTE : Payment charge is GBP 0.528  Genius Booker ",,,,,"2026-07-21",,,,
Avalon Guest house,2026-09-08T11:21:34,928-358-802,KEG-538-129,1418fb94e984-01febb354e8894117b380fb71d588916@airbnb.com,,Aneta’s,iCal,"2026-09-19","2026-09-21",2,Triple room-Standard-Ensuite,Base Rate,No. 13 - Room 6,,1,0,GBP,148.96,148.96,148.96,0.00,iCal,ical1,,Deposit (Variable),Confirmed,,,+447796552869,,"Reservation URL: https://www.airbnb.com/hosting/reservations/details/HM98YTABAY https://www.airbnb.com/hosting/reservations/details/HM98YTABAY",,,,,"2026-09-08",,,,
Cambria Hotel,2026-02-13T21:33:08,930-922-091,UIJ-144-224,6839564933,,Peter,Lias,"2026-09-19","2026-09-20",1,Standard-Double room-Ensuite,,Room 7,,2,0,GBP,0.00,0.00,0.00,0.00,Online,Booking.com,Booking.com,On Account,Canceled,,plias.985191@guest.booking.com,+44 7726 273580,,"payment_on_Booking.com (Payout type: BankTransfer)  Non-Smoking  ** THIS RESERVATION HAS BEEN PRE-PAID ** BOOKING NOTE : Payment charge is GBP 0.576  Genius Booker  Promos: Domestic  There is no meal option with this room. Children and Extra Bed Policy: Children of any age are allowed. You haven't added any cots. You haven't added any extra beds. The maximum number of guests is 2.  Deposit Policy: The guest will be charged a prepayment of the total price of the reservation at any time.  Cancellation Policy: The guest can cancel free of charge until 7 days before arrival. The guest will be charged the total price of the reservation if they cancel in the 7 days before arrival.",,,,,"2026-02-13",,,,
The Carlton Hotel,2026-09-12T23:17:43,932-559-214,EJS-024-330,5525667788,,Michael,Sargent,"2026-09-19","2026-09-20",1,Classic Double room Ensuite,Non Refundable,Room 5,,2,0,GBP,54.00,54.00,54.00,0.00,Online,Booking.com,Booking.com,On Account,Confirmed,,msarge.636886@guest.booking.com,+44 7395 941162,,"Non-Smoking  There is no meal option with this room. Children and Extra Bed Policy: Children of any age are allowed. You haven't added any cots. You haven't added any extra beds. The maximum number of guests is 2.  Deposit Policy: The guest will be charged a prepayment of the total price of the reservation at any time.  Cancellation Policy: The guest will be charged the total price of the reservation if they cancel at any time.  payment_on_Booking.com (Payout type: BankTransfer)  ** THIS RESERVATION HAS BEEN PRE-PAID ** BOOKING NOTE : Payment charge is GBP 0.864  Genius Booker ",,,,,"2026-09-12",,,,
Green Gables Hotel,2026-09-14T14:15:16,938-444-162,NYA-107-124,6168213616,,Giles,Croft,"2026-09-19","2026-09-20",1,Quad room-Standard-Ensuite,Base Rate,Room 24,,1,2,GBP,36.80,36.80,36.80,0.00,Online,Booking.com,Booking.com,On Account,Confirmed,,gcroft.686240@guest.booking.com,+44 7831 988894,,"Child Ages: 12, 8  Genius Rate  Non-Smoking  Promos: Mobile(App) Rate  There is no meal option with this room. Children and Extra Bed Policy: Children of any age are allowed. You haven't added any cots. You haven't added any extra beds. The maximum number of guests is 3.  Deposit Policy: The guest will be charged a prepayment of the total price of the reservation at any time.  Cancellation Policy: The guest will be charged the total price of the reservation if they cancel at any time.  payment_on_Booking.com (Payout type: BankTransfer)  ** THIS RESERVATION HAS BEEN PRE-PAID ** BOOKING NOTE : Payment charge is GBP 0.5888  Genius Booker ",,,,,"2026-09-14",,,,
The Carlton Hotel,2026-09-12T09:07:39,941-661-451,JDP-319-912,5083336776,,Lesley,White,"2026-09-19","2026-09-20",1,Classic Double room Ensuite,Non Refundable,Room 1,,2,0,GBP,54.00,54.00,54.00,0.00,Online,Booking.com,Booking.com,On Account,Confirmed,,lwhite.985944@guest.booking.com,+44 7476 992092,,"Non-Smoking  There is no meal option with this room. Children and Extra Bed Policy: Children of any age are allowed. You haven't added any cots. You haven't added any extra beds. The maximum number of guests is 2.  Deposit Policy: The guest will be charged a prepayment of the total price of the reservation at any time.  Cancellation Policy: The guest will be charged the total price of the reservation if they cancel at any time.  payment_on_Booking.com (Payout type: BankTransfer)  ** THIS RESERVATION HAS BEEN PRE-PAID ** BOOKING NOTE : Payment charge is GBP 0.864  Genius Booker ",,,,,"2026-09-12",,,,
Savoy Hotel,2026-09-02T17:00:27,943-385-082,RKG-878-754,2549255619,,Petra,Mehling,"2026-09-19","2026-09-20",1,Quad room-Sea view-Ensuite ,48 Hours Flexible,Room 509 brichfield,,3,0,GBP,209.00,109.00,109.00,100.00,Online,Expedia Affiliate Network,Expedia & Affiliate Network,On Account,Confirmed,,ops@tboholidays.com,1111111111,,"2 King Beds Expedia collects payment from traveler: Hotel invoices Expedia. ",,,,,"2026-09-02",,,,
Modern Studios Close To Hyde Park,2026-07-06T21:41:53,950-350-654,TGP-494-151,6371749790,,Matteo,Capocasa,"2026-09-19","2026-09-24",5,Large Studio Ensuite LG,Base Rate,Flat 14 Mid-1st F,,2,0,GBP,485.00,485.00,450.00,35.00,Online,Booking.com,Booking.com,On Account,Confirmed,,rcacio.979595@guest.booking.com,+39 339 670 3287,,"Non-Smoking  Promos: Mobile(App) Rate  There is no meal option with this room. Children and Extra Bed Policy: Children of any age are allowed. You haven't added any cots. You haven't added any extra beds. The maximum number of guests is 2.  Deposit Policy: The guest will be charged a prepayment of the total price of the reservation at any time.  Cancellation Policy: The guest will be charged the total price of the reservation if they cancel at any time.  payment_on_Booking.com (Payout type: BankTransfer)  ** THIS RESERVATION HAS BEEN PRE-PAID ** BOOKING NOTE : Payment charge is GBP 7.76  Genius Booker ",,,,,"2026-07-06",,,,
Avalon Guest house,2026-08-31T06:21:27,956-909-554,IHM-999-799,1418fb94e984-dc6d7fb8e440bb26715e37cbe2d63996@airbnb.com,,Arran,iCal,"2026-09-19","2026-09-22",3,Single room-Standard-Ensuite,Base Rate,No. 13 - Room B1,,1,0,GBP,120.47,120.47,120.47,0.00,iCal,ical1,,Deposit (Variable),Confirmed,,,+447805331865,,"Reservation URL: https://www.airbnb.com/hosting/reservations/details/HMMW3ZTRDW Arran Sep 19 – 22 · 3 nights B1 Ocean · Cozy Basement Single Room Central Brighton ",,,,,"2026-08-31",,,,
Wembar Hotel,2025-11-12T16:10:58,958-933-454,TPJ-210-699,5450647873,,Lorena,Barbosa Muana Uta,"2026-09-19","2026-09-22",3,Single room-Standard-Ensuite with Shower,,Room 21,,1,0,GBP,0.00,0.00,0.00,0.00,Online,Booking.com,Booking.com,On Account,Canceled,,luta.749173@guest.booking.com,+55 67 99219 1063,,"Non-Smoking  Promos: International  There is no meal option with this room. Children and Extra Bed Policy: Children of any age are allowed. You haven't added any cots. You haven't added any extra beds. The maximum number of guests is 1.  Deposit Policy: The guest will be charged a prepayment of the total price of the reservation at any time.  Cancellation Policy: The guest can cancel free of charge until 3 days before arrival. The guest will be charged the total price of the reservation if they cancel in the 3 days before arrival.  payment_on_Booking.com (Payout type: BankTransfer)  ** THIS RESERVATION HAS BEEN PRE-PAID ** BOOKING NOTE : Payment charge is GBP 3.6176 Approximate time of arrival: between 15:00 and 16:00  Genius Booker ",,,,,"2025-11-12",,,,
Fab Guest House,2026-09-04T14:36:40,959-000-954,VTR-988-300,1418fb94e984-cb8faefe6df588e2a714a1e93c3e9a60@airbnb.com,,Cody’s,iCal,"2026-09-19","2026-09-20",1,Twin Room,Base Rate,Room 4,,1,0,GBP,79.37,79.37,79.37,0.00,iCal,ical1,,Deposit (Variable),Confirmed,,,+14043435011,,"Reservation URL: https://www.airbnb.com/hosting/reservations/details/HMYF4T4NPE Cody’s group of 2 Sep 19 – 20 · 1 night R4 fab · Twin room near seafront central Brighton",,,,,"2026-09-04",,,,
Sachi Hotel,2026-09-01T13:31:45,959-248-531,PWN-884-288,6302310409,,India,Thakrar,"2026-09-19","2026-09-20",1,Standard Triple room ,Base Rate,Room 9 2nd F,,2,0,GBP,126.90,126.90,126.90,0.00,Online,Booking.com,Booking.com,On Account,Confirmed,,ithakr.683158@guest.booking.com,+44 7979 371089,,"Non-Smoking  Promos: Mobile(MDot) Rate  There is no meal option with this room. Children and Extra Bed Policy: Children of any age are allowed. You haven't added any cots. You haven't added any extra beds. The maximum number of guests is 3.  Deposit Policy: The guest will be charged a prepayment of the total price of the reservation at any time.  Cancellation Policy: The guest can cancel free of charge until 5 days before arrival. The guest will be charged the total price of the reservation if they cancel in the 5 days before arrival.  payment_on_Booking.com (Payout type: BankTransfer)  ** THIS RESERVATION HAS BEEN PRE-PAID ** BOOKING NOTE : Payment charge is GBP 2.0304 Approximate time of arrival: between 15:00 and 16:00  Genius Booker ",,,,,"2026-09-01",,,,
Sachi Hotel,2026-06-05T07:33:37,965-921-631,NDG-891-645,6911393528,,Audrius,Kraujelis,"2026-09-19","2026-09-20",1,Standard Triple room ,,Room 9 2nd F,,2,1,GBP,0.00,0.00,0.00,0.00,Online,Booking.com,Booking.com,On Account,Canceled,,akrauj.765700@guest.booking.com,+44 7460 898916,,"Child Ages: 2  Non-Smoking  Promos: Mobile(App) Rate  There is no meal option with this room. Children and Extra Bed Policy: Children of any age are allowed. You haven't added any cots. You haven't added any extra beds. The maximum number of guests is 3.  Deposit Policy: The guest will be charged a prepayment of the total price of the reservation at any time.  Cancellation Policy: The guest can cancel free of charge until 5 days before arrival. The guest will be charged the total price of the reservation if they cancel in the 5 days before arrival.  payment_on_Booking.com (Payout type: BankTransfer)  ** THIS RESERVATION HAS BEEN PRE-PAID ** BOOKING NOTE : Payment charge is GBP 1.8432  Genius Booker ",,,,,"2026-06-05",,,,
Bonair Hotel,2026-09-14T18:25:56,969-302-834,KZF-061-249,6901513705,,Dean,Terry,"2026-09-19","2026-09-20",1,Standard-Twin room-Ensuite,Base Rate,Room 27,,2,0,GBP,59.00,59.00,59.00,0.00,Online,Booking.com,Booking.com,On Account,Confirmed,,dterry.403595@guest.booking.com,+44 7888 695252,,"Non-Smoking  There is no meal option with this room. Children and Extra Bed Policy: Children of any age are allowed. You haven't added any cots. You haven't added any extra beds. The maximum number of guests is 2.  Deposit Policy: The guest will be charged a prepayment of the total price of the reservation at any time.  Cancellation Policy: The guest can cancel free of charge until 7 days before arrival. The guest will be charged the total price of the reservation if they cancel in the 7 days before arrival. If the guest doesn’t show up, they will be charged the total price of the reservation.  payment_on_Booking.com (Payout type: BankTransfer)  ** THIS RESERVATION HAS BEEN PRE-PAID ** BOOKING NOTE : Payment charge is GBP 0.944  Genius Booker ",,,,,"2026-09-14",,,,
Holland Rd Studios Close to Olympia London,2026-02-02T16:23:46,988-302-514,NMW-163-668,6989837687,,Antti,Rask,"2026-09-19","2026-09-26",7,Single-Studio-Ensuite with Shower,Base Rate,Flat 15 3rd,,1,0,GBP,469.11,469.11,439.11,30.00,Online,Booking.com,Booking.com,On Account,Confirmed,,arask.279788@guest.booking.com,+358 50 3886520,,"Genius Rate  Non-Smoking  Promos: International  There is no meal option with this room. Children and Extra Bed Policy: Children of any age are allowed. You haven't added any cots. You haven't added any extra beds. The maximum number of guests is 1.  Deposit Policy: The guest will be charged a prepayment of the total price of the reservation at any time.  Cancellation Policy: The guest can cancel free of charge until 7 days before arrival. The guest will be charged the total price of the reservation if they cancel in the 7 days before arrival.  payment_on_Booking.com (Payout type: BankTransfer)  ** THIS RESERVATION HAS BEEN PRE-PAID ** BOOKING NOTE : Payment charge is GBP 7.50576  Genius Booker ",,,,,"2026-02-02",,,,
Fab Guest House,2026-09-07T19:17:24,999-269-842,OKV-953-013,5786628839,,Justin,Solan,"2026-09-19","2026-09-21",2,Standard Double room Ensuite,Base Rate,Room 12,,1,0,GBP,118.80,118.80,118.80,0.00,Online,Booking.com,Booking.com,On Account,Confirmed,,jsolan.491927@guest.booking.com,+44 7957 674246,,"Non-Smoking  Promos: non - refundable STD DBL  There is no meal option with this room. Children and Extra Bed Policy: Children of any age are allowed. You haven't added any cots. You haven't added any extra beds. The maximum number of guests is 2.  Deposit Policy: The guest will be charged a prepayment of the total price of the reservation at any time.  Cancellation Policy: The guest will be charged the total price of the reservation if they cancel at any time.  payment_on_Booking.com (Payout type: BankTransfer)  ** THIS RESERVATION HAS BEEN PRE-PAID ** Reservation has a cancellation grace period. Do not charge if cancelled before 2026-09-08 20:16:04 Approximate time of arrival: between 02:00 and 03:00 N/a BOOKING NOTE : Payment charge is GBP 1.9008 ",,,,,"2026-09-07",,,,
Amsterdam Hotel,2026-07-27T10:24:35,001-560-884,THZ-231-646,2519701491,,IAROSLAV,VASILEV,"2026-09-20","2026-10-05",15,Compact-Double room-Ensuite/Amsterdam,,Room 7 1ST Floor Refurbished,,2,0,GBP,0.00,0.00,0.00,0.00,Online,Expedia Affiliate Network,Expedia & Affiliate Network,On Account,Canceled,,kfb6@ssbooking.cn,1111111111111,,"1 Double Bed Expedia collects payment from traveler: Hotel invoices Expedia. ",,,,,"2026-07-27",,,,
Sachi Hotel,2026-08-07T11:56:25,004-811-182,ZBO-611-940,5959934108,,Craig,O’Donnell,"2026-09-20","2026-09-22",2,Comfort Double room External Bathroom,Non Refundable,Room 12 3rd F,,1,0,GBP,106.92,106.92,106.92,0.00,Online,Booking.com,Booking.com,On Account,Confirmed,,codonn.322397@guest.booking.com,+44 7984 954752,,"Non-Smoking  Promos: Mobile(MDot) Rate  There is no meal option with this room. Children and Extra Bed Policy: Children of any age are allowed. You haven't added any cots. You haven't added any extra beds. The maximum number of guests is 2.  Deposit Policy: The guest will be charged a prepayment of the total price of the reservation at any time.  Cancellation Policy: The guest will be charged the total price of the reservation if they cancel at any time.  payment_on_Booking.com (Payout type: BankTransfer)  ** THIS RESERVATION HAS BEEN PRE-PAID ** Reservation has a cancellation grace period. Do not charge if cancelled before 2026-08-08 12:55:06 Approximate time of arrival: between 10:00 and 11:00 If possible at quiet room with windows please.  thank you BOOKING NOTE : Payment charge is GBP 1.71072  Genius Booker ",,,,,"2026-08-07",,,,
Amsterdam Hotel,2026-07-22T23:13:57,028-964-581,DZY-603-668,2516272518,,IAROSLAV,VASILEV,"2026-09-20","2026-10-05",15,Compact-Double room-Ensuite/Amsterdam,,Room 6 1ST Floor Refurbished,,2,0,GBP,0.00,0.00,0.00,0.00,Online,Expedia Affiliate Network,Expedia & Affiliate Network,On Account,Canceled,,kfb6@ssbooking.cn,1111111111111,,"1 Double Bed Expedia collects payment from traveler: Hotel invoices Expedia. ",,,,,"2026-07-22",,,,
Fab Guest House,2026-09-10T06:16:25,033-446-181,XFW-050-686,1418fb94e984-89a388be87372ee03ce66111e81a7ad9@airbnb.com,,Reserved,iCal,"2026-09-20","2026-09-22",2,Standard Double room Ensuite,Base Rate,Room 10,,1,0,GBP,0.00,0.00,0.00,0.00,iCal,ical1,,Deposit (Variable),Confirmed,,,,,Reservation URL: https://www.airbnb.com/hosting/reservations/details/HM9DQBXJ39,,,,,"2026-09-10",,,,
Holland Rd Studios Close to Olympia London,2026-08-30T17:11:10,065-058-424,DUS-946-880,6452366828,,Thorsten,Schaefer,"2026-09-20","2026-09-25",5,Compact-Studio-Ensuite with Shower HR,,Flat 4 Ground,,1,0,GBP,0.00,0.00,0.00,0.00,Online,Booking.com,Booking.com,On Account,Canceled,,tschaf.406791@guest.booking.com,+49 491 7668292816,,"Genius Rate  Non-Smoking  There is no meal option with this room. Children and Extra Bed Policy: Children of any age are allowed. 1 child (up to and including 2 years old) stays for free when using available cots.  You haven't added any extra beds. The maximum number of cots is 1. The maximum number of guests is 2.  Deposit Policy: The guest will be charged a prepayment of the total price of the reservation at any time.  Cancellation Policy: The guest can cancel free of charge until 7 days before arrival. The guest will be charged the total price of the reservation if they cancel in the 7 days before arrival.  payment_on_Booking.com (Payout type: BankTransfer)  ** THIS RESERVATION HAS BEEN PRE-PAID ** BOOKING NOTE : Payment charge is GBP 8.4656 ",,,,,"2026-08-30",,,,
Holland Rd Studios Close to Olympia London,2026-01-22T10:20:24,090-869-212,AFG-864-931,5745773618,,Amane,Morita,"2026-09-20","2026-09-26",6,Mini-Studio-Ensuite,,Flat 7 1st,,2,0,GBP,0.00,0.00,0.00,0.00,Online,Booking.com,Booking.com,On Account,Canceled,,amorit.821080@guest.booking.com,+81 90 2445 4822,,"Genius Rate  Non-Smoking  Promos: International  There is no meal option with this room. Children and Extra Bed Policy: Children of any age are allowed. You haven't added any cots. You haven't added any extra beds. The maximum number of guests is 2.  Deposit Policy: The guest will be charged a prepayment of the total price of the reservation at any time.  Cancellation Policy: The guest can cancel free of charge until 7 days before arrival. The guest will be charged the total price of the reservation if they cancel in the 7 days before arrival.  payment_on_Booking.com (Payout type: BankTransfer)  ** THIS RESERVATION HAS BEEN PRE-PAID ** BOOKING NOTE : Payment charge is GBP 7.18032  Genius Booker ",,,,,"2026-01-22",,,,
Sachi Hotel,2026-09-10T06:16:25,093-118-422,HBJ-715-556,1418fb94e984-5c2b75c73bb1eee0bca87b21568d115f@airbnb.com,,Reserved,iCal,"2026-09-20","2026-09-22",2,Standard Double Studio,Base Rate,Room 3 GF,,1,0,GBP,0.00,0.00,0.00,0.00,iCal,ical1,,Deposit (Variable),Confirmed,,,,,Reservation URL: https://www.airbnb.com/hosting/reservations/details/HM9YS44BK8,,,,,"2026-09-10",,,,
La Casa Studios Near Hyde Park,2026-08-31T00:51:18,100-515-112,AEJ-162-536,5829580426,,Yvonne,Stewart,"2026-09-20","2026-09-26",6,Standard Studio Ensuite with Shower- La Casa,,Studio 21,,2,0,GBP,0.00,0.00,0.00,0.00,Online,Booking.com,Booking.com,On Account,Canceled,,ystewa.938161@guest.booking.com,+61 423 427 343,,"payment_on_Booking.com (Payout type: BankTransfer)  Non-Smoking  ** THIS RESERVATION HAS BEEN PRE-PAID ** BOOKING NOTE : Payment charge is GBP 10.75904  Genius Booker  Genius Rate  There is no meal option with this room. Children and Extra Bed Policy: Children of any age are allowed. You haven't added any cots. You haven't added any extra beds. The maximum number of guests is 2.  Deposit Policy: The guest will be charged a prepayment of the total price of the reservation at any time.  Cancellation Policy: The guest can cancel free of charge until 5 days before arrival. The guest will be charged the total price of the reservation if they cancel in the 5 days before arrival.",,,,,"2026-08-30",,,,
Modern Studios Close To Hyde Park,2026-09-03T05:21:44,120-451-601,DLH-834-441,2549748234,,Ling,Wang,"2026-09-20","2026-09-22",2,Standard-Studio-Ensuite-Basement level LG,,Flat 4 BF,,2,0,GBP,0.00,0.00,0.00,0.00,Online,Expedia,Expedia & Affiliate Network,Pay On Arrival,Canceled,,mhdeqc1mmd@m.expediapartnercentral.com,11111111111,,"Hotel collects payment from the traveler ",,,,,"2026-09-03",,,,
Holland Rd Studios Close to Olympia London,2026-08-06T19:43:16,141-533-912,UUJ-928-946,5455224657,,Adem,Stevens,"2026-09-20","2026-10-14",24,Double-Studio-Ensuite HR,,Flat 13 2nd,,2,0,GBP,0.00,0.00,0.00,0.00,Online,Booking.com,Booking.com,On Account,Canceled,,asteve.244223@guest.booking.com,+44 7731 810376,,"Genius Rate  Non-Smoking  There is no meal option with this room. Children and Extra Bed Policy: Children of any age are allowed. You haven't added any cots. You haven't added any extra beds. The maximum number of guests is 2.  Deposit Policy: The guest will be charged a prepayment of the total price of the reservation at any time.  Cancellation Policy: The guest can cancel free of charge until 7 days before arrival. The guest will be charged the total price of the reservation if they cancel in the 7 days before arrival.  payment_on_Booking.com (Payout type: BankTransfer)  ** THIS RESERVATION HAS BEEN PRE-PAID ** BOOKING NOTE : Payment charge is GBP 35.816  Genius Booker ",,,,,"2026-08-06",,,,
La Casa Studios Near Hyde Park,2026-09-13T21:44:38,148-539-452,QIM-989-343,6533450774,,Céline,Costes,"2026-09-20","2026-09-24",4,Standard-Studio-Ensuite-Basement level -La Casa,Non Refundable,Studio 1,,2,0,GBP,381.00,381.00,346.00,35.00,Online,Booking.com,Booking.com,On Account,Confirmed,,ccoste.697050@guest.booking.com,+33 6 81 93 54 42,,"Genius Rate  Non-Smoking  Promos: Mobile(App) Rate  There is no meal option with this room. Children and Extra Bed Policy: Children of any age are allowed. You haven't added any cots. You haven't added any extra beds. The maximum number of guests is 2.  Deposit Policy: The guest will be charged a prepayment of the total price of the reservation at any time.  Cancellation Policy: The guest will be charged the total price of the reservation if they cancel at any time.  payment_on_Booking.com (Payout type: BankTransfer)  ** THIS RESERVATION HAS BEEN PRE-PAID ** Reservation has a cancellation grace period. Do not charge if cancelled before 2026-09-14 22:43:24 BOOKING NOTE : Payment charge is GBP 6.096  Genius Booker ",,,,,"2026-09-13",,,,
London Gatwick Inn,2026-06-27T16:17:30,153-222-604,XIO-020-270,6155303264,,nicole,terrier,"2026-09-20","2026-09-21",1,Small single,7-Day Flexible,304,,1,0,GBP,53.10,53.10,53.10,0.00,Online,Booking.com,Booking.com,On Account,Confirmed,,nterri.874096@guest.booking.com,+33 7 60 07 72 68,,"Non-Smoking  Promos: Mobile(App) Rate  There is no meal option with this room. Children and Extra Bed Policy: Children ages 6 and older are allowed. You haven't added any cots. You haven't added any extra beds. The maximum number of guests is 1.  Deposit Policy: The guest will be charged a prepayment of the total price of the reservation at any time.  Cancellation Policy: The guest can cancel free of charge until 7 days before arrival. The guest will be charged the total price of the reservation if they cancel in the 7 days before arrival.  payment_on_Booking.com (Payout type: BankTransfer)  ** THIS RESERVATION HAS BEEN PRE-PAID ** BOOKING NOTE : Payment charge is GBP 0.8496  Genius Booker ",,,,,"2026-06-27",,,,
London Gatwick Inn,2026-09-09T08:48:03,162-056-651,LBU-004-839,6807689214,,David,Booth,"2026-09-20","2026-09-21",1,Double Room,Base Rate,201,,2,0,GBP,55.08,55.08,55.08,0.00,Online,Booking.com,Booking.com,On Account,Confirmed,,dbooth.317643@guest.booking.com,+44 7484 822564,,"Genius Rate  Non-Smoking  Promos: Mobile(App) Rate  There is no meal option with this room. Children and Extra Bed Policy: Children ages 6 and older are allowed. You haven't added any cots. You haven't added any extra beds. The maximum number of guests is 2.  Deposit Policy: The guest will be charged a prepayment of the total price of the reservation at any time.  Cancellation Policy: The guest will be charged the total price of the reservation if they cancel at any time.  payment_on_Booking.com (Payout type: BankTransfer)  ** THIS RESERVATION HAS BEEN PRE-PAID ** BOOKING NOTE : Payment charge is GBP 0.88128  Genius Booker ",,,,,"2026-09-09",,,,
Sachi Hotel,2026-06-30T17:46:12,186-605-411,IIE-515-532,5648379452,,Bjørn,Erik Larsen,"2026-09-20","2026-09-22",2,Standard Triple room ,Base Rate,Room 9 2nd F,,1,0,GBP,95.58,95.58,95.58,0.00,Online,Booking.com,Booking.com,On Account,Confirmed,,blarse.633190@guest.booking.com,+47 93 88 88 82,,"Non-Smoking  Promos: Mobile(App) Rate  There is no meal option with this room. Children and Extra Bed Policy: Children of any age are allowed. You haven't added any cots. You haven't added any extra beds. The maximum number of guests is 2.  Deposit Policy: The guest will be charged a prepayment of the total price of the reservation at any time.  Cancellation Policy: The guest can cancel free of charge until 5 days before arrival. The guest will be charged the total price of the reservation if they cancel in the 5 days before arrival.  payment_on_Booking.com (Payout type: BankTransfer)  ** THIS RESERVATION HAS BEEN PRE-PAID ** BOOKING NOTE : Payment charge is GBP 1.52928  Genius Booker ",,,,,"2026-06-30",,,,
Amsterdam Hotel,2026-02-18T00:20:13,200-439-842,PCM-435-833,6890613323,,Vicki,G Heiler,"2026-09-20","2026-09-30",10,Quad room-Ensuite,,Room 5 1ST Floor Refurbished,,3,0,GBP,0.00,0.00,0.00,0.00,Online,Booking.com,Booking.com,On Account,Canceled,,vheile.167205@guest.booking.com,+61 402 317 524,,"Genius Rate  Non-Smoking  Promos: International  There is no meal option with this room. Children and Extra Bed Policy: Children of any age are allowed. You haven't added any cots. You haven't added any extra beds. The maximum number of guests is 4.  Deposit Policy: The guest will be charged a prepayment of the total price of the reservation at any time.  Cancellation Policy: The guest can cancel free of charge until 2 days before arrival. The guest will be charged the total price of the reservation if they cancel in the 2 days before arrival.  payment_on_Booking.com (Payout type: BankTransfer)  ** THIS RESERVATION HAS BEEN PRE-PAID ** BOOKING NOTE : Payment charge is GBP 17.51568  Genius Booker ",,,,,"2026-02-18",,,,
Wembar Hotel,2026-08-24T22:00:13,201-118-421,OGD-900-478,5824069275,,Anita,Micozzi,"2026-09-20","2026-09-26",6,Double room-Standard-Ensuite with Shower/Wembar,,Room 09 - 2nd F,,2,0,GBP,547.40,547.40,547.40,0.00,Online,Booking.com,Booking.com,On Account,Confirmed,,amicoz.907088@guest.booking.com,+39 339 385 5184,,"Non-Smoking  Promos: Mobile(App) Rate  There is no meal option with this room. Children and Extra Bed Policy: Children ages 1 and older are allowed. You haven't added any cots. You haven't added any extra beds. The maximum number of guests is 2.  Deposit Policy: The guest will be charged a prepayment of the total price of the reservation at any time.  Cancellation Policy: The guest can cancel free of charge until 3 days before arrival. The guest will be charged the total price of the reservation if they cancel in the 3 days before arrival.  payment_on_Booking.com (Payout type: BankTransfer)  ** THIS RESERVATION HAS BEEN PRE-PAID ** BOOKING NOTE : Payment charge is GBP 8.7584  Genius Booker ",,,,,"2026-08-24",,,,
Portobello Road Artistic Studios,2026-09-09T10:32:40,202-065-541,DLU-407-679,6530771854,,Nick,Stone,"2026-09-20","2026-09-25",5,Double Studio 202,Base Rate,Flat 14 - 3rd F,,1,0,GBP,493.15,493.15,458.15,35.00,Online,Booking.com,Booking.com,On Account,Confirmed,,nyoshi.643537@guest.booking.com,+81 90 7345 4440,,"Non-Smoking  Promos: Getaway Deal  There is no meal option with this room. Children and Extra Bed Policy: Children of any age are allowed. You haven't added any cots. You haven't added any extra beds. The maximum number of guests is 2.  Deposit Policy: The guest will be charged a prepayment of the total price of the reservation at any time.  Cancellation Policy: The guest can cancel free of charge until 5 days before arrival. The guest will be charged the total price of the reservation if they cancel in the 5 days before arrival.  payment_on_Booking.com (Payout type: BankTransfer)  ** THIS RESERVATION HAS BEEN PRE-PAID ** BOOKING NOTE : Payment charge is GBP 7.8904  Abe Yoando Pharma / AYARI Foundation ",,,,,"2026-09-09",,,,
Savoy Hotel,2026-09-10T19:33:00,204-095-551,SIE-246-128,5248513264,,Linda,Williams,"2026-09-20","2026-09-21",1,Comfort-Single room-Ensuite-Savoy,Base Rate,Room 18,,1,0,GBP,141.00,41.00,41.00,100.00,Online,Booking.com,Booking.com,On Account,Confirmed,,lwilli.599412@guest.booking.com,+44 7478 723569,,"Non-Smoking  There is no meal option with this room. Children and Extra Bed Policy: Children of any age are allowed. You haven't added any cots. You haven't added any extra beds. The maximum number of guests is 1.  Deposit Policy: The guest will be charged a prepayment of the total price of the reservation at any time.  Cancellation Policy: The guest can cancel free of charge until 7 days before arrival. The guest will be charged the total price of the reservation if they cancel in the 7 days before arrival.  payment_on_Booking.com (Payout type: BankTransfer)  ** THIS RESERVATION HAS BEEN PRE-PAID ** BOOKING NOTE : Payment charge is GBP 0.656  Genius Booker ",,,,,"2026-09-10",,,,
Amsterdam Hotel,2026-09-15T00:26:24,218-456-394,LKQ-828-816,5811334305,,casqueiro,conde agus,"2026-09-20","2026-09-21",1,Compact-Double room-Ensuite/Amsterdam,Non Refundable rate,Room 14 3RD Floor Refurbished,,1,0,GBP,75.44,75.44,75.44,0.00,Online,Booking.com,Booking.com,On Account,Confirmed,,cagus.595017@guest.booking.com,+34 638 87 63 74,,"Genius Rate  Non-Smoking  There is no meal option with this room. Children and Extra Bed Policy: Children of any age are allowed. You haven't added any cots. You haven't added any extra beds. The maximum number of guests is 2.  Deposit Policy: The guest will be charged a prepayment of the total price of the reservation at any time.  Cancellation Policy: The guest will be charged the total price of the reservation if they cancel at any time.  payment_on_Booking.com (Payout type: BankTransfer)  ** THIS RESERVATION HAS BEEN PRE-PAID ** Reservation has a cancellation grace period. Do not charge if cancelled before 2026-09-16 01:25:04 BOOKING NOTE : Payment charge is GBP 1.20704  Genius Booker ",,,,,"2026-09-14",,,,
Amsterdam Hotel,2026-07-08T15:14:18,218-604-261,HQU-219-800,2504340029,,IAROSLAV,VASILEV,"2026-09-20","2026-10-05",15,Compact-Double room-Ensuite/Amsterdam,,Room 22 5TH Floor Refurbished,,2,0,GBP,0.00,0.00,0.00,0.00,Online,Expedia Affiliate Network,Expedia & Affiliate Network,On Account,Canceled,,kfb6@ssbooking.cn,1111111111111,,"1 Double Bed Expedia collects payment from traveler: Hotel invoices Expedia. ",,,,,"2026-07-08",,,,
London Gatwick Inn,2026-08-04T09:54:44,221-498-082,VCT-033-962,2526214649,,Rumen,Tabashki,"2026-09-20","2026-10-09",19,Quadruple,Base Rate,302,,1,0,GBP,2181.90,2181.90,2181.90,0.00,Online,Egencia,Expedia & Affiliate Network,On Account,Confirmed,,dxbp56d8dh@m.expediapartnercentral.com,111111111111,,"2 Double Beds This is a corporate travel booking made via Egencia. Please collect guest credit card for use of amenities and provide a receipt. If any issues, please avoid cancellation and email the contact provided in the booking. ",,,,,"2026-08-04",,,,
Crofton House Hotel,2026-09-16T18:51:49,246-158-842,XTP-020-464,5466081598,,Helen,Jenner,"2026-09-20","2026-09-23",3,Double room-Ensuite Crofton,Non Refundable,Room 1 Crofton,,1,0,GBP,133.92,133.92,133.92,0.00,Online,Booking.com,Booking.com,On Account,Confirmed,,hjenne.627443@guest.booking.com,+44 7525 141745,,"Genius Rate  Non-Smoking  Promos: Mobile(App) Rate  There is no meal option with this room. Children and Extra Bed Policy: Children of any age are allowed. You haven't added any cots. You haven't added any extra beds. The maximum number of guests is 2.  Deposit Policy: The guest will be charged a prepayment of the total price of the reservation at any time.  Cancellation Policy: The guest will be charged the total price of the reservation if they cancel at any time.  payment_on_Booking.com (Payout type: BankTransfer)  ** THIS RESERVATION HAS BEEN PRE-PAID ** BOOKING NOTE : Payment charge is GBP 2.14272  Genius Booker ",,,,,"2026-09-16",,,,
Savoy Hotel,2026-07-05T17:01:45,256-141-932,FWF-493-739,2501740733,,Steven,Smith,"2026-09-20","2026-09-22",2,Deluxe-Double room-Ensuite,,Room 6,,1,0,GBP,97.18,97.18,97.18,0.00,Online,Expedia,Expedia & Affiliate Network,On Account,Canceled,,jackawalker19@gmail.com,111111111111,,"Expedia collects payment from traveler: Hotel invoices Expedia. ",,,,,"2026-07-05",,,,
Fab Guest House,2026-09-16T16:21:17,262-808-064,SGO-658-521,1418fb94e984-ff9b32d27277d9486310e366c8ddad08@airbnb.com,,Reserved,iCal,"2026-09-20","2026-09-22",2,Standard Double room Ensuite,Base Rate,Room 13,,1,0,GBP,0.00,0.00,0.00,0.00,iCal,ical1,,Deposit (Variable),Confirmed,,,,,Reservation URL: https://www.airbnb.com/hosting/reservations/details/HMJSHZ5NBX,,,,,"2026-09-16",,,,
Savoy Hotel,2026-09-10T14:33:18,285-558-054,NGR-811-148,5591324348,,Cheryl,Lewis,"2026-09-20","2026-09-21",1,Twin room-Standard-Ensuite-Brichfield,,Room 508 brichfield,,2,0,GBP,0.00,0.00,0.00,0.00,Online,Booking.com,Booking.com,On Account,Canceled,,clewis.277040@guest.booking.com,+44 7894 885407,,"walk-in shower    Non-Smoking  There is no meal option with this room. Children and Extra Bed Policy: Children of any age are allowed. You haven't added any cots. You haven't added any extra beds. The maximum number of guests is 2.  Deposit Policy: The guest will be charged a prepayment of the total price of the reservation at any time.  Cancellation Policy: The guest can cancel free of charge until 2 days before arrival. The guest will be charged the total price of the reservation if they cancel in the 2 days before arrival.  payment_on_Booking.com (Payout type: BankTransfer)  ** THIS RESERVATION HAS BEEN PRE-PAID ** BOOKING NOTE : Payment charge is GBP 0.912  Genius Booker ",,,,,"2026-09-10",,,don't move the guest,
Sachi Hotel,2026-09-02T16:56:39,291-630-654,DOH-888-281,5451660397,,Abdelrahman,Rizk,"2026-09-20","2026-09-21",1,Standard Double room,Base Rate,Room 2 GF,,2,0,GBP,89.00,187.00,89.00,0.00,Online,Booking.com,Booking.com,On Account,Confirmed,,arizk.707222@guest.booking.com,+44 7473 562728,,"Group: 3 x Adult, 0 x Child  Non-Smoking  There is no meal option with this room. Children and Extra Bed Policy: Children of any age are allowed. You haven't added any cots. You haven't added any extra beds. The maximum number of guests is 3.  Deposit Policy: The guest will be charged a prepayment of the total price of the reservation at any time.  Cancellation Policy: The guest can cancel free of charge until 5 days before arrival. The guest will be charged the total price of the reservation if they cancel in the 5 days before arrival.  payment_on_Booking.com (Payout type: BankTransfer)  ** THIS RESERVATION HAS BEEN PRE-PAID ** BOOKING NOTE : Payment charge is GBP 2.992  Genius Booker ",,,,,"2026-09-02",,,,
Fab Guest House,2026-09-14T07:22:17,296-868-534,SHQ-416-383,1418fb94e984-93e0dafe44cdc8e1d6038d580937f4f7@airbnb.com,,Reserved,iCal,"2026-09-20","2026-09-21",1,Twin Room,Base Rate,Room 6,,1,0,GBP,0.00,0.00,0.00,0.00,iCal,ical1,,Deposit (Variable),Confirmed,,,,,Reservation URL: https://www.airbnb.com/hosting/reservations/details/HMQH932KW8,,,,,"2026-09-14",,,,
London Gatwick Inn,2026-09-16T17:25:33,311-395-291,MPI-555-018,2560381312,,YOUSSOUF,SMAEL BEKHEDDOUMA,"2026-09-20","2026-09-21",1,Double Room,Base Rate,101,,1,0,GBP,59.15,59.15,59.15,0.00,Online,Expedia,Expedia & Affiliate Network,On Account,Confirmed,,dx01bin8r6@m.expediapartnercentral.com,1111111111111,,"1 Double Bed Expedia collects payment from traveler: Hotel invoices Expedia. ",,,,,"2026-09-16",,,,
The Carlton Hotel,2026-09-17T12:55:34,319-081-911,ZEI-357-426,6934432143,,Dean,Thorpe,"2026-09-20","2026-09-21",1,Standard Single room Ensuite,Non Refundable,Room 240,,1,0,GBP,35.64,106.92,35.64,0.00,Online,Booking.com,Booking.com,On Account,Confirmed,,dthorp.837734@guest.booking.com,+44 7741 843412,,"Group: 3 x Adult, 0 x Child  Non-Smoking  Promos: Domestic  There is no meal option with this room. Children and Extra Bed Policy: Children of any age are allowed. You haven't added any cots. You haven't added any extra beds. The maximum number of guests is 1.  Deposit Policy: The guest will be charged a prepayment of the total price of the reservation at any time.  Cancellation Policy: The guest will be charged the total price of the reservation if they cancel at any time.  payment_on_Booking.com (Payout type: BankTransfer)  ** THIS RESERVATION HAS BEEN PRE-PAID ** I am travelling for business and I may be using a business credit card. This guest has requested a receipt for their stay. BOOKING NOTE : Payment charge is GBP 1.71072  Genius Booker ",,,,,"2026-09-17",,,,
The Carlton Hotel,2026-09-16T21:08:19,321-061-054,YPU-834-915,6886241138,,David,Slater,"2026-09-20","2026-09-25",5,Standard Twin room Ensuite,Non Refundable,Room 333,,2,0,GBP,230.85,409.05,230.85,0.00,Online,Booking.com,Booking.com,On Account,Confirmed,,dslate.441599@guest.booking.com,+44 7764 203960,,"Group: 3 x Adult, 0 x Child  Non-Smoking  Promos: Mobile(App) Rate  There is no meal option with this room. Children and Extra Bed Policy: Children of any age are allowed. You haven't added any cots. You haven't added any extra beds. The maximum number of guests is 2.  Deposit Policy: The guest will be charged a prepayment of the total price of the reservation at any time.  Cancellation Policy: The guest will be charged the total price of the reservation if they cancel at any time.  payment_on_Booking.com (Payout type: BankTransfer)  ** THIS RESERVATION HAS BEEN PRE-PAID ** BOOKING NOTE : Payment charge is GBP 6.5448  Genius Booker ",,,,,"2026-09-16",,,,
The Carlton Hotel,2026-09-16T21:08:19,321-635-611,YPU-834-915,6886241138,,David,Slater,"2026-09-20","2026-09-25",5,Standard Single room Ensuite,Non Refundable,Room 105,,1,0,GBP,178.20,See 321-061-054,178.20,0.00,Online,Booking.com,Booking.com,On Account,Confirmed,,dslate.441599@guest.booking.com,+44 7764 203960,,"Group: 3 x Adult, 0 x Child  Non-Smoking  Promos: Mobile(App) Rate  There is no meal option with this room. Children and Extra Bed Policy: Children of any age are allowed. You haven't added any cots. You haven't added any extra beds. The maximum number of guests is 2.  Deposit Policy: The guest will be charged a prepayment of the total price of the reservation at any time.  Cancellation Policy: The guest will be charged the total price of the reservation if they cancel at any time.  payment_on_Booking.com (Payout type: BankTransfer)  ** THIS RESERVATION HAS BEEN PRE-PAID ** BOOKING NOTE : Payment charge is GBP 6.5448  Genius Booker ",,,,,"2026-09-16",,,,
The Beresford Hotel,2026-07-25T16:00:27,324-981-104,ZPN-975-083,6750967597,,Mark,Corr,"2026-09-20","2026-09-22",2,Standard Double room Ensuite,Non Refundable,23,,2,0,GBP,115.83,115.83,115.83,0.00,Online,Booking.com,Booking.com,On Account,Confirmed,,mcorr.670084@guest.booking.com,+44 7828 902698,,"Non-Smoking  Promos: Mobile(App) Rate  There is no meal option with this room. Children and Extra Bed Policy: Children of any age are allowed. You haven't added any cots. You haven't added any extra beds. The maximum number of guests is 2.  Deposit Policy: The guest will be charged a prepayment of the total price of the reservation at any time.  Cancellation Policy: The guest will be charged the total price of the reservation if they cancel at any time.  payment_on_Booking.com (Payout type: BankTransfer)  ** THIS RESERVATION HAS BEEN PRE-PAID ** BOOKING NOTE : Payment charge is GBP 1.85328 ",,,,,"2026-07-25",,,,
Portobello Road Artistic Studios,2026-08-11T17:17:52,325-164-151,PWX-143-293,6080119475,,Claire,Bernard,"2026-09-20","2026-09-22",2,Double Studio 202,Base Rate,Flat 12 - 2nd F,,2,0,GBP,197.35,197.35,162.35,35.00,Online,Booking.com,Booking.com,On Account,Confirmed,,cberna.735245@guest.booking.com,+33 7 45 75 00 55,,"Non-Smoking  Promos: Getaway Deal  There is no meal option with this room. Children and Extra Bed Policy: Children of any age are allowed. You haven't added any cots. You haven't added any extra beds. The maximum number of guests is 2.  Deposit Policy: The guest will be charged a prepayment of the total price of the reservation at any time.  Cancellation Policy: The guest can cancel free of charge until 5 days before arrival. The guest will be charged the total price of the reservation if they cancel in the 5 days before arrival.  payment_on_Booking.com (Payout type: BankTransfer)  ** THIS RESERVATION HAS BEEN PRE-PAID ** BOOKING NOTE : Payment charge is GBP 3.1576  Genius Booker ",,,,,"2026-08-11",,,,
Modern Studios Close To Hyde Park,2026-05-03T23:00:55,335-136-394,WSR-206-023,6833241109,,Alejandro,Fredotovich,"2026-09-20","2026-09-26",6,Family-Studio-Ensuite-Quad LG,Base Rate,Flat 16 (quad) 1st-Split level,,3,0,GBP,634.95,636.95,634.95,0.00,Online,Booking.com,Booking.com,On Account,Confirmed,,afredo.327038@guest.booking.com,+54 9 11 5528 1943,,"Non-Smoking  Promos: Mobile(App) Rate  There is no meal option with this room. Children and Extra Bed Policy: Children of any age are allowed. You haven't added any cots. You haven't added any extra beds. The maximum number of guests is 4.  Deposit Policy: The guest will be charged a prepayment of the total price of the reservation at any time.  Cancellation Policy: The guest can cancel free of charge until 7 days before arrival. The guest will be charged the total price of the reservation if they cancel in the 7 days before arrival.  payment_on_Booking.com (Payout type: BankTransfer)  ** THIS RESERVATION HAS BEEN PRE-PAID ** BOOKING NOTE : Payment charge is GBP 10.1912  Genius Booker ",,,,,"2026-05-03",,,,
Crofton House Hotel,2026-09-14T21:35:17,335-182-392,VEO-816-435,6998184037,,Lexie,Thorpe,"2026-09-20","2026-09-21",1,Comfort-Single room-Ensuite,Non Refundable,Cottage Single Room 3,,1,0,GBP,41.33,41.33,41.33,0.00,Online,Booking.com,Booking.com,On Account,Confirmed,,lthorp.494634@guest.booking.com,+44 7792 957291,,"Genius Rate  Non-Smoking  Promos: Domestic  There is no meal option with this room. Children and Extra Bed Policy: Children of any age are allowed. You haven't added any cots. You haven't added any extra beds. The maximum number of guests is 1.  Deposit Policy: The guest will be charged a prepayment of the total price of the reservation at any time.  Cancellation Policy: The guest will be charged the total price of the reservation if they cancel at any time.  payment_on_Booking.com (Payout type: BankTransfer)  ** THIS RESERVATION HAS BEEN PRE-PAID ** BOOKING NOTE : Payment charge is GBP 0.66128  Genius Booker ",,,,,"2026-09-14",,,,
Crofton House Hotel,2026-09-11T11:38:57,365-080-091,UBM-525-416,6320031815,,Sean,Buckingham,"2026-09-20","2026-09-21",1,Suite-Deluxe-Ensuite-Sea view,Non Refundable,Torbay Suite (Bath),,2,0,GBP,75.10,75.10,75.10,0.00,Online,Booking.com,Booking.com,On Account,Confirmed,,sbucki.999416@guest.booking.com,+44 7803 408645,,"Genius Rate  Non-Smoking  Promos: Domestic  There is no meal option with this room. Children and Extra Bed Policy: Children of any age are allowed. You haven't added any cots. You haven't added any extra beds. The maximum number of guests is 2.  Deposit Policy: The guest will be charged a prepayment of the total price of the reservation at any time.  Cancellation Policy: The guest will be charged the total price of the reservation if they cancel at any time.  payment_on_Booking.com (Payout type: BankTransfer)  ** THIS RESERVATION HAS BEEN PRE-PAID ** BOOKING NOTE : Payment charge is GBP 1.2016  Genius Booker ",,,,,"2026-09-11",,,,
London Gatwick Inn,2026-09-03T23:02:48,365-864-004,ECV-977-090,2550398058,,SHEILA CRISTINA,CESARINO CORREIA,"2026-09-20","2026-09-21",1,Twin,Base Rate,301,,2,0,GBP,44.56,44.56,44.56,0.00,Online,Expedia,Expedia & Affiliate Network,On Account,Confirmed,,7dlhib0be9@m.expediapartnercentral.com,1111111111111,,"2 Twin Beds Expedia collects payment from traveler: Hotel invoices Expedia. ",,,,,"2026-09-03",,,,
Amsterdam Hotel,2026-06-02T10:24:48,366-086-851,ECP-223-189,5752443608,,Hamza,Bechiki El Haya,"2026-09-20","2026-09-23",3,Deluxe-Triple room-Ensuite/Amsterdam,Base Rate,Room 21 4TH Floor Refurbished,,2,0,GBP,234.78,234.78,234.78,0.00,Online,Booking.com,Booking.com,On Account,Confirmed,,hhaya.890876@guest.booking.com,+34 34623743233,,"Genius Rate  Non-Smoking  Promos: International  There is no meal option with this room. Children and Extra Bed Policy: Children of any age are allowed. You haven't added any cots. You haven't added any extra beds. The maximum number of guests is 2.  Deposit Policy: The guest will be charged a prepayment of the total price of the reservation at any time.  Cancellation Policy: The guest will be charged the total price of the reservation if they cancel at any time.  payment_on_Booking.com (Payout type: BankTransfer)  ** THIS RESERVATION HAS BEEN PRE-PAID ** Reservation has a cancellation grace period. Do not charge if cancelled before 2026-06-03 11:23:28 BOOKING NOTE : Payment charge is GBP 3.75648  Genius Booker ",,,,,"2026-06-02",,,,
Wembar Hotel,2026-03-09T07:04:40,382-490-621,VJK-232-552,5684650603,,Emily,Welsh,"2026-09-20","2026-09-30",10,Single room-Standard-Ensuite with Shower,,Room 16,,1,0,GBP,0.00,0.00,0.00,0.00,Online,Booking.com,Booking.com,On Account,Canceled,,ewelsh.624640@guest.booking.com,+61 435 264 378,,"Non-Smoking  Promos: Mobile(App) Rate  There is no meal option with this room. Children and Extra Bed Policy: Children ages 1 and older are allowed. You haven't added any cots. You haven't added any extra beds. The maximum number of guests is 1.  Deposit Policy: The guest will be charged a prepayment of the total price of the reservation at any time.  Cancellation Policy: The guest can cancel free of charge until 3 days before arrival. The guest will be charged the total price of the reservation if they cancel in the 3 days before arrival.  payment_on_Booking.com (Payout type: BankTransfer)  ** THIS RESERVATION HAS BEEN PRE-PAID ** BOOKING NOTE : Payment charge is GBP 10.5128  Genius Booker ",,,,,"2026-03-09",,,,
Holland Rd Studios Close to Olympia London,2026-08-21T14:14:28,391-548-282,TQD-438-699,2539946938,,Malin,Karanzas,"2026-09-20","2026-09-24",4,Quad-Deluxe-Studio-Ensuite with Bath HR,Non refundable rate,Flat 6 Ground,,3,0,GBP,488.58,488.58,453.58,35.00,Online,Expedia,Expedia & Affiliate Network,On Account,Confirmed,,karanzas@hotmail.com,111111111111,,"Expedia collects payment from traveler: Hotel invoices Expedia. ",,,,,"2026-08-21",,,,
Savoy Hotel,2026-07-25T05:04:01,393-155-412,EUX-583-760,5682044319,,Ann,Mcfarlane,"2026-09-20","2026-09-21",1,Double room-Standard-Ensuite-Brichfield,Non Refundable,Room 303 brichfield,,2,0,GBP,148.00,48.00,48.00,100.00,Online,Booking.com,Booking.com,On Account,Confirmed,,amcfar.187430@guest.booking.com,+44 7874 845828,,"Non-Smoking  There is no meal option with this room. Children and Extra Bed Policy: Children of any age are allowed. You haven't added any cots. You haven't added any extra beds. The maximum number of guests is 2.  Deposit Policy: The guest will be charged a prepayment of the total price of the reservation at any time.  Cancellation Policy: The guest will be charged the total price of the reservation if they cancel at any time.  payment_on_Booking.com (Payout type: BankTransfer)  ** THIS RESERVATION HAS BEEN PRE-PAID ** BOOKING NOTE : Payment charge is GBP 0.768  Genius Booker ",,,,,"2026-07-25",,,,
Number 19 Brighton,2026-07-06T15:36:56,396-006-921,MHM-869-319,5530714802,,Sophia,Greenblat,"2026-09-20","2026-09-22",2,Standard-Double room-Ensuite,Non Refundable,Room 11,,1,0,GBP,211.60,211.60,211.60,0.00,Online,Booking.com,Booking.com,On Account,Confirmed,,sgreen.896099@guest.booking.com,+44 7376 055760,,"Non-Smoking  There is no meal option with this room. Children and Extra Bed Policy: Children of any age are allowed. You haven't added any cots. You haven't added any extra beds. The maximum number of guests is 2.  Deposit Policy: The guest will be charged a prepayment of the total price of the reservation at any time.  Cancellation Policy: The guest can cancel free of charge until 7 days before arrival. The guest will be charged the total price of the reservation if they cancel in the 7 days before arrival. If the guest doesn’t show up, they will be charged the total price of the reservation.  payment_on_Booking.com (Payout type: BankTransfer)  ** THIS RESERVATION HAS BEEN PRE-PAID ** BOOKING NOTE : Payment charge is GBP 3.3856  The Food Foundation ",,,,,"2026-07-06",,,,
Savoy Hotel,2026-09-12T02:44:13,396-206-682,CSB-631-582,2556897730,,Ahmad,Albanaa,"2026-09-20","2026-09-21",1,Comfort-Single room-Ensuite-Savoy,Non refundable,Room 28,,1,0,GBP,143.20,43.20,43.20,100.00,Online,Expedia,Expedia & Affiliate Network,On Account,Confirmed,,albanaaahmad58@gmail.com,111111111111,,"+44 7361 031366 Expedia collects payment from traveler: Hotel invoices Expedia. ",,,,,"2026-09-12",,,,
Avalon Guest house,2026-09-09T16:16:09,402-568-992,PFH-717-182,1418fb94e984-94eb0eb4cea282817b9ef6cf7fc2068b@airbnb.com,,Calogero,iCal,"2026-09-20","2026-09-24",4,Modern Standard Double room ensuite,Base Rate,No. 13 - Room 8,,1,0,GBP,126.16,126.16,126.16,0.00,iCal,ical1,,Deposit (Variable),Confirmed,,,+393711829775,,"Reservation URL: https://www.airbnb.com/hosting/reservations/details/HMP38DBM3Z Calogero Sep 20 – 24 · 4 nights Room 8 ocean · Compact double ensuite room near the seafront",,,,,"2026-09-09",,,,
Modern Studios Close To Hyde Park,2026-07-18T15:09:42,404-513-461,VCY-795-415,2512673951,,Moustafa,Ali,"2026-09-20","2026-09-25",5,Standard-Studio-Ensuite-Basement level LG,,Flat 4 BF,,2,0,GBP,0.00,0.00,0.00,0.00,Online,Expedia,Expedia & Affiliate Network,Pay On Arrival,Canceled,,m7f0y60wfx@m.expediapartnercentral.com,111111111111,,"Hotel collects payment from the traveler ",,,,,"2026-07-18",,,,
London Gatwick Inn,2026-06-22T19:11:08,405-565-242,GIF-885-042,6905216369,,Martina,Last,"2026-09-20","2026-09-21",1,Twin,,301,,2,0,GBP,0.00,0.00,0.00,0.00,Online,Booking.com,Booking.com,On Account,Canceled,,mlast.922771@guest.booking.com,+49 491 735209056,,"Genius Rate  Non-Smoking  Promos: Mobile(App) Rate  There is no meal option with this room. Children and Extra Bed Policy: Children ages 6 and older are allowed. You haven't added any cots. You haven't added any extra beds. The maximum number of guests is 2.  Deposit Policy: The guest will be charged a prepayment of the total price of the reservation at any time.  Cancellation Policy: The guest can cancel free of charge until 7 days before arrival. The guest will be charged the total price of the reservation if they cancel in the 7 days before arrival.  payment_on_Booking.com (Payout type: BankTransfer)  ** THIS RESERVATION HAS BEEN PRE-PAID ** BOOKING NOTE : Payment charge is GBP 0.86832  Genius Booker ",,,,,"2026-06-22",,,,
Savoy Hotel,2026-06-16T21:13:07,410-852-342,OIA-040-601,5309561598,,Dean,Innes,"2026-09-20","2026-09-21",1,Standard-Double room-Shared Bathroom,Non refundable,Room 26,,2,0,GBP,138.25,38.25,38.25,100.00,Online,Booking.com,Booking.com,On Account,Confirmed,,dinnes.903395@guest.booking.com,+44 7938 157016,,"Non-Smoking  Promos: Mobile(App) Rate  There is no meal option with this room. Children and Extra Bed Policy: Children of any age are allowed. You haven't added any cots. You haven't added any extra beds. The maximum number of guests is 2.  Deposit Policy: The guest will be charged a prepayment of the total price of the reservation at any time.  Cancellation Policy: The guest will be charged the total price of the reservation if they cancel at any time.  payment_on_Booking.com (Payout type: BankTransfer)  ** THIS RESERVATION HAS BEEN PRE-PAID ** BOOKING NOTE : Payment charge is GBP 0.612  Genius Booker ",,,,,"2026-06-16",,,,
Savoy Hotel,2026-08-29T19:03:29,414-088-002,KMA-504-247,5580009857,,Glenys,King,"2026-09-20","2026-09-21",1,Double room-Ensuite-savoy,Base Rate,Room 08,,2,0,GBP,158.00,58.00,58.00,100.00,Online,Booking.com,Booking.com,On Account,Confirmed,,Glenysking50@hotmail.com,+447425771925,,"Non-Smoking  There is no meal option with this room. Children and Extra Bed Policy: Children of any age are allowed. You haven't added any cots. You haven't added any extra beds. The maximum number of guests is 2.  Deposit Policy: The guest will be charged a prepayment of the total price of the reservation at any time.  Cancellation Policy: The guest will be charged the total price of the reservation if they cancel at any time.  payment_on_Booking.com (Payout type: BankTransfer)  ** THIS RESERVATION HAS BEEN PRE-PAID ** BOOKING NOTE : Payment charge is GBP 0.928 Approximate time of arrival: between 15:00 and 16:00  Genius Booker ",,,,,"2026-08-29",,,,
The Carlton Hotel,2026-09-16T21:02:55,443-423-062,QGK-601-384,6877198808,,David,Slater,"2026-09-20","2026-09-24",4,Superior Double room Ensuite,Non Refundable,Room 119,,1,0,GBP,223.56,223.56,223.56,0.00,Online,Booking.com,Booking.com,On Account,Confirmed,,dslate.796623@guest.booking.com,+44 7764 203960,,"Non-Smoking  Promos: Mobile(App) Rate  There is no meal option with this room. Children and Extra Bed Policy: Children of any age are allowed. You haven't added any cots. You haven't added any extra beds. The maximum number of guests is 2.  Deposit Policy: The guest will be charged a prepayment of the total price of the reservation at any time.  Cancellation Policy: The guest will be charged the total price of the reservation if they cancel at any time.  payment_on_Booking.com (Payout type: BankTransfer)  ** THIS RESERVATION HAS BEEN PRE-PAID ** BOOKING NOTE : Payment charge is GBP 3.57696  Genius Booker ",,,,,"2026-09-16",,,,
Sachi Hotel,2026-06-20T12:20:59,448-310-561,GMO-610-903,2489341333,,Hoi Yung,Chong,"2026-09-20","2026-09-21",1,Standard Triple room ,Base Rate,Room 1 GF,,2,1,GBP,58.32,58.32,58.32,0.00,Online,Expedia,Expedia & Affiliate Network,On Account,Confirmed,,bkbjdkpjq3@m.expediapartnercentral.com,111111111111,,"Expedia collects payment from traveler: Hotel invoices Expedia. ",,,,,"2026-06-20",,,,
Sachi Hotel,2026-08-17T20:43:44,450-613-581,CLL-037-786,6602787215,,Andrew,Henson,"2026-09-20","2026-09-21",1,Twin room Garden view,Non Refundable,Room 10 2nd F,,1,0,GBP,63.90,63.90,63.90,0.00,Online,Booking.com,Booking.com,On Account,Confirmed,,ahenso.167069@guest.booking.com,+44 7544 841646,,"Non-Smoking  There is no meal option with this room. Children and Extra Bed Policy: Children of any age are allowed. You haven't added any cots. You haven't added any extra beds. The maximum number of guests is 2.  Deposit Policy: The guest will be charged a prepayment of the total price of the reservation at any time.  Cancellation Policy: The guest will be charged the total price of the reservation if they cancel at any time.  payment_on_Booking.com (Payout type: BankTransfer)  ** THIS RESERVATION HAS BEEN PRE-PAID ** Reservation has a cancellation grace period. Do not charge if cancelled before 2026-08-18 21:42:26 BOOKING NOTE : Payment charge is GBP 1.0224 Approximate time of arrival: between 13:00 and 14:00  Genius Booker ",,,,,"2026-08-17",,,,
Holland Rd Studios Close to Olympia London,2026-08-04T08:58:06,451-186-524,JZB-239-488,6271832471,,Ishika,Vohra,"2026-09-20","2026-09-26",6,Triple-Studio-Ensuite HR,Non refundable rate,Flat 2 Basement ,,3,0,GBP,561.46,561.46,526.46,35.00,Online,Booking.com,Booking.com,On Account,Confirmed,,ivohra.313092@guest.booking.com,+39 389 313 0022,,"Genius Rate  Non-Smoking  Promos: International  There is no meal option with this room. Children and Extra Bed Policy: Children of any age are allowed. 1 child (up to and including 2 years old) stays for free when using available cots.  You haven't added any extra beds. The maximum number of cots is 1. The maximum number of guests is 3.  Deposit Policy: The guest will be charged a prepayment of the total price of the reservation at any time.  Cancellation Policy: The guest will be charged the total price of the reservation if they cancel at any time.  payment_on_Booking.com (Payout type: BankTransfer)  ** THIS RESERVATION HAS BEEN PRE-PAID ** BOOKING NOTE : Payment charge is GBP 8.98336  Genius Booker ",,,,,"2026-08-04",,,,
Sachi Hotel,2026-07-31T18:32:04,466-402-861,CVI-150-900,6515559755,,Mark,Benson,"2026-09-20","2026-09-21",1,Standard Double room,Non Refundable,Room 8 2nd F,,2,0,GBP,56.70,56.70,56.70,0.00,Online,Booking.com,Booking.com,On Account,Confirmed,,mbenso.264788@guest.booking.com,+867730352881,,"Non-Smoking  Promos: Mobile(App) Rate  There is no meal option with this room. Children and Extra Bed Policy: Children of any age are allowed. You haven't added any cots. You haven't added any extra beds. The maximum number of guests is 2.  Deposit Policy: The guest will be charged a prepayment of the total price of the reservation at any time.  Cancellation Policy: The guest will be charged the total price of the reservation if they cancel at any time.  payment_on_Booking.com (Payout type: BankTransfer)  ** THIS RESERVATION HAS BEEN PRE-PAID ** Reservation has a cancellation grace period. Do not charge if cancelled before 2026-08-01 19:30:48 BOOKING NOTE : Payment charge is GBP 0.9072  Genius Booker ",,,,,"2026-07-31",,,,
The Kirkdale Hotel,2026-09-13T21:35:17,481-461-484,JLL-935-208,5296925077,,Gurpreet,Singh,"2026-09-20","2026-09-21",1,Standard Double room Ensuite,Non Refundable,Room 3 - GF,,2,0,GBP,42.58,42.58,42.58,0.00,Online,Booking.com,Booking.com,On Account,Confirmed,,gsingh.840351@guest.booking.com,+44 740548758,,"Genius Rate  Non-Smoking  There is no meal option with this room. Children and Extra Bed Policy: Children of any age are allowed. You haven't added any cots. You haven't added any extra beds. The maximum number of guests is 2.  Deposit Policy: The guest will be charged a prepayment of the total price of the reservation at any time.  Cancellation Policy: The guest will be charged the total price of the reservation if they cancel at any time.  payment_on_Booking.com (Payout type: BankTransfer)  ** THIS RESERVATION HAS BEEN PRE-PAID ** Reservation has a cancellation grace period. Do not charge if cancelled before 2026-09-14 22:34:02 BOOKING NOTE : Payment charge is GBP 0.68128  Genius Booker ",,,,,"2026-09-13",,,,
Hammersmith Stayz,2026-06-26T11:01:45,500-694-634,GUY-069-054,6923340463,,Isabella,Uttley,"2026-09-20","2026-09-22",2,Standard Double Studio Ensuite/Hammersmith Stayz,,Studio 5 1st F,,2,0,GBP,0.00,0.00,0.00,0.00,Online,Booking.com,Booking.com,On Account,Canceled,,iuttle.654068@guest.booking.com,+44 7814 222782,,"Group: 4 x Adult, 0 x Child  Genius Rate  Non-Smoking  Promos: Domestic  There is no meal option with this room. Children and Extra Bed Policy: Children of any age are allowed. 1 child (up to and including 2 years old) stays for free when using available cots.  You haven't added any extra beds. The maximum number of cots is 1. The maximum number of guests is 2.  Deposit Policy: The guest will be charged a prepayment of the total price of the reservation at any time.  Cancellation Policy: The guest can cancel free of charge until 5 days before arrival. The guest will be charged the total price of the reservation if they cancel in the 5 days before arrival.  payment_on_Booking.com (Payout type: BankTransfer)  ** THIS RESERVATION HAS BEEN PRE-PAID ** BOOKING NOTE : Payment charge is GBP 5.4288  Genius Booker ",,,,,"2026-06-26",,,,
Amsterdam Hotel,2026-08-02T22:16:15,502-910-334,RWO-454-084,6054081302,,Una,Gill,"2026-09-20","2026-09-22",2,Deluxe-Triple room-Ensuite/Amsterdam,Flexible 48 hours,Room 2 GF,,2,1,GBP,182.86,182.86,182.86,0.00,Online,Booking.com,Booking.com,On Account,Confirmed,,ugill.317201@guest.booking.com,+44 7930 346221,,"Child Ages: 9  Genius Rate  Non-Smoking  There is no meal option with this room. Children and Extra Bed Policy: Children of any age are allowed. You haven't added any cots. You haven't added any extra beds. The maximum number of guests is 3.  Deposit Policy: The guest will be charged a prepayment of the total price of the reservation at any time.  Cancellation Policy: The guest can cancel free of charge until 2 days before arrival. The guest will be charged the total price of the reservation if they cancel in the 2 days before arrival.  payment_on_Booking.com (Payout type: BankTransfer)  ** THIS RESERVATION HAS BEEN PRE-PAID ** BOOKING NOTE : Payment charge is GBP 2.92576  Genius Booker ",,,,,"2026-08-02",,,,
The Carlton Hotel,2026-09-17T12:55:34,510-383-251,ZEI-357-426,6934432143,,Dean,Thorpe,"2026-09-20","2026-09-21",1,Standard Single room Ensuite,Non Refundable,Room 226,,1,0,GBP,35.64,See 319-081-911,35.64,0.00,Online,Booking.com,Booking.com,On Account,Confirmed,,dthorp.837734@guest.booking.com,+44 7741 843412,,"Group: 3 x Adult, 0 x Child  Non-Smoking  Promos: Domestic  There is no meal option with this room. Children and Extra Bed Policy: Children of any age are allowed. You haven't added any cots. You haven't added any extra beds. The maximum number of guests is 1.  Deposit Policy: The guest will be charged a prepayment of the total price of the reservation at any time.  Cancellation Policy: The guest will be charged the total price of the reservation if they cancel at any time.  payment_on_Booking.com (Payout type: BankTransfer)  ** THIS RESERVATION HAS BEEN PRE-PAID ** I am travelling for business and I may be using a business credit card. This guest has requested a receipt for their stay. BOOKING NOTE : Payment charge is GBP 1.71072  Genius Booker ",,,,,"2026-09-17",,,,
Fab Guest House,2026-09-12T16:20:25,510-415-004,UDS-531-121,1418fb94e984-345d64e7e326c471ca51dd274e3e734b@airbnb.com,,Reserved,iCal,"2026-09-20","2026-09-22",2,Standard Double room Ensuite,Base Rate,Room 8,,1,0,GBP,0.00,0.00,0.00,0.00,iCal,ical1,,Deposit (Variable),Confirmed,,,,,Reservation URL: https://www.airbnb.com/hosting/reservations/details/HMJDBAEYHR,,,,,"2026-09-12",,,,
Sachi Hotel,2026-09-02T16:56:39,513-858-134,DOH-888-281,5451660397,,Orlaith,Roe,"2026-09-20","2026-09-21",1,Standard Triple room ,Base Rate,Room 14 3rd F,,1,0,GBP,98.00,See 291-630-654,98.00,0.00,Online,Booking.com,Booking.com,On Account,Confirmed,,arizk.707222@guest.booking.com,+44 7473 562728,,"Group: 3 x Adult, 0 x Child  Non-Smoking  There is no meal option with this room. Children and Extra Bed Policy: Children of any age are allowed. You haven't added any cots. You haven't added any extra beds. The maximum number of guests is 3.  Deposit Policy: The guest will be charged a prepayment of the total price of the reservation at any time.  Cancellation Policy: The guest can cancel free of charge until 5 days before arrival. The guest will be charged the total price of the reservation if they cancel in the 5 days before arrival.  payment_on_Booking.com (Payout type: BankTransfer)  ** THIS RESERVATION HAS BEEN PRE-PAID ** BOOKING NOTE : Payment charge is GBP 2.992  Genius Booker ",,,,,"2026-09-02",,,,
Cambria Hotel,2026-09-15T20:42:00,522-103-222,IJD-037-753,6387952487,,Shar,Evans,"2026-09-20","2026-09-22",2,Standard-Single room-Ensuite,Base Rate,Room 8,,1,0,GBP,66.00,66.00,66.00,0.00,Online,Booking.com,Booking.com,On Account,Confirmed,,sevans.610511@guest.booking.com,+44 7523 165584,,"Non-Smoking  There is no meal option with this room. Children and Extra Bed Policy: Children of any age are allowed. You haven't added any cots. You haven't added any extra beds. The maximum number of guests is 1.  Deposit Policy: The guest will be charged a prepayment of the total price of the reservation at any time.  Cancellation Policy: The guest can cancel free of charge until 7 days before arrival. The guest will be charged the total price of the reservation if they cancel in the 7 days before arrival.  payment_on_Booking.com (Payout type: BankTransfer)  ** THIS RESERVATION HAS BEEN PRE-PAID ** BOOKING NOTE : Payment charge is GBP 1.056  Genius Booker ",,,,,"2026-09-15",,,,
Holland Rd Studios Close to Olympia London,2026-01-21T09:44:19,535-851-844,ZUM-922-644,6846229903,,Amane,Morita,"2026-09-20","2026-09-26",6,Compact-Studio-Ensuite with Shower,,Flat 5 Ground,,2,0,GBP,0.00,0.00,0.00,0.00,Online,Booking.com,Booking.com,On Account,Canceled,,amorit.792684@guest.booking.com,+81 90 2445 4822,,"Genius Rate  Non-Smoking  Promos: International  There is no meal option with this room. Children and Extra Bed Policy: Children of any age are allowed. You haven't added any cots. You haven't added any extra beds. The maximum number of guests is 2.  Deposit Policy: The guest will be charged a prepayment of the total price of the reservation at any time.  Cancellation Policy: The guest can cancel free of charge until 7 days before arrival. The guest will be charged the total price of the reservation if they cancel in the 7 days before arrival.  payment_on_Booking.com (Payout type: BankTransfer)  ** THIS RESERVATION HAS BEEN PRE-PAID ** BOOKING NOTE : Payment charge is GBP 7.3488  Genius Booker ",,,,,"2026-01-21",,,,
Wembar Hotel,2026-03-28T17:47:28,536-659-191,BGP-570-959,6674821459,,Ben,Finlay-McDougall,"2026-09-20","2026-09-27",7,Single room-Standard-Ensuite with Shower/Wembar,,Room 13,,1,0,GBP,0.00,0.00,0.00,0.00,Online,Booking.com,Booking.com,On Account,Canceled,,bfinla.815931@guest.booking.com,+44 7745 558914,,"Non-Smoking  Promos: Mobile(App) Rate  There is no meal option with this room. Children and Extra Bed Policy: Children ages 1 and older are allowed. You haven't added any cots. You haven't added any extra beds. The maximum number of guests is 1.  Deposit Policy: The guest will be charged a prepayment of the total price of the reservation at any time.  Cancellation Policy: The guest can cancel free of charge until 3 days before arrival. The guest will be charged the total price of the reservation if they cancel in the 3 days before arrival.  payment_on_Booking.com (Payout type: BankTransfer)  ** THIS RESERVATION HAS BEEN PRE-PAID ** BOOKING NOTE : Payment charge is GBP 8.1192  Genius Booker ",,,,,"2026-03-28",,,,
La Casa Studios Near Hyde Park,2026-08-28T00:00:38,539-343-362,GBB-492-335,6197715608,,Beatrice,Fasone,"2026-09-20","2026-09-26",6,Standard Studio Ensuite with Shower- La Casa,,Studio 21,,2,0,GBP,0.00,0.00,0.00,0.00,Online,Booking.com,Booking.com,On Account,Canceled,,bfason.369473@guest.booking.com,+39 347 844 9508,,"Genius Rate  Non-Smoking  There is no meal option with this room. Children and Extra Bed Policy: Children of any age are allowed. You haven't added any cots. You haven't added any extra beds. The maximum number of guests is 2.  Deposit Policy: The guest will be charged a prepayment of the total price of the reservation at any time.  Cancellation Policy: The guest can cancel free of charge until 5 days before arrival. The guest will be charged the total price of the reservation if they cancel in the 5 days before arrival.  payment_on_Booking.com (Payout type: BankTransfer)  ** THIS RESERVATION HAS BEEN PRE-PAID ** BOOKING NOTE : Payment charge is GBP 11.06944  Genius Booker ",,,,,"2026-08-27",,,,
Amsterdam Hotel,2026-06-01T16:00:59,550-056-882,AZJ-279-963,5339681122,,Noelia,Garcia Gomez,"2026-09-20","2026-09-23",3,Modern-Double room-Ensuite/Amsterdam,Non Refundable Rate,Room 25 5TH Floor Refurbished,,2,0,GBP,245.06,245.06,245.06,0.00,Online,Booking.com,Booking.com,On Account,Confirmed,,ngomez.855474@guest.booking.com,+34 657 63 00 29,,"Genius Rate  Non-Smoking  Promos: International  There is no meal option with this room. Children and Extra Bed Policy: Children of any age are allowed. You haven't added any cots. You haven't added any extra beds. The maximum number of guests is 2.  Deposit Policy: The guest will be charged a prepayment of the total price of the reservation at any time.  Cancellation Policy: The guest will be charged the total price of the reservation if they cancel at any time.  payment_on_Booking.com (Payout type: BankTransfer)  ** THIS RESERVATION HAS BEEN PRE-PAID ** Reservation has a cancellation grace period. Do not charge if cancelled before 2026-06-02 16:59:38 BOOKING NOTE : Payment charge is GBP 3.92096  Genius Booker ",,,,,"2026-06-01",,,,
Hammersmith Stayz,2026-06-26T11:01:45,558-180-344,GUY-069-054,6923340463,,Isabella,Uttley,"2026-09-20","2026-09-22",2,Standard Double Studio Ensuite/Hammersmith Stayz,,Studio 3 GF,,2,0,GBP,0.00,See 500-694-634,0.00,0.00,Online,Booking.com,Booking.com,On Account,Canceled,,iuttle.654068@guest.booking.com,+44 7814 222782,,"Group: 4 x Adult, 0 x Child  Genius Rate  Non-Smoking  Promos: Domestic  There is no meal option with this room. Children and Extra Bed Policy: Children of any age are allowed. 1 child (up to and including 2 years old) stays for free when using available cots.  You haven't added any extra beds. The maximum number of cots is 1. The maximum number of guests is 2.  Deposit Policy: The guest will be charged a prepayment of the total price of the reservation at any time.  Cancellation Policy: The guest can cancel free of charge until 5 days before arrival. The guest will be charged the total price of the reservation if they cancel in the 5 days before arrival.  payment_on_Booking.com (Payout type: BankTransfer)  ** THIS RESERVATION HAS BEEN PRE-PAID ** BOOKING NOTE : Payment charge is GBP 5.4288  Genius Booker ",,,,,"2026-06-26",,,,
Portobello Road Artistic Studios,2026-08-13T18:17:08,569-942-231,AND-986-175,6030527314,,Julie,Knowles,"2026-09-20","2026-09-21",1,Double Studio 202,Base Rate,Flat 6- GF,,1,0,GBP,116.60,116.60,81.60,35.00,Online,Booking.com,Booking.com,On Account,Confirmed,,jknowl.693153@guest.booking.com,+44 7582 780116,,"Non-Smoking  Promos: Getaway Deal  There is no meal option with this room. Children and Extra Bed Policy: Children of any age are allowed. You haven't added any cots. You haven't added any extra beds. The maximum number of guests is 2.  Deposit Policy: The guest will be charged a prepayment of the total price of the reservation at any time.  Cancellation Policy: The guest can cancel free of charge until 5 days before arrival. The guest will be charged the total price of the reservation if they cancel in the 5 days before arrival.  payment_on_Booking.com (Payout type: BankTransfer)  ** THIS RESERVATION HAS BEEN PRE-PAID ** BOOKING NOTE : Payment charge is GBP 1.8656 ",,,,,"2026-08-13",,,,
London Gatwick Inn,2026-09-14T09:51:13,602-399-822,RFD-502-523,2558350540,,Anna Twinkle,jexy,"2026-09-20","2026-09-21",1,Double Room,Base Rate,204,,2,0,GBP,59.15,59.15,59.15,0.00,Online,Expedia,Expedia & Affiliate Network,On Account,Confirmed,,hqyr7ydccn@m.expediapartnercentral.com,1111111111111,,"1 Double Bed Expedia collects payment from traveler: Hotel invoices Expedia. ",,,,,"2026-09-14",,,,
The Rose and Crown Hotel,2026-09-17T13:57:11,610-805-012,AYK-175-138,,,Cameron,Doig,"2026-09-20","2026-09-22",2,Superior-King-Ensuite,Non Refundable,Room 201,,2,0,GBP,142.56,0.00,142.56,0.00,Online,Google Hotel Ads,Google Hotel Ads,Pay On Arrival,Confirmed,"5:00 PM",cameron@elasticpie.com,+447522964742,,,,,,,"2026-09-17",,,,
Modern studios Malvern Road,2026-01-31T11:27:20,656-928-692,KUX-543-270,6493042724,,barbara,rotondi,"2026-09-20","2026-09-22",2,Two Bedroom Apartment,,Flat B,,4,0,GBP,0.00,0.00,0.00,0.00,Online,Booking.com,Booking.com,On Account,Canceled,,broton.720103@guest.booking.com,+39 3774472779,,"Non-Smoking  Promos: International  There is no meal option with this room. Children and Extra Bed Policy: Children of any age are allowed. You haven't added any cots. You haven't added any extra beds. The maximum number of guests is 5.  Deposit Policy: The guest will be charged a prepayment of the total price of the reservation at any time.  Cancellation Policy: The guest can cancel free of charge until 5 days before arrival. The guest will be charged the total price of the reservation if they cancel in the 5 days before arrival.  payment_on_Booking.com (Payout type: BankTransfer)  ** THIS RESERVATION HAS BEEN PRE-PAID ** BOOKING NOTE : Payment charge is GBP 3.4448  Genius Booker ",,,,,"2026-01-31",,,,
Holland Rd Studios Close to Olympia London,2025-11-03T20:21:29,682-661-634,FBA-488-764,5409376018,,Erlie,Flynn,"2026-09-20","2026-09-22",2,Quad -Deluxe-Studio-Ensuite with Bath,,Flat 6 Ground,,4,0,GBP,0.00,0.00,0.00,0.00,Online,Booking.com,Booking.com,On Account,Canceled,,eflynn.663626@guest.booking.com,+64 274 343 721,,"Genius Rate  Non-Smoking  There is no meal option with this room. Children and Extra Bed Policy: Children of any age are allowed. You haven't added any cots. You haven't added any extra beds. The maximum number of guests is 4.  Deposit Policy: The guest will be charged a prepayment of the total price of the reservation at any time.  Cancellation Policy: The guest can cancel free of charge until 7 days before arrival. The guest will be charged the total price of the reservation if they cancel in the 7 days before arrival.  payment_on_Booking.com (Payout type: BankTransfer)  ** THIS RESERVATION HAS BEEN PRE-PAID ** BOOKING NOTE : Payment charge is GBP 3.7136 Approximate time of arrival: between 14:00 and 15:00  Genius Booker ",,,,,"2025-11-03",,,,
Sachi Hotel,2026-07-19T11:05:51,692-516-504,OVT-117-756,5981567707,,Anna,Košařová,"2026-09-20","2026-09-29",9,Standard Single room External Bathroom,Non Refundable,Room 11 2nd F,,1,0,GBP,446.31,446.31,446.31,0.00,Online,Booking.com,Booking.com,On Account,Confirmed,,akosar.345514@guest.booking.com,+420 728 767 901,,"Non-Smoking  Promos: Mobile(MDot) Rate  There is no meal option with this room. Children and Extra Bed Policy: Children of any age are allowed. You haven't added any cots. You haven't added any extra beds. The maximum number of guests is 1.  Deposit Policy: The guest will be charged a prepayment of the total price of the reservation at any time.  Cancellation Policy: The guest will be charged the total price of the reservation if they cancel at any time.  payment_on_Booking.com (Payout type: BankTransfer)  ** THIS RESERVATION HAS BEEN PRE-PAID ** Reservation has a cancellation grace period. Do not charge if cancelled before 2026-07-20 12:04:36 BOOKING NOTE : Payment charge is GBP 7.14096  Genius Booker ",,,,,"2026-07-19",,,,
The Kirkdale Hotel,2026-09-15T15:16:06,805-222-622,XML-391-442,6750077235,,DR EBERT,GONO,"2026-09-20","2026-09-25",5,Standard Double room Ensuite,Non Refundable,Room 17 - 2nd F,,2,0,GBP,251.69,251.69,251.69,0.00,Online,Booking.com,Booking.com,On Account,Confirmed,,dgono.773813@guest.booking.com,+44 7584 422113,,"Genius Rate  Non-Smoking  There is no meal option with this room. Children and Extra Bed Policy: Children of any age are allowed. You haven't added any cots. You haven't added any extra beds. The maximum number of guests is 2.  Deposit Policy: The guest will be charged a prepayment of the total price of the reservation at any time.  Cancellation Policy: The guest will be charged the total price of the reservation if they cancel at any time.  payment_on_Booking.com (Payout type: BankTransfer)  ** THIS RESERVATION HAS BEEN PRE-PAID ** Reservation has a cancellation grace period. Do not charge if cancelled before 2026-09-16 15:55:04 BOOKING NOTE : Payment charge is GBP 4.02704  Genius Booker ",,,,,"2026-09-15",,,,
Avalon Guest house,2026-07-10T17:08:28,833-146-564,TQU-431-924,5344826319,,Schefer,Natascha,"2026-09-20","2026-09-26",6,Double room-Standard Ensuite,Non Refundable,Room 2,,2,0,GBP,369.36,369.36,369.36,0.00,Online,Booking.com,Booking.com,On Account,Confirmed,,snatas.184515@guest.booking.com,+41 79 481 12 80,,"Non-Smoking  Promos: Mobile(App) Rate  There is no meal option with this room. Children and Extra Bed Policy: Children of any age are allowed. You haven't added any cots. You haven't added any extra beds. The maximum number of guests is 2.  Deposit Policy: The guest will be charged a prepayment of the total price of the reservation at any time.  Cancellation Policy: The guest will be charged the total price of the reservation if they cancel at any time.  payment_on_Booking.com (Payout type: BankTransfer)  ** THIS RESERVATION HAS BEEN PRE-PAID ** BOOKING NOTE : Payment charge is GBP 5.90976  Genius Booker ",,,,,"2026-07-10",,,,
The Carlton Hotel,2026-09-17T12:55:34,836-832-022,ZEI-357-426,6934432143,,Dean,Thorpe,"2026-09-20","2026-09-21",1,Standard Single room Ensuite,Non Refundable,Room 114,,1,0,GBP,35.64,See 319-081-911,35.64,0.00,Online,Booking.com,Booking.com,On Account,Confirmed,,dthorp.837734@guest.booking.com,+44 7741 843412,,"Group: 3 x Adult, 0 x Child  Non-Smoking  Promos: Domestic  There is no meal option with this room. Children and Extra Bed Policy: Children of any age are allowed. You haven't added any cots. You haven't added any extra beds. The maximum number of guests is 1.  Deposit Policy: The guest will be charged a prepayment of the total price of the reservation at any time.  Cancellation Policy: The guest will be charged the total price of the reservation if they cancel at any time.  payment_on_Booking.com (Payout type: BankTransfer)  ** THIS RESERVATION HAS BEEN PRE-PAID ** I am travelling for business and I may be using a business credit card. This guest has requested a receipt for their stay. BOOKING NOTE : Payment charge is GBP 1.71072  Genius Booker ",,,,,"2026-09-17",,,,
Bonair Hotel,2026-09-12T19:14:58,846-436-192,VCL-929-818,,,,Heath endacott,"2026-09-20","2026-09-21",1,Standard-Single room-Ensuite,Base Rate,Room 22,,1,0,GBP,33.00,0.00,33.00,0.00,Direct,,,On Account,Confirmed,,,,,,,,,,"2026-09-12",,,,
Avalon Guest house,2026-09-15T11:15:56,861-890-301,AES-704-238,1418fb94e984-3772fce2df7d0d9b45fd8c0bb58b7403@airbnb.com,,Reserved,iCal,"2026-09-20","2026-09-21",1,Modern Standard Double room ensuite,Base Rate,No. 13 - Room 5,,1,0,GBP,0.00,0.00,0.00,0.00,iCal,ical1,,Deposit (Variable),Confirmed,,,,,Reservation URL: https://www.airbnb.com/hosting/reservations/details/HMXCXAM585,,,,,"2026-09-15",,,,
Holland Rd Studios Close to Olympia London,2026-08-30T17:18:10,896-069-822,NDP-351-839,5573125178,,Thorsten,Schaefer,"2026-09-20","2026-09-25",5,Compact-Studio-Ensuite with Shower HR,,Flat 5 Ground,,1,0,GBP,0.00,0.00,0.00,0.00,Online,Booking.com,Booking.com,On Account,Canceled,,tschaf.276555@guest.booking.com,+49 491 7668292816,,"Genius Rate  Non-Smoking  There is no meal option with this room. Children and Extra Bed Policy: Children of any age are allowed. 1 child (up to and including 2 years old) stays for free when using available cots.  You haven't added any extra beds. The maximum number of cots is 1. The maximum number of guests is 2.  Deposit Policy: The guest will be charged a prepayment of the total price of the reservation at any time.  Cancellation Policy: The guest can cancel free of charge until 7 days before arrival. The guest will be charged the total price of the reservation if they cancel in the 7 days before arrival.  payment_on_Booking.com (Payout type: BankTransfer)  ** THIS RESERVATION HAS BEEN PRE-PAID ** BOOKING NOTE : Payment charge is GBP 8.4656 ",,,,,"2026-08-30",,,,
Fab Guest House,2026-09-14T07:21:55,898-214-914,CFG-560-066,1418fb94e984-fe2435248c64936bbfcf684f2b938529@airbnb.com,,Reserved,iCal,"2026-09-20","2026-09-21",1,Standard Double room Ensuite,,Room 13,,1,0,GBP,0.00,0.00,0.00,0.00,iCal,ical1,,Deposit (Variable),Canceled,,,,,Reservation URL: https://www.airbnb.com/hosting/reservations/details/HMTAE94DBR,,,,,"2026-09-14",,,,
Wembar Hotel,2026-04-18T01:27:09,930-215-111,KPZ-261-833,6013700232,,Daniel,Tandoi,"2026-09-20","2026-09-24",4,Small Single Room (No Window)/Wembar,Base Rate,Room 16,,1,0,GBP,248.31,248.31,248.31,0.00,Online,Booking.com,Booking.com,On Account,Confirmed,,dtando.324744@guest.booking.com,+49 172 4394429,,"Non-Smoking  Promos: International  There is no meal option with this room. Children and Extra Bed Policy: Children ages 1 and older are allowed. You haven't added any cots. You haven't added any extra beds. The maximum number of guests is 1.  Deposit Policy: The guest will be charged a prepayment of the total price of the reservation at any time.  Cancellation Policy: The guest can cancel free of charge until 3 days before arrival. The guest will be charged the total price of the reservation if they cancel in the 3 days before arrival.  payment_on_Booking.com (Payout type: BankTransfer)  ** THIS RESERVATION HAS BEEN PRE-PAID ** BOOKING NOTE : Payment charge is GBP 3.97296 I am travelling for business and I may be using a business credit card. This guest has requested a receipt for their stay.  Genius Booker ",,,,,"2026-04-18",,,,
Amsterdam Hotel,2026-06-01T15:12:10,966-812-842,PUY-419-060,5407931317,,Tomaa,Cano Molina,"2026-09-20","2026-09-21",1,Compact-Double room-Ensuite/Amsterdam,Flexible 48 hours,Room 13 2ND Floor,,2,0,GBP,90.40,90.40,90.40,0.00,Online,Booking.com,Booking.com,On Account,Confirmed,,tmolin.305772@guest.booking.com,+34 647 65 34 16,,"payment_on_Booking.com (Payout type: BankTransfer)  Non-Smoking  ** THIS RESERVATION HAS BEEN PRE-PAID ** BOOKING NOTE : Payment charge is GBP 1.4464  Genius Booker  Genius Rate  Promos: International  There is no meal option with this room. Children and Extra Bed Policy: Children of any age are allowed. You haven't added any cots. You haven't added any extra beds. The maximum number of guests is 2.  Deposit Policy: The guest will be charged a prepayment of the total price of the reservation at any time.  Cancellation Policy: The guest can cancel free of charge until 2 days before arrival. The guest will be charged the total price of the reservation if they cancel in the 2 days before arrival.",,,,,"2026-06-01",,,,
Amsterdam Hotel,2026-07-28T09:15:49,968-803-694,NOL-565-874,5645463406,,Sabino,Sassanelli,"2026-09-20","2026-09-23",3,Quad room-Ensuite/Amsterdam,Non Refundable Rate,Room 16 3RD Floor Refurbished,,3,1,GBP,314.40,314.40,314.40,0.00,Online,Booking.com,Booking.com,On Account,Confirmed,,ssassa.742809@guest.booking.com,+39 347 196 4438,,"Child Ages: 12  Genius Rate  Non-Smoking  There is no meal option with this room. Children and Extra Bed Policy: Children of any age are allowed. You haven't added any cots. You haven't added any extra beds. The maximum number of guests is 4.  Deposit Policy: The guest will be charged a prepayment of the total price of the reservation at any time.  Cancellation Policy: The guest will be charged the total price of the reservation if they cancel at any time.  payment_on_Booking.com (Payout type: BankTransfer)  ** THIS RESERVATION HAS BEEN PRE-PAID ** Reservation has a cancellation grace period. Do not charge if cancelled before 2026-07-29 10:14:35 BOOKING NOTE : Payment charge is GBP 5.0304  Genius Booker ",,,,,"2026-07-28",,,,
Wembar Hotel,2026-02-19T15:50:34,984-099-102,UJE-723-883,5923780512,,Alessia,Lizzi,"2026-09-20","2026-09-24",4,Double room-Standard-Ensuite with Shower/Wembar,,Room 01 - GF,,2,0,GBP,296.10,296.10,296.10,0.00,Online,Booking.com,Booking.com,On Account,Confirmed,,alizzi.691794@guest.booking.com,+39 388 894 7016,,"Non-Smoking  Promos: International  There is no meal option with this room. Children and Extra Bed Policy: Children ages 1 and older are allowed. You haven't added any cots. You haven't added any extra beds. The maximum number of guests is 2.  Deposit Policy: The guest will be charged a prepayment of the total price of the reservation at any time.  Cancellation Policy: The guest can cancel free of charge until 3 days before arrival. The guest will be charged the total price of the reservation if they cancel in the 3 days before arrival.  payment_on_Booking.com (Payout type: BankTransfer)  ** THIS RESERVATION HAS BEEN PRE-PAID ** BOOKING NOTE : Payment charge is GBP 4.7376 Approximate time of arrival: between 09:00 and 10:00  Genius Booker ",,,,,"2026-02-19",,,,
London Gatwick Inn,2026-01-31T11:55:29,989-901-912,PQD-119-890,2383111153,,Mike,Dicker,"2026-09-20","2026-09-21",1,Booked as: Twin/Double,Base Rate,305,,2,0,GBP,64.80,64.80,64.80,0.00,Online,Hotels.com,Expedia & Affiliate Network,On Account,Confirmed,,fy2isf05sm@m.expediapartnercentral.com,447842133129,,,,,,,"2026-01-31",,,,
Amsterdam Hotel,2026-06-02T22:40:32,999-639-834,HRH-781-092,5809612171,,Bechiki,Perez Said,"2026-09-20","2026-09-23",3,Modern-Double room-Ensuite/Amsterdam,Non Refundable Rate,Room 3 GF refurbished,,2,0,GBP,267.84,267.84,267.84,0.00,Online,Booking.com,Booking.com,On Account,Confirmed,,bsaid.723615@guest.booking.com,+34 666 16 96 14,,"Genius Rate  Non-Smoking  Promos: International  There is no meal option with this room. Children and Extra Bed Policy: Children of any age are allowed. You haven't added any cots. You haven't added any extra beds. The maximum number of guests is 2.  Deposit Policy: The guest will be charged a prepayment of the total price of the reservation at any time.  Cancellation Policy: The guest will be charged the total price of the reservation if they cancel at any time.  payment_on_Booking.com (Payout type: BankTransfer)  ** THIS RESERVATION HAS BEEN PRE-PAID ** Reservation has a cancellation grace period. Do not charge if cancelled before 2026-06-03 23:39:13 BOOKING NOTE : Payment charge is GBP 4.28544  Genius Booker ",,,,,"2026-06-02",,,,
London Gatwick Inn,2026-03-13T13:46:44,999-695-124,FLE-967-903,5581673779,,Erica,Flores,"2026-09-20","2026-09-23",3,Double Room,,201,,2,0,GBP,0.00,0.00,0.00,0.00,Online,Booking.com,Booking.com,On Account,Canceled,,eflore.683075@guest.booking.com,+55 48 98870 5813,,"Genius Rate  Non-Smoking  Promos: Mobile(App) Rate  There is no meal option with this room. Children and Extra Bed Policy: Children ages 6 and older are allowed. You haven't added any cots. You haven't added any extra beds. The maximum number of guests is 2.  Deposit Policy: The guest will be charged a prepayment of the total price of the reservation at any time.  Cancellation Policy: The guest can cancel free of charge until 7 days before arrival. The guest will be charged the total price of the reservation if they cancel in the 7 days before arrival.  payment_on_Booking.com (Payout type: BankTransfer)  ** THIS RESERVATION HAS BEEN PRE-PAID ** BOOKING NOTE : Payment charge is GBP 3.16224  Genius Booker ",,,,,"2026-03-13",,,,
The Beresford Hotel,2026-03-25T18:55:04,023-596-894,OMY-377-121,6045423353,,Vicki,Ball,"2026-09-21","2026-09-24",3,Standard Double room Ensuite,,109,,2,0,GBP,0.00,0.00,0.00,0.00,Online,Booking.com,Booking.com,On Account,Canceled,,vball.586248@guest.booking.com,+44 7563 064295,,"Genius Rate  Non-Smoking  Promos: Mobile(App) Rate  There is no meal option with this room. Children and Extra Bed Policy: Children of any age are allowed. You haven't added any cots. You haven't added any extra beds. The maximum number of guests is 2.  Deposit Policy: The guest will be charged a prepayment of the total price of the reservation at any time.  Cancellation Policy: The guest can cancel free of charge until 5 days before arrival. The guest will be charged the total price of the reservation if they cancel in the 5 days before arrival.  payment_on_Booking.com (Payout type: BankTransfer)  ** THIS RESERVATION HAS BEEN PRE-PAID ** BOOKING NOTE : Payment charge is GBP 4.4712  Genius Booker ",,,,,"2026-03-25",,,,
Sachi Hotel,2026-09-07T22:29:39,051-135-191,BMH-718-073,5974732387,,Abdelrahman,Rizk,"2026-09-21","2026-09-22",1,Twin room Garden view,Non Refundable,Room 10 2nd F,,2,0,GBP,78.57,78.57,78.57,0.00,Online,Booking.com,Booking.com,On Account,Confirmed,,arizk.896203@guest.booking.com,+44 7473 562728,,"Genius Rate  Non-Smoking  Promos: Mobile(App) Rate  There is no meal option with this room. Children and Extra Bed Policy: Children of any age are allowed. You haven't added any cots. You haven't added any extra beds. The maximum number of guests is 2.  Deposit Policy: The guest will be charged a prepayment of the total price of the reservation at any time.  Cancellation Policy: The guest will be charged the total price of the reservation if they cancel at any time.  payment_on_Booking.com (Payout type: BankTransfer)  ** THIS RESERVATION HAS BEEN PRE-PAID ** Reservation has a cancellation grace period. Do not charge if cancelled before 2026-09-08 23:28:26 BOOKING NOTE : Payment charge is GBP 1.25712  Genius Booker ",,,,,"2026-09-07",,,,
Cozy Flats Near Olympia and Westfield,2026-09-04T08:30:22,055-110-102,ISX-089-462,5874189537,,Andrew,Roberton,"2026-09-21","2026-09-24",3,Double Studio Ensuite-Cozy Flats,Base Rate,Flat 14 HR,,1,0,GBP,341.00,341.00,306.00,35.00,Online,Booking.com,Booking.com,On Account,Confirmed,,arober.781258@guest.booking.com,+44 7779 557607,,"Genius Rate  Non-Smoking  There is no meal option with this room. Children and Extra Bed Policy: Children of any age are allowed. 1 child (up to and including 2 years old) stays for free when using available cots.  You haven't added any extra beds. The maximum number of cots is 1. The maximum number of guests is 2.  Deposit Policy: The guest will be charged a prepayment of the total price of the reservation at any time.  Cancellation Policy: The guest can cancel free of charge until 5 days before arrival. The guest will be charged the total price of the reservation if they cancel in the 5 days before arrival. If the guest doesn’t show up, they will be charged the total price of the reservation.  payment_on_Booking.com (Payout type: BankTransfer)  ** THIS RESERVATION HAS BEEN PRE-PAID ** BOOKING NOTE : Payment charge is GBP 5.456  Genius Booker ",,,,,"2026-09-04",,,,
Torpark hotel,2026-09-16T20:49:06,059-113-694,OBU-488-475,6747440902,,Pearson,Lesley,"2026-09-21","2026-09-22",1,Standard-Double room Ensuite,Non Refundable,Room 16 1st Floor,,2,0,GBP,44.10,44.10,44.10,0.00,Online,Booking.com,Booking.com,On Account,Confirmed,,plesle.538233@guest.booking.com,+44 7790 060293,,"Non-Smoking  Promos: Mobile(App) Rate  There is no meal option with this room. Children and Extra Bed Policy: Children of any age are allowed. You haven't added any cots. You haven't added any extra beds. The maximum number of guests is 2.  Deposit Policy:   Cancellation Policy:  payment_on_Booking.com (Payout type: BankTransfer)  ** THIS RESERVATION HAS BEEN PRE-PAID ** BOOKING NOTE : Payment charge is GBP 0.7056  Genius Booker ",,,,,"2026-09-16",,,,
Amsterdam Hotel,2026-09-15T14:44:52,061-881-924,LVS-024-543,2559390616,,klas,Collbo,"2026-09-21","2026-09-25",4,Quad room-Ensuite/Amsterdam,Non Refundable Rate,Room 17 3RD Floor ,,1,0,GBP,516.66,516.66,516.66,0.00,Online,Expedia,Expedia & Affiliate Network,On Account,Confirmed,,klas@groto.se,11111111111,,"Expedia collects payment from traveler: Hotel invoices Expedia. ",,,,,"2026-09-15",,,,
The Beresford Hotel,2026-06-16T22:16:51,065-055-922,KZW-277-750,5627235059,,Julie,Warner,"2026-09-21","2026-09-22",1,Twin room-Standard-Ensuite-Sea view,,206,,2,0,GBP,0.00,0.00,0.00,0.00,Online,Booking.com,Booking.com,On Account,Canceled,,jwarne.716506@guest.booking.com,+44 7736 320586,,"Non-Smoking  There is no meal option with this room. Children and Extra Bed Policy: Children of any age are allowed. You haven't added any cots. You haven't added any extra beds. The maximum number of guests is 2.  Deposit Policy: The guest will be charged a prepayment of the total price of the reservation at any time.  Cancellation Policy: The guest can cancel free of charge until 5 days before arrival. The guest will be charged the total price of the reservation if they cancel in the 5 days before arrival.  payment_on_Booking.com (Payout type: BankTransfer)  ** THIS RESERVATION HAS BEEN PRE-PAID ** BOOKING NOTE : Payment charge is GBP 1.264  Genius Booker ",,,,,"2026-06-16",,,,
Amsterdam Hotel,2026-09-13T23:04:44,082-201-802,PTB-149-357,6766075588,,Leendert,Muilwijk,"2026-09-21","2026-09-23",2,Compact-Double room-Ensuite/Amsterdam,Non Refundable rate,Room 7 1ST Floor Refurbished,,2,0,GBP,176.46,176.46,176.46,0.00,Online,Booking.com,Booking.com,On Account,Confirmed,,lmuilw.226928@guest.booking.com,+31 6 17232423,,"Genius Rate  Non-Smoking  There is no meal option with this room. Children and Extra Bed Policy: Children of any age are allowed. You haven't added any cots. You haven't added any extra beds. The maximum number of guests is 2.  Deposit Policy: The guest will be charged a prepayment of the total price of the reservation at any time.  Cancellation Policy: The guest will be charged the total price of the reservation if they cancel at any time.  payment_on_Booking.com (Payout type: BankTransfer)  ** THIS RESERVATION HAS BEEN PRE-PAID ** Reservation has a cancellation grace period. Do not charge if cancelled before 2026-09-15 00:03:26 BOOKING NOTE : Payment charge is GBP 2.82336  Genius Booker ",,,,,"2026-09-13",,,,
Amsterdam Hotel,2026-09-12T14:59:20,082-960-091,LQW-848-111,2557157869,,Stephen,Dann,"2026-09-21","2026-09-22",1,Compact-Double room-Ensuite/Amsterdam,Non Refundable rate,Room 26 Basement,,1,0,GBP,80.02,80.02,80.02,0.00,Online,Expedia,Expedia & Affiliate Network,On Account,Confirmed,,stephen@srdann.com,111111111111,,"Expedia collects payment from traveler: Hotel invoices Expedia. ",,,,,"2026-09-12",,,,
Portobello Road Artistic Studios,2026-09-17T10:19:30,085-390-384,YKW-857-690,5005256069,,Kieran,Stevens,"2026-09-21","2026-09-25",4,Double Studio 202,Non Refundable,Flat 15 - 3rd F,,1,0,GBP,387.75,387.75,352.75,35.00,Online,Booking.com,Booking.com,On Account,Confirmed,,rsavat.588493@guest.booking.com,+447710510557,,"07710 510557 Non-Smoking  Promos: Getaway Deal  There is no meal option with this room. Children and Extra Bed Policy: Children of any age are allowed. You haven't added any cots. You haven't added any extra beds. The maximum number of guests is 2.  Deposit Policy: The guest will be charged a prepayment of the total price of the reservation at any time.  Cancellation Policy: The guest will be charged the total price of the reservation if they cancel at any time.  payment_on_Booking.com (Payout type: BankTransfer)  ** THIS RESERVATION HAS BEEN PRE-PAID ** BOOKING NOTE : Payment charge is GBP 6.204 Guest Kieran Stevens - 07710 510557  Genius Booker ",,,,,"2026-09-17",,,,
Amsterdam Hotel,2026-01-27T07:19:49,085-433-354,UYB-605-603,5496156510,,Watanabe,Yuichi,"2026-09-21","2026-09-26",5,Modern-Double room-Ensuite,,Room 25 5TH Floor Refurbished,,2,0,GBP,0.00,0.00,0.00,0.00,Online,Booking.com,Booking.com,On Account,Canceled,,ywatan.223823@guest.booking.com,+81 90 6477 1625,,"Genius Rate  Non-Smoking  Promos: International  There is no meal option with this room. Children and Extra Bed Policy: Children of any age are allowed. You haven't added any cots. You haven't added any extra beds. The maximum number of guests is 2.  Deposit Policy: The guest will be charged a prepayment of the total price of the reservation at any time.  Cancellation Policy: The guest can cancel free of charge until 2 days before arrival. The guest will be charged the total price of the reservation if they cancel in the 2 days before arrival.  payment_on_Booking.com (Payout type: BankTransfer)  ** THIS RESERVATION HAS BEEN PRE-PAID ** Approximate time of arrival: between 21:00 and 22:00 BOOKING NOTE : Payment charge is GBP 6.38928  Genius Booker ",,,,,"2026-01-27",,,,
Wembar Hotel,2026-08-20T01:06:23,085-512-814,VEU-129-046,5770944988,,Rawan,mohammed,"2026-09-21","2026-09-27",6,Double room-Standard-Ensuite with Shower/Wembar,,Room 09 - 2nd F,,2,0,GBP,0.00,0.00,0.00,0.00,Online,Booking.com,Booking.com,On Account,Canceled,,rmoham.888416@guest.booking.com,+966 50 642 3559,,"Non-Smoking  Promos: Mobile(App) Rate  There is no meal option with this room. Children and Extra Bed Policy: Children ages 1 and older are allowed. You haven't added any cots. You haven't added any extra beds. The maximum number of guests is 2.  Deposit Policy: The guest will be charged a prepayment of the total price of the reservation at any time.  Cancellation Policy: The guest can cancel free of charge until 3 days before arrival. The guest will be charged the total price of the reservation if they cancel in the 3 days before arrival.  payment_on_Booking.com (Payout type: BankTransfer)  ** THIS RESERVATION HAS BEEN PRE-PAID ** BOOKING NOTE : Payment charge is GBP 9.2736  Genius Booker ",,,,,"2026-08-20",,,,
Modern Studios Close To Hyde Park,2026-05-06T21:42:50,089-084-884,HQX-420-344,5293849032,,Montserrat,Martinez Ignat,"2026-09-21","2026-09-27",6,Comfort-Studio-Ensuite with Shower LG,,Flat 8 Ground-Split level,,2,0,GBP,0.00,0.00,0.00,0.00,Online,Booking.com,Booking.com,On Account,Canceled,,mignat.148497@guest.booking.com,+34 643 21 20 12,,"Non-Smoking  Promos: Mobile(App) Rate  There is no meal option with this room. Children and Extra Bed Policy: Children of any age are allowed. You haven't added any cots. You haven't added any extra beds. The maximum number of guests is 2.  Deposit Policy: The guest will be charged a prepayment of the total price of the reservation at any time.  Cancellation Policy: The guest can cancel free of charge until 7 days before arrival. The guest will be charged the total price of the reservation if they cancel in the 7 days before arrival.  payment_on_Booking.com (Payout type: BankTransfer)  ** THIS RESERVATION HAS BEEN PRE-PAID ** BOOKING NOTE : Payment charge is GBP 9.4136  Genius Booker ",,,,,"2026-05-06",,,,
Wembar Hotel,2026-08-04T17:10:24,090-063-902,UIB-958-881,5890105454,,Weronika,Kołodziej,"2026-09-21","2026-09-24",3,Twin room-Standard-Ensuite with Shower/Wembar,Non Refundable,Room 10 - 2nd F,,2,0,GBP,229.50,229.50,229.50,0.00,Online,Booking.com,Booking.com,On Account,Confirmed,,wkolod.237835@guest.booking.com,+48 666 677 369,,"Non-Smoking  Promos: Getaway Deal  There is no meal option with this room. Children and Extra Bed Policy: Children ages 1 and older are allowed. You haven't added any cots. You haven't added any extra beds. The maximum number of guests is 2.  Deposit Policy: The guest will be charged a prepayment of the total price of the reservation at any time.  Cancellation Policy: The guest will be charged the total price of the reservation if they cancel at any time.  payment_on_Booking.com (Payout type: BankTransfer)  ** THIS RESERVATION HAS BEEN PRE-PAID ** BOOKING NOTE : Payment charge is GBP 3.672  Genius Booker ",,,,,"2026-08-04",,,,
Savoy Hotel,2026-03-26T15:06:00,095-012-354,GHR-186-910,5106189080,,Daniel,Laxton,"2026-09-21","2026-09-25",4,Comfort-Single room-Ensuite,,Room 18,,1,0,GBP,0.00,0.00,0.00,0.00,Online,Booking.com,Booking.com,On Account,Canceled,,dlaxto.983806@guest.booking.com,+44 7794 428198,,"payment_on_Booking.com (Payout type: BankTransfer)  Non-Smoking  ** THIS RESERVATION HAS BEEN PRE-PAID ** BOOKING NOTE : Payment charge is GBP 3.07648  Genius Booker  Promos: Domestic  There is no meal option with this room. Children and Extra Bed Policy: Children of any age are allowed. You haven't added any cots. You haven't added any extra beds. The maximum number of guests is 1.  Deposit Policy: The guest will be charged a prepayment of the total price of the reservation at any time.  Cancellation Policy: The guest can cancel free of charge until 7 days before arrival. The guest will be charged the total price of the reservation if they cancel in the 7 days before arrival.",,,,,"2026-03-26",,,,
Hammersmith Stayz,2026-08-29T12:17:21,096-582-281,BXM-016-411,5646126074,,Michal,Olczyk,"2026-09-21","2026-09-22",1,Standard Double Studio Ensuite/Hammersmith Stayz,Non Refundable,Studio 5 1st F,,1,0,GBP,100.31,100.31,70.31,30.00,Online,Booking.com,Booking.com,On Account,Confirmed,,molczy.673757@guest.booking.com,+44 7546 816353,,"Genius Rate  Non-Smoking  There is no meal option with this room. Children and Extra Bed Policy: Children of any age are allowed. 1 child (up to and including 2 years old) stays for free when using available cots.  You haven't added any extra beds. The maximum number of cots is 1. The maximum number of guests is 2.  Deposit Policy: The guest will be charged a prepayment of the total price of the reservation at any time.  Cancellation Policy: The guest will be charged the total price of the reservation if they cancel at any time.  payment_on_Booking.com (Payout type: BankTransfer)  ** THIS RESERVATION HAS BEEN PRE-PAID ** Reservation has a cancellation grace period. Do not charge if cancelled before 2026-08-30 13:16:02 BOOKING NOTE : Payment charge is GBP 1.60496 Approximate time of arrival: between 14:00 and 15:00  Genius Booker ",,,,,"2026-08-29",,,,
Portobello Road Artistic Studios,2026-04-28T12:21:07,098-695-252,MNL-954-558,5110396420,,Anne,Elo,"2026-09-21","2026-09-26",5,Apartment-Ensuite-N7 202,,Flat 7 Triple,,2,0,GBP,0.00,0.00,0.00,0.00,Online,Booking.com,Booking.com,On Account,Canceled,,aelo.530766@guest.booking.com,+358 50 5712346,,"Non-Smoking  Promos: Mobile(App) Rate  There is no meal option with this room. Children and Extra Bed Policy: Children of any age are allowed. You haven't added any cots. You haven't added any extra beds. The maximum number of guests is 3.  Deposit Policy: The guest will be charged a prepayment of the total price of the reservation at any time.  Cancellation Policy: The guest can cancel free of charge until 5 days before arrival. The guest will be charged the total price of the reservation if they cancel in the 5 days before arrival.  payment_on_Booking.com (Payout type: BankTransfer)  ** THIS RESERVATION HAS BEEN PRE-PAID ** BOOKING NOTE : Payment charge is GBP 9.264  Genius Booker ",,,,,"2026-04-28",,,,
Amsterdam Hotel,2026-09-01T11:48:51,102-662-192,QJA-123-365,6787740351,,Andrew,Budd,"2026-09-21","2026-09-22",1,Deluxe-Triple room-Ensuite/Amsterdam,Non Refundable Rate,Room 23 5TH Floor,,2,0,GBP,85.86,85.86,85.86,0.00,Online,Booking.com,Booking.com,On Account,Confirmed,,abudd.112768@guest.booking.com,+44 7941 129795,,"Genius Rate  Non-Smoking  There is no meal option with this room. Children and Extra Bed Policy: Children of any age are allowed. You haven't added any cots. You haven't added any extra beds. The maximum number of guests is 3.  Deposit Policy: The guest will be charged a prepayment of the total price of the reservation at any time.  Cancellation Policy: The guest will be charged the total price of the reservation if they cancel at any time.  payment_on_Booking.com (Payout type: BankTransfer)  ** THIS RESERVATION HAS BEEN PRE-PAID ** Reservation has a cancellation grace period. Do not charge if cancelled before 2026-09-02 12:47:37 BOOKING NOTE : Payment charge is GBP 1.37376  Genius Booker ",,,,,"2026-09-01",,,,
Amsterdam Hotel,2026-08-18T15:01:45,113-009-482,HVT-075-044,5697129773,,Linda,Sampaoli,"2026-09-21","2026-09-24",3,Deluxe-Triple room-Ensuite/Amsterdam,Non Refundable Rate,Room 20 4TH Floor,,3,0,GBP,340.20,340.20,340.20,0.00,Online,Booking.com,Booking.com,On Account,Confirmed,,lsampa.170867@guest.booking.com,+39 331 534 3343,,"Genius Rate  Non-Smoking  There is no meal option with this room. Children and Extra Bed Policy: Children of any age are allowed. You haven't added any cots. You haven't added any extra beds. The maximum number of guests is 3.  Deposit Policy: The guest will be charged a prepayment of the total price of the reservation at any time.  Cancellation Policy: The guest will be charged the total price of the reservation if they cancel at any time.  payment_on_Booking.com (Payout type: BankTransfer)  ** THIS RESERVATION HAS BEEN PRE-PAID ** Reservation has a cancellation grace period. Do not charge if cancelled before 2026-08-19 16:00:30 BOOKING NOTE : Payment charge is GBP 5.4432 ",,,,,"2026-08-18",,,,
Bonair Hotel,2026-09-07T11:09:25,131-369-514,KEK-123-633,5974793080,,James,Nightingale,"2026-09-21","2026-09-28",7,Sea view-Single room-Ensuite,Base Rate,Room 5,,1,0,GBP,280.00,280.00,280.00,0.00,Online,Booking.com,Booking.com,On Account,Confirmed,,jnight.376316@guest.booking.com,+44 7801 952849,,"Non-Smoking  There is no meal option with this room. Children and Extra Bed Policy: Children of any age are allowed. You haven't added any cots. You haven't added any extra beds. The maximum number of guests is 1.  Deposit Policy: The guest will be charged a prepayment of the total price of the reservation at any time.  Cancellation Policy: The guest can cancel free of charge until 7 days before arrival. The guest will be charged the total price of the reservation if they cancel in the 7 days before arrival. If the guest doesn’t show up, they will be charged the total price of the reservation.  payment_on_Booking.com (Payout type: BankTransfer)  ** THIS RESERVATION HAS BEEN PRE-PAID ** BOOKING NOTE : Payment charge is GBP 4.48  Genius Booker ",,,,,"2026-09-07",,,,
Amsterdam Hotel,2026-05-20T15:33:32,133-833-942,CBP-184-657,6145493631,,Remco,Visscher,"2026-09-21","2026-09-23",2,Single room-Standard-Ensuite/Amsterdam,,Room 1 Basement refurbished,,1,0,GBP,0.00,0.00,0.00,0.00,Online,Booking.com,Booking.com,On Account,Canceled,,rvissc.262029@guest.booking.com,+31 6 42970359,,"Genius Rate  Non-Smoking  Promos: International  There is no meal option with this room. Children and Extra Bed Policy: Children of any age are allowed. You haven't added any cots. You haven't added any extra beds. The maximum number of guests is 1.  Deposit Policy: The guest will be charged a prepayment of the total price of the reservation at any time.  Cancellation Policy: The guest can cancel free of charge until 2 days before arrival. The guest will be charged the total price of the reservation if they cancel in the 2 days before arrival.  payment_on_Booking.com (Payout type: BankTransfer)  ** THIS RESERVATION HAS BEEN PRE-PAID ** BOOKING NOTE : Payment charge is GBP 2.24016  Genius Booker ",,,,,"2026-05-20",,,,
Crofton House Hotel,2026-07-03T02:06:34,154-323-604,EWG-903-708,5298248188,,Gwendolene,Holloway,"2026-09-21","2026-09-24",3,Comfort-Single room-Ensuite,,Cottage Single Room 3,,1,0,GBP,0.00,0.00,0.00,0.00,Online,Booking.com,Booking.com,On Account,Canceled,,ghollo.450706@guest.booking.com,+44 7803 268111,,"Genius Rate  Non-Smoking  Promos: Mobile(App) Rate  There is no meal option with this room. Children and Extra Bed Policy: Children of any age are allowed. You haven't added any cots. You haven't added any extra beds. The maximum number of guests is 1.  Deposit Policy: The guest will be charged a prepayment of the total price of the reservation at any time.  Cancellation Policy: The guest can cancel free of charge until 5 days before arrival. The guest will be charged the total price of the reservation if they cancel in the 5 days before arrival.  payment_on_Booking.com (Payout type: BankTransfer)  ** THIS RESERVATION HAS BEEN PRE-PAID ** BOOKING NOTE : Payment charge is GBP 2.06624  Genius Booker ",,,,,"2026-07-03",,,,
Crofton House Hotel,2026-09-12T11:38:58,158-623-942,AEV-550-509,6424568697,,Anna,Stratford,"2026-09-21","2026-09-22",1,Double room-Ensuite Crofton,Non Refundable,Room 2 Crofton,,2,0,GBP,44.60,44.60,44.60,0.00,Online,Booking.com,Booking.com,On Account,Confirmed,,astrat.737740@guest.booking.com,+44 7976 628737,,"Genius Rate  Non-Smoking  Promos: Mobile(App) Rate  There is no meal option with this room. Children and Extra Bed Policy: Children of any age are allowed. You haven't added any cots. You haven't added any extra beds. The maximum number of guests is 2.  Deposit Policy: The guest will be charged a prepayment of the total price of the reservation at any time.  Cancellation Policy: The guest will be charged the total price of the reservation if they cancel at any time.  payment_on_Booking.com (Payout type: BankTransfer)  ** THIS RESERVATION HAS BEEN PRE-PAID ** BOOKING NOTE : Payment charge is GBP 0.7136  Genius Booker ",,,,,"2026-09-12",,,,
Portobello Road Artistic Studios,2026-08-29T14:20:26,159-233-991,FQH-294-979,6525039777,,chris,mountain,"2026-09-21","2026-09-24",3,Double Studio 202,Base Rate,Flat 13 - 3rd F,,1,0,GBP,284.05,284.05,249.05,35.00,Online,Booking.com,Booking.com,On Account,Confirmed,,cmount.215008@guest.booking.com,+44 7397 639060,,"Non-Smoking  Promos: Getaway Deal  There is no meal option with this room. Children and Extra Bed Policy: Children of any age are allowed. You haven't added any cots. You haven't added any extra beds. The maximum number of guests is 2.  Deposit Policy: The guest will be charged a prepayment of the total price of the reservation at any time.  Cancellation Policy: The guest can cancel free of charge until 5 days before arrival. The guest will be charged the total price of the reservation if they cancel in the 5 days before arrival.  payment_on_Booking.com (Payout type: BankTransfer)  ** THIS RESERVATION HAS BEEN PRE-PAID ** BOOKING NOTE : Payment charge is GBP 4.5448  Genius Booker ",,,,,"2026-08-29",,,,
Savoy Hotel,2026-03-16T19:35:27,164-583-281,QCT-513-074,2416648461,,SUSAN,LAGER,"2026-09-21","2026-09-22",1,Standard-Double room-Shared Bathroom,,Room 26,,2,0,GBP,0.00,0.00,0.00,0.00,Online,Expedia Affiliate Network,Expedia & Affiliate Network,On Account,Canceled,,BoiseOpsHelpDesk@contactcfs.com,118662597766,,"1 Queen Bed ",,,,,"2026-03-16",,,,
Wembar Hotel,2026-04-01T17:14:11,164-689-394,VOS-151-993,5996065407,,Matthew,Hutchings,"2026-09-21","2026-09-22",1,Small Single Room (No Window)/Wembar,,Room 16,,1,0,GBP,0.00,0.00,0.00,0.00,Online,Booking.com,Booking.com,On Account,Canceled,,mhutch.626184@guest.booking.com,+44 7857 971379,,"Non-Smoking  Promos: Mobile(App) Rate  There is no meal option with this room. Children and Extra Bed Policy: Children ages 1 and older are allowed. You haven't added any cots. You haven't added any extra beds. The maximum number of guests is 1.  Deposit Policy: The guest will be charged a prepayment of the total price of the reservation at any time.  Cancellation Policy: The guest can cancel free of charge until 3 days before arrival. The guest will be charged the total price of the reservation if they cancel in the 3 days before arrival.  payment_on_Booking.com (Payout type: BankTransfer)  ** THIS RESERVATION HAS BEEN PRE-PAID ** BOOKING NOTE : Payment charge is GBP 0.8296  Genius Booker ",,,,,"2026-04-01",,,,
Number 19 Brighton,2026-08-18T16:01:07,191-951-254,XGH-743-514,5697143066,,Josh,Babarinde,"2026-09-21","2026-09-22",1,Standard-Double room-Ensuite,Non Refundable,Room 05,,1,0,GBP,95.05,95.05,95.05,0.00,Online,Booking.com,Booking.com,On Account,Confirmed,,jbabar.510837@guest.booking.com,+44 7596 558000,,"Non-Smoking  Promos: Domestic  There is no meal option with this room. Children and Extra Bed Policy: Children of any age are allowed. You haven't added any cots. You haven't added any extra beds. The maximum number of guests is 2.  Deposit Policy: The guest will be charged a prepayment of the total price of the reservation at any time.  Cancellation Policy: The guest can cancel free of charge until 7 days before arrival. The guest will be charged the total price of the reservation if they cancel in the 7 days before arrival. If the guest doesn’t show up, they will be charged the total price of the reservation.  payment_on_Booking.com (Payout type: BankTransfer)  ** THIS RESERVATION HAS BEEN PRE-PAID ** BOOKING NOTE : Payment charge is GBP 1.5208  Genius Booker ",,,,,"2026-08-18",,,,
Portobello Road Artistic Studios,2026-01-23T15:53:37,192-224-382,SSQ-081-581,6269777646,,Colleen,Aho,"2026-09-21","2026-10-05",14,Apartment-Ensuite-N3,,Flat 2,,2,0,GBP,0.00,0.00,0.00,0.00,Online,Booking.com,Booking.com,On Account,Canceled,,caho.680570@guest.booking.com,+1 541 890 8223,,"Non-Smoking  Promos: International  There is no meal option with this room. Children and Extra Bed Policy: Children of any age are allowed. You haven't added any cots. You haven't added any extra beds. The maximum number of guests is 2.  Deposit Policy: The guest will be charged a prepayment of the total price of the reservation at any time.  Cancellation Policy: The guest can cancel free of charge until 5 days before arrival. The guest will be charged the total price of the reservation if they cancel in the 5 days before arrival.  payment_on_Booking.com (Payout type: BankTransfer)  ** THIS RESERVATION HAS BEEN PRE-PAID ** BOOKING NOTE : Payment charge is GBP 22.656  Genius Booker ",,,,,"2026-01-23",,,,
Cambria Hotel,2026-08-30T18:00:05,196-291-252,III-213-437,5688137287,,Paul,Sullivan,"2026-09-21","2026-09-26",5,Standard-Single room-Ensuite,Base Rate,Room 25,,1,0,GBP,150.00,150.00,150.00,0.00,Online,Booking.com,Booking.com,On Account,Confirmed,,psulli.597547@guest.booking.com,+44 7952 922946,,"Non-Smoking  There is no meal option with this room. Children and Extra Bed Policy: Children of any age are allowed. You haven't added any cots. You haven't added any extra beds. The maximum number of guests is 1.  Deposit Policy: The guest will be charged a prepayment of the total price of the reservation at any time.  Cancellation Policy: The guest can cancel free of charge until 7 days before arrival. The guest will be charged the total price of the reservation if they cancel in the 7 days before arrival.  payment_on_Booking.com (Payout type: BankTransfer)  ** THIS RESERVATION HAS BEEN PRE-PAID ** BOOKING NOTE : Payment charge is GBP 2.4  Genius Booker ",,,,,"2026-08-30",,,,
Cambria Hotel,2026-09-16T11:47:15,200-901-281,JRR-742-472,5811044960,,Franka,Mawn,"2026-09-21","2026-09-22",1,Standard-Single room-Ensuite,Base Rate,Room 16,,1,0,GBP,33.00,33.00,33.00,0.00,Online,Booking.com,Booking.com,On Account,Confirmed,,fmawn.889958@guest.booking.com,+49 177 2255707,,"Non-Smoking  There is no meal option with this room. Children and Extra Bed Policy: Children of any age are allowed. You haven't added any cots. You haven't added any extra beds. The maximum number of guests is 1.  Deposit Policy: The guest will be charged a prepayment of the total price of the reservation at any time.  Cancellation Policy: The guest can cancel free of charge until 7 days before arrival. The guest will be charged the total price of the reservation if they cancel in the 7 days before arrival.  payment_on_Booking.com (Payout type: BankTransfer)  ** THIS RESERVATION HAS BEEN PRE-PAID ** BOOKING NOTE : Payment charge is GBP 0.528 ",,,,,"2026-09-16",,,,
Amsterdam Hotel,2026-08-16T21:15:38,209-991-254,YEE-356-732,6514473982,,Sorrentino,Leonardo,"2026-09-21","2026-09-26",5,Compact-Double room-Ensuite/Amsterdam,Flexible 48 hours,Room 14 3RD Floor Refurbished,,2,0,GBP,574.48,574.48,574.48,0.00,Online,Booking.com,Booking.com,On Account,Confirmed,,sleona.118565@guest.booking.com,+39 389 899 6884,,"Genius Rate  Non-Smoking  There is no meal option with this room. Children and Extra Bed Policy: Children of any age are allowed. You haven't added any cots. You haven't added any extra beds. The maximum number of guests is 2.  Deposit Policy: The guest will be charged a prepayment of the total price of the reservation at any time.  Cancellation Policy: The guest can cancel free of charge until 2 days before arrival. The guest will be charged the total price of the reservation if they cancel in the 2 days before arrival.  payment_on_Booking.com (Payout type: BankTransfer)  ** THIS RESERVATION HAS BEEN PRE-PAID ** BOOKING NOTE : Payment charge is GBP 9.19168  Genius Booker ",,,,,"2026-08-16",,,,
Crofton House Hotel,2026-09-07T23:22:03,210-684-552,DEM-819-638,2553408241,,Janet,Adetoro,"2026-09-21","2026-09-22",1,Comfort-Single room-Ensuite,Non Refundable,Cottage Single Room 3,,1,0,GBP,42.40,42.40,42.40,0.00,Online,Expedia Affiliate Network,Expedia & Affiliate Network,On Account,Confirmed,,croftonhousehot.4rjafvi8ct730rt@guest.trip.com,111111111111,,"1 Twin Bed Expedia collects payment from traveler: Hotel invoices Expedia. ",,,,,"2026-09-07",,,,
Amsterdam Hotel,2026-09-09T07:36:46,231-255-494,WJJ-774-280,6550860073,,R,L'Hoste,"2026-09-21","2026-09-22",1,Compact-Double room-Ensuite/Amsterdam,Non Refundable rate,Room 13 2ND Floor,,2,0,GBP,74.52,74.52,74.52,0.00,Online,Booking.com,Booking.com,On Account,Confirmed,,rlhost.257788@guest.booking.com,+44 7980 172731,,"Guest is requesting a room with a desk Genius Rate  Non-Smoking  There is no meal option with this room. Children and Extra Bed Policy: Children of any age are allowed. You haven't added any cots. You haven't added any extra beds. The maximum number of guests is 2.  Deposit Policy: The guest will be charged a prepayment of the total price of the reservation at any time.  Cancellation Policy: The guest will be charged the total price of the reservation if they cancel at any time.  payment_on_Booking.com (Payout type: BankTransfer)  ** THIS RESERVATION HAS BEEN PRE-PAID ** Reservation has a cancellation grace period. Do not charge if cancelled before 2026-09-10 08:35:22 I am travelling for business and I may be using a business credit card. Approximate time of arrival: between 18:00 and 19:00 If possible a quiet room with a desk as I work BOOKING NOTE : Payment charge is GBP 1.19232  Genius Booker ",,,,,"2026-09-09",,,,
London Gatwick Inn,2026-03-17T08:56:45,232-452-142,RRH-229-410,6358312832,,CHUNG,TAK TAN,"2026-09-21","2026-09-22",1,Twin,,301,,2,0,GBP,0.00,0.00,0.00,0.00,Online,Booking.com,Booking.com,On Account,Canceled,,ctan.240647@guest.booking.com,+60 2035640799,,"Genius Rate  Non-Smoking  Promos: Mobile Rate(9.99999999999999%)  There is no meal option with this room. Children and Extra Bed Policy: Children ages 6 and older are allowed. You haven't added any cots. You haven't added any extra beds. The maximum number of guests is 2.  Deposit Policy: The guest will be charged a prepayment of the total price of the reservation at any time.  Cancellation Policy: The guest can cancel free of charge until 7 days before arrival. The guest will be charged the total price of the reservation if they cancel in the 7 days before arrival.  payment_on_Booking.com (Payout type: BankTransfer)  ** THIS RESERVATION HAS BEEN PRE-PAID ** BOOKING NOTE : Payment charge is GBP 0.88128 ",,,,,"2026-03-17",,,,
Savoy Hotel,2026-08-02T06:24:25,241-529-532,PWQ-122-161,2524517344,,Richard,Colebatch,"2026-09-21","2026-09-23",2,Double room-Standard-Ensuite-Brichfield,Non Refundable,Room 306 brichfield,,2,0,GBP,196.00,96.00,96.00,100.00,Online,Expedia,Expedia & Affiliate Network,On Account,Confirmed,,richardcolebatch609@gmail.com,11111111111,,"Expedia collects payment from traveler: Hotel invoices Expedia. ",,,,,"2026-08-02",,,,
Fab Guest House,2026-09-14T18:19:59,250-819-502,TDW-204-841,701981043,,Helen,Flack,"2026-09-21","2026-09-23",2,Ground Floor Double Room,Non Refundable,Room RG,,2,0,GBP,80.96,80.96,80.96,0.00,Online,Agoda,Agoda,On Account,Confirmed,,cs_suppliers@agoda.com,,,"Limited Time Offer. Price includes 20% discount! ",,,,,"2026-09-14",,,,
Modern Studios Close To Hyde Park,2026-06-01T15:23:09,251-801-451,UAS-112-169,5814820342,,Affendi,Nayan,"2026-09-21","2026-09-27",6,Studio-Standard-Ensuite with Shower LG,,Flat 23 (double) Half 3rd,,2,0,GBP,0.00,0.00,0.00,0.00,Online,Booking.com,Booking.com,On Account,Canceled,,anayan.123254@guest.booking.com,+60 18 665 2917,,"Non-Smoking  Promos: Mobile(App) Rate  There is no meal option with this room. Children and Extra Bed Policy: Children of any age are allowed. You haven't added any cots. You haven't added any extra beds. The maximum number of guests is 2.  Deposit Policy: The guest will be charged a prepayment of the total price of the reservation at any time.  Cancellation Policy: The guest can cancel free of charge until 7 days before arrival. The guest will be charged the total price of the reservation if they cancel in the 7 days before arrival.  payment_on_Booking.com (Payout type: BankTransfer)  ** THIS RESERVATION HAS BEEN PRE-PAID ** BOOKING NOTE : Payment charge is GBP 8.4752  Genius Booker ",,,,,"2026-06-01",,,,
Amsterdam Hotel,2026-08-31T17:25:23,269-003-902,IHD-150-415,,,, TERRY EDWARDS,"2026-09-21","2026-09-25",4,Deluxe-Triple room-Ensuite/Amsterdam,Flexible 48 hours,Room 9 2ND Floor Refurbished,,1,0,GBP,280.00,0.00,280.00,0.00,Direct,,,On Account,Confirmed,,,,,,,,,,"2026-08-31",,,,
The Kirkdale Hotel,2026-07-29T20:59:49,285-355-344,ZQM-675-511,6231165150,,Meredith,White,"2026-09-21","2026-09-24",3,Deluxe Triple room Ensuite,Non Refundable,Room 8 - 1st F,,3,0,GBP,275.40,275.40,275.40,0.00,Online,Booking.com,Booking.com,On Account,Confirmed,,mwhite.938077@guest.booking.com,+64 503018,,"Non-Smoking  There is no meal option with this room. Children and Extra Bed Policy: Children of any age are allowed. You haven't added any cots. You haven't added any extra beds. The maximum number of guests is 3.  Deposit Policy: The guest will be charged a prepayment of the total price of the reservation at any time.  Cancellation Policy: The guest will be charged the total price of the reservation if they cancel at any time.  payment_on_Booking.com (Payout type: BankTransfer)  ** THIS RESERVATION HAS BEEN PRE-PAID ** Reservation has a cancellation grace period. Do not charge if cancelled before 2026-07-30 21:58:35 We are arriving at Heathrow at 6.25am on the Tuesday 22nd.  Have booked the 21st so we have access on arrival.  ETA approximately 8:30am  Will have a hire car so hopefully there is a space.  My sister Jayne, lives just down the road, thank you for showing her around. BOOKING NOTE : Payment charge is GBP 4.4064  Genius Booker ",,,,,"2026-07-29",,,,
The Rose and Crown Hotel,2026-09-13T12:05:58,302-186-141,XFT-668-446,1053739002,,KARNAIL,RANDHAWA,"2026-09-21","2026-09-25",4,Deluxe-Double room-Ensuite,Non Refundable,Room 203,,2,0,GBP,233.11,233.11,233.11,0.00,Online,Agoda,Agoda,On Account,Confirmed,,07xcfkhy0000001h9qp15dvphzpca@agoda-messaging.com,12093214401,,"Limited Time Offer. Price includes 10% discount! ",,,,,"2026-09-13",,,,
Amsterdam Hotel,2026-07-28T13:47:14,309-399-331,HIN-714-288,5645489680,,Mason,Emma,"2026-09-21","2026-09-24",3,Compact-Double room-Ensuite/Amsterdam,,Room 26 Basement,,1,0,GBP,0.00,0.00,0.00,0.00,Online,Booking.com,Booking.com,On Account,Canceled,,memma.724537@guest.booking.com,+44 7708 457297,,"Genius Rate  Non-Smoking  There is no meal option with this room. Children and Extra Bed Policy: Children of any age are allowed. You haven't added any cots. You haven't added any extra beds. The maximum number of guests is 2.  Deposit Policy: The guest will be charged a prepayment of the total price of the reservation at any time.  Cancellation Policy: The guest can cancel free of charge until 2 days before arrival. The guest will be charged the total price of the reservation if they cancel in the 2 days before arrival.  payment_on_Booking.com (Payout type: BankTransfer)  ** THIS RESERVATION HAS BEEN PRE-PAID ** BOOKING NOTE : Payment charge is GBP 4.17792  Genius Booker ",,,,,"2026-07-28",,,,
London Gatwick Inn,2026-02-19T15:35:52,313-830-194,ATF-742-518,2397153994,,Janet,Pitchley,"2026-09-21","2026-09-22",1,Booked as: Twin/Double,Base Rate,305,,2,0,GBP,66.60,66.60,66.60,0.00,Online,Expedia,Expedia & Affiliate Network,On Account,Confirmed,,0bfyarvy7x@m.expediapartnercentral.com,447717226880,,,,,,,"2026-02-19",,,,
Bonair Hotel,2026-09-13T15:46:14,324-529-852,OAW-338-482,6795798945,,Liam,Aleman,"2026-09-21","2026-09-25",4,Standard-Single room-Ensuite,,Room 38,,1,0,GBP,132.00,132.00,132.00,0.00,Online,Booking.com,Booking.com,On Account,Canceled,,lalema.304595@guest.booking.com,+44 7930872418,,"Non-Smoking  There is no meal option with this room. Children and Extra Bed Policy: Children of any age are allowed. You haven't added any cots. You haven't added any extra beds. The maximum number of guests is 1.  Deposit Policy: The guest will be charged a prepayment of the total price of the reservation at any time.  Cancellation Policy: The guest can cancel free of charge until 7 days before arrival. The guest will be charged the total price of the reservation if they cancel in the 7 days before arrival. If the guest doesn’t show up, they will be charged the total price of the reservation.  payment_on_Booking.com (Payout type: BankTransfer)  ** THIS RESERVATION HAS BEEN PRE-PAID ** BOOKING NOTE : Payment charge is GBP 2.112 Approximate time of arrival: between 0:00 and 1:00  Genius Booker ",,,,,"2026-09-13",,,,
London Gatwick Inn,2026-09-16T12:40:02,339-509-582,RUD-712-742,2560181669,,Frederick,Tweddle Williams,"2026-09-21","2026-09-22",1,Suite,Base Rate,203,,2,0,GBP,82.80,0.00,82.80,0.00,Online,Expedia,Expedia & Affiliate Network,Pay On Arrival,Confirmed,,o8sfbtiodk@m.expediapartnercentral.com,111111111111,,"1 Double Bed and 1 Twin Bed This is an Amex GBT Corporate Traveler. Please always provide invoice to traveler as requested. If this booking is being paid with virtual credit card, further details will be provided via separate communication, otherwise please follow the usual Hotel Collect payment process. Please contact darsweb.uk@amexgbt.com for any related questions and avoid cancellations without prior clarification. ",,,,,"2026-09-16",,,,
Savoy Hotel,2026-09-08T17:37:56,362-985-242,KSX-816-048,,,dr,mohanned,"2026-09-21","2026-09-23",2,Comfort-Single room-Ensuite-Savoy,Base Rate,Room 18,,1,0,GBP,100.00,0.00,100.00,0.00,Direct,,,On Account,Confirmed,,,,,,,,,,"2026-09-08",,,,
Modern Studios Close To Hyde Park,2026-08-30T15:48:13,395-396-911,ARC-882-721,2546608716,,Pjeter,Priska,"2026-09-21","2026-09-24",3,Standard-Studio-Ensuite-Basement level LG,,Flat 3 BF,,1,0,GBP,0.00,0.00,0.00,0.00,Online,Expedia,Expedia & Affiliate Network,Pay On Arrival,Canceled,,uteojhfd21@m.expediapartnercentral.com,111111111111,,"Hotel collects payment from the traveler ",,,,,"2026-08-30",,,,
London Gatwick Inn,2026-08-31T10:55:59,398-232-352,AXZ-893-917,6469122490,,Tyler,Traindl,"2026-09-21","2026-09-22",1,Twin,Base Rate,301,,2,0,GBP,49.41,49.41,49.41,0.00,Online,Booking.com,Booking.com,On Account,Confirmed,,ttrain.186992@guest.booking.com,+44 7889 687332,,"Genius Rate  Non-Smoking  Promos: Mobile(App) Rate  There is no meal option with this room. Children and Extra Bed Policy: Children ages 6 and older are allowed. You haven't added any cots. You haven't added any extra beds. The maximum number of guests is 2.  Deposit Policy: The guest will be charged a prepayment of the total price of the reservation at any time.  Cancellation Policy: The guest will be charged the total price of the reservation if they cancel at any time.  payment_on_Booking.com (Payout type: BankTransfer)  ** THIS RESERVATION HAS BEEN PRE-PAID ** BOOKING NOTE : Payment charge is GBP 0.79056 ",,,,,"2026-08-31",,,,
Green Gables Hotel,2026-08-21T12:42:58,424-893-102,PYE-317-038,6028040388,,Daniel,Fuller,"2026-09-21","2026-09-24",3,Twin room-Ensuite,,Room 8,,2,0,GBP,95.68,95.68,95.68,0.00,Online,Booking.com,Booking.com,On Account,Canceled,,dfulle.482432@guest.booking.com,+44 7481 832054,,"Genius Rate  Non-Smoking  Promos: Mobile(App) Rate  There is no meal option with this room. Children and Extra Bed Policy: Children of any age are allowed. You haven't added any cots. You haven't added any extra beds. The maximum number of guests is 2.  Deposit Policy: The guest will be charged a prepayment of the total price of the reservation at any time.  Cancellation Policy: The guest will be charged the total price of the reservation if they cancel at any time.  payment_on_Booking.com (Payout type: BankTransfer)  ** THIS RESERVATION HAS BEEN PRE-PAID ** BOOKING NOTE : Payment charge is GBP 1.53088  Genius Booker  Park Reason: Guest is requesting a free cancelation no reason provided",,,,,"2026-08-21",,,,
Cambria Hotel,2026-08-22T14:40:12,432-293-351,LMA-648-808,5942060042,,Christopher,Halford,"2026-09-21","2026-09-25",4,Deluxe-Sea view-Double room-Ensuite,Base Rate,Room 5,,2,0,GBP,180.00,180.00,180.00,0.00,Online,Booking.com,Booking.com,On Account,Confirmed,,chalfo.497617@guest.booking.com,+44 7849 706045,,"Non-Smoking  There is no meal option with this room. Children and Extra Bed Policy: Children of any age are allowed. You haven't added any cots. You haven't added any extra beds. The maximum number of guests is 2.  Deposit Policy: The guest will be charged a prepayment of the total price of the reservation at any time.  Cancellation Policy: The guest can cancel free of charge until 7 days before arrival. The guest will be charged the total price of the reservation if they cancel in the 7 days before arrival.  payment_on_Booking.com (Payout type: BankTransfer)  ** THIS RESERVATION HAS BEEN PRE-PAID ** Approximate time of arrival: between 16:00 and 17:00 BOOKING NOTE : Payment charge is GBP 2.88  Genius Booker ",,,,,"2026-08-22",,,,
Crofton House Hotel,2026-09-16T10:26:54,442-413-351,LVB-973-560,2560118444,,Allan,Pope,"2026-09-21","2026-09-24",3,Double room-Ensuite Crofton,Base Rate,Room 5 Crofton,,1,0,GBP,136.73,136.73,136.73,0.00,Online,Expedia,Expedia & Affiliate Network,On Account,Confirmed,,pidsadministrators@barronmccann.com,111111111111,,"Expedia collects payment from traveler: Hotel invoices Expedia. ",,,,,"2026-09-16",,,,
Torpark hotel,2026-06-30T15:31:03,446-016-391,XVD-987-185,2497541453,,Michael,George,"2026-09-21","2026-09-25",4,Standard-Double room Ensuite,,Room 63 Lower GF,,2,0,GBP,0.00,0.00,0.00,0.00,Online,Expedia,Expedia & Affiliate Network,Pay On Arrival,Canceled,,ctq8hxmecc@m.expediapartnercentral.com,111111111111,,"Hotel collects payment from the traveler ",,,,,"2026-06-30",,,,
The Beresford Hotel,2026-06-01T22:03:59,494-288-201,XYS-356-288,5115988172,,Franklin,Jade,"2026-09-21","2026-09-25",4,Standard Double room Ensuite,,312,,2,0,GBP,0.00,0.00,0.00,0.00,Online,Booking.com,Booking.com,On Account,Canceled,,fjade.892175@guest.booking.com,+44 7304 128487,,"payment_on_Booking.com (Payout type: BankTransfer)  Non-Smoking  ** THIS RESERVATION HAS BEEN PRE-PAID ** BOOKING NOTE : Payment charge is GBP 3.68064  Genius Booker  Genius Rate  Promos: Mobile(App) Rate  There is no meal option with this room. Children and Extra Bed Policy: Children of any age are allowed. You haven't added any cots. You haven't added any extra beds. The maximum number of guests is 2.  Deposit Policy: The guest will be charged a prepayment of the total price of the reservation at any time.  Cancellation Policy: The guest can cancel free of charge until 5 days before arrival. The guest will be charged the total price of the reservation if they cancel in the 5 days before arrival.",,,,,"2026-06-01",,,,
Holland Rd Studios Close to Olympia London,2026-08-30T17:22:52,498-805-144,PLZ-291-409,6615001367,,Thorsten,Schaefer,"2026-09-21","2026-09-25",4,Compact-Studio-Ensuite with Shower HR,Base Rate,Flat 4 Ground,,1,0,GBP,440.00,440.00,405.00,35.00,Online,Booking.com,Booking.com,On Account,Confirmed,,tschaf.376172@guest.booking.com,+49 491 7668292816,,"Genius Rate  Non-Smoking  There is no meal option with this room. Children and Extra Bed Policy: Children of any age are allowed. 1 child (up to and including 2 years old) stays for free when using available cots.  You haven't added any extra beds. The maximum number of cots is 1. The maximum number of guests is 2.  Deposit Policy: The guest will be charged a prepayment of the total price of the reservation at any time.  Cancellation Policy: The guest can cancel free of charge until 7 days before arrival. The guest will be charged the total price of the reservation if they cancel in the 7 days before arrival.  payment_on_Booking.com (Payout type: BankTransfer)  ** THIS RESERVATION HAS BEEN PRE-PAID ** BOOKING NOTE : Payment charge is GBP 7.04 ",,,,,"2026-08-30",,,,
Avalon Guest house,2026-09-04T14:30:09,502-400-952,OXU-435-579,1418fb94e984-94857c23af94c93fb1008674d0de5a9e@airbnb.com,,Fernando,iCal,"2026-09-21","2026-09-23",2,Modern Standard Double room ensuite,Base Rate,No. 13 - Room 5,,1,0,GBP,59.87,59.87,59.87,0.00,iCal,ical1,,Deposit (Variable),Confirmed,,,+51982286680,,"Reservation URL: https://www.airbnb.com/hosting/reservations/details/HMRMH9WW8Q Fernando Sep 21 – 23 · 2 nights R5 ocean · Double Room Steps from the seafront",,,,,"2026-09-04",,,,
Modern Studios Close To Hyde Park,2026-09-05T22:37:28,504-498-151,UEG-881-544,2551937929,,Pjeter,Priska,"2026-09-21","2026-09-24",3,Large Studio Ensuite LG,Base Rate,Flat 14 Mid-1st F,,1,0,GBP,304.10,0.00,269.10,35.00,Online,Expedia,Expedia & Affiliate Network,Pay On Arrival,Parked,,85bchvx5um@m.expediapartnercentral.com,111111111111,,"Hotel collects payment from the traveler  not paid-cancel it",,,,,"2026-09-05",,,,
Wembar Hotel,2026-08-09T16:00:46,510-551-234,PBO-573-326,5473773168,,Maryia,Shkilevich,"2026-09-21","2026-09-22",1,Twin room-Standard-Ensuite with Shower/Wembar,Non Refundable,Room 18 - Basement,,2,0,GBP,73.10,73.10,73.10,0.00,Online,Booking.com,Booking.com,On Account,Confirmed,,mshkil.235429@guest.booking.com,+48 511 113 129,,"Non-Smoking  Promos: Getaway Deal  There is no meal option with this room. Children and Extra Bed Policy: Children ages 1 and older are allowed. You haven't added any cots. You haven't added any extra beds. The maximum number of guests is 2.  Deposit Policy: The guest will be charged a prepayment of the total price of the reservation at any time.  Cancellation Policy: The guest will be charged the total price of the reservation if they cancel at any time.  payment_on_Booking.com (Payout type: BankTransfer)  ** THIS RESERVATION HAS BEEN PRE-PAID ** BOOKING NOTE : Payment charge is GBP 1.1696  Genius Booker ",,,,,"2026-08-09",,,,
Number 19 Brighton,2026-03-15T22:56:40,510-865-362,RAQ-425-434,6252824641,,Devin,Scobie,"2026-09-21","2026-09-23",2,Standard-Double room-Ensuite,,Room 11,,1,0,GBP,0.00,0.00,0.00,0.00,Online,Booking.com,Booking.com,On Account,Canceled,,dscobi.408753@guest.booking.com,+44 7900 397872,,"Non-Smoking  Promos: Mobile(App) Rate  There is no meal option with this room. Children and Extra Bed Policy: Children of any age are allowed. You haven't added any cots. You haven't added any extra beds. The maximum number of guests is 2.  Deposit Policy: The guest will be charged a prepayment of the total price of the reservation at any time.  Cancellation Policy: The guest can cancel free of charge until 7 days before arrival. The guest will be charged the total price of the reservation if they cancel in the 7 days before arrival. If the guest doesn’t show up, they will be charged the total price of the reservation.  payment_on_Booking.com (Payout type: BankTransfer)  ** THIS RESERVATION HAS BEEN PRE-PAID ** BOOKING NOTE : Payment charge is GBP 2.628  Genius Booker ",,,,,"2026-03-15",,,,
Green Gables Hotel,2026-01-14T19:52:59,511-825-521,UEM-874-035,,,Joyland Dzakpasu,Cynthia,"2026-09-21","2026-10-21",30,Family room-Ensuite,Base Rate,Room 15,,1,0,GBP,500.00,0.00,500.00,0.00,Direct,,,On Account,Confirmed,,,,,,,,,,"2026-01-14",,,,
London Gatwick Inn,2026-09-16T12:04:18,531-586-544,XHM-118-993,2560164225,,Joshua,Chapman,"2026-09-21","2026-09-22",1,Double Room,Base Rate,201,,2,0,GBP,59.40,0.00,59.40,0.00,Online,Expedia,Expedia & Affiliate Network,Pay On Arrival,Confirmed,,i982grqm1r@m.expediapartnercentral.com,111111111111,,"1 Double Bed This is an Amex GBT Corporate Traveler. Please always provide invoice to traveler as requested. If this booking is being paid with virtual credit card, further details will be provided via separate communication, otherwise please follow the usual Hotel Collect payment process. Please contact darsweb.uk@amexgbt.com for any related questions and avoid cancellations without prior clarification. ",,,,,"2026-09-16",,,,
Crofton House Hotel,2026-09-13T17:53:45,542-339-162,HVW-394-196,5525633146,,Rosie,Jones,"2026-09-21","2026-09-23",2,Comfort-Double room-Ensuite,Non Refundable,Cottage Double Room 4 - Sea View,,2,0,GBP,97.42,97.42,97.42,0.00,Online,Booking.com,Booking.com,On Account,Confirmed,,rjones.292446@guest.booking.com,+44 7470 543600,,"Genius Rate  Non-Smoking  Promos: Mobile(App) Rate  There is no meal option with this room. Children and Extra Bed Policy: Children of any age are allowed. You haven't added any cots. You haven't added any extra beds. The maximum number of guests is 2.  Deposit Policy: The guest will be charged a prepayment of the total price of the reservation at any time.  Cancellation Policy: The guest will be charged the total price of the reservation if they cancel at any time.  payment_on_Booking.com (Payout type: BankTransfer)  ** THIS RESERVATION HAS BEEN PRE-PAID ** BOOKING NOTE : Payment charge is GBP 1.55872  Genius Booker ",,,,,"2026-09-13",,,,
The Rose and Crown Hotel,2026-09-12T17:07:32,544-592-934,DQJ-870-365,,,Sandeep,Kaur,"2026-09-21","2026-09-25",4,Deluxe-Double room-Ensuite,,Room 203,,1,0,GBP,0.00,0.00,0.00,0.00,Direct,,,On Account,Canceled,,,+447901590036,,"Guest called and cancelled booking > Khaled    Booked By Reece  Guest will pay on arrival  Do not move the guest from this room",,,,,"2026-09-12",,,,
Amsterdam Hotel,2026-09-08T18:56:31,562-436-031,AVB-574-170,2554079029,,Erika,Cueva,"2026-09-21","2026-09-23",2,Compact-Double room-Ensuite/Amsterdam,Non Refundable rate,Room 18 4TH Floor Refurbished,,2,0,GBP,170.40,170.40,170.40,0.00,Online,Expedia Affiliate Network,Expedia & Affiliate Network,On Account,Confirmed,,cs@hfuntrip.com,1111111111111,,"1 Double Bed Expedia collects payment from traveler: Hotel invoices Expedia. ",,,,,"2026-09-08",,,,
Amsterdam Hotel,2026-01-09T22:59:11,580-359-204,NFQ-915-037,2367272297,,Ruby,Marin,"2026-09-21","2026-09-29",8,Deluxe-Triple room-Ensuite,,Room 9 2ND Floor Refurbished,,3,0,GBP,0.00,0.00,0.00,0.00,Online,Expedia,Expedia & Affiliate Network,Pay On Arrival,Canceled,,therealmarvinmarin@yahoo.com,+12138809680,,"Hotel Collect Booking - Collect Payment From Guest Lower lever floor if possible ",,,,,"2026-01-09",,,,
La Casa Studios Near Hyde Park,2026-09-16T09:34:37,612-632-204,XJJ-768-226,5647643012,,Connor,Wright,"2026-09-21","2026-09-24",3,Standard Studio Ensuite with Shower- La Casa,Non Refundable,Studio 22,,1,0,GBP,322.56,322.56,287.56,35.00,Online,Booking.com,Booking.com,On Account,Confirmed,,rsavat.705455@guest.booking.com,+44 7543 735265,,"Genius Rate  Non-Smoking  There is no meal option with this room. Children and Extra Bed Policy: Children of any age are allowed. You haven't added any cots. You haven't added any extra beds. The maximum number of guests is 2.  Deposit Policy: The guest will be charged a prepayment of the total price of the reservation at any time.  Cancellation Policy: The guest will be charged the total price of the reservation if they cancel at any time.  payment_on_Booking.com (Payout type: BankTransfer)  ** THIS RESERVATION HAS BEEN PRE-PAID ** Reservation has a cancellation grace period. Do not charge if cancelled before 2026-09-17 10:33:14 BOOKING NOTE : Payment charge is GBP 5.16096 Guest - Connor Wright  07543735265  Genius Booker ",,,,,"2026-09-16",,,,
The Beresford Hotel,2026-05-15T10:29:48,613-665-682,CCP-910-020,6503154219,,Vicki,Ball,"2026-09-21","2026-09-24",3,Double room-Standard-Ensuite-Sea view,,305,,2,0,GBP,0.00,0.00,0.00,0.00,Online,Booking.com,Booking.com,On Account,Canceled,,vball.471043@guest.booking.com,+44 7563 064295,,"Non-Smoking  Promos: Mobile(App) Rate  There is no meal option with this room. Children and Extra Bed Policy: Children of any age are allowed. You haven't added any cots. You haven't added any extra beds. The maximum number of guests is 2.  Deposit Policy: The guest will be charged a prepayment of the total price of the reservation at any time.  Cancellation Policy: The guest can cancel free of charge until 5 days before arrival. The guest will be charged the total price of the reservation if they cancel in the 5 days before arrival.  payment_on_Booking.com (Payout type: BankTransfer)  ** THIS RESERVATION HAS BEEN PRE-PAID ** BOOKING NOTE : Payment charge is GBP 3.5424  Genius Booker ",,,,,"2026-05-15",,,,
Green Gables Hotel,2026-08-25T17:15:01,630-298-482,BTG-574-482,5824064536,,Daniel,Nix,"2026-09-21","2026-09-23",2,Double room-Standard-Ensuite with Bath,48 Hours Flexible Policy,Room 6,,2,0,GBP,56.38,56.38,56.38,0.00,Online,Booking.com,Booking.com,On Account,Confirmed,,dnix.425025@guest.booking.com,+44 7351 468642,,"Genius Rate  Non-Smoking  Promos: Mobile(App) Rate  There is no meal option with this room. Children and Extra Bed Policy: Children of any age are allowed. You haven't added any cots. You haven't added any extra beds. The maximum number of guests is 2.  Deposit Policy: The guest will be charged a prepayment of the total price of the reservation at any time.  Cancellation Policy: The guest can cancel free of charge until 2 days before arrival. The guest will be charged the total price of the reservation if they cancel in the 2 days before arrival.  payment_on_Booking.com (Payout type: BankTransfer)  ** THIS RESERVATION HAS BEEN PRE-PAID ** BOOKING NOTE : Payment charge is GBP 0.90208  Genius Booker ",,,,,"2026-08-25",,,,
Wembar Hotel,2026-04-28T17:48:48,634-865-512,LTL-296-027,6794181788,,Laura,Lorenzo,"2026-09-21","2026-09-22",1,Double room-Standard-Ensuite with Shower/Wembar,,Room 05,,2,0,GBP,75.65,75.65,75.65,0.00,Online,Booking.com,Booking.com,On Account,Confirmed,,lloren.183171@guest.booking.com,+34 697 27 62 15,,"Non-Smoking  Promos: Mobile(App) Rate  There is no meal option with this room. Children and Extra Bed Policy: Children ages 1 and older are allowed. You haven't added any cots. You haven't added any extra beds. The maximum number of guests is 2.  Deposit Policy: The guest will be charged a prepayment of the total price of the reservation at any time.  Cancellation Policy: The guest can cancel free of charge until 3 days before arrival. The guest will be charged the total price of the reservation if they cancel in the 3 days before arrival.  payment_on_Booking.com (Payout type: BankTransfer)  ** THIS RESERVATION HAS BEEN PRE-PAID ** BOOKING NOTE : Payment charge is GBP 1.2104  Genius Booker ",,,,,"2026-04-28",,,,
Amsterdam Hotel,2026-01-22T21:53:23,638-624-194,AKV-074-040,6116352572,,Irene,Gómez,"2026-09-21","2026-09-24",3,Deluxe-Triple room-Ensuite,,Room 10 2ND Floor,,2,0,GBP,0.00,0.00,0.00,0.00,Online,Booking.com,Booking.com,On Account,Canceled,,igomez.170806@guest.booking.com,+34 678 31 55 79,,"Genius Rate  Non-Smoking  Promos: International  There is no meal option with this room. Children and Extra Bed Policy: Children of any age are allowed. You haven't added any cots. You haven't added any extra beds. The maximum number of guests is 3.  Deposit Policy: The guest will be charged a prepayment of the total price of the reservation at any time.  Cancellation Policy: The guest can cancel free of charge until 2 days before arrival. The guest will be charged the total price of the reservation if they cancel in the 2 days before arrival.  payment_on_Booking.com (Payout type: BankTransfer)  ** THIS RESERVATION HAS BEEN PRE-PAID ** BOOKING NOTE : Payment charge is GBP 4.27184  Genius Booker ",,,,,"2026-01-22",,,,
Green Gables Hotel,2026-09-07T15:59:34,650-862-984,YCT-778-433,,,Garbutt,Stuart,"2026-09-21","2026-09-25",4,Double room-Standard-Ensuite with Bath,Base Rate,Room 24A,,1,0,GBP,110.00,0.00,110.00,0.00,Direct,,,On Account,Confirmed,,,+447742421440,,,,,,,"2026-09-07",,,,
Wembar Hotel,2026-03-28T15:17:32,660-194-051,WMY-406-710,6452741939,,Gemma,Hidalgo Sánchez,"2026-09-21","2026-09-25",4,Double room-Standard-Ensuite with Shower/Wembar,,Room 04,,2,0,GBP,0.00,0.00,0.00,0.00,Online,Booking.com,Booking.com,On Account,Canceled,,gsanch.769517@guest.booking.com,+34 657 12 41 72,,"Non-Smoking  Promos: Mobile(App) Rate  There is no meal option with this room. Children and Extra Bed Policy: Children ages 1 and older are allowed. You haven't added any cots. You haven't added any extra beds. The maximum number of guests is 2.  Deposit Policy: The guest will be charged a prepayment of the total price of the reservation at any time.  Cancellation Policy: The guest can cancel free of charge until 3 days before arrival. The guest will be charged the total price of the reservation if they cancel in the 3 days before arrival.  payment_on_Booking.com (Payout type: BankTransfer)  ** THIS RESERVATION HAS BEEN PRE-PAID ** BOOKING NOTE : Payment charge is GBP 5.0184  Genius Booker ",,,,,"2026-03-28",,,,
London Gatwick Inn,2026-09-16T13:00:18,684-106-861,AXQ-109-526,2560192370,,Robert,Horncastle,"2026-09-21","2026-09-22",1,Quadruple,Base Rate,303,,2,0,GBP,95.40,0.00,95.40,0.00,Online,Expedia,Expedia & Affiliate Network,Pay On Arrival,Confirmed,,vnm2sedlpa@m.expediapartnercentral.com,111111111111,,"2 Double Beds This is an Amex GBT Corporate Traveler. Please always provide invoice to traveler as requested. If this booking is being paid with virtual credit card, further details will be provided via separate communication, otherwise please follow the usual Hotel Collect payment process. Please contact darsweb.uk@amexgbt.com for any related questions and avoid cancellations without prior clarification. ",,,,,"2026-09-16",,,,
Portobello Road Artistic Studios,2026-03-22T16:13:26,812-300-384,TGL-220-120,6946418513,,Castillo,Alejandra,"2026-09-21","2026-09-24",3,Apartment-Ensuite-N9 202,Base Rate,Flat 9 Quad,,3,0,GBP,353.75,353.75,318.75,35.00,Online,Booking.com,Booking.com,On Account,Confirmed,,caleja.486132@guest.booking.com,+54 221 504 9109,,"payment_on_Booking.com (Payout type: BankTransfer)  Non-Smoking  ** THIS RESERVATION HAS BEEN PRE-PAID ** BOOKING NOTE : Payment charge is GBP 5.66  Genius Booker  Promos: Mobile(App) Rate  There is no meal option with this room. Children and Extra Bed Policy: Children of any age are allowed. You haven't added any cots. You haven't added any extra beds. The maximum number of guests is 4.  Deposit Policy: The guest will be charged a prepayment of the total price of the reservation at any time.  Cancellation Policy: The guest can cancel free of charge until 5 days before arrival. The guest will be charged the total price of the reservation if they cancel in the 5 days before arrival.",,,,,"2026-03-22",,,,
Portobello Road Artistic Studios,2026-09-05T15:14:11,813-495-304,LCV-523-301,6388305780,,jeremie,sangare,"2026-09-21","2026-09-22",1,Apartment-Ensuite-N3 202,Base Rate,Flat 3-Basement ,,1,0,GBP,109.80,109.80,74.80,35.00,Online,Booking.com,Booking.com,On Account,Confirmed,,jsanga.995261@guest.booking.com,+33 6 46 39 07 17,,"Non-Smoking  Promos: Getaway Deal  There is no meal option with this room. Children and Extra Bed Policy: Children of any age are allowed. You haven't added any cots. You haven't added any extra beds. The maximum number of guests is 2.  Deposit Policy: The guest will be charged a prepayment of the total price of the reservation at any time.  Cancellation Policy: The guest can cancel free of charge until 5 days before arrival. The guest will be charged the total price of the reservation if they cancel in the 5 days before arrival.  payment_on_Booking.com (Payout type: BankTransfer)  ** THIS RESERVATION HAS BEEN PRE-PAID ** BOOKING NOTE : Payment charge is GBP 1.7568  Genius Booker ",,,,,"2026-09-05",,,,
Amsterdam Hotel,2026-04-10T19:06:50,823-299-952,GOF-158-893,5022295565,,Jamie,Addison,"2026-09-21","2026-09-25",4,Modern-Double room-Ensuite/Amsterdam,,Room 3 GF refurbished,,2,0,GBP,0.00,0.00,0.00,0.00,Online,Booking.com,Booking.com,On Account,Canceled,,jaddis.394202@guest.booking.com,+44 7434 506548,,"Genius Rate  Non-Smoking  Promos: Domestic  There is no meal option with this room. Children and Extra Bed Policy: Children of any age are allowed. You haven't added any cots. You haven't added any extra beds. The maximum number of guests is 2.  Deposit Policy: The guest will be charged a prepayment of the total price of the reservation at any time.  Cancellation Policy: The guest can cancel free of charge until 2 days before arrival. The guest will be charged the total price of the reservation if they cancel in the 2 days before arrival.  payment_on_Booking.com (Payout type: BankTransfer)  ** THIS RESERVATION HAS BEEN PRE-PAID ** BOOKING NOTE : Payment charge is GBP 5.79472  Genius Booker ",,,,,"2026-04-10",,,,
Crofton House Hotel,2026-09-16T02:11:28,826-108-652,OBG-547-286,6219117639,,Sandeep,Kaur,"2026-09-21","2026-09-25",4,Double room-Ensuite Crofton,Non Refundable,Room 6 Crofotn,,2,0,GBP,169.13,169.13,169.13,0.00,Online,Booking.com,Booking.com,On Account,Confirmed,,skaur.285691@guest.booking.com,+44 7383 990192,,"Genius Rate  Non-Smoking  Promos: Mobile(App) Rate  There is no meal option with this room. Children and Extra Bed Policy: Children of any age are allowed. You haven't added any cots. You haven't added any extra beds. The maximum number of guests is 2.  Deposit Policy: The guest will be charged a prepayment of the total price of the reservation at any time.  Cancellation Policy: The guest will be charged the total price of the reservation if they cancel at any time.  payment_on_Booking.com (Payout type: BankTransfer)  ** THIS RESERVATION HAS BEEN PRE-PAID ** BOOKING NOTE : Payment charge is GBP 2.70608  Genius Booker ",,,,,"2026-09-16",,,,
Amsterdam Hotel,2026-08-01T14:28:04,835-341-482,OQZ-892-494,6270699386,,Frensel,Felida,"2026-09-21","2026-09-24",3,Compact-Double room-Ensuite/Amsterdam,Non Refundable rate,Room 22 5TH Floor Refurbished,,2,0,GBP,241.86,241.86,241.86,0.00,Online,Booking.com,Booking.com,On Account,Confirmed,,ffelid.356680@guest.booking.com,+31 6 27244984,,"Genius Rate  Non-Smoking  There is no meal option with this room. Children and Extra Bed Policy: Children of any age are allowed. You haven't added any cots. You haven't added any extra beds. The maximum number of guests is 2.  Deposit Policy: The guest will be charged a prepayment of the total price of the reservation at any time.  Cancellation Policy: The guest will be charged the total price of the reservation if they cancel at any time.  payment_on_Booking.com (Payout type: BankTransfer)  ** THIS RESERVATION HAS BEEN PRE-PAID ** Reservation has a cancellation grace period. Do not charge if cancelled before 2026-08-02 15:26:48 Approximate time of arrival: between 13:00 and 14:00 BOOKING NOTE : Payment charge is GBP 3.86976  Genius Booker ",,,,,"2026-08-01",,,,
The Rose and Crown Hotel,2026-09-13T15:43:08,845-121-914,WID-173-895,701535379,,Philip,Stebbings,"2026-09-21","2026-09-25",4,Standard-Single room-Ensuite,Non Refundable,Room 304,,1,0,GBP,171.48,171.48,171.48,0.00,Online,Agoda,Agoda,On Account,Confirmed,,069s9m190000001h9pm22aqgtw2tr@agoda-messaging.com,44 7525142418,,"Limited Time Offer. Price includes 10% discount! ",,,,,"2026-09-13",,,,
The Beresford Hotel,2026-06-16T09:51:48,848-551-361,QPS-833-641,6650203703,,Vicki,Ball,"2026-09-21","2026-09-24",3,Double room-Standard-Ensuite-Sea view,,305,,2,0,GBP,0.00,0.00,0.00,0.00,Online,Booking.com,Booking.com,On Account,Canceled,,vball.654949@guest.booking.com,+44 7563 064295,,"Non-Smoking  Promos: Mobile(App) Rate  There is no meal option with this room. Children and Extra Bed Policy: Children of any age are allowed. You haven't added any cots. You haven't added any extra beds. The maximum number of guests is 2.  Deposit Policy: The guest will be charged a prepayment of the total price of the reservation at any time.  Cancellation Policy: The guest can cancel free of charge until 5 days before arrival. The guest will be charged the total price of the reservation if they cancel in the 5 days before arrival.  payment_on_Booking.com (Payout type: BankTransfer)  ** THIS RESERVATION HAS BEEN PRE-PAID ** BOOKING NOTE : Payment charge is GBP 3.4128  Genius Booker ",,,,,"2026-06-16",,,,
Amsterdam Hotel,2026-09-16T13:04:46,856-462-061,MPO-788-456,6877160709,,Michael,Robbins,"2026-09-21","2026-09-23",2,Single room-Standard-Ensuite/Amsterdam,,Room 1 Basement refurbished,,1,0,GBP,0.00,0.00,0.00,0.00,Online,Booking.com,Booking.com,On Account,Canceled,,mrobbi.112075@guest.booking.com,+44 7795 837828,,"Genius Rate  Non-Smoking  There is no meal option with this room. Children and Extra Bed Policy: Children of any age are allowed. You haven't added any cots. You haven't added any extra beds. The maximum number of guests is 1.  Deposit Policy: The guest will be charged a prepayment of the total price of the reservation at any time.  Cancellation Policy: The guest will be charged the total price of the reservation if they cancel at any time.  payment_on_Booking.com (Payout type: BankTransfer)  ** THIS RESERVATION HAS BEEN PRE-PAID ** Reservation has a cancellation grace period. Do not charge if cancelled before 2026-09-17 14:03:32 BOOKING NOTE : Payment charge is GBP 2.28608  Genius Booker ",,,,,"2026-09-16",,,,
Holland Rd Studios Close to Olympia London,2026-04-11T00:33:06,860-296-884,VHR-323-817,5977991003,,Tina,Dickey,"2026-09-21","2026-09-23",2,Mini-Studio-Ensuite HR,,Flat 8 1st,,1,0,GBP,0.00,0.00,0.00,0.00,Online,Booking.com,Booking.com,On Account,Canceled,,tdicke.957849@guest.booking.com,+1 778 716 2235,,"Genius Rate  Non-Smoking  Promos: International  There is no meal option with this room. Children and Extra Bed Policy: Children of any age are allowed. You haven't added any cots. You haven't added any extra beds. The maximum number of guests is 2.  Deposit Policy: The guest will be charged a prepayment of the total price of the reservation at any time.  Cancellation Policy: The guest can cancel free of charge until 7 days before arrival. The guest will be charged the total price of the reservation if they cancel in the 7 days before arrival.  payment_on_Booking.com (Payout type: BankTransfer)  ** THIS RESERVATION HAS BEEN PRE-PAID ** BOOKING NOTE : Payment charge is GBP 3.13632 Approximate time of arrival: between 03:00 and 04:00 Upper floor please  Genius Booker ",,,,,"2026-04-10",,,,
London Gatwick Inn,2026-09-16T11:57:58,861-819-214,PYM-727-136,2560161827,,Thomas,Desmond,"2026-09-21","2026-09-22",1,Double Room,Base Rate,204,,2,0,GBP,59.40,0.00,59.40,0.00,Online,Expedia,Expedia & Affiliate Network,Pay On Arrival,Confirmed,,kws9r5ocy9@m.expediapartnercentral.com,111111111111,,"1 Double Bed This is an Amex GBT Corporate Traveler. Please always provide invoice to traveler as requested. If this booking is being paid with virtual credit card, further details will be provided via separate communication, otherwise please follow the usual Hotel Collect payment process. Please contact darsweb.uk@amexgbt.com for any related questions and avoid cancellations without prior clarification. ",,,,,"2026-09-16",,,,
Number 19 Brighton,2026-08-25T21:39:27,901-583-664,DNV-809-744,6042906492,,Thelma,Sansby,"2026-09-21","2026-09-26",5,Standard-Double room-Ensuite,,Room 05,,2,0,GBP,0.00,0.00,0.00,0.00,Online,Booking.com,Booking.com,On Account,Canceled,,tsansb.526362@guest.booking.com,+44 7931 356294,,"Non-Smoking  Promos: Mobile(App) Rate  There is no meal option with this room. Children and Extra Bed Policy: Children of any age are allowed. You haven't added any cots. You haven't added any extra beds. The maximum number of guests is 2.  Deposit Policy: The guest will be charged a prepayment of the total price of the reservation at any time.  Cancellation Policy: The guest can cancel free of charge until 7 days before arrival. The guest will be charged the total price of the reservation if they cancel in the 7 days before arrival. If the guest doesn’t show up, they will be charged the total price of the reservation.  payment_on_Booking.com (Payout type: BankTransfer)  ** THIS RESERVATION HAS BEEN PRE-PAID ** BOOKING NOTE : Payment charge is GBP 6.14592  Genius Booker ",,,,,"2026-08-25",,,,
London Gatwick Inn,2026-09-16T11:37:44,912-522-652,GIM-094-518,2560152172,,Louis,Wall,"2026-09-21","2026-09-22",1,Double Room,Base Rate,101,,2,0,GBP,59.40,0.00,59.40,0.00,Online,Expedia,Expedia & Affiliate Network,Pay On Arrival,Confirmed,,keadyt1f7j@m.expediapartnercentral.com,111111111111,,"1 Double Bed This is an Amex GBT Corporate Traveler. Please always provide invoice to traveler as requested. If this booking is being paid with virtual credit card, further details will be provided via separate communication, otherwise please follow the usual Hotel Collect payment process. Please contact darsweb.uk@amexgbt.com for any related questions and avoid cancellations without prior clarification. ",,,,,"2026-09-16",,,,
Wembar Hotel,2026-08-08T12:56:47,924-999-902,IKV-353-160,5888936403,,Mr and,Mrs Abdou Hadirr Ceesay,"2026-09-21","2026-10-09",18,Double room-Standard-Ensuite with Shower/Wembar,,Room 20 - Basement,,2,0,GBP,0.00,0.00,0.00,0.00,Online,Booking.com,Booking.com,On Account,Canceled,,mceesa.959563@guest.booking.com,+220 258 4747,,"Non-Smoking  There is no meal option with this room. Children and Extra Bed Policy: Children ages 1 and older are allowed. You haven't added any cots. You haven't added any extra beds. The maximum number of guests is 2.  Deposit Policy: The guest will be charged a prepayment of the total price of the reservation at any time.  Cancellation Policy: The guest can cancel free of charge until 3 days before arrival. The guest will be charged the total price of the reservation if they cancel in the 3 days before arrival.  payment_on_Booking.com (Payout type: BankTransfer)  ** THIS RESERVATION HAS BEEN PRE-PAID ** BOOKING NOTE : Payment charge is GBP 27.376  Genius Booker ",,,,,"2026-08-08",,,,
Fab Guest House,2026-09-15T20:18:59,925-916-564,XAR-047-493,702412047,,Brandon,Moore,"2026-09-21","2026-09-25",4,Standard Double room Ensuite,Non Refundable,Room 12,,2,0,GBP,161.92,161.92,161.92,0.00,Online,Agoda,Agoda,On Account,Confirmed,,047zbq990000001hpyjzjbk2a3fey@agoda-messaging.com,44 7883880917,,"Limited Time Offer. Price includes 20% discount! ",,,,,"2026-09-15",,,,
Cluny Hill Hotel,2026-09-07T10:04:04,929-929-452,WMI-008-161,6102925348,,Erin,Winters,"2026-09-21","2026-09-22",1,Standard Double room,Non Refundable,Room 22,,1,0,GBP,45.59,45.59,45.59,0.00,Online,Booking.com,Booking.com,On Account,Confirmed,,ewinte.392694@guest.booking.com,+44 7745 570511,,"payment_on_Booking.com (Payout type: BankTransfer)  Non-Smoking  ** THIS RESERVATION HAS BEEN PRE-PAID ** BOOKING NOTE : Payment charge is GBP 0.72944  Genius Booker  There is no meal option with this room. Children and Extra Bed Policy: Children of any age are allowed. You haven't added any cots. You haven't added any extra beds. The maximum number of guests is 2.  Deposit Policy: The guest will be charged a prepayment of the total price of the reservation at any time.  Cancellation Policy: The guest will be charged the total price of the reservation if they cancel at any time.",,,,,"2026-09-07",,,,
Wembar Hotel,2026-08-24T20:14:53,950-611-841,JVX-513-915,6208144227,,erion,vrella,"2026-09-21","2026-09-25",4,Double room-Standard-Ensuite with Shower/Wembar,Non Refundable,Room 08 - 2nd F,,2,0,GBP,339.15,339.15,339.15,0.00,Online,Booking.com,Booking.com,On Account,Confirmed,,erion@gen-z.digital,+38345867144,,"Non-Smoking  Promos: Getaway Deal  There is no meal option with this room. Children and Extra Bed Policy: Children ages 1 and older are allowed. You haven't added any cots. You haven't added any extra beds. The maximum number of guests is 2.  Deposit Policy: The guest will be charged a prepayment of the total price of the reservation at any time.  Cancellation Policy: The guest will be charged the total price of the reservation if they cancel at any time.  payment_on_Booking.com (Payout type: BankTransfer)  ** THIS RESERVATION HAS BEEN PRE-PAID ** BOOKING NOTE : Payment charge is GBP 5.4264 Approximate time of arrival: between 03:00 and 04:00 Could you please confirm if you have a Twin Room available with 2 separate single beds and a private bathroom  GEN Z SH.P.K  Genius Booker ",,,,,"2026-08-24",,,,
Wembar Hotel,2026-07-08T00:44:47,962-636-244,DSN-051-738,5126382340,,SUGINO,TAKEHISA,"2026-09-21","2026-09-24",3,Single room-Standard-Ensuite with Shower/Wembar,Base Rate,Room 21,,1,0,GBP,262.80,262.80,262.80,0.00,Online,Booking.com,Booking.com,On Account,Confirmed,,stakeh.655110@guest.booking.com,+81 70 1272 2107,,"Non-Smoking  Promos: Mobile(App) Rate  There is no meal option with this room. Children and Extra Bed Policy: Children ages 1 and older are allowed. You haven't added any cots. You haven't added any extra beds. The maximum number of guests is 1.  Deposit Policy: The guest will be charged a prepayment of the total price of the reservation at any time.  Cancellation Policy: The guest can cancel free of charge until 3 days before arrival. The guest will be charged the total price of the reservation if they cancel in the 3 days before arrival.  payment_on_Booking.com (Payout type: BankTransfer)  ** THIS RESERVATION HAS BEEN PRE-PAID ** BOOKING NOTE : Payment charge is GBP 4.2048  Genius Booker ",,,,,"2026-07-07",,,,
Cambria Hotel,2026-09-07T13:43:42,981-420-851,OIO-523-359,5635031529,,Julie,Coupland,"2026-09-21","2026-09-23",2,Standard-Twin room-Ensuite,Base Rate,Room  22,,2,0,GBP,88.00,88.00,88.00,0.00,Online,Booking.com,Booking.com,On Account,Confirmed,,jcoupl.750599@guest.booking.com,+44 7901 119195,,"Non-Smoking  There is no meal option with this room. Children and Extra Bed Policy: Children of any age are allowed. You haven't added any cots. You haven't added any extra beds. The maximum number of guests is 2.  Deposit Policy: The guest will be charged a prepayment of the total price of the reservation at any time.  Cancellation Policy: The guest can cancel free of charge until 7 days before arrival. The guest will be charged the total price of the reservation if they cancel in the 7 days before arrival.  payment_on_Booking.com (Payout type: BankTransfer)  ** THIS RESERVATION HAS BEEN PRE-PAID ** BOOKING NOTE : Payment charge is GBP 1.408 Approximate time of arrival: between 15:00 and 16:00 Sea view if possible please  Genius Booker ",,,,,"2026-09-07",,,,
Fab Guest House,2026-09-13T21:20:28,983-421-284,AII-434-866,1418fb94e984-faf50a2c2e45c6177c3c58d835379701@airbnb.com,,Reserved,iCal,"2026-09-21","2026-09-22",1,Deluxe Double Room with Bath,Base Rate,Room 5,,1,0,GBP,0.00,0.00,0.00,0.00,iCal,ical1,,Deposit (Variable),Confirmed,,,,,Reservation URL: https://www.airbnb.com/hosting/reservations/details/HMJNDBRD49,,,,,"2026-09-13",,,,
The Kirkdale Hotel,2026-08-05T13:08:06,986-604-991,KDK-338-645,6430554723,,Ben,Swarbrick,"2026-09-21","2026-09-23",2,Standard Twin room Ensuite,Non Refundable,Room 20 - 1st F,,2,0,GBP,129.09,129.09,129.09,0.00,Online,Booking.com,Booking.com,On Account,Confirmed,,bswarb.189844@guest.booking.com,+44 7921 149471,,"Genius Rate  Non-Smoking  There is no meal option with this room. Children and Extra Bed Policy: Children of any age are allowed. You haven't added any cots. You haven't added any extra beds. The maximum number of guests is 2.  Deposit Policy: The guest will be charged a prepayment of the total price of the reservation at any time.  Cancellation Policy: The guest will be charged the total price of the reservation if they cancel at any time.  payment_on_Booking.com (Payout type: BankTransfer)  ** THIS RESERVATION HAS BEEN PRE-PAID ** Reservation has a cancellation grace period. Do not charge if cancelled before 2026-08-06 13:33:08 BOOKING NOTE : Payment charge is GBP 2.06544 Approximate time of arrival: between 19:00 and 20:00  Genius Booker ",,,,,"2026-08-05",,,,
Portobello Road Artistic Studios,2026-08-10T14:25:00,001-184-062,UZD-988-085,6773454804,,Lorenzo,Flamini,"2026-09-22","2026-09-27",5,Double Studio 202,Base Rate,Flat 6- GF,,2,0,GBP,534.50,534.50,499.50,35.00,Online,Booking.com,Booking.com,On Account,Confirmed,,lflami.172866@guest.booking.com,+39 380 494 4740,,"Non-Smoking  Promos: Mobile(MDot) Rate  There is no meal option with this room. Children and Extra Bed Policy: Children of any age are allowed. You haven't added any cots. You haven't added any extra beds. The maximum number of guests is 2.  Deposit Policy: The guest will be charged a prepayment of the total price of the reservation at any time.  Cancellation Policy: The guest can cancel free of charge until 5 days before arrival. The guest will be charged the total price of the reservation if they cancel in the 5 days before arrival.  payment_on_Booking.com (Payout type: BankTransfer)  ** THIS RESERVATION HAS BEEN PRE-PAID ** BOOKING NOTE : Payment charge is GBP 8.552 Approximate time of arrival: between 21:00 and 22:00  Genius Booker ",,,,,"2026-08-10",,,,
Cluny Hill Hotel,2026-09-17T11:05:34,003-395-492,HSP-433-503,6747487458,,Marie,Angele Natacha Berry,"2026-09-22","2026-10-02",10,Triple room Standard,Non Refundable,Room 35,,2,1,GBP,642.06,2878.68,642.06,0.00,Online,Booking.com,Booking.com,On Account,Confirmed,,chandf.712549@guest.booking.com,+44 7976 225020,,"Group: 7 x Adult, 7 x Child  Child Ages: 8  Genius Rate  Non-Smoking  There is no meal option with this room. Children and Extra Bed Policy: Children of any age are allowed. You haven't added any cots. You haven't added any extra beds. The maximum number of guests is 2.  Deposit Policy: The guest will be charged a prepayment of the total price of the reservation at any time.  Cancellation Policy: The guest will be charged the total price of the reservation if they cancel at any time.  payment_on_Booking.com (Payout type: BankTransfer)  ** THIS RESERVATION HAS BEEN PRE-PAID ** BOOKING NOTE : Payment charge is GBP 46.05888  Genius Booker ",,,,,"2026-09-17",,,,
Number 19 Brighton,2026-06-22T21:41:44,005-466-651,PUD-161-355,6028551433,,Douglas,Westwood,"2026-09-22","2026-09-23",1,Standard-Double room-Ensuite,,Room 11,,2,0,GBP,0.00,0.00,0.00,0.00,Online,Booking.com,Booking.com,On Account,Canceled,,dwestw.518240@guest.booking.com,+44 7599 591173,,"Non-Smoking  Promos: Mobile(App) Rate  There is no meal option with this room. Children and Extra Bed Policy: Children of any age are allowed. You haven't added any cots. You haven't added any extra beds. The maximum number of guests is 2.  Deposit Policy: The guest will be charged a prepayment of the total price of the reservation at any time.  Cancellation Policy: The guest can cancel free of charge until 7 days before arrival. The guest will be charged the total price of the reservation if they cancel in the 7 days before arrival. If the guest doesn’t show up, they will be charged the total price of the reservation.  payment_on_Booking.com (Payout type: BankTransfer)  ** THIS RESERVATION HAS BEEN PRE-PAID ** BOOKING NOTE : Payment charge is GBP 1.008  Genius Booker ",,,,,"2026-06-22",,,,
Holland Rd Studios Close to Olympia London,2026-08-23T09:57:53,015-649-031,WSO-924-341,6024488429,,fazilat,hojaji Najafabadi,"2026-09-22","2026-09-25",3,Mini-Studio-Ensuite HR,,Flat 7 1st,,2,0,GBP,0.00,0.00,0.00,0.00,Online,Booking.com,Booking.com,On Account,Canceled,,fnajaf.306896@guest.booking.com,+353 83 134 2512,,"Genius Rate  Non-Smoking  There is no meal option with this room. Children and Extra Bed Policy: Children of any age are allowed. 1 child (up to and including 2 years old) stays for free when using available cots.  You haven't added any extra beds. The maximum number of cots is 1. The maximum number of guests is 2.  Deposit Policy: The guest will be charged a prepayment of the total price of the reservation at any time.  Cancellation Policy: The guest can cancel free of charge until 7 days before arrival. The guest will be charged the total price of the reservation if they cancel in the 7 days before arrival.  payment_on_Booking.com (Payout type: BankTransfer)  ** THIS RESERVATION HAS BEEN PRE-PAID ** BOOKING NOTE : Payment charge is GBP 4.86672  Genius Booker ",,,,,"2026-08-23",,,,
Modern Studios Close To Hyde Park,2025-12-02T01:23:01,018-985-562,XSV-875-492,1418fb94e984-ebe8aa8fb0b156c474b535acf6ce345d@airbnb.com,,Reserved,iCal,"2026-09-22","2026-09-26",4,Family-Studio-Ensuite,,Flat 26 3rd,,1,0,GBP,0.00,0.00,0.00,0.00,iCal,ical1,,Deposit (Variable),Canceled,,,,,Reservation URL: https://www.airbnb.com/hosting/reservations/details/HMWY3W3HQD,,,,,"2025-12-02",,,,
Amsterdam Hotel,2026-09-03T12:19:54,019-148-984,YPG-112-894,HMJTFXHYRE,,Marcus,Oldroyd,"2026-09-22","2026-09-24",2,Modern-Double room-Ensuite/Amsterdam,Non Refundable Rate,Room 24 5TH Floor,,1,0,GBP,216.00,216.00,216.00,0.00,Online,Airbnb,Airbnb,On Account,Confirmed,,,447917573347,," ",,,,,"2026-09-03",,,,
Sachi Hotel,2026-08-03T06:52:20,023-501-482,KEY-052-947,5208428913,,Fattmh,Badr,"2026-09-22","2026-09-23",1,Twin room Garden view,,Room 10 2nd F,,2,0,GBP,0.00,0.00,0.00,0.00,Online,Booking.com,Booking.com,On Account,Canceled,,fbadr.135280@guest.booking.com,+44 7435 196510,,"Non-Smoking  Promos: Mobile(MDot) Rate  There is no meal option with this room. Children and Extra Bed Policy: Children of any age are allowed. You haven't added any cots. You haven't added any extra beds. The maximum number of guests is 2.  Deposit Policy: The guest will be charged a prepayment of the total price of the reservation at any time.  Cancellation Policy: The guest can cancel free of charge until 5 days before arrival. The guest will be charged the total price of the reservation if they cancel in the 5 days before arrival.  payment_on_Booking.com (Payout type: BankTransfer)  ** THIS RESERVATION HAS BEEN PRE-PAID ** BOOKING NOTE : Payment charge is GBP 0.9504 ",,,,,"2026-08-03",,,,
The Rose and Crown Hotel,2026-09-10T18:34:05,039-513-441,HJZ-025-672,700459903,,isaac,east,"2026-09-22","2026-09-27",5,Standard-Double room-Ensuite-Basement,Non Refundable,Room 307,,2,0,GBP,259.03,259.03,259.03,0.00,Online,Agoda,Agoda,On Account,Confirmed,,05zjqg190000001h0pr0q0hm5z4c4@agoda-messaging.com,44 07882851160,,"Limited Time Offer. Price includes 10% discount! ",,,,,"2026-09-10",,,,
Wembar Hotel,2026-03-29T12:39:42,050-253-824,XBE-781-298,5417643638,,Gemma,Hidalgo Sánchez,"2026-09-22","2026-09-26",4,Double room-Standard-Ensuite with Shower/Wembar,,Room 09,,2,0,GBP,0.00,0.00,0.00,0.00,Online,Booking.com,Booking.com,On Account,Canceled,,gsanch.823009@guest.booking.com,+34 657 12 41 72,,"Non-Smoking  Promos: Mobile(App) Rate  There is no meal option with this room. Children and Extra Bed Policy: Children ages 1 and older are allowed. You haven't added any cots. You haven't added any extra beds. The maximum number of guests is 2.  Deposit Policy: The guest will be charged a prepayment of the total price of the reservation at any time.  Cancellation Policy: The guest can cancel free of charge until 3 days before arrival. The guest will be charged the total price of the reservation if they cancel in the 3 days before arrival.  payment_on_Booking.com (Payout type: BankTransfer)  ** THIS RESERVATION HAS BEEN PRE-PAID ** BOOKING NOTE : Payment charge is GBP 5.4672  Genius Booker ",,,,,"2026-03-29",,,,
London Gatwick Inn,2026-06-07T12:04:11,058-393-112,IYT-215-124,2478656734,,Peter,Tolhurst,"2026-09-22","2026-09-23",1,Family,,202,,3,2,GBP,109.61,0.00,109.61,0.00,Online,Expedia Affiliate Network,Expedia & Affiliate Network,Pay On Arrival,Canceled,,1t1brkrwi4@m.expediapartnercentral.com,111111111111,,"2 Double Beds, 1 Twin Bed and 1 Large Twin Sofa Bed This booking was made on Revolut Stays, an Expedia partner. As far as the customer is concerned they booked via Revolut, not Expedia. ",,,,,"2026-06-07",,,,
The Carlton Hotel,2026-09-08T16:41:04,065-263-064,NMD-291-474,699510275,,paul,Hoey,"2026-09-22","2026-09-25",3,Standard Sea view Twin room Ensuite,,Room 301,,2,0,GBP,0.00,0.00,0.00,0.00,Online,Agoda,Agoda,On Account,Canceled,,041txc990000001htvzwnzb5v5me4@agoda-messaging.com,44 07941395675,,"TwinBeds ",,,,,"2026-09-08",,,,
London Gatwick Inn,2026-09-10T09:46:21,082-236-654,MGC-491-134,5591329139,,Tania,Conrad,"2026-09-22","2026-09-23",1,Double Room,Base Rate,101,,1,0,GBP,66.60,66.60,66.60,0.00,Online,Booking.com,Booking.com,On Account,Confirmed,,tconra.244830@guest.booking.com,+44 7950 294453,,"Genius Rate  Non-Smoking  There is no meal option with this room. Children and Extra Bed Policy: Children ages 6 and older are allowed. You haven't added any cots. You haven't added any extra beds. The maximum number of guests is 2.  Deposit Policy: The guest will be charged a prepayment of the total price of the reservation at any time.  Cancellation Policy: The guest will be charged the total price of the reservation if they cancel at any time.  payment_on_Booking.com (Payout type: BankTransfer)  ** THIS RESERVATION HAS BEEN PRE-PAID ** BOOKING NOTE : Payment charge is GBP 1.0656  Genius Booker ",,,,,"2026-09-10",,,,
Cluny Hill Hotel,2026-09-17T11:05:34,105-216-951,HSP-433-503,6747487458,,Tom,Stive,"2026-09-22","2026-10-02",10,Standard Twin room ,Non Refundable,Room 53,,1,1,GBP,463.20,See 003-395-492,463.20,0.00,Online,Booking.com,Booking.com,On Account,Confirmed,,chandf.712549@guest.booking.com,+44 7976 225020,,"Group: 7 x Adult, 7 x Child  Child Ages: 17  Genius Rate  Non-Smoking  There is no meal option with this room. Children and Extra Bed Policy: Children of any age are allowed. You haven't added any cots. You haven't added any extra beds. The maximum number of guests is 2.  Deposit Policy: The guest will be charged a prepayment of the total price of the reservation at any time.  Cancellation Policy: The guest will be charged the total price of the reservation if they cancel at any time.  payment_on_Booking.com (Payout type: BankTransfer)  ** THIS RESERVATION HAS BEEN PRE-PAID ** BOOKING NOTE : Payment charge is GBP 46.05888  Genius Booker ",,,,,"2026-09-17",,,,
Portobello Road Artistic Studios,2026-08-02T19:39:43,105-660-124,ANN-635-178,6558148477,,Kate,Concannon,"2026-09-22","2026-09-23",1,Apartment-Ensuite-N3 202,Non Refundable,Flat 3-Basement ,,1,0,GBP,108.10,108.10,73.10,35.00,Online,Booking.com,Booking.com,On Account,Confirmed,,kconca.993410@guest.booking.com,+44 7984 069008,,"Non-Smoking  Promos: Getaway Deal  There is no meal option with this room. Children and Extra Bed Policy: Children of any age are allowed. You haven't added any cots. You haven't added any extra beds. The maximum number of guests is 2.  Deposit Policy: The guest will be charged a prepayment of the total price of the reservation at any time.  Cancellation Policy: The guest will be charged the total price of the reservation if they cancel at any time.  payment_on_Booking.com (Payout type: BankTransfer)  ** THIS RESERVATION HAS BEEN PRE-PAID ** BOOKING NOTE : Payment charge is GBP 1.7296  Genius Booker ",,,,,"2026-08-02",,,,
London Gatwick Inn,2026-06-11T19:48:15,111-261-531,ISK-014-782,6051699237,,Reece,Clancy,"2026-09-22","2026-09-23",1,Suite,,203,,4,0,GBP,0.00,0.00,0.00,0.00,Online,Booking.com,Booking.com,On Account,Canceled,,rclanc.212015@guest.booking.com,+44 7359 231771,,"payment_on_Booking.com (Payout type: BankTransfer)  Non-Smoking  ** THIS RESERVATION HAS BEEN PRE-PAID ** BOOKING NOTE : Payment charge is GBP 1.51632 BED PREFERENCE:Quadruple Room: 2 doubles  Genius Booker  Genius Rate  Promos: Mobile(App) Rate  There is no meal option with this room. Children and Extra Bed Policy: Children ages 6 and older are allowed. You haven't added any cots. You haven't added any extra beds. The maximum number of guests is 4.  Deposit Policy: The guest will be charged a prepayment of the total price of the reservation at any time.  Cancellation Policy: The guest can cancel free of charge until 7 days before arrival. The guest will be charged the total price of the reservation if they cancel in the 7 days before arrival.",,,,,"2026-06-11",,,,
London Gatwick Inn,2026-09-17T12:18:52,126-305-361,RLA-214-993,6950125277,,Tammie,Gotsall,"2026-09-22","2026-09-23",1,Double Room,Base Rate,204,,2,0,GBP,59.94,59.94,59.94,0.00,Online,Booking.com,Booking.com,On Account,Confirmed,,tgotsa.174505@guest.booking.com,+44 7476 808131,,"Genius Rate  Non-Smoking  Promos: Mobile(MDot) Rate  There is no meal option with this room. Children and Extra Bed Policy: Children ages 6 and older are allowed. You haven't added any cots. You haven't added any extra beds. The maximum number of guests is 2.  Deposit Policy: The guest will be charged a prepayment of the total price of the reservation at any time.  Cancellation Policy: The guest will be charged the total price of the reservation if they cancel at any time.  payment_on_Booking.com (Payout type: BankTransfer)  ** THIS RESERVATION HAS BEEN PRE-PAID ** BOOKING NOTE : Payment charge is GBP 0.95904  Genius Booker ",,,,,"2026-09-17",,,,
Wembar Hotel,2026-08-23T12:26:17,131-410-801,OZN-371-767,5424915286,,Alejandro,Jesus Losada Vergara,"2026-09-22","2026-09-26",4,Triple room-Standard-Ensuite with Shower/Wembar,Base Rate,Room 07 - 1st F,,2,0,GBP,394.20,394.20,394.20,0.00,Online,Booking.com,Booking.com,On Account,Confirmed,,averga.975960@guest.booking.com,+34 652 46 73 48,,"Non-Smoking  Promos: Mobile(MDot) Rate  There is no meal option with this room. Children and Extra Bed Policy: Children ages 1 and older are allowed. You haven't added any cots. You haven't added any extra beds. The maximum number of guests is 2.  Deposit Policy: The guest will be charged a prepayment of the total price of the reservation at any time.  Cancellation Policy: The guest can cancel free of charge until 3 days before arrival. The guest will be charged the total price of the reservation if they cancel in the 3 days before arrival.  payment_on_Booking.com (Payout type: BankTransfer)  ** THIS RESERVATION HAS BEEN PRE-PAID ** BOOKING NOTE : Payment charge is GBP 6.3072 ",,,,,"2026-08-23",,,,
Wembar Hotel,2026-03-29T02:48:05,145-034-122,DYF-661-086,6618928529,,Elisabeth,Klouth,"2026-09-22","2026-09-25",3,Double room-Deluxe-Ensuite with Shower/Wembar,Base Rate,Room 23,,2,0,GBP,270.00,270.00,270.00,0.00,Online,Booking.com,Booking.com,On Account,Confirmed,,eklout.647031@guest.booking.com,+61 427 055 407,,"Non-Smoking  Promos: International  There is no meal option with this room. Children and Extra Bed Policy: Children ages 1 and older are allowed. You haven't added any cots. You haven't added any extra beds. The maximum number of guests is 2.  Deposit Policy: The guest will be charged a prepayment of the total price of the reservation at any time.  Cancellation Policy: The guest can cancel free of charge until 3 days before arrival. The guest will be charged the total price of the reservation if they cancel in the 3 days before arrival.  payment_on_Booking.com (Payout type: BankTransfer)  ** THIS RESERVATION HAS BEEN PRE-PAID ** BOOKING NOTE : Payment charge is GBP 4.32  Genius Booker ",,,,,"2026-03-29",,,,
Avalon Guest house,2026-07-18T16:19:27,152-489-324,WJE-640-340,6697171103,,Janet,Francis,"2026-09-22","2026-09-25",3,Single room-Standard-Ensuite,Non Refundable,No. 13 - Room B1,,1,0,GBP,138.51,138.51,138.51,0.00,Online,Booking.com,Booking.com,On Account,Confirmed,,jfranc.428738@guest.booking.com,+44 7984 567903,,"Guest requested Basemenet   Non-Smoking  Promos: Mobile(MDot) Rate  There is no meal option with this room. Children and Extra Bed Policy: Children of any age are allowed. You haven't added any cots. You haven't added any extra beds. The maximum number of guests is 1.  Deposit Policy: The guest will be charged a prepayment of the total price of the reservation at any time.  Cancellation Policy: The guest will be charged the total price of the reservation if they cancel at any time.  payment_on_Booking.com (Payout type: BankTransfer)  ** THIS RESERVATION HAS BEEN PRE-PAID ** BOOKING NOTE : Payment charge is GBP 2.21616 Approximate time of arrival: between 15:00 and 16:00 Prefer first floor please  Genius Booker ",,,,,"2026-07-18",,,,
Amsterdam Hotel,2026-09-04T14:06:27,156-133-104,TUY-209-949,2550881736,,SEAN,LAI,"2026-09-22","2026-09-24",2,Deluxe-Triple room-Ensuite/Amsterdam,Non Refundable Rate,Room 2 GF,,2,0,GBP,204.70,204.70,204.70,0.00,Online,Expedia,Expedia & Affiliate Network,On Account,Confirmed,,checkin@hxskk.com,11111111111111,,"Expedia collects payment from traveler: Hotel invoices Expedia. ",,,,,"2026-09-04",,,,
The Carlton Hotel,2026-04-09T20:09:10,180-411-221,DSL-696-160,5233438851,,Natasha,Marotta,"2026-09-22","2026-09-23",1,Standard Sea view Double room,,Room 309,,2,0,GBP,0.00,0.00,0.00,0.00,Online,Booking.com,Booking.com,On Account,Canceled,,nmarot.375425@guest.booking.com,+44 7517 161620,,"payment_on_Booking.com (Payout type: BankTransfer)  Non-Smoking  ** THIS RESERVATION HAS BEEN PRE-PAID ** Approximate time of arrival: between 15:00 and 16:00 I am disabled please could I have room suitable for me BOOKING NOTE : Payment charge is GBP 0.85536  Genius Booker  Promos: Domestic  There is no meal option with this room. Children and Extra Bed Policy: Children of any age are allowed. You haven't added any cots. You haven't added any extra beds. The maximum number of guests is 2.  Deposit Policy: The guest will be charged a prepayment of the total price of the reservation at any time.  Cancellation Policy: The guest can cancel free of charge until 5 days before arrival. The guest will be charged the total price of the reservation if they cancel in the 5 days before arrival.",,,,,"2026-04-09",,,,
London Gatwick Inn,2026-08-08T10:26:34,180-986-422,IQY-673-682,6684254819,,Denise,Shafto,"2026-09-22","2026-09-23",1,Double Room,7-Day Flexible,201,,1,0,GBP,77.40,77.40,77.40,0.00,Online,Booking.com,Booking.com,On Account,Confirmed,,dshaft.732576@guest.booking.com,+44 7940 214088,,"Genius Rate  Non-Smoking  There is no meal option with this room. Children and Extra Bed Policy: Children ages 6 and older are allowed. You haven't added any cots. You haven't added any extra beds. The maximum number of guests is 2.  Deposit Policy: The guest will be charged a prepayment of the total price of the reservation at any time.  Cancellation Policy: The guest can cancel free of charge until 7 days before arrival. The guest will be charged the total price of the reservation if they cancel in the 7 days before arrival.  payment_on_Booking.com (Payout type: BankTransfer)  ** THIS RESERVATION HAS BEEN PRE-PAID ** Approximate time of arrival: between 15:00 and 16:00 BOOKING NOTE : Payment charge is GBP 1.2384  Genius Booker ",,,,,"2026-08-08",,,,
Modern Studios Close To Hyde Park,2025-12-04T16:44:21,183-286-614,VUT-141-339,1418fb94e984-ebe8aa8fb0b156c474b535acf6ce345d@airbnb.com,,Rosa’s,iCal,"2026-09-22","2026-09-26",4,Family-Studio-Ensuite LG,Base Rate,Flat 26 3rd,,1,0,GBP,405.64,405.64,405.64,0.00,iCal,ical1,,Deposit (Variable),Confirmed,,,,,"Reservation URL: https://www.airbnb.com/hosting/reservations/details/HMWY3W3HQD  ‪+34 649 52 41 95‬",,,,,"2025-12-04",,,,
Holland Rd Studios Close to Olympia London,2026-09-09T11:10:09,186-683-554,RFE-883-260,6829893293,,Bryant,Helen,"2026-09-22","2026-09-25",3,Double-Studio-Ensuite HR,Non refundable rate,Flat 13 2nd,,1,0,GBP,309.83,309.83,274.83,35.00,Online,Booking.com,Booking.com,On Account,Confirmed,,bhelen.179534@guest.booking.com,+44 7810 544927,,"Genius Rate  Non-Smoking  Promos: Domestic  There is no meal option with this room. Children and Extra Bed Policy: Children of any age are allowed. You haven't added any cots. You haven't added any extra beds. The maximum number of guests is 2.  Deposit Policy: The guest will be charged a prepayment of the total price of the reservation at any time.  Cancellation Policy: The guest will be charged the total price of the reservation if they cancel at any time.  payment_on_Booking.com (Payout type: BankTransfer)  ** THIS RESERVATION HAS BEEN PRE-PAID ** BOOKING NOTE : Payment charge is GBP 4.95728 I am travelling for business and I may be using a business credit card. This guest has requested a receipt for their stay. Approximate time of arrival: between 14:00 and 15:00  Genius Booker ",,,,,"2026-09-09",,,,
Fab Guest House,2026-09-13T02:16:28,189-959-194,XSA-893-248,6431895015,,Charles,VanSlyke,"2026-09-22","2026-09-24",2,Deluxe Double Room with Bath,Base Rate,Room 5,,2,0,GBP,111.78,111.78,111.78,0.00,Online,Booking.com,Booking.com,On Account,Confirmed,,cvansl.743323@guest.booking.com,+19075004929,,"Genius Rate  Non-Smoking  Promos: non - refundable DLX DBL  There is no meal option with this room. Children and Extra Bed Policy: Children of any age are allowed. You haven't added any cots. You haven't added any extra beds. The maximum number of guests is 2.  Deposit Policy: The guest will be charged a prepayment of the total price of the reservation at any time.  Cancellation Policy: The guest will be charged the total price of the reservation if they cancel at any time.  payment_on_Booking.com (Payout type: BankTransfer)  ** THIS RESERVATION HAS BEEN PRE-PAID ** Reservation has a cancellation grace period. Do not charge if cancelled before 2026-09-14 03:15:10 We’re celebrating my girlfriend’s birthday and our anniversary during our stay, so I’d really appreciate it if you could make the room feel extra special for her. If possible, any decorations, a small surprise, or a thoughtful touch in the room would mean a lot and help make the occasion even more memorable. Thank you so much for helping me surprise her! BOOKING NOTE : Payment charge is GBP 1.78848  Genius Booker ",,,,,"2026-09-13",,,,
La Casa Studios Near Hyde Park,2026-08-11T10:32:08,200-054-891,KUU-139-646,5832600373,,Buran,Delia,"2026-09-22","2026-09-25",3,Standard-Studio-Ensuite-Basement level -La Casa,,Studio 2,,2,0,GBP,0.00,0.00,0.00,0.00,Online,Booking.com,Booking.com,On Account,Canceled,,bdelia.208421@guest.booking.com,+40 748 962 846,,"Genius Rate  Non-Smoking  Promos: Mobile(App) Rate  There is no meal option with this room. Children and Extra Bed Policy: Children of any age are allowed. You haven't added any cots. You haven't added any extra beds. The maximum number of guests is 2.  Deposit Policy: The guest will be charged a prepayment of the total price of the reservation at any time.  Cancellation Policy: The guest can cancel free of charge until 5 days before arrival. The guest will be charged the total price of the reservation if they cancel in the 5 days before arrival.  payment_on_Booking.com (Payout type: BankTransfer)  ** THIS RESERVATION HAS BEEN PRE-PAID ** BOOKING NOTE : Payment charge is GBP 4.1736  Genius Booker ",,,,,"2026-08-11",,,,
Modern Studios Close To Hyde Park,2026-06-02T06:13:43,218-544-924,OYY-306-143,6637602549,,amir,husin nor,"2026-09-22","2026-09-25",3,Family-Studio-Ensuite-Quad LG,Base Rate,Flat 20,,4,0,GBP,372.45,372.45,337.45,35.00,Online,Booking.com,Booking.com,On Account,Confirmed,,anor.184516@guest.booking.com,+60 13 397 7976,,"Non-Smoking  Promos: Mobile(App) Rate  There is no meal option with this room. Children and Extra Bed Policy: Children of any age are allowed. You haven't added any cots. You haven't added any extra beds. The maximum number of guests is 4.  Deposit Policy: The guest will be charged a prepayment of the total price of the reservation at any time.  Cancellation Policy: The guest can cancel free of charge until 7 days before arrival. The guest will be charged the total price of the reservation if they cancel in the 7 days before arrival.  payment_on_Booking.com (Payout type: BankTransfer)  ** THIS RESERVATION HAS BEEN PRE-PAID ** BOOKING NOTE : Payment charge is GBP 5.9592  Genius Booker ",,,,,"2026-06-02",,,,
Holland Rd Studios Close to Olympia London,2026-09-15T12:13:00,220-264-542,RBJ-109-347,6304372298,,leo,delmouly,"2026-09-22","2026-09-24",2,Double room-Ensuite HR,Non refundable rate,Room 18 3rd,,1,0,GBP,187.12,187.12,152.12,35.00,Online,Booking.com,Booking.com,On Account,Confirmed,,ldelmo.476431@guest.booking.com,+44 7712 572069,,"Genius Rate  Non-Smoking  Promos: Domestic  There is no meal option with this room. Children and Extra Bed Policy: Children of any age are allowed. 1 child (up to and including 2 years old) stays for free when using available cots.  You haven't added any extra beds. The maximum number of cots is 1. The maximum number of guests is 2.  Deposit Policy: The guest will be charged a prepayment of the total price of the reservation at any time.  Cancellation Policy: The guest will be charged the total price of the reservation if they cancel at any time.  payment_on_Booking.com (Payout type: BankTransfer)  ** THIS RESERVATION HAS BEEN PRE-PAID ** BOOKING NOTE : Payment charge is GBP 2.99392  Genius Booker ",,,,,"2026-09-15",,,,
Modern Studios Close To Hyde Park,2025-11-20T21:37:24,236-365-234,HEI-500-430,1418fb94e984-ebe8aa8fb0b156c474b535acf6ce345d@airbnb.com,,Reserved,iCal,"2026-09-22","2026-09-26",4,Family-Studio-Ensuite,,Flat 26 3rd,,1,0,GBP,0.00,0.00,0.00,0.00,iCal,ical1,,Deposit (Variable),Canceled,,,,,Reservation URL: https://www.airbnb.com/hosting/reservations/details/HMWY3W3HQD,,,,,"2025-11-20",,,,
Amsterdam Hotel,2026-02-10T09:01:18,248-581-312,OBU-189-001,5034899278,,Alicja,Klimkiewicz,"2026-09-22","2026-09-25",3,Compact-Double room-Ensuite,,Room 13 2ND Floor,,2,0,GBP,0.00,0.00,0.00,0.00,Online,Booking.com,Booking.com,On Account,Canceled,,aklimk.990098@guest.booking.com,+48 698 082 505,,"Genius Rate  Non-Smoking  Promos: International  There is no meal option with this room. Children and Extra Bed Policy: Children of any age are allowed. You haven't added any cots. You haven't added any extra beds. The maximum number of guests is 2.  Deposit Policy: The guest will be charged a prepayment of the total price of the reservation at any time.  Cancellation Policy: The guest can cancel free of charge until 2 days before arrival. The guest will be charged the total price of the reservation if they cancel in the 2 days before arrival.  payment_on_Booking.com (Payout type: BankTransfer)  ** THIS RESERVATION HAS BEEN PRE-PAID ** BOOKING NOTE : Payment charge is GBP 3.86208  Genius Booker ",,,,,"2026-02-10",,,,
Amsterdam Hotel,2026-09-09T16:51:15,249-680-112,YKK-784-713,,,,S.MENASON,"2026-09-22","2026-09-25",3,Twin room-Standard-Ensuite/Amsterdam,Base Rate,Room 27 Basement,,1,0,GBP,220.00,0.00,220.00,0.00,Direct,,,On Account,Confirmed,,,,,,,,,,"2026-09-09",,,,
The Carlton Hotel,2026-09-16T13:56:17,289-026-602,NID-712-435,6612342119,,Bradley,Oneill,"2026-09-22","2026-09-25",3,Standard Sea view Double room,Non Refundable,Room 309,,2,0,GBP,153.09,153.09,153.09,0.00,Online,Booking.com,Booking.com,On Account,Confirmed,,boneil.439563@guest.booking.com,+44 7904 546143,,"Non-Smoking  Promos: Domestic  There is no meal option with this room. Children and Extra Bed Policy: Children of any age are allowed. You haven't added any extra beds. The maximum number of cots is 1. The maximum number of guests is 2.  Deposit Policy: The guest will be charged a prepayment of the total price of the reservation at any time.  Cancellation Policy: The guest will be charged the total price of the reservation if they cancel at any time.  payment_on_Booking.com (Payout type: BankTransfer)  ** THIS RESERVATION HAS BEEN PRE-PAID ** BOOKING NOTE : Payment charge is GBP 2.44944  Genius Booker ",,,,,"2026-09-16",,,,
Holland Rd Studios Close to Olympia London,2026-01-05T03:35:13,296-221-384,JJT-478-291,5081886707,,Harmony,Power,"2026-09-22","2026-10-06",14,Double-Studio-Ensuite,Base Rate,Flat 10 1st,,1,0,GBP,1179.53,1179.53,1144.53,35.00,Online,Booking.com,Booking.com,On Account,Confirmed,,hpower.788116@guest.booking.com,+61 402 823 255,,"Genius Rate  Non-Smoking  Promos: International  There is no meal option with this room. Children and Extra Bed Policy: Children of any age are allowed. You haven't added any cots. You haven't added any extra beds. The maximum number of guests is 2.  Deposit Policy: The guest will be charged a prepayment of the total price of the reservation at any time.  Cancellation Policy: The guest can cancel free of charge until 7 days before arrival. The guest will be charged the total price of the reservation if they cancel in the 7 days before arrival.  payment_on_Booking.com (Payout type: BankTransfer)  ** THIS RESERVATION HAS BEEN PRE-PAID ** BOOKING NOTE : Payment charge is GBP 18.87248  Genius Booker ",,,,,"2026-01-05",,,,
Hammersmith Stayz,2026-09-14T10:06:19,298-599-054,CVG-770-731,2558358109,,TINA,YONGE,"2026-09-22","2026-09-24",2,Standard Double Studio Ensuite/Hammersmith Stayz,Non Refundable,Studio 8 2nd F,,2,0,GBP,186.57,186.57,156.57,30.00,Online,Expedia Affiliate Network,Expedia & Affiliate Network,On Account,Confirmed,,lvmm4e71aa@m.expediapartnercentral.com,111111111111,,"1 Queen Bed Expedia collects payment from traveler: Hotel invoices Expedia. ",,,,,"2026-09-14",,,,
Amsterdam Hotel,2025-12-07T00:26:06,302-415-211,HSL-040-979,6459291110,,Ruby,Marin,"2026-09-22","2026-09-29",7,Twin room-Standard-Ensuite,,Room 27 Basement,,2,0,GBP,0.00,0.00,0.00,0.00,Online,Booking.com,Booking.com,On Account,Canceled,,rmarin.989747@guest.booking.com,+1 213 300 2494,,"payment_on_Booking.com (Payout type: BankTransfer)  Non-Smoking  ** THIS RESERVATION HAS BEEN PRE-PAID ** BOOKING NOTE : Payment charge is GBP 8.8128  Genius Booker  Genius Rate  There is no meal option with this room. Children and Extra Bed Policy: Children of any age are allowed. You haven't added any cots. You haven't added any extra beds. The maximum number of guests is 2.  Deposit Policy: The guest will be charged a prepayment of the total price of the reservation at any time.  Cancellation Policy: The guest can cancel free of charge until 2 days before arrival. The guest will be charged the total price of the reservation if they cancel in the 2 days before arrival.",,,,,"2025-12-07",,,,
Cluny Hill Hotel,2026-09-17T11:05:34,315-189-014,HSP-433-503,6747487458,,Jean,Laurent Gary Louis,"2026-09-22","2026-10-02",10,Standard Family Room,,Room 78,,2,2,GBP,668.16,See 003-395-492,668.16,0.00,Online,Booking.com,Booking.com,On Account,Confirmed,,chandf.712549@guest.booking.com,+44 7976 225020,,"Group: 7 x Adult, 7 x Child  Child Ages: 5, 8  Genius Rate  Non-Smoking  There is no meal option with this room. Children and Extra Bed Policy: Children of any age are allowed. You haven't added any cots. You haven't added any extra beds. The maximum number of guests is 4.  Deposit Policy: The guest will be charged a prepayment of the total price of the reservation at any time.  Cancellation Policy: The guest can cancel free of charge until 5 days before arrival. The guest will be charged the total price of the reservation if they cancel in the 5 days before arrival.  payment_on_Booking.com (Payout type: BankTransfer)  ** THIS RESERVATION HAS BEEN PRE-PAID ** BOOKING NOTE : Payment charge is GBP 46.05888  Genius Booker ",,,,,"2026-09-17",,,,
La Casa Studios Near Hyde Park,2026-08-13T09:03:17,315-489-141,JQG-664-486,5079812141,,Martina,Mattioli,"2026-09-22","2026-09-26",4,Large Studio - Ensuite - La Casa,Base Rate,Studio 12,,2,0,GBP,459.16,459.16,424.16,35.00,Online,Booking.com,Booking.com,On Account,Confirmed,,mmatti.141677@guest.booking.com,+34 604 28 85 76,,"Genius Rate  Non-Smoking  There is no meal option with this room. Children and Extra Bed Policy: Children of any age are allowed. You haven't added any cots. You haven't added any extra beds. The maximum number of guests is 2.  Deposit Policy: The guest will be charged a prepayment of the total price of the reservation at any time.  Cancellation Policy: The guest can cancel free of charge until 5 days before arrival. The guest will be charged the total price of the reservation if they cancel in the 5 days before arrival.  payment_on_Booking.com (Payout type: BankTransfer)  ** THIS RESERVATION HAS BEEN PRE-PAID ** BOOKING NOTE : Payment charge is GBP 7.34656  Genius Booker ",,,,,"2026-08-13",,,,
Amsterdam Hotel,2026-04-02T16:06:00,321-548-114,RFY-948-684,5837643152,,Camila,Eugénio,"2026-09-22","2026-09-26",4,Compact-Double room-Ensuite/Amsterdam,Flexible 48 hours,Room 13 2ND Floor,,2,0,GBP,375.41,375.41,375.41,0.00,Online,Booking.com,Booking.com,On Account,Confirmed,,ceugen.717244@guest.booking.com,+45 50 33 10 16,,"Genius Rate  Non-Smoking  Promos: International  There is no meal option with this room. Children and Extra Bed Policy: Children of any age are allowed. You haven't added any cots. You haven't added any extra beds. The maximum number of guests is 2.  Deposit Policy: The guest will be charged a prepayment of the total price of the reservation at any time.  Cancellation Policy: The guest can cancel free of charge until 2 days before arrival. The guest will be charged the total price of the reservation if they cancel in the 2 days before arrival.  payment_on_Booking.com (Payout type: BankTransfer)  ** THIS RESERVATION HAS BEEN PRE-PAID ** BOOKING NOTE : Payment charge is GBP 6.00656  Genius Booker ",,,,,"2026-04-02",,,,
Holland Rd Studios Close to Olympia London,2026-09-10T16:32:04,340-449-254,XBX-354-834,5712062249,,Matt,Jones,"2026-09-22","2026-09-24",2,Mini-Studio-Ensuite HR,Base Rate,Flat 8 1st,,1,0,GBP,231.66,231.66,196.66,35.00,Online,Booking.com,Booking.com,On Account,Confirmed,,mjones.904176@guest.booking.com,+44 7908455899,,"Genius Rate  Non-Smoking  Promos: Domestic  There is no meal option with this room. Children and Extra Bed Policy: Children of any age are allowed. 1 child (up to and including 2 years old) stays for free when using available cots.  You haven't added any extra beds. The maximum number of cots is 1. The maximum number of guests is 2.  Deposit Policy: The guest will be charged a prepayment of the total price of the reservation at any time.  Cancellation Policy: The guest can cancel free of charge until 7 days before arrival. The guest will be charged the total price of the reservation if they cancel in the 7 days before arrival.  payment_on_Booking.com (Payout type: BankTransfer)  ** THIS RESERVATION HAS BEEN PRE-PAID ** BOOKING NOTE : Payment charge is GBP 3.70656 ",,,,,"2026-09-10",,,,
Savoy Hotel,2026-09-16T10:28:25,366-685-211,AYY-510-229,6958882947,,Karl,Deeley,"2026-09-22","2026-09-24",2,Double room-Standard-Ensuite-Brichfield,Non Refundable,Room 402 brichfield,,2,0,GBP,207.00,107.00,107.00,100.00,Online,Booking.com,Booking.com,On Account,Confirmed,,kdeele.576562@guest.booking.com,+44 7889 641163,,"Non-Smoking  There is no meal option with this room. Children and Extra Bed Policy: Children of any age are allowed. You haven't added any cots. You haven't added any extra beds. The maximum number of guests is 2.  Deposit Policy: The guest will be charged a prepayment of the total price of the reservation at any time.  Cancellation Policy: The guest will be charged the total price of the reservation if they cancel at any time.  payment_on_Booking.com (Payout type: BankTransfer)  ** THIS RESERVATION HAS BEEN PRE-PAID ** BOOKING NOTE : Payment charge is GBP 1.712  Genius Booker ",,,,,"2026-09-16",,,,
Modern Studios Close To Hyde Park,2026-09-11T14:18:21,386-013-591,WRH-353-453,2556425013,,Samuel Leslie David,Higgins,"2026-09-22","2026-09-24",2,Family-Studio-Ensuite-Quad LG,Base Rate,Flat 19 2nd F - Split level,,1,0,GBP,222.21,222.21,187.21,35.00,Online,Expedia,Expedia & Affiliate Network,On Account,Confirmed,,8leos9mx0l@m.expediapartnercentral.com,111111111111,,"1 Queen Bed travel purpose=business ",,,,,"2026-09-11",,,,
Crofton House Hotel,2026-09-16T20:08:26,386-029-092,DJV-649-296,5126080739,,Isabel,Gonzalez,"2026-09-22","2026-09-23",1,Comfort-Single room-Ensuite,Non Refundable,Cottage Single Room 3,,1,0,GBP,43.09,43.09,43.09,0.00,Online,Booking.com,Booking.com,On Account,Confirmed,,igonza.582933@guest.booking.com,+44 7717 470786,,"Genius Rate  Non-Smoking  Promos: International  There is no meal option with this room. Children and Extra Bed Policy: Children of any age are allowed. You haven't added any cots. You haven't added any extra beds. The maximum number of guests is 1.  Deposit Policy: The guest will be charged a prepayment of the total price of the reservation at any time.  Cancellation Policy: The guest will be charged the total price of the reservation if they cancel at any time.  payment_on_Booking.com (Payout type: BankTransfer)  ** THIS RESERVATION HAS BEEN PRE-PAID ** BOOKING NOTE : Payment charge is GBP 0.68944  Genius Booker ",,,,,"2026-09-16",,,,
Savoy Hotel,2026-08-02T19:02:51,393-825-224,MHR-797-772,2524842396,,Pauline,Hendrick,"2026-09-22","2026-09-24",2,Twin room-Standard-Ensuite-Sea view-Brichfield,Non Refundable,Room 408 brichfield,,2,0,GBP,206.00,106.00,106.00,100.00,Online,Expedia,Expedia & Affiliate Network,On Account,Confirmed,,pa.tully@hotmail.com,+447780672026,,"2 Twin Beds Multi-room booking. Primary traveler:Hendrick, Pauline. 1 of 2 rooms. Expedia collects payment from traveler: Hotel invoices Expedia. ",,,,,"2026-08-02",,,,
London Gatwick Inn,2026-09-16T22:03:17,393-826-484,HQH-393-277,2560567266,,YIXIAN,WANG,"2026-09-22","2026-09-23",1,Twin,Base Rate,301,,2,0,GBP,51.02,51.02,51.02,0.00,Online,Expedia Affiliate Network,Expedia & Affiliate Network,On Account,Confirmed,,paymj21t8p@m.expediapartnercentral.com,111111111111,,"2 Twin Beds Expedia collects payment from traveler: Hotel invoices Expedia. ",,,,,"2026-09-16",,,,
Amsterdam Hotel,2026-03-22T22:20:58,398-005-062,MWD-571-272,5513898485,,Leila,Possemato,"2026-09-22","2026-09-26",4,Compact-Double room-Ensuite/Amsterdam,Flexible 48 hours,Room 11 2ND Floor Refurbished,,2,0,GBP,341.97,341.97,341.97,0.00,Online,Booking.com,Booking.com,On Account,Confirmed,,lposse.118812@guest.booking.com,+39 366 711 022,,"Genius Rate  Non-Smoking  Promos: International  There is no meal option with this room. Children and Extra Bed Policy: Children of any age are allowed. You haven't added any cots. You haven't added any extra beds. The maximum number of guests is 2.  Deposit Policy: The guest will be charged a prepayment of the total price of the reservation at any time.  Cancellation Policy: The guest can cancel free of charge until 2 days before arrival. The guest will be charged the total price of the reservation if they cancel in the 2 days before arrival.  payment_on_Booking.com (Payout type: BankTransfer)  ** THIS RESERVATION HAS BEEN PRE-PAID ** BOOKING NOTE : Payment charge is GBP 5.47152  Genius Booker ",,,,,"2026-03-22",,,,
Portobello Road Artistic Studios,2026-09-12T08:11:18,408-636-654,TKN-371-079,6010213616,,Heidi,Beierlein,"2026-09-22","2026-09-28",6,Double Studio 202,Base Rate,Flat 11 - 2nd F,,2,0,GBP,643.60,643.60,608.60,35.00,Online,Booking.com,Booking.com,On Account,Confirmed,,hbeier.342861@guest.booking.com,+49 162 1055663,,"Non-Smoking  Promos: Mobile(App) Rate  There is no meal option with this room. Children and Extra Bed Policy: Children of any age are allowed. You haven't added any cots. You haven't added any extra beds. The maximum number of guests is 2.  Deposit Policy: The guest will be charged a prepayment of the total price of the reservation at any time.  Cancellation Policy: The guest can cancel free of charge until 5 days before arrival. The guest will be charged the total price of the reservation if they cancel in the 5 days before arrival.  payment_on_Booking.com (Payout type: BankTransfer)  ** THIS RESERVATION HAS BEEN PRE-PAID ** BOOKING NOTE : Payment charge is GBP 10.2976  Genius Booker ",,,,,"2026-09-12",,,,
La Casa Studios Near Hyde Park,2026-09-04T19:10:06,438-031-552,NJY-223-714,6626545464,,Ahmet,Yasin Aydin,"2026-09-22","2026-09-27",5,Standard Studio Ensuite with Shower- La Casa,Non Refundable,Studio 7,,2,0,GBP,579.77,579.77,544.77,35.00,Online,Booking.com,Booking.com,On Account,Confirmed,,aaydin.477040@guest.booking.com,+90 554 616 93 49,,"Genius Rate  Non-Smoking  There is no meal option with this room. Children and Extra Bed Policy: Children of any age are allowed. You haven't added any cots. You haven't added any extra beds. The maximum number of guests is 2.  Deposit Policy: The guest will be charged a prepayment of the total price of the reservation at any time.  Cancellation Policy: The guest will be charged the total price of the reservation if they cancel at any time.  payment_on_Booking.com (Payout type: BankTransfer)  ** THIS RESERVATION HAS BEEN PRE-PAID ** Reservation has a cancellation grace period. Do not charge if cancelled before 2026-09-05 20:08:52 BOOKING NOTE : Payment charge is GBP 9.27632  Genius Booker ",,,,,"2026-09-04",,,,
Modern Studios Close To Hyde Park,2025-11-11T10:17:56,440-053-124,EVI-651-986,1418fb94e984-ebe8aa8fb0b156c474b535acf6ce345d@airbnb.com,,Reserved,iCal,"2026-09-22","2026-09-26",4,Family-Studio-Ensuite,,Flat 26 3rd,,1,0,GBP,0.00,0.00,0.00,0.00,iCal,ical1,,Deposit (Variable),Canceled,,,,,Reservation URL: https://www.airbnb.com/hosting/reservations/details/HMWY3W3HQD,,,,,"2025-11-11",,,,
The Beresford Hotel,2026-07-11T16:31:10,461-085-911,RKT-148-213,2506958027,,Reg,Dixon,"2026-09-22","2026-09-27",5,Double room-Standard-Ensuite-Sea view,Base Rate,46,,2,0,GBP,373.21,373.21,373.21,0.00,Online,Expedia,Expedia & Affiliate Network,On Account,Confirmed,,tajyf627vn@m.expediapartnercentral.com,1111111111111,,"Multi-room booking. Primary traveler:Dixon, Anthony. 2 of 2 rooms. Expedia collects payment from traveler: Hotel invoices Expedia. ",,,,,"2026-07-11",,,,
London Gatwick Inn,2026-09-06T08:24:28,465-041-292,YHM-202-985,2552179582,,Paul,Harbourne,"2026-09-22","2026-09-23",1,Small single,Base Rate,304,,1,0,GBP,49.49,49.49,49.49,0.00,Online,Expedia,Expedia & Affiliate Network,On Account,Confirmed,,pb1ckj3l6x@m.expediapartnercentral.com,1111111111111,,"Expedia collects payment from traveler: Hotel invoices Expedia. ",,,,,"2026-09-06",,,Don't move guest asked for this room,
Amsterdam Hotel,2026-06-03T00:28:10,481-426-111,WAQ-275-047,5912812513,,Paula,Navarro Jimenez,"2026-09-22","2026-09-27",5,Compact-Double room-Ensuite/Amsterdam,Flexible 48 hours,Room 6 1ST Floor Refurbished,,2,0,GBP,519.37,519.37,519.37,0.00,Online,Booking.com,Booking.com,On Account,Confirmed,,pjimen.824127@guest.booking.com,+34 692 84 84 53,,"Genius Rate  Non-Smoking  Promos: International  There is no meal option with this room. Children and Extra Bed Policy: Children of any age are allowed. You haven't added any cots. You haven't added any extra beds. The maximum number of guests is 2.  Deposit Policy: The guest will be charged a prepayment of the total price of the reservation at any time.  Cancellation Policy: The guest can cancel free of charge until 2 days before arrival. The guest will be charged the total price of the reservation if they cancel in the 2 days before arrival.  payment_on_Booking.com (Payout type: BankTransfer)  ** THIS RESERVATION HAS BEEN PRE-PAID ** BOOKING NOTE : Payment charge is GBP 8.30992  Genius Booker ",,,,,"2026-06-02",,,,
Amsterdam Hotel,2026-08-14T10:56:44,486-653-184,ARV-431-850,2534434098,,Angelita,Frozza Sanches,"2026-09-22","2026-09-24",2,Compact-Double room-Ensuite/Amsterdam,Non Refundable rate,Room 26 Basement,,1,0,GBP,213.06,0.00,213.06,0.00,Online,Expedia Affiliate Network,Expedia & Affiliate Network,Pay On Arrival,Confirmed,,office@hrs.de,111111111111,,"1 Double Bed Charge VIRTUAL card ON CHECKOUT (max 3 times). Do NOT charge guest or cancel booking; email vcc@hrs.com. Only charge services listed; guest pays others. Questions? Call HRS on +492212077600. HRS BookingProcess: 203601188 ",,,,,"2026-08-14",,,,
Amsterdam Hotel,2026-08-09T21:15:30,496-912-561,LIA-168-526,5655173199,,Takács,György,"2026-09-22","2026-09-25",3,Quad room-Ensuite/Amsterdam,,Room 15 3RD Floor,,4,0,GBP,0.00,0.00,0.00,0.00,Online,Booking.com,Booking.com,On Account,Canceled,,gtakac.120844@guest.booking.com,+36 30 250 1364,,"Genius Rate  Non-Smoking  There is no meal option with this room. Children and Extra Bed Policy: Children of any age are allowed. You haven't added any cots. You haven't added any extra beds. The maximum number of guests is 4.  Deposit Policy: The guest will be charged a prepayment of the total price of the reservation at any time.  Cancellation Policy: The guest can cancel free of charge until 2 days before arrival. The guest will be charged the total price of the reservation if they cancel in the 2 days before arrival.  payment_on_Booking.com (Payout type: BankTransfer)  ** THIS RESERVATION HAS BEEN PRE-PAID ** Approximate time of arrival: between 15:00 and 16:00 BOOKING NOTE : Payment charge is GBP 5.45376  Genius Booker ",,,,,"2026-08-09",,,,
Cluny Hill Hotel,2026-09-17T11:05:34,532-940-081,HSP-433-503,6747487458,,Tom,Stive,"2026-09-22","2026-10-02",10,Standard Twin room ,Non Refundable,Room 33,,1,1,GBP,463.20,See 003-395-492,463.20,0.00,Online,Booking.com,Booking.com,On Account,Confirmed,,chandf.712549@guest.booking.com,+44 7976 225020,,"Group: 7 x Adult, 7 x Child  Child Ages: 12  Genius Rate  Non-Smoking  There is no meal option with this room. Children and Extra Bed Policy: Children of any age are allowed. You haven't added any cots. You haven't added any extra beds. The maximum number of guests is 2.  Deposit Policy: The guest will be charged a prepayment of the total price of the reservation at any time.  Cancellation Policy: The guest will be charged the total price of the reservation if they cancel at any time.  payment_on_Booking.com (Payout type: BankTransfer)  ** THIS RESERVATION HAS BEEN PRE-PAID ** BOOKING NOTE : Payment charge is GBP 46.05888  Genius Booker ",,,,,"2026-09-17",,,,
Cozy Flats Near Olympia and Westfield,2026-07-29T19:36:38,539-106-121,WEB-705-759,,,,Harmony Power,"2026-09-22","2026-10-06",14,Double Studio Ensuite,,Flat 10 HR,,1,0,GBP,0.00,0.00,0.00,0.00,Direct,,,On Account,Canceled,,,,,"Check-in: Tue 22 Sep 2026 Check Out: Tue 06 Oct 2026 Nights: 14 Source: Booking.com  Paid: £1,179.53 ",,,,,"2026-07-29",,,,
Holland Rd Studios Close to Olympia London,2026-02-02T16:19:20,568-198-082,WJD-125-003,5969268291,,Antti,Rask,"2026-09-22","2026-09-27",5,Single-Studio-Ensuite with Shower,,Flat 16 3rd,,1,0,GBP,0.00,0.00,0.00,0.00,Online,Booking.com,Booking.com,On Account,Canceled,,arask.278920@guest.booking.com,+358 50 3886520,,"Genius Rate  Non-Smoking  Promos: International  There is no meal option with this room. Children and Extra Bed Policy: Children of any age are allowed. You haven't added any cots. You haven't added any extra beds. The maximum number of guests is 1.  Deposit Policy: The guest will be charged a prepayment of the total price of the reservation at any time.  Cancellation Policy: The guest can cancel free of charge until 7 days before arrival. The guest will be charged the total price of the reservation if they cancel in the 7 days before arrival.  payment_on_Booking.com (Payout type: BankTransfer)  ** THIS RESERVATION HAS BEEN PRE-PAID ** BOOKING NOTE : Payment charge is GBP 5.7432  Genius Booker ",,,,,"2026-02-02",,,,
Modern Studios Close To Hyde Park,2025-12-28T23:43:58,594-093-552,NGV-474-050,6724445908,,López,Álvarez Ángela,"2026-09-22","2026-09-27",5,Family-Studio-Ensuite-Quad LG,Base Rate,Flat 15 (quad) 1st-Split level,,3,0,GBP,490.00,490.00,450.00,40.00,Online,Booking.com,Booking.com,On Account,Confirmed,,langel.401938@guest.booking.com,+34 605 26 19 78,,"Non-Smoking  Promos: European Economic Area  There is no meal option with this room. Children and Extra Bed Policy: Children of any age are allowed. You haven't added any cots. You haven't added any extra beds. The maximum number of guests is 3.  Deposit Policy: The guest will be charged a prepayment of the total price of the reservation at any time.  Cancellation Policy: The guest can cancel free of charge until 7 days before arrival. The guest will be charged the total price of the reservation if they cancel in the 7 days before arrival.  payment_on_Booking.com (Payout type: BankTransfer)  ** THIS RESERVATION HAS BEEN PRE-PAID ** BOOKING NOTE : Payment charge is GBP 7.84  Genius Booker ",,,,,"2025-12-28",,,,
Amsterdam Hotel,2026-09-06T20:35:32,601-910-102,QNO-075-589,5672421672,,Arif,Harjanto Djanatin,"2026-09-22","2026-09-26",4,Quad room-Ensuite/Amsterdam,Non Refundable Rate,Room 5 1ST Floor Refurbished,,3,0,GBP,464.36,464.36,464.36,0.00,Online,Booking.com,Booking.com,On Account,Confirmed,,adjana.780392@guest.booking.com,+974 6683 9372,,"Genius Rate  Non-Smoking  There is no meal option with this room. Children and Extra Bed Policy: Children of any age are allowed. You haven't added any cots. You haven't added any extra beds. The maximum number of guests is 4.  Deposit Policy: The guest will be charged a prepayment of the total price of the reservation at any time.  Cancellation Policy: The guest will be charged the total price of the reservation if they cancel at any time.  payment_on_Booking.com (Payout type: BankTransfer)  ** THIS RESERVATION HAS BEEN PRE-PAID ** Reservation has a cancellation grace period. Do not charge if cancelled before 2026-09-07 21:34:14 Approximate time of arrival: between 10:00 and 11:00 I prefer room at low floor. Ground floor will be the best. Thank you. BOOKING NOTE : Payment charge is GBP 7.42976  Genius Booker ",,,,,"2026-09-06",,,"Don't move, guest asked for this floor",
Cozy Flats Near Olympia and Westfield,2026-08-20T19:41:49,606-934-651,ZVG-385-069,5976624467,,casado,fernandez SARA,"2026-09-22","2026-09-28",6,Double Studio Ensuite-Cozy Flats,Non Refundable,Flat 12 HR,,2,0,GBP,426.85,426.85,391.85,35.00,Online,Booking.com,Booking.com,On Account,Confirmed,,csara.498937@guest.booking.com,+34 640 57 55 62,,"Genius Rate  Non-Smoking  Promos: Mobile(App) Rate  There is no meal option with this room. Children and Extra Bed Policy: Children of any age are allowed. 1 child (up to and including 2 years old) stays for free when using available cots.  You haven't added any extra beds. The maximum number of cots is 1. The maximum number of guests is 2.  Deposit Policy: The guest will be charged a prepayment of the total price of the reservation at any time.  Cancellation Policy: The guest will be charged the total price of the reservation if they cancel at any time.  payment_on_Booking.com (Payout type: BankTransfer)  ** THIS RESERVATION HAS BEEN PRE-PAID ** Reservation has a cancellation grace period. Do not charge if cancelled before 2026-08-21 20:40:07 BOOKING NOTE : Payment charge is GBP 6.8296  Genius Booker ",,,,,"2026-08-20",,,,
Hammersmith Stayz,2026-08-20T10:35:30,616-361-331,OMA-470-792,6004772711,,Antonella,Lombardi,"2026-09-22","2026-09-25",3,Standard Double Studio Ensuite/Hammersmith Stayz,,Studio 5 1st F,,1,0,GBP,0.00,0.00,0.00,0.00,Online,Booking.com,Booking.com,On Account,Canceled,,alomba.489004@guest.booking.com,+39 334 139 1476,,"Genius Rate  Non-Smoking  There is no meal option with this room. Children and Extra Bed Policy: Children of any age are allowed. 1 child (up to and including 2 years old) stays for free when using available cots.  You haven't added any extra beds. The maximum number of cots is 1. The maximum number of guests is 2.  Deposit Policy: The guest will be charged a prepayment of the total price of the reservation at any time.  Cancellation Policy: The guest can cancel free of charge until 5 days before arrival. The guest will be charged the total price of the reservation if they cancel in the 5 days before arrival.  payment_on_Booking.com (Payout type: BankTransfer)  ** THIS RESERVATION HAS BEEN PRE-PAID ** BOOKING NOTE : Payment charge is GBP 3.3984  Genius Booker ",,,,,"2026-08-20",,,,
Amsterdam Hotel,2026-02-21T12:53:29,622-230-812,MPJ-340-079,6457199783,,Ruby,Marin,"2026-09-22","2026-09-29",7,Quad room-Ensuite,,Room 16 3RD Floor Refurbished,,3,0,GBP,0.00,0.00,0.00,0.00,Online,Booking.com,Booking.com,On Account,Canceled,,rmarin.370071@guest.booking.com,+1 213 880 9680,,"payment_on_Booking.com (Payout type: BankTransfer)  Non-Smoking  ** THIS RESERVATION HAS BEEN PRE-PAID ** BOOKING NOTE : Payment charge is GBP 14.144  Genius Booker  Genius Rate  There is no meal option with this room. Children and Extra Bed Policy: Children of any age are allowed. You haven't added any cots. You haven't added any extra beds. The maximum number of guests is 4.  Deposit Policy: The guest will be charged a prepayment of the total price of the reservation at any time.  Cancellation Policy: The guest can cancel free of charge until 2 days before arrival. The guest will be charged the total price of the reservation if they cancel in the 2 days before arrival.",,,,,"2026-02-21",,,,
Amsterdam Hotel,2026-09-09T07:54:51,636-583-582,ZIC-190-455,5917207043,,Jiare,Crowley,"2026-09-22","2026-09-24",2,Quad room-Ensuite/Amsterdam,Non Refundable Rate,Room 15 3RD Floor,,1,0,GBP,219.64,219.64,219.64,0.00,Online,Booking.com,Booking.com,On Account,Confirmed,,jcrowl.905449@guest.booking.com,+61 484 124 840,,"Genius Rate  Non-Smoking  There is no meal option with this room. Children and Extra Bed Policy: Children of any age are allowed. You haven't added any cots. You haven't added any extra beds. The maximum number of guests is 4.  Deposit Policy: The guest will be charged a prepayment of the total price of the reservation at any time.  Cancellation Policy: The guest will be charged the total price of the reservation if they cancel at any time.  payment_on_Booking.com (Payout type: BankTransfer)  ** THIS RESERVATION HAS BEEN PRE-PAID ** Reservation has a cancellation grace period. Do not charge if cancelled before 2026-09-10 08:53:37 BOOKING NOTE : Payment charge is GBP 3.51424  Genius Booker ",,,,,"2026-09-09",,,,
Modern Studios Close To Hyde Park,2025-11-20T05:22:16,640-080-121,KNS-389-030,1418fb94e984-ebe8aa8fb0b156c474b535acf6ce345d@airbnb.com,,Reserved,iCal,"2026-09-22","2026-09-26",4,Family-Studio-Ensuite,,Flat 26 3rd,,1,0,GBP,0.00,0.00,0.00,0.00,iCal,ical1,,Deposit (Variable),Canceled,,,,,Reservation URL: https://www.airbnb.com/hosting/reservations/details/HMWY3W3HQD,,,,,"2025-11-20",,,,
Wembar Hotel,2026-09-11T15:00:07,644-083-801,ZMO-863-470,5315567911,,Ebru,Kıreker Kedik,"2026-09-22","2026-09-26",4,Double room-Deluxe-Ensuite with Shower/Wembar,Non Refundable,Room 22 - Bet. G & 1st F,,2,0,GBP,504.85,504.85,504.85,0.00,Online,Booking.com,Booking.com,On Account,Confirmed,,ekedik.979386@guest.booking.com,+90 532 599 38 75,,"Non-Smoking  There is no meal option with this room. Children and Extra Bed Policy: Children ages 1 and older are allowed. You haven't added any cots. You haven't added any extra beds. The maximum number of guests is 2.  Deposit Policy: The guest will be charged a prepayment of the total price of the reservation at any time.  Cancellation Policy: The guest will be charged the total price of the reservation if they cancel at any time.  payment_on_Booking.com (Payout type: BankTransfer)  ** THIS RESERVATION HAS BEEN PRE-PAID ** Just make sure the room is clean and we are all good :) BOOKING NOTE : Payment charge is GBP 8.0776  Genius Booker ",,,,,"2026-09-11",,,,
Amsterdam Hotel,2026-08-26T07:58:45,650-940-162,XVR-015-590,5345456281,,Andrea,Perota,"2026-09-22","2026-09-24",2,Modern-Double room-Ensuite/Amsterdam,,Room 25 5TH Floor Refurbished,,1,0,GBP,0.00,0.00,0.00,0.00,Online,Booking.com,Booking.com,On Account,Canceled,,aperot.330123@guest.booking.com,+39 335 104 1550,,"Genius Rate  Non-Smoking  There is no meal option with this room. Children and Extra Bed Policy: Children of any age are allowed. You haven't added any cots. You haven't added any extra beds. The maximum number of guests is 2.  Deposit Policy: The guest will be charged a prepayment of the total price of the reservation at any time.  Cancellation Policy: The guest can cancel free of charge until 2 days before arrival. The guest will be charged the total price of the reservation if they cancel in the 2 days before arrival.  payment_on_Booking.com (Payout type: BankTransfer)  ** THIS RESERVATION HAS BEEN PRE-PAID ** BOOKING NOTE : Payment charge is GBP 3.08864  Genius Booker ",,,,,"2026-08-26",,,,
The Beresford Hotel,2026-07-11T16:31:07,660-615-912,AMD-643-180,2506958022,,Anthony,Dixon,"2026-09-22","2026-09-27",5,Double room-Standard-Ensuite-Sea view,Base Rate,102,,2,0,GBP,373.21,373.21,373.21,0.00,Online,Expedia,Expedia & Affiliate Network,On Account,Confirmed,,ynm2paefva@m.expediapartnercentral.com,1111111111111,,"Multi-room booking. Primary traveler:Dixon, Anthony. 1 of 2 rooms. Expedia collects payment from traveler: Hotel invoices Expedia. ",,,,,"2026-07-11",,,,
London Gatwick Inn,2026-08-13T09:06:33,668-319-694,IXL-963-297,689308467,,Charles,Collins,"2026-09-22","2026-09-23",1,Small single,,304,,1,0,GBP,0.00,0.00,0.00,0.00,Online,Agoda,Agoda,On Account,Canceled,,04sg65h90000001hb6evq7kqvqqmw@agoda-messaging.com,44 7951910527,," ",,,,,"2026-08-13",,,,
Holland Rd Studios Close to Olympia London,2026-08-26T14:03:03,690-880-004,YEV-942-601,2543649113,,RYAN,GARNETT,"2026-09-22","2026-09-24",2,Double room-Ensuite HR,,Room 18 3rd,,1,0,GBP,0.00,0.00,0.00,0.00,Online,Expedia Affiliate Network,Expedia & Affiliate Network,On Account,Canceled,,ryan.garnett@aviva.com,111111111111,,"1 Queen Bed travel purpose=business ",,,,,"2026-08-26",,,,
Holland Rd Studios Close to Olympia London,2026-09-10T10:45:34,691-898-431,TCT-756-061,6695877144,,Jenna,Shepherd,"2026-09-22","2026-09-24",2,Single-Studio-Ensuite with Shower HR,Non refundable rate,Flat 16 3rd,,1,0,GBP,173.78,173.78,138.78,35.00,Online,Booking.com,Booking.com,On Account,Confirmed,,jsheph.451163@guest.booking.com,+44 7730 563506,,"Genius Rate  Non-Smoking  Promos: Domestic  There is no meal option with this room. Children and Extra Bed Policy: Children of any age are allowed. 1 child (up to and including 2 years old) stays for free when using available cots.  You haven't added any extra beds. The maximum number of cots is 1. The maximum number of guests is 1.  Deposit Policy: The guest will be charged a prepayment of the total price of the reservation at any time.  Cancellation Policy: The guest will be charged the total price of the reservation if they cancel at any time.  payment_on_Booking.com (Payout type: BankTransfer)  ** THIS RESERVATION HAS BEEN PRE-PAID ** I am travelling for business and I may be using a business credit card. This guest has requested a receipt for their stay. BOOKING NOTE : Payment charge is GBP 2.78048  Genius Booker ",,,,,"2026-09-10",,,,
Modern Studios Close To Hyde Park,2026-05-05T20:48:09,695-441-902,QET-603-371,5359650582,,Bartosz,Tomala,"2026-09-22","2026-09-27",5,Comfort-Studio-Ensuite with Shower LG,,Flat 9 Ground-Split level,,1,0,GBP,0.00,0.00,0.00,0.00,Online,Booking.com,Booking.com,On Account,Canceled,,btomal.241703@guest.booking.com,+48 532 583 047,,"payment_on_Booking.com (Payout type: BankTransfer)  Non-Smoking  ** THIS RESERVATION HAS BEEN PRE-PAID ** BOOKING NOTE : Payment charge is GBP 8.4752  Genius Booker  Promos: Mobile(App) Rate  There is no meal option with this room. Children and Extra Bed Policy: Children of any age are allowed. You haven't added any cots. You haven't added any extra beds. The maximum number of guests is 2.  Deposit Policy: The guest will be charged a prepayment of the total price of the reservation at any time.  Cancellation Policy: The guest can cancel free of charge until 2 days before arrival. The guest will be charged the total price of the reservation if they cancel in the 2 days before arrival.",,,,,"2026-05-05",,,,
Cozy Flats Near Olympia and Westfield,2026-08-31T13:37:25,699-326-232,IHA-835-440,5694336312,,Muhammad,Usman,"2026-09-22","2026-09-26",4,Triple-Studio-Ensuite-Cozy Flats,Base Rate,Flat 3 HR,,2,1,GBP,471.90,471.90,436.90,35.00,Online,Booking.com,Booking.com,On Account,Confirmed,,musman.924085@guest.booking.com,+44 7404 153605,,"Genius Rate  Non-Smoking  There is no meal option with this room. Children and Extra Bed Policy: Children of any age are allowed. 1 child (up to and including 2 years old) stays for free when using available cots.  You haven't added any extra beds. The maximum number of cots is 1. The maximum number of guests is 3.  Deposit Policy: The guest will be charged a prepayment of the total price of the reservation at any time.  Cancellation Policy: The guest can cancel free of charge until 5 days before arrival. The guest will be charged the total price of the reservation if they cancel in the 5 days before arrival. If the guest doesn’t show up, they will be charged the total price of the reservation.  payment_on_Booking.com (Payout type: BankTransfer)  ** THIS RESERVATION HAS BEEN PRE-PAID ** An extra bed/crib was requested. BOOKING NOTE : Payment charge is GBP 7.5504  Genius Booker ",,,,,"2026-08-31",,,,
Sachi Hotel,2026-06-22T21:46:50,811-446-024,GAJ-150-997,6309132480,,Douglas,Westwood,"2026-09-22","2026-09-23",1,Basement-Double room-Shared Bathroom,,Room B1,,2,0,GBP,0.00,0.00,0.00,0.00,Online,Booking.com,Booking.com,On Account,Canceled,,dwestw.625376@guest.booking.com,+44 7599 591173,,"Non-Smoking  Promos: Mobile(App) Rate  There is no meal option with this room. Children and Extra Bed Policy: Children of any age are allowed. You haven't added any cots. You haven't added any extra beds. The maximum number of guests is 2.  Deposit Policy: The guest will be charged a prepayment of the total price of the reservation at any time.  Cancellation Policy: The guest can cancel free of charge until 5 days before arrival. The guest will be charged the total price of the reservation if they cancel in the 5 days before arrival.  payment_on_Booking.com (Payout type: BankTransfer)  ** THIS RESERVATION HAS BEEN PRE-PAID ** BOOKING NOTE : Payment charge is GBP 0.72576  Genius Booker ",,,,,"2026-06-22",,,,
Amsterdam Hotel,2026-07-22T21:59:10,818-544-601,RLC-931-657,5230864227,,Martina,López,"2026-09-22","2026-09-25",3,Deluxe-Triple room-Ensuite/Amsterdam,,Room 2 GF,,3,0,GBP,0.00,0.00,0.00,0.00,Online,Booking.com,Booking.com,On Account,Canceled,,mlopez.730252@guest.booking.com,+34 611 06 33 20,,"Genius Rate  Non-Smoking  There is no meal option with this room. Children and Extra Bed Policy: Children of any age are allowed. You haven't added any cots. You haven't added any extra beds. The maximum number of guests is 3.  Deposit Policy: The guest will be charged a prepayment of the total price of the reservation at any time.  Cancellation Policy: The guest can cancel free of charge until 2 days before arrival. The guest will be charged the total price of the reservation if they cancel in the 2 days before arrival.  payment_on_Booking.com (Payout type: BankTransfer)  ** THIS RESERVATION HAS BEEN PRE-PAID ** BOOKING NOTE : Payment charge is GBP 4.4544  Genius Booker ",,,,,"2026-07-22",,,,
Cluny Hill Hotel,2026-09-04T16:04:00,824-918-164,TSC-598-798,5015983049,,Jérôme,Leconte,"2026-09-22","2026-09-23",1,Standard Twin room ,Non Refundable,Room 41,,2,0,GBP,46.82,46.82,46.82,0.00,Online,Booking.com,Booking.com,On Account,Confirmed,,jlecon.915552@guest.booking.com,+33 6 08 87 00 56,,"Genius Rate  Non-Smoking  There is no meal option with this room. Children and Extra Bed Policy: Children of any age are allowed. You haven't added any cots. You haven't added any extra beds. The maximum number of guests is 2.  Deposit Policy: The guest will be charged a prepayment of the total price of the reservation at any time.  Cancellation Policy: The guest will be charged the total price of the reservation if they cancel at any time.  payment_on_Booking.com (Payout type: BankTransfer)  ** THIS RESERVATION HAS BEEN PRE-PAID ** BOOKING NOTE : Payment charge is GBP 0.74912  Genius Booker ",,,,,"2026-09-04",,,,
Savoy Hotel,2026-08-02T19:02:51,839-320-591,SUQ-855-121,2524842400,,Susan,Bateman,"2026-09-22","2026-09-24",2,Twin room-Standard-Ensuite-Brichfield,Base Rate,Room 201 brichfield,,2,0,GBP,206.00,106.00,106.00,100.00,Online,Expedia,Expedia & Affiliate Network,On Account,Confirmed,,pa.tully@hotmail.com,+447780672026,,"2 Twin Beds Multi-room booking. Primary traveler:Hendrick, Pauline. 2 of 2 rooms. Expedia collects payment from traveler: Hotel invoices Expedia. ",,,,,"2026-08-02",,,Do not move the guest,
Modern Studios Close To Hyde Park,2026-08-17T09:02:16,845-063-141,QRI-059-314,2042035566,,Viraji Saranga,Andra Hannadige,"2026-09-22","2026-10-02",10,Standard-Studio-Ensuite-Basement level LG,,Flat 2 BF,,2,0,GBP,0.00,0.00,0.00,0.00,Online,Agoda,Agoda,On Account,Canceled,,05qfvdks0000001hkj0ctgq7fghw6@agoda-messaging.com,94 759509409,,"Limited Time Offer. Price includes 10% discount! ",,,,,"2026-08-17",,,,
Sachi Hotel,2026-09-09T07:17:37,846-411-252,WRZ-120-076,1418fb94e984-c70d0de6f80ac847b575af54c92dc6b2@airbnb.com,,Reserved,iCal,"2026-09-22","2026-09-24",2,Standard Double Studio,Base Rate,Room 3 GF,,1,0,GBP,0.00,0.00,0.00,0.00,iCal,ical1,,Deposit (Variable),Confirmed,,,,,Reservation URL: https://www.airbnb.com/hosting/reservations/details/HM9Z45S42Y,,,,,"2026-09-09",,,,
Cluny Hill Hotel,2026-09-17T11:05:34,853-382-044,HSP-433-503,6747487458,,Steeve,Renel,"2026-09-22","2026-10-02",10,Triple room Standard,Non Refundable,Room 32,,1,2,GBP,642.06,See 003-395-492,642.06,0.00,Online,Booking.com,Booking.com,On Account,Confirmed,,chandf.712549@guest.booking.com,+44 7976 225020,,"Group: 7 x Adult, 7 x Child  Child Ages: 10, 9  Genius Rate  Non-Smoking  There is no meal option with this room. Children and Extra Bed Policy: Children of any age are allowed. You haven't added any cots. You haven't added any extra beds. The maximum number of guests is 2.  Deposit Policy: The guest will be charged a prepayment of the total price of the reservation at any time.  Cancellation Policy: The guest will be charged the total price of the reservation if they cancel at any time.  payment_on_Booking.com (Payout type: BankTransfer)  ** THIS RESERVATION HAS BEEN PRE-PAID ** BOOKING NOTE : Payment charge is GBP 46.05888  Genius Booker ",,,,,"2026-09-17",,,,
Modern Studios Close To Hyde Park,2026-09-08T23:58:17,858-833-902,PZB-159-988,2554288993,,Ren,Ritchot,"2026-09-22","2026-09-25",3,Standard Studio Ensuite with Shower LG,Base Rate,Flat 21 2nd F-Split level,,2,0,GBP,282.50,282.50,247.50,35.00,Online,Expedia,Expedia & Affiliate Network,On Account,Confirmed,,g1ddx1hk79@m.expediapartnercentral.com,11111111111,,"Expedia collects payment from traveler: Hotel invoices Expedia. ",,,,,"2026-09-08",,,,
La Casa Studios Near Hyde Park,2026-09-06T14:07:45,901-434-511,TYL-662-636,5573948290,,Anoushka,Priyom,"2026-09-22","2026-09-25",3,Standard-Studio-Ensuite-Basement level -La Casa,Non Refundable,Studio 2,,2,0,GBP,338.71,338.71,303.71,35.00,Online,Booking.com,Booking.com,On Account,Confirmed,,apriyo.178991@guest.booking.com,+44 7393 062535,,"Genius Rate  Non-Smoking  There is no meal option with this room. Children and Extra Bed Policy: Children of any age are allowed. You haven't added any cots. You haven't added any extra beds. The maximum number of guests is 2.  Deposit Policy: The guest will be charged a prepayment of the total price of the reservation at any time.  Cancellation Policy: The guest will be charged the total price of the reservation if they cancel at any time.  payment_on_Booking.com (Payout type: BankTransfer)  ** THIS RESERVATION HAS BEEN PRE-PAID ** Reservation has a cancellation grace period. Do not charge if cancelled before 2026-09-07 15:06:33 Clean bedsheets, pillow, utensils and toilet. BOOKING NOTE : Payment charge is GBP 5.41936  Genius Booker ",,,,,"2026-09-06",,,,
Modern Studios Close To Hyde Park,2026-08-22T18:51:45,902-649-822,WUO-855-009,2540807067,,Edmond,Antwi,"2026-09-22","2026-09-29",7,Large Studio Ensuite LG,,Flat 12 (double) Ground,,1,0,GBP,0.00,0.00,0.00,0.00,Online,Expedia,Expedia & Affiliate Network,Pay On Arrival,Canceled,,f46ibdtom7@m.expediapartnercentral.com,1111111111111,,"Hotel collects payment from the traveler ",,,,,"2026-08-22",,,,
Modern Studios Close To Hyde Park,2026-06-06T23:21:30,905-563-051,VHV-113-321,2478359750,,Michael,Ramsey Smith,"2026-09-22","2026-09-28",6,Studio-Standard-Ensuite with Shower LG,,Flat 21 2nd F,,2,0,GBP,0.00,0.00,0.00,0.00,Online,Expedia,Expedia & Affiliate Network,Pay On Arrival,Canceled,,mhqwcq82i4@m.expediapartnercentral.com,11111111111,,"1 Queen Bed Hotel collects payment from the traveler ",,,,,"2026-06-06",,,,
Cambria Hotel,2026-09-13T23:29:34,944-238-632,WND-179-337,5750931237,,Trevor,Green,"2026-09-22","2026-09-23",1,Standard-Single room-Ensuite,Base Rate,Room 8,,1,0,GBP,33.00,33.00,33.00,0.00,Online,Booking.com,Booking.com,On Account,Confirmed,,tgreen.721451@guest.booking.com,+44 7949 252653,,"Non-Smoking  There is no meal option with this room. Children and Extra Bed Policy: Children of any age are allowed. You haven't added any cots. You haven't added any extra beds. The maximum number of guests is 1.  Deposit Policy: The guest will be charged a prepayment of the total price of the reservation at any time.  Cancellation Policy: The guest can cancel free of charge until 7 days before arrival. The guest will be charged the total price of the reservation if they cancel in the 7 days before arrival.  payment_on_Booking.com (Payout type: BankTransfer)  ** THIS RESERVATION HAS BEEN PRE-PAID ** BOOKING NOTE : Payment charge is GBP 0.528  Genius Booker ",,,,,"2026-09-13",,,,
London Gatwick Inn,2026-02-01T16:30:42,944-608-512,KAP-957-426,6755481299,,Peter,Tolhurst,"2026-09-22","2026-09-23",1,Family,,102,,4,1,GBP,0.00,0.00,0.00,0.00,Online,Booking.com,Booking.com,On Account,Canceled,,ptolhu.430530@guest.booking.com,+353 86 044 6861,,"Child Ages: 16  Genius Rate  Non-Smoking  Promos: Mobile(App) Rate  There is no meal option with this room. Children and Extra Bed Policy: Children ages 6 and older are allowed. You haven't added any extra beds. The maximum number of cots is 1. The maximum number of guests is 5.  Deposit Policy: The guest will be charged a prepayment of the total price of the reservation at any time.  Cancellation Policy: The guest can cancel free of charge until 7 days before arrival. The guest will be charged the total price of the reservation if they cancel in the 7 days before arrival.  payment_on_Booking.com (Payout type: BankTransfer)  ** THIS RESERVATION HAS BEEN PRE-PAID ** BOOKING NOTE : Payment charge is GBP 1.80144  Genius Booker ",,,,,"2026-02-01",,,,
La Casa Studios Near Hyde Park,2026-09-07T06:17:18,961-241-192,NNS-175-063,5803133157,,Liz,Walker,"2026-09-22","2026-09-25",3,Standard-Studio-Ensuite-Basement level -La Casa,Base Rate,Studio 3,,2,0,GBP,352.19,352.19,317.19,35.00,Online,Booking.com,Booking.com,On Account,Confirmed,"3:00 PM",lizwalkerking@gmail.coml,+6421925518,,"Genius Rate  Non-Smoking  There is no meal option with this room. Children and Extra Bed Policy: Children of any age are allowed. You haven't added any cots. You haven't added any extra beds. The maximum number of guests is 2.  Deposit Policy: The guest will be charged a prepayment of the total price of the reservation at any time.  Cancellation Policy: The guest will be charged the total price of the reservation if they cancel at any time.  payment_on_Booking.com (Payout type: BankTransfer)  ** THIS RESERVATION HAS BEEN PRE-PAID ** Reservation has a cancellation grace period. Do not charge if cancelled before 2026-09-08 07:15:49 BOOKING NOTE : Payment charge is GBP 5.63504  Genius Booker ",,,,,"2026-09-07",,,,
Modern Studios Close To Hyde Park,2026-06-16T19:20:05,988-515-334,OFN-628-596,2486320335,,mrigya,talwar,"2026-09-22","2026-09-28",6,Studio-Standard-Ensuite with Shower LG,,Flat 21 2nd F,,2,0,GBP,0.00,0.00,0.00,0.00,Online,Expedia Affiliate Network,Expedia & Affiliate Network,On Account,Canceled,,cw8is5ia0v@m.expediapartnercentral.com,1111111111111,,"1 Queen Bed travel purpose=leisure ",,,,,"2026-06-16",,,,
Crofton House Hotel,2026-08-27T07:39:00,998-400-451,HGL-411-518,6676855862,,Thomas,Marteau,"2026-09-22","2026-09-23",1,Double room-Ensuite Crofton,Non Refundable,Room 2 Crofton,,1,0,GBP,56.70,56.70,56.70,0.00,Online,Booking.com,Booking.com,On Account,Confirmed,,tmarte.332390@guest.booking.com,+44 7565 393970,,"Non-Smoking  Promos: Mobile(MDot) Rate  There is no meal option with this room. Children and Extra Bed Policy: Children of any age are allowed. You haven't added any cots. You haven't added any extra beds. The maximum number of guests is 2.  Deposit Policy: The guest will be charged a prepayment of the total price of the reservation at any time.  Cancellation Policy: The guest will be charged the total price of the reservation if they cancel at any time.  payment_on_Booking.com (Payout type: BankTransfer)  ** THIS RESERVATION HAS BEEN PRE-PAID ** BOOKING NOTE : Payment charge is GBP 0.9072  Genius Booker ",,,,,"2026-08-27",,,,
Modern Studios Close To Hyde Park,2026-07-22T17:43:16,013-165-602,TWL-237-798,1418fb94e984-6282eb2396eac67055312ff00e39f86d@airbnb.com,,Gabriel’s,iCal,"2026-09-23","2026-09-28",5,Booked as: Superior-Studio-Ensuite LG,Base Rate,Flat 25 3rd ,,1,0,GBP,367.19,367.19,332.19,35.00,iCal,ical1,,Deposit (Variable),Confirmed,,,+5535991446617,,"Reservation URL: https://www.airbnb.com/hosting/reservations/details/HMJYTMFHQ8 Gabriel’s group of 3 Sep 23 – 28 · 5 nights 25 LG · Triple Studio in Central London",,,,,"2026-07-22",,,,
Wembar Hotel,2026-08-20T22:02:11,019-131-811,RDH-422-998,2539462889,,Mikolaj,Bugajski,"2026-09-23","2026-09-27",4,Double room-Deluxe-Ensuite with Shower/Wembar,Base Rate,Room 03 - GF,,2,0,GBP,384.31,384.31,384.31,0.00,Online,Expedia Affiliate Network,Expedia & Affiliate Network,On Account,Confirmed,,csc@gzjoetravel.com,1111111111111,,"1 Double Bed Multi-room booking. Primary traveler:Bugajski, Mikolaj. 2 of 2 rooms. travel purpose=leisure ",,,,,"2026-08-20",,,,
Cluny Hill Hotel,2026-09-08T14:22:09,024-669-061,KUQ-403-195,2553860983,,DING,REN,"2026-09-23","2026-09-30",7,Standard Twin room ,,Room 30,,2,0,GBP,0.00,0.00,0.00,0.00,Online,Expedia Affiliate Network,Expedia & Affiliate Network,On Account,Canceled,,a7lof9alug@m.expediapartnercentral.com,111111111111,,"2 Twin Beds Expedia collects payment from traveler: Hotel invoices Expedia. ",,,,,"2026-09-08",,,,
London Gatwick Inn,2026-02-04T17:35:46,042-813-444,CJV-217-634,HMKBF5PTHP,,Dan,Mcneill,"2026-09-23","2026-09-24",1,Twin,Base Rate,301,,2,0,GBP,62.00,62.00,62.00,0.00,Online,Airbnb,Airbnb,On Account,Confirmed,,,447534003017,," ",,,,,"2026-02-04",,,,
Modern studios Malvern Road,2026-04-11T18:56:57,052-154-531,BIS-991-456,6689626028,,Emma,Landecker,"2026-09-23","2026-09-27",4,Standard-Studio-Ensuite with Shower,,Flat (13)-Split level,,2,0,GBP,0.00,0.00,0.00,0.00,Online,Booking.com,Booking.com,On Account,Canceled,,elande.513918@guest.booking.com,+33 6 65 19 13 40,,"Non-Smoking  Promos: Mobile(App) Rate  There is no meal option with this room. Children and Extra Bed Policy: Children of any age are allowed. You haven't added any cots. You haven't added any extra beds. The maximum number of guests is 2.  Deposit Policy: The guest will be charged a prepayment of the total price of the reservation at any time.  Cancellation Policy: The guest can cancel free of charge until 5 days before arrival. The guest will be charged the total price of the reservation if they cancel in the 5 days before arrival.  payment_on_Booking.com (Payout type: BankTransfer)  ** THIS RESERVATION HAS BEEN PRE-PAID ** BOOKING NOTE : Payment charge is GBP 5.2296  Genius Booker ",,,,,"2026-04-11",,,,
Amsterdam Hotel,2026-09-01T14:19:56,058-994-232,JPU-788-570,6407861445,,Chiara,Masiero,"2026-09-23","2026-09-25",2,Deluxe-Triple room-Ensuite/Amsterdam,Flexible 48 hours,Room 23 5TH Floor,,3,0,GBP,216.27,216.27,216.27,0.00,Online,Booking.com,Booking.com,On Account,Confirmed,,cmasie.705310@guest.booking.com,+39 339 611 7182,,"Genius Rate  Non-Smoking  There is no meal option with this room. Children and Extra Bed Policy: Children of any age are allowed. You haven't added any cots. You haven't added any extra beds. The maximum number of guests is 3.  Deposit Policy: The guest will be charged a prepayment of the total price of the reservation at any time.  Cancellation Policy: The guest can cancel free of charge until 2 days before arrival. The guest will be charged the total price of the reservation if they cancel in the 2 days before arrival.  payment_on_Booking.com (Payout type: BankTransfer)  ** THIS RESERVATION HAS BEEN PRE-PAID ** BOOKING NOTE : Payment charge is GBP 3.46032  Genius Booker ",,,,,"2026-09-01",,,,
Amsterdam Hotel,2026-08-16T04:10:22,080-223-421,PVL-176-057,2535706852,,Sumeet,Chandna,"2026-09-23","2026-10-01",8,Quad room-Ensuite/Amsterdam,,Room 5 1ST Floor Refurbished,,4,0,GBP,0.00,0.00,0.00,0.00,Online,Expedia Affiliate Network,Expedia & Affiliate Network,On Account,Canceled,,kfb6@ssbooking.cn,1111111111111,,"2 Queen Beds Expedia collects payment from traveler: Hotel invoices Expedia. ",,,,,"2026-08-16",,,,
Wembar Hotel,2026-08-20T22:02:11,081-423-331,XIZ-190-194,2539462886,,Mikolaj,Bugajski,"2026-09-23","2026-09-27",4,Double room-Standard-Ensuite with Shower/Wembar,Non Refundable,Room 20 - Basement,,2,0,GBP,384.31,384.31,384.31,0.00,Online,Expedia Affiliate Network,Expedia & Affiliate Network,On Account,Confirmed,,csc@gzjoetravel.com,1111111111111,,"1 Double Bed Multi-room booking. Primary traveler:Bugajski, Mikolaj. 1 of 2 rooms. travel purpose=leisure ",,,,,"2026-08-20",,,,
Sachi Hotel,2026-08-08T15:49:45,092-358-601,CMD-213-812,6889235595,,Lindsey,Barrett,"2026-09-23","2026-09-25",2,Basement-Double room-Shared Bathroom,,Room B1,,1,0,GBP,0.00,0.00,0.00,0.00,Online,Booking.com,Booking.com,On Account,Canceled,,lbarre.555607@guest.booking.com,+44 7584 054014,,"Non-Smoking  Promos: Mobile(MDot) Rate  There is no meal option with this room. Children and Extra Bed Policy: Children of any age are allowed. You haven't added any cots. You haven't added any extra beds. The maximum number of guests is 2.  Deposit Policy: The guest will be charged a prepayment of the total price of the reservation at any time.  Cancellation Policy: The guest can cancel free of charge until 5 days before arrival. The guest will be charged the total price of the reservation if they cancel in the 5 days before arrival.  payment_on_Booking.com (Payout type: BankTransfer)  ** THIS RESERVATION HAS BEEN PRE-PAID ** Approximate time of arrival: between 15:00 and 16:00 BOOKING NOTE : Payment charge is GBP 1.54224 ",,,,,"2026-08-08",,,,
Modern Studios Close To Hyde Park,2026-02-11T06:02:38,111-256-582,KLT-600-361,6084571137,,Vasile,Daria-Andreea,"2026-09-23","2026-09-29",6,Comfort-Studio-Ensuite with Shower,,Flat 9 Ground-Split level,,2,0,GBP,0.00,0.00,0.00,0.00,Online,Booking.com,Booking.com,On Account,Canceled,,vdaria.153610@guest.booking.com,+40 734 294 342,,"Non-Smoking  Promos: European Economic Area  There is no meal option with this room. Children and Extra Bed Policy: Children of any age are allowed. You haven't added any cots. You haven't added any extra beds. The maximum number of guests is 2.  Deposit Policy: The guest will be charged a prepayment of the total price of the reservation at any time.  Cancellation Policy: The guest can cancel free of charge until 7 days before arrival. The guest will be charged the total price of the reservation if they cancel in the 7 days before arrival.  payment_on_Booking.com (Payout type: BankTransfer)  ** THIS RESERVATION HAS BEEN PRE-PAID ** BOOKING NOTE : Payment charge is GBP 9.48  Genius Booker ",,,,,"2026-02-11",,,,
Amsterdam Hotel,2026-02-03T23:41:33,111-631-131,PEA-959-983,5963251356,,Ana,Sofía López Afonso,"2026-09-23","2026-09-25",2,Quad room-Ensuite,,Room 17 3RD Floor ,,2,0,GBP,0.00,0.00,0.00,0.00,Online,Booking.com,Booking.com,On Account,Canceled,,aafons.916251@guest.booking.com,+34 647 84 89 36,,"Genius Rate  Non-Smoking  Promos: International  There is no meal option with this room. Children and Extra Bed Policy: Children of any age are allowed. You haven't added any cots. You haven't added any extra beds. The maximum number of guests is 4.  Deposit Policy: The guest will be charged a prepayment of the total price of the reservation at any time.  Cancellation Policy: The guest can cancel free of charge until 2 days before arrival. The guest will be charged the total price of the reservation if they cancel in the 2 days before arrival.  payment_on_Booking.com (Payout type: BankTransfer)  ** THIS RESERVATION HAS BEEN PRE-PAID ** BOOKING NOTE : Payment charge is GBP 3.12128  Genius Booker ",,,,,"2026-02-03",,,,
London Gatwick Inn,2026-09-08T20:08:27,114-303-401,LMK-547-748,5751056486,,Annie,Smith,"2026-09-23","2026-09-24",1,Double Room,Base Rate,201,,1,0,GBP,56.70,56.70,56.70,0.00,Online,Booking.com,Booking.com,On Account,Confirmed,,xbpvrn.272816@guest.booking.com,+44 7593 841024,,"Genius Rate  Non-Smoking  Promos: Mobile(App) Rate  There is no meal option with this room. Children and Extra Bed Policy: Children ages 6 and older are allowed. You haven't added any cots. You haven't added any extra beds. The maximum number of guests is 2.  Deposit Policy: The guest will be charged a prepayment of the total price of the reservation at any time.  Cancellation Policy: The guest will be charged the total price of the reservation if they cancel at any time.  payment_on_Booking.com (Payout type: BankTransfer)  ** THIS RESERVATION HAS BEEN PRE-PAID ** BOOKING NOTE : Payment charge is GBP 0.9072  Genius Booker ",,,,,"2026-09-08",,,,
Modern studios Malvern Road,2026-01-02T09:03:09,152-065-461,FDM-109-458,5813670890,,Kristiina,Raudsepp,"2026-09-23","2026-09-26",3,Two Bedroom Apartment,,Flat B,,4,0,GBP,0.00,0.00,0.00,0.00,Online,Booking.com,Booking.com,On Account,Canceled,,krauds.647909@guest.booking.com,+372 522 4798,,"payment_on_Booking.com (Payout type: BankTransfer)  Non-Smoking  ** THIS RESERVATION HAS BEEN PRE-PAID ** BOOKING NOTE : Payment charge is GBP 5.3456 Approximate time of arrival: between 23:00 and 00:00  Genius Booker  Promos: International  There is no meal option with this room. Children and Extra Bed Policy: Children of any age are allowed. You haven't added any cots. You haven't added any extra beds. The maximum number of guests is 5.  Deposit Policy: The guest will be charged a prepayment of the total price of the reservation at any time.  Cancellation Policy: The guest can cancel free of charge until 5 days before arrival. The guest will be charged the total price of the reservation if they cancel in the 5 days before arrival.",,,,,"2026-01-02",,,,
Crofton House Hotel,2026-09-16T07:36:01,165-654-001,JXP-648-350,6229104224,,Alex,Coyle,"2026-09-23","2026-09-24",1,Comfort-Single room-Ensuite,Base Rate,Cottage Single Room 3,,1,0,GBP,36.45,36.45,36.45,0.00,Online,Booking.com,Booking.com,On Account,Confirmed,,acoyle.936534@guest.booking.com,+44 7813 522981,,"Genius Rate  Non-Smoking  Promos: Mobile(App) Rate  There is no meal option with this room. Children and Extra Bed Policy: Children of any age are allowed. You haven't added any cots. You haven't added any extra beds. The maximum number of guests is 1.  Deposit Policy: The guest will be charged a prepayment of the total price of the reservation at any time.  Cancellation Policy: The guest can cancel free of charge until 5 days before arrival. The guest will be charged the total price of the reservation if they cancel in the 5 days before arrival.  payment_on_Booking.com (Payout type: BankTransfer)  ** THIS RESERVATION HAS BEEN PRE-PAID ** BOOKING NOTE : Payment charge is GBP 0.5832  Genius Booker ",,,,,"2026-09-16",,,,
Sachi Hotel,2026-06-30T11:07:21,165-993-222,ORF-871-997,5334022367,,Katherine,Woodberry,"2026-09-23","2026-09-24",1,Basement-Double room-Shared Bathroom,,Room B1,,1,0,GBP,0.00,0.00,0.00,0.00,Online,Booking.com,Booking.com,On Account,Canceled,,kwoodb.591042@guest.booking.com,+34 657 13 23 38,,"Non-Smoking  Promos: Mobile(App) Rate  There is no meal option with this room. Children and Extra Bed Policy: Children of any age are allowed. You haven't added any cots. You haven't added any extra beds. The maximum number of guests is 2.  Deposit Policy: The guest will be charged a prepayment of the total price of the reservation at any time.  Cancellation Policy: The guest can cancel free of charge until 5 days before arrival. The guest will be charged the total price of the reservation if they cancel in the 5 days before arrival.  payment_on_Booking.com (Payout type: BankTransfer)  ** THIS RESERVATION HAS BEEN PRE-PAID ** BOOKING NOTE : Payment charge is GBP 0.7776  Genius Booker ",,,,,"2026-06-30",,,,
Modern Studios Close To Hyde Park,2026-08-13T18:56:48,168-320-541,PHD-279-481,2533897134,,ARIADNA,CRESPO FERRON,"2026-09-23","2026-09-27",4,Comfort-Studio-Ensuite with Shower LG,,Flat 7 Ground-Split level,,2,0,GBP,0.00,0.00,0.00,0.00,Online,Expedia Affiliate Network,Expedia & Affiliate Network,On Account,Canceled,,wly37cmoad@m.expediapartnercentral.com,11111111111,,"Cama matrimonioDouble bed 1 Queen Bed Expedia collects payment from traveler: Hotel invoices Expedia. ",,,,,"2026-08-13",,,,
The Dolphin Hotel,2026-06-07T13:54:07,182-258-904,AYU-005-537,5248148913,,Laura,Andrews,"2026-09-23","2026-09-25",2,Twin room-Ensuite,,Room 201,,2,0,GBP,0.00,0.00,0.00,0.00,Online,Booking.com,Booking.com,On Account,Canceled,,landre.479041@guest.booking.com,+44 7756 923531,,"Non-Smoking  Promos: Mobile(App) Rate  There is no meal option with this room. Children and Extra Bed Policy: Children of any age are allowed. You haven't added any cots. You haven't added any extra beds. The maximum number of guests is 2.  Deposit Policy: The guest will be charged a prepayment of the total price of the reservation at any time.  Cancellation Policy: The guest can cancel free of charge until 7 days before arrival. The guest will be charged the total price of the reservation if they cancel in the 7 days before arrival.  payment_on_Booking.com (Payout type: BankTransfer)  ** THIS RESERVATION HAS BEEN PRE-PAID ** BOOKING NOTE : Payment charge is GBP 1.36  Genius Booker ",,,,,"2026-06-07",,,,
London Gatwick Inn,2026-09-13T20:15:39,184-012-154,YLV-935-419,2557940752,,James,Hurndall,"2026-09-23","2026-09-24",1,Twin,Base Rate,305,,2,0,GBP,57.80,57.80,57.80,0.00,Online,Expedia,Expedia & Affiliate Network,On Account,Confirmed,,4lva114vq8@m.expediapartnercentral.com,111111111111,,"Expedia collects payment from traveler: Hotel invoices Expedia. ",,,,,"2026-09-13",,,,
Amsterdam Hotel,2026-08-16T03:54:56,206-830-804,DFO-183-240,2535700058,,Sumeet,Chandna,"2026-09-23","2026-10-01",8,Quad room-Ensuite/Amsterdam,,Room 28 Basement,,4,0,GBP,0.00,0.00,0.00,0.00,Online,Expedia Affiliate Network,Expedia & Affiliate Network,On Account,Canceled,,kfb6@ssbooking.cn,1111111111111,,"2 Queen Beds Expedia collects payment from traveler: Hotel invoices Expedia. ",,,,,"2026-08-16",,,,
Amsterdam Hotel,2026-02-03T23:49:30,208-256-882,TEU-061-856,5975176879,,Ana,Sofía López Afonso,"2026-09-23","2026-09-24",1,Quad room-Ensuite,,Room 15 3RD Floor,,3,0,GBP,0.00,0.00,0.00,0.00,Online,Booking.com,Booking.com,On Account,Canceled,,aafons.143371@guest.booking.com,+34 647 84 89 36,,"Genius Rate  Non-Smoking  Promos: International  There is no meal option with this room. Children and Extra Bed Policy: Children of any age are allowed. You haven't added any cots. You haven't added any extra beds. The maximum number of guests is 4.  Deposit Policy: The guest will be charged a prepayment of the total price of the reservation at any time.  Cancellation Policy: The guest can cancel free of charge until 2 days before arrival. The guest will be charged the total price of the reservation if they cancel in the 2 days before arrival.  payment_on_Booking.com (Payout type: BankTransfer)  ** THIS RESERVATION HAS BEEN PRE-PAID ** BOOKING NOTE : Payment charge is GBP 1.61568  Genius Booker ",,,,,"2026-02-03",,,,
Wembar Hotel,2026-02-04T00:00:50,218-493-334,KVJ-589-137,6218600642,,Ana,Sofía López Afonso,"2026-09-23","2026-09-24",1,Double room-Standard-Ensuite with Shower,,Room 20,,2,0,GBP,0.00,0.00,0.00,0.00,Online,Booking.com,Booking.com,On Account,Canceled,,aafons.946700@guest.booking.com,+34 647 84 89 36,,"Group: 3 x Adult, 0 x Child  Non-Smoking  Promos: Mobile(App) Rate  There is no meal option with this room. Children and Extra Bed Policy: Children ages 1 and older are allowed. You haven't added any cots. You haven't added any extra beds. The maximum number of guests is 1.  Deposit Policy: The guest will be charged a prepayment of the total price of the reservation at any time.  Cancellation Policy: The guest can cancel free of charge until 3 days before arrival. The guest will be charged the total price of the reservation if they cancel in the 3 days before arrival.  payment_on_Booking.com (Payout type: BankTransfer)  ** THIS RESERVATION HAS BEEN PRE-PAID ** BOOKING NOTE : Payment charge is GBP 2.4344  Genius Booker ",,,,,"2026-02-04",,,,
Cozy Flats Near Olympia and Westfield,2026-08-28T09:47:43,220-838-322,EWV-157-815,5599653216,,Fares,Giesen,"2026-09-23","2026-09-28",5,Double Studio Ensuite-Cozy Flats,,Flat 12 HR,,1,0,GBP,0.00,0.00,0.00,0.00,Online,Booking.com,Booking.com,On Account,Canceled,,fgiese.993038@guest.booking.com,+44 7471 564162,,"payment_on_Booking.com (Payout type: BankTransfer)  Non-Smoking  ** THIS RESERVATION HAS BEEN PRE-PAID ** BOOKING NOTE : Payment charge is GBP 11.04  Genius Booker  There is no meal option with this room. Children and Extra Bed Policy: Children of any age are allowed. 1 child (up to and including 2 years old) stays for free when using available cots.	 You haven't added any extra beds. The maximum number of cots is 1. The maximum number of guests is 2.  Deposit Policy: The guest will be charged a prepayment of the total price of the reservation at any time.  Cancellation Policy: The guest can cancel free of charge until 5 days before arrival. The guest will be charged the total price of the reservation if they cancel in the 5 days before arrival. If the guest doesn’t show up, they will be charged the total price of the reservation.",,,,,"2026-08-28",,,,
Modern Studios Close To Hyde Park,2026-06-01T22:00:31,224-138-502,ZYT-338-799,5791562402,,Djesika,Dimitrova Marinova,"2026-09-23","2026-09-26",3,Studio-Standard-Ensuite with Shower LG,Base Rate,Flat 23 (double) Half 3rd,,2,0,GBP,284.05,284.05,249.05,35.00,Online,Booking.com,Booking.com,On Account,Confirmed,,dmarin.905205@guest.booking.com,+34 688 48 82 71,,"Non-Smoking  Promos: Mobile(App) Rate  There is no meal option with this room. Children and Extra Bed Policy: Children of any age are allowed. You haven't added any cots. You haven't added any extra beds. The maximum number of guests is 2.  Deposit Policy: The guest will be charged a prepayment of the total price of the reservation at any time.  Cancellation Policy: The guest can cancel free of charge until 7 days before arrival. The guest will be charged the total price of the reservation if they cancel in the 7 days before arrival.  payment_on_Booking.com (Payout type: BankTransfer)  ** THIS RESERVATION HAS BEEN PRE-PAID ** BOOKING NOTE : Payment charge is GBP 4.5448 ",,,,,"2026-06-01",,,,
Cozy Flats Near Olympia and Westfield,2026-08-10T14:55:30,248-441-661,AEY-702-229,5584890657,,Zuzanna,Budzyńska,"2026-09-23","2026-09-27",4,Triple-Studio-Ensuite HR,,Flat 3 HR,,3,0,GBP,0.00,0.00,0.00,0.00,Online,Booking.com,Booking.com,On Account,Canceled,,zbudzy.935946@guest.booking.com,+48 690 295 096,,"Non-Smoking  Promos: Mobile(App) Rate  There is no meal option with this room. Children and Extra Bed Policy: Children of any age are allowed. 1 child (up to and including 2 years old) stays for free when using available cots.  You haven't added any extra beds. The maximum number of cots is 1. The maximum number of guests is 3.  Deposit Policy: The guest will be charged a prepayment of the total price of the reservation at any time.  Cancellation Policy: The guest can cancel free of charge until 5 days before arrival. The guest will be charged the total price of the reservation if they cancel in the 5 days before arrival. If the guest doesn’t show up, they will be charged the total price of the reservation.  payment_on_Booking.com (Payout type: BankTransfer)  ** THIS RESERVATION HAS BEEN PRE-PAID ** BOOKING NOTE : Payment charge is GBP 6.0608  Genius Booker ",,,,,"2026-08-10",,,,
Wembar Hotel,2026-09-16T00:11:48,252-995-011,PIX-370-598,6865905295,,Alma,Ramírez,"2026-09-23","2026-09-27",4,Double room-Standard-Ensuite with Shower/Wembar,,Room 15 - 3rd F,,2,0,GBP,0.00,0.00,0.00,0.00,Online,Booking.com,Booking.com,On Account,Canceled,,aramir.715744@guest.booking.com,+52 55 2746 2631,,"Non-Smoking  Promos: Mobile(App) Rate  There is no meal option with this room. Children and Extra Bed Policy: Children ages 1 and older are allowed. You haven't added any cots. You haven't added any extra beds. The maximum number of guests is 2.  Deposit Policy: The guest will be charged a prepayment of the total price of the reservation at any time.  Cancellation Policy: The guest can cancel free of charge until 3 days before arrival. The guest will be charged the total price of the reservation if they cancel in the 3 days before arrival.  payment_on_Booking.com (Payout type: BankTransfer)  ** THIS RESERVATION HAS BEEN PRE-PAID ** BOOKING NOTE : Payment charge is GBP 7.71056  Genius Booker ",,,,,"2026-09-15",,,,
Amsterdam Hotel,2026-09-04T17:42:37,286-090-324,CRD-676-661,6667721677,,Hiram,Elias Herrera Zayas,"2026-09-23","2026-09-26",3,Modern-Double room-Ensuite/Amsterdam,Non Refundable Rate,Room 25 5TH Floor Refurbished,,2,0,GBP,274.36,274.36,274.36,0.00,Online,Booking.com,Booking.com,On Account,Confirmed,,hzayas.508816@guest.booking.com,+34 617 66 18 68,,"Genius Rate  Non-Smoking  There is no meal option with this room. Children and Extra Bed Policy: Children of any age are allowed. You haven't added any cots. You haven't added any extra beds. The maximum number of guests is 2.  Deposit Policy: The guest will be charged a prepayment of the total price of the reservation at any time.  Cancellation Policy: The guest will be charged the total price of the reservation if they cancel at any time.  payment_on_Booking.com (Payout type: BankTransfer)  ** THIS RESERVATION HAS BEEN PRE-PAID ** Reservation has a cancellation grace period. Do not charge if cancelled before 2026-09-05 18:41:18 BOOKING NOTE : Payment charge is GBP 4.38976  Genius Booker ",,,,,"2026-09-04",,,,
Number 19 Brighton,2026-09-02T11:23:56,288-654-061,VRV-551-333,5825446330,,Alison,Morris,"2026-09-23","2026-09-24",1,Standard-Double room-Ensuite,,Room 04,,1,0,GBP,0.00,0.00,0.00,0.00,Online,Booking.com,Booking.com,On Account,Canceled,,amorri.355337@guest.booking.com,+44 7777 110299,,"Group: 3 x Adult, 0 x Child  Non-Smoking  Promos: Domestic  There is no meal option with this room. Children and Extra Bed Policy: Children of any age are allowed. You haven't added any cots. You haven't added any extra beds. The maximum number of guests is 2.  Deposit Policy: The guest will be charged a prepayment of the total price of the reservation at any time.  Cancellation Policy: The guest can cancel free of charge until 7 days before arrival. The guest will be charged the total price of the reservation if they cancel in the 7 days before arrival. If the guest doesn’t show up, they will be charged the total price of the reservation.  payment_on_Booking.com (Payout type: BankTransfer)  ** THIS RESERVATION HAS BEEN PRE-PAID ** BOOKING NOTE : Payment charge is GBP 3.1008 ",,,,,"2026-09-02",,,,
Wembar Hotel,2026-02-11T23:07:00,289-449-464,FXQ-378-898,6149841384,,Alessia,Serpa,"2026-09-23","2026-09-29",6,Double room-Standard-Ensuite with Shower,,Room 05,,2,0,GBP,447.10,447.10,447.10,0.00,Online,Booking.com,Booking.com,On Account,Confirmed,,aserpa.952576@guest.booking.com,+39 348 389 8395,,"Non-Smoking  Promos: Mobile(App) Rate  There is no meal option with this room. Children and Extra Bed Policy: Children ages 1 and older are allowed. You haven't added any cots. You haven't added any extra beds. The maximum number of guests is 2.  Deposit Policy: The guest will be charged a prepayment of the total price of the reservation at any time.  Cancellation Policy: The guest can cancel free of charge until 3 days before arrival. The guest will be charged the total price of the reservation if they cancel in the 3 days before arrival.  payment_on_Booking.com (Payout type: BankTransfer)  ** THIS RESERVATION HAS BEEN PRE-PAID ** BOOKING NOTE : Payment charge is GBP 7.1536  Genius Booker ",,,,,"2026-02-11",,,,
Amsterdam Hotel,2026-08-01T13:29:15,292-431-911,LVM-292-509,5544571171,,Camilleri,Luca,"2026-09-23","2026-09-27",4,Deluxe-Triple room-Ensuite/Amsterdam,Non Refundable Rate,Room 21 4TH Floor Refurbished,,3,0,GBP,456.72,456.72,456.72,0.00,Online,Booking.com,Booking.com,On Account,Confirmed,,lucacamillerihq@gmail.com,+35679243960,,"Genius Rate  Non-Smoking  There is no meal option with this room. Children and Extra Bed Policy: Children of any age are allowed. You haven't added any cots. You haven't added any extra beds. The maximum number of guests is 3.  Deposit Policy: The guest will be charged a prepayment of the total price of the reservation at any time.  Cancellation Policy: The guest will be charged the total price of the reservation if they cancel at any time.  payment_on_Booking.com (Payout type: BankTransfer)  ** THIS RESERVATION HAS BEEN PRE-PAID ** Reservation has a cancellation grace period. Do not charge if cancelled before 2026-08-02 14:27:58 Approximate time of arrival: between 01:00 and 02:00 the next day BOOKING NOTE : Payment charge is GBP 7.30752  Luca Camilleri ",,,,,"2026-08-01",Luca Camilleri,,,
Holland Rd Studios Close to Olympia London,2025-12-09T00:33:40,318-061-664,GXI-862-176,2347988681,,Diane,Sinclair,"2026-09-23","2026-09-24",1,Triple-Studio-Ensuite,,Flat 2 Basement ,,2,0,GBP,0.00,0.00,0.00,0.00,Online,Expedia Affiliate Network,Expedia & Affiliate Network,On Account,Canceled,,heliosupport@flightcentre.com,61730836162,,"1 Double Bed and 1 Double Sofa Bed ",,,,,"2025-12-09",,,,
London Gatwick Inn,2026-06-24T09:13:39,321-554-954,SHO-702-382,6953788228,,Bharat,Kulkarni,"2026-09-23","2026-10-05",12,Double Room,,101,,2,0,GBP,0.00,0.00,0.00,0.00,Online,Booking.com,Booking.com,On Account,Canceled,,bkulka.498226@guest.booking.com,+91 97543 43310,,"payment_on_Booking.com (Payout type: BankTransfer)  Non-Smoking  ** THIS RESERVATION HAS BEEN PRE-PAID ** BOOKING NOTE : Payment charge is GBP 12.9024  Genius Booker  Genius Rate  There is no meal option with this room. Children and Extra Bed Policy: Children ages 6 and older are allowed. You haven't added any cots. You haven't added any extra beds. The maximum number of guests is 2.  Deposit Policy: The guest will be charged a prepayment of the total price of the reservation at any time.  Cancellation Policy: The guest can cancel free of charge until 7 days before arrival. The guest will be charged the total price of the reservation if they cancel in the 7 days before arrival.",,,,,"2026-06-24",,,,
Holland Rd Studios Close to Olympia London,2026-09-14T09:02:20,323-323-682,QLU-920-078,6692251759,,Iris,Mršnik Ferlež,"2026-09-23","2026-09-26",3,Mini-Studio-Ensuite HR,Non-refundable Rate,Flat 7 1st,,2,0,GBP,271.35,271.35,236.35,35.00,Online,Booking.com,Booking.com,On Account,Confirmed,,iferle.928829@guest.booking.com,+386 31 334 264,,"Genius Rate  Non-Smoking  There is no meal option with this room. Children and Extra Bed Policy: Children of any age are allowed. 1 child (up to and including 2 years old) stays for free when using available cots.  You haven't added any extra beds. The maximum number of cots is 1. The maximum number of guests is 2.  Deposit Policy: The guest will be charged a prepayment of the total price of the reservation at any time.  Cancellation Policy: The guest will be charged the total price of the reservation if they cancel at any time.  payment_on_Booking.com (Payout type: BankTransfer)  ** THIS RESERVATION HAS BEEN PRE-PAID ** BOOKING NOTE : Payment charge is GBP 4.3416  Genius Booker ",,,,,"2026-09-14",,,,
Number 19 Brighton,2026-09-02T11:23:56,328-013-921,VRV-551-333,5825446330,,Alison,Morris,"2026-09-23","2026-09-24",1,Standard-Double room-Ensuite,,Room 11,,1,0,GBP,0.00,See 288-654-061,0.00,0.00,Online,Booking.com,Booking.com,On Account,Canceled,,amorri.355337@guest.booking.com,+44 7777 110299,,"Group: 3 x Adult, 0 x Child  Non-Smoking  Promos: Domestic  There is no meal option with this room. Children and Extra Bed Policy: Children of any age are allowed. You haven't added any cots. You haven't added any extra beds. The maximum number of guests is 2.  Deposit Policy: The guest will be charged a prepayment of the total price of the reservation at any time.  Cancellation Policy: The guest can cancel free of charge until 7 days before arrival. The guest will be charged the total price of the reservation if they cancel in the 7 days before arrival. If the guest doesn’t show up, they will be charged the total price of the reservation.  payment_on_Booking.com (Payout type: BankTransfer)  ** THIS RESERVATION HAS BEEN PRE-PAID ** BOOKING NOTE : Payment charge is GBP 3.1008 ",,,,,"2026-09-02",,,,
Amsterdam Hotel,2026-09-10T00:30:06,338-058-622,JMH-123-533,2555162735,,Mauricio,Gargiulo,"2026-09-23","2026-09-24",1,Modern-Double room-Ensuite/Amsterdam,Non Refundable Rate,Room 3 GF refurbished,,1,0,GBP,107.10,107.10,107.10,0.00,Online,Expedia Affiliate Network,Expedia & Affiliate Network,On Account,Confirmed,,contact@data2diamond.com,11111111111,,"1 Queen Bed Expedia collects payment from traveler: Hotel invoices Expedia. ",,,,,"2026-09-09",,,,
Amsterdam Hotel,2026-08-06T15:20:33,380-080-432,GTJ-287-552,2528128442,,Helen,Watson,"2026-09-23","2026-09-24",1,Twin room-Standard-Ensuite/Amsterdam,,Room 27 Basement,,2,0,GBP,0.00,0.00,0.00,0.00,Online,Expedia,Expedia & Affiliate Network,Pay On Arrival,Canceled,,helenkate68@gmail.com,1111111111111,,"Hotel collects payment from the traveler ",,,,,"2026-08-06",,,,
Modern Studios Close To Hyde Park,2026-08-03T09:44:13,385-388-234,KSG-272-029,2525321550,,Lawal Alhaji,Aliyu,"2026-09-23","2026-10-01",8,Standard-Studio-Ensuite-Basement level LG,,Flat 3 BF,,1,0,GBP,0.00,0.00,0.00,0.00,Online,Expedia,Expedia & Affiliate Network,Pay On Arrival,Canceled,,864t1wjtq7@m.expediapartnercentral.com,11111111111111,,"Hotel collects payment from the traveler ",,,,,"2026-08-03",,,,
La Casa Studios Near Hyde Park,2026-09-04T13:10:31,394-280-184,SHR-655-936,HMFJFJPB9W,,Antonio Flavius,Kronemberger,"2026-09-23","2026-09-27",4,Standard Studio Ensuite with Shower- La Casa,Non Refundable,Studio 8,,2,0,GBP,545.00,545.00,510.00,35.00,Online,Airbnb,Airbnb,On Account,Confirmed,,,351937557961,,"assign them to F8>> ",,,,,"2026-09-04",,,don't move the guest,
Wembar Hotel,2026-07-29T21:14:59,399-986-952,PBH-373-510,5857007697,,Rodriguez,Lola,"2026-09-23","2026-09-27",4,Double room-Standard-Ensuite with Shower/Wembar,,Room 04 - 1st F,,2,0,GBP,0.00,0.00,0.00,0.00,Online,Booking.com,Booking.com,On Account,Canceled,,rlola.825112@guest.booking.com,+34 640 62 89 19,,"Non-Smoking  Promos: Mobile(App) Rate  There is no meal option with this room. Children and Extra Bed Policy: Children ages 1 and older are allowed. You haven't added any cots. You haven't added any extra beds. The maximum number of guests is 2.  Deposit Policy: The guest will be charged a prepayment of the total price of the reservation at any time.  Cancellation Policy: The guest can cancel free of charge until 3 days before arrival. The guest will be charged the total price of the reservation if they cancel in the 3 days before arrival.  payment_on_Booking.com (Payout type: BankTransfer)  ** THIS RESERVATION HAS BEEN PRE-PAID ** BOOKING NOTE : Payment charge is GBP 6.0384  Genius Booker ",,,,,"2026-07-29",,,,
London Gatwick Inn,2026-09-11T11:38:38,411-353-381,SDX-107-214,2556339286,,Adam,Dewey,"2026-09-23","2026-09-24",1,Double Room,Base Rate,204,,1,0,GBP,61.55,61.55,61.55,0.00,Online,Expedia,Expedia & Affiliate Network,On Account,Confirmed,,xks1j4ldey@m.expediapartnercentral.com,111111111111,,"Expedia collects payment from traveler: Hotel invoices Expedia. ",,,,,"2026-09-11",,,,
Cluny Hill Hotel,2026-08-25T13:49:01,445-942-164,YDE-402-662,5333603633,,Emma,Braschi,"2026-09-23","2026-09-24",1,Standard Twin room ,Base Rate,Room 41,,2,0,GBP,57.80,57.80,57.80,0.00,Online,Booking.com,Booking.com,On Account,Confirmed,,ebrasc.186208@guest.booking.com,+39 366 804 7932,,"Genius Rate  Non-Smoking  There is no meal option with this room. Children and Extra Bed Policy: Children of any age are allowed. You haven't added any cots. You haven't added any extra beds. The maximum number of guests is 2.  Deposit Policy: The guest will be charged a prepayment of the total price of the reservation at any time.  Cancellation Policy: The guest can cancel free of charge until 5 days before arrival. The guest will be charged the total price of the reservation if they cancel in the 5 days before arrival.  payment_on_Booking.com (Payout type: BankTransfer)  ** THIS RESERVATION HAS BEEN PRE-PAID ** BOOKING NOTE : Payment charge is GBP 0.9248  Genius Booker ",,,,,"2026-08-25",,,,
Hammersmith Stayz,2026-09-16T09:25:57,446-061-952,XPJ-502-423,2560089093,,Adelin-Toma,Bejan,"2026-09-23","2026-09-24",1,Standard Double Studio Ensuite/Hammersmith Stayz,Non Refundable,Studio 5 1st F,,1,0,GBP,117.69,117.69,87.69,30.00,Online,Egencia,Expedia & Affiliate Network,On Account,Confirmed,,01anmxqr9g@m.expediapartnercentral.com,111111111111,,"1 Queen Bed This is a corporate travel booking made via Egencia. Please collect guest credit card for use of amenities and provide a receipt. If any issues, please avoid cancellation and email the contact provided in the booking. ",,,,,"2026-09-16",,,,
Wembar Hotel,2026-07-23T20:41:46,449-455-891,QYP-610-321,5731181667,,Enzo,Capasso,"2026-09-23","2026-09-27",4,Double room-Deluxe-Ensuite with Shower/Wembar,,Room 22 - Bet. G & 1st F,,2,0,GBP,0.00,0.00,0.00,0.00,Online,Booking.com,Booking.com,On Account,Canceled,,ecapas.684978@guest.booking.com,+39 391 349 3953,,"Non-Smoking  Promos: Mobile(MDot) Rate  There is no meal option with this room. Children and Extra Bed Policy: Children ages 1 and older are allowed. You haven't added any cots. You haven't added any extra beds. The maximum number of guests is 2.  Deposit Policy: The guest will be charged a prepayment of the total price of the reservation at any time.  Cancellation Policy: The guest can cancel free of charge until 3 days before arrival. The guest will be charged the total price of the reservation if they cancel in the 3 days before arrival.  payment_on_Booking.com (Payout type: BankTransfer)  ** THIS RESERVATION HAS BEEN PRE-PAID ** Approximate time of arrival: between 11:00 and 12:00 BOOKING NOTE : Payment charge is GBP 6.768  Genius Booker ",,,,,"2026-07-23",,,,
Green Gables Hotel,2026-08-25T23:11:53,454-041-854,XWC-919-436,5623501069,,Liam,Page,"2026-09-23","2026-09-25",2,Double room-Standard-Ensuite with Bath,Non Refundable,Room 6,,1,0,GBP,50.12,50.12,50.12,0.00,Online,Booking.com,Booking.com,On Account,Confirmed,,lpage.776193@guest.booking.com,+44 7858 223435,,"Genius Rate  Non-Smoking  Promos: Mobile(MDot) Rate  There is no meal option with this room. Children and Extra Bed Policy: Children of any age are allowed. You haven't added any cots. You haven't added any extra beds. The maximum number of guests is 2.  Deposit Policy: The guest will be charged a prepayment of the total price of the reservation at any time.  Cancellation Policy: The guest will be charged the total price of the reservation if they cancel at any time.  payment_on_Booking.com (Payout type: BankTransfer)  ** THIS RESERVATION HAS BEEN PRE-PAID ** Approximate time of arrival: between 18:00 and 19:00 BOOKING NOTE : Payment charge is GBP 0.80192  Genius Booker ",,,,,"2026-08-25",,,,
Savoy Hotel,2026-09-01T14:04:54,456-066-342,MYT-086-610,5522280788,,ahmed,khalil,"2026-09-23","2026-09-24",1,Standard-Double room-Shared Bathroom-Savoy,Non refundable,Room 26,,2,0,GBP,151.00,51.00,51.00,100.00,Online,Booking.com,Booking.com,On Account,Confirmed,,akhali.645446@guest.booking.com,+44 7743 980456,,"Non-Smoking  There is no meal option with this room. Children and Extra Bed Policy: Children of any age are allowed. You haven't added any cots. You haven't added any extra beds. The maximum number of guests is 2.  Deposit Policy: The guest will be charged a prepayment of the total price of the reservation at any time.  Cancellation Policy: The guest will be charged the total price of the reservation if they cancel at any time.  payment_on_Booking.com (Payout type: BankTransfer)  ** THIS RESERVATION HAS BEEN PRE-PAID ** BOOKING NOTE : Payment charge is GBP 0.816  Genius Booker ",,,,,"2026-09-01",,,,
Wembar Hotel,2026-02-04T00:00:50,456-561-031,KVJ-589-137,6218600642,,Ana,Sofía López Afonso,"2026-09-23","2026-09-24",1,Single room-Standard-Ensuite with Shower,,Room 21,,1,0,GBP,0.00,See 218-493-334,0.00,0.00,Online,Booking.com,Booking.com,On Account,Canceled,,aafons.946700@guest.booking.com,+34 647 84 89 36,,"Group: 3 x Adult, 0 x Child  Non-Smoking  Promos: Mobile(App) Rate  There is no meal option with this room. Children and Extra Bed Policy: Children ages 1 and older are allowed. You haven't added any cots. You haven't added any extra beds. The maximum number of guests is 1.  Deposit Policy: The guest will be charged a prepayment of the total price of the reservation at any time.  Cancellation Policy: The guest can cancel free of charge until 3 days before arrival. The guest will be charged the total price of the reservation if they cancel in the 3 days before arrival.  payment_on_Booking.com (Payout type: BankTransfer)  ** THIS RESERVATION HAS BEEN PRE-PAID ** BOOKING NOTE : Payment charge is GBP 2.4344  Genius Booker ",,,,,"2026-02-04",,,,
Portobello Road Artistic Studios,2026-09-10T22:03:27,462-814-141,HUD-210-657,5351185827,,Alessandra,Cusenza,"2026-09-23","2026-09-27",4,Double Studio 202,,Flat 1-Basement ,,2,0,GBP,0.00,0.00,0.00,0.00,Online,Booking.com,Booking.com,On Account,Canceled,,acusen.466252@guest.booking.com,+39 339 732 3735,,"Non-Smoking  Promos: Mobile(App) Rate  There is no meal option with this room. Children and Extra Bed Policy: Children of any age are allowed. You haven't added any cots. You haven't added any extra beds. The maximum number of guests is 2.  Deposit Policy: The guest will be charged a prepayment of the total price of the reservation at any time.  Cancellation Policy: The guest can cancel free of charge until 5 days before arrival. The guest will be charged the total price of the reservation if they cancel in the 5 days before arrival.  payment_on_Booking.com (Payout type: BankTransfer)  ** THIS RESERVATION HAS BEEN PRE-PAID ** BOOKING NOTE : Payment charge is GBP 7.1968  Genius Booker ",,,,,"2026-09-10",,,,
Sachi Hotel,2026-07-12T15:23:05,484-841-591,QHU-906-222,5795425947,,Callan,Healy,"2026-09-23","2026-09-26",3,Basement-Double room-Shared Bathroom,,Room B1,,2,0,GBP,0.00,0.00,0.00,0.00,Online,Booking.com,Booking.com,On Account,Canceled,,chealy.260417@guest.booking.com,+44 7301 029241,,"Non-Smoking  Promos: Mobile(App) Rate  There is no meal option with this room. Children and Extra Bed Policy: Children of any age are allowed. You haven't added any cots. You haven't added any extra beds. The maximum number of guests is 2.  Deposit Policy: The guest will be charged a prepayment of the total price of the reservation at any time.  Cancellation Policy: The guest can cancel free of charge until 5 days before arrival. The guest will be charged the total price of the reservation if they cancel in the 5 days before arrival.  payment_on_Booking.com (Payout type: BankTransfer)  ** THIS RESERVATION HAS BEEN PRE-PAID ** BOOKING NOTE : Payment charge is GBP 2.43648  Genius Booker ",,,,,"2026-07-12",,,,
La Casa Studios Near Hyde Park,2026-09-06T12:48:01,491-490-412,ONP-257-920,5573962900,,Asja,Ceccherini,"2026-09-23","2026-09-27",4,Standard Studio Ensuite with Shower- La Casa,Non Refundable,Studio 9,,2,0,GBP,490.96,490.96,455.96,35.00,Online,Booking.com,Booking.com,On Account,Confirmed,,acecch.551249@guest.booking.com,+39 366 421 4569,,"Genius Rate  Non-Smoking  There is no meal option with this room. Children and Extra Bed Policy: Children of any age are allowed. You haven't added any cots. You haven't added any extra beds. The maximum number of guests is 2.  Deposit Policy: The guest will be charged a prepayment of the total price of the reservation at any time.  Cancellation Policy: The guest will be charged the total price of the reservation if they cancel at any time.  payment_on_Booking.com (Payout type: BankTransfer)  ** THIS RESERVATION HAS BEEN PRE-PAID ** Reservation has a cancellation grace period. Do not charge if cancelled before 2026-09-07 13:46:40 BOOKING NOTE : Payment charge is GBP 7.85536  Genius Booker ",,,,,"2026-09-06",,,,
Amsterdam Hotel,2026-08-16T04:09:15,503-858-652,MXK-813-422,2535706333,,Sumeet,Chandna,"2026-09-23","2026-10-01",8,Quad room-Ensuite/Amsterdam,,Room 16 3RD Floor Refurbished,,4,0,GBP,0.00,0.00,0.00,0.00,Online,Expedia Affiliate Network,Expedia & Affiliate Network,On Account,Canceled,,kfb6@ssbooking.cn,1111111111111,,"2 Queen Beds Expedia collects payment from traveler: Hotel invoices Expedia. ",,,,,"2026-08-16",,,,
Cozy Flats Near Olympia and Westfield,2026-09-16T23:00:59,506-118-204,XMI-004-531,5684100872,,Yildiz,Ramazan,"2026-09-23","2026-09-26",3,Double Studio Ensuite-Cozy Flats,Non Refundable,Flat 9 HR,,2,0,GBP,376.10,376.10,341.10,35.00,Online,Booking.com,Booking.com,On Account,Confirmed,,yramaz.891255@guest.booking.com,+90 506 168 60 78,,"Genius Rate  Non-Smoking  There is no meal option with this room. Children and Extra Bed Policy: Children of any age are allowed. 1 child (up to and including 2 years old) stays for free when using available cots.  You haven't added any extra beds. The maximum number of cots is 1. The maximum number of guests is 2.  Deposit Policy: The guest will be charged a prepayment of the total price of the reservation at any time.  Cancellation Policy: The guest will be charged the total price of the reservation if they cancel at any time.  payment_on_Booking.com (Payout type: BankTransfer)  ** THIS RESERVATION HAS BEEN PRE-PAID ** Reservation has a cancellation grace period. Do not charge if cancelled before 2026-09-17 23:59:39 BOOKING NOTE : Payment charge is GBP 6.0176  Genius Booker ",,,,,"2026-09-16",,,,
Portobello Road Artistic Studios,2026-08-19T12:54:58,512-809-534,QWO-775-265,5404674996,,John,dean,"2026-09-23","2026-09-24",1,Double Studio 202,Base Rate,Flat 1-Basement ,,2,0,GBP,119.15,119.15,84.15,35.00,Online,Booking.com,Booking.com,On Account,Confirmed,,jdean.779256@guest.booking.com,+44 7850 214398,,"Non-Smoking  Promos: Getaway Deal  There is no meal option with this room. Children and Extra Bed Policy: Children of any age are allowed. You haven't added any cots. You haven't added any extra beds. The maximum number of guests is 2.  Deposit Policy: The guest will be charged a prepayment of the total price of the reservation at any time.  Cancellation Policy: The guest can cancel free of charge until 5 days before arrival. The guest will be charged the total price of the reservation if they cancel in the 5 days before arrival.  payment_on_Booking.com (Payout type: BankTransfer)  ** THIS RESERVATION HAS BEEN PRE-PAID ** BOOKING NOTE : Payment charge is GBP 1.9064 Approximate time of arrival: between 15:00 and 16:00  Genius Booker ",,,,,"2026-08-19",,,,
Modern Studios Close To Hyde Park,2026-08-23T21:39:06,523-052-032,BZT-625-923,2541527249,,ABDERRAHMANE,BOUAOUN,"2026-09-23","2026-09-29",6,Standard-Studio-Ensuite-Basement level LG,,Flat 6 BF,,1,0,GBP,0.00,0.00,0.00,0.00,Online,Expedia,Expedia & Affiliate Network,Pay On Arrival,Canceled,,xwencni4ii@m.expediapartnercentral.com,1111111111111,,"Hotel collects payment from the traveler ",,,,,"2026-08-23",,,,
Amsterdam Hotel,2026-07-23T22:53:55,523-212-212,VTW-259-823,6039173815,,Hesham,Sheta,"2026-09-23","2026-09-24",1,Quad room-Ensuite/Amsterdam,,Room 17 3RD Floor ,,4,0,GBP,0.00,0.00,0.00,0.00,Online,Booking.com,Booking.com,On Account,Canceled,,hsheta.719802@guest.booking.com,+20 10 33310333,,"Genius Rate  Non-Smoking  There is no meal option with this room. Children and Extra Bed Policy: Children of any age are allowed. You haven't added any cots. You haven't added any extra beds. The maximum number of guests is 4.  Deposit Policy: The guest will be charged a prepayment of the total price of the reservation at any time.  Cancellation Policy: The guest can cancel free of charge until 2 days before arrival. The guest will be charged the total price of the reservation if they cancel in the 2 days before arrival.  payment_on_Booking.com (Payout type: BankTransfer)  ** THIS RESERVATION HAS BEEN PRE-PAID ** BOOKING NOTE : Payment charge is GBP 1.67328  Genius Booker ",,,,,"2026-07-23",,,,
The Kirkdale Hotel,2026-09-12T05:33:12,536-569-402,YHX-481-379,6010223532,,Thomas,Halleron,"2026-09-23","2026-09-24",1,Standard Single room Ensuite,Non Refundable,Room 4 - GF,,1,0,GBP,54.47,108.94,54.47,0.00,Online,Booking.com,Booking.com,On Account,Confirmed,,thalle.200854@guest.booking.com,+44 7562 639007,,"Group: 2 x Adult, 0 x Child  Genius Rate  Non-Smoking  There is no meal option with this room. Children and Extra Bed Policy: Children of any age are allowed. You haven't added any cots. You haven't added any extra beds. The maximum number of guests is 1.  Deposit Policy: The guest will be charged a prepayment of the total price of the reservation at any time.  Cancellation Policy: The guest will be charged the total price of the reservation if they cancel at any time.  payment_on_Booking.com (Payout type: BankTransfer)  ** THIS RESERVATION HAS BEEN PRE-PAID ** Reservation has a cancellation grace period. Do not charge if cancelled before 2026-09-13 06:31:52 This guest would like the rooms in this booking to be close together if possible. Ground floor two double beds rather then single beds please BOOKING NOTE : Payment charge is GBP 1.74304  Genius Booker ",,,,,"2026-09-12",,,,
Amsterdam Hotel,2026-04-24T12:12:34,544-804-192,XGB-202-948,6504943549,,Ana,Sofía López Afonso,"2026-09-23","2026-09-25",2,Deluxe-Triple room-Ensuite/Amsterdam,,Room 2 GF,,3,0,GBP,0.00,0.00,0.00,0.00,Online,Booking.com,Booking.com,On Account,Canceled,,aafons.764191@guest.booking.com,+34 647 84 89 36,,"Genius Rate  Non-Smoking  Promos: International  There is no meal option with this room. Children and Extra Bed Policy: Children of any age are allowed. You haven't added any cots. You haven't added any extra beds. The maximum number of guests is 3.  Deposit Policy: The guest will be charged a prepayment of the total price of the reservation at any time.  Cancellation Policy: The guest can cancel free of charge until 2 days before arrival. The guest will be charged the total price of the reservation if they cancel in the 2 days before arrival.  payment_on_Booking.com (Payout type: BankTransfer)  ** THIS RESERVATION HAS BEEN PRE-PAID ** BOOKING NOTE : Payment charge is GBP 3.49984  Genius Booker ",,,,,"2026-04-24",,,,
Amsterdam Hotel,2026-08-26T14:17:31,551-966-184,JWP-843-914,5345454817,,Albena,Angelova,"2026-09-23","2026-09-26",3,Quad room-Ensuite/Amsterdam,,Room 19 4TH Floor,,2,0,GBP,0.00,0.00,0.00,0.00,Online,Booking.com,Booking.com,On Account,Canceled,,aangel.685730@guest.booking.com,+359 87 649 4903,,"Genius Rate  Non-Smoking  There is no meal option with this room. Children and Extra Bed Policy: Children of any age are allowed. You haven't added any cots. You haven't added any extra beds. The maximum number of guests is 4.  Deposit Policy: The guest will be charged a prepayment of the total price of the reservation at any time.  Cancellation Policy: The guest can cancel free of charge until 2 days before arrival. The guest will be charged the total price of the reservation if they cancel in the 2 days before arrival.  payment_on_Booking.com (Payout type: BankTransfer)  ** THIS RESERVATION HAS BEEN PRE-PAID ** BOOKING NOTE : Payment charge is GBP 7.29648  Genius Booker ",,,,,"2026-08-26",,,,
Amsterdam Hotel,2026-09-10T00:21:24,552-880-514,NFX-701-979,2555157829,,Jatinder,Singh Kaur,"2026-09-23","2026-09-26",3,Quad room-Ensuite/Amsterdam,Non Refundable Rate,Room 28 Basement,,2,1,GBP,404.75,404.75,404.75,0.00,Online,Expedia Affiliate Network,Expedia & Affiliate Network,On Account,Confirmed,,contact@data2diamond.com,11111111111,,"2 Queen Beds Expedia collects payment from traveler: Hotel invoices Expedia. ",,,,,"2026-09-09",,,,
Number 19 Brighton,2026-09-02T11:23:56,559-380-061,VRV-551-333,5825446330,,Alison,Morris,"2026-09-23","2026-09-24",1,Standard-Double room-Ensuite,,Room 05,,1,0,GBP,0.00,See 288-654-061,0.00,0.00,Online,Booking.com,Booking.com,On Account,Canceled,,amorri.355337@guest.booking.com,+44 7777 110299,,"Group: 3 x Adult, 0 x Child  Non-Smoking  Promos: Domestic  There is no meal option with this room. Children and Extra Bed Policy: Children of any age are allowed. You haven't added any cots. You haven't added any extra beds. The maximum number of guests is 2.  Deposit Policy: The guest will be charged a prepayment of the total price of the reservation at any time.  Cancellation Policy: The guest can cancel free of charge until 7 days before arrival. The guest will be charged the total price of the reservation if they cancel in the 7 days before arrival. If the guest doesn’t show up, they will be charged the total price of the reservation.  payment_on_Booking.com (Payout type: BankTransfer)  ** THIS RESERVATION HAS BEEN PRE-PAID ** BOOKING NOTE : Payment charge is GBP 3.1008 ",,,,,"2026-09-02",,,,
Wembar Hotel,2026-08-17T13:42:17,564-662-391,BKZ-097-033,5620231562,,Vincenzo,Contino,"2026-09-23","2026-09-27",4,Double room-Standard-Ensuite with Shower/Wembar,,Room 09 - 2nd F,,2,0,GBP,0.00,0.00,0.00,0.00,Online,Booking.com,Booking.com,On Account,Canceled,,vconti.249342@guest.booking.com,+39 327 357 1918,,"Non-Smoking  Promos: Mobile(App) Rate  There is no meal option with this room. Children and Extra Bed Policy: Children ages 1 and older are allowed. You haven't added any cots. You haven't added any extra beds. The maximum number of guests is 2.  Deposit Policy: The guest will be charged a prepayment of the total price of the reservation at any time.  Cancellation Policy: The guest can cancel free of charge until 3 days before arrival. The guest will be charged the total price of the reservation if they cancel in the 3 days before arrival.  payment_on_Booking.com (Payout type: BankTransfer)  ** THIS RESERVATION HAS BEEN PRE-PAID ** BOOKING NOTE : Payment charge is GBP 6.552  Genius Booker ",,,,,"2026-08-17",,,,
Wembar Hotel,2026-02-03T23:46:01,600-496-631,OXN-102-875,6546162029,,Ana,Sofía López Afonso,"2026-09-23","2026-09-24",1,Triple room-Standard-Ensuite with Shower,,Room 11,,3,0,GBP,0.00,0.00,0.00,0.00,Online,Booking.com,Booking.com,On Account,Canceled,,aafons.412769@guest.booking.com,+34 647 84 89 36,,"Non-Smoking  Promos: Mobile(App) Rate  There is no meal option with this room. Children and Extra Bed Policy: Children ages 1 and older are allowed. You haven't added any cots. You haven't added any extra beds. The maximum number of guests is 3.  Deposit Policy: The guest will be charged a prepayment of the total price of the reservation at any time.  Cancellation Policy: The guest can cancel free of charge until 3 days before arrival. The guest will be charged the total price of the reservation if they cancel in the 3 days before arrival.  payment_on_Booking.com (Payout type: BankTransfer)  ** THIS RESERVATION HAS BEEN PRE-PAID ** BOOKING NOTE : Payment charge is GBP 1.5232  Genius Booker ",,,,,"2026-02-03",,,,
Sachi Hotel,2026-06-22T17:13:37,602-436-501,AJL-997-987,6397597422,,Holt,Kaja,"2026-09-23","2026-09-27",4,Standard Single room External Bathroom,,Room 4 1st F,,1,0,GBP,0.00,0.00,0.00,0.00,Online,Booking.com,Booking.com,On Account,Canceled,,hkaja.280466@guest.booking.com,+386 31701587,,"Non-Smoking  Promos: Mobile(App) Rate  There is no meal option with this room. Children and Extra Bed Policy: Children of any age are allowed. You haven't added any cots. You haven't added any extra beds. The maximum number of guests is 1.  Deposit Policy: The guest will be charged a prepayment of the total price of the reservation at any time.  Cancellation Policy: The guest can cancel free of charge until 5 days before arrival. The guest will be charged the total price of the reservation if they cancel in the 5 days before arrival.  payment_on_Booking.com (Payout type: BankTransfer)  ** THIS RESERVATION HAS BEEN PRE-PAID ** BOOKING NOTE : Payment charge is GBP 4.032  Genius Booker ",,,,,"2026-06-22",,,,
Wembar Hotel,2026-02-03T23:45:40,612-958-234,TIS-469-332,5100138492,,Ana,Sofía López Afonso,"2026-09-23","2026-09-25",2,Triple room-Standard-Ensuite with Shower,,Room 07,,3,0,GBP,0.00,0.00,0.00,0.00,Online,Booking.com,Booking.com,On Account,Canceled,,aafons.766298@guest.booking.com,+34 647 84 89 36,,"Non-Smoking  Promos: Mobile(App) Rate  There is no meal option with this room. Children and Extra Bed Policy: Children ages 1 and older are allowed. You haven't added any cots. You haven't added any extra beds. The maximum number of guests is 3.  Deposit Policy: The guest will be charged a prepayment of the total price of the reservation at any time.  Cancellation Policy: The guest can cancel free of charge until 3 days before arrival. The guest will be charged the total price of the reservation if they cancel in the 3 days before arrival.  payment_on_Booking.com (Payout type: BankTransfer)  ** THIS RESERVATION HAS BEEN PRE-PAID ** BOOKING NOTE : Payment charge is GBP 2.9104  Genius Booker ",,,,,"2026-02-03",,,,
Portobello Road Artistic Studios,2026-08-17T10:05:45,618-361-622,IKF-850-174,6180882351,,Pilar,Andujar,"2026-09-23","2026-09-27",4,Double Studio 202,,Flat 12 - 2nd F,,2,0,GBP,0.00,0.00,0.00,0.00,Online,Booking.com,Booking.com,On Account,Canceled,,panduj.111329@guest.booking.com,+34 686 99 25 28,,"Non-Smoking  Promos: Mobile(App) Rate  There is no meal option with this room. Children and Extra Bed Policy: Children of any age are allowed. You haven't added any cots. You haven't added any extra beds. The maximum number of guests is 2.  Deposit Policy: The guest will be charged a prepayment of the total price of the reservation at any time.  Cancellation Policy: The guest can cancel free of charge until 5 days before arrival. The guest will be charged the total price of the reservation if they cancel in the 5 days before arrival.  payment_on_Booking.com (Payout type: BankTransfer)  ** THIS RESERVATION HAS BEEN PRE-PAID ** BOOKING NOTE : Payment charge is GBP 6.3264  Genius Booker ",,,,,"2026-08-17",,,,
La Casa Studios Near Hyde Park,2026-08-22T18:56:42,620-598-812,SEL-509-689,6967708383,,Giovina,Elèna Cianciaruso,"2026-09-23","2026-09-28",5,Standard Studio Ensuite with Shower- La Casa,Non Refundable,Studio 18,,2,0,GBP,540.91,540.91,505.91,35.00,Online,Booking.com,Booking.com,On Account,Confirmed,,gcianc.676422@guest.booking.com,+39 339 246 0420,,"Genius Rate  Non-Smoking  There is no meal option with this room. Children and Extra Bed Policy: Children of any age are allowed. You haven't added any cots. You haven't added any extra beds. The maximum number of guests is 2.  Deposit Policy: The guest will be charged a prepayment of the total price of the reservation at any time.  Cancellation Policy: The guest will be charged the total price of the reservation if they cancel at any time.  payment_on_Booking.com (Payout type: BankTransfer)  ** THIS RESERVATION HAS BEEN PRE-PAID ** Reservation has a cancellation grace period. Do not charge if cancelled before 2026-08-23 19:55:26 BOOKING NOTE : Payment charge is GBP 8.65456 Approximate time of arrival: between 13:00 and 14:00  Genius Booker ",,,,,"2026-08-22",,,,
Amsterdam Hotel,2026-09-08T01:52:58,645-898-954,IJS-984-630,5803199767,,Ermias,Hagege,"2026-09-23","2026-09-27",4,Quad room-Ensuite/Amsterdam,Non Refundable Rate,Room 16 3RD Floor Refurbished,,4,0,GBP,573.62,573.62,573.62,0.00,Online,Booking.com,Booking.com,On Account,Confirmed,,ehageg.523439@guest.booking.com,+1 301 281 7554,,"Genius Rate  Non-Smoking  There is no meal option with this room. Children and Extra Bed Policy: Children of any age are allowed. You haven't added any cots. You haven't added any extra beds. The maximum number of guests is 4.  Deposit Policy: The guest will be charged a prepayment of the total price of the reservation at any time.  Cancellation Policy: The guest will be charged the total price of the reservation if they cancel at any time.  payment_on_Booking.com (Payout type: BankTransfer)  ** THIS RESERVATION HAS BEEN PRE-PAID ** Reservation has a cancellation grace period. Do not charge if cancelled before 2026-09-09 02:51:42 BOOKING NOTE : Payment charge is GBP 9.17792 Approximate time of arrival: between 11:00 and 12:00  Genius Booker ",,,,,"2026-09-08",,,,
Amsterdam Hotel,2026-07-29T18:25:59,646-229-822,EXG-915-323,5857082266,,Tayba,Pourkand,"2026-09-23","2026-09-26",3,Quad room-Ensuite/Amsterdam,Non Refundable Rate,Room 8 1ST Floor,,3,1,GBP,354.75,354.75,354.75,0.00,Online,Booking.com,Booking.com,On Account,Confirmed,,tpourk.749037@guest.booking.com,+46 72 039 83 24,,"Child Ages: 13  Genius Rate  Non-Smoking  There is no meal option with this room. Children and Extra Bed Policy: Children of any age are allowed. You haven't added any cots. You haven't added any extra beds. The maximum number of guests is 4.  Deposit Policy: The guest will be charged a prepayment of the total price of the reservation at any time.  Cancellation Policy: The guest will be charged the total price of the reservation if they cancel at any time.  payment_on_Booking.com (Payout type: BankTransfer)  ** THIS RESERVATION HAS BEEN PRE-PAID ** Reservation has a cancellation grace period. Do not charge if cancelled before 2026-07-30 19:24:39 Hi, we would prefer a room on the second floor and not to have a room on the ground/ basement floor, as one of us is claustrophobic. BOOKING NOTE : Payment charge is GBP 5.676  Genius Booker ",,,,,"2026-07-29",,,,
Cambria Hotel,2026-03-26T18:16:59,650-491-012,AOQ-700-165,5210146353,,Philip,Elmes,"2026-09-23","2026-09-27",4,Deluxe-Sea view-Double room-Ensuite,Base Rate,Room 10,,2,0,GBP,180.00,180.00,180.00,0.00,Online,Booking.com,Booking.com,On Account,Confirmed,,pelmes.230806@guest.booking.com,+44 7434 882749,,"Non-Smoking  There is no meal option with this room. Children and Extra Bed Policy: Children of any age are allowed. You haven't added any cots. You haven't added any extra beds. The maximum number of guests is 2.  Deposit Policy: The guest will be charged a prepayment of the total price of the reservation at any time.  Cancellation Policy: The guest can cancel free of charge until 7 days before arrival. The guest will be charged the total price of the reservation if they cancel in the 7 days before arrival.  payment_on_Booking.com (Payout type: BankTransfer)  ** THIS RESERVATION HAS BEEN PRE-PAID ** BOOKING NOTE : Payment charge is GBP 2.88 Approximate time of arrival: between 15:00 and 16:00  Genius Booker ",,,,,"2026-03-26",,,,
Modern Studios Close To Hyde Park,2025-10-08T15:34:03,655-321-124,BLV-831-232,5096821675,,елза,иванова-лекова,"2026-09-23","2026-09-26",3,Family-Studio-Ensuite-Quad ,,Flat 15 (quad) 1st,,3,0,GBP,0.00,0.00,0.00,0.00,Online,Booking.com,Booking.com,On Account,Canceled,,eivano.303753@guest.booking.com,+359 88 874 3331,,"payment_on_Booking.com (Payout type: BankTransfer)  Non-Smoking  ** THIS RESERVATION HAS BEEN PRE-PAID ** BOOKING NOTE : Payment charge is GBP 6.9616  Genius Booker  Promos: Mobile(App) Rate  There is no meal option with this room. Children and Extra Bed Policy: Children of any age are allowed. You haven't added any cots. You haven't added any extra beds. The maximum number of guests is 4.  Deposit Policy: The guest will be charged a prepayment of the total price of the reservation at any time.  Cancellation Policy: The guest can cancel free of charge until 7 days before arrival. The guest will be charged the total price of the reservation if they cancel in the 7 days before arrival.",,,,,"2025-10-08",,,,
Amsterdam Hotel,2026-09-09T15:31:20,666-681-632,WTR-200-819,6909589865,,Toma,Laurynaviciene,"2026-09-23","2026-09-24",1,Quad room-Ensuite/Amsterdam,Non Refundable Rate,Room 4 GF,,4,0,GBP,113.24,113.24,113.24,0.00,Online,Booking.com,Booking.com,On Account,Confirmed,,tlaury.795675@guest.booking.com,+353 86 358 4760,,"Genius Rate  Non-Smoking  There is no meal option with this room. Children and Extra Bed Policy: Children of any age are allowed. You haven't added any cots. You haven't added any extra beds. The maximum number of guests is 4.  Deposit Policy: The guest will be charged a prepayment of the total price of the reservation at any time.  Cancellation Policy: The guest will be charged the total price of the reservation if they cancel at any time.  payment_on_Booking.com (Payout type: BankTransfer)  ** THIS RESERVATION HAS BEEN PRE-PAID ** Reservation has a cancellation grace period. Do not charge if cancelled before 2026-09-10 16:30:03 BOOKING NOTE : Payment charge is GBP 1.81184  Genius Booker ",,,,,"2026-09-09",,,Ground floor request,
Avalon Guest house,2026-09-16T07:20:33,682-486-982,NMT-333-597,1418fb94e984-53406d69a6bd24615e7a4f7bb38ce1db@airbnb.com,,Reserved,iCal,"2026-09-23","2026-09-24",1,Modern Standard Double room ensuite,Base Rate,No. 13 - Room 5,,1,0,GBP,0.00,0.00,0.00,0.00,iCal,ical1,,Deposit (Variable),Confirmed,,,,,Reservation URL: https://www.airbnb.com/hosting/reservations/details/HMQF3WENE9,,,,,"2026-09-16",,,,
Holland Rd Studios Close to Olympia London,2026-09-05T11:32:51,800-162-824,HLU-218-474,2551587252,,RAQUEL,SAAVEDRA MANRESA,"2026-09-23","2026-09-27",4,Compact-Studio-Ensuite with Shower HR,Non refundable rate,Flat 5 Ground,,1,1,GBP,449.19,449.19,414.19,35.00,Online,Expedia Affiliate Network,Expedia & Affiliate Network,On Account,Confirmed,,noreply@w2m.com,11111111111,,"1 Queen Bed Expedia collects payment from traveler: Hotel invoices Expedia. ",,,,,"2026-09-05",,,,
London Gatwick Inn,2026-09-09T23:49:11,800-320-441,XZV-595-923,5762087541,,Ross,James,"2026-09-23","2026-09-24",1,Double Room,7-Day Flexible,101,,2,0,GBP,62.37,62.37,62.37,0.00,Online,Booking.com,Booking.com,On Account,Confirmed,,rjames.153583@guest.booking.com,+44 7850 501360,,"Genius Rate  Non-Smoking  Promos: Mobile(App) Rate  There is no meal option with this room. Children and Extra Bed Policy: Children ages 6 and older are allowed. You haven't added any cots. You haven't added any extra beds. The maximum number of guests is 2.  Deposit Policy: The guest will be charged a prepayment of the total price of the reservation at any time.  Cancellation Policy: The guest can cancel free of charge until 7 days before arrival. The guest will be charged the total price of the reservation if they cancel in the 7 days before arrival.  payment_on_Booking.com (Payout type: BankTransfer)  ** THIS RESERVATION HAS BEEN PRE-PAID ** BOOKING NOTE : Payment charge is GBP 0.99792  Genius Booker ",,,,,"2026-09-09",,,,
Crofton House Hotel,2026-05-26T14:35:25,800-591-964,DCH-254-999,5131439248,,DANE,MANLEY-HARRIS,"2026-09-23","2026-09-30",7,Comfort-Double room-Ensuite,Base Rate,Cottage Double Room 5,,2,0,GBP,395.10,395.10,395.10,0.00,Online,Booking.com,Booking.com,On Account,Confirmed,,dmanle.427183@guest.booking.com,+44 7919 116785,,"Non-Smoking  Promos: Mobile(App) Rate  There is no meal option with this room. Children and Extra Bed Policy: Children of any age are allowed. You haven't added any cots. You haven't added any extra beds. The maximum number of guests is 2.  Deposit Policy: The guest will be charged a prepayment of the total price of the reservation at any time.  Cancellation Policy: The guest can cancel free of charge until 5 days before arrival. The guest will be charged the total price of the reservation if they cancel in the 5 days before arrival.  payment_on_Booking.com (Payout type: BankTransfer)  ** THIS RESERVATION HAS BEEN PRE-PAID ** 10th wedding anniversary BOOKING NOTE : Payment charge is GBP 6.3216 ",,,,,"2026-05-26",,,,
Hammersmith Stayz,2026-06-28T06:20:44,803-029-001,AOH-297-650,5002763526,,Warren,Dsylva,"2026-09-23","2026-09-27",4,Standard Double Studio Ensuite/Hammersmith Stayz,,Studio 1 GF,,1,0,GBP,0.00,0.00,0.00,0.00,Online,Booking.com,Booking.com,On Account,Canceled,,wdsylv.774583@guest.booking.com,+91 98200 25165,,"Genius Rate  Non-Smoking  Promos: International  There is no meal option with this room. Children and Extra Bed Policy: Children of any age are allowed. 1 child (up to and including 2 years old) stays for free when using available cots.  You haven't added any extra beds. The maximum number of cots is 1. The maximum number of guests is 2.  Deposit Policy: The guest will be charged a prepayment of the total price of the reservation at any time.  Cancellation Policy: The guest can cancel free of charge until 5 days before arrival. The guest will be charged the total price of the reservation if they cancel in the 5 days before arrival.  payment_on_Booking.com (Payout type: BankTransfer)  ** THIS RESERVATION HAS BEEN PRE-PAID ** Approximate time of arrival: between 12:00 and 13:00 BOOKING NOTE : Payment charge is GBP 5.22768  Genius Booker ",,,,,"2026-06-28",,,,
London Gatwick Inn,2026-09-07T22:39:13,822-261-624,MUO-939-276,2553382996,,Ke,Zhang,"2026-09-23","2026-09-24",1,Small single,Base Rate,304,,1,0,GBP,42.12,42.12,42.12,0.00,Online,Expedia Affiliate Network,Expedia & Affiliate Network,On Account,Confirmed,,h2kn7fmosp@m.expediapartnercentral.com,1111111111111,,"1 Twin Bed Expedia collects payment from traveler: Hotel invoices Expedia. ",,,,,"2026-09-07",,,,
The Kirkdale Hotel,2026-09-12T05:33:12,840-264-314,YHX-481-379,6010223532,,Thomas,Halleron,"2026-09-23","2026-09-24",1,Standard Single room Ensuite,Non Refundable,Room 15 - 1st F,,1,0,GBP,54.47,See 536-569-402,54.47,0.00,Online,Booking.com,Booking.com,On Account,Confirmed,,thalle.200854@guest.booking.com,+44 7562 639007,,"Group: 2 x Adult, 0 x Child  Genius Rate  Non-Smoking  There is no meal option with this room. Children and Extra Bed Policy: Children of any age are allowed. You haven't added any cots. You haven't added any extra beds. The maximum number of guests is 1.  Deposit Policy: The guest will be charged a prepayment of the total price of the reservation at any time.  Cancellation Policy: The guest will be charged the total price of the reservation if they cancel at any time.  payment_on_Booking.com (Payout type: BankTransfer)  ** THIS RESERVATION HAS BEEN PRE-PAID ** Reservation has a cancellation grace period. Do not charge if cancelled before 2026-09-13 06:31:52 This guest would like the rooms in this booking to be close together if possible. Ground floor two double beds rather then single beds please BOOKING NOTE : Payment charge is GBP 1.74304  Genius Booker ",,,,,"2026-09-12",,,,
Cambria Hotel,2026-09-16T15:18:49,841-352-201,AGH-825-303,6138187664,,Trevor,Green,"2026-09-23","2026-09-25",2,Standard-Single room-Ensuite,Base Rate,Room 8,,1,0,GBP,66.00,66.00,66.00,0.00,Online,Booking.com,Booking.com,On Account,Confirmed,,tgreen.259948@guest.booking.com,+44 7949 252653,,"Non-Smoking  There is no meal option with this room. Children and Extra Bed Policy: Children of any age are allowed. You haven't added any cots. You haven't added any extra beds. The maximum number of guests is 1.  Deposit Policy: The guest will be charged a prepayment of the total price of the reservation at any time.  Cancellation Policy: The guest can cancel free of charge until 7 days before arrival. The guest will be charged the total price of the reservation if they cancel in the 7 days before arrival.  payment_on_Booking.com (Payout type: BankTransfer)  ** THIS RESERVATION HAS BEEN PRE-PAID ** BOOKING NOTE : Payment charge is GBP 1.056  Genius Booker ",,,,,"2026-09-16",,,,
London Gatwick Inn,2026-09-09T18:40:08,849-415-991,FBM-580-313,6890898501,,Clare,Evans,"2026-09-23","2026-09-24",1,Family,7-Day Flexible,102,,4,1,GBP,108.54,108.54,108.54,0.00,Online,Booking.com,Booking.com,On Account,Confirmed,,cevans.939497@guest.booking.com,+44 7516 141029,,"Child Ages: 6  Genius Rate  Non-Smoking  Promos: Mobile(MDot) Rate  There is no meal option with this room. Children and Extra Bed Policy: Children ages 6 and older are allowed. You haven't added any cots. You haven't added any extra beds. The maximum number of guests is 5.  Deposit Policy: The guest will be charged a prepayment of the total price of the reservation at any time.  Cancellation Policy: The guest can cancel free of charge until 7 days before arrival. The guest will be charged the total price of the reservation if they cancel in the 7 days before arrival.  payment_on_Booking.com (Payout type: BankTransfer)  ** THIS RESERVATION HAS BEEN PRE-PAID ** BOOKING NOTE : Payment charge is GBP 1.73664 Approximate time of arrival: between 15:00 and 16:00 Ground floor if possible please  Genius Booker ",,,,,"2026-09-09",,,Ground floor request,
Portobello Road Artistic Studios,2026-09-17T10:02:14,863-030-504,BCG-569-428,6877158279,,Alessandra,Cusenza,"2026-09-23","2026-09-27",4,Double Studio 202,Non Refundable,Flat 12 - 2nd F,,2,0,GBP,438.75,438.75,403.75,35.00,Online,Booking.com,Booking.com,On Account,Confirmed,,acusen.278426@guest.booking.com,+39 339 732 3735,,"Non-Smoking  Promos: Mobile(App) Rate  There is no meal option with this room. Children and Extra Bed Policy: Children of any age are allowed. You haven't added any cots. You haven't added any extra beds. The maximum number of guests is 2.  Deposit Policy: The guest will be charged a prepayment of the total price of the reservation at any time.  Cancellation Policy: The guest will be charged the total price of the reservation if they cancel at any time.  payment_on_Booking.com (Payout type: BankTransfer)  ** THIS RESERVATION HAS BEEN PRE-PAID ** BOOKING NOTE : Payment charge is GBP 7.02  Genius Booker ",,,,,"2026-09-17",,,,
Hammersmith Stayz,2026-06-24T17:30:27,892-524-554,NKH-147-491,5364807403,,Emily,Garcia Ruiz,"2026-09-23","2026-09-27",4,Standard Double Studio Ensuite/Hammersmith Stayz,Base Rate,Studio 4 1st F,,2,0,GBP,312.40,312.40,282.40,30.00,Online,Booking.com,Booking.com,On Account,Confirmed,,eruiz.295316@guest.booking.com,+34 650 62 34 99,,"Genius Rate  Non-Smoking  Promos: International  There is no meal option with this room. Children and Extra Bed Policy: Children of any age are allowed. 1 child (up to and including 2 years old) stays for free when using available cots.  You haven't added any extra beds. The maximum number of cots is 1. The maximum number of guests is 2.  Deposit Policy: The guest will be charged a prepayment of the total price of the reservation at any time.  Cancellation Policy: The guest can cancel free of charge until 5 days before arrival. The guest will be charged the total price of the reservation if they cancel in the 5 days before arrival.  payment_on_Booking.com (Payout type: BankTransfer)  ** THIS RESERVATION HAS BEEN PRE-PAID ** Approximate time of arrival: between 01:00 and 02:00 the next day Hi, I'm traveling on the 23rd but arriving in the early morning of the 24th, I think around 2-3 in the morning. Could you tell me how to check-in for these situations? Thanks. BOOKING NOTE : Payment charge is GBP 4.9984  Genius Booker ",,,,,"2026-06-24",,,,
Modern Studios Close To Hyde Park,2026-07-15T09:39:03,893-095-051,ASN-282-556,6708381794,,Τσιτσου,Χρυσουλα,"2026-09-23","2026-09-27",4,Large Studio Ensuite LG,Non Refundable,Flat 24 (double) 3rd,,2,0,GBP,504.80,504.80,469.80,35.00,Online,Booking.com,Booking.com,On Account,Confirmed,,tkhrus.894671@guest.booking.com,+30 698 092 5994,,"Moved from 11 to 12 to accommodate a long-stay guest   Non-Smoking  Promos: Mobile(App) Rate  There is no meal option with this room. Children and Extra Bed Policy: Children of any age are allowed. You haven't added any cots. You haven't added any extra beds. The maximum number of guests is 2.  Deposit Policy: The guest will be charged a prepayment of the total price of the reservation at any time.  Cancellation Policy: The guest will be charged the total price of the reservation if they cancel at any time.  payment_on_Booking.com (Payout type: BankTransfer)  ** THIS RESERVATION HAS BEEN PRE-PAID ** BOOKING NOTE : Payment charge is GBP 8.0768  Genius Booker ",,,,,"2026-07-15",,,,
Crofton House Hotel,2026-03-15T20:31:40,893-583-644,SUH-133-683,2415828053,,Sian,Jones,"2026-09-23","2026-09-25",2,Comfort-Double room-Ensuite,Non Refundable,Cottage Double Room 7,,2,0,GBP,122.41,122.40,122.41,0.00,Online,Expedia Affiliate Network,Expedia & Affiliate Network,On Account,Confirmed,,support@stuba.com,9711442075700341,,"1 Double Bed """" ",,,,,"2026-03-15",,,,
Amsterdam Hotel,2026-09-03T01:15:06,902-813-191,SBG-695-103,5138680289,,Hesham,Sheta,"2026-09-23","2026-09-25",2,Modern-Double room-Ensuite/Amsterdam,,Room 24 5TH Floor,,1,0,GBP,0.00,0.00,0.00,0.00,Online,Booking.com,Booking.com,On Account,Canceled,,hsheta.314397@guest.booking.com,+20 10 33310333,,"Genius Rate  Non-Smoking  There is no meal option with this room. Children and Extra Bed Policy: Children of any age are allowed. You haven't added any cots. You haven't added any extra beds. The maximum number of guests is 2.  Deposit Policy: The guest will be charged a prepayment of the total price of the reservation at any time.  Cancellation Policy: The guest can cancel free of charge until 2 days before arrival. The guest will be charged the total price of the reservation if they cancel in the 2 days before arrival.  payment_on_Booking.com (Payout type: BankTransfer)  ** THIS RESERVATION HAS BEEN PRE-PAID ** BOOKING NOTE : Payment charge is GBP 3.21408  Genius Booker ",,,,,"2026-09-03",,,,
Sachi Hotel,2026-07-20T19:37:49,905-153-644,XNB-765-289,5986460032,,Murat,Çelebi,"2026-09-23","2026-09-24",1,Basement-Double room-Shared Bathroom,,Room B1,,2,0,GBP,0.00,0.00,0.00,0.00,Online,Booking.com,Booking.com,On Account,Canceled,,mceleb.160867@guest.booking.com,+90 506 286 18 93,,"Non-Smoking  Promos: Mobile(App) Rate  There is no meal option with this room. Children and Extra Bed Policy: Children of any age are allowed. You haven't added any cots. You haven't added any extra beds. The maximum number of guests is 2.  Deposit Policy: The guest will be charged a prepayment of the total price of the reservation at any time.  Cancellation Policy: The guest can cancel free of charge until 5 days before arrival. The guest will be charged the total price of the reservation if they cancel in the 5 days before arrival.  payment_on_Booking.com (Payout type: BankTransfer)  ** THIS RESERVATION HAS BEEN PRE-PAID ** BOOKING NOTE : Payment charge is GBP 0.7776  Genius Booker ",,,,,"2026-07-20",,,,
Savoy Hotel,2026-09-08T19:17:32,911-685-401,OFF-769-438,5278436196,,IAN,ROGERS,"2026-09-23","2026-09-24",1,Double room-Standard-Ensuite-Brichfield,Non Refundable,Room 303 brichfield,,2,0,GBP,158.00,58.00,58.00,100.00,Online,Booking.com,Booking.com,On Account,Confirmed,,iroger.940111@guest.booking.com,+44 7905 135447,,"Non-Smoking  There is no meal option with this room. Children and Extra Bed Policy: Children of any age are allowed. You haven't added any cots. You haven't added any extra beds. The maximum number of guests is 2.  Deposit Policy: The guest will be charged a prepayment of the total price of the reservation at any time.  Cancellation Policy: The guest will be charged the total price of the reservation if they cancel at any time.  payment_on_Booking.com (Payout type: BankTransfer)  ** THIS RESERVATION HAS BEEN PRE-PAID ** BOOKING NOTE : Payment charge is GBP 0.928  Genius Booker ",,,,,"2026-09-08",,,,
Avalon Guest house,2026-09-10T21:18:37,915-692-844,LFY-049-789,1418fb94e984-d6e31e25aac8138e6f8c8102ab283967@airbnb.com,,Rodney’s,iCal,"2026-09-23","2026-09-25",2,Modern Standard Double room ensuite,Base Rate,No. 13 - Room 7,,1,0,GBP,64.67,64.67,64.67,0.00,iCal,ical1,,Deposit (Variable),Confirmed,,,+4915789251370,,"Reservation URL: https://www.airbnb.com/hosting/reservations/details/HMEB4Z8BBY Rodney’s group of 2 Sep 23 – 25 · 2 nights Room 7 ocean · Standard double room near the seafront",,,,,"2026-09-10",,,,
Amsterdam Hotel,2026-03-14T11:53:14,918-209-332,EDP-923-466,2414880375,,Colin,Tebby,"2026-09-23","2026-09-24",1,Compact-Double room-Ensuite/Amsterdam,Base Rate,Room 18 4TH Floor Refurbished,,2,0,GBP,81.12,81.12,81.12,0.00,Online,Hotels.com,Expedia & Affiliate Network,On Account,Confirmed,,colin.tebby@ntlworld.com,447803803806,,,,,,,"2026-03-14",,,,
Wembar Hotel,2026-08-25T17:03:41,924-985-001,DIL-908-508,5931297252,,Li,Yuqing,"2026-09-23","2026-09-28",5,Double room-Standard-Ensuite with Shower/Wembar,,Room 02 - GF,,2,0,GBP,633.00,633.00,633.00,0.00,Online,Booking.com,Booking.com,On Account,Confirmed,,hggmtx.338644@guest.booking.com,+86 186 0346 9266,,"Non-Smoking  There is no meal option with this room. Children and Extra Bed Policy: Children ages 1 and older are allowed. You haven't added any cots. You haven't added any extra beds. The maximum number of guests is 2.  Deposit Policy: The guest will be charged a prepayment of the total price of the reservation at any time.  Cancellation Policy: The guest can cancel free of charge until 3 days before arrival. The guest will be charged the total price of the reservation if they cancel in the 3 days before arrival.  payment_on_Booking.com (Payout type: BankTransfer)  ** THIS RESERVATION HAS BEEN PRE-PAID ** Approximate time of arrival: between 21:00 and 22:00 BOOKING NOTE : Payment charge is GBP 10.128  Genius Booker ",,,,,"2026-08-25",,,,
Amsterdam Hotel,2026-06-14T14:51:56,932-348-431,QXP-419-789,6620049524,,Sara,Arrabito,"2026-09-23","2026-09-27",4,Compact-Double room-Ensuite/Amsterdam,,Room 18 4TH Floor Refurbished,,2,0,GBP,0.00,0.00,0.00,0.00,Online,Booking.com,Booking.com,On Account,Canceled,,sarrab.148735@guest.booking.com,+39 331 880 7334,,"Genius Rate  Non-Smoking  Promos: International  There is no meal option with this room. Children and Extra Bed Policy: Children of any age are allowed. You haven't added any cots. You haven't added any extra beds. The maximum number of guests is 2.  Deposit Policy: The guest will be charged a prepayment of the total price of the reservation at any time.  Cancellation Policy: The guest can cancel free of charge until 2 days before arrival. The guest will be charged the total price of the reservation if they cancel in the 2 days before arrival.  payment_on_Booking.com (Payout type: BankTransfer)  ** THIS RESERVATION HAS BEEN PRE-PAID ** BOOKING NOTE : Payment charge is GBP 6.82064  Genius Booker ",,,,,"2026-06-14",,,,
Amsterdam Hotel,2026-08-16T04:07:47,938-063-842,ZUX-890-793,2535705695,,Sumeet,Chandna,"2026-09-23","2026-10-01",8,Quad room-Ensuite/Amsterdam,,Room 19 4TH Floor,,4,0,GBP,0.00,0.00,0.00,0.00,Online,Expedia Affiliate Network,Expedia & Affiliate Network,On Account,Canceled,,kfb6@ssbooking.cn,1111111111111,,"2 Queen Beds Expedia collects payment from traveler: Hotel invoices Expedia. ",,,,,"2026-08-16",,,,
Holland Rd Studios Close to Olympia London,2025-12-09T00:33:42,942-268-922,PNQ-322-340,2347988697,,Tracey,Martin,"2026-09-23","2026-09-24",1,Quad -Deluxe-Studio-Ensuite with Bath,,Flat 6 Ground,,2,0,GBP,0.00,0.00,0.00,0.00,Online,Expedia Affiliate Network,Expedia & Affiliate Network,On Account,Canceled,,heliosupport@flightcentre.com,61730836162,,"2 Queen Beds ",,,,,"2025-12-09",,,,
La Casa Studios Near Hyde Park,2026-08-01T18:07:10,942-353-152,MQY-063-356,5544533318,,Alina-Elena,Ancuta,"2026-09-23","2026-09-27",4,Large Studio - Ensuite - La Casa,,Studio 11,,1,1,GBP,0.00,0.00,0.00,0.00,Online,Booking.com,Booking.com,On Account,Canceled,,aancut.661066@guest.booking.com,+40 767 569 382,,"Child Ages: 15  Genius Rate  Non-Smoking  There is no meal option with this room. Children and Extra Bed Policy: Children of any age are allowed. You haven't added any cots. You haven't added any extra beds. The maximum number of guests is 2.  Deposit Policy: The guest will be charged a prepayment of the total price of the reservation at any time.  Cancellation Policy: The guest can cancel free of charge until 5 days before arrival. The guest will be charged the total price of the reservation if they cancel in the 5 days before arrival.  payment_on_Booking.com (Payout type: BankTransfer)  ** THIS RESERVATION HAS BEEN PRE-PAID ** BOOKING NOTE : Payment charge is GBP 5.6288  Genius Booker ",,,,,"2026-08-01",,,,
Holland Rd Studios Close to Olympia London,2026-08-20T16:53:50,960-944-092,BGF-833-228,5499064595,,Mabel,Fernandez,"2026-09-23","2026-09-27",4,Quad-Deluxe-Studio-Ensuite with Bath HR,,Flat 6 Ground,,2,2,GBP,0.00,0.00,0.00,0.00,Online,Booking.com,Booking.com,On Account,Canceled,,ghnswb.328444@guest.booking.com,+34 658 30 22 04,,"Child Ages: 11, 9  Genius Rate  Non-Smoking  There is no meal option with this room. Children and Extra Bed Policy: Children of any age are allowed. 1 child (up to and including 2 years old) stays for free when using available cots.  You haven't added any extra beds. The maximum number of cots is 1. The maximum number of guests is 4.  Deposit Policy: The guest will be charged a prepayment of the total price of the reservation at any time.  Cancellation Policy: The guest can cancel free of charge until 7 days before arrival. The guest will be charged the total price of the reservation if they cancel in the 7 days before arrival.  payment_on_Booking.com (Payout type: BankTransfer)  ** THIS RESERVATION HAS BEEN PRE-PAID ** BOOKING NOTE : Payment charge is GBP 9.14352  Genius Booker ",,,,,"2026-08-20",,,,
Amsterdam Hotel,2026-07-24T17:36:40,982-082-254,XQS-466-777,5969879386,,Thomas,Armstrong,"2026-09-23","2026-09-25",2,Single room-Standard-Ensuite/Amsterdam,Non Refundable Rate,Room 1 Basement refurbished,,1,0,GBP,134.44,134.44,134.44,0.00,Online,Booking.com,Booking.com,On Account,Confirmed,,tarmst.386656@guest.booking.com,+44 7901 548633,,"payment_on_Booking.com (Payout type: BankTransfer)  Non-Smoking  ** THIS RESERVATION HAS BEEN PRE-PAID ** Reservation has a cancellation grace period. Do not charge if cancelled before 2026-07-25 18:35:22 BOOKING NOTE : Payment charge is GBP 2.15104  Genius Booker  Genius Rate  There is no meal option with this room. Children and Extra Bed Policy: Children of any age are allowed. You haven't added any cots. You haven't added any extra beds. The maximum number of guests is 1.  Deposit Policy: The guest will be charged a prepayment of the total price of the reservation at any time.  Cancellation Policy: The guest will be charged the total price of the reservation if they cancel at any time.",,,,,"2026-07-24",,,,
Portobello Road Artistic Studios,2026-02-23T14:59:41,983-449-462,KJJ-009-644,2399962014,,Jens,Michaelis,"2026-09-23","2026-09-28",5,Apartment-Ensuite-N3,Base Rate,Flat 3,,1,0,GBP,489.74,489.74,454.74,35.00,Online,Expedia Affiliate Network,Expedia & Affiliate Network,On Account,Confirmed,,8gpyx2j46j@m.expediapartnercentral.com,49054724039763,,"1 Queen-Bett ",,,,,"2026-02-23",,,,
