Textbox80,Textbox84,Textbox4,Textbox10,Textbox1,Textbox34,Textbox39,Textbox6,Textbox143,Textbox9,Textbox3,Textbox31,Textbox5,Textbox7,Textbox11,Textbox14,Textbox8,Textbox38,Textbox50,Textbox46,Textbox17,Textbox42,Textbox131,Textbox82,Textbox15,Textbox21,Textbox12,Textbox13,Textbox27,Textbox58,Textbox61,Textbox49,Textbox25,Textbox45,Textbox54,Textbox20,ReceivedDateTime,PaymentID,Forename,GroupReference,Company,business_name,RoomId,OrderReference,BookingReference,transferred,Textbox24,BookedDate,CheckinDatetime,CheckoutDatetime,channel,channelreference,PaymentType2,PaymentMethod,CardType,CardLast4Digits,IsVirtual,Description,UserName,LastUpdatedDateTime,GWStart,GWEnd,GatewayReference,SettledAmount,SettledDate,Card1,Cash1,Vouchers1,Textbox29,OTAPrepaid1,Eviivo,OnAccount,Direct1,Textbox28,SettledAmount1,Card,Cash,Vouchers,Textbox32,OTAPrepaid,Textbox190,OnAccount1,Textbox2
Payments,Balance Transfers - to be paid by:,Payment Date,Payment ID,Guest Name,Group,Company,Property,Room,Order Ref.,Booking Ref,Booked On,Check-In,Check-Out,Channel,OTA Reference,Type,Payment Method,Card Type,Last 4 Digits,Virtual Card,Description,User,Updated,Sent to gateway,Confirmed by gateway,Gateway Reference,Settled Amount,Settled Date,Card,Cash / Bank,Vouchers,Total Paid,OTA,eviivo,Total,16/12/2025 18:52,50735018,Charlotte Brooks,,,Savoy Hotel,Room 26,PQB-306-642,890-303-541,,Pre-arrival,16/12/2025 18:52,04-Sep-2027,05-Sep-2027,Booking.com,6168012811,Payment,Pre-Paid via OTA,,,,Prepaid via Booking.com,system@eviivo.com,19-Aug-26 09:25:31.304,,16-Dec-25 18:52:01.600,,,,,,,£ 0.00,£ 55.25,,,£ 55.25,Total Paid,,£ 205.00,,£ 79.77,£ 284.77,"£ 26,634.33",,,"£ 26,919.10"
Payments,Balance Transfers - to be paid by:,Payment Date,Payment ID,Guest Name,Group,Company,Property,Room,Order Ref.,Booking Ref,Booked On,Check-In,Check-Out,Channel,OTA Reference,Type,Payment Method,Card Type,Last 4 Digits,Virtual Card,Description,User,Updated,Sent to gateway,Confirmed by gateway,Gateway Reference,Settled Amount,Settled Date,Card,Cash / Bank,Vouchers,Total Paid,OTA,eviivo,Total,13/05/2026 10:31,48852187,sally rogers,,,Sachi Hotel,Room 8 2nd F,JKS-121-068,300-448-624,,Pre-arrival,13/05/2026 10:31,03-Sep-2027,04-Sep-2027,Booking.com,6491242761,Payment,Pre-Paid via OTA,,,,Prepaid via Booking.com,system@eviivo.com,13-May-26 10:31:23.544,,13-May-26 10:31:23.263,,,,,,,£ 0.00,£ 81.00,,,£ 81.00,Total Paid,,£ 205.00,,£ 79.77,£ 284.77,"£ 26,634.33",,,"£ 26,919.10"
Payments,Balance Transfers - to be paid by:,Payment Date,Payment ID,Guest Name,Group,Company,Property,Room,Order Ref.,Booking Ref,Booked On,Check-In,Check-Out,Channel,OTA Reference,Type,Payment Method,Card Type,Last 4 Digits,Virtual Card,Description,User,Updated,Sent to gateway,Confirmed by gateway,Gateway Reference,Settled Amount,Settled Date,Card,Cash / Bank,Vouchers,Total Paid,OTA,eviivo,Total,25/05/2026 15:16,49076109,David Downton,,,Portobello Road Artistic Studios,Flat 2-Basement ,YLX-762-940,639-492-252,,Pre-arrival,25/05/2026 15:16,03-Sep-2027,05-Sep-2027,Booking.com,6352460744,Payment,Pre-Paid via OTA,,,,Prepaid via Booking.com,system@eviivo.com,25-May-26 15:16:11.862,,25-May-26 15:16:11.690,,,,,,,£ 0.00,£ 237.30,,,£ 237.30,Total Paid,,£ 205.00,,£ 79.77,£ 284.77,"£ 26,634.33",,,"£ 26,919.10"
Payments,Balance Transfers - to be paid by:,Payment Date,Payment ID,Guest Name,Group,Company,Property,Room,Order Ref.,Booking Ref,Booked On,Check-In,Check-Out,Channel,OTA Reference,Type,Payment Method,Card Type,Last 4 Digits,Virtual Card,Description,User,Updated,Sent to gateway,Confirmed by gateway,Gateway Reference,Settled Amount,Settled Date,Card,Cash / Bank,Vouchers,Total Paid,OTA,eviivo,Total,,49415388,Christian Schwenk,,,Amsterdam Hotel,Room 19 4TH Floor,EQU-945-506,144-949-661,,On Account,12/06/2026 16:35,13-Sep-2027,17-Sep-2027,Booking.com,5043486788,(see above/below),(see above/below),,,,,system@eviivo.com,,,,,,,,,,£ 0.00,,,,,Total Paid,,£ 205.00,,£ 79.77,£ 284.77,"£ 26,634.33",,,"£ 26,919.10"
Payments,Balance Transfers - to be paid by:,Payment Date,Payment ID,Guest Name,Group,Company,Property,Room,Order Ref.,Booking Ref,Booked On,Check-In,Check-Out,Channel,OTA Reference,Type,Payment Method,Card Type,Last 4 Digits,Virtual Card,Description,User,Updated,Sent to gateway,Confirmed by gateway,Gateway Reference,Settled Amount,Settled Date,Card,Cash / Bank,Vouchers,Total Paid,OTA,eviivo,Total,12/06/2026 16:35,49415388,Christian Schwenk,,,Amsterdam Hotel,Room 2 GF,EQU-945-506,564-829-184,,Pre-arrival,12/06/2026 16:35,13-Sep-2027,17-Sep-2027,Booking.com,5043486788,Payment,Pre-Paid via OTA,,,,Prepaid via Booking.com,system@eviivo.com,12-Jun-26 16:35:37.196,,12-Jun-26 16:35:36.010,,,,,,,£ 0.00,"£ 2,668.72",,,"£ 2,668.72",Total Paid,,£ 205.00,,£ 79.77,£ 284.77,"£ 26,634.33",,,"£ 26,919.10"
Payments,Balance Transfers - to be paid by:,Payment Date,Payment ID,Guest Name,Group,Company,Property,Room,Order Ref.,Booking Ref,Booked On,Check-In,Check-Out,Channel,OTA Reference,Type,Payment Method,Card Type,Last 4 Digits,Virtual Card,Description,User,Updated,Sent to gateway,Confirmed by gateway,Gateway Reference,Settled Amount,Settled Date,Card,Cash / Bank,Vouchers,Total Paid,OTA,eviivo,Total,,49415388,Christian Schwenk,,,Amsterdam Hotel,Room 16 3RD Floor Refurbished,EQU-945-506,896-398-064,,On Account,12/06/2026 16:35,13-Sep-2027,17-Sep-2027,Booking.com,5043486788,(see above/below),(see above/below),,,,,system@eviivo.com,,,,,,,,,,£ 0.00,,,,,Total Paid,,£ 205.00,,£ 79.77,£ 284.77,"£ 26,634.33",,,"£ 26,919.10"
Payments,Balance Transfers - to be paid by:,Payment Date,Payment ID,Guest Name,Group,Company,Property,Room,Order Ref.,Booking Ref,Booked On,Check-In,Check-Out,Channel,OTA Reference,Type,Payment Method,Card Type,Last 4 Digits,Virtual Card,Description,User,Updated,Sent to gateway,Confirmed by gateway,Gateway Reference,Settled Amount,Settled Date,Card,Cash / Bank,Vouchers,Total Paid,OTA,eviivo,Total,,49415388,Christian Schwenk,,,Amsterdam Hotel,Room 27 Basement,EQU-945-506,912-326-561,,On Account,12/06/2026 16:35,13-Sep-2027,17-Sep-2027,Booking.com,5043486788,(see above/below),(see above/below),,,,,system@eviivo.com,,,,,,,,,,£ 0.00,,,,,Total Paid,,£ 205.00,,£ 79.77,£ 284.77,"£ 26,634.33",,,"£ 26,919.10"
Payments,Balance Transfers - to be paid by:,Payment Date,Payment ID,Guest Name,Group,Company,Property,Room,Order Ref.,Booking Ref,Booked On,Check-In,Check-Out,Channel,OTA Reference,Type,Payment Method,Card Type,Last 4 Digits,Virtual Card,Description,User,Updated,Sent to gateway,Confirmed by gateway,Gateway Reference,Settled Amount,Settled Date,Card,Cash / Bank,Vouchers,Total Paid,OTA,eviivo,Total,,49415388,Christian Schwenk,,,Amsterdam Hotel,Room 15 3RD Floor,EQU-945-506,941-950-812,,On Account,12/06/2026 16:35,13-Sep-2027,17-Sep-2027,Booking.com,5043486788,(see above/below),(see above/below),,,,,system@eviivo.com,,,,,,,,,,£ 0.00,,,,,Total Paid,,£ 205.00,,£ 79.77,£ 284.77,"£ 26,634.33",,,"£ 26,919.10"
Payments,Balance Transfers - to be paid by:,Payment Date,Payment ID,Guest Name,Group,Company,Property,Room,Order Ref.,Booking Ref,Booked On,Check-In,Check-Out,Channel,OTA Reference,Type,Payment Method,Card Type,Last 4 Digits,Virtual Card,Description,User,Updated,Sent to gateway,Confirmed by gateway,Gateway Reference,Settled Amount,Settled Date,Card,Cash / Bank,Vouchers,Total Paid,OTA,eviivo,Total,,49415388,Christian Schwenk,,,Amsterdam Hotel,Room 17 3RD Floor ,EQU-945-506,965-482-141,,On Account,12/06/2026 16:35,13-Sep-2027,17-Sep-2027,Booking.com,5043486788,(see above/below),(see above/below),,,,,system@eviivo.com,,,,,,,,,,£ 0.00,,,,,Total Paid,,£ 205.00,,£ 79.77,£ 284.77,"£ 26,634.33",,,"£ 26,919.10"
Payments,Balance Transfers - to be paid by:,Payment Date,Payment ID,Guest Name,Group,Company,Property,Room,Order Ref.,Booking Ref,Booked On,Check-In,Check-Out,Channel,OTA Reference,Type,Payment Method,Card Type,Last 4 Digits,Virtual Card,Description,User,Updated,Sent to gateway,Confirmed by gateway,Gateway Reference,Settled Amount,Settled Date,Card,Cash / Bank,Vouchers,Total Paid,OTA,eviivo,Total,13/06/2026 10:35,49427011,John Wright,,,Amsterdam Hotel,Room 1 Basement refurbished,IRK-975-324,365-116-511,,Pre-arrival,13/06/2026 10:35,08-Sep-2027,11-Sep-2027,Airbnb,HMPRJNZKRA,Payment,Pre-Paid via OTA,,,,Prepaid via Airbnb,system@eviivo.com,13-Jun-26 10:35:59.465,,13-Jun-26 10:35:58.853,,,,,,,£ 0.00,£ 141.60,,,£ 141.60,Total Paid,,£ 205.00,,£ 79.77,£ 284.77,"£ 26,634.33",,,"£ 26,919.10"
Payments,Balance Transfers - to be paid by:,Payment Date,Payment ID,Guest Name,Group,Company,Property,Room,Order Ref.,Booking Ref,Booked On,Check-In,Check-Out,Channel,OTA Reference,Type,Payment Method,Card Type,Last 4 Digits,Virtual Card,Description,User,Updated,Sent to gateway,Confirmed by gateway,Gateway Reference,Settled Amount,Settled Date,Card,Cash / Bank,Vouchers,Total Paid,OTA,eviivo,Total,13/06/2026 21:49,49437608,Federica Pavan,,,Modern Studios Close To Hyde Park,Flat 15 (quad) 1st-Split level,FPB-454-521,296-986-481,,Pre-arrival,13/06/2026 21:49,30-Sep-2027,04-Oct-2027,Booking.com,6945878472,Payment,Pre-Paid via OTA,,,,Prepaid via Booking.com,system@eviivo.com,13-Jun-26 21:49:41.777,,13-Jun-26 21:49:41.433,,,,,,,£ 0.00,£ 954.00,,,£ 954.00,Total Paid,,£ 205.00,,£ 79.77,£ 284.77,"£ 26,634.33",,,"£ 26,919.10"
Payments,Balance Transfers - to be paid by:,Payment Date,Payment ID,Guest Name,Group,Company,Property,Room,Order Ref.,Booking Ref,Booked On,Check-In,Check-Out,Channel,OTA Reference,Type,Payment Method,Card Type,Last 4 Digits,Virtual Card,Description,User,Updated,Sent to gateway,Confirmed by gateway,Gateway Reference,Settled Amount,Settled Date,Card,Cash / Bank,Vouchers,Total Paid,OTA,eviivo,Total,,49437608,Federica Pavan,,,Modern Studios Close To Hyde Park,Flat 16 (quad) 1st-Split level,FPB-454-521,666-149-531,,On Account,13/06/2026 21:49,30-Sep-2027,04-Oct-2027,Booking.com,6945878472,(see above/below),(see above/below),,,,,system@eviivo.com,,,,,,,,,,£ 0.00,,,,,Total Paid,,£ 205.00,,£ 79.77,£ 284.77,"£ 26,634.33",,,"£ 26,919.10"
Payments,Balance Transfers - to be paid by:,Payment Date,Payment ID,Guest Name,Group,Company,Property,Room,Order Ref.,Booking Ref,Booked On,Check-In,Check-Out,Channel,OTA Reference,Type,Payment Method,Card Type,Last 4 Digits,Virtual Card,Description,User,Updated,Sent to gateway,Confirmed by gateway,Gateway Reference,Settled Amount,Settled Date,Card,Cash / Bank,Vouchers,Total Paid,OTA,eviivo,Total,15/06/2026 04:52,49457059,Christine Waugh,,,Wembar Hotel,Room 10 - 2nd F,BXM-326-920,949-295-892,,Pre-arrival,15/06/2026 04:52,20-Sep-2027,24-Sep-2027,Booking.com,6861087651,Payment,Pre-Paid via OTA,,,,Prepaid via Booking.com,system@eviivo.com,15-Jun-26 04:52:48.346,,15-Jun-26 04:52:48.086,,,,,,,£ 0.00,£ 306.00,,,£ 306.00,Total Paid,,£ 205.00,,£ 79.77,£ 284.77,"£ 26,634.33",,,"£ 26,919.10"
Payments,Balance Transfers - to be paid by:,Payment Date,Payment ID,Guest Name,Group,Company,Property,Room,Order Ref.,Booking Ref,Booked On,Check-In,Check-Out,Channel,OTA Reference,Type,Payment Method,Card Type,Last 4 Digits,Virtual Card,Description,User,Updated,Sent to gateway,Confirmed by gateway,Gateway Reference,Settled Amount,Settled Date,Card,Cash / Bank,Vouchers,Total Paid,OTA,eviivo,Total,,49522406,Chloe Fowers,,,Savoy Hotel,Room 11,FWK-109-718,141-901-522,,On Account,18/06/2026 11:32,10-Sep-2027,12-Sep-2027,Booking.com,5266256846,(see above/below),(see above/below),,,,,system@eviivo.com,,,,,,,,,,£ 0.00,,,,,Total Paid,,£ 205.00,,£ 79.77,£ 284.77,"£ 26,634.33",,,"£ 26,919.10"
Payments,Balance Transfers - to be paid by:,Payment Date,Payment ID,Guest Name,Group,Company,Property,Room,Order Ref.,Booking Ref,Booked On,Check-In,Check-Out,Channel,OTA Reference,Type,Payment Method,Card Type,Last 4 Digits,Virtual Card,Description,User,Updated,Sent to gateway,Confirmed by gateway,Gateway Reference,Settled Amount,Settled Date,Card,Cash / Bank,Vouchers,Total Paid,OTA,eviivo,Total,18/06/2026 11:32,49522406,Chloe Fowers,,,Savoy Hotel,Room 25,FWK-109-718,656-133-242,,Pre-arrival,18/06/2026 11:32,10-Sep-2027,12-Sep-2027,Booking.com,5266256846,Payment,Pre-Paid via OTA,,,,Prepaid via Booking.com,system@eviivo.com,18-Jun-26 11:32:08.568,,18-Jun-26 11:32:08.003,,,,,,,£ 0.00,£ 400.00,,,£ 400.00,Total Paid,,£ 205.00,,£ 79.77,£ 284.77,"£ 26,634.33",,,"£ 26,919.10"
Payments,Balance Transfers - to be paid by:,Payment Date,Payment ID,Guest Name,Group,Company,Property,Room,Order Ref.,Booking Ref,Booked On,Check-In,Check-Out,Channel,OTA Reference,Type,Payment Method,Card Type,Last 4 Digits,Virtual Card,Description,User,Updated,Sent to gateway,Confirmed by gateway,Gateway Reference,Settled Amount,Settled Date,Card,Cash / Bank,Vouchers,Total Paid,OTA,eviivo,Total,07/07/2026 13:52,49884228,Elizabeth Steyn,,,Modern Studios Close To Hyde Park,Flat 15 (quad) 1st-Split level,JZE-722-463,322-259-341,,Pre-arrival,07/07/2026 13:52,16-Oct-2027,20-Oct-2027,Booking.com,5036305502,Payment,Pre-Paid via OTA,,,,Prepaid via Booking.com,system@eviivo.com,07-Jul-26 13:52:19.604,,07-Jul-26 13:52:18.930,,,,,,,£ 0.00,£ 555.00,,,£ 555.00,Total Paid,,£ 205.00,,£ 79.77,£ 284.77,"£ 26,634.33",,,"£ 26,919.10"
Payments,Balance Transfers - to be paid by:,Payment Date,Payment ID,Guest Name,Group,Company,Property,Room,Order Ref.,Booking Ref,Booked On,Check-In,Check-Out,Channel,OTA Reference,Type,Payment Method,Card Type,Last 4 Digits,Virtual Card,Description,User,Updated,Sent to gateway,Confirmed by gateway,Gateway Reference,Settled Amount,Settled Date,Card,Cash / Bank,Vouchers,Total Paid,OTA,eviivo,Total,10/07/2026 21:10,49951974,Jemma Moore,,,Avalon Guest house,Room 7,CZB-393-878,692-629-221,,Pre-arrival,10/07/2026 20:51,11-Sep-2027,12-Sep-2027,Booking.com,6562473548,Payment,Pre-Paid via OTA,,,,Prepaid via OTA,system@eviivo.com,10-Jul-26 21:10:04.508,,10-Jul-26 21:10:04.506,,,,,,,£ 0.00,£ 49.50,,,£ 49.50,Total Paid,,£ 205.00,,£ 79.77,£ 284.77,"£ 26,634.33",,,"£ 26,919.10"
Payments,Balance Transfers - to be paid by:,Payment Date,Payment ID,Guest Name,Group,Company,Property,Room,Order Ref.,Booking Ref,Booked On,Check-In,Check-Out,Channel,OTA Reference,Type,Payment Method,Card Type,Last 4 Digits,Virtual Card,Description,User,Updated,Sent to gateway,Confirmed by gateway,Gateway Reference,Settled Amount,Settled Date,Card,Cash / Bank,Vouchers,Total Paid,OTA,eviivo,Total,20/07/2026 16:13,50141911,Karen Irvine,,,Amsterdam Hotel,Room 17 3RD Floor ,UAZ-729-579,130-061-411,,Pre-arrival,20/07/2026 16:13,01-Oct-2027,04-Oct-2027,Booking.com,5948978347,Payment,Pre-Paid via OTA,,,,Prepaid via Booking.com,system@eviivo.com,20-Jul-26 16:13:33.771,,20-Jul-26 16:13:33.520,,,,,,,£ 0.00,£ 356.52,,,£ 356.52,Total Paid,,£ 205.00,,£ 79.77,£ 284.77,"£ 26,634.33",,,"£ 26,919.10"
Payments,Balance Transfers - to be paid by:,Payment Date,Payment ID,Guest Name,Group,Company,Property,Room,Order Ref.,Booking Ref,Booked On,Check-In,Check-Out,Channel,OTA Reference,Type,Payment Method,Card Type,Last 4 Digits,Virtual Card,Description,User,Updated,Sent to gateway,Confirmed by gateway,Gateway Reference,Settled Amount,Settled Date,Card,Cash / Bank,Vouchers,Total Paid,OTA,eviivo,Total,24/07/2026 15:44,50224760,Karen Wohlman,,,The Carlton Hotel,Room 139,VEG-581-010,549-044-984,,Pre-arrival,24/07/2026 15:43,02-Sep-2027,03-Sep-2027,Booking.com,5405816775,Payment,Pre-Paid via OTA,,,,Prepaid via Booking.com,system@eviivo.com,24-Jul-26 15:44:00.235,,24-Jul-26 15:44:00.100,,,,,,,£ 0.00,£ 72.90,,,£ 72.90,Total Paid,,£ 205.00,,£ 79.77,£ 284.77,"£ 26,634.33",,,"£ 26,919.10"
Payments,Balance Transfers - to be paid by:,Payment Date,Payment ID,Guest Name,Group,Company,Property,Room,Order Ref.,Booking Ref,Booked On,Check-In,Check-Out,Channel,OTA Reference,Type,Payment Method,Card Type,Last 4 Digits,Virtual Card,Description,User,Updated,Sent to gateway,Confirmed by gateway,Gateway Reference,Settled Amount,Settled Date,Card,Cash / Bank,Vouchers,Total Paid,OTA,eviivo,Total,25/07/2026 19:43,50248451,caroline hillier,,,Savoy Hotel,Room 19,ESD-625-892,591-229-012,,Pre-arrival,25/07/2026 19:43,05-Sep-2027,06-Sep-2027,Booking.com,5782686473,Payment,Pre-Paid via OTA,,,,Prepaid via Booking.com,system@eviivo.com,25-Jul-26 19:43:27.941,,25-Jul-26 19:43:27.836,,,,,,,£ 0.00,£ 55.25,,,£ 55.25,Total Paid,,£ 205.00,,£ 79.77,£ 284.77,"£ 26,634.33",,,"£ 26,919.10"
Payments,Balance Transfers - to be paid by:,Payment Date,Payment ID,Guest Name,Group,Company,Property,Room,Order Ref.,Booking Ref,Booked On,Check-In,Check-Out,Channel,OTA Reference,Type,Payment Method,Card Type,Last 4 Digits,Virtual Card,Description,User,Updated,Sent to gateway,Confirmed by gateway,Gateway Reference,Settled Amount,Settled Date,Card,Cash / Bank,Vouchers,Total Paid,OTA,eviivo,Total,30/07/2026 16:41,50346181,Tanja Anomah,,,Amsterdam Hotel,Room 1 Basement refurbished,UML-282-531,891-314-381,,Pre-arrival,30/07/2026 16:41,20-Sep-2027,24-Sep-2027,Booking.com,5371491466,Payment,Pre-Paid via OTA,,,,Prepaid via Booking.com,system@eviivo.com,30-Jul-26 16:41:05.817,,30-Jul-26 16:41:05.566,,,,,,,£ 0.00,£ 200.60,,,£ 200.60,Total Paid,,£ 205.00,,£ 79.77,£ 284.77,"£ 26,634.33",,,"£ 26,919.10"
Payments,Balance Transfers - to be paid by:,Payment Date,Payment ID,Guest Name,Group,Company,Property,Room,Order Ref.,Booking Ref,Booked On,Check-In,Check-Out,Channel,OTA Reference,Type,Payment Method,Card Type,Last 4 Digits,Virtual Card,Description,User,Updated,Sent to gateway,Confirmed by gateway,Gateway Reference,Settled Amount,Settled Date,Card,Cash / Bank,Vouchers,Total Paid,OTA,eviivo,Total,31/07/2026 16:37,50366842,Deborah Willcocks,,,London Gatwick Inn,301,FUJ-826-880,543-880-391,,Pre-arrival,31/07/2026 16:37,07-Sep-2027,08-Sep-2027,Booking.com,6462772782,Payment,Pre-Paid via OTA,,,,Prepaid via Booking.com,system@eviivo.com,31-Jul-26 16:37:49.933,,31-Jul-26 16:37:49.790,,,,,,,£ 0.00,£ 48.60,,,£ 48.60,Total Paid,,£ 205.00,,£ 79.77,£ 284.77,"£ 26,634.33",,,"£ 26,919.10"
Payments,Balance Transfers - to be paid by:,Payment Date,Payment ID,Guest Name,Group,Company,Property,Room,Order Ref.,Booking Ref,Booked On,Check-In,Check-Out,Channel,OTA Reference,Type,Payment Method,Card Type,Last 4 Digits,Virtual Card,Description,User,Updated,Sent to gateway,Confirmed by gateway,Gateway Reference,Settled Amount,Settled Date,Card,Cash / Bank,Vouchers,Total Paid,OTA,eviivo,Total,31/07/2026 18:12,50368963,Ann Tobin,,,Amsterdam Hotel,Room 27 Basement,KBQ-997-495,022-898-032,,Pre-arrival,31/07/2026 18:12,06-Nov-2027,07-Nov-2027,Booking.com,6787808347,Payment,Pre-Paid via OTA,,,,Prepaid via Booking.com,system@eviivo.com,31-Jul-26 18:12:22.046,,31-Jul-26 18:12:21.860,,,,,,,£ 0.00,£ 118.15,,,£ 118.15,Total Paid,,£ 205.00,,£ 79.77,£ 284.77,"£ 26,634.33",,,"£ 26,919.10"
Payments,Balance Transfers - to be paid by:,Payment Date,Payment ID,Guest Name,Group,Company,Property,Room,Order Ref.,Booking Ref,Booked On,Check-In,Check-Out,Channel,OTA Reference,Type,Payment Method,Card Type,Last 4 Digits,Virtual Card,Description,User,Updated,Sent to gateway,Confirmed by gateway,Gateway Reference,Settled Amount,Settled Date,Card,Cash / Bank,Vouchers,Total Paid,OTA,eviivo,Total,01/08/2026 01:30,50374626,LUCAS ALVES DE SOUSA,,,Wembar Hotel,Room 10 - 2nd F,IKK-208-488,086-442-854,,Pre-arrival,01/08/2026 01:30,14-Oct-2027,17-Oct-2027,Booking.com,6715310847,Payment,Pre-Paid via OTA,,,,Prepaid via Booking.com,system@eviivo.com,01-Aug-26 01:30:38.966,,01-Aug-26 01:30:38.726,,,,,,,£ 0.00,£ 277.20,,,£ 277.20,Total Paid,,£ 205.00,,£ 79.77,£ 284.77,"£ 26,634.33",,,"£ 26,919.10"
Payments,Balance Transfers - to be paid by:,Payment Date,Payment ID,Guest Name,Group,Company,Property,Room,Order Ref.,Booking Ref,Booked On,Check-In,Check-Out,Channel,OTA Reference,Type,Payment Method,Card Type,Last 4 Digits,Virtual Card,Description,User,Updated,Sent to gateway,Confirmed by gateway,Gateway Reference,Settled Amount,Settled Date,Card,Cash / Bank,Vouchers,Total Paid,OTA,eviivo,Total,01/08/2026 15:12,50384761,Amanda beale,,,Amsterdam Hotel,Room 13 2ND Floor,BSL-182-734,605-195-214,,Pre-arrival,01/08/2026 15:12,20-Nov-2027,21-Nov-2027,Booking.com,5322882159,Payment,Pre-Paid via OTA,,,,Prepaid via Booking.com,system@eviivo.com,01-Aug-26 15:12:12.843,,01-Aug-26 15:12:12.613,,,,,,,£ 0.00,£ 84.15,,,£ 84.15,Total Paid,,£ 205.00,,£ 79.77,£ 284.77,"£ 26,634.33",,,"£ 26,919.10"
Payments,Balance Transfers - to be paid by:,Payment Date,Payment ID,Guest Name,Group,Company,Property,Room,Order Ref.,Booking Ref,Booked On,Check-In,Check-Out,Channel,OTA Reference,Type,Payment Method,Card Type,Last 4 Digits,Virtual Card,Description,User,Updated,Sent to gateway,Confirmed by gateway,Gateway Reference,Settled Amount,Settled Date,Card,Cash / Bank,Vouchers,Total Paid,OTA,eviivo,Total,03/08/2026 18:54,50429412,Tengiz Vachnadze,,,Wembar Hotel,Room 16 - Basement ,MNV-230-763,133-188-524,,Pre-arrival,03/08/2026 18:53,01-Oct-2027,10-Oct-2027,Booking.com,6319360734,Payment,Pre-Paid via OTA,,,,Prepaid via Booking.com,system@eviivo.com,03-Aug-26 18:54:00.687,,03-Aug-26 18:54:00.656,,,,,,,£ 0.00,£ 562.50,,,£ 562.50,Total Paid,,£ 205.00,,£ 79.77,£ 284.77,"£ 26,634.33",,,"£ 26,919.10"
Payments,Balance Transfers - to be paid by:,Payment Date,Payment ID,Guest Name,Group,Company,Property,Room,Order Ref.,Booking Ref,Booked On,Check-In,Check-Out,Channel,OTA Reference,Type,Payment Method,Card Type,Last 4 Digits,Virtual Card,Description,User,Updated,Sent to gateway,Confirmed by gateway,Gateway Reference,Settled Amount,Settled Date,Card,Cash / Bank,Vouchers,Total Paid,OTA,eviivo,Total,04/08/2026 10:59,50440423,Iain Smith,,,Amsterdam Hotel,Room 1 Basement refurbished,OSN-148-963,426-120-441,,Pre-arrival,04/08/2026 10:59,29-Oct-2027,31-Oct-2027,Booking.com,6920954253,Payment,Pre-Paid via OTA,,,,Prepaid via Booking.com,system@eviivo.com,04-Aug-26 10:59:10.999,,04-Aug-26 10:59:10.860,,,,,,,£ 0.00,£ 134.30,,,£ 134.30,Total Paid,,£ 205.00,,£ 79.77,£ 284.77,"£ 26,634.33",,,"£ 26,919.10"
Payments,Balance Transfers - to be paid by:,Payment Date,Payment ID,Guest Name,Group,Company,Property,Room,Order Ref.,Booking Ref,Booked On,Check-In,Check-Out,Channel,OTA Reference,Type,Payment Method,Card Type,Last 4 Digits,Virtual Card,Description,User,Updated,Sent to gateway,Confirmed by gateway,Gateway Reference,Settled Amount,Settled Date,Card,Cash / Bank,Vouchers,Total Paid,OTA,eviivo,Total,04/08/2026 22:35,50453953,Maria Dolores Torres Moreno,,,Amsterdam Hotel,Room 1 Basement refurbished,BOG-132-302,295-582-624,,Pre-arrival,04/08/2026 22:35,12-Oct-2027,16-Oct-2027,Booking.com,6759375387,Payment,Pre-Paid via OTA,,,,Prepaid via Booking.com,system@eviivo.com,04-Aug-26 22:35:26.574,,04-Aug-26 22:35:26.436,,,,,,,£ 0.00,£ 268.60,,,£ 268.60,Total Paid,,£ 205.00,,£ 79.77,£ 284.77,"£ 26,634.33",,,"£ 26,919.10"
Payments,Balance Transfers - to be paid by:,Payment Date,Payment ID,Guest Name,Group,Company,Property,Room,Order Ref.,Booking Ref,Booked On,Check-In,Check-Out,Channel,OTA Reference,Type,Payment Method,Card Type,Last 4 Digits,Virtual Card,Description,User,Updated,Sent to gateway,Confirmed by gateway,Gateway Reference,Settled Amount,Settled Date,Card,Cash / Bank,Vouchers,Total Paid,OTA,eviivo,Total,05/08/2026 08:55,50458717,Toni Wells-Hutchinson,,,The Carlton Hotel,Room 141,GSF-967-194,128-343-321,,Pre-arrival,05/08/2026 08:54,04-Nov-2027,05-Nov-2027,Booking.com,6018353845,Payment,Pre-Paid via OTA,,,,Prepaid via Booking.com,system@eviivo.com,05-Aug-26 08:55:00.887,,05-Aug-26 08:55:00.693,,,,,,,£ 0.00,£ 60.75,,,£ 60.75,Total Paid,,£ 205.00,,£ 79.77,£ 284.77,"£ 26,634.33",,,"£ 26,919.10"
Payments,Balance Transfers - to be paid by:,Payment Date,Payment ID,Guest Name,Group,Company,Property,Room,Order Ref.,Booking Ref,Booked On,Check-In,Check-Out,Channel,OTA Reference,Type,Payment Method,Card Type,Last 4 Digits,Virtual Card,Description,User,Updated,Sent to gateway,Confirmed by gateway,Gateway Reference,Settled Amount,Settled Date,Card,Cash / Bank,Vouchers,Total Paid,OTA,eviivo,Total,05/08/2026 19:23,50471391,Karen Waldron,,,Sachi Hotel,Room 10 2nd F,DZW-889-553,265-918-594,,Pre-arrival,05/08/2026 19:23,11-Sep-2027,12-Sep-2027,Booking.com,5556276870,Payment,Pre-Paid via OTA,,,,Prepaid via Booking.com,system@eviivo.com,05-Aug-26 19:23:44.693,,05-Aug-26 19:23:44.466,,,,,,,£ 0.00,£ 72.90,,,£ 72.90,Total Paid,,£ 205.00,,£ 79.77,£ 284.77,"£ 26,634.33",,,"£ 26,919.10"
Payments,Balance Transfers - to be paid by:,Payment Date,Payment ID,Guest Name,Group,Company,Property,Room,Order Ref.,Booking Ref,Booked On,Check-In,Check-Out,Channel,OTA Reference,Type,Payment Method,Card Type,Last 4 Digits,Virtual Card,Description,User,Updated,Sent to gateway,Confirmed by gateway,Gateway Reference,Settled Amount,Settled Date,Card,Cash / Bank,Vouchers,Total Paid,OTA,eviivo,Total,06/08/2026 18:24,50490510,Garry Fowles,,,Savoy Hotel,Room 19,SHE-901-691,404-626-254,,Pre-arrival,06/08/2026 18:24,14-Sep-2027,15-Sep-2027,Booking.com,6097851352,Payment,Pre-Paid via OTA,,,,Prepaid via Booking.com,system@eviivo.com,06-Aug-26 18:24:33.193,,06-Aug-26 18:24:32.983,,,,,,,£ 0.00,£ 55.25,,,£ 55.25,Total Paid,,£ 205.00,,£ 79.77,£ 284.77,"£ 26,634.33",,,"£ 26,919.10"
Payments,Balance Transfers - to be paid by:,Payment Date,Payment ID,Guest Name,Group,Company,Property,Room,Order Ref.,Booking Ref,Booked On,Check-In,Check-Out,Channel,OTA Reference,Type,Payment Method,Card Type,Last 4 Digits,Virtual Card,Description,User,Updated,Sent to gateway,Confirmed by gateway,Gateway Reference,Settled Amount,Settled Date,Card,Cash / Bank,Vouchers,Total Paid,OTA,eviivo,Total,06/08/2026 18:27,50490569,Garry Fowles,,,Savoy Hotel,Room 19,QWK-435-779,043-242-804,,Pre-arrival,06/08/2026 18:27,23-Sep-2027,24-Sep-2027,Booking.com,5519444309,Payment,Pre-Paid via OTA,,,,Prepaid via Booking.com,system@eviivo.com,06-Aug-26 18:27:46.721,,06-Aug-26 18:27:46.350,,,,,,,£ 0.00,£ 55.25,,,£ 55.25,Total Paid,,£ 205.00,,£ 79.77,£ 284.77,"£ 26,634.33",,,"£ 26,919.10"
Payments,Balance Transfers - to be paid by:,Payment Date,Payment ID,Guest Name,Group,Company,Property,Room,Order Ref.,Booking Ref,Booked On,Check-In,Check-Out,Channel,OTA Reference,Type,Payment Method,Card Type,Last 4 Digits,Virtual Card,Description,User,Updated,Sent to gateway,Confirmed by gateway,Gateway Reference,Settled Amount,Settled Date,Card,Cash / Bank,Vouchers,Total Paid,OTA,eviivo,Total,06/08/2026 18:58,50491134,Garry Fowles,,,Savoy Hotel,Room 19,GCG-383-474,935-048-921,,Pre-arrival,06/08/2026 18:58,25-Sep-2027,26-Sep-2027,Booking.com,5572748679,Payment,Pre-Paid via OTA,,,,Prepaid via Booking.com,system@eviivo.com,06-Aug-26 18:58:03.673,,06-Aug-26 18:58:03.453,,,,,,,£ 0.00,£ 63.75,,,£ 63.75,Total Paid,,£ 205.00,,£ 79.77,£ 284.77,"£ 26,634.33",,,"£ 26,919.10"
Payments,Balance Transfers - to be paid by:,Payment Date,Payment ID,Guest Name,Group,Company,Property,Room,Order Ref.,Booking Ref,Booked On,Check-In,Check-Out,Channel,OTA Reference,Type,Payment Method,Card Type,Last 4 Digits,Virtual Card,Description,User,Updated,Sent to gateway,Confirmed by gateway,Gateway Reference,Settled Amount,Settled Date,Card,Cash / Bank,Vouchers,Total Paid,OTA,eviivo,Total,07/08/2026 18:16,50511485,Jonathan Pryor,,,Number 19 Brighton,Room 11,YNK-306-446,320-086-102,,Pre-arrival,07/08/2026 18:16,24-Sep-2027,29-Sep-2027,Booking.com,5768461936,Payment,Pre-Paid via OTA,,,,Prepaid via Booking.com,system@eviivo.com,07-Aug-26 18:16:04.057,,07-Aug-26 18:16:03.920,,,,,,,£ 0.00,£ 423.00,,,£ 423.00,Total Paid,,£ 205.00,,£ 79.77,£ 284.77,"£ 26,634.33",,,"£ 26,919.10"
Payments,Balance Transfers - to be paid by:,Payment Date,Payment ID,Guest Name,Group,Company,Property,Room,Order Ref.,Booking Ref,Booked On,Check-In,Check-Out,Channel,OTA Reference,Type,Payment Method,Card Type,Last 4 Digits,Virtual Card,Description,User,Updated,Sent to gateway,Confirmed by gateway,Gateway Reference,Settled Amount,Settled Date,Card,Cash / Bank,Vouchers,Total Paid,OTA,eviivo,Total,08/08/2026 08:46,50519606,sarah bonney,,,London Gatwick Inn,301,BSO-467-477,220-848-902,,Pre-arrival,08/08/2026 08:46,28-Oct-2027,29-Oct-2027,Booking.com,6256335981,Payment,Pre-Paid via OTA,,,,Prepaid via Booking.com,system@eviivo.com,08-Aug-26 08:46:17.613,,08-Aug-26 08:46:17.313,,,,,,,£ 0.00,£ 48.60,,,£ 48.60,Total Paid,,£ 205.00,,£ 79.77,£ 284.77,"£ 26,634.33",,,"£ 26,919.10"
Payments,Balance Transfers - to be paid by:,Payment Date,Payment ID,Guest Name,Group,Company,Property,Room,Order Ref.,Booking Ref,Booked On,Check-In,Check-Out,Channel,OTA Reference,Type,Payment Method,Card Type,Last 4 Digits,Virtual Card,Description,User,Updated,Sent to gateway,Confirmed by gateway,Gateway Reference,Settled Amount,Settled Date,Card,Cash / Bank,Vouchers,Total Paid,OTA,eviivo,Total,09/08/2026 02:47,50535417,Amy Summers,,,La Casa Studios Near Hyde Park,Studio 15,ZHT-043-683,552-202-482,,Pre-arrival,09/08/2026 02:47,12-Sep-2027,15-Sep-2027,Booking.com,6826075859,Payment,Pre-Paid via OTA,,,,Prepaid via Booking.com,system@eviivo.com,09-Aug-26 02:47:40.102,,09-Aug-26 02:47:39.986,,,,,,,£ 0.00,£ 333.35,,,£ 333.35,Total Paid,,£ 205.00,,£ 79.77,£ 284.77,"£ 26,634.33",,,"£ 26,919.10"
Payments,Balance Transfers - to be paid by:,Payment Date,Payment ID,Guest Name,Group,Company,Property,Room,Order Ref.,Booking Ref,Booked On,Check-In,Check-Out,Channel,OTA Reference,Type,Payment Method,Card Type,Last 4 Digits,Virtual Card,Description,User,Updated,Sent to gateway,Confirmed by gateway,Gateway Reference,Settled Amount,Settled Date,Card,Cash / Bank,Vouchers,Total Paid,OTA,eviivo,Total,,50551159,David Booth,,,London Gatwick Inn,101,IBB-905-526,894-411-052,,On Account,09/08/2026 20:45,04-Oct-2027,05-Oct-2027,Booking.com,6208094579,(see above/below),(see above/below),,,,,system@eviivo.com,,,,,,,,,,£ 0.00,,,,,Total Paid,,£ 205.00,,£ 79.77,£ 284.77,"£ 26,634.33",,,"£ 26,919.10"
Payments,Balance Transfers - to be paid by:,Payment Date,Payment ID,Guest Name,Group,Company,Property,Room,Order Ref.,Booking Ref,Booked On,Check-In,Check-Out,Channel,OTA Reference,Type,Payment Method,Card Type,Last 4 Digits,Virtual Card,Description,User,Updated,Sent to gateway,Confirmed by gateway,Gateway Reference,Settled Amount,Settled Date,Card,Cash / Bank,Vouchers,Total Paid,OTA,eviivo,Total,09/08/2026 20:45,50551159,Maurice Prior,,,London Gatwick Inn,201,IBB-905-526,916-298-962,,Pre-arrival,09/08/2026 20:45,04-Oct-2027,05-Oct-2027,Booking.com,6208094579,Payment,Pre-Paid via OTA,,,,Prepaid via Booking.com,system@eviivo.com,09-Aug-26 20:45:10.434,,09-Aug-26 20:45:10.043,,,,,,,£ 0.00,£ 127.80,,,£ 127.80,Total Paid,,£ 205.00,,£ 79.77,£ 284.77,"£ 26,634.33",,,"£ 26,919.10"
Payments,Balance Transfers - to be paid by:,Payment Date,Payment ID,Guest Name,Group,Company,Property,Room,Order Ref.,Booking Ref,Booked On,Check-In,Check-Out,Channel,OTA Reference,Type,Payment Method,Card Type,Last 4 Digits,Virtual Card,Description,User,Updated,Sent to gateway,Confirmed by gateway,Gateway Reference,Settled Amount,Settled Date,Card,Cash / Bank,Vouchers,Total Paid,OTA,eviivo,Total,09/08/2026 21:12,50551518,Amber Mortimer,,,La Casa Studios Near Hyde Park,Studio 15,TOT-479-713,565-819-912,,Pre-arrival,09/08/2026 21:12,27-Sep-2027,30-Sep-2027,Booking.com,6138614606,Payment,Pre-Paid via OTA,,,,Prepaid via Booking.com,system@eviivo.com,09-Aug-26 21:12:19.370,,09-Aug-26 21:12:19.153,,,,,,,£ 0.00,£ 386.00,,,£ 386.00,Total Paid,,£ 205.00,,£ 79.77,£ 284.77,"£ 26,634.33",,,"£ 26,919.10"
Payments,Balance Transfers - to be paid by:,Payment Date,Payment ID,Guest Name,Group,Company,Property,Room,Order Ref.,Booking Ref,Booked On,Check-In,Check-Out,Channel,OTA Reference,Type,Payment Method,Card Type,Last 4 Digits,Virtual Card,Description,User,Updated,Sent to gateway,Confirmed by gateway,Gateway Reference,Settled Amount,Settled Date,Card,Cash / Bank,Vouchers,Total Paid,OTA,eviivo,Total,14/08/2026 14:37,50645525,Nick Solomon,,,Amsterdam Hotel,Room 17 3RD Floor ,OKQ-244-154,184-090-042,,Pre-arrival,14/08/2026 14:37,31-Oct-2027,05-Nov-2027,Booking.com,5499205598,Payment,Pre-Paid via OTA,,,,Prepaid via Booking.com,system@eviivo.com,14-Aug-26 14:52:48.199,,14-Aug-26 14:37:10.373,,,,,,,£ 0.00,£ 590.75,,,£ 590.75,Total Paid,,£ 205.00,,£ 79.77,£ 284.77,"£ 26,634.33",,,"£ 26,919.10"
Payments,Balance Transfers - to be paid by:,Payment Date,Payment ID,Guest Name,Group,Company,Property,Room,Order Ref.,Booking Ref,Booked On,Check-In,Check-Out,Channel,OTA Reference,Type,Payment Method,Card Type,Last 4 Digits,Virtual Card,Description,User,Updated,Sent to gateway,Confirmed by gateway,Gateway Reference,Settled Amount,Settled Date,Card,Cash / Bank,Vouchers,Total Paid,OTA,eviivo,Total,,50699389,alfie connell,,,Number 19 Brighton,Room 04,NCD-763-116,304-138-904,,On Account,17/08/2026 12:44,04-Sep-2027,05-Sep-2027,Booking.com,6570927236,(see above/below),(see above/below),,,,,system@eviivo.com,,,,,,,,,,£ 0.00,,,,,Total Paid,,£ 205.00,,£ 79.77,£ 284.77,"£ 26,634.33",,,"£ 26,919.10"
Payments,Balance Transfers - to be paid by:,Payment Date,Payment ID,Guest Name,Group,Company,Property,Room,Order Ref.,Booking Ref,Booked On,Check-In,Check-Out,Channel,OTA Reference,Type,Payment Method,Card Type,Last 4 Digits,Virtual Card,Description,User,Updated,Sent to gateway,Confirmed by gateway,Gateway Reference,Settled Amount,Settled Date,Card,Cash / Bank,Vouchers,Total Paid,OTA,eviivo,Total,17/08/2026 12:44,50699389,Harry Connell,,,Number 19 Brighton,Room 11,NCD-763-116,683-695-431,,Pre-arrival,17/08/2026 12:44,04-Sep-2027,05-Sep-2027,Booking.com,6570927236,Payment,Pre-Paid via OTA,,,,Prepaid via Booking.com,system@eviivo.com,17-Aug-26 12:45:00.191,,17-Aug-26 12:44:59.733,,,,,,,£ 0.00,£ 285.00,,,£ 285.00,Total Paid,,£ 205.00,,£ 79.77,£ 284.77,"£ 26,634.33",,,"£ 26,919.10"
Payments,Balance Transfers - to be paid by:,Payment Date,Payment ID,Guest Name,Group,Company,Property,Room,Order Ref.,Booking Ref,Booked On,Check-In,Check-Out,Channel,OTA Reference,Type,Payment Method,Card Type,Last 4 Digits,Virtual Card,Description,User,Updated,Sent to gateway,Confirmed by gateway,Gateway Reference,Settled Amount,Settled Date,Card,Cash / Bank,Vouchers,Total Paid,OTA,eviivo,Total,,50699389,Lisa Connell,,,Number 19 Brighton,Room 01,NCD-763-116,933-895-991,,On Account,17/08/2026 12:44,04-Sep-2027,05-Sep-2027,Booking.com,6570927236,(see above/below),(see above/below),,,,,system@eviivo.com,,,,,,,,,,£ 0.00,,,,,Total Paid,,£ 205.00,,£ 79.77,£ 284.77,"£ 26,634.33",,,"£ 26,919.10"
Payments,Balance Transfers - to be paid by:,Payment Date,Payment ID,Guest Name,Group,Company,Property,Room,Order Ref.,Booking Ref,Booked On,Check-In,Check-Out,Channel,OTA Reference,Type,Payment Method,Card Type,Last 4 Digits,Virtual Card,Description,User,Updated,Sent to gateway,Confirmed by gateway,Gateway Reference,Settled Amount,Settled Date,Card,Cash / Bank,Vouchers,Total Paid,OTA,eviivo,Total,17/08/2026 12:52,50699526,Damon Kennedy,,,The Carlton Hotel,Room 139,YKK-435-873,509-130-082,,Pre-arrival,17/08/2026 12:52,09-Oct-2027,10-Oct-2027,Booking.com,5620232673,Payment,Pre-Paid via OTA,,,,Prepaid via Booking.com,system@eviivo.com,17-Aug-26 12:52:57.793,,17-Aug-26 12:52:57.280,,,,,,,£ 0.00,£ 85.50,,,£ 85.50,Total Paid,,£ 205.00,,£ 79.77,£ 284.77,"£ 26,634.33",,,"£ 26,919.10"
Payments,Balance Transfers - to be paid by:,Payment Date,Payment ID,Guest Name,Group,Company,Property,Room,Order Ref.,Booking Ref,Booked On,Check-In,Check-Out,Channel,OTA Reference,Type,Payment Method,Card Type,Last 4 Digits,Virtual Card,Description,User,Updated,Sent to gateway,Confirmed by gateway,Gateway Reference,Settled Amount,Settled Date,Card,Cash / Bank,Vouchers,Total Paid,OTA,eviivo,Total,18/08/2026 12:58,50719652,Jlenia Tedesco,,,Portobello Road Artistic Studios,Flat 9 Quad-split level -  1st F,RRL-335-939,066-809-382,,Pre-arrival,18/08/2026 12:58,05-Sep-2027,09-Sep-2027,Booking.com,5697118575,Payment,Pre-Paid via OTA,,,,Prepaid via Booking.com,system@eviivo.com,18-Aug-26 12:58:03.149,,18-Aug-26 12:58:02.966,,,,,,,£ 0.00,£ 439.60,,,£ 439.60,Total Paid,,£ 205.00,,£ 79.77,£ 284.77,"£ 26,634.33",,,"£ 26,919.10"
Payments,Balance Transfers - to be paid by:,Payment Date,Payment ID,Guest Name,Group,Company,Property,Room,Order Ref.,Booking Ref,Booked On,Check-In,Check-Out,Channel,OTA Reference,Type,Payment Method,Card Type,Last 4 Digits,Virtual Card,Description,User,Updated,Sent to gateway,Confirmed by gateway,Gateway Reference,Settled Amount,Settled Date,Card,Cash / Bank,Vouchers,Total Paid,OTA,eviivo,Total,18/08/2026 13:09,50719891,Louise Gutsell,,,The Carlton Hotel,Room 139,RCA-253-676,285-402-834,,Pre-arrival,18/08/2026 13:09,27-Oct-2027,29-Oct-2027,Booking.com,6123036264,Payment,Pre-Paid via OTA,,,,Prepaid via Booking.com,system@eviivo.com,18-Aug-26 13:09:40.885,,18-Aug-26 13:09:40.310,,,,,,,£ 0.00,£ 145.80,,,£ 145.80,Total Paid,,£ 205.00,,£ 79.77,£ 284.77,"£ 26,634.33",,,"£ 26,919.10"
Payments,Balance Transfers - to be paid by:,Payment Date,Payment ID,Guest Name,Group,Company,Property,Room,Order Ref.,Booking Ref,Booked On,Check-In,Check-Out,Channel,OTA Reference,Type,Payment Method,Card Type,Last 4 Digits,Virtual Card,Description,User,Updated,Sent to gateway,Confirmed by gateway,Gateway Reference,Settled Amount,Settled Date,Card,Cash / Bank,Vouchers,Total Paid,OTA,eviivo,Total,21/08/2026 07:37,50771205,Наталия Петрова,,,London Gatwick Inn,301,GAT-250-074,193-192-582,,Pre-arrival,21/08/2026 07:37,03-Nov-2027,04-Nov-2027,Booking.com,6970237480,Payment,Pre-Paid via OTA,,,,Prepaid via Booking.com,system@eviivo.com,21-Aug-26 07:37:59.857,,21-Aug-26 07:37:59.733,,,,,,,£ 0.00,£ 48.60,,,£ 48.60,Total Paid,,£ 205.00,,£ 79.77,£ 284.77,"£ 26,634.33",,,"£ 26,919.10"
Payments,Balance Transfers - to be paid by:,Payment Date,Payment ID,Guest Name,Group,Company,Property,Room,Order Ref.,Booking Ref,Booked On,Check-In,Check-Out,Channel,OTA Reference,Type,Payment Method,Card Type,Last 4 Digits,Virtual Card,Description,User,Updated,Sent to gateway,Confirmed by gateway,Gateway Reference,Settled Amount,Settled Date,Card,Cash / Bank,Vouchers,Total Paid,OTA,eviivo,Total,26/08/2026 10:53,50869444,Ryan Styles,,,Sachi Hotel,Room 10 2nd F,XGT-569-452,398-941-211,,Pre-arrival,26/08/2026 10:53,25-Sep-2027,26-Sep-2027,Booking.com,5699395138,Payment,Pre-Paid via OTA,,,,Prepaid via Booking.com,system@eviivo.com,26-Aug-26 10:53:30.130,,26-Aug-26 10:53:29.616,,,,,,,£ 0.00,£ 90.00,,,£ 90.00,Total Paid,,£ 205.00,,£ 79.77,£ 284.77,"£ 26,634.33",,,"£ 26,919.10"
Payments,Balance Transfers - to be paid by:,Payment Date,Payment ID,Guest Name,Group,Company,Property,Room,Order Ref.,Booking Ref,Booked On,Check-In,Check-Out,Channel,OTA Reference,Type,Payment Method,Card Type,Last 4 Digits,Virtual Card,Description,User,Updated,Sent to gateway,Confirmed by gateway,Gateway Reference,Settled Amount,Settled Date,Card,Cash / Bank,Vouchers,Total Paid,OTA,eviivo,Total,26/08/2026 20:50,50880163,dor gavish,,,London Gatwick Inn,102,MHO-140-669,046-586-934,,Pre-arrival,26/08/2026 20:50,14-Oct-2027,15-Oct-2027,Booking.com,6916242048,Payment,Pre-Paid via OTA,,,,Prepaid via Booking.com,system@eviivo.com,26-Aug-26 20:50:05.712,,26-Aug-26 20:50:04.953,,,,,,,£ 0.00,£ 232.20,,,£ 232.20,Total Paid,,£ 205.00,,£ 79.77,£ 284.77,"£ 26,634.33",,,"£ 26,919.10"
Payments,Balance Transfers - to be paid by:,Payment Date,Payment ID,Guest Name,Group,Company,Property,Room,Order Ref.,Booking Ref,Booked On,Check-In,Check-Out,Channel,OTA Reference,Type,Payment Method,Card Type,Last 4 Digits,Virtual Card,Description,User,Updated,Sent to gateway,Confirmed by gateway,Gateway Reference,Settled Amount,Settled Date,Card,Cash / Bank,Vouchers,Total Paid,OTA,eviivo,Total,,50880163,dor gavish,,,London Gatwick Inn,201,MHO-140-669,061-804-941,,On Account,26/08/2026 20:50,14-Oct-2027,15-Oct-2027,Booking.com,6916242048,(see above/below),(see above/below),,,,,system@eviivo.com,,,,,,,,,,£ 0.00,,,,,Total Paid,,£ 205.00,,£ 79.77,£ 284.77,"£ 26,634.33",,,"£ 26,919.10"
Payments,Balance Transfers - to be paid by:,Payment Date,Payment ID,Guest Name,Group,Company,Property,Room,Order Ref.,Booking Ref,Booked On,Check-In,Check-Out,Channel,OTA Reference,Type,Payment Method,Card Type,Last 4 Digits,Virtual Card,Description,User,Updated,Sent to gateway,Confirmed by gateway,Gateway Reference,Settled Amount,Settled Date,Card,Cash / Bank,Vouchers,Total Paid,OTA,eviivo,Total,30/08/2026 17:19,50950890,Monika Hückmann,,,Amsterdam Hotel,Room 1 Basement refurbished,LOP-282-318,321-441-302,,Pre-arrival,30/08/2026 17:19,21-Oct-2027,28-Oct-2027,Booking.com,6615040523,Payment,Pre-Paid via OTA,,,,Prepaid via Booking.com,system@eviivo.com,30-Aug-26 17:19:40.824,,30-Aug-26 17:19:40.420,,,,,,,£ 0.00,£ 497.70,,,£ 497.70,Total Paid,,£ 205.00,,£ 79.77,£ 284.77,"£ 26,634.33",,,"£ 26,919.10"
Payments,Balance Transfers - to be paid by:,Payment Date,Payment ID,Guest Name,Group,Company,Property,Room,Order Ref.,Booking Ref,Booked On,Check-In,Check-Out,Channel,OTA Reference,Type,Payment Method,Card Type,Last 4 Digits,Virtual Card,Description,User,Updated,Sent to gateway,Confirmed by gateway,Gateway Reference,Settled Amount,Settled Date,Card,Cash / Bank,Vouchers,Total Paid,OTA,eviivo,Total,31/08/2026 23:24,50973848,Hugo Acosta Alonso,,,La Casa Studios Near Hyde Park,Studio 15,XCY-766-565,329-658-004,,Pre-arrival,31/08/2026 23:24,03-Dec-2027,07-Dec-2027,Booking.com,6289096433,Payment,Pre-Paid via OTA,,,,Prepaid via Booking.com,system@eviivo.com,31-Aug-26 23:24:06.020,,31-Aug-26 23:24:05.313,,,,,,,£ 0.00,£ 477.00,,,£ 477.00,Total Paid,,£ 205.00,,£ 79.77,£ 284.77,"£ 26,634.33",,,"£ 26,919.10"
Payments,Balance Transfers - to be paid by:,Payment Date,Payment ID,Guest Name,Group,Company,Property,Room,Order Ref.,Booking Ref,Booked On,Check-In,Check-Out,Channel,OTA Reference,Type,Payment Method,Card Type,Last 4 Digits,Virtual Card,Description,User,Updated,Sent to gateway,Confirmed by gateway,Gateway Reference,Settled Amount,Settled Date,Card,Cash / Bank,Vouchers,Total Paid,OTA,eviivo,Total,01/09/2026 15:45,50985314,Edward Gregory,,,Amsterdam Hotel,Room 13 2ND Floor,YMV-953-327,661-498-362,,Pre-arrival,01/09/2026 15:45,11-Dec-2027,12-Dec-2027,Booking.com,6307816142,Payment,Pre-Paid via OTA,,,,Prepaid via Booking.com,system@eviivo.com,01-Sep-26 15:45:23.930,,01-Sep-26 15:45:23.390,,,,,,,£ 0.00,£ 84.15,,,£ 84.15,Total Paid,,£ 205.00,,£ 79.77,£ 284.77,"£ 26,634.33",,,"£ 26,919.10"
Payments,Balance Transfers - to be paid by:,Payment Date,Payment ID,Guest Name,Group,Company,Property,Room,Order Ref.,Booking Ref,Booked On,Check-In,Check-Out,Channel,OTA Reference,Type,Payment Method,Card Type,Last 4 Digits,Virtual Card,Description,User,Updated,Sent to gateway,Confirmed by gateway,Gateway Reference,Settled Amount,Settled Date,Card,Cash / Bank,Vouchers,Total Paid,OTA,eviivo,Total,01/09/2026 16:14,50985967,mark bourne,,,Amsterdam Hotel,Room 1 Basement refurbished,XJQ-930-037,229-848-824,,Pre-arrival,01/09/2026 16:14,06-Oct-2027,07-Oct-2027,Booking.com,5574903447,Payment,Pre-Paid via OTA,,,,Prepaid via Booking.com,system@eviivo.com,01-Sep-26 16:14:28.377,,01-Sep-26 16:14:28.090,,,,,,,£ 0.00,£ 50.15,,,£ 50.15,Total Paid,,£ 205.00,,£ 79.77,£ 284.77,"£ 26,634.33",,,"£ 26,919.10"
Payments,Balance Transfers - to be paid by:,Payment Date,Payment ID,Guest Name,Group,Company,Property,Room,Order Ref.,Booking Ref,Booked On,Check-In,Check-Out,Channel,OTA Reference,Type,Payment Method,Card Type,Last 4 Digits,Virtual Card,Description,User,Updated,Sent to gateway,Confirmed by gateway,Gateway Reference,Settled Amount,Settled Date,Card,Cash / Bank,Vouchers,Total Paid,OTA,eviivo,Total,02/09/2026 14:00,51002267,Charlie Lavender,,,Amsterdam Hotel,Room 24 5TH Floor,EJU-867-965,209-943-281,,Pre-arrival,02/09/2026 14:00,06-Oct-2027,07-Oct-2027,Booking.com,5376251891,Payment,Pre-Paid via OTA,,,,Prepaid via Booking.com,system@eviivo.com,02-Sep-26 14:00:32.317,,02-Sep-26 14:00:32.033,,,,,,,£ 0.00,£ 250.20,,,£ 250.20,Total Paid,,£ 205.00,,£ 79.77,£ 284.77,"£ 26,634.33",,,"£ 26,919.10"
Payments,Balance Transfers - to be paid by:,Payment Date,Payment ID,Guest Name,Group,Company,Property,Room,Order Ref.,Booking Ref,Booked On,Check-In,Check-Out,Channel,OTA Reference,Type,Payment Method,Card Type,Last 4 Digits,Virtual Card,Description,User,Updated,Sent to gateway,Confirmed by gateway,Gateway Reference,Settled Amount,Settled Date,Card,Cash / Bank,Vouchers,Total Paid,OTA,eviivo,Total,,51002267,Joe Power,,,Amsterdam Hotel,Room 25 5TH Floor Refurbished,EJU-867-965,418-924-622,,On Account,02/09/2026 14:00,06-Oct-2027,07-Oct-2027,Booking.com,5376251891,(see above/below),(see above/below),,,,,system@eviivo.com,,,,,,,,,,£ 0.00,,,,,Total Paid,,£ 205.00,,£ 79.77,£ 284.77,"£ 26,634.33",,,"£ 26,919.10"
Payments,Balance Transfers - to be paid by:,Payment Date,Payment ID,Guest Name,Group,Company,Property,Room,Order Ref.,Booking Ref,Booked On,Check-In,Check-Out,Channel,OTA Reference,Type,Payment Method,Card Type,Last 4 Digits,Virtual Card,Description,User,Updated,Sent to gateway,Confirmed by gateway,Gateway Reference,Settled Amount,Settled Date,Card,Cash / Bank,Vouchers,Total Paid,OTA,eviivo,Total,03/09/2026 08:31,51015470,Maria Ramón,,,La Casa Studios Near Hyde Park,Studio 15,PXL-605-540,284-940-891,,Pre-arrival,03/09/2026 08:31,18-Nov-2027,21-Nov-2027,Booking.com,6435641379,Payment,Pre-Paid via OTA,,,,Prepaid via Booking.com,system@eviivo.com,03-Sep-26 08:31:17.222,,03-Sep-26 08:31:16.970,,,,,,,£ 0.00,£ 366.50,,,£ 366.50,Total Paid,,£ 205.00,,£ 79.77,£ 284.77,"£ 26,634.33",,,"£ 26,919.10"
Payments,Balance Transfers - to be paid by:,Payment Date,Payment ID,Guest Name,Group,Company,Property,Room,Order Ref.,Booking Ref,Booked On,Check-In,Check-Out,Channel,OTA Reference,Type,Payment Method,Card Type,Last 4 Digits,Virtual Card,Description,User,Updated,Sent to gateway,Confirmed by gateway,Gateway Reference,Settled Amount,Settled Date,Card,Cash / Bank,Vouchers,Total Paid,OTA,eviivo,Total,03/09/2026 10:57,51018223,Amy Robinson,,,La Casa Studios Near Hyde Park,Studio 15,PAV-508-277,469-802-861,,Pre-arrival,03/09/2026 10:57,28-Oct-2027,31-Oct-2027,Booking.com,5602974966,Payment,Pre-Paid via OTA,,,,Prepaid via Booking.com,system@eviivo.com,03-Sep-26 10:57:40.788,,03-Sep-26 10:57:40.553,,,,,,,£ 0.00,£ 366.50,,,£ 366.50,Total Paid,,£ 205.00,,£ 79.77,£ 284.77,"£ 26,634.33",,,"£ 26,919.10"
Payments,Balance Transfers - to be paid by:,Payment Date,Payment ID,Guest Name,Group,Company,Property,Room,Order Ref.,Booking Ref,Booked On,Check-In,Check-Out,Channel,OTA Reference,Type,Payment Method,Card Type,Last 4 Digits,Virtual Card,Description,User,Updated,Sent to gateway,Confirmed by gateway,Gateway Reference,Settled Amount,Settled Date,Card,Cash / Bank,Vouchers,Total Paid,OTA,eviivo,Total,04/09/2026 10:34,51037105,Tally Mishkan,,,Cozy Flats Near Olympia and Westfield,Flat 3 HR,QFH-814-403,318-254-991,,Pre-arrival,04/09/2026 10:34,04-Oct-2027,08-Oct-2027,Booking.com,6181769910,Payment,Pre-Paid via OTA,,,,Prepaid via Booking.com,system@eviivo.com,04-Sep-26 10:34:49.248,,04-Sep-26 10:34:49.046,,,,,,,£ 0.00,£ 371.60,,,£ 371.60,Total Paid,,£ 205.00,,£ 79.77,£ 284.77,"£ 26,634.33",,,"£ 26,919.10"
Payments,Balance Transfers - to be paid by:,Payment Date,Payment ID,Guest Name,Group,Company,Property,Room,Order Ref.,Booking Ref,Booked On,Check-In,Check-Out,Channel,OTA Reference,Type,Payment Method,Card Type,Last 4 Digits,Virtual Card,Description,User,Updated,Sent to gateway,Confirmed by gateway,Gateway Reference,Settled Amount,Settled Date,Card,Cash / Bank,Vouchers,Total Paid,OTA,eviivo,Total,04/09/2026 19:17,51047679,Aranda navarro Sharay,,,La Casa Studios Near Hyde Park,Studio 14,FUN-515-298,646-695-884,,Pre-arrival,04/09/2026 19:17,01-Dec-2027,04-Dec-2027,Booking.com,6626596202,Payment,Pre-Paid via OTA,,,,Prepaid via Booking.com,system@eviivo.com,04-Sep-26 19:17:28.056,,04-Sep-26 19:17:27.793,,,,,,,£ 0.00,£ 302.30,,,£ 302.30,Total Paid,,£ 205.00,,£ 79.77,£ 284.77,"£ 26,634.33",,,"£ 26,919.10"
Payments,Balance Transfers - to be paid by:,Payment Date,Payment ID,Guest Name,Group,Company,Property,Room,Order Ref.,Booking Ref,Booked On,Check-In,Check-Out,Channel,OTA Reference,Type,Payment Method,Card Type,Last 4 Digits,Virtual Card,Description,User,Updated,Sent to gateway,Confirmed by gateway,Gateway Reference,Settled Amount,Settled Date,Card,Cash / Bank,Vouchers,Total Paid,OTA,eviivo,Total,05/09/2026 21:09,51066810,Marion Rigg,,,Savoy Hotel,Room 05,TIL-470-823,019-450-032,,Pre-arrival,05/09/2026 21:09,04-Sep-2027,05-Sep-2027,Booking.com,6102907434,Payment,Pre-Paid via OTA,,,,Prepaid via Booking.com,system@eviivo.com,05-Sep-26 21:09:16.090,,05-Sep-26 21:09:15.840,,,,,,,£ 0.00,£ 47.60,,,£ 47.60,Total Paid,,£ 205.00,,£ 79.77,£ 284.77,"£ 26,634.33",,,"£ 26,919.10"
Payments,Balance Transfers - to be paid by:,Payment Date,Payment ID,Guest Name,Group,Company,Property,Room,Order Ref.,Booking Ref,Booked On,Check-In,Check-Out,Channel,OTA Reference,Type,Payment Method,Card Type,Last 4 Digits,Virtual Card,Description,User,Updated,Sent to gateway,Confirmed by gateway,Gateway Reference,Settled Amount,Settled Date,Card,Cash / Bank,Vouchers,Total Paid,OTA,eviivo,Total,06/09/2026 10:34,51073792,Amanda Sephton,,,Savoy Hotel,Room 22,MCQ-180-541,366-892-304,,Pre-arrival,06/09/2026 10:34,10-Sep-2027,12-Sep-2027,Booking.com,5274936797,Payment,Pre-Paid via OTA,,,,Prepaid via Booking.com,system@eviivo.com,06-Sep-26 10:34:31.777,,06-Sep-26 10:34:31.510,,,,,,,£ 0.00,£ 170.00,,,£ 170.00,Total Paid,,£ 205.00,,£ 79.77,£ 284.77,"£ 26,634.33",,,"£ 26,919.10"
Payments,Balance Transfers - to be paid by:,Payment Date,Payment ID,Guest Name,Group,Company,Property,Room,Order Ref.,Booking Ref,Booked On,Check-In,Check-Out,Channel,OTA Reference,Type,Payment Method,Card Type,Last 4 Digits,Virtual Card,Description,User,Updated,Sent to gateway,Confirmed by gateway,Gateway Reference,Settled Amount,Settled Date,Card,Cash / Bank,Vouchers,Total Paid,OTA,eviivo,Total,06/09/2026 11:46,51075054,Rebecca Williams,,,Savoy Hotel,Room 19,BAD-230-090,536-196-681,,Pre-arrival,06/09/2026 11:46,04-Sep-2027,05-Sep-2027,Booking.com,5573987885,Payment,Pre-Paid via OTA,,,,Prepaid via Booking.com,system@eviivo.com,06-Sep-26 11:46:35.927,,06-Sep-26 11:46:35.726,,,,,,,£ 0.00,£ 52.70,,,£ 52.70,Total Paid,,£ 205.00,,£ 79.77,£ 284.77,"£ 26,634.33",,,"£ 26,919.10"
Payments,Balance Transfers - to be paid by:,Payment Date,Payment ID,Guest Name,Group,Company,Property,Room,Order Ref.,Booking Ref,Booked On,Check-In,Check-Out,Channel,OTA Reference,Type,Payment Method,Card Type,Last 4 Digits,Virtual Card,Description,User,Updated,Sent to gateway,Confirmed by gateway,Gateway Reference,Settled Amount,Settled Date,Card,Cash / Bank,Vouchers,Total Paid,OTA,eviivo,Total,06/09/2026 16:04,51079231,Lynne Smith,,,Crofton House Hotel,Room 12,TUN-295-342,864-689-861,,Pre-arrival,06/09/2026 16:04,01-Sep-2027,06-Sep-2027,Booking.com,5509354937,Payment,Pre-Paid via OTA,,,,Prepaid via Booking.com,system@eviivo.com,06-Sep-26 16:04:40.471,,06-Sep-26 16:04:40.240,,,,,,,£ 0.00,£ 232.57,,,£ 232.57,Total Paid,,£ 205.00,,£ 79.77,£ 284.77,"£ 26,634.33",,,"£ 26,919.10"
Payments,Balance Transfers - to be paid by:,Payment Date,Payment ID,Guest Name,Group,Company,Property,Room,Order Ref.,Booking Ref,Booked On,Check-In,Check-Out,Channel,OTA Reference,Type,Payment Method,Card Type,Last 4 Digits,Virtual Card,Description,User,Updated,Sent to gateway,Confirmed by gateway,Gateway Reference,Settled Amount,Settled Date,Card,Cash / Bank,Vouchers,Total Paid,OTA,eviivo,Total,06/09/2026 16:50,51080024,Brett Scott,,,Bonair Hotel,Room 7,XYU-442-101,031-489-801,,Pre-arrival,06/09/2026 16:50,03-Dec-2027,07-Dec-2027,Booking.com,6357329396,Payment,Pre-Paid via OTA,,,,Prepaid via Booking.com,system@eviivo.com,06-Sep-26 16:50:08.764,,06-Sep-26 16:50:08.353,,,,,,,£ 0.00,£ 156.00,,,£ 156.00,Total Paid,,£ 205.00,,£ 79.77,£ 284.77,"£ 26,634.33",,,"£ 26,919.10"
Payments,Balance Transfers - to be paid by:,Payment Date,Payment ID,Guest Name,Group,Company,Property,Room,Order Ref.,Booking Ref,Booked On,Check-In,Check-Out,Channel,OTA Reference,Type,Payment Method,Card Type,Last 4 Digits,Virtual Card,Description,User,Updated,Sent to gateway,Confirmed by gateway,Gateway Reference,Settled Amount,Settled Date,Card,Cash / Bank,Vouchers,Total Paid,OTA,eviivo,Total,06/09/2026 16:52,51080072,Charlotte Brooks,,,Savoy Hotel,Room 11,XHE-627-327,893-951-434,,Pre-arrival,06/09/2026 16:52,04-Sep-2027,05-Sep-2027,Booking.com,6176695392,Payment,Pre-Paid via OTA,,,,Prepaid via Booking.com,system@eviivo.com,06-Sep-26 16:52:43.718,,06-Sep-26 16:52:43.083,,,,,,,£ 0.00,£ 62.90,,,£ 62.90,Total Paid,,£ 205.00,,£ 79.77,£ 284.77,"£ 26,634.33",,,"£ 26,919.10"
Payments,Balance Transfers - to be paid by:,Payment Date,Payment ID,Guest Name,Group,Company,Property,Room,Order Ref.,Booking Ref,Booked On,Check-In,Check-Out,Channel,OTA Reference,Type,Payment Method,Card Type,Last 4 Digits,Virtual Card,Description,User,Updated,Sent to gateway,Confirmed by gateway,Gateway Reference,Settled Amount,Settled Date,Card,Cash / Bank,Vouchers,Total Paid,OTA,eviivo,Total,,51080452,kimberley maggs,,,Savoy Hotel,Room 27,USP-749-899,392-820-222,,On Account,06/09/2026 17:12,04-Sep-2027,05-Sep-2027,Booking.com,6358911529,(see above/below),(see above/below),,,,,system@eviivo.com,,,,,,,,,,£ 0.00,,,,,Total Paid,,£ 205.00,,£ 79.77,£ 284.77,"£ 26,634.33",,,"£ 26,919.10"
Payments,Balance Transfers - to be paid by:,Payment Date,Payment ID,Guest Name,Group,Company,Property,Room,Order Ref.,Booking Ref,Booked On,Check-In,Check-Out,Channel,OTA Reference,Type,Payment Method,Card Type,Last 4 Digits,Virtual Card,Description,User,Updated,Sent to gateway,Confirmed by gateway,Gateway Reference,Settled Amount,Settled Date,Card,Cash / Bank,Vouchers,Total Paid,OTA,eviivo,Total,06/09/2026 17:12,51080452,kimberley maggs,,,Savoy Hotel,Room 25,USP-749-899,598-909-244,,Pre-arrival,06/09/2026 17:12,04-Sep-2027,05-Sep-2027,Booking.com,6358911529,Payment,Pre-Paid via OTA,,,,Prepaid via Booking.com,system@eviivo.com,06-Sep-26 17:12:58.635,,06-Sep-26 17:12:58.193,,,,,,,£ 0.00,£ 174.00,,,£ 174.00,Total Paid,,£ 205.00,,£ 79.77,£ 284.77,"£ 26,634.33",,,"£ 26,919.10"
Payments,Balance Transfers - to be paid by:,Payment Date,Payment ID,Guest Name,Group,Company,Property,Room,Order Ref.,Booking Ref,Booked On,Check-In,Check-Out,Channel,OTA Reference,Type,Payment Method,Card Type,Last 4 Digits,Virtual Card,Description,User,Updated,Sent to gateway,Confirmed by gateway,Gateway Reference,Settled Amount,Settled Date,Card,Cash / Bank,Vouchers,Total Paid,OTA,eviivo,Total,07/09/2026 08:38,51088702,Marouska Baldacchino,,,La Casa Studios Near Hyde Park,Studio 23,VTA-912-362,190-893-652,,Pre-arrival,07/09/2026 08:38,01-Sep-2027,07-Sep-2027,Booking.com,6031688398,Payment,Pre-Paid via OTA,,,,Prepaid via Booking.com,system@eviivo.com,07-Sep-26 08:38:14.390,,07-Sep-26 08:38:14.193,,,,,,,£ 0.00,£ 492.30,,,£ 492.30,Total Paid,,£ 205.00,,£ 79.77,£ 284.77,"£ 26,634.33",,,"£ 26,919.10"
Payments,Balance Transfers - to be paid by:,Payment Date,Payment ID,Guest Name,Group,Company,Property,Room,Order Ref.,Booking Ref,Booked On,Check-In,Check-Out,Channel,OTA Reference,Type,Payment Method,Card Type,Last 4 Digits,Virtual Card,Description,User,Updated,Sent to gateway,Confirmed by gateway,Gateway Reference,Settled Amount,Settled Date,Card,Cash / Bank,Vouchers,Total Paid,OTA,eviivo,Total,07/09/2026 12:51,51093852,Trine Bach,,,La Casa Studios Near Hyde Park,Studio 19,XQH-225-989,811-891-941,,Pre-arrival,07/09/2026 12:51,18-Oct-2027,22-Oct-2027,Booking.com,6190390314,Payment,Pre-Paid via OTA,,,,Prepaid via Booking.com,system@eviivo.com,07-Sep-26 12:51:03.094,,07-Sep-26 12:51:02.693,,,,,,,£ 0.00,£ 503.00,,,£ 503.00,Total Paid,,£ 205.00,,£ 79.77,£ 284.77,"£ 26,634.33",,,"£ 26,919.10"
Payments,Balance Transfers - to be paid by:,Payment Date,Payment ID,Guest Name,Group,Company,Property,Room,Order Ref.,Booking Ref,Booked On,Check-In,Check-Out,Channel,OTA Reference,Type,Payment Method,Card Type,Last 4 Digits,Virtual Card,Description,User,Updated,Sent to gateway,Confirmed by gateway,Gateway Reference,Settled Amount,Settled Date,Card,Cash / Bank,Vouchers,Total Paid,OTA,eviivo,Total,07/09/2026 12:52,51093890,Maxine Baumann,,,Amsterdam Hotel,Room 1 Basement refurbished,EKO-679-760,414-864-581,,Pre-arrival,07/09/2026 12:52,15-Sep-2027,19-Sep-2027,Booking.com,6259458125,Payment,Pre-Paid via OTA,,,,Prepaid via Booking.com,system@eviivo.com,07-Sep-26 12:52:49.050,,07-Sep-26 12:52:48.750,,,,,,,£ 0.00,£ 284.40,,,£ 284.40,Total Paid,,£ 205.00,,£ 79.77,£ 284.77,"£ 26,634.33",,,"£ 26,919.10"
Payments,Balance Transfers - to be paid by:,Payment Date,Payment ID,Guest Name,Group,Company,Property,Room,Order Ref.,Booking Ref,Booked On,Check-In,Check-Out,Channel,OTA Reference,Type,Payment Method,Card Type,Last 4 Digits,Virtual Card,Description,User,Updated,Sent to gateway,Confirmed by gateway,Gateway Reference,Settled Amount,Settled Date,Card,Cash / Bank,Vouchers,Total Paid,OTA,eviivo,Total,,51104777,David Wright,,,Crofton House Hotel,Cottage Single Room 3,SQR-070-605,000-806-611,,On Account,07/09/2026 21:42,05-Sep-2027,06-Sep-2027,Booking.com,6259408400,(see above/below),(see above/below),,,,,system@eviivo.com,,,,,,,,,,£ 0.00,,,,,Total Paid,,£ 205.00,,£ 79.77,£ 284.77,"£ 26,634.33",,,"£ 26,919.10"
Payments,Balance Transfers - to be paid by:,Payment Date,Payment ID,Guest Name,Group,Company,Property,Room,Order Ref.,Booking Ref,Booked On,Check-In,Check-Out,Channel,OTA Reference,Type,Payment Method,Card Type,Last 4 Digits,Virtual Card,Description,User,Updated,Sent to gateway,Confirmed by gateway,Gateway Reference,Settled Amount,Settled Date,Card,Cash / Bank,Vouchers,Total Paid,OTA,eviivo,Total,07/09/2026 21:42,51104777,David Wright,,,Crofton House Hotel,Room 2 Crofton,SQR-070-605,398-236-904,,Pre-arrival,07/09/2026 21:42,05-Sep-2027,06-Sep-2027,Booking.com,6259408400,Payment,Pre-Paid via OTA,,,,Prepaid via Booking.com,system@eviivo.com,07-Sep-26 21:42:51.887,,07-Sep-26 21:42:51.460,,,,,,,£ 0.00,£ 85.50,,,£ 85.50,Total Paid,,£ 205.00,,£ 79.77,£ 284.77,"£ 26,634.33",,,"£ 26,919.10"
Payments,Balance Transfers - to be paid by:,Payment Date,Payment ID,Guest Name,Group,Company,Property,Room,Order Ref.,Booking Ref,Booked On,Check-In,Check-Out,Channel,OTA Reference,Type,Payment Method,Card Type,Last 4 Digits,Virtual Card,Description,User,Updated,Sent to gateway,Confirmed by gateway,Gateway Reference,Settled Amount,Settled Date,Card,Cash / Bank,Vouchers,Total Paid,OTA,eviivo,Total,08/09/2026 19:10,51121977,Shannan Jones,,,Savoy Hotel,Room 509 brichfield,HTJ-996-517,122-451-092,,Pre-arrival,08/09/2026 19:10,04-Sep-2027,05-Sep-2027,Booking.com,5732840424,Payment,Pre-Paid via OTA,,,,Prepaid via Booking.com,system@eviivo.com,08-Sep-26 19:10:40.530,,08-Sep-26 19:10:40.176,,,,,,,£ 0.00,£ 86.70,,,£ 86.70,Total Paid,,£ 205.00,,£ 79.77,£ 284.77,"£ 26,634.33",,,"£ 26,919.10"
Payments,Balance Transfers - to be paid by:,Payment Date,Payment ID,Guest Name,Group,Company,Property,Room,Order Ref.,Booking Ref,Booked On,Check-In,Check-Out,Channel,OTA Reference,Type,Payment Method,Card Type,Last 4 Digits,Virtual Card,Description,User,Updated,Sent to gateway,Confirmed by gateway,Gateway Reference,Settled Amount,Settled Date,Card,Cash / Bank,Vouchers,Total Paid,OTA,eviivo,Total,08/09/2026 19:15,51122067,Josh Phillips,,,Savoy Hotel,Room 27,XLU-941-442,582-628-251,,Pre-arrival,08/09/2026 19:15,11-Sep-2027,12-Sep-2027,Booking.com,5732822378,Payment,Pre-Paid via OTA,,,,Prepaid via Booking.com,system@eviivo.com,08-Sep-26 19:15:50.911,,08-Sep-26 19:15:50.630,,,,,,,£ 0.00,£ 89.25,,,£ 89.25,Total Paid,,£ 205.00,,£ 79.77,£ 284.77,"£ 26,634.33",,,"£ 26,919.10"
Payments,Balance Transfers - to be paid by:,Payment Date,Payment ID,Guest Name,Group,Company,Property,Room,Order Ref.,Booking Ref,Booked On,Check-In,Check-Out,Channel,OTA Reference,Type,Payment Method,Card Type,Last 4 Digits,Virtual Card,Description,User,Updated,Sent to gateway,Confirmed by gateway,Gateway Reference,Settled Amount,Settled Date,Card,Cash / Bank,Vouchers,Total Paid,OTA,eviivo,Total,08/09/2026 19:29,51122305,Chelsea Coles,,,Savoy Hotel,Room 10,KFB-069-283,298-554-254,,Pre-arrival,08/09/2026 19:29,04-Sep-2027,05-Sep-2027,Booking.com,6130131237,Payment,Pre-Paid via OTA,,,,Prepaid via Booking.com,system@eviivo.com,08-Sep-26 19:29:15.956,,08-Sep-26 19:29:15.743,,,,,,,£ 0.00,£ 62.05,,,£ 62.05,Total Paid,,£ 205.00,,£ 79.77,£ 284.77,"£ 26,634.33",,,"£ 26,919.10"
Payments,Balance Transfers - to be paid by:,Payment Date,Payment ID,Guest Name,Group,Company,Property,Room,Order Ref.,Booking Ref,Booked On,Check-In,Check-Out,Channel,OTA Reference,Type,Payment Method,Card Type,Last 4 Digits,Virtual Card,Description,User,Updated,Sent to gateway,Confirmed by gateway,Gateway Reference,Settled Amount,Settled Date,Card,Cash / Bank,Vouchers,Total Paid,OTA,eviivo,Total,08/09/2026 19:32,51122365,Chelsea Coles,,,Savoy Hotel,Room 19,PCC-391-600,498-343-484,,Pre-arrival,08/09/2026 19:32,11-Sep-2027,12-Sep-2027,Booking.com,6829847479,Payment,Pre-Paid via OTA,,,,Prepaid via Booking.com,system@eviivo.com,08-Sep-26 19:32:02.688,,08-Sep-26 19:32:02.476,,,,,,,£ 0.00,£ 63.75,,,£ 63.75,Total Paid,,£ 205.00,,£ 79.77,£ 284.77,"£ 26,634.33",,,"£ 26,919.10"
Payments,Balance Transfers - to be paid by:,Payment Date,Payment ID,Guest Name,Group,Company,Property,Room,Order Ref.,Booking Ref,Booked On,Check-In,Check-Out,Channel,OTA Reference,Type,Payment Method,Card Type,Last 4 Digits,Virtual Card,Description,User,Updated,Sent to gateway,Confirmed by gateway,Gateway Reference,Settled Amount,Settled Date,Card,Cash / Bank,Vouchers,Total Paid,OTA,eviivo,Total,08/09/2026 19:49,51122689,Jade Hall,,,Savoy Hotel,Room 14,TQB-654-682,098-051-824,,Pre-arrival,08/09/2026 19:49,04-Sep-2027,05-Sep-2027,Booking.com,5079958064,Payment,Pre-Paid via OTA,,,,Prepaid via Booking.com,system@eviivo.com,08-Sep-26 19:49:53.810,,08-Sep-26 19:49:53.593,,,,,,,£ 0.00,£ 65.45,,,£ 65.45,Total Paid,,£ 205.00,,£ 79.77,£ 284.77,"£ 26,634.33",,,"£ 26,919.10"
Payments,Balance Transfers - to be paid by:,Payment Date,Payment ID,Guest Name,Group,Company,Property,Room,Order Ref.,Booking Ref,Booked On,Check-In,Check-Out,Channel,OTA Reference,Type,Payment Method,Card Type,Last 4 Digits,Virtual Card,Description,User,Updated,Sent to gateway,Confirmed by gateway,Gateway Reference,Settled Amount,Settled Date,Card,Cash / Bank,Vouchers,Total Paid,OTA,eviivo,Total,08/09/2026 19:51,51122711,Jade Hall,,,Savoy Hotel,Room 26,OOS-916-759,241-130-591,,Pre-arrival,08/09/2026 19:51,11-Sep-2027,12-Sep-2027,Booking.com,6829808204,Payment,Pre-Paid via OTA,,,,Prepaid via Booking.com,system@eviivo.com,08-Sep-26 19:51:02.027,,08-Sep-26 19:51:01.773,,,,,,,£ 0.00,£ 55.25,,,£ 55.25,Total Paid,,£ 205.00,,£ 79.77,£ 284.77,"£ 26,634.33",,,"£ 26,919.10"
Payments,Balance Transfers - to be paid by:,Payment Date,Payment ID,Guest Name,Group,Company,Property,Room,Order Ref.,Booking Ref,Booked On,Check-In,Check-Out,Channel,OTA Reference,Type,Payment Method,Card Type,Last 4 Digits,Virtual Card,Description,User,Updated,Sent to gateway,Confirmed by gateway,Gateway Reference,Settled Amount,Settled Date,Card,Cash / Bank,Vouchers,Total Paid,OTA,eviivo,Total,08/09/2026 19:51,51122724,Katherine Owen,,,Savoy Hotel,Room 21,UHU-901-256,291-156-451,,Pre-arrival,08/09/2026 19:51,04-Sep-2027,05-Sep-2027,Booking.com,5059926536,Payment,Pre-Paid via OTA,,,,Prepaid via Booking.com,system@eviivo.com,08-Sep-26 19:51:41.679,,08-Sep-26 19:51:41.550,,,,,,,£ 0.00,£ 65.45,,,£ 65.45,Total Paid,,£ 205.00,,£ 79.77,£ 284.77,"£ 26,634.33",,,"£ 26,919.10"
Payments,Balance Transfers - to be paid by:,Payment Date,Payment ID,Guest Name,Group,Company,Property,Room,Order Ref.,Booking Ref,Booked On,Check-In,Check-Out,Channel,OTA Reference,Type,Payment Method,Card Type,Last 4 Digits,Virtual Card,Description,User,Updated,Sent to gateway,Confirmed by gateway,Gateway Reference,Settled Amount,Settled Date,Card,Cash / Bank,Vouchers,Total Paid,OTA,eviivo,Total,08/09/2026 19:53,51122759,Katherine Owen,,,Savoy Hotel,Room 10,VKR-327-262,340-605-252,,Pre-arrival,08/09/2026 19:53,11-Sep-2027,12-Sep-2027,Booking.com,5079966476,Payment,Pre-Paid via OTA,,,,Prepaid via Booking.com,system@eviivo.com,08-Sep-26 19:53:31.354,,08-Sep-26 19:53:31.136,,,,,,,£ 0.00,£ 63.75,,,£ 63.75,Total Paid,,£ 205.00,,£ 79.77,£ 284.77,"£ 26,634.33",,,"£ 26,919.10"
Payments,Balance Transfers - to be paid by:,Payment Date,Payment ID,Guest Name,Group,Company,Property,Room,Order Ref.,Booking Ref,Booked On,Check-In,Check-Out,Channel,OTA Reference,Type,Payment Method,Card Type,Last 4 Digits,Virtual Card,Description,User,Updated,Sent to gateway,Confirmed by gateway,Gateway Reference,Settled Amount,Settled Date,Card,Cash / Bank,Vouchers,Total Paid,OTA,eviivo,Total,08/09/2026 19:57,51122828,Paige Thomas,,,Savoy Hotel,Room 02,SSG-421-638,300-584-684,,Pre-arrival,08/09/2026 19:57,04-Sep-2027,05-Sep-2027,Booking.com,6807695076,Payment,Pre-Paid via OTA,,,,Prepaid via Booking.com,system@eviivo.com,08-Sep-26 19:57:23.679,,08-Sep-26 19:57:23.246,,,,,,,£ 0.00,£ 65.45,,,£ 65.45,Total Paid,,£ 205.00,,£ 79.77,£ 284.77,"£ 26,634.33",,,"£ 26,919.10"
Payments,Balance Transfers - to be paid by:,Payment Date,Payment ID,Guest Name,Group,Company,Property,Room,Order Ref.,Booking Ref,Booked On,Check-In,Check-Out,Channel,OTA Reference,Type,Payment Method,Card Type,Last 4 Digits,Virtual Card,Description,User,Updated,Sent to gateway,Confirmed by gateway,Gateway Reference,Settled Amount,Settled Date,Card,Cash / Bank,Vouchers,Total Paid,OTA,eviivo,Total,08/09/2026 20:22,51123305,Paige Thomas,,,Savoy Hotel,Room 14,CQZ-603-275,995-280-994,,Pre-arrival,08/09/2026 20:22,11-Sep-2027,12-Sep-2027,Booking.com,5732817104,Payment,Pre-Paid via OTA,,,,Prepaid via Booking.com,system@eviivo.com,08-Sep-26 20:22:20.536,,08-Sep-26 20:22:20.316,,,,,,,£ 0.00,£ 63.75,,,£ 63.75,Total Paid,,£ 205.00,,£ 79.77,£ 284.77,"£ 26,634.33",,,"£ 26,919.10"
Payments,Balance Transfers - to be paid by:,Payment Date,Payment ID,Guest Name,Group,Company,Property,Room,Order Ref.,Booking Ref,Booked On,Check-In,Check-Out,Channel,OTA Reference,Type,Payment Method,Card Type,Last 4 Digits,Virtual Card,Description,User,Updated,Sent to gateway,Confirmed by gateway,Gateway Reference,Settled Amount,Settled Date,Card,Cash / Bank,Vouchers,Total Paid,OTA,eviivo,Total,08/09/2026 21:10,51124283,Krisztina Nagy,,,Cozy Flats Near Olympia and Westfield,Flat 14 HR,RQN-809-416,881-186-281,,Pre-arrival,08/09/2026 21:10,19-Sep-2027,23-Sep-2027,Booking.com,6909569501,Payment,Pre-Paid via OTA,,,,Prepaid via Booking.com,system@eviivo.com,08-Sep-26 21:10:35.379,,08-Sep-26 21:10:35.213,,,,,,,£ 0.00,£ 322.48,,,£ 322.48,Total Paid,,£ 205.00,,£ 79.77,£ 284.77,"£ 26,634.33",,,"£ 26,919.10"
Payments,Balance Transfers - to be paid by:,Payment Date,Payment ID,Guest Name,Group,Company,Property,Room,Order Ref.,Booking Ref,Booked On,Check-In,Check-Out,Channel,OTA Reference,Type,Payment Method,Card Type,Last 4 Digits,Virtual Card,Description,User,Updated,Sent to gateway,Confirmed by gateway,Gateway Reference,Settled Amount,Settled Date,Card,Cash / Bank,Vouchers,Total Paid,OTA,eviivo,Total,08/09/2026 22:24,51125427,Rhiannon Jeffrey,,,Savoy Hotel,Room 24,AXZ-230-776,558-623-404,,Pre-arrival,08/09/2026 22:24,04-Sep-2027,05-Sep-2027,Booking.com,6829883532,Payment,Pre-Paid via OTA,,,,Prepaid via Booking.com,system@eviivo.com,08-Sep-26 22:24:57.837,,08-Sep-26 22:24:57.653,,,,,,,£ 0.00,£ 73.95,,,£ 73.95,Total Paid,,£ 205.00,,£ 79.77,£ 284.77,"£ 26,634.33",,,"£ 26,919.10"
Payments,Balance Transfers - to be paid by:,Payment Date,Payment ID,Guest Name,Group,Company,Property,Room,Order Ref.,Booking Ref,Booked On,Check-In,Check-Out,Channel,OTA Reference,Type,Payment Method,Card Type,Last 4 Digits,Virtual Card,Description,User,Updated,Sent to gateway,Confirmed by gateway,Gateway Reference,Settled Amount,Settled Date,Card,Cash / Bank,Vouchers,Total Paid,OTA,eviivo,Total,08/09/2026 22:27,51125462,Rhiannon Jeffrey,,,Savoy Hotel,Room 21,AFT-455-834,462-890-981,,Pre-arrival,08/09/2026 22:27,11-Sep-2027,12-Sep-2027,Booking.com,6909575171,Payment,Pre-Paid via OTA,,,,Prepaid via Booking.com,system@eviivo.com,08-Sep-26 22:27:19.389,,08-Sep-26 22:27:19.023,,,,,,,£ 0.00,£ 63.75,,,£ 63.75,Total Paid,,£ 205.00,,£ 79.77,£ 284.77,"£ 26,634.33",,,"£ 26,919.10"
Payments,Balance Transfers - to be paid by:,Payment Date,Payment ID,Guest Name,Group,Company,Property,Room,Order Ref.,Booking Ref,Booked On,Check-In,Check-Out,Channel,OTA Reference,Type,Payment Method,Card Type,Last 4 Digits,Virtual Card,Description,User,Updated,Sent to gateway,Confirmed by gateway,Gateway Reference,Settled Amount,Settled Date,Card,Cash / Bank,Vouchers,Total Paid,OTA,eviivo,Total,09/09/2026 06:43,51128185,Mike Stamer,,,La Casa Studios Near Hyde Park,Studio 2,RQF-931-521,123-630-902,,Pre-arrival,09/09/2026 06:43,09-Sep-2027,13-Sep-2027,Booking.com,6909582793,Payment,Pre-Paid via OTA,,,,Prepaid via Booking.com,system@eviivo.com,09-Sep-26 06:43:47.965,,09-Sep-26 06:43:47.773,,,,,,,£ 0.00,£ 358.00,,,£ 358.00,Total Paid,,£ 205.00,,£ 79.77,£ 284.77,"£ 26,634.33",,,"£ 26,919.10"
Payments,Balance Transfers - to be paid by:,Payment Date,Payment ID,Guest Name,Group,Company,Property,Room,Order Ref.,Booking Ref,Booked On,Check-In,Check-Out,Channel,OTA Reference,Type,Payment Method,Card Type,Last 4 Digits,Virtual Card,Description,User,Updated,Sent to gateway,Confirmed by gateway,Gateway Reference,Settled Amount,Settled Date,Card,Cash / Bank,Vouchers,Total Paid,OTA,eviivo,Total,09/09/2026 09:01,51130242,Alessandro Bedogni,,,La Casa Studios Near Hyde Park,Studio 14,WAI-231-325,944-452-042,,Pre-arrival,09/09/2026 09:01,25-Dec-2027,31-Dec-2027,Booking.com,5079972329,Payment,Pre-Paid via OTA,,,,Prepaid via Booking.com,system@eviivo.com,09-Sep-26 09:01:53.987,,09-Sep-26 09:01:53.716,,,,,,,£ 0.00,£ 539.90,,,£ 539.90,Total Paid,,£ 205.00,,£ 79.77,£ 284.77,"£ 26,634.33",,,"£ 26,919.10"
Payments,Balance Transfers - to be paid by:,Payment Date,Payment ID,Guest Name,Group,Company,Property,Room,Order Ref.,Booking Ref,Booked On,Check-In,Check-Out,Channel,OTA Reference,Type,Payment Method,Card Type,Last 4 Digits,Virtual Card,Description,User,Updated,Sent to gateway,Confirmed by gateway,Gateway Reference,Settled Amount,Settled Date,Card,Cash / Bank,Vouchers,Total Paid,OTA,eviivo,Total,10/09/2026 13:08,51153583,Lucy Kelly,,,Number 19 Brighton,Room 11,XBP-115-528,941-628-362,,Pre-arrival,10/09/2026 13:07,29-Dec-2027,30-Dec-2027,Booking.com,5591338196,Payment,Pre-Paid via OTA,,,,Prepaid via Booking.com,system@eviivo.com,10-Sep-26 13:08:00.781,,10-Sep-26 13:08:00.563,,,,,,,£ 0.00,£ 81.00,,,£ 81.00,Total Paid,,£ 205.00,,£ 79.77,£ 284.77,"£ 26,634.33",,,"£ 26,919.10"
Payments,Balance Transfers - to be paid by:,Payment Date,Payment ID,Guest Name,Group,Company,Property,Room,Order Ref.,Booking Ref,Booked On,Check-In,Check-Out,Channel,OTA Reference,Type,Payment Method,Card Type,Last 4 Digits,Virtual Card,Description,User,Updated,Sent to gateway,Confirmed by gateway,Gateway Reference,Settled Amount,Settled Date,Card,Cash / Bank,Vouchers,Total Paid,OTA,eviivo,Total,11/09/2026 00:39,51164702,Talita Oliveira de Souza,,,Cozy Flats Near Olympia and Westfield,Flat 14 HR,VCB-378-118,535-156-084,,Pre-arrival,11/09/2026 00:39,16-Oct-2027,22-Oct-2027,Booking.com,5315549827,Payment,Pre-Paid via OTA,,,,Prepaid via Booking.com,system@eviivo.com,11-Sep-26 00:39:33.490,,11-Sep-26 00:39:33.160,,,,,,,£ 0.00,£ 505.90,,,£ 505.90,Total Paid,,£ 205.00,,£ 79.77,£ 284.77,"£ 26,634.33",,,"£ 26,919.10"
Payments,Balance Transfers - to be paid by:,Payment Date,Payment ID,Guest Name,Group,Company,Property,Room,Order Ref.,Booking Ref,Booked On,Check-In,Check-Out,Channel,OTA Reference,Type,Payment Method,Card Type,Last 4 Digits,Virtual Card,Description,User,Updated,Sent to gateway,Confirmed by gateway,Gateway Reference,Settled Amount,Settled Date,Card,Cash / Bank,Vouchers,Total Paid,OTA,eviivo,Total,11/09/2026 12:40,51172713,Matthias Bender,,,Solshi Studios Near Westfield and Olympia,Flat 6 Ground,HAT-968-637,095-668-062,,Pre-arrival,11/09/2026 12:40,24-Sep-2027,26-Sep-2027,Booking.com,6548961509,Payment,Pre-Paid via OTA,,,,Prepaid via Booking.com,system@eviivo.com,11-Sep-26 12:40:09.966,,11-Sep-26 12:40:09.716,,,,,,,£ 0.00,£ 313.00,,,£ 313.00,Total Paid,,£ 205.00,,£ 79.77,£ 284.77,"£ 26,634.33",,,"£ 26,919.10"
Payments,Balance Transfers - to be paid by:,Payment Date,Payment ID,Guest Name,Group,Company,Property,Room,Order Ref.,Booking Ref,Booked On,Check-In,Check-Out,Channel,OTA Reference,Type,Payment Method,Card Type,Last 4 Digits,Virtual Card,Description,User,Updated,Sent to gateway,Confirmed by gateway,Gateway Reference,Settled Amount,Settled Date,Card,Cash / Bank,Vouchers,Total Paid,OTA,eviivo,Total,,51185197,Jeni Herbert,,,Crofton House Hotel,Room 6 Crofotn,YNE-446-730,145-113-294,,On Account,12/09/2026 04:42,02-Sep-2027,03-Sep-2027,Booking.com,6224259985,(see above/below),(see above/below),,,,,system@eviivo.com,,,,,,,,,,£ 0.00,,,,,Total Paid,,£ 205.00,,£ 79.77,£ 284.77,"£ 26,634.33",,,"£ 26,919.10"
Payments,Balance Transfers - to be paid by:,Payment Date,Payment ID,Guest Name,Group,Company,Property,Room,Order Ref.,Booking Ref,Booked On,Check-In,Check-Out,Channel,OTA Reference,Type,Payment Method,Card Type,Last 4 Digits,Virtual Card,Description,User,Updated,Sent to gateway,Confirmed by gateway,Gateway Reference,Settled Amount,Settled Date,Card,Cash / Bank,Vouchers,Total Paid,OTA,eviivo,Total,12/09/2026 04:42,51185197,Jeni Herbert,,,Crofton House Hotel,Room 2 Crofton,YNE-446-730,551-225-101,,Pre-arrival,12/09/2026 04:42,02-Sep-2027,03-Sep-2027,Booking.com,6224259985,Payment,Pre-Paid via OTA,,,,Prepaid via Booking.com,system@eviivo.com,12-Sep-26 04:42:29.679,,12-Sep-26 04:42:28.836,,,,,,,£ 0.00,£ 85.68,,,£ 85.68,Total Paid,,£ 205.00,,£ 79.77,£ 284.77,"£ 26,634.33",,,"£ 26,919.10"
Payments,Balance Transfers - to be paid by:,Payment Date,Payment ID,Guest Name,Group,Company,Property,Room,Order Ref.,Booking Ref,Booked On,Check-In,Check-Out,Channel,OTA Reference,Type,Payment Method,Card Type,Last 4 Digits,Virtual Card,Description,User,Updated,Sent to gateway,Confirmed by gateway,Gateway Reference,Settled Amount,Settled Date,Card,Cash / Bank,Vouchers,Total Paid,OTA,eviivo,Total,12/09/2026 04:47,51185211,Jeni Herbert,,,Crofton House Hotel,Room 1 Crofton,SNM-804-560,355-841-924,,Pre-arrival,12/09/2026 04:47,02-Sep-2027,03-Sep-2027,Booking.com,6237960234,Payment,Pre-Paid via OTA,,,,Prepaid via Booking.com,system@eviivo.com,12-Sep-26 04:47:07.747,,12-Sep-26 04:47:07.393,,,,,,,£ 0.00,£ 42.84,,,£ 42.84,Total Paid,,£ 205.00,,£ 79.77,£ 284.77,"£ 26,634.33",,,"£ 26,919.10"
Payments,Balance Transfers - to be paid by:,Payment Date,Payment ID,Guest Name,Group,Company,Property,Room,Order Ref.,Booking Ref,Booked On,Check-In,Check-Out,Channel,OTA Reference,Type,Payment Method,Card Type,Last 4 Digits,Virtual Card,Description,User,Updated,Sent to gateway,Confirmed by gateway,Gateway Reference,Settled Amount,Settled Date,Card,Cash / Bank,Vouchers,Total Paid,OTA,eviivo,Total,,51185229,Jeni Herbert,,,Crofton House Hotel,Room 6 Crofotn,XTP-515-762,151-122-482,,On Account,12/09/2026 04:59,09-Sep-2027,10-Sep-2027,Booking.com,6740483792,(see above/below),(see above/below),,,,,system@eviivo.com,,,,,,,,,,£ 0.00,,,,,Total Paid,,£ 205.00,,£ 79.77,£ 284.77,"£ 26,634.33",,,"£ 26,919.10"
Payments,Balance Transfers - to be paid by:,Payment Date,Payment ID,Guest Name,Group,Company,Property,Room,Order Ref.,Booking Ref,Booked On,Check-In,Check-Out,Channel,OTA Reference,Type,Payment Method,Card Type,Last 4 Digits,Virtual Card,Description,User,Updated,Sent to gateway,Confirmed by gateway,Gateway Reference,Settled Amount,Settled Date,Card,Cash / Bank,Vouchers,Total Paid,OTA,eviivo,Total,,51185229,Jeni Herbert,,,Crofton House Hotel,Room 1 Crofton,XTP-515-762,390-552-314,,On Account,12/09/2026 04:59,09-Sep-2027,10-Sep-2027,Booking.com,6740483792,(see above/below),(see above/below),,,,,system@eviivo.com,,,,,,,,,,£ 0.00,,,,,Total Paid,,£ 205.00,,£ 79.77,£ 284.77,"£ 26,634.33",,,"£ 26,919.10"
Payments,Balance Transfers - to be paid by:,Payment Date,Payment ID,Guest Name,Group,Company,Property,Room,Order Ref.,Booking Ref,Booked On,Check-In,Check-Out,Channel,OTA Reference,Type,Payment Method,Card Type,Last 4 Digits,Virtual Card,Description,User,Updated,Sent to gateway,Confirmed by gateway,Gateway Reference,Settled Amount,Settled Date,Card,Cash / Bank,Vouchers,Total Paid,OTA,eviivo,Total,,51185229,Jeni Herbert,,,Crofton House Hotel,Room 7 Crofotn,XTP-515-762,516-983-334,,On Account,12/09/2026 04:59,09-Sep-2027,10-Sep-2027,Booking.com,6740483792,(see above/below),(see above/below),,,,,system@eviivo.com,,,,,,,,,,£ 0.00,,,,,Total Paid,,£ 205.00,,£ 79.77,£ 284.77,"£ 26,634.33",,,"£ 26,919.10"
Payments,Balance Transfers - to be paid by:,Payment Date,Payment ID,Guest Name,Group,Company,Property,Room,Order Ref.,Booking Ref,Booked On,Check-In,Check-Out,Channel,OTA Reference,Type,Payment Method,Card Type,Last 4 Digits,Virtual Card,Description,User,Updated,Sent to gateway,Confirmed by gateway,Gateway Reference,Settled Amount,Settled Date,Card,Cash / Bank,Vouchers,Total Paid,OTA,eviivo,Total,12/09/2026 04:59,51185229,Jeni Herbert,,,Crofton House Hotel,Room 2 Crofton,XTP-515-762,840-022-504,,Pre-arrival,12/09/2026 04:59,09-Sep-2027,10-Sep-2027,Booking.com,6740483792,Payment,Pre-Paid via OTA,,,,Prepaid via Booking.com,system@eviivo.com,12-Sep-26 04:59:20.979,,12-Sep-26 04:59:20.440,,,,,,,£ 0.00,£ 143.84,,,£ 143.84,Total Paid,,£ 205.00,,£ 79.77,£ 284.77,"£ 26,634.33",,,"£ 26,919.10"
Payments,Balance Transfers - to be paid by:,Payment Date,Payment ID,Guest Name,Group,Company,Property,Room,Order Ref.,Booking Ref,Booked On,Check-In,Check-Out,Channel,OTA Reference,Type,Payment Method,Card Type,Last 4 Digits,Virtual Card,Description,User,Updated,Sent to gateway,Confirmed by gateway,Gateway Reference,Settled Amount,Settled Date,Card,Cash / Bank,Vouchers,Total Paid,OTA,eviivo,Total,12/09/2026 05:07,51185302,Jeni Herbert,,,Crofton House Hotel,Room 7 Crofotn,WUK-822-756,824-811-564,,Pre-arrival,12/09/2026 05:07,02-Sep-2027,03-Sep-2027,Booking.com,6224226755,Payment,Pre-Paid via OTA,,,,Prepaid via Booking.com,system@eviivo.com,12-Sep-26 05:07:06.463,,12-Sep-26 05:07:06.140,,,,,,,£ 0.00,£ 42.84,,,£ 42.84,Total Paid,,£ 205.00,,£ 79.77,£ 284.77,"£ 26,634.33",,,"£ 26,919.10"
Payments,Balance Transfers - to be paid by:,Payment Date,Payment ID,Guest Name,Group,Company,Property,Room,Order Ref.,Booking Ref,Booked On,Check-In,Check-Out,Channel,OTA Reference,Type,Payment Method,Card Type,Last 4 Digits,Virtual Card,Description,User,Updated,Sent to gateway,Confirmed by gateway,Gateway Reference,Settled Amount,Settled Date,Card,Cash / Bank,Vouchers,Total Paid,OTA,eviivo,Total,13/09/2026 16:29,51211829,Greta Semperboni,,,Amsterdam Hotel,Room 13 2ND Floor,GMQ-458-731,452-124-634,,Pre-arrival,13/09/2026 16:29,31-Dec-2027,03-Jan-2028,Booking.com,5505372370,Payment,Pre-Paid via OTA,,,,Prepaid via Booking.com,system@eviivo.com,13-Sep-26 16:29:31.997,,13-Sep-26 16:29:31.643,,,,,,,£ 0.00,£ 252.45,,,£ 252.45,Total Paid,,£ 205.00,,£ 79.77,£ 284.77,"£ 26,634.33",,,"£ 26,919.10"
Payments,Balance Transfers - to be paid by:,Payment Date,Payment ID,Guest Name,Group,Company,Property,Room,Order Ref.,Booking Ref,Booked On,Check-In,Check-Out,Channel,OTA Reference,Type,Payment Method,Card Type,Last 4 Digits,Virtual Card,Description,User,Updated,Sent to gateway,Confirmed by gateway,Gateway Reference,Settled Amount,Settled Date,Card,Cash / Bank,Vouchers,Total Paid,OTA,eviivo,Total,13/09/2026 23:21,51217825,Jenny Baker,,,Crofton House Hotel,Meadow Suite,FRZ-177-075,402-345-411,,Pre-arrival,13/09/2026 23:21,25-Sep-2027,27-Sep-2027,Booking.com,6194916004,Payment,Pre-Paid via OTA,,,,Prepaid via Booking.com,system@eviivo.com,13-Sep-26 23:21:16.825,,13-Sep-26 23:21:16.453,,,,,,,£ 0.00,£ 137.71,,,£ 137.71,Total Paid,,£ 205.00,,£ 79.77,£ 284.77,"£ 26,634.33",,,"£ 26,919.10"
Payments,Balance Transfers - to be paid by:,Payment Date,Payment ID,Guest Name,Group,Company,Property,Room,Order Ref.,Booking Ref,Booked On,Check-In,Check-Out,Channel,OTA Reference,Type,Payment Method,Card Type,Last 4 Digits,Virtual Card,Description,User,Updated,Sent to gateway,Confirmed by gateway,Gateway Reference,Settled Amount,Settled Date,Card,Cash / Bank,Vouchers,Total Paid,OTA,eviivo,Total,14/09/2026 10:08,51223113,Laura Juiz Duarte,,,Portobello Road Artistic Studios,Flat 7 Triple-split level - 1st F,JFX-296-853,623-945-462,,Pre-arrival,14/09/2026 10:08,08-Oct-2027,12-Oct-2027,Booking.com,5790305561,Payment,Pre-Paid via OTA,,,,Prepaid via Booking.com,system@eviivo.com,14-Sep-26 10:08:28.013,,14-Sep-26 10:08:27.703,,,,,,,£ 0.00,£ 431.00,,,£ 431.00,Total Paid,,£ 205.00,,£ 79.77,£ 284.77,"£ 26,634.33",,,"£ 26,919.10"
Payments,Balance Transfers - to be paid by:,Payment Date,Payment ID,Guest Name,Group,Company,Property,Room,Order Ref.,Booking Ref,Booked On,Check-In,Check-Out,Channel,OTA Reference,Type,Payment Method,Card Type,Last 4 Digits,Virtual Card,Description,User,Updated,Sent to gateway,Confirmed by gateway,Gateway Reference,Settled Amount,Settled Date,Card,Cash / Bank,Vouchers,Total Paid,OTA,eviivo,Total,14/09/2026 10:32,51223647,Laura Juiz Duarte,,,Amsterdam Hotel,Room 17 3RD Floor ,VCR-533-541,193-628-062,,Pre-arrival,14/09/2026 10:32,08-Oct-2027,12-Oct-2027,Booking.com,6533449066,Payment,Pre-Paid via OTA,,,,Prepaid via Booking.com,system@eviivo.com,14-Sep-26 10:32:28.628,,14-Sep-26 10:32:28.443,,,,,,,£ 0.00,£ 472.60,,,£ 472.60,Total Paid,,£ 205.00,,£ 79.77,£ 284.77,"£ 26,634.33",,,"£ 26,919.10"
Payments,Balance Transfers - to be paid by:,Payment Date,Payment ID,Guest Name,Group,Company,Property,Room,Order Ref.,Booking Ref,Booked On,Check-In,Check-Out,Channel,OTA Reference,Type,Payment Method,Card Type,Last 4 Digits,Virtual Card,Description,User,Updated,Sent to gateway,Confirmed by gateway,Gateway Reference,Settled Amount,Settled Date,Card,Cash / Bank,Vouchers,Total Paid,OTA,eviivo,Total,14/09/2026 10:37,51223760,Laura Juiz Duarte,,,La Casa Studios Near Hyde Park,Studio 15,BVQ-404-705,981-194-204,,Pre-arrival,14/09/2026 10:37,08-Oct-2027,12-Oct-2027,Booking.com,6194904317,Payment,Pre-Paid via OTA,,,,Prepaid via Booking.com,system@eviivo.com,14-Sep-26 10:37:58.991,,14-Sep-26 10:37:58.230,,,,,,,£ 0.00,£ 477.00,,,£ 477.00,Total Paid,,£ 205.00,,£ 79.77,£ 284.77,"£ 26,634.33",,,"£ 26,919.10"
Payments,Balance Transfers - to be paid by:,Payment Date,Payment ID,Guest Name,Group,Company,Property,Room,Order Ref.,Booking Ref,Booked On,Check-In,Check-Out,Channel,OTA Reference,Type,Payment Method,Card Type,Last 4 Digits,Virtual Card,Description,User,Updated,Sent to gateway,Confirmed by gateway,Gateway Reference,Settled Amount,Settled Date,Card,Cash / Bank,Vouchers,Total Paid,OTA,eviivo,Total,14/09/2026 13:59,51227799,Inge Van Rompaey,,,Modern Studios Close To Hyde Park,Flat 26 3rd,RKV-640-485,951-366-141,,Pre-arrival,14/09/2026 13:59,02-Sep-2027,07-Sep-2027,Booking.com,5296984581,Payment,Pre-Paid via OTA,,,,Prepaid via Booking.com,system@eviivo.com,14-Sep-26 13:59:37.210,,14-Sep-26 13:59:36.993,,,,,,,£ 0.00,£ 477.00,,,£ 477.00,Total Paid,,£ 205.00,,£ 79.77,£ 284.77,"£ 26,634.33",,,"£ 26,919.10"
Payments,Balance Transfers - to be paid by:,Payment Date,Payment ID,Guest Name,Group,Company,Property,Room,Order Ref.,Booking Ref,Booked On,Check-In,Check-Out,Channel,OTA Reference,Type,Payment Method,Card Type,Last 4 Digits,Virtual Card,Description,User,Updated,Sent to gateway,Confirmed by gateway,Gateway Reference,Settled Amount,Settled Date,Card,Cash / Bank,Vouchers,Total Paid,OTA,eviivo,Total,14/09/2026 16:25,51231203,Davide Mazzucco,,,Cozy Flats Near Olympia and Westfield,Flat 13 HR,FTX-375-488,966-935-802,,Pre-arrival,14/09/2026 16:25,17-Sep-2027,20-Sep-2027,Booking.com,5362613245,Payment,Pre-Paid via OTA,,,,Prepaid via Booking.com,system@eviivo.com,14-Sep-26 16:25:40.936,,14-Sep-26 16:25:40.676,,,,,,,£ 0.00,£ 295.95,,,£ 295.95,Total Paid,,£ 205.00,,£ 79.77,£ 284.77,"£ 26,634.33",,,"£ 26,919.10"
Payments,Balance Transfers - to be paid by:,Payment Date,Payment ID,Guest Name,Group,Company,Property,Room,Order Ref.,Booking Ref,Booked On,Check-In,Check-Out,Channel,OTA Reference,Type,Payment Method,Card Type,Last 4 Digits,Virtual Card,Description,User,Updated,Sent to gateway,Confirmed by gateway,Gateway Reference,Settled Amount,Settled Date,Card,Cash / Bank,Vouchers,Total Paid,OTA,eviivo,Total,14/09/2026 17:01,51232012,david hunter,,,Amsterdam Hotel,Room 2 GF,LIQ-254-532,303-324-601,,Pre-arrival,14/09/2026 17:01,11-Sep-2027,13-Sep-2027,Booking.com,6968823202,Payment,Pre-Paid via OTA,,,,Prepaid via Booking.com,system@eviivo.com,14-Sep-26 17:01:40.931,,14-Sep-26 17:01:40.160,,,,,,,£ 0.00,£ 185.40,,,£ 185.40,Total Paid,,£ 205.00,,£ 79.77,£ 284.77,"£ 26,634.33",,,"£ 26,919.10"
Payments,Balance Transfers - to be paid by:,Payment Date,Payment ID,Guest Name,Group,Company,Property,Room,Order Ref.,Booking Ref,Booked On,Check-In,Check-Out,Channel,OTA Reference,Type,Payment Method,Card Type,Last 4 Digits,Virtual Card,Description,User,Updated,Sent to gateway,Confirmed by gateway,Gateway Reference,Settled Amount,Settled Date,Card,Cash / Bank,Vouchers,Total Paid,OTA,eviivo,Total,14/09/2026 17:41,51232881,Helena Weigang,,,Solshi Studios Near Westfield and Olympia,Flat 1 Basement,FBO-700-798,523-400-202,,Pre-arrival,14/09/2026 17:41,01-Sep-2027,05-Sep-2027,Booking.com,5147709143,Payment,Pre-Paid via OTA,,,,Prepaid via Booking.com,system@eviivo.com,14-Sep-26 17:41:38.020,,14-Sep-26 17:41:37.660,,,,,,,£ 0.00,£ 296.80,,,£ 296.80,Total Paid,,£ 205.00,,£ 79.77,£ 284.77,"£ 26,634.33",,,"£ 26,919.10"
Payments,Balance Transfers - to be paid by:,Payment Date,Payment ID,Guest Name,Group,Company,Property,Room,Order Ref.,Booking Ref,Booked On,Check-In,Check-Out,Channel,OTA Reference,Type,Payment Method,Card Type,Last 4 Digits,Virtual Card,Description,User,Updated,Sent to gateway,Confirmed by gateway,Gateway Reference,Settled Amount,Settled Date,Card,Cash / Bank,Vouchers,Total Paid,OTA,eviivo,Total,14/09/2026 18:12,51233507,louise holland-upton,,,Amsterdam Hotel,Room 13 2ND Floor,ADI-943-457,425-464-962,,Pre-arrival,14/09/2026 18:12,18-Sep-2027,19-Sep-2027,Booking.com,5296953701,Payment,Pre-Paid via OTA,,,,Prepaid via Booking.com,system@eviivo.com,14-Sep-26 18:12:06.496,,14-Sep-26 18:12:06.153,,,,,,,£ 0.00,£ 84.15,,,£ 84.15,Total Paid,,£ 205.00,,£ 79.77,£ 284.77,"£ 26,634.33",,,"£ 26,919.10"
Payments,Balance Transfers - to be paid by:,Payment Date,Payment ID,Guest Name,Group,Company,Property,Room,Order Ref.,Booking Ref,Booked On,Check-In,Check-Out,Channel,OTA Reference,Type,Payment Method,Card Type,Last 4 Digits,Virtual Card,Description,User,Updated,Sent to gateway,Confirmed by gateway,Gateway Reference,Settled Amount,Settled Date,Card,Cash / Bank,Vouchers,Total Paid,OTA,eviivo,Total,14/09/2026 20:13,51235701,Francesca Carnevali,,,La Casa Studios Near Hyde Park,Studio 15,UIS-382-544,699-686-194,,Pre-arrival,14/09/2026 20:12,17-Sep-2027,20-Sep-2027,Booking.com,5264040539,Payment,Pre-Paid via OTA,,,,Prepaid via Booking.com,system@eviivo.com,14-Sep-26 20:13:01.495,,14-Sep-26 20:13:01.140,,,,,,,£ 0.00,£ 350.90,,,£ 350.90,Total Paid,,£ 205.00,,£ 79.77,£ 284.77,"£ 26,634.33",,,"£ 26,919.10"
Payments,Balance Transfers - to be paid by:,Payment Date,Payment ID,Guest Name,Group,Company,Property,Room,Order Ref.,Booking Ref,Booked On,Check-In,Check-Out,Channel,OTA Reference,Type,Payment Method,Card Type,Last 4 Digits,Virtual Card,Description,User,Updated,Sent to gateway,Confirmed by gateway,Gateway Reference,Settled Amount,Settled Date,Card,Cash / Bank,Vouchers,Total Paid,OTA,eviivo,Total,14/09/2026 20:15,51235753,Lucia Zanatta,,,La Casa Studios Near Hyde Park,Studio 15,BKK-925-273,198-234-801,,Pre-arrival,14/09/2026 20:15,26-Dec-2027,30-Dec-2027,Booking.com,5147707362,Payment,Pre-Paid via OTA,,,,Prepaid via Booking.com,system@eviivo.com,14-Sep-26 20:15:21.147,,14-Sep-26 20:15:20.610,,,,,,,£ 0.00,£ 456.20,,,£ 456.20,Total Paid,,£ 205.00,,£ 79.77,£ 284.77,"£ 26,634.33",,,"£ 26,919.10"
Payments,Balance Transfers - to be paid by:,Payment Date,Payment ID,Guest Name,Group,Company,Property,Room,Order Ref.,Booking Ref,Booked On,Check-In,Check-Out,Channel,OTA Reference,Type,Payment Method,Card Type,Last 4 Digits,Virtual Card,Description,User,Updated,Sent to gateway,Confirmed by gateway,Gateway Reference,Settled Amount,Settled Date,Card,Cash / Bank,Vouchers,Total Paid,OTA,eviivo,Total,14/09/2026 21:10,51236672,David Tejeda Cano,,,La Casa Studios Near Hyde Park,Studio 14,GOT-353-040,945-843-621,,Pre-arrival,14/09/2026 21:10,17-Sep-2027,19-Sep-2027,Booking.com,6168229206,Payment,Pre-Paid via OTA,,,,Prepaid via Booking.com,system@eviivo.com,14-Sep-26 21:10:44.826,,14-Sep-26 21:10:44.436,,,,,,,£ 0.00,£ 186.48,,,£ 186.48,Total Paid,,£ 205.00,,£ 79.77,£ 284.77,"£ 26,634.33",,,"£ 26,919.10"
Payments,Balance Transfers - to be paid by:,Payment Date,Payment ID,Guest Name,Group,Company,Property,Room,Order Ref.,Booking Ref,Booked On,Check-In,Check-Out,Channel,OTA Reference,Type,Payment Method,Card Type,Last 4 Digits,Virtual Card,Description,User,Updated,Sent to gateway,Confirmed by gateway,Gateway Reference,Settled Amount,Settled Date,Card,Cash / Bank,Vouchers,Total Paid,OTA,eviivo,Total,14/09/2026 21:17,51236780,David Tejeda Cano,,,La Casa Studios Near Hyde Park,Studio 5,BQA-489-163,550-055-834,,Pre-arrival,14/09/2026 21:17,10-Sep-2027,12-Sep-2027,Booking.com,6236424989,Payment,Pre-Paid via OTA,,,,Prepaid via Booking.com,system@eviivo.com,14-Sep-26 21:17:30.338,,14-Sep-26 21:17:29.893,,,,,,,£ 0.00,£ 233.90,,,£ 233.90,Total Paid,,£ 205.00,,£ 79.77,£ 284.77,"£ 26,634.33",,,"£ 26,919.10"
Payments,Balance Transfers - to be paid by:,Payment Date,Payment ID,Guest Name,Group,Company,Property,Room,Order Ref.,Booking Ref,Booked On,Check-In,Check-Out,Channel,OTA Reference,Type,Payment Method,Card Type,Last 4 Digits,Virtual Card,Description,User,Updated,Sent to gateway,Confirmed by gateway,Gateway Reference,Settled Amount,Settled Date,Card,Cash / Bank,Vouchers,Total Paid,OTA,eviivo,Total,14/09/2026 21:22,51236861,Nick Stevens,,,La Casa Studios Near Hyde Park,Studio 26,ZXP-465-980,934-164-391,,Pre-arrival,14/09/2026 21:22,10-Sep-2027,13-Sep-2027,Booking.com,5576201059,Payment,Pre-Paid via OTA,,,,Prepaid via Booking.com,system@eviivo.com,14-Sep-26 21:22:38.484,,14-Sep-26 21:22:38.200,,,,,,,£ 0.00,£ 433.57,,,£ 433.57,Total Paid,,£ 205.00,,£ 79.77,£ 284.77,"£ 26,634.33",,,"£ 26,919.10"
Payments,Balance Transfers - to be paid by:,Payment Date,Payment ID,Guest Name,Group,Company,Property,Room,Order Ref.,Booking Ref,Booked On,Check-In,Check-Out,Channel,OTA Reference,Type,Payment Method,Card Type,Last 4 Digits,Virtual Card,Description,User,Updated,Sent to gateway,Confirmed by gateway,Gateway Reference,Settled Amount,Settled Date,Card,Cash / Bank,Vouchers,Total Paid,OTA,eviivo,Total,15/09/2026 00:59,51238660,Barb Moore,,,La Casa Studios Near Hyde Park,Studio 14,DYC-443-017,836-015-854,,Pre-arrival,15/09/2026 00:59,27-Oct-2027,28-Oct-2027,Airbnb,HMF9MHH3H9,Payment,Pre-Paid via OTA,,,,Extras prepaid via Airbnb,system@eviivo.com,15-Sep-26 00:59:58.442,,15-Sep-26 00:59:58.003,,,,,,,£ 0.00,£ 134.00,,,£ 134.00,Total Paid,,£ 205.00,,£ 79.77,£ 284.77,"£ 26,634.33",,,"£ 26,919.10"
Payments,Balance Transfers - to be paid by:,Payment Date,Payment ID,Guest Name,Group,Company,Property,Room,Order Ref.,Booking Ref,Booked On,Check-In,Check-Out,Channel,OTA Reference,Type,Payment Method,Card Type,Last 4 Digits,Virtual Card,Description,User,Updated,Sent to gateway,Confirmed by gateway,Gateway Reference,Settled Amount,Settled Date,Card,Cash / Bank,Vouchers,Total Paid,OTA,eviivo,Total,15/09/2026 11:10,51244374,Gary French,,,Crofton House Hotel,Room 8 Crofotn,DRJ-100-207,350-662-941,,Pre-arrival,15/09/2026 11:10,02-Sep-2027,05-Sep-2027,Booking.com,6604505733,Payment,Pre-Paid via OTA,,,,Prepaid via Booking.com,system@eviivo.com,15-Sep-26 11:10:20.349,,15-Sep-26 11:10:20.153,,,,,,,£ 0.00,£ 175.28,,,£ 175.28,Total Paid,,£ 205.00,,£ 79.77,£ 284.77,"£ 26,634.33",,,"£ 26,919.10"
Payments,Balance Transfers - to be paid by:,Payment Date,Payment ID,Guest Name,Group,Company,Property,Room,Order Ref.,Booking Ref,Booked On,Check-In,Check-Out,Channel,OTA Reference,Type,Payment Method,Card Type,Last 4 Digits,Virtual Card,Description,User,Updated,Sent to gateway,Confirmed by gateway,Gateway Reference,Settled Amount,Settled Date,Card,Cash / Bank,Vouchers,Total Paid,OTA,eviivo,Total,15/09/2026 12:47,51246099,RIADH LARBY,,,Cozy Flats Near Olympia and Westfield,Flat 14 HR,JHY-784-452,352-641-632,,Pre-arrival,15/09/2026 12:47,20-Dec-2027,27-Dec-2027,Booking.com,5261287972,Payment,Pre-Paid via OTA,,,,Prepaid via Booking.com,system@eviivo.com,15-Sep-26 12:47:10.965,,15-Sep-26 12:47:10.806,,,,,,,£ 0.00,£ 598.55,,,£ 598.55,Total Paid,,£ 205.00,,£ 79.77,£ 284.77,"£ 26,634.33",,,"£ 26,919.10"
Payments,Balance Transfers - to be paid by:,Payment Date,Payment ID,Guest Name,Group,Company,Property,Room,Order Ref.,Booking Ref,Booked On,Check-In,Check-Out,Channel,OTA Reference,Type,Payment Method,Card Type,Last 4 Digits,Virtual Card,Description,User,Updated,Sent to gateway,Confirmed by gateway,Gateway Reference,Settled Amount,Settled Date,Card,Cash / Bank,Vouchers,Total Paid,OTA,eviivo,Total,15/09/2026 14:00,51247338,Gemma’s iCal,,,Avalon Guest house,No. 13 - Room 3,EOI-340-200,691-664-111,,Pre-arrival,03/09/2026 06:20,04-Sep-2027,05-Sep-2027,,1418fb94e984-59b60d31b4cf73a27e8a5d38188a41cd@airbnb.com,Payment,Voucher,,,,,tamer.elhashmi@crownbs.com,15-Sep-26 14:00:29.181,,15-Sep-26 14:00:29.010,,,,,,£ 79.77,£ 79.77,,,,£ 79.77,Total Paid,,£ 205.00,,£ 79.77,£ 284.77,"£ 26,634.33",,,"£ 26,919.10"
Payments,Balance Transfers - to be paid by:,Payment Date,Payment ID,Guest Name,Group,Company,Property,Room,Order Ref.,Booking Ref,Booked On,Check-In,Check-Out,Channel,OTA Reference,Type,Payment Method,Card Type,Last 4 Digits,Virtual Card,Description,User,Updated,Sent to gateway,Confirmed by gateway,Gateway Reference,Settled Amount,Settled Date,Card,Cash / Bank,Vouchers,Total Paid,OTA,eviivo,Total,15/09/2026 22:03,51256087,Font Nazaret,,,La Casa Studios Near Hyde Park,Studio 14,YZG-018-881,400-863-531,,Pre-arrival,15/09/2026 22:03,08-Oct-2027,12-Oct-2027,Booking.com,6229110373,Payment,Pre-Paid via OTA,,,,Prepaid via Booking.com,system@eviivo.com,15-Sep-26 22:03:57.585,,15-Sep-26 22:03:57.340,,,,,,,£ 0.00,£ 355.76,,,£ 355.76,Total Paid,,£ 205.00,,£ 79.77,£ 284.77,"£ 26,634.33",,,"£ 26,919.10"
Payments,Balance Transfers - to be paid by:,Payment Date,Payment ID,Guest Name,Group,Company,Property,Room,Order Ref.,Booking Ref,Booked On,Check-In,Check-Out,Channel,OTA Reference,Type,Payment Method,Card Type,Last 4 Digits,Virtual Card,Description,User,Updated,Sent to gateway,Confirmed by gateway,Gateway Reference,Settled Amount,Settled Date,Card,Cash / Bank,Vouchers,Total Paid,OTA,eviivo,Total,15/09/2026 23:42,51256850,jenna Fletcher,,,Amsterdam Hotel,Room 2 GF,GEW-747-256,219-458-484,,Pre-arrival,15/09/2026 23:42,03-Sep-2027,05-Sep-2027,Booking.com,6387976127,Payment,Pre-Paid via OTA,,,,Prepaid via Booking.com,system@eviivo.com,15-Sep-26 23:42:43.807,,15-Sep-26 23:42:43.596,,,,,,,£ 0.00,£ 195.50,,,£ 195.50,Total Paid,,£ 205.00,,£ 79.77,£ 284.77,"£ 26,634.33",,,"£ 26,919.10"
Payments,Balance Transfers - to be paid by:,Payment Date,Payment ID,Guest Name,Group,Company,Property,Room,Order Ref.,Booking Ref,Booked On,Check-In,Check-Out,Channel,OTA Reference,Type,Payment Method,Card Type,Last 4 Digits,Virtual Card,Description,User,Updated,Sent to gateway,Confirmed by gateway,Gateway Reference,Settled Amount,Settled Date,Card,Cash / Bank,Vouchers,Total Paid,OTA,eviivo,Total,16/09/2026 08:29,51260209,Felix Preiß,,,Solshi Studios Near Westfield and Olympia,Flat 6 Ground,WWU-518-838,598-055-692,,Pre-arrival,16/09/2026 08:29,25-Dec-2027,30-Dec-2027,Booking.com,6285737064,Payment,Pre-Paid via OTA,,,,Prepaid via Booking.com,system@eviivo.com,16-Sep-26 08:29:48.823,,16-Sep-26 08:29:48.590,,,,,,,£ 0.00,£ 523.75,,,£ 523.75,Total Paid,,£ 205.00,,£ 79.77,£ 284.77,"£ 26,634.33",,,"£ 26,919.10"
Payments,Balance Transfers - to be paid by:,Payment Date,Payment ID,Guest Name,Group,Company,Property,Room,Order Ref.,Booking Ref,Booked On,Check-In,Check-Out,Channel,OTA Reference,Type,Payment Method,Card Type,Last 4 Digits,Virtual Card,Description,User,Updated,Sent to gateway,Confirmed by gateway,Gateway Reference,Settled Amount,Settled Date,Card,Cash / Bank,Vouchers,Total Paid,OTA,eviivo,Total,16/09/2026 10:17,51262348,Tina Baber,,,Number 19 Brighton,Room 11,QSL-028-264,484-298-864,,Pre-arrival,16/09/2026 10:17,17-Oct-2027,18-Oct-2027,Booking.com,6229178621,Payment,Pre-Paid via OTA,,,,Prepaid via Booking.com,system@eviivo.com,16-Sep-26 10:17:17.064,,16-Sep-26 10:17:16.703,,,,,,,£ 0.00,£ 81.00,,,£ 81.00,Total Paid,,£ 205.00,,£ 79.77,£ 284.77,"£ 26,634.33",,,"£ 26,919.10"
Payments,Balance Transfers - to be paid by:,Payment Date,Payment ID,Guest Name,Group,Company,Property,Room,Order Ref.,Booking Ref,Booked On,Check-In,Check-Out,Channel,OTA Reference,Type,Payment Method,Card Type,Last 4 Digits,Virtual Card,Description,User,Updated,Sent to gateway,Confirmed by gateway,Gateway Reference,Settled Amount,Settled Date,Card,Cash / Bank,Vouchers,Total Paid,OTA,eviivo,Total,,51271678,Cheryl  Fergison,,,The Carlton Hotel,Room 129,JOR-802-526,318-682-804,,On Account,14/09/2026 21:54,04-Sep-2027,05-Sep-2027,,,(see above/below),(see above/below),,,,,Belal.m94@outlook.com,,,,,,,,,,£ 0.00,,,,,Total Paid,,£ 205.00,,£ 79.77,£ 284.77,"£ 26,634.33",,,"£ 26,919.10"
Payments,Balance Transfers - to be paid by:,Payment Date,Payment ID,Guest Name,Group,Company,Property,Room,Order Ref.,Booking Ref,Booked On,Check-In,Check-Out,Channel,OTA Reference,Type,Payment Method,Card Type,Last 4 Digits,Virtual Card,Description,User,Updated,Sent to gateway,Confirmed by gateway,Gateway Reference,Settled Amount,Settled Date,Card,Cash / Bank,Vouchers,Total Paid,OTA,eviivo,Total,16/09/2026 18:29,51271678,Megan Khan,,,The Carlton Hotel,Room 133,JOR-802-526,355-286-391,,Pre-arrival,14/09/2026 21:54,03-Sep-2027,05-Sep-2027,,,Payment,External Card Reader,Visa Debit,1736,,,Belal.m94@outlook.com,16-Sep-26 18:29:33.225,,16-Sep-26 18:29:33.070,,,,£ 205.00,,,£ 205.00,,,,£ 205.00,Total Paid,,£ 205.00,,£ 79.77,£ 284.77,"£ 26,634.33",,,"£ 26,919.10"
Payments,Balance Transfers - to be paid by:,Payment Date,Payment ID,Guest Name,Group,Company,Property,Room,Order Ref.,Booking Ref,Booked On,Check-In,Check-Out,Channel,OTA Reference,Type,Payment Method,Card Type,Last 4 Digits,Virtual Card,Description,User,Updated,Sent to gateway,Confirmed by gateway,Gateway Reference,Settled Amount,Settled Date,Card,Cash / Bank,Vouchers,Total Paid,OTA,eviivo,Total,,51272829,Janette Peck,,,London Gatwick Inn,101,CXY-344-298,610-200-002,,On Account,16/09/2026 19:44,20-Oct-2027,21-Oct-2027,Booking.com,6612397438,(see above/below),(see above/below),,,,,system@eviivo.com,,,,,,,,,,£ 0.00,,,,,Total Paid,,£ 205.00,,£ 79.77,£ 284.77,"£ 26,634.33",,,"£ 26,919.10"
Payments,Balance Transfers - to be paid by:,Payment Date,Payment ID,Guest Name,Group,Company,Property,Room,Order Ref.,Booking Ref,Booked On,Check-In,Check-Out,Channel,OTA Reference,Type,Payment Method,Card Type,Last 4 Digits,Virtual Card,Description,User,Updated,Sent to gateway,Confirmed by gateway,Gateway Reference,Settled Amount,Settled Date,Card,Cash / Bank,Vouchers,Total Paid,OTA,eviivo,Total,16/09/2026 19:44,51272829,Janette Peck,,,London Gatwick Inn,201,CXY-344-298,983-060-081,,Pre-arrival,16/09/2026 19:44,20-Oct-2027,21-Oct-2027,Booking.com,6612397438,Payment,Pre-Paid via OTA,,,,Prepaid via Booking.com,system@eviivo.com,16-Sep-26 19:44:15.362,,16-Sep-26 19:44:15.120,,,,,,,£ 0.00,£ 117.00,,,£ 117.00,Total Paid,,£ 205.00,,£ 79.77,£ 284.77,"£ 26,634.33",,,"£ 26,919.10"
Payments,Balance Transfers - to be paid by:,Payment Date,Payment ID,Guest Name,Group,Company,Property,Room,Order Ref.,Booking Ref,Booked On,Check-In,Check-Out,Channel,OTA Reference,Type,Payment Method,Card Type,Last 4 Digits,Virtual Card,Description,User,Updated,Sent to gateway,Confirmed by gateway,Gateway Reference,Settled Amount,Settled Date,Card,Cash / Bank,Vouchers,Total Paid,OTA,eviivo,Total,16/09/2026 23:20,51275805,Brimble Marie,,,Crofton House Hotel,Room 12,CTM-246-324,045-533-291,,Pre-arrival,16/09/2026 23:20,06-Sep-2027,10-Sep-2027,Booking.com,5217012073,Payment,Pre-Paid via OTA,,,,Prepaid via Booking.com,system@eviivo.com,16-Sep-26 23:33:26.987,,16-Sep-26 23:20:33.106,,,,,,,£ 0.00,£ 230.04,,,£ 230.04,Total Paid,,£ 205.00,,£ 79.77,£ 284.77,"£ 26,634.33",,,"£ 26,919.10"

