sep=,
Property,Booking Date,Booking Reference,Order Reference,OTA Reference,Group,Guest First Name,Guest Last Name,Check In,Check Out,Nights,Room/Unit Type,Rate Plan,Room/Unit Name,Beds,Adults,Children,Currency,Total Revenue,Paid Amount,Room/Unit Revenue,Other Revenue,Method,Source,Channel,Payment Method,Booking Status,Arrival,Guest Email,Guest Phone 1,Guest Phone 2,Booking Notes,Extras Booked Online,Promo Name,Promo Code,Promo Discount,Booking Date and Time,CompanyName,MemberId,Tag
Hotel Orlando by PLI,2026-07-14T14:26:35,013-389-552,CMT-300-142,1418fb94e984-9243b0b1ec5edb67d4da6653bfe230f4@airbnb.com,,Heather’s,iCal,"2026-09-11","2026-09-12",1,Studio-Basic-Ensuite,Base Rate,Flat 24  ( GF Sino ),,1,0,GBP,83.90,83.90,63.90,20.00,iCal,ical1,,Deposit (Variable),Confirmed,,,+447879281172,,"Reservation URL: https://www.airbnb.com/hosting/reservations/details/HMDNSPJP8X Heather’s group of 3 Sep 11 – 12 · 1 night Flat 24 GF Sino · Flat near Westfield & Hammersmith",,,,,"2026-07-14",,,,
Hotel Orlando by PLI,2025-07-24T19:59:41,059-033-884,MEO-664-998,5742568541,,Julian,Köhler,"2026-09-11","2026-09-17",6,Twin room-Standard-Private Bathroom,,S Room 24 GF,,2,0,GBP,0.00,0.00,0.00,0.00,Online,Booking.com,Booking.com,On Account,Canceled,,jkohle.937505@guest.booking.com,+49 1525 2972412,,"Non-Smoking  Promos: Mobile(MDot) Rate  There is no meal option with this room. Children and Extra Bed Policy: Children of any age are allowed. You haven't added any cots. You haven't added any extra beds. The maximum number of guests is 2.  Deposit Policy: The guest will be charged a prepayment of the total price of the reservation at any time.  Cancellation Policy: The guest can cancel free of charge until 7 days before arrival. The guest will be charged the total price of the reservation if they cancel in the 7 days before arrival.  payment_on_Booking.com (Payout type: BankTransfer)  ** THIS RESERVATION HAS BEEN PRE-PAID ** BOOKING NOTE : Payment charge is GBP 3.696 ",,,,,"2025-07-24",,,,
Hotel Orlando by PLI,2025-12-24T23:29:40,146-900-481,NZE-757-247,6158135458,,Mireia,Vidal,"2026-09-11","2026-09-13",2,Triple room-Standard-Ensuite,,S Room 23 GF,,3,0,GBP,0.00,355.35,0.00,0.00,Online,Booking.com,Booking.com,On Account,Canceled,,mvidal.936070@guest.booking.com,+34 616 05 24 27,,"Group: 5 x Adult, 0 x Child  Non-Smoking  Promos: Mobile(MDot) Rate  There is no meal option with this room. Children and Extra Bed Policy: Children of any age are allowed. You haven't added any cots. You haven't added any extra beds. The maximum number of guests is 2.  Deposit Policy: The guest will be charged a prepayment of the total price of the reservation at any time.  Cancellation Policy: The guest can cancel free of charge until 7 days before arrival. The guest will be charged the total price of the reservation if they cancel in the 7 days before arrival.  payment_on_Booking.com (Payout type: BankTransfer)  ** THIS RESERVATION HAS BEEN PRE-PAID ** BOOKING NOTE : Payment charge is GBP 5.6856  Genius Booker ",,,,,"2025-12-24",,,,
Hotel Orlando by PLI,2026-02-23T17:45:38,165-440-382,LDK-848-972,6332060635,,Sara,Mititelu,"2026-09-11","2026-09-13",2,Quad room-Standard-Private Bathroom,Non Refundable,Room 9 1st Floor,,4,0,GBP,193.40,193.40,173.40,20.00,Online,Booking.com,Booking.com,On Account,Confirmed,,saramititelu@gmail.com,+393516981900,,"Non-Smoking  Promos: Mobile(App) Rate  There is no meal option with this room. Children and Extra Bed Policy: Children of any age are allowed. You haven't added any cots. You haven't added any extra beds. The maximum number of guests is 4.  Deposit Policy: The guest will be charged a prepayment of the total price of the reservation at any time.  Cancellation Policy: The guest will be charged the total price of the reservation if they cancel at any time.  payment_on_Booking.com (Payout type: BankTransfer)  ** THIS RESERVATION HAS BEEN PRE-PAID ** BOOKING NOTE : Payment charge is GBP 3.0944  Genius Booker ",,,,,"2026-02-23",,,,
Hotel Orlando by PLI,2025-12-24T23:29:40,223-912-542,NZE-757-247,6158135458,,Mireia,Vidal,"2026-09-11","2026-09-13",2,Double room-Ensuite,Non Refundable,S Room 25 Mid 1st F,,2,0,GBP,157.70,See 146-900-481,137.70,20.00,Online,Booking.com,Booking.com,On Account,Confirmed,,Mireia@mireiavidal.es,+34616052427,,"payment_on_Booking.com (Payout type: BankTransfer)  Non-Smoking  ** THIS RESERVATION HAS BEEN PRE-PAID ** BOOKING NOTE : Payment charge is GBP 2.5232  Genius Booker  Promos: Mobile(MDot) Rate  There is no meal option with this room. Children and Extra Bed Policy: Children of any age are allowed. You haven't added any cots. You haven't added any extra beds. The maximum number of guests is 2.  Deposit Policy: The guest will be charged a prepayment of the total price of the reservation at any time.  Cancellation Policy: The guest can cancel free of charge until 7 days before arrival. The guest will be charged the total price of the reservation if they cancel in the 7 days before arrival.",,,,,"2025-12-24",,,,
Hotel Orlando by PLI,2026-08-13T12:53:13,265-524-301,GFX-699-496,6603665507,,Mostafa,Chamlal,"2026-09-11","2026-09-18",7,Quad room-Standard-Ensuite,,S Room 31 2nd FF,,3,0,GBP,0.00,0.00,0.00,0.00,Online,Booking.com,Booking.com,On Account,Canceled,,mchaml.317765@guest.booking.com,+34 638 07 64 92,,"Non-Smoking  Promos: European Economic Area  There is no meal option with this room. Children and Extra Bed Policy: Children of any age are allowed. You haven't added any cots. You haven't added any extra beds. The maximum number of guests is 4.  Deposit Policy: The guest will be charged a prepayment of the total price of the reservation at any time.  Cancellation Policy: The guest can cancel free of charge until 7 days before arrival. The guest will be charged the total price of the reservation if they cancel in the 7 days before arrival. If the guest doesn’t show up, they will be charged the total price of the reservation.  payment_on_Booking.com (Payout type: BankTransfer)  ** THIS RESERVATION HAS BEEN PRE-PAID ** BOOKING NOTE : Payment charge is GBP 9.8096  Genius Booker ",,,,,"2026-08-13",,,,
Hotel Orlando by PLI,2026-05-17T17:03:20,295-842-924,OAM-617-523,5628791488,,lorraine,Thomas,"2026-09-11","2026-09-13",2,Double room-Ensuite,Base Rate,S Room 29 Mid 2nd F,,2,0,GBP,185.60,405.40,165.60,20.00,Online,Booking.com,Booking.com,On Account,Confirmed,,lorraine.salisbury@yahoo.co.uk,+447749060699,,"Group: 4 x Adult, 1 x Child  Non-Smoking  Promos: Domestic  There is no meal option with this room. Children and Extra Bed Policy: Children of any age are allowed. You haven't added any cots. You haven't added any extra beds. The maximum number of guests is 2.  Deposit Policy: The guest will be charged a prepayment of the total price of the reservation at any time.  Cancellation Policy: The guest can cancel free of charge until 2 days before arrival. The guest will be charged the total price of the reservation if they cancel in the 2 days before arrival.  payment_on_Booking.com (Payout type: BankTransfer)  ** THIS RESERVATION HAS BEEN PRE-PAID ** Approximate time of arrival: between 15:00 and 16:00 This guest would like the rooms in this booking to be close together if possible. BOOKING NOTE : Payment charge is GBP 6.4864  Genius Booker ",,,,,"2026-05-17",,,,
Hotel Orlando by PLI,2026-08-11T14:29:02,334-940-081,TCE-404-524,5207855760,,Hannah,McArdle,"2026-09-11","2026-09-13",2,Double room-Ensuite,,S Room 17 BF,,2,0,GBP,0.00,0.00,0.00,0.00,Online,Booking.com,Booking.com,On Account,Canceled,,hmcard.549928@guest.booking.com,+353 87 401 2183,,"Non-Smoking  Promos: European Economic Area  There is no meal option with this room. Children and Extra Bed Policy: Children of any age are allowed. You haven't added any cots. You haven't added any extra beds. The maximum number of guests is 2.  Deposit Policy: The guest will be charged a prepayment of the total price of the reservation at any time.  Cancellation Policy: The guest can cancel free of charge until 7 days before arrival. The guest will be charged the total price of the reservation if they cancel in the 7 days before arrival. If the guest doesn’t show up, they will be charged the total price of the reservation.  payment_on_Booking.com (Payout type: BankTransfer)  ** THIS RESERVATION HAS BEEN PRE-PAID ** Approximate time of arrival: between 12:00 and 13:00 BOOKING NOTE : Payment charge is GBP 2.9984  Genius Booker ",,,,,"2026-08-11",,,,
Hotel Orlando by PLI,2025-05-23T07:21:09,356-262-694,ENA-391-629,4585915428,,Vihren,Peev,"2026-09-11","2026-09-14",3,Twin room-Standard-Private Bathroom,,Room 12 3rd Floor,,1,0,GBP,0.00,0.00,0.00,0.00,Online,Booking.com,Booking.com,On Account,Canceled,,vihrenpeev@yahoo.com,+447417546616,,"Non-Smoking  There is no meal option with this room. Children and Extra Bed Policy: Children of any age are allowed. You haven't added any cots. You haven't added any extra beds. The maximum number of guests is 2.  Deposit Policy: The guest will be charged a prepayment of the total price of the reservation at any time.  Cancellation Policy: The guest can cancel free of charge until 7 days before arrival. The guest will be charged the total price of the reservation if they cancel in the 7 days before arrival.  payment_on_Booking.com (Payout type: BankTransfer)  ** THIS RESERVATION HAS BEEN PRE-PAID ** BOOKING NOTE : Payment charge is GBP 2.16  Genius Booker ",,,,,"2025-05-23",,,,
Hotel Orlando by PLI,2026-09-01T18:33:36,368-059-544,LEV-733-632,6509510577,,Antônio,Fernando Silva Neto,"2026-09-11","2026-09-14",3,Family room-Standard-Ensuite,Non Refundable,S Room 19 BF,,2,3,GBP,326.90,326.90,306.90,20.00,Online,Booking.com,Booking.com,On Account,Confirmed,,antonio.fernando88@gmail.com,+353894612076,,"Child Ages: 10, 14, 6  Non-Smoking  Promos: European Economic Area  There is no meal option with this room. Children and Extra Bed Policy: Children of any age are allowed. You haven't added any cots. You haven't added any extra beds. The maximum number of guests is 5.  Deposit Policy: The guest will be charged a prepayment of the total price of the reservation at any time.  Cancellation Policy: The guest can cancel free of charge until 7 days before arrival. The guest will be charged the total price of the reservation if they cancel in the 7 days before arrival. If the guest doesn’t show up, they will be charged the total price of the reservation.  payment_on_Booking.com (Payout type: BankTransfer)  ** THIS RESERVATION HAS BEEN PRE-PAID ** Approximate time of arrival: between 06:00 and 07:00 BOOKING NOTE : Payment charge is GBP 5.2304  Genius Booker ",,,,,"2026-09-01",,,,
Hotel Orlando by PLI,2026-09-02T16:26:44,445-565-064,VDX-072-408,2549228171,,Lena,Klingestam,"2026-09-11","2026-09-16",5,Triple room-Standard-Private Bathroom,Non Refundable,Room 8 1st Floor,,2,0,GBP,585.01,485.01,465.01,120.00,Online,Expedia,Expedia & Affiliate Network,On Account,Confirmed,"9:00 PM",klingestam1@yahoo.se,+46768497125,,"Expedia collects payment from traveler: Hotel invoices Expedia. ",,,,,"2026-09-02",,,,
Hotel Orlando by PLI,2026-08-18T13:37:24,466-612-012,SST-639-360,5626374893,,carmen,Macias Mora,"2026-09-11","2026-09-16",5,Triple room-Standard-Ensuite,Non Refundable,S Room 23 GF,,1,2,GBP,525.90,425.90,405.90,120.00,Online,Booking.com,Booking.com,On Account,Confirmed,,carmenmaciasmora@gmail.com,+34651133393,,"Child Ages: 13, 17  Non-Smoking  Promos: European Economic Area  There is no meal option with this room. Children and Extra Bed Policy: Children of any age are allowed. You haven't added any cots. You haven't added any extra beds. The maximum number of guests is 3.  Deposit Policy: The guest will be charged a prepayment of the total price of the reservation at any time.  Cancellation Policy: The guest can cancel free of charge until 7 days before arrival. The guest will be charged the total price of the reservation if they cancel in the 7 days before arrival. If the guest doesn’t show up, they will be charged the total price of the reservation.  payment_on_Booking.com (Payout type: BankTransfer)  ** THIS RESERVATION HAS BEEN PRE-PAID ** BOOKING NOTE : Payment charge is GBP 6.8144  Genius Booker ",,,,,"2026-08-18",,,,
Hotel Orlando by PLI,2026-09-02T20:13:38,530-963-834,ZCN-238-052,5451600975,,Fadela,Abir,"2026-09-11","2026-09-12",1,Family room-Standard-Ensuite,Non Refundable,Room 3 BF W/Microwave,,3,2,GBP,136.10,136.10,116.10,20.00,Online,Booking.com,Booking.com,On Account,Confirmed,,touaddifadela@gmail.com,+447789674646,,"Child Ages: 1, 3  Non-Smoking  Promos: Domestic  There is no meal option with this room. Children and Extra Bed Policy: Children of any age are allowed. You haven't added any cots. You haven't added any extra beds. The maximum number of guests is 5.  Deposit Policy: The guest will be charged a prepayment of the total price of the reservation at any time.  Cancellation Policy: The guest can cancel free of charge until 7 days before arrival. The guest will be charged the total price of the reservation if they cancel in the 7 days before arrival. If the guest doesn’t show up, they will be charged the total price of the reservation.  payment_on_Booking.com (Payout type: BankTransfer)  ** THIS RESERVATION HAS BEEN PRE-PAID ** If possible one cot. Thank you BOOKING NOTE : Payment charge is GBP 2.1776 ",,,,,"2026-09-02",,,100 Pounds Deposit Needed,
Hotel Orlando by PLI,2026-08-22T16:10:21,563-642-164,BYL-814-581,6198837202,,Itziar,Barbero González,"2026-09-11","2026-09-14",3,Family room-Standard-Ensuite,,S Room 19 BF,,5,0,GBP,0.00,0.00,0.00,0.00,Online,Booking.com,Booking.com,On Account,Canceled,,igonza.267821@guest.booking.com,+34 655 09 48 46,,"Non-Smoking  Promos: European Economic Area  There is no meal option with this room. Children and Extra Bed Policy: Children of any age are allowed. You haven't added any cots. You haven't added any extra beds. The maximum number of guests is 5.  Deposit Policy: The guest will be charged a prepayment of the total price of the reservation at any time.  Cancellation Policy: The guest can cancel free of charge until 7 days before arrival. The guest will be charged the total price of the reservation if they cancel in the 7 days before arrival. If the guest doesn’t show up, they will be charged the total price of the reservation.  payment_on_Booking.com (Payout type: BankTransfer)  ** THIS RESERVATION HAS BEEN PRE-PAID ** Hi. As we have seen the reviews, could you accomodate us in one of your newest room, please? We are going to be 5 people and we will need to use the refrigerador and coffe machine. BOOKING NOTE : Payment charge is GBP 5.1152  Genius Booker ",,,,,"2026-08-22",,,,
Hotel Orlando by PLI,2026-01-22T12:48:47,569-139-441,AJD-943-997,6312671908,,Emanuel,Buttigieg,"2026-09-11","2026-09-15",4,Triple room-Standard-Ensuite,,S Room 33 3rd F - W/Fridge,,2,1,GBP,0.00,0.00,0.00,0.00,Online,Booking.com,Booking.com,On Account,Canceled,,ebutti.635053@guest.booking.com,+356 99821443,,"Child Ages: 14  Non-Smoking  Promos: Mobile(App) Rate  There is no meal option with this room. Children and Extra Bed Policy: Children of any age are allowed. You haven't added any cots. You haven't added any extra beds. The maximum number of guests is 3.  Deposit Policy: The guest will be charged a prepayment of the total price of the reservation at any time.  Cancellation Policy: The guest can cancel free of charge until 7 days before arrival. The guest will be charged the total price of the reservation if they cancel in the 7 days before arrival.  payment_on_Booking.com (Payout type: BankTransfer)  ** THIS RESERVATION HAS BEEN PRE-PAID ** BOOKING NOTE : Payment charge is GBP 5.5016  Genius Booker ",,,,,"2026-01-22",,,,
Hotel Orlando by PLI,2026-09-10T21:31:32,639-813-552,BUV-195-006,5123112138,,King,Jennifer,"2026-09-11","2026-09-12",1,Double room-Standard-Private Bathroom,Non Refundable,Room 10 1st Floor,,2,0,GBP,197.40,97.40,77.40,120.00,Online,Booking.com,Booking.com,On Account,Confirmed,,jenimking1982@gmail.com,+447402263708,,"Non-Smoking  Promos: Domestic  There is no meal option with this room. Children and Extra Bed Policy: Children of any age are allowed. You haven't added any cots. You haven't added any extra beds. The maximum number of guests is 2.  Deposit Policy: The guest will be charged a prepayment of the total price of the reservation at any time.  Cancellation Policy: The guest will be charged the total price of the reservation if they cancel at any time.  payment_on_Booking.com (Payout type: BankTransfer)  ** THIS RESERVATION HAS BEEN PRE-PAID ** BOOKING NOTE : Payment charge is GBP 1.5584  Genius Booker ",,,,,"2026-09-10",,,100 Pounds Deposit Needed,
Hotel Orlando by PLI,2026-09-11T20:10:54,649-560-392,LRN-968-918,6548936842,,Madighi,Blessed,"2026-09-11","2026-09-12",1,Double room-Ensuite,Non Refundable,S Room 28 1st F,,2,0,GBP,85.70,85.70,65.70,20.00,Online,Booking.com,Booking.com,On Account,Confirmed,,mmiyagi751@gmail.com,+447878617707,,"Non-Smoking  Promos: Domestic  There is no meal option with this room. Children and Extra Bed Policy: Children of any age are allowed. You haven't added any cots. You haven't added any extra beds. The maximum number of guests is 2.  Deposit Policy: The guest will be charged a prepayment of the total price of the reservation at any time.  Cancellation Policy: The guest can cancel free of charge until 7 days before arrival. The guest will be charged the total price of the reservation if they cancel in the 7 days before arrival. If the guest doesn’t show up, they will be charged the total price of the reservation.  payment_on_Booking.com (Payout type: BankTransfer)  ** THIS RESERVATION HAS BEEN PRE-PAID ** BOOKING NOTE : Payment charge is GBP 1.3712  Genius Booker ",,,,,"2026-09-11",,,Instructions sent via whatsapp,
Hotel Orlando by PLI,2026-02-27T21:05:47,669-995-504,VPW-557-733,5517660365,,Irene,Lavado González,"2026-09-11","2026-09-14",3,Triple room-Standard-Ensuite,Non Refundable,S Room 33 3rd F - W/Microwave &Fridge,,3,0,GBP,245.25,245.25,225.25,20.00,Online,Booking.com,Booking.com,On Account,Confirmed,,Irenelavado2002@gmail.com,+34615998768,,"Non-Smoking  Promos: Mobile(App) Rate  There is no meal option with this room. Children and Extra Bed Policy: Children of any age are allowed. You haven't added any cots. You haven't added any extra beds. The maximum number of guests is 3.  Deposit Policy: The guest will be charged a prepayment of the total price of the reservation at any time.  Cancellation Policy: The guest will be charged the total price of the reservation if they cancel at any time.  payment_on_Booking.com (Payout type: BankTransfer)  ** THIS RESERVATION HAS BEEN PRE-PAID ** BOOKING NOTE : Payment charge is GBP 3.924  Genius Booker ",,,,,"2026-02-27",,,,
Hotel Orlando by PLI,2025-09-05T09:18:41,689-529-121,BYN-490-057,5608676402,,Andrea,Rostowitz,"2026-09-11","2026-09-14",3,Triple room-Standard-Private Bathroom,,Room 13 2nd Floor,,2,1,GBP,0.00,0.00,0.00,0.00,Online,Booking.com,Booking.com,On Account,Canceled,,arosto.459224@guest.booking.com,+44 7871 054224,,"Child Ages: 9  Non-Smoking  Promos: Domestic  There is no meal option with this room. Children and Extra Bed Policy: Children of any age are allowed. You haven't added any cots. You haven't added any extra beds. The maximum number of guests is 3.  Deposit Policy: The guest will be charged a prepayment of the total price of the reservation at any time.  Cancellation Policy: The guest can cancel free of charge until 7 days before arrival. The guest will be charged the total price of the reservation if they cancel in the 7 days before arrival.  payment_on_Booking.com (Payout type: BankTransfer)  ** THIS RESERVATION HAS BEEN PRE-PAID ** BOOKING NOTE : Payment charge is GBP 2.52 ",,,,,"2025-09-05",,,,
Hotel Orlando by PLI,2026-08-06T14:44:28,691-068-062,TMU-721-321,6433876848,,carmen,Macias Mora,"2026-09-11","2026-09-16",5,Quad room-Standard-Ensuite,,S Room 27 1st F  W/Fridge,,1,2,GBP,0.00,0.00,0.00,0.00,Online,Booking.com,Booking.com,On Account,Canceled,,cmora.234852@guest.booking.com,+34 651 13 33 93,,"Child Ages: 13, 17  Non-Smoking  Promos: European Economic Area  There is no meal option with this room. Children and Extra Bed Policy: Children of any age are allowed. You haven't added any cots. You haven't added any extra beds. The maximum number of guests is 4.  Deposit Policy: The guest will be charged a prepayment of the total price of the reservation at any time.  Cancellation Policy: The guest can cancel free of charge until 7 days before arrival. The guest will be charged the total price of the reservation if they cancel in the 7 days before arrival. If the guest doesn’t show up, they will be charged the total price of the reservation.  payment_on_Booking.com (Payout type: BankTransfer)  ** THIS RESERVATION HAS BEEN PRE-PAID ** BOOKING NOTE : Payment charge is GBP 7.2896  Genius Booker ",,,,,"2026-08-06",,,,
Hotel Orlando by PLI,2025-12-03T19:02:11,692-605-682,LHK-395-323,5500963879,,Dr Saoussen,Chebaiki,"2026-09-11","2026-09-14",3,Single room-Standard-Ensuite,,Room 15 3rd Floor,,1,0,GBP,0.00,0.00,0.00,0.00,Online,Booking.com,Booking.com,On Account,Canceled,,dcheba.385755@guest.booking.com,+213 661 63 82 71,,"payment_on_Booking.com (Payout type: BankTransfer)  Non-Smoking  ** THIS RESERVATION HAS BEEN PRE-PAID ** BOOKING NOTE : Payment charge is GBP 3.1216  Genius Booker  Promos: Mobile(App) Rate  There is no meal option with this room. Children and Extra Bed Policy: Children of any age are allowed. You haven't added any cots. You haven't added any extra beds. The maximum number of guests is 1.  Deposit Policy: The guest will be charged a prepayment of the total price of the reservation at any time.  Cancellation Policy: The guest can cancel free of charge until 7 days before arrival. The guest will be charged the total price of the reservation if they cancel in the 7 days before arrival.",,,,,"2025-12-03",,,,
Hotel Orlando by PLI,2026-09-08T21:52:41,900-224-054,XKZ-370-836,5106909119,,Fadela,Abir,"2026-09-11","2026-09-12",1,Quad Studio-Standard-Ensuite,Non Refundable,Flat 2 ( Basement Orlando ),,4,0,GBP,124.40,124.40,104.40,20.00,Online,Booking.com,Booking.com,On Account,Confirmed,,touaddifadela@gmail.com,+447789674646,,"Non-Smoking  Promos: Domestic  There is no meal option with this room. Children and Extra Bed Policy: Children of any age are allowed. You haven't added any cots. You haven't added any extra beds. The maximum number of guests is 4.  Deposit Policy: The guest will be charged a prepayment of the total price of the reservation at any time.  Cancellation Policy: The guest can cancel free of charge until 7 days before arrival. The guest will be charged the total price of the reservation if they cancel in the 7 days before arrival. If the guest doesn’t show up, they will be charged the total price of the reservation.  payment_on_Booking.com (Payout type: BankTransfer)  ** THIS RESERVATION HAS BEEN PRE-PAID ** BOOKING NOTE : Payment charge is GBP 1.9904  Genius Booker ",,,,,"2026-09-08",,,100 Pounds Deposit Needed,
Hotel Orlando by PLI,2026-05-17T17:03:20,908-698-344,OAM-617-523,5628791488,,lorraine,Thomas,"2026-09-11","2026-09-13",2,Triple room-Standard-Private Bathroom,Base Rate,Room 13 2nd Floor,,2,1,GBP,219.80,See 295-842-924,199.80,20.00,Online,Booking.com,Booking.com,On Account,Confirmed,,lorraine.salisbury@yahoo.co.uk,+447749060699,,"Group: 4 x Adult, 1 x Child  Child Ages: 15  Non-Smoking  Promos: Domestic  There is no meal option with this room. Children and Extra Bed Policy: Children of any age are allowed. You haven't added any cots. You haven't added any extra beds. The maximum number of guests is 3.  Deposit Policy: The guest will be charged a prepayment of the total price of the reservation at any time.  Cancellation Policy: The guest can cancel free of charge until 7 days before arrival. The guest will be charged the total price of the reservation if they cancel in the 7 days before arrival. If the guest doesn’t show up, they will be charged the total price of the reservation.  payment_on_Booking.com (Payout type: BankTransfer)  ** THIS RESERVATION HAS BEEN PRE-PAID ** Approximate time of arrival: between 15:00 and 16:00 This guest would like the rooms in this booking to be close together if possible. BOOKING NOTE : Payment charge is GBP 6.4864  Genius Booker ",,,,,"2026-05-17",,,,
Hotel Orlando by PLI,2026-07-02T19:30:10,913-980-582,RTO-817-885,5356544734,,carmen,Macias Mora,"2026-09-11","2026-09-16",5,Triple room-Standard-Private Bathroom,,Room 8 1st Floor,,1,2,GBP,0.00,0.00,0.00,0.00,Online,Booking.com,Booking.com,On Account,Canceled,,cmora.684668@guest.booking.com,+34 651 13 33 93,,"Child Ages: 13, 17  Non-Smoking  Promos: European Economic Area  There is no meal option with this room. Children and Extra Bed Policy: Children of any age are allowed. You haven't added any cots. You haven't added any extra beds. The maximum number of guests is 3.  Deposit Policy:   Cancellation Policy:  payment_on_Booking.com (Payout type: BankTransfer)  ** THIS RESERVATION HAS BEEN PRE-PAID ** BOOKING NOTE : Payment charge is GBP 7.4336  Genius Booker ",,,,,"2026-07-02",,,,
Hotel Orlando by PLI,2026-09-11T12:20:46,941-560-242,BHX-678-227,,,,Biniam Estifanos,"2026-09-11","2026-09-13",2,Triple room-Standard-Private Bathroom,Non Refundable,Room 12 2nd Floor,,1,0,GBP,170.00,170.00,150.00,20.00,Direct,,,On Account,Confirmed,,biniam98.estifanos@outlook.com,+447985670507,,,,,,,"2026-09-11",,,,
Hotel Orlando by PLI,2026-07-12T17:56:44,001-236-911,EEQ-403-161,6390547756,,Anna,Mazur,"2026-09-12","2026-09-13",1,Family room-Standard-Ensuite,Non Refundable,Room 3 BF W/Microwave,,2,2,GBP,235.20,135.20,115.20,120.00,Online,Booking.com,Booking.com,On Account,Confirmed,,golebiowskawiktoria97@gmail.com,+447445636622,,"Child Ages: 13, 15  Non-Smoking  Promos: Domestic  There is no meal option with this room. Children and Extra Bed Policy: Children of any age are allowed. You haven't added any cots. You haven't added any extra beds. The maximum number of guests is 5.  Deposit Policy: The guest will be charged a prepayment of the total price of the reservation at any time.  Cancellation Policy: The guest can cancel free of charge until 7 days before arrival. The guest will be charged the total price of the reservation if they cancel in the 7 days before arrival. If the guest doesn’t show up, they will be charged the total price of the reservation.  payment_on_Booking.com (Payout type: BankTransfer)  ** THIS RESERVATION HAS BEEN PRE-PAID ** BOOKING NOTE : Payment charge is GBP 2.1632  Genius Booker ",,,,,"2026-07-12",,,100 Pounds Deposit Needed,
Hotel Orlando by PLI,2026-09-05T14:18:18,104-816-351,CZQ-592-085,5623600614,,Shiman,Dong,"2026-09-12","2026-09-19",7,Double room-Ensuite,Base Rate,S Room 28 1st F,,2,0,GBP,554.70,454.70,434.70,120.00,Online,Booking.com,Booking.com,On Account,Confirmed,"8:00 PM",shiman.dong@edu.unito.it,+393479034739,,"Non-Smoking  Promos: Mobile(App) Rate  There is no meal option with this room. Children and Extra Bed Policy: Children of any age are allowed. You haven't added any cots. You haven't added any extra beds. The maximum number of guests is 2.  Deposit Policy: The guest will be charged a prepayment of the total price of the reservation at any time.  Cancellation Policy: The guest will be charged the total price of the reservation if they cancel at any time.  payment_on_Booking.com (Payout type: BankTransfer)  ** THIS RESERVATION HAS BEEN PRE-PAID ** BOOKING NOTE : Payment charge is GBP 7.2752  Genius Booker ",,,,,"2026-09-05",,,,
Hotel Orlando by PLI,2025-07-29T09:01:20,123-481-562,LLR-090-103,6020085585,,Joanne,Kelly,"2026-09-12","2026-09-14",2,Triple room-Standard-Private Bathroom,,Room 9 2nd Floor,,2,0,GBP,0.00,0.00,0.00,0.00,Online,Booking.com,Booking.com,On Account,Canceled,,jpk1971@yahoo.com,+447872340833,,"Non-Smoking  Promos: Mobile(MDot) Rate  There is no meal option with this room. Children and Extra Bed Policy: Children of any age are allowed. You haven't added any cots. You haven't added any extra beds. The maximum number of guests is 3.  Deposit Policy: The guest will be charged a prepayment of the total price of the reservation at any time.  Cancellation Policy: The guest can cancel free of charge until 7 days before arrival. The guest will be charged the total price of the reservation if they cancel in the 7 days before arrival.  payment_on_Booking.com (Payout type: BankTransfer)  ** THIS RESERVATION HAS BEEN PRE-PAID ** BOOKING NOTE : Payment charge is GBP 1.68 Approximate time of arrival: between 15:00 and 16:00  Genius Booker ",,,,,"2025-07-29",,,,
Hotel Orlando by PLI,2026-09-07T15:12:49,193-399-191,GVS-599-312,6509933963,,Yehor,Vysotskyi,"2026-09-12","2026-09-13",1,Quad Studio-Standard-Ensuite,Non Refundable,Flat 2 ( Basement Orlando ),,2,2,GBP,224.40,124.40,104.40,120.00,Online,Booking.com,Booking.com,On Account,Confirmed,,egorvysockij99@gmail.com,+447435723682,,"Child Ages: 17, 17  Non-Smoking  Promos: Domestic  There is no meal option with this room. Children and Extra Bed Policy: Children of any age are allowed. You haven't added any cots. You haven't added any extra beds. The maximum number of guests is 4.  Deposit Policy: The guest will be charged a prepayment of the total price of the reservation at any time.  Cancellation Policy: The guest can cancel free of charge until 7 days before arrival. The guest will be charged the total price of the reservation if they cancel in the 7 days before arrival. If the guest doesn’t show up, they will be charged the total price of the reservation.  payment_on_Booking.com (Payout type: BankTransfer)  ** THIS RESERVATION HAS BEEN PRE-PAID ** BOOKING NOTE : Payment charge is GBP 1.9904 ",,,,,"2026-09-07",,,100 Pounds Deposit Needed,
Hotel Orlando by PLI,2026-07-28T22:22:20,210-883-202,NKU-806-928,5207092041,,Oscar,Taylor,"2026-09-12","2026-09-15",3,Double room-Standard-Private Bathroom,Base Rate,Room 11 2nd Floor,,1,0,GBP,238.70,238.70,218.70,20.00,Online,Booking.com,Booking.com,On Account,Confirmed,,oscar@tinitstore.com,+447903359480,,"Non-Smoking  Promos: Domestic  There is no meal option with this room. Children and Extra Bed Policy: Children of any age are allowed. You haven't added any cots. You haven't added any extra beds. The maximum number of guests is 2.  Deposit Policy: The guest will be charged a prepayment of the total price of the reservation at any time.  Cancellation Policy: The guest can cancel free of charge until 7 days before arrival. The guest will be charged the total price of the reservation if they cancel in the 7 days before arrival. If the guest doesn’t show up, they will be charged the total price of the reservation.  payment_on_Booking.com (Payout type: BankTransfer)  ** THIS RESERVATION HAS BEEN PRE-PAID ** BOOKING NOTE : Payment charge is GBP 3.8192  Genius Booker ",,,,,"2026-07-28",,,,
Hotel Orlando by PLI,2025-09-18T20:40:03,390-418-351,QHL-317-112,6076044052,,Mahesh,Bhartiya,"2026-09-12","2026-09-30",18,Triple room-Standard-Private Bathroom,,Room 8 1st Floor,,3,0,GBP,0.00,0.00,0.00,0.00,Online,Booking.com,Booking.com,On Account,Canceled,,mbhart.445262@guest.booking.com,+91 98926 18422,,"payment_on_Booking.com (Payout type: BankTransfer)  Non-Smoking  ** THIS RESERVATION HAS BEEN PRE-PAID ** If Elevator is not available , so you can  allot me ground floor Room.  I have both leg ligaments issues. BOOKING NOTE : Payment charge is GBP 17.8792  Genius Booker  Promos: Mobile(App) Rate  There is no meal option with this room. Children and Extra Bed Policy: Children of any age are allowed. You haven't added any cots. You haven't added any extra beds. The maximum number of guests is 3.  Deposit Policy: The guest will be charged a prepayment of the total price of the reservation at any time.  Cancellation Policy: The guest can cancel free of charge until 7 days before arrival. The guest will be charged the total price of the reservation if they cancel in the 7 days before arrival.",,,,,"2025-09-18",,,,
Hotel Orlando by PLI,2026-08-26T18:03:34,469-569-661,MPE-715-916,5880984197,,Hadera,Burki,"2026-09-12","2026-09-15",3,Double room-Ensuite,Non Refundable,S Room 18 BF,,2,0,GBP,345.90,245.90,225.90,120.00,Online,Booking.com,Booking.com,On Account,Confirmed,,hello@wickguru.com,+442035640799,,"Non-Smoking  Promos: Domestic  There is no meal option with this room. Children and Extra Bed Policy: Children of any age are allowed. You haven't added any cots. You haven't added any extra beds. The maximum number of guests is 2.  Deposit Policy: The guest will be charged a prepayment of the total price of the reservation at any time.  Cancellation Policy: The guest can cancel free of charge until 7 days before arrival. The guest will be charged the total price of the reservation if they cancel in the 7 days before arrival. If the guest doesn’t show up, they will be charged the total price of the reservation.  payment_on_Booking.com (Payout type: BankTransfer)  ** THIS RESERVATION HAS BEEN PRE-PAID ** LargeBed, NonSmoke BOOKING NOTE : Payment charge is GBP 3.9344 ",,,,,"2026-08-26",,,,
Hotel Orlando by PLI,2026-09-12T19:19:28,489-008-331,MSX-612-082,6785376755,,NICHOLAS,ROBINSON,"2026-09-12","2026-09-13",1,Quad room-Standard-Ensuite,Non Refundable,S Room 22 GF -2Ds W/Microwave &Fridge,,1,0,GBP,215.40,115.40,95.40,120.00,Online,Booking.com,Booking.com,On Account,Confirmed,"9:30 PM",nick@nranda.com,+447887550955,,"Non-Smoking  Promos: Domestic  There is no meal option with this room. Children and Extra Bed Policy: Children of any age are allowed. You haven't added any cots. You haven't added any extra beds. The maximum number of guests is 4.  Deposit Policy: The guest will be charged a prepayment of the total price of the reservation at any time.  Cancellation Policy: The guest can cancel free of charge until 7 days before arrival. The guest will be charged the total price of the reservation if they cancel in the 7 days before arrival. If the guest doesn’t show up, they will be charged the total price of the reservation.  payment_on_Booking.com (Payout type: BankTransfer)  ** THIS RESERVATION HAS BEEN PRE-PAID ** BOOKING NOTE : Payment charge is GBP 1.8464  Genius Booker ",,,,,"2026-09-12",,,,
Hotel Orlando by PLI,2026-04-16T22:02:12,490-538-561,KMQ-056-343,1418fb94e984-9e62c5f72672a992b0d270f6953985d7@airbnb.com,,Denis’s,iCal,"2026-09-12","2026-09-13",1,Studio-Basic-Ensuite,Base Rate,Flat 24  ( GF Sino ),,1,0,GBP,91.38,91.38,71.38,20.00,iCal,ical1,,Deposit (Variable),Confirmed,,,+447459181798,,"Reservation URL: https://www.airbnb.com/hosting/reservations/details/HMNJRFPYBB Denis’s group of 3 Sep 12 – 13 · 1 night Flat 24 GF Sino · Flat near Westfield & Hammersmith",,,,,"2026-04-16",,,,
Hotel Orlando by PLI,2026-09-06T21:39:44,509-699-642,AZG-385-010,5565346329,,Massimiliano,De Sanctis,"2026-09-12","2026-09-13",1,Double room-Standard-Private Bathroom,Non Refundable,Room 10 1st Floor,,2,0,GBP,202.80,102.80,82.80,120.00,Online,Booking.com,Booking.com,On Account,Confirmed,,info@falegnameriadesanctis.it,+393388756706,,"Non-Smoking  Promos: European Economic Area  There is no meal option with this room. Children and Extra Bed Policy: Children of any age are allowed. You haven't added any cots. You haven't added any extra beds. The maximum number of guests is 2.  Deposit Policy: The guest will be charged a prepayment of the total price of the reservation at any time.  Cancellation Policy: The guest will be charged the total price of the reservation if they cancel at any time.  payment_on_Booking.com (Payout type: BankTransfer)  ** THIS RESERVATION HAS BEEN PRE-PAID ** BOOKING NOTE : Payment charge is GBP 1.6448 Approximate time of arrival: between 16:00 and 17:00  Falegnameria De Sanctis  Genius Booker ",,,,,"2026-09-06",,,100 Pounds Deposit Needed,
Hotel Orlando by PLI,2026-09-07T20:18:35,521-492-844,JST-820-910,5635037069,,Mariana,Luncasu,"2026-09-12","2026-09-13",1,Double room-Standard-Private Bathroom,Base Rate,Room 7 Mid-First Floor,,1,1,GBP,201.00,101.00,81.00,120.00,Online,Booking.com,Booking.com,On Account,Confirmed,,marianaluncasu1991@gmail.com,+447448952517,,"Child Ages: 14  Non-Smoking  Promos: Mobile(MDot) Rate  There is no meal option with this room. Children and Extra Bed Policy: Children of any age are allowed. You haven't added any cots. You haven't added any extra beds. The maximum number of guests is 2.  Deposit Policy: The guest will be charged a prepayment of the total price of the reservation at any time.  Cancellation Policy: The guest can cancel free of charge until 7 days before arrival. The guest will be charged the total price of the reservation if they cancel in the 7 days before arrival. If the guest doesn’t show up, they will be charged the total price of the reservation.  payment_on_Booking.com (Payout type: BankTransfer)  ** THIS RESERVATION HAS BEEN PRE-PAID ** BOOKING NOTE : Payment charge is GBP 1.616 Approximate time of arrival: between 15:00 and 16:00 ",,,,,"2026-09-07",,,100 Pounds Deposit Needed,
Hotel Orlando by PLI,2026-09-05T12:54:51,592-911-054,JUM-383-271,6396907190,,Estibaliz,Banuet Galindez,"2026-09-12","2026-09-16",4,Triple room-Standard-Ensuite,Non Refundable,S Room 34 3rd F,,3,0,GBP,380.10,280.10,260.10,120.00,Online,Booking.com,Booking.com,On Account,Confirmed,,Estibanuet89@hotmail.com,+522717153408,,"Non-Smoking  Promos: Domestic  There is no meal option with this room. Children and Extra Bed Policy: Children of any age are allowed. You haven't added any cots. You haven't added any extra beds. The maximum number of guests is 3.  Deposit Policy: The guest will be charged a prepayment of the total price of the reservation at any time.  Cancellation Policy: The guest can cancel free of charge until 7 days before arrival. The guest will be charged the total price of the reservation if they cancel in the 7 days before arrival. If the guest doesn’t show up, they will be charged the total price of the reservation.  payment_on_Booking.com (Payout type: BankTransfer)  ** THIS RESERVATION HAS BEEN PRE-PAID ** BOOKING NOTE : Payment charge is GBP 4.4816  Genius Booker ",,,,,"2026-09-05",,,,
Hotel Orlando by PLI,2026-09-04T11:42:28,652-454-631,TRW-567-375,6626502006,,fig,Matteo,"2026-09-12","2026-09-27",15,Double room-Ensuite,,S Room 25 Mid 1st F,,1,0,GBP,0.00,0.00,0.00,0.00,Online,Booking.com,Booking.com,On Account,Canceled,,fmatte.634543@guest.booking.com,+39 320 085 2491,,"Non-Smoking  Promos: European Economic Area  There is no meal option with this room. Children and Extra Bed Policy: Children of any age are allowed. You haven't added any cots. You haven't added any extra beds. The maximum number of guests is 2.  Deposit Policy: The guest will be charged a prepayment of the total price of the reservation at any time.  Cancellation Policy: The guest can cancel free of charge until 7 days before arrival. The guest will be charged the total price of the reservation if they cancel in the 7 days before arrival. If the guest doesn’t show up, they will be charged the total price of the reservation.  payment_on_Booking.com (Payout type: BankTransfer)  ** THIS RESERVATION HAS BEEN PRE-PAID ** BOOKING NOTE : Payment charge is GBP 16.5488  Genius Booker ",,,,,"2026-09-04",,,,
Hotel Orlando by PLI,2026-09-10T13:27:32,684-041-112,BCD-954-633,,,,Sana Ali,"2026-09-12","2026-09-13",1,Double room-Standard-Private Bathroom,Non Refundable,Room 6 GF,,1,0,GBP,80.00,80.00,60.00,20.00,Direct,,,On Account,Confirmed,,s_khxnx@icloud.com,+447955183866,,,,,,,"2026-09-10",,,,
Hotel Orlando by PLI,2026-05-10T12:02:28,802-811-051,LMY-135-683,6882262734,,Kyameron,Singh,"2026-09-12","2026-09-13",1,Double room-Ensuite,Base Rate,S Room 35 3rd F,,1,0,GBP,104.60,104.60,84.60,20.00,Online,Booking.com,Booking.com,On Account,Confirmed,,kay198@hotmail.co.uk,+447832191017,,"Guest won't pay the 100 pounds as per sammy Non-Smoking  Promos: Domestic  There is no meal option with this room. Children and Extra Bed Policy: Children of any age are allowed. You haven't added any cots. You haven't added any extra beds. The maximum number of guests is 2.  Deposit Policy: The guest will be charged a prepayment of the total price of the reservation at any time.  Cancellation Policy: The guest will be charged the total price of the reservation if they cancel at any time.  payment_on_Booking.com (Payout type: BankTransfer)  ** THIS RESERVATION HAS BEEN PRE-PAID ** BOOKING NOTE : Payment charge is GBP 1.6736 Approximate time of arrival: between 15:00 and 16:00  Genius Booker ",,,,,"2026-05-10",,,100 Pounds Deposit Needed,
Hotel Orlando by PLI,2026-08-21T20:05:43,891-936-902,AJW-558-089,5232347491,,NABIL,BENSAADIA,"2026-09-12","2026-09-19",7,Single room-Standard-Ensuite,,Room 15 3rd Floor,,1,0,GBP,0.00,0.00,0.00,0.00,Online,Booking.com,Booking.com,On Account,Canceled,,nbensa.732917@guest.booking.com,+212 636 854239,,"Non-Smoking  Promos: European Economic Area  There is no meal option with this room. Children and Extra Bed Policy: Children of any age are allowed. You haven't added any cots. You haven't added any extra beds. The maximum number of guests is 1.  Deposit Policy: The guest will be charged a prepayment of the total price of the reservation at any time.  Cancellation Policy: The guest can cancel free of charge until 7 days before arrival. The guest will be charged the total price of the reservation if they cancel in the 7 days before arrival. If the guest doesn’t show up, they will be charged the total price of the reservation.  payment_on_Booking.com (Payout type: BankTransfer)  ** THIS RESERVATION HAS BEEN PRE-PAID ** BOOKING NOTE : Payment charge is GBP 7.5632  Genius Booker ",,,,,"2026-08-21",,,,
Hotel Orlando by PLI,2026-01-01T13:27:52,993-905-894,ODN-589-077,,,,Markus Thomas Dr. Woeller,"2026-09-12","2026-09-15",3,Triple room-Standard-Private Bathroom,,Room 12 2nd Floor,,1,0,GBP,0.00,0.00,0.00,0.00,Direct,,,On Account,Canceled,,markus.woeller@emaos.de,+4917693142822,,"The guest didnt confirm the dates 100% yet, when he is sure we will confirm the payment with him. the price will change according to the dates and availability",,,,,"2026-01-01",,,,
Hotel Orlando by PLI,2026-08-26T23:46:40,004-461-151,NFS-275-628,6529992607,,balarabe,abdul,"2026-09-13","2026-09-17",4,Single room-Standard-Ensuite,Non Refundable,S Room 32 2nd F,,1,0,GBP,365.70,265.70,245.70,120.00,Online,Booking.com,Booking.com,On Account,Confirmed,"4:00 PM",agbajt@gmail.com,+2348035704857,,"Non-Smoking  Promos: Mobile(App) Rate  There is no meal option with this room. Children and Extra Bed Policy: Children of any age are allowed. You haven't added any cots. You haven't added any extra beds. The maximum number of guests is 1.  Deposit Policy: The guest will be charged a prepayment of the total price of the reservation at any time.  Cancellation Policy: The guest can cancel free of charge until 7 days before arrival. The guest will be charged the total price of the reservation if they cancel in the 7 days before arrival. If the guest doesn’t show up, they will be charged the total price of the reservation.  payment_on_Booking.com (Payout type: BankTransfer)  ** THIS RESERVATION HAS BEEN PRE-PAID ** BOOKING NOTE : Payment charge is GBP 4.2512  Genius Booker ",,,,,"2026-08-26",,,,
Hotel Orlando by PLI,2026-07-26T12:32:44,014-096-442,WGK-234-943,5782602537,,Matteo,Melli,"2026-09-13","2026-09-20",7,Single room-Standard-Ensuite,,Room 15 3rd Floor,,1,0,GBP,0.00,0.00,0.00,0.00,Online,Booking.com,Booking.com,On Account,Canceled,,mmelli.964116@guest.booking.com,+39 349 225 1006,,"Non-Smoking  Promos: European Economic Area  There is no meal option with this room. Children and Extra Bed Policy: Children of any age are allowed. You haven't added any cots. You haven't added any extra beds. The maximum number of guests is 1.  Deposit Policy: The guest will be charged a prepayment of the total price of the reservation at any time.  Cancellation Policy: The guest can cancel free of charge until 7 days before arrival. The guest will be charged the total price of the reservation if they cancel in the 7 days before arrival. If the guest doesn’t show up, they will be charged the total price of the reservation.  payment_on_Booking.com (Payout type: BankTransfer)  ** THIS RESERVATION HAS BEEN PRE-PAID ** BOOKING NOTE : Payment charge is GBP 7.4336  Genius Booker ",,,,,"2026-07-26",,,,
Hotel Orlando by PLI,2026-09-13T17:49:08,033-995-462,XXR-330-833,HM55W99QF5,,Cindy,Velez,"2026-09-13","2026-09-14",1,Studio-Basic-Ensuite,Non Refundable,Flat 24  ( GF Sino ),,1,0,GBP,64.00,64.00,44.00,20.00,Online,Airbnb,Airbnb,On Account,Confirmed,,,33617628116,," ",,,,,"2026-09-13",,,,
Hotel Orlando by PLI,2026-09-13T20:56:25,042-833-161,DMA-760-937,5296916922,,Lea,Berglund,"2026-09-13","2026-09-15",2,Double room-Standard-Private Bathroom,Non Refundable,Room 10 1st Floor,,1,0,GBP,192.90,92.90,72.90,120.00,Online,Booking.com,Booking.com,On Account,Confirmed,,Lea.m.berglund@gmail.com,+4791584365,,"Non-Smoking  Promos: Domestic  There is no meal option with this room. Children and Extra Bed Policy: Children of any age are allowed. You haven't added any cots. You haven't added any extra beds. The maximum number of guests is 2.  Deposit Policy: The guest will be charged a prepayment of the total price of the reservation at any time.  Cancellation Policy: The guest will be charged the total price of the reservation if they cancel at any time.  payment_on_Booking.com (Payout type: BankTransfer)  ** THIS RESERVATION HAS BEEN PRE-PAID ** Fridge if possible BOOKING NOTE : Payment charge is GBP 1.4864  Genius Booker ",,,,,"2026-09-13",,,,
Hotel Orlando by PLI,2026-09-10T12:44:58,094-119-522,ECL-412-667,2555527726,,Sana,Ali,"2026-09-13","2026-09-15",2,Double room-Standard-Private Bathroom,Base Rate,Room 6 GF,,1,0,GBP,111.77,111.77,91.77,20.00,Online,Expedia,Expedia & Affiliate Network,On Account,Confirmed,,s_khxnx@icloud.com,+447955183866,,"Expedia collects payment from traveler: Hotel invoices Expedia. ",,,,,"2026-09-10",,,,
Hotel Orlando by PLI,2026-09-13T16:46:12,102-005-234,MGD-413-646,6057371598,,unurbold,boldbaatar,"2026-09-13","2026-09-14",1,Triple room-Standard-Private Bathroom,Non Refundable,Room 13 2nd Floor,,2,0,GBP,157.80,57.80,37.80,120.00,Online,Booking.com,Booking.com,On Account,Confirmed,,Boldbaatarunurbold@gmail.com,+447933862154,,"   Non-Smoking  Promos: Domestic  There is no meal option with this room. Children and Extra Bed Policy: Children of any age are allowed. You haven't added any cots. You haven't added any extra beds. The maximum number of guests is 3.  Deposit Policy: The guest will be charged a prepayment of the total price of the reservation at any time.  Cancellation Policy: The guest will be charged the total price of the reservation if they cancel at any time.  payment_on_Booking.com (Payout type: BankTransfer)  ** THIS RESERVATION HAS BEEN PRE-PAID ** BOOKING NOTE : Payment charge is GBP 0.9248  Genius Booker ",,,,,"2026-09-13",,,,
Hotel Orlando by PLI,2026-09-13T06:56:10,166-684-902,ODS-863-018,5525641931,,Ranyee,Lee,"2026-09-13","2026-09-14",1,Family Studio SR,Base Rate,Flat 20 ( Basement sino ),,1,0,GBP,56.00,56.00,36.00,20.00,Online,Booking.com,Booking.com,On Account,Confirmed,,Ranyeelee1@gmail.com,+19142621679,,"Non-Smoking  Promos: Mobile(MDot) Rate  There is no meal option with this room. Children and Extra Bed Policy: Children of any age are allowed. You haven't added any cots. You haven't added any extra beds. The maximum number of guests is 3.  Deposit Policy: The guest will be charged a prepayment of the total price of the reservation at any time.  Cancellation Policy: The guest can cancel free of charge until 7 days before arrival. The guest will be charged the total price of the reservation if they cancel in the 7 days before arrival. If the guest doesn’t show up, they will be charged the total price of the reservation.  payment_on_Booking.com (Payout type: BankTransfer)  ** THIS RESERVATION HAS BEEN PRE-PAID ** BOOKING NOTE : Payment charge is GBP 0.896 No twin bed pls.  Genius Booker ",,,,,"2026-09-13",,,100 Pounds Deposit Needed,
Hotel Orlando by PLI,2025-09-09T08:05:42,230-386-241,YMP-869-952,6379993105,,Jane,Cleary,"2026-09-13","2026-09-19",6,Triple room-Standard-Ensuite,,S Room 23 GF,,2,0,GBP,0.00,0.00,0.00,0.00,Online,Booking.com,Booking.com,On Account,Canceled,,jclear.637406@guest.booking.com,+61 414 891 336,,"Non-Smoking  There is no meal option with this room. Children and Extra Bed Policy: Children of any age are allowed. You haven't added any cots. You haven't added any extra beds. The maximum number of guests is 3.  Deposit Policy: The guest will be charged a prepayment of the total price of the reservation at any time.  Cancellation Policy: The guest can cancel free of charge until 7 days before arrival. The guest will be charged the total price of the reservation if they cancel in the 7 days before arrival.  payment_on_Booking.com (Payout type: BankTransfer)  ** THIS RESERVATION HAS BEEN PRE-PAID ** BOOKING NOTE : Payment charge is GBP 5.04  Genius Booker ",,,,,"2025-09-09",,,,
Hotel Orlando by PLI,2026-09-13T10:28:38,261-138-931,GMF-118-194,5505332840,,James,O'Malley,"2026-09-13","2026-09-19",6,Quad room-Standard-Ensuite,Non Refundable,S Room 22 GF -2Ds W/Microwave &Fridge,,1,0,GBP,488.70,388.70,353.70,135.00,Online,Booking.com,Booking.com,On Account,Confirmed,,2jjomalley@gmail.com,+18139562142,,"Non-Smoking  Promos: Mobile(MDot) Rate  There is no meal option with this room. Children and Extra Bed Policy: Children of any age are allowed. You haven't added any cots. You haven't added any extra beds. The maximum number of guests is 4.  Deposit Policy: The guest will be charged a prepayment of the total price of the reservation at any time.  Cancellation Policy: The guest can cancel free of charge until 7 days before arrival. The guest will be charged the total price of the reservation if they cancel in the 7 days before arrival. If the guest doesn’t show up, they will be charged the total price of the reservation.  payment_on_Booking.com (Payout type: BankTransfer)  ** THIS RESERVATION HAS BEEN PRE-PAID ** BOOKING NOTE : Payment charge is GBP 5.9792  Genius Booker ",,,,,"2026-09-13",,,,
Hotel Orlando by PLI,2026-09-13T16:23:24,324-685-261,SEB-451-884,6581771467,,Fadela,Abir,"2026-09-13","2026-09-14",1,Family room-Standard-Ensuite,Non Refundable,Room 3 BF W/Microwave,,4,1,GBP,163.20,63.20,43.20,120.00,Online,Booking.com,Booking.com,On Account,Confirmed,,touaddifadela@gmail.com,+447789674646,,"Child Ages: 3  Non-Smoking  Promos: Domestic  There is no meal option with this room. Children and Extra Bed Policy: Children of any age are allowed. You haven't added any cots. You haven't added any extra beds. The maximum number of guests is 5.  Deposit Policy: The guest will be charged a prepayment of the total price of the reservation at any time.  Cancellation Policy: The guest can cancel free of charge until 7 days before arrival. The guest will be charged the total price of the reservation if they cancel in the 7 days before arrival. If the guest doesn’t show up, they will be charged the total price of the reservation.  payment_on_Booking.com (Payout type: BankTransfer)  ** THIS RESERVATION HAS BEEN PRE-PAID ** BOOKING NOTE : Payment charge is GBP 1.0112  Genius Booker ",,,,,"2026-09-13",,,,
Hotel Orlando by PLI,2026-09-11T11:23:20,368-381-932,SEA-912-058,,,,Biniam Estifanos,"2026-09-13","2026-09-14",1,Triple room-Standard-Private Bathroom,Non Refundable,Room 12 2nd Floor,,1,0,GBP,70.00,70.00,50.00,20.00,Direct,,,On Account,Confirmed,,biniam98.estifanos@outlook.com,+447983108463,,,,,,,"2026-09-11",,,,
Hotel Orlando by PLI,2026-08-18T06:30:26,411-190-382,VJB-243-242,6707768452,,Olivier,Kambale Luanzo,"2026-09-13","2026-09-28",15,Double room-Standard-Private Bathroom,,Room 7 Mid-First Floor,,1,0,GBP,0.00,0.00,0.00,0.00,Online,Booking.com,Booking.com,On Account,Canceled,,oluanz.869752@guest.booking.com,+243 853 030 555,,"payment_on_Booking.com (Payout type: BankTransfer)  Non-Smoking  ** THIS RESERVATION HAS BEEN PRE-PAID ** BOOKING NOTE : Payment charge is GBP 20.512  Genius Booker  There is no meal option with this room. Children and Extra Bed Policy: Children of any age are allowed. You haven't added any cots. You haven't added any extra beds. The maximum number of guests is 2.  Deposit Policy: The guest will be charged a prepayment of the total price of the reservation at any time.  Cancellation Policy: The guest can cancel free of charge until 7 days before arrival. The guest will be charged the total price of the reservation if they cancel in the 7 days before arrival. If the guest doesn’t show up, they will be charged the total price of the reservation.",,,,,"2026-08-18",,,,
Hotel Orlando by PLI,2025-08-01T14:47:49,415-341-531,QEU-859-473,5540726499,,Lucie,Studničková,"2026-09-13","2026-09-15",2,Triple room-Standard-Private Bathroom,,Room 8 2nd Floor,,3,0,GBP,0.00,0.00,0.00,0.00,Online,Booking.com,Booking.com,On Account,Canceled,,lstudn.525505@guest.booking.com,+420 739 392 001,,"Non-Smoking  Promos: Mobile(App) Rate  There is no meal option with this room. Children and Extra Bed Policy: Children of any age are allowed. You haven't added any cots. You haven't added any extra beds. The maximum number of guests is 3.  Deposit Policy: The guest will be charged a prepayment of the total price of the reservation at any time.  Cancellation Policy: The guest can cancel free of charge until 7 days before arrival. The guest will be charged the total price of the reservation if they cancel in the 7 days before arrival.  payment_on_Booking.com (Payout type: BankTransfer)  ** THIS RESERVATION HAS BEEN PRE-PAID ** BOOKING NOTE : Payment charge is GBP 1.68  Genius Booker ",,,,,"2025-08-01",,,,
Hotel Orlando by PLI,2026-09-06T13:03:05,530-569-202,ILF-358-142,6724723687,,Tom,Regbo,"2026-09-13","2026-09-18",5,Double room-Standard-Private Bathroom,Non Refundable,Room 7 Mid-First Floor,,1,0,GBP,406.20,306.20,286.20,120.00,Online,Booking.com,Booking.com,On Account,Confirmed,,ronnieregbo@gmail.com,+4747057386,,"Non-Smoking  Promos: European Economic Area  There is no meal option with this room. Children and Extra Bed Policy: Children of any age are allowed. You haven't added any cots. You haven't added any extra beds. The maximum number of guests is 2.  Deposit Policy: The guest will be charged a prepayment of the total price of the reservation at any time.  Cancellation Policy: The guest will be charged the total price of the reservation if they cancel at any time.  payment_on_Booking.com (Payout type: BankTransfer)  ** THIS RESERVATION HAS BEEN PRE-PAID ** BOOKING NOTE : Payment charge is GBP 4.8992  Genius Booker ",,,,,"2026-09-06",,,,
Hotel Orlando by PLI,2026-09-13T19:25:15,639-354-982,VKM-165-337,6344525892,,Joseph,Fleming,"2026-09-13","2026-09-14",1,Quad Studio-Standard-Ensuite,Non Refundable,Flat 2 ( Basement Orlando ),,2,0,GBP,164.10,64.10,44.10,120.00,Online,Booking.com,Booking.com,On Account,Confirmed,,grinding3008@gmail.com,+447533966340,,"Non-Smoking  Promos: Domestic  There is no meal option with this room. Children and Extra Bed Policy: Children of any age are allowed. You haven't added any cots. You haven't added any extra beds. The maximum number of guests is 4.  Deposit Policy: The guest will be charged a prepayment of the total price of the reservation at any time.  Cancellation Policy: The guest can cancel free of charge until 7 days before arrival. The guest will be charged the total price of the reservation if they cancel in the 7 days before arrival. If the guest doesn’t show up, they will be charged the total price of the reservation.  payment_on_Booking.com (Payout type: BankTransfer)  ** THIS RESERVATION HAS BEEN PRE-PAID ** BOOKING NOTE : Payment charge is GBP 1.0256  Genius Booker ",,,,,"2026-09-13",,,,
Hotel Orlando by PLI,2025-12-19T00:27:12,648-421-881,DAS-047-107,1418fb94e984-3bde4cab0e2abf1f8859784e580741e7@airbnb.com,,Reserved,iCal,"2026-09-13","2026-09-19",6,Studio-Basic-Ensuite,,Flat 24  ( GF Sino ),,1,0,GBP,0.00,0.00,0.00,0.00,iCal,ical1,,Deposit (Variable),Canceled,,,,,,,,,,"2025-12-19",,,,
Hotel Orlando by PLI,2026-01-27T21:37:53,800-402-461,TUD-508-784,6312928168,,Celia,Muñoz,"2026-09-13","2026-09-17",4,Triple room-Standard-Private Bathroom,,Room 13 2nd Floor,,3,0,GBP,0.00,0.00,0.00,0.00,Online,Booking.com,Booking.com,On Account,Canceled,,cmunoz.319087@guest.booking.com,+34 618 53 71 59,,"Non-Smoking  Promos: Mobile(App) Rate  There is no meal option with this room. Children and Extra Bed Policy: Children of any age are allowed. You haven't added any cots. You haven't added any extra beds. The maximum number of guests is 3.  Deposit Policy: The guest will be charged a prepayment of the total price of the reservation at any time.  Cancellation Policy: The guest can cancel free of charge until 7 days before arrival. The guest will be charged the total price of the reservation if they cancel in the 7 days before arrival.  payment_on_Booking.com (Payout type: BankTransfer)  ** THIS RESERVATION HAS BEEN PRE-PAID ** BOOKING NOTE : Payment charge is GBP 5.4744  Genius Booker ",,,,,"2026-01-27",,,,
Hotel Orlando by PLI,2025-09-05T05:18:04,820-326-662,JKE-562-564,6060603398,,manuel,leon alba,"2026-09-13","2026-09-15",2,Triple room-Standard-Private Bathroom,,Room 12 2nd Floor,,2,0,GBP,0.00,0.00,0.00,0.00,Online,Booking.com,Booking.com,On Account,Canceled,,malba.204686@guest.booking.com,+34 6693329951,,"Non-Smoking  Promos: European Economic Area  There is no meal option with this room. Children and Extra Bed Policy: Children of any age are allowed. You haven't added any cots. You haven't added any extra beds. The maximum number of guests is 3.  Deposit Policy: The guest will be charged a prepayment of the total price of the reservation at any time.  Cancellation Policy: The guest can cancel free of charge until 7 days before arrival. The guest will be charged the total price of the reservation if they cancel in the 7 days before arrival.  payment_on_Booking.com (Payout type: BankTransfer)  ** THIS RESERVATION HAS BEEN PRE-PAID ** BOOKING NOTE : Payment charge is GBP 1.76  Genius Booker ",,,,,"2025-09-05",,,,
Hotel Orlando by PLI,2026-09-12T11:41:54,824-024-832,UEJ-217-525,6249236444,,Mohammed,al haj ali,"2026-09-13","2026-09-19",6,Double room-Ensuite,Non Refundable,S Room 25 Mid 1st F,,1,0,GBP,453.90,353.90,333.90,120.00,Online,Booking.com,Booking.com,On Account,Confirmed,,mohammed.haj.ali@gmail.com,+447413731373,,"Non-Smoking  Promos: Domestic  There is no meal option with this room. Children and Extra Bed Policy: Children of any age are allowed. You haven't added any cots. You haven't added any extra beds. The maximum number of guests is 2.  Deposit Policy: The guest will be charged a prepayment of the total price of the reservation at any time.  Cancellation Policy: The guest can cancel free of charge until 7 days before arrival. The guest will be charged the total price of the reservation if they cancel in the 7 days before arrival. If the guest doesn’t show up, they will be charged the total price of the reservation.  payment_on_Booking.com (Payout type: BankTransfer)  ** THIS RESERVATION HAS BEEN PRE-PAID ** BOOKING NOTE : Payment charge is GBP 5.6624  Genius Booker ",,,,,"2026-09-12",,,,
Hotel Orlando by PLI,2026-09-05T21:34:39,834-034-814,JGP-328-179,5565324610,,Oak,India,"2026-09-13","2026-09-14",1,Double room-Ensuite,Non Refundable,S Room 17 BF,,2,0,GBP,73.10,73.10,53.10,20.00,Online,Booking.com,Booking.com,On Account,Confirmed,,oindia.650241@guest.booking.com,+44 7783 606061,,"Non-Smoking  Promos: Domestic  There is no meal option with this room. Children and Extra Bed Policy: Children of any age are allowed. You haven't added any cots. You haven't added any extra beds. The maximum number of guests is 2.  Deposit Policy: The guest will be charged a prepayment of the total price of the reservation at any time.  Cancellation Policy: The guest can cancel free of charge until 7 days before arrival. The guest will be charged the total price of the reservation if they cancel in the 7 days before arrival. If the guest doesn’t show up, they will be charged the total price of the reservation.  payment_on_Booking.com (Payout type: BankTransfer)  ** THIS RESERVATION HAS BEEN PRE-PAID ** BOOKING NOTE : Payment charge is GBP 1.1696  Genius Booker ",,,,,"2026-09-05",,,100 Pounds Deposit Needed,
Hotel Orlando by PLI,2026-08-29T10:48:02,834-985-141,OBV-105-980,2545873055,,Yassin,Tamraoui,"2026-09-13","2026-09-17",4,Family room-Standard-Ensuite,,Room 3 BF W/Microwave,,4,1,GBP,0.00,0.00,0.00,0.00,Online,Expedia Affiliate Network,Expedia & Affiliate Network,On Account,Canceled,,tamraoui_yassin@yahoo.com,1111111111111,,"1 Twin Bed, 1 Queen Bed and 1 Twin Sofa Bed Expedia collects payment from traveler: Hotel invoices Expedia. ",,,,,"2026-08-29",,,,
Hotel Orlando by PLI,2026-08-18T06:26:02,918-480-881,SRM-638-022,6276762838,,Olivier,Kambale Luanzo,"2026-09-13","2026-09-28",15,Quad room-Standard-Ensuite,,S Room 31 2nd FF,,2,1,GBP,0.00,0.00,0.00,0.00,Online,Booking.com,Booking.com,On Account,Canceled,,oluanz.508929@guest.booking.com,+243 853 030 555,,"Child Ages: 7  Non-Smoking  There is no meal option with this room. Children and Extra Bed Policy: Children of any age are allowed. You haven't added any cots. You haven't added any extra beds. The maximum number of guests is 4.  Deposit Policy: The guest will be charged a prepayment of the total price of the reservation at any time.  Cancellation Policy: The guest can cancel free of charge until 7 days before arrival. The guest will be charged the total price of the reservation if they cancel in the 7 days before arrival. If the guest doesn’t show up, they will be charged the total price of the reservation.  payment_on_Booking.com (Payout type: BankTransfer)  ** THIS RESERVATION HAS BEEN PRE-PAID ** BOOKING NOTE : Payment charge is GBP 23.2  Genius Booker ",,,,,"2026-08-18",,,,
Hotel Orlando by PLI,2026-09-13T17:41:50,934-340-444,SGQ-196-213,6785374896,,Mezhnun,Demir,"2026-09-13","2026-09-14",1,Double room-Standard-Private Bathroom,Non Refundable,Room 1 BF,,1,0,GBP,154.20,54.20,34.20,120.00,Online,Booking.com,Booking.com,On Account,Confirmed,,ghiocel83@gmail.com,+447515129118,,"Non-Smoking  Promos: Domestic  There is no meal option with this room. Children and Extra Bed Policy: Children of any age are allowed. You haven't added any cots. You haven't added any extra beds. The maximum number of guests is 2.  Deposit Policy: The guest will be charged a prepayment of the total price of the reservation at any time.  Cancellation Policy: The guest will be charged the total price of the reservation if they cancel at any time.  payment_on_Booking.com (Payout type: BankTransfer)  ** THIS RESERVATION HAS BEEN PRE-PAID ** BOOKING NOTE : Payment charge is GBP 0.8672  Genius Booker ",,,,,"2026-09-13",,,,
Hotel Orlando by PLI,2026-09-14T15:02:46,028-046-634,CRH-311-712,2558527888,,Maciej,Dziwak,"2026-09-14","2026-09-15",1,Family room-Standard-Ensuite,Non Refundable,Room 3 BF W/Microwave,,2,0,GBP,173.00,73.00,53.00,120.00,Online,Expedia,Expedia & Affiliate Network,On Account,Confirmed,,maciej.dziwak@o2.pl,+447356035296,,"Expedia collects payment from traveler: Hotel invoices Expedia. ",,,,,"2026-09-14",,,100 Pounds Deposit Needed,
Hotel Orlando by PLI,2026-09-13T15:35:43,095-193-381,CHU-017-944,5879045736,,Phillip,Dixon,"2026-09-14","2026-09-16",2,Double room-Ensuite,Non Refundable,S Room 29 Mid 2nd F,,1,0,GBP,205.50,105.50,85.50,120.00,Online,Booking.com,Booking.com,On Account,Confirmed,,phillipdixon@msn.com,+447709594129,,"Non-Smoking  Promos: Domestic  There is no meal option with this room. Children and Extra Bed Policy: Children of any age are allowed. You haven't added any cots. You haven't added any extra beds. The maximum number of guests is 2.  Deposit Policy: The guest will be charged a prepayment of the total price of the reservation at any time.  Cancellation Policy: The guest can cancel free of charge until 7 days before arrival. The guest will be charged the total price of the reservation if they cancel in the 7 days before arrival. If the guest doesn’t show up, they will be charged the total price of the reservation.  payment_on_Booking.com (Payout type: BankTransfer)  ** THIS RESERVATION HAS BEEN PRE-PAID ** BOOKING NOTE : Payment charge is GBP 1.688  Genius Booker ",,,,,"2026-09-13",,,,
Hotel Orlando by PLI,2026-09-13T10:20:56,133-506-452,ZHP-500-475,6727315887,,Caroline,Aba Ofosu-Hene,"2026-09-14","2026-09-17",3,Double room-Ensuite,Base Rate,S Room 35 3rd F,,1,1,GBP,244.20,144.20,124.20,120.00,Online,Booking.com,Booking.com,On Account,Confirmed,,Carolineminaya4u@gmail.com,+233244713460,,"Child Ages: 9  Non-Smoking  Promos: Mobile(MDot) Rate  There is no meal option with this room. Children and Extra Bed Policy: Children of any age are allowed. You haven't added any cots. You haven't added any extra beds. The maximum number of guests is 2.  Deposit Policy: The guest will be charged a prepayment of the total price of the reservation at any time.  Cancellation Policy: The guest can cancel free of charge until 7 days before arrival. The guest will be charged the total price of the reservation if they cancel in the 7 days before arrival. If the guest doesn’t show up, they will be charged the total price of the reservation.  payment_on_Booking.com (Payout type: BankTransfer)  ** THIS RESERVATION HAS BEEN PRE-PAID ** BOOKING NOTE : Payment charge is GBP 2.3072 Guest is a woman and a child with luggages. Kindly assist them with the movement of their luggages to and from their room. Thank you  Genius Booker ",,,,,"2026-09-13",,,Instructions sent,
Hotel Orlando by PLI,2026-05-17T20:29:47,188-914-281,KZX-194-873,5891391136,,Edith,Amalia De Luca Balbuena,"2026-09-14","2026-09-17",3,Triple room-Standard-Private Bathroom,Non Refundable,Room 13 2nd Floor,,3,0,GBP,249.50,249.50,229.50,20.00,Online,Booking.com,Booking.com,On Account,Confirmed,,edithis.edl@gmail.com,+34625451715,,"Non-Smoking  Promos: European Economic Area  There is no meal option with this room. Children and Extra Bed Policy: Children of any age are allowed. You haven't added any cots. You haven't added any extra beds. The maximum number of guests is 3.  Deposit Policy: The guest will be charged a prepayment of the total price of the reservation at any time.  Cancellation Policy: The guest will be charged the total price of the reservation if they cancel at any time.  payment_on_Booking.com (Payout type: BankTransfer)  ** THIS RESERVATION HAS BEEN PRE-PAID ** Approximate time of arrival: between 14:00 and 15:00 BOOKING NOTE : Payment charge is GBP 3.992  Genius Booker ",,,,,"2026-05-17",,,,
Hotel Orlando by PLI,2026-09-10T16:00:07,329-642-442,YBI-827-474,5368973353,,James,Doherty,"2026-09-14","2026-09-18",4,Double room-Standard-Private Bathroom,Base Rate,Room 1 BF,,1,0,GBP,331.50,231.50,211.50,120.00,Online,Booking.com,Booking.com,On Account,Confirmed,,Ipdinteriors@gmail.com,+447837422152,,"Non-Smoking  Promos: Domestic  There is no meal option with this room. Children and Extra Bed Policy: Children of any age are allowed. You haven't added any cots. You haven't added any extra beds. The maximum number of guests is 2.  Deposit Policy: The guest will be charged a prepayment of the total price of the reservation at any time.  Cancellation Policy: The guest can cancel free of charge until 7 days before arrival. The guest will be charged the total price of the reservation if they cancel in the 7 days before arrival. If the guest doesn’t show up, they will be charged the total price of the reservation.  payment_on_Booking.com (Payout type: BankTransfer)  ** THIS RESERVATION HAS BEEN PRE-PAID ** BOOKING NOTE : Payment charge is GBP 3.704  Genius Booker ",,,,,"2026-09-10",,,,
Hotel Orlando by PLI,2026-09-13T03:07:37,339-439-321,TMD-121-970,5525616086,,Yousuf,Azeem,"2026-09-14","2026-09-15",1,Double room-Ensuite,Non Refundable,S Room 17 BF,,2,0,GBP,166.80,66.80,46.80,120.00,Online,Booking.com,Booking.com,On Account,Confirmed,,azeemyousuf@yahoo.com,+46762318321,,"Non-Smoking  Promos: European Economic Area  There is no meal option with this room. Children and Extra Bed Policy: Children of any age are allowed. You haven't added any cots. You haven't added any extra beds. The maximum number of guests is 2.  Deposit Policy: The guest will be charged a prepayment of the total price of the reservation at any time.  Cancellation Policy: The guest can cancel free of charge until 7 days before arrival. The guest will be charged the total price of the reservation if they cancel in the 7 days before arrival. If the guest doesn’t show up, they will be charged the total price of the reservation.  payment_on_Booking.com (Payout type: BankTransfer)  ** THIS RESERVATION HAS BEEN PRE-PAID ** BOOKING NOTE : Payment charge is GBP 1.0688  Genius Booker ",,,,,"2026-09-13",,,100 Pounds Deposit Needed,
Hotel Orlando by PLI,2026-08-12T16:36:01,386-315-311,PWE-486-099,6660077388,,TASLIMA,SARMIN,"2026-09-14","2026-09-20",6,Quad room-Standard-Ensuite,,S Room 30 2nd F - W/Fridge,,2,1,GBP,0.00,0.00,0.00,0.00,Online,Booking.com,Booking.com,On Account,Canceled,,tsarmi.863981@guest.booking.com,+33 7 82 09 56 31,,"Child Ages: 5  Non-Smoking  Promos: European Economic Area  There is no meal option with this room. Children and Extra Bed Policy: Children of any age are allowed. You haven't added any cots. You haven't added any extra beds. The maximum number of guests is 4.  Deposit Policy: The guest will be charged a prepayment of the total price of the reservation at any time.  Cancellation Policy: The guest can cancel free of charge until 7 days before arrival. The guest will be charged the total price of the reservation if they cancel in the 7 days before arrival. If the guest doesn’t show up, they will be charged the total price of the reservation.  payment_on_Booking.com (Payout type: BankTransfer)  ** THIS RESERVATION HAS BEEN PRE-PAID ** BOOKING NOTE : Payment charge is GBP 8.3984  Genius Booker ",,,,,"2026-08-12",,,,
Hotel Orlando by PLI,2026-09-14T10:03:09,396-298-812,HNK-534-514,6168273126,,Paul,Geoghan,"2026-09-14","2026-09-18",4,Quad room-Standard-Ensuite,Non Refundable,S Room 31 2nd FF,,2,0,GBP,340.50,240.50,220.50,120.00,Online,Booking.com,Booking.com,On Account,Confirmed,,paul_geoghegan74@hotmail.co.uk,+447899742745,,"Non-Smoking  Promos: Domestic  There is no meal option with this room. Children and Extra Bed Policy: Children of any age are allowed. You haven't added any cots. You haven't added any extra beds. The maximum number of guests is 4.  Deposit Policy: The guest will be charged a prepayment of the total price of the reservation at any time.  Cancellation Policy: The guest can cancel free of charge until 7 days before arrival. The guest will be charged the total price of the reservation if they cancel in the 7 days before arrival. If the guest doesn’t show up, they will be charged the total price of the reservation.  payment_on_Booking.com (Payout type: BankTransfer)  ** THIS RESERVATION HAS BEEN PRE-PAID ** BOOKING NOTE : Payment charge is GBP 3.848  Genius Booker ",,,,,"2026-09-14",,,,
Hotel Orlando by PLI,2026-09-11T20:35:30,461-618-852,INL-334-580,6548921457,,Danduprolu,Ajay Raghava,"2026-09-14","2026-09-17",3,Triple room-Standard-Private Bathroom,Non Refundable,Room 12 2nd Floor,,3,0,GBP,292.80,192.80,172.80,120.00,Online,Booking.com,Booking.com,On Account,Confirmed,"6:30 PM",ajayraghava92@gmail.com,+447887834080,,"Non-Smoking  Promos: Domestic  There is no meal option with this room. Children and Extra Bed Policy: Children of any age are allowed. You haven't added any cots. You haven't added any extra beds. The maximum number of guests is 3.  Deposit Policy: The guest will be charged a prepayment of the total price of the reservation at any time.  Cancellation Policy: The guest will be charged the total price of the reservation if they cancel at any time.  payment_on_Booking.com (Payout type: BankTransfer)  ** THIS RESERVATION HAS BEEN PRE-PAID ** BOOKING NOTE : Payment charge is GBP 3.0848  Genius Booker ",,,,,"2026-09-11",,,,
Hotel Orlando by PLI,2026-09-11T11:12:15,840-112-862,UNE-602-113,,,,Biniam Estifanos,"2026-09-14","2026-09-16",2,Quad Studio-Standard-Ensuite,Non Refundable,Flat 5 ( GF Orlando ),,1,0,GBP,139.00,139.00,119.00,20.00,Direct,,,On Account,Confirmed,,biniam98.estifanos@outlook.com,+447985670507,,,,,,,"2026-09-11",,,,
Hotel Orlando by PLI,2026-06-05T21:39:57,842-496-132,ZRU-789-820,2477599345,,Vittorio,D'Amore,"2026-09-14","2026-09-19",5,Family room-Standard-Ensuite,Non Refundable,S Room 19 BF,,4,0,GBP,596.99,496.99,476.99,120.00,Online,Expedia Affiliate Network,Expedia & Affiliate Network,On Account,Confirmed,,vdibellatravel@gmail.com,+447551923513,,"1 Twin Bed, 1 Queen Bed and 1 Twin Sofa Bed travel purpose=leisure ",,,,,"2026-06-05",,,,
Hotel Orlando by PLI,2026-09-05T06:12:22,849-086-592,JDU-315-454,5826751001,,Steven,Jeremy,"2026-09-14","2026-09-23",9,Double room-Ensuite,,S Room 17 BF,,1,0,GBP,0.00,0.00,0.00,0.00,Online,Booking.com,Booking.com,On Account,Canceled,,sjerem.947273@guest.booking.com,+61 421 325 999,,"Non-Smoking  There is no meal option with this room. Children and Extra Bed Policy: Children of any age are allowed. You haven't added any cots. You haven't added any extra beds. The maximum number of guests is 2.  Deposit Policy: The guest will be charged a prepayment of the total price of the reservation at any time.  Cancellation Policy: The guest can cancel free of charge until 7 days before arrival. The guest will be charged the total price of the reservation if they cancel in the 7 days before arrival. If the guest doesn’t show up, they will be charged the total price of the reservation.  payment_on_Booking.com (Payout type: BankTransfer)  ** THIS RESERVATION HAS BEEN PRE-PAID ** BOOKING NOTE : Payment charge is GBP 10.32 Approximate time of arrival: between 10:00 and 11:00  Genius Booker ",,,,,"2026-09-05",,,,
Hotel Orlando by PLI,2026-09-10T15:58:48,866-316-351,GCK-747-653,5692282662,,James,Doherty,"2026-09-14","2026-09-18",4,Twin room-Standard-Private Bathroom,Non Refundable,Room 16 3rd Floor,,2,0,GBP,327.00,227.00,207.00,120.00,Online,Booking.com,Booking.com,On Account,Confirmed,,Ipdinteriors@gmail.com,+447837422152,,"Non-Smoking  Promos: Domestic  There is no meal option with this room. Children and Extra Bed Policy: Children of any age are allowed. You haven't added any cots. You haven't added any extra beds. The maximum number of guests is 2.  Deposit Policy: The guest will be charged a prepayment of the total price of the reservation at any time.  Cancellation Policy: The guest will be charged the total price of the reservation if they cancel at any time.  payment_on_Booking.com (Payout type: BankTransfer)  ** THIS RESERVATION HAS BEEN PRE-PAID ** BOOKING NOTE : Payment charge is GBP 3.632  Genius Booker ",,,,,"2026-09-10",,,,
Hotel Orlando by PLI,2026-09-14T10:16:17,881-699-411,KPN-505-875,6998128120,,Theo,Lind,"2026-09-14","2026-09-16",2,Quad room-Standard-Ensuite,Non Refundable,S Room 27 1st F  W/Fridge,,1,0,GBP,218.10,118.10,98.10,120.00,Online,Booking.com,Booking.com,On Account,Confirmed,,theo.e.lind@outlook.com,+17207010415,,"Non-Smoking  Promos: Domestic  There is no meal option with this room. Children and Extra Bed Policy: Children of any age are allowed. You haven't added any cots. You haven't added any extra beds. The maximum number of guests is 4.  Deposit Policy: The guest will be charged a prepayment of the total price of the reservation at any time.  Cancellation Policy: The guest can cancel free of charge until 7 days before arrival. The guest will be charged the total price of the reservation if they cancel in the 7 days before arrival. If the guest doesn’t show up, they will be charged the total price of the reservation.  payment_on_Booking.com (Payout type: BankTransfer)  ** THIS RESERVATION HAS BEEN PRE-PAID ** BOOKING NOTE : Payment charge is GBP 1.8896 ",,,,,"2026-09-14",,,,
Hotel Orlando by PLI,2026-02-03T12:36:39,918-426-142,IVD-916-232,1418fb94e984-3bde4cab0e2abf1f8859784e580741e7@airbnb.com,,Michael’s,iCal,"2026-09-14","2026-09-19",5,Studio-Basic-Ensuite,Base Rate,Flat 24  ( GF Sino ),,1,0,GBP,354.84,354.84,334.84,20.00,iCal,ical1,,Deposit (Variable),Confirmed,,,+18178050004,,"Michael’s group of 3 Sep 14 – 19 · 5 nights Flat 24 GF Sino · Flat near Westfield & Hammersmith",,,,,"2026-02-03",,,,
Hotel Orlando by PLI,2026-08-21T20:25:49,933-936-652,KLK-028-475,6970270589,,Dér,Bence,"2026-09-14","2026-09-19",5,Quad room-Standard-Ensuite,Non Refundable,S Room 21 GF - SofaBed,,4,0,GBP,541.20,441.20,421.20,120.00,Online,Booking.com,Booking.com,On Account,Confirmed,,benceder18@gmail.com,+36302847332,,"Non-Smoking  Promos: European Economic Area  There is no meal option with this room. Children and Extra Bed Policy: Children of any age are allowed. You haven't added any cots. You haven't added any extra beds. The maximum number of guests is 4.  Deposit Policy: The guest will be charged a prepayment of the total price of the reservation at any time.  Cancellation Policy: The guest can cancel free of charge until 7 days before arrival. The guest will be charged the total price of the reservation if they cancel in the 7 days before arrival. If the guest doesn’t show up, they will be charged the total price of the reservation.  payment_on_Booking.com (Payout type: BankTransfer)  ** THIS RESERVATION HAS BEEN PRE-PAID ** BOOKING NOTE : Payment charge is GBP 7.0592 Approximate time of arrival: between 01:00 and 02:00  Genius Booker ",,,,,"2026-08-21",,,,
Hotel Orlando by PLI,2026-09-15T06:09:00,001-060-821,FVK-010-498,6387949959,,Oladayo,Aboyeji,"2026-09-15","2026-09-17",2,Quad room-Standard-Ensuite,Non Refundable,S Room 30 2nd F - W/Fridge,,2,0,GBP,237.90,137.90,117.90,120.00,Online,Booking.com,Booking.com,On Account,Confirmed,,oladayo.un@gmail.com,+447344395861,,"Non-Smoking  Promos: Domestic  There is no meal option with this room. Children and Extra Bed Policy: Children of any age are allowed. You haven't added any cots. You haven't added any extra beds. The maximum number of guests is 4.  Deposit Policy: The guest will be charged a prepayment of the total price of the reservation at any time.  Cancellation Policy: The guest can cancel free of charge until 7 days before arrival. The guest will be charged the total price of the reservation if they cancel in the 7 days before arrival. If the guest doesn’t show up, they will be charged the total price of the reservation.  payment_on_Booking.com (Payout type: BankTransfer)  ** THIS RESERVATION HAS BEEN PRE-PAID ** BOOKING NOTE : Payment charge is GBP 2.2064 ",,,,,"2026-09-15",,,,
Hotel Orlando by PLI,2026-09-15T14:23:33,014-250-582,JHM-093-851,6285781588,,Omar,Davis,"2026-09-15","2026-09-16",1,Quad room-Standard-Private Bathroom,Non Refundable,Room 4 GF,,2,0,GBP,176.70,76.70,56.70,120.00,Online,Booking.com,Booking.com,On Account,Confirmed,,od360od@gmail.com,+447463119062,,"Non-Smoking  Promos: Mobile(MDot) Rate  There is no meal option with this room. Children and Extra Bed Policy: Children of any age are allowed. You haven't added any cots. You haven't added any extra beds. The maximum number of guests is 4.  Deposit Policy: The guest will be charged a prepayment of the total price of the reservation at any time.  Cancellation Policy: The guest will be charged the total price of the reservation if they cancel at any time.  payment_on_Booking.com (Payout type: BankTransfer)  ** THIS RESERVATION HAS BEEN PRE-PAID ** BOOKING NOTE : Payment charge is GBP 1.2272  Genius Booker ",,,,,"2026-09-15",,,,
Hotel Orlando by PLI,2025-11-19T16:07:38,031-183-552,CBC-844-982,5412591997,,Lisa,Hunter,"2026-09-15","2026-09-17",2,Quad room-Standard-Ensuite,,S Room 27 1st F,,4,0,GBP,0.00,0.00,0.00,0.00,Online,Booking.com,Booking.com,On Account,Canceled,,lhunte.610187@guest.booking.com,+44 7510 620155,,"Group: 7 x Adult, 0 x Child  payment_on_Booking.com (Payout type: BankTransfer)  Non-Smoking  ** THIS RESERVATION HAS BEEN PRE-PAID ** BOOKING NOTE : Payment charge is GBP 6.2704  Genius Booker  Promos: Mobile(App) Rate  There is no meal option with this room. Children and Extra Bed Policy: Children of any age are allowed. You haven't added any cots. You haven't added any extra beds. The maximum number of guests is 4.  Deposit Policy: The guest will be charged a prepayment of the total price of the reservation at any time.  Cancellation Policy: The guest can cancel free of charge until 7 days before arrival. The guest will be charged the total price of the reservation if they cancel in the 7 days before arrival.",,,,,"2025-11-19",,,,
Hotel Orlando by PLI,2026-09-13T21:25:48,143-665-914,SQW-462-973,5371699860,,Simon,Capell,"2026-09-15","2026-09-16",1,Double room-Standard-Private Bathroom,Non Refundable,Room 11 2nd Floor,,1,0,GBP,66.80,66.80,46.80,20.00,Online,Booking.com,Booking.com,On Account,Confirmed,,simon_capell@hotmail.com,+447843047197,,"Non-Smoking  Promos: Domestic  There is no meal option with this room. Children and Extra Bed Policy: Children of any age are allowed. You haven't added any cots. You haven't added any extra beds. The maximum number of guests is 2.  Deposit Policy: The guest will be charged a prepayment of the total price of the reservation at any time.  Cancellation Policy: The guest will be charged the total price of the reservation if they cancel at any time.  payment_on_Booking.com (Payout type: BankTransfer)  ** THIS RESERVATION HAS BEEN PRE-PAID ** BOOKING NOTE : Payment charge is GBP 1.0688  Genius Booker ",,,,,"2026-09-13",,,,
Hotel Orlando by PLI,2025-11-19T16:07:38,148-003-111,CBC-844-982,5412591997,,Lisa,Hunter,"2026-09-15","2026-09-17",2,Triple room-Standard-Ensuite,,S Room 34 3rd F,,3,0,GBP,0.00,See 031-183-552,0.00,0.00,Online,Booking.com,Booking.com,On Account,Canceled,,lhunte.610187@guest.booking.com,+44 7510 620155,,"Group: 7 x Adult, 0 x Child  payment_on_Booking.com (Payout type: BankTransfer)  Non-Smoking  ** THIS RESERVATION HAS BEEN PRE-PAID ** BOOKING NOTE : Payment charge is GBP 6.2704  Genius Booker  Promos: Mobile(App) Rate  There is no meal option with this room. Children and Extra Bed Policy: Children of any age are allowed. You haven't added any cots. You haven't added any extra beds. The maximum number of guests is 4.  Deposit Policy: The guest will be charged a prepayment of the total price of the reservation at any time.  Cancellation Policy: The guest can cancel free of charge until 7 days before arrival. The guest will be charged the total price of the reservation if they cancel in the 7 days before arrival.",,,,,"2025-11-19",,,,
Hotel Orlando by PLI,2026-08-11T13:45:27,149-063-311,CBQ-042-589,2531978676,,MOHAMMED,KHERFI,"2026-09-15","2026-09-21",6,Double room-Ensuite,,S Room 28 1st F,,1,0,GBP,0.00,0.00,0.00,0.00,Online,Expedia Affiliate Network,Expedia & Affiliate Network,On Account,Canceled,,cs@xiwantrip.com,1111111111111,,"1 Double Bed Expedia collects payment from traveler: Hotel invoices Expedia. ",,,,,"2026-08-11",,,,
Hotel Orlando by PLI,2026-09-09T00:16:36,158-683-524,SEJ-493-947,5106946366,,Mousa,Shehada,"2026-09-15","2026-09-18",3,Family room-Standard-Ensuite,Non Refundable,Room 3 BF W/Microwave,,2,3,GBP,323.40,223.40,203.40,120.00,Online,Booking.com,Booking.com,On Account,Confirmed,,shehadamousa18@gmail.com,+32465213573,,"Child Ages: 1, 3, 5  Non-Smoking  Promos: European Economic Area  There is no meal option with this room. Children and Extra Bed Policy: Children of any age are allowed. You haven't added any cots. You haven't added any extra beds. The maximum number of guests is 5.  Deposit Policy: The guest will be charged a prepayment of the total price of the reservation at any time.  Cancellation Policy: The guest can cancel free of charge until 4 days before arrival. The guest will be charged the total price of the reservation if they cancel in the 4 days before arrival.  payment_on_Booking.com (Payout type: BankTransfer)  ** THIS RESERVATION HAS BEEN PRE-PAID ** BOOKING NOTE : Payment charge is GBP 3.5744 This is a Smart Flex reservation. Upgraded policy: Free cancellation until 4 days before check-in. More information can be found at https://admin.booking.com/hotel/hoteladmin/extranet_ng/manage/booking.html?hotel_id=8393769&res_id=5106946366  Genius Booker ",,,,,"2026-09-08",,,,
Hotel Orlando by PLI,2026-09-08T17:38:42,229-934-131,MSE-274-711,2554016761,,Rewi,Newnham,"2026-09-15","2026-09-16",1,Double room-Ensuite,Base Rate,S Room 18 BF,,2,0,GBP,71.29,171.29,51.29,20.00,Online,Expedia,Expedia & Affiliate Network,On Account,Confirmed,,rewinewnham@hotmail.com,+447599591899,,"1 Queen Bed Expedia collects payment from traveler: Hotel invoices Expedia. ",,,,,"2026-09-08",,,100 Pounds Deposit Needed,
Hotel Orlando by PLI,2026-09-10T15:18:38,246-814-614,GIW-912-880,2555627690,,Adele,GOOLEN,"2026-09-15","2026-09-19",4,Double room-Ensuite,Base Rate,S Room 17 BF,,2,0,GBP,276.00,276.00,256.00,20.00,Online,Expedia Affiliate Network,Expedia & Affiliate Network,On Account,Confirmed,,adele.goolen@gmail.com,11111111111,,"1 Queen Bed Expedia collects payment from traveler: Hotel invoices Expedia. ",,,,,"2026-09-10",,,,
Hotel Orlando by PLI,2026-07-25T10:03:21,298-630-691,PJD-720-802,2518265172,,SAADMAN,RAHMAN,"2026-09-15","2026-09-28",13,Quad room-Standard-Ensuite,,S Room 31 2nd FF,,3,0,GBP,0.00,0.00,0.00,0.00,Online,Expedia,Expedia & Affiliate Network,On Account,Canceled,,landy@unitabi.com,1111111111111,,"1 Queen Sofa Bed and 1 Double Bed Multi-room booking. Primary traveler:RAHMAN, SAADMAN. 1 of 2 rooms. travel purpose=leisure ",,,,,"2026-07-25",,,,
Hotel Orlando by PLI,2026-09-07T21:01:45,380-101-292,DDU-719-354,2553320240,,MOHAMMED,KHERFI,"2026-09-15","2026-09-21",6,Double room-Ensuite,,S Room 29 Mid 2nd F,,1,0,GBP,0.00,0.00,0.00,0.00,Online,Expedia Affiliate Network,Expedia & Affiliate Network,On Account,Canceled,,cs@xiwantrip.com,1111111111111,,"1 Double Bed Expedia collects payment from traveler: Hotel invoices Expedia. ",,,,,"2026-09-07",,,,
Hotel Orlando by PLI,2025-08-14T15:40:13,383-969-834,PMV-129-145,6768198415,,Amy,Smith,"2026-09-15","2026-09-18",3,Twin room-Standard-Private Bathroom,,Room 16 3rd Floor,,1,0,GBP,0.00,0.00,0.00,0.00,Online,Booking.com,Booking.com,On Account,Canceled,,asmith.876898@guest.booking.com,+44 7738 280225,,"Non-Smoking  Promos: Domestic  There is no meal option with this room. Children and Extra Bed Policy: Children of any age are allowed. You haven't added any cots. You haven't added any extra beds. The maximum number of guests is 2.  Deposit Policy: The guest will be charged a prepayment of the total price of the reservation at any time.  Cancellation Policy: The guest can cancel free of charge until 7 days before arrival. The guest will be charged the total price of the reservation if they cancel in the 7 days before arrival.  payment_on_Booking.com (Payout type: BankTransfer)  ** THIS RESERVATION HAS BEEN PRE-PAID ** Approximate time of arrival: between 16:00 and 17:00 BOOKING NOTE : Payment charge is GBP 2.064  Genius Booker ",,,,,"2025-08-14",,,,
Hotel Orlando by PLI,2026-09-15T13:30:32,429-888-632,XYH-522-450,2559337929,,Orla,McGreevy,"2026-09-15","2026-09-16",1,Quad room-Standard-Private Bathroom,Non Refundable,Room 9 1st Floor,,2,0,GBP,183.00,83.00,63.00,120.00,Online,Expedia,Expedia & Affiliate Network,On Account,Confirmed,,Llah1984@live.co.uk,+447856778983,,"1 Queen Sofa Bed and 1 Queen Bed Expedia collects payment from traveler: Hotel invoices Expedia. ",,,,,"2026-09-15",,,,
Hotel Orlando by PLI,2025-07-19T14:34:56,433-861-141,ARZ-134-116,5505921060,,Akinduro,Akinsola,"2026-09-15","2026-09-19",4,Twin room-Standard-Private Bathroom,,Room 12 3rd Floor,,2,0,GBP,0.00,0.00,0.00,0.00,Online,Booking.com,Booking.com,On Account,Canceled,,aakins.525800@guest.booking.com,+353 89 954 4699,,"Non-Smoking  Promos: Mobile(App) Rate  There is no meal option with this room. Children and Extra Bed Policy: Children of any age are allowed. You haven't added any cots. You haven't added any extra beds. The maximum number of guests is 2.  Deposit Policy: The guest will be charged a prepayment of the total price of the reservation at any time.  Cancellation Policy: The guest can cancel free of charge until 7 days before arrival. The guest will be charged the total price of the reservation if they cancel in the 7 days before arrival.  payment_on_Booking.com (Payout type: BankTransfer)  ** THIS RESERVATION HAS BEEN PRE-PAID ** BOOKING NOTE : Payment charge is GBP 2.544  Genius Booker ",,,,,"2025-07-19",,,,
Hotel Orlando by PLI,2026-02-14T12:49:00,498-430-834,XDO-108-884,6280321846,,Lisa,Hindhaugh,"2026-09-15","2026-09-17",2,Quad room-Standard-Ensuite,,S Room 21 GF - SofaBed,,3,0,GBP,0.00,0.00,0.00,0.00,Online,Booking.com,Booking.com,On Account,Canceled,,lhindh.556511@guest.booking.com,+44 7510 620155,,"Non-Smoking  Promos: Mobile(App) Rate  There is no meal option with this room. Children and Extra Bed Policy: Children of any age are allowed. You haven't added any cots. You haven't added any extra beds. The maximum number of guests is 4.  Deposit Policy: The guest will be charged a prepayment of the total price of the reservation in the 5 days before arrival.  Cancellation Policy: The guest can cancel free of charge until 5 days before arrival. The guest will be charged the total price of the reservation if they cancel in the 5 days before arrival. If the guest doesn’t show up, they will be charged the total price of the reservation.  payment_on_Booking.com (Payout type: BankTransfer)  ** THIS RESERVATION HAS BEEN PRE-PAID ** BOOKING NOTE : Payment charge is GBP 3.6792  Genius Booker ",,,,,"2026-02-14",,,,
Hotel Orlando by PLI,2026-09-14T22:45:38,605-686-664,RPT-772-454,6194919775,,Ondrej,Wimmer,"2026-09-15","2026-09-18",3,Double room-Standard-Private Bathroom,Non Refundable,Room 10 1st Floor,,2,0,GBP,269.40,169.40,149.40,120.00,Online,Booking.com,Booking.com,On Account,Confirmed,,wondra98@seznam.cz,+420606559471,,"Non-Smoking  Promos: European Economic Area  There is no meal option with this room. Children and Extra Bed Policy: Children of any age are allowed. You haven't added any cots. You haven't added any extra beds. The maximum number of guests is 2.  Deposit Policy: The guest will be charged a prepayment of the total price of the reservation at any time.  Cancellation Policy: The guest will be charged the total price of the reservation if they cancel at any time.  payment_on_Booking.com (Payout type: BankTransfer)  ** THIS RESERVATION HAS BEEN PRE-PAID ** Hello, we will be in London super early, our flight from Czechia is at 7am, so we will be in London at 10 oclock max. So is there any possibility that we can check in this early or just leave our luggage somewhere.. Please let me know.. Thanks and see you soon BOOKING NOTE : Payment charge is GBP 2.7104  Genius Booker ",,,,,"2026-09-14",,,Instructions sent,
Hotel Orlando by PLI,2026-04-07T03:05:22,616-486-414,PNZ-289-900,5270995903,,Tiago,Lopes,"2026-09-15","2026-09-19",4,Triple room-Standard-Ensuite,Non Refundable,S Room 33 3rd F - W/Microwave &Fridge,,2,1,GBP,338.60,338.60,318.60,20.00,Online,Booking.com,Booking.com,On Account,Confirmed,,tiago.lops@gmail.com,+5511998464570,,"Child Ages: 8  Non-Smoking  Promos: Mobile(App) Rate  There is no meal option with this room. Children and Extra Bed Policy: Children of any age are allowed. You haven't added any cots. You haven't added any extra beds. The maximum number of guests is 3.  Deposit Policy: The guest will be charged a prepayment of the total price of the reservation in the 5 days before arrival.  Cancellation Policy: The guest can cancel free of charge until 5 days before arrival. The guest will be charged the total price of the reservation if they cancel in the 5 days before arrival. If the guest doesn’t show up, they will be charged the total price of the reservation.  payment_on_Booking.com (Payout type: BankTransfer)  ** THIS RESERVATION HAS BEEN PRE-PAID ** BOOKING NOTE : Payment charge is GBP 5.4176  Genius Booker ",,,,,"2026-04-07",,,,
Hotel Orlando by PLI,2026-07-16T11:10:06,633-460-804,ZEI-571-156,2510924819,,SAADMAN,RAHMAN,"2026-09-15","2026-09-28",13,Quad room-Standard-Ensuite,,S Room 26 1st F - W/Fridge,,3,0,GBP,0.00,0.00,0.00,0.00,Online,Expedia,Expedia & Affiliate Network,On Account,Canceled,,landy@unitabi.com,1111111111111,,"1 Queen Sofa Bed and 1 Double Bed Multi-room booking. Primary traveler:RAHMAN, SAADMAN. 2 of 2 rooms. travel purpose=leisure ",,,,,"2026-07-16",,,,
Hotel Orlando by PLI,2026-09-15T12:47:14,828-246-594,EIL-298-652,6958881377,,Hannah,Martin,"2026-09-15","2026-09-16",1,Quad Studio-Standard-Ensuite,Non Refundable,Flat 2 ( Basement Orlando ),,1,0,GBP,181.20,81.20,61.20,120.00,Online,Booking.com,Booking.com,On Account,Confirmed,,hl.martin87@googlemail.com,+447746011834,,"Non-Smoking  Promos: Domestic  There is no meal option with this room. Children and Extra Bed Policy: Children of any age are allowed. You haven't added any cots. You haven't added any extra beds. The maximum number of guests is 4.  Deposit Policy: The guest will be charged a prepayment of the total price of the reservation at any time.  Cancellation Policy: The guest can cancel free of charge until 7 days before arrival. The guest will be charged the total price of the reservation if they cancel in the 7 days before arrival. If the guest doesn’t show up, they will be charged the total price of the reservation.  payment_on_Booking.com (Payout type: BankTransfer)  ** THIS RESERVATION HAS BEEN PRE-PAID ** BOOKING NOTE : Payment charge is GBP 1.2992  Genius Booker ",,,,,"2026-09-15",,,,
Hotel Orlando by PLI,2026-09-14T16:59:29,848-834-421,AXB-477-223,5362664682,,Meddah,Anass,"2026-09-15","2026-09-19",4,Double room-Standard-Private Bathroom,Non Refundable,Room 6 GF,,1,0,GBP,341.40,241.40,221.40,120.00,Online,Booking.com,Booking.com,On Account,Confirmed,,anassmedd00@gmail.com,+447522612013,,"Non-Smoking  Promos: Domestic  There is no meal option with this room. Children and Extra Bed Policy: Children of any age are allowed. You haven't added any cots. You haven't added any extra beds. The maximum number of guests is 2.  Deposit Policy: The guest will be charged a prepayment of the total price of the reservation at any time.  Cancellation Policy: The guest will be charged the total price of the reservation if they cancel at any time.  payment_on_Booking.com (Payout type: BankTransfer)  ** THIS RESERVATION HAS BEEN PRE-PAID ** BOOKING NOTE : Payment charge is GBP 3.8624  Genius Booker ",,,,,"2026-09-14",,,,
Hotel Orlando by PLI,2026-09-14T22:26:33,866-099-221,VEP-957-386,5811321375,,Lukasz,Jankowski,"2026-09-15","2026-09-16",1,Double room-Standard-Private Bathroom,Non Refundable,Room 14 2nd Floor,,1,0,GBP,166.80,66.80,46.80,120.00,Online,Booking.com,Booking.com,On Account,Confirmed,,lukaszodjankowskich@gmail.com,+48503192856,,"Non-Smoking  Promos: Domestic  There is no meal option with this room. Children and Extra Bed Policy: Children of any age are allowed. You haven't added any cots. You haven't added any extra beds. The maximum number of guests is 2.  Deposit Policy: The guest will be charged a prepayment of the total price of the reservation at any time.  Cancellation Policy: The guest will be charged the total price of the reservation if they cancel at any time.  payment_on_Booking.com (Payout type: BankTransfer)  ** THIS RESERVATION HAS BEEN PRE-PAID ** BOOKING NOTE : Payment charge is GBP 1.0688  Genius Booker ",,,,,"2026-09-14",,,,
Hotel Orlando by PLI,2026-09-13T22:31:37,883-916-381,NZD-108-507,2558020862,,Athavan,Premaruban,"2026-09-15","2026-09-16",1,Quad room-Standard-Ensuite,Non Refundable,S Room 26 1st F - W/Fridge,,2,2,GBP,176.70,76.70,56.70,120.00,Online,Expedia,Expedia & Affiliate Network,On Account,Confirmed,,Anchana91@hotmail.de,+491722043068,,"1 Queen Sofa Bed and 1 Double Bed Expedia collects payment from traveler: Hotel invoices Expedia. ",,,,,"2026-09-13",,,,
Hotel Orlando by PLI,2026-07-25T10:03:25,914-652-284,ARI-766-458,2518265179,,SAADMAN,RAHMAN,"2026-09-15","2026-09-28",13,Quad room-Standard-Ensuite,,S Room 21 GF - SofaBed,,3,0,GBP,0.00,0.00,0.00,0.00,Online,Expedia,Expedia & Affiliate Network,On Account,Canceled,,landy@unitabi.com,1111111111111,,"1 Queen Sofa Bed and 1 Double Bed Multi-room booking. Primary traveler:RAHMAN, SAADMAN. 2 of 2 rooms. travel purpose=leisure ",,,,,"2026-07-25",,,,
Hotel Orlando by PLI,2026-07-16T11:10:04,919-384-524,KZX-904-733,2510924817,,SAADMAN,RAHMAN,"2026-09-15","2026-09-28",13,Quad room-Standard-Ensuite,,S Room 30 2nd F - W/Fridge,,3,0,GBP,0.00,0.00,0.00,0.00,Online,Expedia,Expedia & Affiliate Network,On Account,Canceled,,landy@unitabi.com,1111111111111,,"1 Queen Sofa Bed and 1 Double Bed Multi-room booking. Primary traveler:RAHMAN, SAADMAN. 1 of 2 rooms. travel purpose=leisure ",,,,,"2026-07-16",,,,
Hotel Orlando by PLI,2026-07-13T15:42:30,053-214-411,EOO-968-121,2508399842,,Emma,GUIGONIS,"2026-09-16","2026-09-20",4,Triple room-Standard-Private Bathroom,Non Refundable,Room 8 1st Floor,,2,0,GBP,456.61,456.61,336.61,120.00,Online,Expedia Affiliate Network,Expedia & Affiliate Network,On Account,Confirmed,,e.guigonis@outlook.fr,+33666275801,,"1 Twin Bed and 1 Queen Bed Expedia collects payment from traveler: Hotel invoices Expedia. ",,,,,"2026-07-13",,,Instructions sent,
Hotel Orlando by PLI,2026-09-16T19:27:56,102-033-321,RIQ-356-741,6196292044,,Steve,Dumbrell,"2026-09-16","2026-09-17",1,Quad room-Standard-Private Bathroom,Non Refundable,Room 9 1st Floor,,2,0,GBP,181.20,181.20,61.20,120.00,Online,Booking.com,Booking.com,On Account,Confirmed,,stevejd21@outlook.com,+447754437304,,"Non-Smoking  Promos: Domestic  There is no meal option with this room. Children and Extra Bed Policy: Children of any age are allowed. You haven't added any cots. You haven't added any extra beds. The maximum number of guests is 4.  Deposit Policy: The guest will be charged a prepayment of the total price of the reservation at any time.  Cancellation Policy: The guest will be charged the total price of the reservation if they cancel at any time.  payment_on_Booking.com (Payout type: BankTransfer)  ** THIS RESERVATION HAS BEEN PRE-PAID ** BOOKING NOTE : Payment charge is GBP 1.2992  Genius Booker ",,,,,"2026-09-16",,,,
Hotel Orlando by PLI,2026-04-14T15:34:30,188-612-511,MRA-502-402,5732357595,,Margherita,Bertolami,"2026-09-16","2026-09-20",4,Quad room-Standard-Private Bathroom,,Room 4 GF,,4,0,GBP,0.00,0.00,0.00,0.00,Online,Booking.com,Booking.com,On Account,Canceled,,mberto.986631@guest.booking.com,+39 370 109 6770,,"Non-Smoking  Promos: European Economic Area  There is no meal option with this room. Children and Extra Bed Policy: Children are not allowed. You haven't added any cots. You haven't added any extra beds. The maximum number of guests is 4.  Deposit Policy: The guest will be charged a prepayment of the total price of the reservation at any time.  Cancellation Policy: The guest can cancel free of charge until 7 days before arrival. The guest will be charged the total price of the reservation if they cancel in the 7 days before arrival. If the guest doesn’t show up, they will be charged the total price of the reservation.  payment_on_Booking.com (Payout type: BankTransfer)  ** THIS RESERVATION HAS BEEN PRE-PAID ** BOOKING NOTE : Payment charge is GBP 6.8432 ",,,,,"2026-04-14",,,,
Hotel Orlando by PLI,2026-08-29T13:44:16,220-913-482,GTL-262-179,5377719874,,CORY,SHIELD,"2026-09-16","2026-09-21",5,Double room-Ensuite,Non Refundable,S Room 18 BF,,2,0,GBP,507.90,407.90,387.90,120.00,Online,Booking.com,Booking.com,On Account,Confirmed,,mcliggett06@comcast.net,+12035640799,,"payment_on_Booking.com (Payout type: BankTransfer)  Non-Smoking  ** THIS RESERVATION HAS BEEN PRE-PAID ** BOOKING NOTE : Payment charge is GBP 6.5264  Promos: Mobile Rate(10%)  There is no meal option with this room. Children and Extra Bed Policy: Children of any age are allowed. You haven't added any cots. You haven't added any extra beds. The maximum number of guests is 2.  Deposit Policy: The guest will be charged a prepayment of the total price of the reservation at any time.  Cancellation Policy: The guest can cancel free of charge until 7 days before arrival. The guest will be charged the total price of the reservation if they cancel in the 7 days before arrival. If the guest doesn’t show up, they will be charged the total price of the reservation.",,,,,"2026-08-29",,,Instructions sent,
Hotel Orlando by PLI,2026-09-12T16:39:57,232-505-621,OXK-311-340,5791999697,,Patricia,Briggs,"2026-09-16","2026-09-21",5,Quad room-Standard-Ensuite,Non Refundable,S Room 26 1st F - W/Fridge,,2,0,GBP,501.60,401.60,381.60,120.00,Online,Booking.com,Booking.com,On Account,Confirmed,,tammy_540@hotmail.com,+447872998797,,"payment_on_Booking.com (Payout type: BankTransfer)  Non-Smoking  ** THIS RESERVATION HAS BEEN PRE-PAID ** This is a Smart Flex reservation. Upgraded policy: Free cancellation until 2 days before check-in. More information can be found at https://admin.booking.com/hotel/hoteladmin/extranet_ng/manage/booking.html?hotel_id=8393769&res_id=5791999697 BOOKING NOTE : Payment charge is GBP 6.4256  Genius Booker  Promos: Domestic  There is no meal option with this room. Children and Extra Bed Policy: Children of any age are allowed. You haven't added any cots. You haven't added any extra beds. The maximum number of guests is 4.  Deposit Policy: The guest will be charged a prepayment of the total price of the reservation at any time.  Cancellation Policy: The guest can cancel free of charge until 2 days before arrival. The guest will be charged the total price of the reservation if they cancel in the 2 days before arrival.",,,,,"2026-09-12",,,Instructions sent,
Hotel Orlando by PLI,2025-07-22T22:25:50,404-316-854,KNR-410-538,5573386077,,Svetlana,Brincat Muscat,"2026-09-16","2026-09-17",1,Booked as: Triple-Standard-Private Bathroom,,Room 6 1st Floor,,2,1,GBP,47.50,47.50,47.50,0.00,Online,Booking.com,Booking.com,On Account,Canceled,,svet1993@hotmail.com,+35679311464,,"Child Ages: 2  Non-Smoking  Promos: European Economic Area  There is no meal option with this room. Children and Extra Bed Policy: Children of any age are allowed. You haven't added any cots. You haven't added any extra beds. The maximum number of guests is 3.  Deposit Policy: The guest will be charged a prepayment of the total price of the reservation at any time.  Cancellation Policy: The guest can cancel free of charge until 7 days before arrival. The guest will be charged the total price of the reservation if they cancel in the 7 days before arrival.  payment_on_Booking.com (Payout type: BankTransfer)  ** THIS RESERVATION HAS BEEN PRE-PAID ** BOOKING NOTE : Payment charge is GBP 1  Genius Booker ",,,,,"2025-07-22",,,100 Pounds Deposit Needed,
Hotel Orlando by PLI,2026-09-15T18:22:18,450-120-182,HIA-976-163,5529206542,,Abdulsamed,Mohamed,"2026-09-16","2026-09-17",1,Double room-Standard-Private Bathroom,Non Refundable,Room 14 2nd Floor,,2,0,GBP,171.30,71.30,51.30,120.00,Online,Booking.com,Booking.com,On Account,Confirmed,,abdulsamed15@hotmail.com,+447534196178,,"Non-Smoking  Promos: Domestic  There is no meal option with this room. Children and Extra Bed Policy: Children of any age are allowed. You haven't added any cots. You haven't added any extra beds. The maximum number of guests is 2.  Deposit Policy: The guest will be charged a prepayment of the total price of the reservation at any time.  Cancellation Policy: The guest will be charged the total price of the reservation if they cancel at any time.  payment_on_Booking.com (Payout type: BankTransfer)  ** THIS RESERVATION HAS BEEN PRE-PAID ** BOOKING NOTE : Payment charge is GBP 1.1408  Genius Booker ",,,,,"2026-09-15",,,,
Hotel Orlando by PLI,2026-09-15T00:57:38,534-369-832,SRV-687-001,6194973405,,Tomasz,Kukier,"2026-09-16","2026-09-17",1,Double room-Ensuite,Non Refundable,S Room 29 Mid 2nd F,,2,0,GBP,171.30,171.30,51.30,120.00,Online,Booking.com,Booking.com,On Account,Confirmed,,tommy10@o2.pl,+487405092523,,"Non-Smoking  Promos: Domestic  There is no meal option with this room. Children and Extra Bed Policy: Children of any age are allowed. You haven't added any cots. You haven't added any extra beds. The maximum number of guests is 2.  Deposit Policy: The guest will be charged a prepayment of the total price of the reservation at any time.  Cancellation Policy: The guest can cancel free of charge until 7 days before arrival. The guest will be charged the total price of the reservation if they cancel in the 7 days before arrival. If the guest doesn’t show up, they will be charged the total price of the reservation.  payment_on_Booking.com (Payout type: BankTransfer)  ** THIS RESERVATION HAS BEEN PRE-PAID ** BOOKING NOTE : Payment charge is GBP 1.1408 ",,,,,"2026-09-14",,,100 Pounds Deposit Needed,
Hotel Orlando by PLI,2026-07-31T14:13:28,592-344-482,CLG-357-781,6253031717,,Ruth,Lindah Irahuya Vulimu,"2026-09-16","2026-09-20",4,Single room-Standard-Ensuite,,Room 15 3rd Floor,,1,0,GBP,0.00,0.00,0.00,0.00,Online,Booking.com,Booking.com,On Account,Canceled,,rvulim.284898@guest.booking.com,+254 722 901774,,"Non-Smoking  There is no meal option with this room. Children and Extra Bed Policy: Children of any age are allowed. You haven't added any cots. You haven't added any extra beds. The maximum number of guests is 1.  Deposit Policy: The guest will be charged a prepayment of the total price of the reservation at any time.  Cancellation Policy: The guest can cancel free of charge until 7 days before arrival. The guest will be charged the total price of the reservation if they cancel in the 7 days before arrival. If the guest doesn’t show up, they will be charged the total price of the reservation.  payment_on_Booking.com (Payout type: BankTransfer)  ** THIS RESERVATION HAS BEEN PRE-PAID ** Approximate time of arrival: between 15:00 and 16:00 BOOKING NOTE : Payment charge is GBP 5.2  Genius Booker ",,,,,"2026-07-31",,,,
Hotel Orlando by PLI,2026-09-11T12:47:40,610-583-261,HDW-140-985,5083382873,,taylor,cable,"2026-09-16","2026-09-17",1,Quad room-Standard-Ensuite,Non Refundable,S Room 27 1st F  W/Fridge,,4,0,GBP,183.00,183.00,63.00,120.00,Online,Booking.com,Booking.com,On Account,Confirmed,,taylor.cable20@gmail.com,+447745999860,,"Non-Smoking  Promos: Domestic  There is no meal option with this room. Children and Extra Bed Policy: Children of any age are allowed. You haven't added any cots. You haven't added any extra beds. The maximum number of guests is 4.  Deposit Policy: The guest will be charged a prepayment of the total price of the reservation at any time.  Cancellation Policy: The guest can cancel free of charge until 7 days before arrival. The guest will be charged the total price of the reservation if they cancel in the 7 days before arrival. If the guest doesn’t show up, they will be charged the total price of the reservation.  payment_on_Booking.com (Payout type: BankTransfer)  ** THIS RESERVATION HAS BEEN PRE-PAID ** BOOKING NOTE : Payment charge is GBP 1.328  Genius Booker ",,,,,"2026-09-11",,,100 Pounds Deposit Needed,
Hotel Orlando by PLI,2026-09-08T10:41:00,643-932-502,UEM-469-559,2553743253,,Paul,Hatchett,"2026-09-16","2026-09-18",2,Quad room-Standard-Private Bathroom,Base Rate,Room 4 GF,,2,0,GBP,263.09,163.09,143.09,120.00,Online,Expedia,Expedia & Affiliate Network,On Account,Confirmed,"8:00 PM",lordhatchett@icloud.com,+447881823939,,"Expedia collects payment from traveler: Hotel invoices Expedia. ",,,,,"2026-09-08",,,,
Hotel Orlando by PLI,2026-09-15T15:04:53,691-099-352,LSD-628-954,6254563765,,YAN,Xinkeyi,"2026-09-16","2026-09-17",1,Double room-Standard-Private Bathroom,Non Refundable,Room 11 2nd Floor,,1,0,GBP,171.30,171.30,51.30,120.00,Online,Booking.com,Booking.com,On Account,Confirmed,,yanxinkeyi@yeah.net,+447935033503,,"Non-Smoking  Promos: Domestic  There is no meal option with this room. Children and Extra Bed Policy: Children of any age are allowed. You haven't added any cots. You haven't added any extra beds. The maximum number of guests is 2.  Deposit Policy: The guest will be charged a prepayment of the total price of the reservation at any time.  Cancellation Policy: The guest will be charged the total price of the reservation if they cancel at any time.  payment_on_Booking.com (Payout type: BankTransfer)  ** THIS RESERVATION HAS BEEN PRE-PAID ** BOOKING NOTE : Payment charge is GBP 1.1408 ",,,,,"2026-09-15",,,Instructions sent,
Hotel Orlando by PLI,2026-09-15T20:29:39,814-914-291,KXB-334-021,5647676029,,Victor,Odendo,"2026-09-16","2026-09-17",1,Triple room-Standard-Ensuite,Non Refundable,S Room 34 3rd F,,2,0,GBP,176.70,76.70,56.70,120.00,Online,Booking.com,Booking.com,On Account,Confirmed,,vodend.477551@guest.booking.com,+44 7386 443838,,"Non-Smoking  Promos: Domestic  There is no meal option with this room. Children and Extra Bed Policy: Children of any age are allowed. You haven't added any cots. You haven't added any extra beds. The maximum number of guests is 3.  Deposit Policy: The guest will be charged a prepayment of the total price of the reservation at any time.  Cancellation Policy: The guest can cancel free of charge until 7 days before arrival. The guest will be charged the total price of the reservation if they cancel in the 7 days before arrival. If the guest doesn’t show up, they will be charged the total price of the reservation.  payment_on_Booking.com (Payout type: BankTransfer)  ** THIS RESERVATION HAS BEEN PRE-PAID ** BOOKING NOTE : Payment charge is GBP 1.2272 ",,,,,"2026-09-15",,,100 Pounds Deposit Needed,
Hotel Orlando by PLI,2026-04-27T14:18:48,816-498-894,PDV-531-474,6217414062,,Zuzana,Benková,"2026-09-16","2026-09-20",4,Quad Studio-Standard-Ensuite,Non Refundable,Flat 2 ( Basement Orlando ),,4,0,GBP,450.20,450.20,430.20,20.00,Online,Booking.com,Booking.com,On Account,Confirmed,,susanabenkova@gmail.com,+421948426226,,"Non-Smoking  Promos: European Economic Area  There is no meal option with this room. Children and Extra Bed Policy: Children of any age are allowed. You haven't added any cots. You haven't added any extra beds. The maximum number of guests is 4.  Deposit Policy: The guest will be charged a prepayment of the total price of the reservation at any time.  Cancellation Policy: The guest can cancel free of charge until 2 days before arrival. The guest will be charged the total price of the reservation if they cancel in the 2 days before arrival.  payment_on_Booking.com (Payout type: BankTransfer)  ** THIS RESERVATION HAS BEEN PRE-PAID ** Approximate time of arrival: between 18:00 and 19:00 BOOKING NOTE : Payment charge is GBP 7.2032  Genius Booker ",,,,,"2026-04-27",,,Instructions sent,
Hotel Orlando by PLI,2025-06-29T20:30:42,840-232-524,EVH-072-636,5518141431,,Svetlana,Brincat Muscat,"2026-09-16","2026-09-17",1,Triple room-Standard-Private Bathroom,,Room 6 1st Floor,,2,1,GBP,0.00,0.00,0.00,0.00,Online,Booking.com,Booking.com,On Account,Canceled,,smusca.846885@guest.booking.com,+356 7931 1464,,"Child Ages: 2  Non-Smoking  Promos: European Economic Area  There is no meal option with this room. Children and Extra Bed Policy: Children of any age are allowed. You haven't added any cots. You haven't added any extra beds. The maximum number of guests is 3.  Deposit Policy: The guest will be charged a prepayment of the total price of the reservation at any time.  Cancellation Policy: The guest can cancel free of charge until 7 days before arrival. The guest will be charged the total price of the reservation if they cancel in the 7 days before arrival.  payment_on_Booking.com (Payout type: BankTransfer)  ** THIS RESERVATION HAS BEEN PRE-PAID ** BOOKING NOTE : Payment charge is GBP 1  Genius Booker ",,,,,"2025-06-29",,,,
Hotel Orlando by PLI,2026-08-25T19:31:16,925-025-211,UDH-470-293,5824036176,,Anders,Jacobsen,"2026-09-16","2026-09-20",4,Triple room-Standard-Ensuite,Non Refundable,S Room 23 GF,,2,1,GBP,466.50,366.50,346.50,120.00,Online,Booking.com,Booking.com,On Account,Confirmed,,anders.jacobsen85@gmail.com,+4522753929,,"Child Ages: 15  Non-Smoking  Promos: European Economic Area  There is no meal option with this room. Children and Extra Bed Policy: Children of any age are allowed. You haven't added any cots. You haven't added any extra beds. The maximum number of guests is 3.  Deposit Policy: The guest will be charged a prepayment of the total price of the reservation at any time.  Cancellation Policy: The guest can cancel free of charge until 7 days before arrival. The guest will be charged the total price of the reservation if they cancel in the 7 days before arrival. If the guest doesn’t show up, they will be charged the total price of the reservation.  payment_on_Booking.com (Payout type: BankTransfer)  ** THIS RESERVATION HAS BEEN PRE-PAID ** Approximate time of arrival: between 15:00 and 16:00 BOOKING NOTE : Payment charge is GBP 5.864  Genius Booker ",,,,,"2026-08-25",,,,
Hotel Orlando by PLI,2026-09-14T21:39:30,944-944-032,QSZ-422-787,,,Biniam ,Estifanos,"2026-09-16","2026-09-19",3,Quad Studio-Standard-Ensuite,Non Refundable,Flat 5 ( GF Orlando ),,1,0,GBP,250.00,250.00,230.00,20.00,Direct,,,On Account,Confirmed,,biniam98.estifanos@outlook.com,+447985670507,,,,,,,"2026-09-14",,,Instructions sent,
Hotel Orlando by PLI,2026-09-17T08:55:46,084-503-244,LRC-775-898,5587416059,,OLADAYO,ABOYEJI,"2026-09-17","2026-09-18",1,Quad room-Standard-Ensuite,Base Rate,S Room 30 2nd F - W/Fridge,,2,0,GBP,171.30,71.30,51.30,120.00,Online,Booking.com,Booking.com,On Account,Confirmed,,oaboye.891927@guest.booking.com,+44 7344 295861,,"Non-Smoking  Promos: Domestic  There is no meal option with this room. Children and Extra Bed Policy: Children of any age are allowed. You haven't added any cots. You haven't added any extra beds. The maximum number of guests is 2.  Deposit Policy: The guest will be charged a prepayment of the total price of the reservation at any time.  Cancellation Policy: The guest can cancel free of charge until 7 days before arrival. The guest will be charged the total price of the reservation if they cancel in the 7 days before arrival. If the guest doesn’t show up, they will be charged the total price of the reservation.  payment_on_Booking.com (Payout type: BankTransfer)  ** THIS RESERVATION HAS BEEN PRE-PAID ** BOOKING NOTE : Payment charge is GBP 1.1408 ",,,,,"2026-09-17",,,,
Hotel Orlando by PLI,2025-07-28T19:13:37,124-424-241,SQR-459-723,6961698543,,Nicoleta,Hotnog,"2026-09-17","2026-09-18",1,Single room-Standard-Ensuite,,Room 11 3rd Floor,,1,0,GBP,0.00,0.00,0.00,0.00,Online,Booking.com,Booking.com,On Account,Canceled,,nhotno.250188@guest.booking.com,+44 7450 531132,,"Non-Smoking  Promos: Mobile(App) Rate  There is no meal option with this room. Children and Extra Bed Policy: Children of any age are allowed. You haven't added any cots. You haven't added any extra beds. The maximum number of guests is 1.  Deposit Policy: The guest will be charged a prepayment of the total price of the reservation at any time.  Cancellation Policy: The guest can cancel free of charge until 7 days before arrival. The guest will be charged the total price of the reservation if they cancel in the 7 days before arrival.  payment_on_Booking.com (Payout type: BankTransfer)  ** THIS RESERVATION HAS BEEN PRE-PAID ** BOOKING NOTE : Payment charge is GBP 0.888  Genius Booker ",,,,,"2025-07-28",,,,
Hotel Orlando by PLI,2025-08-09T15:55:15,188-814-494,FQV-614-206,5543592498,,Karolina,Błoch,"2026-09-17","2026-09-20",3,Triple room-Standard-Private Bathroom,,Room 9 1st Floor,,3,0,GBP,0.00,0.00,0.00,0.00,Online,Booking.com,Booking.com,On Account,Canceled,,kbloch.795892@guest.booking.com,+48 533 523 704,,"Non-Smoking  Promos: European Economic Area  There is no meal option with this room. Children and Extra Bed Policy: Children of any age are allowed. You haven't added any cots. You haven't added any extra beds. The maximum number of guests is 3.  Deposit Policy: The guest will be charged a prepayment of the total price of the reservation at any time.  Cancellation Policy: The guest can cancel free of charge until 7 days before arrival. The guest will be charged the total price of the reservation if they cancel in the 7 days before arrival.  payment_on_Booking.com (Payout type: BankTransfer)  ** THIS RESERVATION HAS BEEN PRE-PAID ** BOOKING NOTE : Payment charge is GBP 2.52  Genius Booker ",,,,,"2025-08-09",,,,
Hotel Orlando by PLI,2026-09-07T23:50:27,264-534-221,YVO-625-872,5914708191,,Joel,Sossavi,"2026-09-17","2026-09-20",3,Single room-Standard-Ensuite,Non Refundable,S Room 32 2nd F,,1,0,GBP,294.60,194.60,174.60,120.00,Online,Booking.com,Booking.com,On Account,Confirmed,"3:30 PM",joelsossavi@gmail.com,+33630342113,,"Non-Smoking  Promos: European Economic Area  There is no meal option with this room. Children and Extra Bed Policy: Children of any age are allowed. You haven't added any cots. You haven't added any extra beds. The maximum number of guests is 1.  Deposit Policy: The guest will be charged a prepayment of the total price of the reservation at any time.  Cancellation Policy: The guest can cancel free of charge until 7 days before arrival. The guest will be charged the total price of the reservation if they cancel in the 7 days before arrival. If the guest doesn’t show up, they will be charged the total price of the reservation.  payment_on_Booking.com (Payout type: BankTransfer)  ** THIS RESERVATION HAS BEEN PRE-PAID ** BOOKING NOTE : Payment charge is GBP 3.1136  Genius Booker ",,,,,"2026-09-07",,,Instructions sent,
Hotel Orlando by PLI,2025-08-04T16:30:58,268-690-212,HKN-144-917,5693900260,,breska,radoslaw,"2026-09-17","2026-09-21",4,Triple room-Standard-Private Bathroom,,Room 9 2nd Floor,,2,1,GBP,0.00,0.00,0.00,0.00,Online,Booking.com,Booking.com,On Account,Canceled,,brados.404321@guest.booking.com,+49 1520 3425077,,"Child Ages: 7  payment_on_Booking.com (Payout type: BankTransfer)  Non-Smoking  ** THIS RESERVATION HAS BEEN PRE-PAID ** BOOKING NOTE : Payment charge is GBP 3.28  Genius Booker  Promos: European Economic Area  There is no meal option with this room. Children and Extra Bed Policy: Children of any age are allowed. You haven't added any cots. You haven't added any extra beds. The maximum number of guests is 3.  Deposit Policy: The guest will be charged a prepayment of the total price of the reservation at any time.  Cancellation Policy: The guest can cancel free of charge until 7 days before arrival. The guest will be charged the total price of the reservation if they cancel in the 7 days before arrival.",,,,,"2025-08-04",,,,
Hotel Orlando by PLI,2026-09-17T15:06:15,290-536-134,BQL-906-013,6546253164,,Barry,Weir,"2026-09-17","2026-09-18",1,Double room-Ensuite,Non Refundable,S Room 29 Mid 2nd F,,1,0,GBP,171.30,171.30,51.30,120.00,Online,Booking.com,Booking.com,On Account,Confirmed,,Babboweir@hotmail.com,+447761783486,,"Non-Smoking  Promos: Domestic  There is no meal option with this room. Children and Extra Bed Policy: Children of any age are allowed. You haven't added any cots. You haven't added any extra beds. The maximum number of guests is 2.  Deposit Policy: The guest will be charged a prepayment of the total price of the reservation at any time.  Cancellation Policy: The guest can cancel free of charge until 7 days before arrival. The guest will be charged the total price of the reservation if they cancel in the 7 days before arrival. If the guest doesn’t show up, they will be charged the total price of the reservation.  payment_on_Booking.com (Payout type: BankTransfer)  ** THIS RESERVATION HAS BEEN PRE-PAID ** BOOKING NOTE : Payment charge is GBP 1.1408  Genius Booker ",,,,,"2026-09-17",,,Instructions sent,
Hotel Orlando by PLI,2026-04-08T12:45:52,292-955-064,RLE-410-825,6797079789,,Sara,Pissacroia,"2026-09-17","2026-09-21",4,Quad room-Standard-Private Bathroom,,Room 9 1st Floor,,4,0,GBP,0.00,0.00,0.00,0.00,Online,Booking.com,Booking.com,On Account,Canceled,,spissa.354244@guest.booking.com,+39 333 161 6036,,"Non-Smoking  Promos: European Economic Area  There is no meal option with this room. Children and Extra Bed Policy: Children of any age are allowed. You haven't added any cots. You haven't added any extra beds. The maximum number of guests is 4.  Deposit Policy: The guest will be charged a prepayment of the total price of the reservation in the 5 days before arrival.  Cancellation Policy: The guest can cancel free of charge until 5 days before arrival. The guest will be charged the total price of the reservation if they cancel in the 5 days before arrival. If the guest doesn’t show up, they will be charged the total price of the reservation.  payment_on_Booking.com (Payout type: BankTransfer)  ** THIS RESERVATION HAS BEEN PRE-PAID ** BOOKING NOTE : Payment charge is GBP 6.1808  Genius Booker ",,,,,"2026-04-08",,,,
Hotel Orlando by PLI,2026-09-16T23:29:00,298-183-291,GDM-444-760,6934459450,,Abdulsamed,Mohamed,"2026-09-17","2026-09-18",1,Triple room-Standard-Private Bathroom,Non Refundable,Room 13 2nd Floor,,2,0,GBP,176.70,76.70,56.70,120.00,Online,Booking.com,Booking.com,On Account,Confirmed,,abdulsamed15@hotmail.com,+447534196178,,"Non-Smoking  Promos: Domestic  There is no meal option with this room. Children and Extra Bed Policy: Children of any age are allowed. You haven't added any cots. You haven't added any extra beds. The maximum number of guests is 3.  Deposit Policy: The guest will be charged a prepayment of the total price of the reservation at any time.  Cancellation Policy: The guest will be charged the total price of the reservation if they cancel at any time.  payment_on_Booking.com (Payout type: BankTransfer)  ** THIS RESERVATION HAS BEEN PRE-PAID ** BOOKING NOTE : Payment charge is GBP 1.2272  Genius Booker ",,,,,"2026-09-16",,,Instructions sent,
Hotel Orlando by PLI,2026-07-14T22:10:48,302-033-391,BVG-777-122,5772779888,,Cristian,Lo Muto,"2026-09-17","2026-09-23",6,Double room-Ensuite,,S Room 18 BF,,2,0,GBP,0.00,0.00,0.00,0.00,Online,Booking.com,Booking.com,On Account,Canceled,,cmuto.879149@guest.booking.com,+39 327 139 4624,,"Non-Smoking  Promos: European Economic Area  There is no meal option with this room. Children and Extra Bed Policy: Children of any age are allowed. You haven't added any cots. You haven't added any extra beds. The maximum number of guests is 2.  Deposit Policy: The guest will be charged a prepayment of the total price of the reservation at any time.  Cancellation Policy: The guest can cancel free of charge until 7 days before arrival. The guest will be charged the total price of the reservation if they cancel in the 7 days before arrival. If the guest doesn’t show up, they will be charged the total price of the reservation.  payment_on_Booking.com (Payout type: BankTransfer)  ** THIS RESERVATION HAS BEEN PRE-PAID ** BOOKING NOTE : Payment charge is GBP 7.592  Genius Booker ",,,,,"2026-07-14",,,,
Hotel Orlando by PLI,2026-08-13T18:02:36,365-903-814,IDE-236-799,6318116505,,Alessia,Ghilardi,"2026-09-17","2026-09-20",3,Quad room-Standard-Ensuite,Non Refundable,S Room 27 1st F  W/Fridge,,3,0,GBP,394.50,294.50,274.50,120.00,Online,Booking.com,Booking.com,On Account,Confirmed,,Adcm19@gmail.com,+393248852867,,"Non-Smoking  Promos: European Economic Area  There is no meal option with this room. Children and Extra Bed Policy: Children of any age are allowed. You haven't added any cots. You haven't added any extra beds. The maximum number of guests is 4.  Deposit Policy: The guest will be charged a prepayment of the total price of the reservation at any time.  Cancellation Policy: The guest can cancel free of charge until 7 days before arrival. The guest will be charged the total price of the reservation if they cancel in the 7 days before arrival. If the guest doesn’t show up, they will be charged the total price of the reservation.  payment_on_Booking.com (Payout type: BankTransfer)  ** THIS RESERVATION HAS BEEN PRE-PAID ** BOOKING NOTE : Payment charge is GBP 4.712  Genius Booker ",,,,,"2026-08-13",,,Instructions sent,
Hotel Orlando by PLI,2026-09-10T09:32:47,385-863-512,JUX-357-416,6577843951,,ALICE,GIROMETTI,"2026-09-17","2026-09-22",5,Double room-Standard-Private Bathroom,Non Refundable,Room 11 2nd Floor,,2,0,GBP,423.30,323.30,303.30,120.00,Online,Booking.com,Booking.com,On Account,Confirmed,,alicegirometti01@gmail.com,+390237901952,,"Non-Smoking  Promos: European Economic Area  There is no meal option with this room. Children and Extra Bed Policy: Children of any age are allowed. You haven't added any cots. You haven't added any extra beds. The maximum number of guests is 2.  Deposit Policy: The guest will be charged a prepayment of the total price of the reservation at any time.  Cancellation Policy: The guest will be charged the total price of the reservation if they cancel at any time.  payment_on_Booking.com (Payout type: BankTransfer)  ** THIS RESERVATION HAS BEEN PRE-PAID ** BOOKING NOTE : Payment charge is GBP 5.1728 Agent remarks: Per richieste o assistenza relative alla vostra prenotazione, vi preghiamo di contattare il nostro servizio clienti al numero +39 02 37901952 (dal lunedì al venerdì, dalle 09:00 alle 18:00) oppure di scriverci all’indirizzo tantosvago.ops@travelcompositor.com. Para consultas o asistencia relacionada con su reserva, comuníquese con nuestro servicio de atención al cliente al +39 02 37901952 (lunes a viernes, de 09:00 a 18:00) o escríbanos a tantosvago.ops@travelcompositor.com. La fattura deve essere intestata a TRAVELSOFT SERVICES SLU, VAT: ES B19466770, CL/ Calçat, 6, 3ª planta, 07013 Palma de Mallorca, Spain e spedita a  operaciones@travelcompositor.com / The invoice must be addressed to: TRAVELSOFT SERVICES SLU, VAT: ES B19466770, CL/ Calçat, 6, 3ª planta, 07013 Palma de Mallorca, Spain and sent to operaciones@travelcompositor.com Approximate time of arrival: between 12:00 and 13:00. - B57876484 Approximate time of arrival: between 12:00 and 13:00  Travel Compositor  Genius Booker ",,,,,"2026-09-10",,,Instructions sent,
Hotel Orlando by PLI,2026-09-17T08:59:13,419-996-121,FQB-183-276,,,Oladayo,Aboyeji,"2026-09-17","2026-09-18",1,Quad room-Standard-Ensuite,,S Room 30 2nd F - W/Fridge,,2,0,GBP,0.00,0.00,0.00,0.00,Direct,,,On Account,Canceled,,oladayo.un@gmail.com,+447344395861,,,,,,,"2026-09-17",,,,
Hotel Orlando by PLI,2026-09-17T12:56:16,439-228-901,IQB-812-225,6747408318,,Solomon,Weres,"2026-09-17","2026-09-19",2,Triple room-Standard-Private Bathroom,Non Refundable,Room 12 2nd Floor,,2,0,GBP,255.00,155.00,135.00,120.00,Online,Booking.com,Booking.com,On Account,Confirmed,,leonsol20@gmail.com,+447852326575,,"Non-Smoking  Promos: Domestic  There is no meal option with this room. Children and Extra Bed Policy: Children of any age are allowed. You haven't added any cots. You haven't added any extra beds. The maximum number of guests is 3.  Deposit Policy: The guest will be charged a prepayment of the total price of the reservation at any time.  Cancellation Policy: The guest will be charged the total price of the reservation if they cancel at any time.  payment_on_Booking.com (Payout type: BankTransfer)  ** THIS RESERVATION HAS BEEN PRE-PAID ** BOOKING NOTE : Payment charge is GBP 2.48 ",,,,,"2026-09-17",,,Instructions sent,
Hotel Orlando by PLI,2026-09-17T15:27:17,481-124-044,YFE-641-382,6347198986,,Miguel,Cores,"2026-09-17","2026-09-18",1,Double room-Ensuite,Non Refundable,S Room 35 3rd F,,1,0,GBP,171.30,71.30,51.30,120.00,Online,Booking.com,Booking.com,On Account,Confirmed,,mcores.380385@guest.booking.com,+44 7471 134788,,"Non-Smoking  Promos: Domestic  There is no meal option with this room. Children and Extra Bed Policy: Children of any age are allowed. You haven't added any cots. You haven't added any extra beds. The maximum number of guests is 2.  Deposit Policy: The guest will be charged a prepayment of the total price of the reservation at any time.  Cancellation Policy: The guest can cancel free of charge until 7 days before arrival. The guest will be charged the total price of the reservation if they cancel in the 7 days before arrival. If the guest doesn’t show up, they will be charged the total price of the reservation.  payment_on_Booking.com (Payout type: BankTransfer)  ** THIS RESERVATION HAS BEEN PRE-PAID ** BOOKING NOTE : Payment charge is GBP 1.1408  Gonna Make It LTD  Genius Booker ",,,,,"2026-09-17",,,,
Hotel Orlando by PLI,2026-09-06T07:55:27,529-600-961,ZVX-043-817,2552171252,,atsushi,midorikawa,"2026-09-17","2026-09-20",3,Quad room-Standard-Ensuite,,S Room 26 1st F - W/Fridge,,2,0,GBP,0.00,0.00,0.00,0.00,Online,Expedia,Expedia & Affiliate Network,Pay On Arrival,Canceled,,atsushi.19990302@docomo.ne.jp,111111111111,,"Hotel collects payment from the traveler ",,,,,"2026-09-06",,,,
Hotel Orlando by PLI,2026-03-22T18:19:15,533-120-161,WKR-646-855,5516548346,,Daniele,Pimentel Gomes,"2026-09-17","2026-09-21",4,Triple room-Standard-Ensuite,,S Room 34 3rd F,,3,0,GBP,0.00,0.00,0.00,0.00,Online,Booking.com,Booking.com,On Account,Canceled,,dgomes.319080@guest.booking.com,+55 21 98135 0040,,"Non-Smoking  Promos: Mobile(MDot) Rate  There is no meal option with this room. Children and Extra Bed Policy: Children of any age are allowed. You haven't added any cots. You haven't added any extra beds. The maximum number of guests is 3.  Deposit Policy: The guest will be charged a prepayment of the total price of the reservation in the 5 days before arrival.  Cancellation Policy: The guest can cancel free of charge until 5 days before arrival. The guest will be charged the total price of the reservation if they cancel in the 5 days before arrival. If the guest doesn’t show up, they will be charged the total price of the reservation.  payment_on_Booking.com (Payout type: BankTransfer)  ** THIS RESERVATION HAS BEEN PRE-PAID ** BOOKING NOTE : Payment charge is GBP 4.944  Genius Booker ",,,,,"2026-03-22",,,,
Hotel Orlando by PLI,2026-07-28T23:59:40,544-510-922,ALZ-401-242,5857091196,,bianca,svedberg,"2026-09-17","2026-09-20",3,Quad room-Standard-Ensuite,,S Room 22 GF -2Ds W/Microwave &Fridge,,4,0,GBP,0.00,0.00,0.00,0.00,Online,Booking.com,Booking.com,On Account,Canceled,,bsvedb.905926@guest.booking.com,+46 73 987 90 27,,"Non-Smoking  Promos: European Economic Area  There is no meal option with this room. Children and Extra Bed Policy: Children of any age are allowed. You haven't added any cots. You haven't added any extra beds. The maximum number of guests is 4.  Deposit Policy: The guest will be charged a prepayment of the total price of the reservation at any time.  Cancellation Policy: The guest can cancel free of charge until 7 days before arrival. The guest will be charged the total price of the reservation if they cancel in the 7 days before arrival. If the guest doesn’t show up, they will be charged the total price of the reservation.  payment_on_Booking.com (Payout type: BankTransfer)  ** THIS RESERVATION HAS BEEN PRE-PAID ** BOOKING NOTE : Payment charge is GBP 4.8416  Genius Booker ",,,,,"2026-07-28",,,,
Hotel Orlando by PLI,2026-02-21T01:15:22,554-213-254,FJU-010-600,5687992651,,Teresa,Pozo Alonso,"2026-09-17","2026-09-20",3,Twin room-Standard-Private Bathroom,,Room 16 3rd Floor,,2,0,GBP,0.00,0.00,0.00,0.00,Online,Booking.com,Booking.com,On Account,Canceled,,talons.530248@guest.booking.com,+34 625 78 89 02,,"Group: 6 x Adult, 0 x Child  Non-Smoking  Promos: Mobile(MDot) Rate  There is no meal option with this room. Children and Extra Bed Policy: Children of any age are allowed. You haven't added any cots. You haven't added any extra beds. The maximum number of guests is 2.  Deposit Policy: The guest will be charged a prepayment of the total price of the reservation in the 5 days before arrival.  Cancellation Policy: The guest can cancel free of charge until 5 days before arrival. The guest will be charged the total price of the reservation if they cancel in the 5 days before arrival. If the guest doesn’t show up, they will be charged the total price of the reservation.  payment_on_Booking.com (Payout type: BankTransfer)  ** THIS RESERVATION HAS BEEN PRE-PAID ** Approximate time of arrival: between 22:00 and 23:00 BOOKING NOTE : Payment charge is GBP 8.1472  Genius Booker ",,,,,"2026-02-21",,,,
Hotel Orlando by PLI,2026-09-08T16:42:44,613-454-351,FJW-711-717,6530733765,,Sara,Pissacroia,"2026-09-17","2026-09-21",4,Quad room-Standard-Private Bathroom,Non Refundable,Room 9 1st Floor,,4,0,GBP,410.70,310.70,290.70,120.00,Online,Booking.com,Booking.com,On Account,Confirmed,,pissacroias@gmail.clm,+393331616036,,"Non-Smoking  Promos: European Economic Area  There is no meal option with this room. Children and Extra Bed Policy: Children of any age are allowed. You haven't added any cots. You haven't added any extra beds. The maximum number of guests is 4.  Deposit Policy: The guest will be charged a prepayment of the total price of the reservation at any time.  Cancellation Policy: The guest can cancel free of charge until 7 days before arrival. The guest will be charged the total price of the reservation if they cancel in the 7 days before arrival. If the guest doesn’t show up, they will be charged the total price of the reservation.  payment_on_Booking.com (Payout type: BankTransfer)  ** THIS RESERVATION HAS BEEN PRE-PAID ** BOOKING NOTE : Payment charge is GBP 4.9712  Genius Booker ",,,,,"2026-09-08",,,Instructions sent,
Hotel Orlando by PLI,2025-11-29T16:16:46,642-262-254,VZT-447-278,6992989605,,Antonella,Fiore,"2026-09-17","2026-09-21",4,Quad room-Standard-Ensuite,,S Room 22 GF -2Ds W/Fridge,,2,2,GBP,0.00,0.00,0.00,0.00,Online,Booking.com,Booking.com,On Account,Canceled,,afiore.870697@guest.booking.com,+39 347 056 1341,,"Child Ages: 5, 9  Non-Smoking  Promos: Mobile(App) Rate  There is no meal option with this room. Children and Extra Bed Policy: Children of any age are allowed. You haven't added any cots. You haven't added any extra beds. The maximum number of guests is 4.  Deposit Policy: The guest will be charged a prepayment of the total price of the reservation at any time.  Cancellation Policy: The guest can cancel free of charge until 7 days before arrival. The guest will be charged the total price of the reservation if they cancel in the 7 days before arrival.  payment_on_Booking.com (Payout type: BankTransfer)  ** THIS RESERVATION HAS BEEN PRE-PAID ** BOOKING NOTE : Payment charge is GBP 5.7328  Genius Booker ",,,,,"2025-11-29",,,,
Hotel Orlando by PLI,2026-08-11T21:25:37,645-013-244,RTZ-525-284,5447294906,,Ana,Maria Vallejo Cimarra,"2026-09-17","2026-09-22",5,Triple room-Standard-Ensuite,Non Refundable,S Room 34 3rd F,,2,1,GBP,512.40,412.40,392.40,120.00,Online,Booking.com,Booking.com,On Account,Confirmed,"6:00 PM",acimar.312111@guest.booking.com,+34 617 05 52 17,,"Child Ages: 14  Non-Smoking  Promos: European Economic Area  There is no meal option with this room. Children and Extra Bed Policy: Children of any age are allowed. You haven't added any cots. You haven't added any extra beds. The maximum number of guests is 3.  Deposit Policy: The guest will be charged a prepayment of the total price of the reservation at any time.  Cancellation Policy: The guest can cancel free of charge until 7 days before arrival. The guest will be charged the total price of the reservation if they cancel in the 7 days before arrival. If the guest doesn’t show up, they will be charged the total price of the reservation.  payment_on_Booking.com (Payout type: BankTransfer)  ** THIS RESERVATION HAS BEEN PRE-PAID ** Approximate time of arrival: between 19:00 and 20:00 BOOKING NOTE : Payment charge is GBP 6.5984  Genius Booker ",,,,,"2026-08-11",,,,
Hotel Orlando by PLI,2026-08-22T13:52:56,695-288-324,KOE-216-861,2540646846,,Julia,Slusarczyk,"2026-09-17","2026-09-21",4,Double room-Standard-Private Bathroom,Non Refundable,Room 14 2nd Floor,,2,0,GBP,412.49,312.49,292.49,120.00,Online,Expedia Affiliate Network,Expedia & Affiliate Network,On Account,Confirmed,,juliaslusarczyk1808@gmail.com,11111111111,,"1 Queen Bed Expedia collects payment from traveler: Hotel invoices Expedia. ",,,,,"2026-08-22",,,Instructions sent,
Hotel Orlando by PLI,2026-02-21T01:26:25,904-543-904,CWZ-250-175,6415224090,,Teresa,Pozo Alonso,"2026-09-17","2026-09-20",3,Family room-Standard-Ensuite,,Room 3 BF W/Microwave,,3,2,GBP,0.00,0.00,0.00,0.00,Online,Booking.com,Booking.com,On Account,Canceled,,talons.875240@guest.booking.com,+34 625 78 89 01,,"Child Ages: 15, 15  Non-Smoking  Promos: Mobile(MDot) Rate  There is no meal option with this room. Children and Extra Bed Policy: Children of any age are allowed. You haven't added any cots. You haven't added any extra beds. The maximum number of guests is 5.  Deposit Policy: The guest will be charged a prepayment of the total price of the reservation in the 5 days before arrival.  Cancellation Policy: The guest can cancel free of charge until 5 days before arrival. The guest will be charged the total price of the reservation if they cancel in the 5 days before arrival. If the guest doesn’t show up, they will be charged the total price of the reservation.  payment_on_Booking.com (Payout type: BankTransfer)  ** THIS RESERVATION HAS BEEN PRE-PAID ** Approximate time of arrival: between 22:00 and 23:00 BOOKING NOTE : Payment charge is GBP 4.536  Genius Booker ",,,,,"2026-02-21",,,,
Hotel Orlando by PLI,2026-02-21T01:15:22,920-501-382,FJU-010-600,5687992651,,Teresa,Pozo Alonso,"2026-09-17","2026-09-20",3,Quad room-Standard-Ensuite,,S Room 27 1st F  W/Fridge,,4,0,GBP,0.00,See 554-213-254,0.00,0.00,Online,Booking.com,Booking.com,On Account,Canceled,,talons.530248@guest.booking.com,+34 625 78 89 02,,"Group: 6 x Adult, 0 x Child  Non-Smoking  Promos: Mobile(MDot) Rate  There is no meal option with this room. Children and Extra Bed Policy: Children of any age are allowed. You haven't added any cots. You haven't added any extra beds. The maximum number of guests is 2.  Deposit Policy: The guest will be charged a prepayment of the total price of the reservation in the 5 days before arrival.  Cancellation Policy: The guest can cancel free of charge until 5 days before arrival. The guest will be charged the total price of the reservation if they cancel in the 5 days before arrival. If the guest doesn’t show up, they will be charged the total price of the reservation.  payment_on_Booking.com (Payout type: BankTransfer)  ** THIS RESERVATION HAS BEEN PRE-PAID ** Approximate time of arrival: between 22:00 and 23:00 BOOKING NOTE : Payment charge is GBP 8.1472  Genius Booker ",,,,,"2026-02-21",,,,
Hotel Orlando by PLI,2026-08-24T04:54:33,956-696-454,QOL-572-187,6289920451,,Zuzanna,Boryca,"2026-09-17","2026-09-21",4,Double room-Ensuite,,S Room 35 3rd F,,2,0,GBP,0.00,0.00,0.00,0.00,Online,Booking.com,Booking.com,On Account,Canceled,,zboryc.658415@guest.booking.com,+1 410 858 2934,,"Non-Smoking  Promos: Mobile(App) Rate  There is no meal option with this room. Children and Extra Bed Policy: Children of any age are allowed. You haven't added any cots. You haven't added any extra beds. The maximum number of guests is 2.  Deposit Policy: The guest will be charged a prepayment of the total price of the reservation at any time.  Cancellation Policy: The guest can cancel free of charge until 7 days before arrival. The guest will be charged the total price of the reservation if they cancel in the 7 days before arrival. If the guest doesn’t show up, they will be charged the total price of the reservation.  payment_on_Booking.com (Payout type: BankTransfer)  ** THIS RESERVATION HAS BEEN PRE-PAID ** BOOKING NOTE : Payment charge is GBP 5.216  Genius Booker ",,,,,"2026-08-24",,,,
Hotel Orlando by PLI,2025-08-29T11:40:58,962-586-102,KEO-730-972,2278583017,,Jasmine,Fewster,"2026-09-17","2026-09-20",3,Triple room-Standard-Private Bathroom,,Room 8 1st Floor,,3,0,GBP,0.00,0.00,0.00,0.00,Online,Hotels.com,Expedia & Affiliate Network,On Account,Canceled,,jas.fewster@gmail.com,0007502221090,,"1 Single Bed and 1 Queen Bed ",,,,,"2025-08-29",,,,
Hotel Orlando by PLI,2025-08-06T11:04:03,986-630-111,FGF-751-798,6752377195,,Anna,Osińska,"2026-09-17","2026-09-20",3,Triple room-Standard-Private Bathroom,,Room 12 2nd Floor,,3,0,GBP,0.00,0.00,0.00,0.00,Online,Booking.com,Booking.com,On Account,Canceled,,aosins.531986@guest.booking.com,+48 514 926 229,,"payment_on_Booking.com (Payout type: BankTransfer)  Non-Smoking  ** THIS RESERVATION HAS BEEN PRE-PAID ** BOOKING NOTE : Payment charge is GBP 2.4  Genius Booker  Promos: Mobile(App) Rate  There is no meal option with this room. Children and Extra Bed Policy: Children of any age are allowed. You haven't added any cots. You haven't added any extra beds. The maximum number of guests is 3.  Deposit Policy: The guest will be charged a prepayment of the total price of the reservation at any time.  Cancellation Policy: The guest can cancel free of charge until 7 days before arrival. The guest will be charged the total price of the reservation if they cancel in the 7 days before arrival.",,,,,"2025-08-06",,,,
Hotel Orlando by PLI,2025-08-09T14:05:41,001-932-411,PQM-610-290,6326928122,,WILLIAM,DUVAL,"2026-09-18","2026-09-22",4,Twin room-Standard-Private Bathroom,,Room 16 3rd Floor,,1,0,GBP,0.00,0.00,0.00,0.00,Online,Booking.com,Booking.com,On Account,Canceled,,wduval.669494@guest.booking.com,+33 6 20 01 24 68,,"Non-Smoking  Promos: European Economic Area  There is no meal option with this room. Children and Extra Bed Policy: Children of any age are allowed. You haven't added any cots. You haven't added any extra beds. The maximum number of guests is 2.  Deposit Policy: The guest will be charged a prepayment of the total price of the reservation at any time.  Cancellation Policy: The guest can cancel free of charge until 7 days before arrival. The guest will be charged the total price of the reservation if they cancel in the 7 days before arrival.  payment_on_Booking.com (Payout type: BankTransfer)  ** THIS RESERVATION HAS BEEN PRE-PAID ** BOOKING NOTE : Payment charge is GBP 2.672 Approximate time of arrival: between 16:00 and 17:00  Genius Booker ",,,,,"2025-08-09",,,,
Hotel Orlando by PLI,2026-09-09T09:35:54,020-031-982,WAQ-216-739,6163727570,,Stella,Munro,"2026-09-18","2026-09-20",2,Double room-Ensuite,Non Refundable,S Room 29 Mid 2nd F,,2,0,GBP,256.80,328.00,136.80,120.00,Online,Booking.com,Booking.com,On Account,Confirmed,,Stellamunro1989@hotmail.com,+447484614941,,"Group: 3 x Adult, 0 x Child  Non-Smoking  Promos: Domestic  There is no meal option with this room. Children and Extra Bed Policy: Children of any age are allowed. You haven't added any cots. You haven't added any extra beds. The maximum number of guests is 2.  Deposit Policy: The guest will be charged a prepayment of the total price of the reservation at any time.  Cancellation Policy: The guest can cancel free of charge until 7 days before arrival. The guest will be charged the total price of the reservation if they cancel in the 7 days before arrival. If the guest doesn’t show up, they will be charged the total price of the reservation.  payment_on_Booking.com (Payout type: BankTransfer)  ** THIS RESERVATION HAS BEEN PRE-PAID ** Approximate time of arrival: between 15:00 and 16:00 BOOKING NOTE : Payment charge is GBP 5.248 ",,,,,"2026-09-09",,,,
Hotel Orlando by PLI,2026-09-04T21:53:59,043-514-284,RQC-803-287,HMEKCY98H3,,Ghinwa,Hmeedeh,"2026-09-18","2026-09-20",2,Family room-Standard-Ensuite,Non Refundable,Room 3 BF W/Microwave,,1,0,GBP,337.00,237.00,217.00,120.00,Online,Airbnb,Airbnb,On Account,Confirmed,,,447398132853,," ",,,,,"2026-09-04",,,,
Hotel Orlando by PLI,2026-02-19T15:35:35,061-625-802,EPA-355-104,6533138741,,Amandine,Flautre,"2026-09-18","2026-09-22",4,Double room-Ensuite,,S Room 18 BF,,2,0,GBP,0.00,0.00,0.00,0.00,Online,Booking.com,Booking.com,On Account,Canceled,,aflaut.786909@guest.booking.com,+33 6 03 47 14 86,,"Non-Smoking  Promos: Mobile(App) Rate  There is no meal option with this room. Children and Extra Bed Policy: Children of any age are allowed. You haven't added any cots. You haven't added any extra beds. The maximum number of guests is 2.  Deposit Policy: The guest will be charged a prepayment of the total price of the reservation in the 5 days before arrival.  Cancellation Policy: The guest can cancel free of charge until 5 days before arrival. The guest will be charged the total price of the reservation if they cancel in the 5 days before arrival. If the guest doesn’t show up, they will be charged the total price of the reservation.  payment_on_Booking.com (Payout type: BankTransfer)  ** THIS RESERVATION HAS BEEN PRE-PAID ** BOOKING NOTE : Payment charge is GBP 4.1008  Genius Booker ",,,,,"2026-02-19",,,,
Hotel Orlando by PLI,2026-09-08T21:20:35,146-940-532,NCG-167-662,2554186426,,Andy,García Díaz,"2026-09-18","2026-09-21",3,Double room-Standard-Private Bathroom,Non Refundable,Room 1 BF,,2,0,GBP,308.99,208.99,188.99,120.00,Online,Expedia,Expedia & Affiliate Network,On Account,Confirmed,,andy.geta99@gmail.com,1111111111,,"1 Queen Bed Expedia collects payment from traveler: Hotel invoices Expedia. ",,,,,"2026-09-08",,,,
Hotel Orlando by PLI,2026-08-26T16:22:52,196-864-252,LCV-616-175,6094714869,,Kuan-Hua,Lee,"2026-09-18","2026-09-22",4,Double room-Ensuite,,S Room 18 BF,,1,0,GBP,0.00,0.00,0.00,0.00,Online,Booking.com,Booking.com,On Account,Canceled,,klee.601956@guest.booking.com,+44 7366 844331,,"Non-Smoking  Promos: Domestic  There is no meal option with this room. Children and Extra Bed Policy: Children of any age are allowed. You haven't added any cots. You haven't added any extra beds. The maximum number of guests is 2.  Deposit Policy: The guest will be charged a prepayment of the total price of the reservation at any time.  Cancellation Policy: The guest can cancel free of charge until 7 days before arrival. The guest will be charged the total price of the reservation if they cancel in the 7 days before arrival. If the guest doesn’t show up, they will be charged the total price of the reservation.  payment_on_Booking.com (Payout type: BankTransfer)  ** THIS RESERVATION HAS BEEN PRE-PAID ** BOOKING NOTE : Payment charge is GBP 5.288  Genius Booker ",,,,,"2026-08-26",,,,
Hotel Orlando by PLI,2026-09-11T09:43:55,198-888-031,PNF-228-162,6548954362,,Henriett,Major,"2026-09-18","2026-09-22",4,Quad room-Standard-Ensuite,Base Rate,S Room 30 2nd F - W/Fridge,,3,0,GBP,434.10,334.10,314.10,120.00,Online,Booking.com,Booking.com,On Account,Confirmed,,henriett.major@gmail.com,+36703671592,,"Non-Smoking  Promos: European Economic Area  There is no meal option with this room. Children and Extra Bed Policy: Children of any age are allowed. You haven't added any cots. You haven't added any extra beds. The maximum number of guests is 4.  Deposit Policy: The guest will be charged a prepayment of the total price of the reservation at any time.  Cancellation Policy: The guest will be charged the total price of the reservation if they cancel at any time.  payment_on_Booking.com (Payout type: BankTransfer)  ** THIS RESERVATION HAS BEEN PRE-PAID ** BOOKING NOTE : Payment charge is GBP 5.3456  Genius Booker ",,,,,"2026-09-11",,,,
Hotel Orlando by PLI,2026-09-09T09:35:54,269-538-652,WAQ-216-739,6163727570,,Stella,Munro,"2026-09-18","2026-09-20",2,Double room-Standard-Private Bathroom,48 Hours Flexible,Room 7 Mid-First Floor,,1,0,GBP,271.20,See 020-031-982,151.20,120.00,Online,Booking.com,Booking.com,On Account,Confirmed,,Stellamunro1989@hotmail.com,+447484614941,,"Group: 3 x Adult, 0 x Child  Non-Smoking  Promos: Domestic  There is no meal option with this room. Children and Extra Bed Policy: Children of any age are allowed. You haven't added any cots. You haven't added any extra beds. The maximum number of guests is 2.  Deposit Policy: The guest will be charged a prepayment of the total price of the reservation at any time.  Cancellation Policy: The guest can cancel free of charge until 2 days before arrival. The guest will be charged the total price of the reservation if they cancel in the 2 days before arrival.  payment_on_Booking.com (Payout type: BankTransfer)  ** THIS RESERVATION HAS BEEN PRE-PAID ** Approximate time of arrival: between 15:00 and 16:00 BOOKING NOTE : Payment charge is GBP 5.248 ",,,,,"2026-09-09",,,,
Hotel Orlando by PLI,2026-09-05T20:34:06,293-906-861,KVC-152-854,5782587460,,Andrew,Daly,"2026-09-18","2026-09-20",2,Twin room-Standard-Private Bathroom,Non Refundable,Room 16 3rd Floor,,2,0,GBP,274.80,174.80,154.80,120.00,Online,Booking.com,Booking.com,On Account,Confirmed,,adaly.795902@guest.booking.com,+353 86 817 2150,,"Non-Smoking  Promos: European Economic Area  There is no meal option with this room. Children and Extra Bed Policy: Children of any age are allowed. You haven't added any cots. You haven't added any extra beds. The maximum number of guests is 2.  Deposit Policy: The guest will be charged a prepayment of the total price of the reservation at any time.  Cancellation Policy: The guest will be charged the total price of the reservation if they cancel at any time.  payment_on_Booking.com (Payout type: BankTransfer)  ** THIS RESERVATION HAS BEEN PRE-PAID ** BOOKING NOTE : Payment charge is GBP 2.7968  Genius Booker ",,,,,"2026-09-05",,,,
Hotel Orlando by PLI,2026-08-14T22:54:53,353-149-144,EPB-938-362,6631661037,,Pedro,Ano Bom,"2026-09-18","2026-09-22",4,Quad room-Standard-Private Bathroom,Base Rate,Room 4 GF,,4,0,GBP,485.40,385.40,365.40,120.00,Online,Booking.com,Booking.com,On Account,Confirmed,,pedrovictorfab@hotmail.com,+351912380455,,"Non-Smoking  Promos: European Economic Area  There is no meal option with this room. Children and Extra Bed Policy: Children of any age are allowed. You haven't added any cots. You haven't added any extra beds. The maximum number of guests is 4.  Deposit Policy: The guest will be charged a prepayment of the total price of the reservation at any time.  Cancellation Policy: The guest can cancel free of charge until 7 days before arrival. The guest will be charged the total price of the reservation if they cancel in the 7 days before arrival. If the guest doesn’t show up, they will be charged the total price of the reservation.  payment_on_Booking.com (Payout type: BankTransfer)  ** THIS RESERVATION HAS BEEN PRE-PAID ** BOOKING NOTE : Payment charge is GBP 6.1664  Genius Booker ",,,,,"2026-08-14",,,,
Hotel Orlando by PLI,2026-07-14T18:39:09,392-159-102,LCW-765-444,5405793028,,ABDELLAH,ARGOUB,"2026-09-18","2026-09-25",7,Triple room-Standard-Private Bathroom,,Room 8 1st Floor,,2,1,GBP,0.00,0.00,0.00,0.00,Online,Booking.com,Booking.com,On Account,Canceled,,aargou.828214@guest.booking.com,+213 791 20 36 70,,"Child Ages: 4  Non-Smoking  There is no meal option with this room. Children and Extra Bed Policy: Children of any age are allowed. You haven't added any cots. You haven't added any extra beds. The maximum number of guests is 3.  Deposit Policy: The guest will be charged a prepayment of the total price of the reservation at any time.  Cancellation Policy: The guest can cancel free of charge until 7 days before arrival. The guest will be charged the total price of the reservation if they cancel in the 7 days before arrival. If the guest doesn’t show up, they will be charged the total price of the reservation.  payment_on_Booking.com (Payout type: BankTransfer)  ** THIS RESERVATION HAS BEEN PRE-PAID ** Approximate time of arrival: between 15:00 and 16:00 BOOKING NOTE : Payment charge is GBP 10.32 ",,,,,"2026-07-14",,,,
Hotel Orlando by PLI,2026-08-31T16:00:17,398-381-161,LYE-833-383,6302335230,,Aleksandra,Wąchała,"2026-09-18","2026-09-22",4,Triple room-Standard-Private Bathroom,,Room 8 1st Floor,,2,1,GBP,0.00,0.00,0.00,0.00,Online,Booking.com,Booking.com,On Account,Canceled,,awacha.334223@guest.booking.com,+48 508 994 014,,"Child Ages: 16  Non-Smoking  Promos: European Economic Area  There is no meal option with this room. Children and Extra Bed Policy: Children of any age are allowed. You haven't added any cots. You haven't added any extra beds. The maximum number of guests is 3.  Deposit Policy: The guest will be charged a prepayment of the total price of the reservation at any time.  Cancellation Policy: The guest can cancel free of charge until 7 days before arrival. The guest will be charged the total price of the reservation if they cancel in the 7 days before arrival. If the guest doesn’t show up, they will be charged the total price of the reservation.  payment_on_Booking.com (Payout type: BankTransfer)  ** THIS RESERVATION HAS BEEN PRE-PAID ** Approximate time of arrival: between 12:00 and 13:00 BOOKING NOTE : Payment charge is GBP 6.1664  Genius Booker ",,,,,"2026-08-31",,,,
Hotel Orlando by PLI,2026-07-11T13:07:50,410-206-811,CZS-350-877,5758546705,,tomomi,yasuda,"2026-09-18","2026-09-22",4,Studio-Basic-Ensuite,Base Rate,Flat 24  ( GF Sino ),,1,0,GBP,390.00,290.00,270.00,120.00,Online,Booking.com,Booking.com,On Account,Confirmed,,ytomom.631667@guest.booking.com,+81 80 9650 0083,,"Non-Smoking  Promos: Mobile(App) Rate  There is no meal option with this room. Children and Extra Bed Policy: Children of any age are allowed. You haven't added any cots. You haven't added any extra beds. The maximum number of guests is 1.  Deposit Policy: The guest will be charged a prepayment of the total price of the reservation at any time.  Cancellation Policy: The guest can cancel free of charge until 7 days before arrival. The guest will be charged the total price of the reservation if they cancel in the 7 days before arrival. If the guest doesn’t show up, they will be charged the total price of the reservation.  payment_on_Booking.com (Payout type: BankTransfer)  ** THIS RESERVATION HAS BEEN PRE-PAID ** BOOKING NOTE : Payment charge is GBP 4.64  Genius Booker ",,,,,"2026-07-11",,,,
Hotel Orlando by PLI,2026-09-17T14:57:17,423-156-202,RNC-813-171,HM5ACHNSSA,,Ercan,Yilmaz,"2026-09-18","2026-09-20",2,Family Studio SR,Non Refundable,Flat 20 ( Basement sino ),,2,2,GBP,332.00,232.00,212.00,120.00,Online,Airbnb,Airbnb,On Account,Confirmed,,,905494244414,," ",,,,,"2026-09-17",,,,
Hotel Orlando by PLI,2026-01-14T18:56:09,492-240-682,DJY-539-967,6813185408,,Liana,Magomedova,"2026-09-18","2026-09-23",5,Triple room-Standard-Ensuite,,S Room 34 3rd F,,3,0,GBP,0.00,0.00,0.00,0.00,Online,Booking.com,Booking.com,On Account,Canceled,,lmagom.756107@guest.booking.com,+372 5688 3168,,"Non-Smoking  Promos: Mobile(App) Rate  There is no meal option with this room. Children and Extra Bed Policy: Children of any age are allowed. You haven't added any cots. You haven't added any extra beds. The maximum number of guests is 3.  Deposit Policy: The guest will be charged a prepayment of the total price of the reservation at any time.  Cancellation Policy: The guest can cancel free of charge until 7 days before arrival. The guest will be charged the total price of the reservation if they cancel in the 7 days before arrival.  payment_on_Booking.com (Payout type: BankTransfer)  ** THIS RESERVATION HAS BEEN PRE-PAID ** BOOKING NOTE : Payment charge is GBP 6.2768  Genius Booker ",,,,,"2026-01-14",,,,
Hotel Orlando by PLI,2026-09-09T09:50:11,561-022-301,ZOB-282-991,5732834036,,Masood,Usama,"2026-09-18","2026-09-20",2,Double room-Ensuite,Non Refundable,S Room 35 3rd F,,2,0,GBP,256.80,156.80,136.80,120.00,Online,Booking.com,Booking.com,On Account,Confirmed,,musama.475963@guest.booking.com,+353 89 966 5636,,"Non-Smoking  Promos: European Economic Area  There is no meal option with this room. Children and Extra Bed Policy: Children of any age are allowed. You haven't added any cots. You haven't added any extra beds. The maximum number of guests is 2.  Deposit Policy: The guest will be charged a prepayment of the total price of the reservation at any time.  Cancellation Policy: The guest can cancel free of charge until 7 days before arrival. The guest will be charged the total price of the reservation if they cancel in the 7 days before arrival. If the guest doesn’t show up, they will be charged the total price of the reservation.  payment_on_Booking.com (Payout type: BankTransfer)  ** THIS RESERVATION HAS BEEN PRE-PAID ** BOOKING NOTE : Payment charge is GBP 2.5088  Genius Booker ",,,,,"2026-09-09",,,,
Hotel Orlando by PLI,2026-07-14T18:27:15,813-804-494,VRO-478-502,2509458296,,Giovanni,Pullara,"2026-09-18","2026-09-23",5,Double room-Standard-Private Bathroom,Non Refundable,Room 10 1st Floor,,1,0,GBP,478.20,378.20,358.20,120.00,Online,Expedia Affiliate Network,Expedia & Affiliate Network,On Account,Confirmed,,giovannipullara11@libero.it,+393807675938,,"1 Queen Bed Expedia collects payment from traveler: Hotel invoices Expedia. ",,,,,"2026-07-14",,,,
Hotel Orlando by PLI,2026-07-13T18:06:34,818-093-994,UYP-173-485,2508520642,,Giovanni,Pullara,"2026-09-18","2026-09-24",6,Triple room-Standard-Private Bathroom,Non Refundable,Room 13 2nd Floor,,3,0,GBP,604.22,504.22,484.22,120.00,Online,Expedia,Expedia & Affiliate Network,On Account,Confirmed,,giovannipullara11@libero.it,+393807675938,,"1 Twin Bed and 1 Queen Bed Expedia collects payment from traveler: Hotel invoices Expedia. ",,,,,"2026-07-13",,,,
Hotel Orlando by PLI,2026-09-10T19:46:37,854-925-844,MKG-556-024,5368900374,,javier,muñoz catalán,"2026-09-18","2026-09-21",3,Quad room-Standard-Ensuite,Non Refundable,S Room 31 2nd FF,,3,0,GBP,352.20,252.20,232.20,120.00,Online,Booking.com,Booking.com,On Account,Confirmed,,jcatal.720635@guest.booking.com,+34 643 68 84 95,,"Non-Smoking  Promos: European Economic Area  There is no meal option with this room. Children and Extra Bed Policy: Children of any age are allowed. You haven't added any cots. You haven't added any extra beds. The maximum number of guests is 4.  Deposit Policy: The guest will be charged a prepayment of the total price of the reservation at any time.  Cancellation Policy: The guest can cancel free of charge until 7 days before arrival. The guest will be charged the total price of the reservation if they cancel in the 7 days before arrival. If the guest doesn’t show up, they will be charged the total price of the reservation.  payment_on_Booking.com (Payout type: BankTransfer)  ** THIS RESERVATION HAS BEEN PRE-PAID ** BOOKING NOTE : Payment charge is GBP 4.0352  Genius Booker ",,,,,"2026-09-10",,,,
Hotel Orlando by PLI,2026-08-25T01:18:26,855-006-441,HTP-688-618,5277512830,,Lachlon,Chadwick,"2026-09-18","2026-09-20",2,Quad Studio-Standard-Ensuite,,Flat 5 ( GF Orlando ),,4,0,GBP,0.00,0.00,0.00,0.00,Online,Booking.com,Booking.com,On Account,Canceled,,lchadw.895042@guest.booking.com,+44 774681594,,"Non-Smoking  Promos: Domestic  There is no meal option with this room. Children and Extra Bed Policy: Children of any age are allowed. You haven't added any cots. You haven't added any extra beds. The maximum number of guests is 4.  Deposit Policy: The guest will be charged a prepayment of the total price of the reservation at any time.  Cancellation Policy: The guest can cancel free of charge until 7 days before arrival. The guest will be charged the total price of the reservation if they cancel in the 7 days before arrival. If the guest doesn’t show up, they will be charged the total price of the reservation.  payment_on_Booking.com (Payout type: BankTransfer)  ** THIS RESERVATION HAS BEEN PRE-PAID ** BOOKING NOTE : Payment charge is GBP 3.8768 Approximate time of arrival: between 14:00 and 15:00  Genius Booker ",,,,,"2026-08-25",,,,
Hotel Orlando by PLI,2026-08-20T13:45:41,061-560-642,XBT-324-602,5442487802,,Gina,Pia Fontana,"2026-09-19","2026-09-23",4,Double room-Ensuite,,S Room 17 BF,,2,0,GBP,0.00,0.00,0.00,0.00,Online,Booking.com,Booking.com,On Account,Canceled,,gfonta.369407@guest.booking.com,+39 347 871 3920,,"Non-Smoking  Promos: European Economic Area  There is no meal option with this room. Children and Extra Bed Policy: Children of any age are allowed. You haven't added any cots. You haven't added any extra beds. The maximum number of guests is 2.  Deposit Policy: The guest will be charged a prepayment of the total price of the reservation at any time.  Cancellation Policy: The guest can cancel free of charge until 7 days before arrival. The guest will be charged the total price of the reservation if they cancel in the 7 days before arrival. If the guest doesn’t show up, they will be charged the total price of the reservation.  payment_on_Booking.com (Payout type: BankTransfer)  ** THIS RESERVATION HAS BEEN PRE-PAID ** BOOKING NOTE : Payment charge is GBP 4.784  Genius Booker ",,,,,"2026-08-20",,,,
Hotel Orlando by PLI,2026-09-08T09:26:16,062-020-824,RAE-005-478,6509970262,,Gina,Pia Fontana,"2026-09-19","2026-09-23",4,Quad room-Standard-Ensuite,,S Room 21 GF - SofaBed,,2,0,GBP,0.00,0.00,0.00,0.00,Online,Booking.com,Booking.com,On Account,Canceled,,gfonta.817590@guest.booking.com,+39 347 871 3920,,"Non-Smoking  Promos: European Economic Area  There is no meal option with this room. Children and Extra Bed Policy: Children of any age are allowed. You haven't added any cots. You haven't added any extra beds. The maximum number of guests is 4.  Deposit Policy: The guest will be charged a prepayment of the total price of the reservation at any time.  Cancellation Policy: The guest can cancel free of charge until 7 days before arrival. The guest will be charged the total price of the reservation if they cancel in the 7 days before arrival. If the guest doesn’t show up, they will be charged the total price of the reservation.  payment_on_Booking.com (Payout type: BankTransfer)  ** THIS RESERVATION HAS BEEN PRE-PAID ** BOOKING NOTE : Payment charge is GBP 5.1296  Genius Booker ",,,,,"2026-09-08",,,,
Hotel Orlando by PLI,2026-09-05T14:16:20,094-011-922,BZV-928-179,2551649495,,Jenna,Misikangas,"2026-09-19","2026-09-20",1,Double room-Standard-Private Bathroom,,Room 7 Mid-First Floor,,2,0,GBP,0.00,0.00,0.00,0.00,Online,Expedia,Expedia & Affiliate Network,Pay On Arrival,Canceled,,jes.misikangas@gmail.com,111111111111,,"Hotel collects payment from the traveler ",,,,,"2026-09-05",,,,
Hotel Orlando by PLI,2026-09-09T07:29:03,114-912-262,MHB-434-161,5974497100,,Jessica,Love,"2026-09-19","2026-09-20",1,Triple room-Standard-Ensuite,Non Refundable,S Room 33 3rd F - W/Microwave &Fridge,,3,0,GBP,194.70,94.70,74.70,120.00,Online,Booking.com,Booking.com,On Account,Confirmed,,jlove.461180@guest.booking.com,+44 7857 471133,,"Non-Smoking  Promos: Domestic  There is no meal option with this room. Children and Extra Bed Policy: Children of any age are allowed. You haven't added any cots. You haven't added any extra beds. The maximum number of guests is 3.  Deposit Policy: The guest will be charged a prepayment of the total price of the reservation at any time.  Cancellation Policy: The guest can cancel free of charge until 7 days before arrival. The guest will be charged the total price of the reservation if they cancel in the 7 days before arrival. If the guest doesn’t show up, they will be charged the total price of the reservation.  payment_on_Booking.com (Payout type: BankTransfer)  ** THIS RESERVATION HAS BEEN PRE-PAID ** Approximate time of arrival: between 14:00 and 15:00 BOOKING NOTE : Payment charge is GBP 1.5152  Genius Booker ",,,,,"2026-09-09",,,100 Pounds Deposit Needed,
Hotel Orlando by PLI,2026-07-28T22:27:23,139-396-832,EEU-912-412,6177171440,,Karla,Alejandra Solis Medina,"2026-09-19","2026-09-22",3,Triple room-Standard-Ensuite,,S Room 33 3rd F - W/Microwave &Fridge,,2,1,GBP,0.00,0.00,0.00,0.00,Online,Booking.com,Booking.com,On Account,Canceled,,kmedin.687677@guest.booking.com,+49 176 43493882,,"Child Ages: 6  Non-Smoking  Promos: European Economic Area  There is no meal option with this room. Children and Extra Bed Policy: Children of any age are allowed. You haven't added any cots. You haven't added any extra beds. The maximum number of guests is 3.  Deposit Policy: The guest will be charged a prepayment of the total price of the reservation at any time.  Cancellation Policy: The guest can cancel free of charge until 7 days before arrival. The guest will be charged the total price of the reservation if they cancel in the 7 days before arrival. If the guest doesn’t show up, they will be charged the total price of the reservation.  payment_on_Booking.com (Payout type: BankTransfer)  ** THIS RESERVATION HAS BEEN PRE-PAID ** Approximate time of arrival: between 14:00 and 15:00 BOOKING NOTE : Payment charge is GBP 4.0352  Genius Booker ",,,,,"2026-07-28",,,,
Hotel Orlando by PLI,2026-03-12T19:47:49,195-199-092,RCW-759-819,6513238857,,Cicha,Olga,"2026-09-19","2026-09-20",1,Family room-Standard-Ensuite,Non Refundable,S Room 19 BF,,2,3,GBP,123.70,123.70,103.70,20.00,Online,Booking.com,Booking.com,On Account,Confirmed,,colga.753447@guest.booking.com,+44 7467 412122,,"Child Ages: 12, 17, 5  Non-Smoking  Promos: Mobile(App) Rate  There is no meal option with this room. Children and Extra Bed Policy: Children of any age are allowed. You haven't added any cots. You haven't added any extra beds. The maximum number of guests is 5.  Deposit Policy: The guest will be charged a prepayment of the total price of the reservation in the 5 days before arrival.  Cancellation Policy: The guest can cancel free of charge until 5 days before arrival. The guest will be charged the total price of the reservation if they cancel in the 5 days before arrival. If the guest doesn’t show up, they will be charged the total price of the reservation.  payment_on_Booking.com (Payout type: BankTransfer)  ** THIS RESERVATION HAS BEEN PRE-PAID ** BOOKING NOTE : Payment charge is GBP 1.9792  Genius Booker ",,,,,"2026-03-12",,,100 Pounds Deposit Needed,
Hotel Orlando by PLI,2026-09-09T23:58:47,240-155-684,GHU-445-192,2555144704,,Terri,hayes,"2026-09-19","2026-09-20",1,Quad room-Standard-Ensuite,,S Room 26 1st F - W/Fridge,,3,0,GBP,0.00,0.00,0.00,0.00,Online,Expedia,Expedia & Affiliate Network,Pay On Arrival,Canceled,,terri.hayes@mail.com,111111111111,,"Hotel collects payment from the traveler ",,,,,"2026-09-09",,,100 Pounds Deposit Needed,
Hotel Orlando by PLI,2026-09-15T02:30:31,280-395-321,YHM-655-159,5647670488,,Caden,Massarella,"2026-09-19","2026-09-22",3,Quad room-Standard-Ensuite,Non Refundable,S Room 22 GF -2Ds W/Microwave &Fridge,,2,0,GBP,315.30,215.30,195.30,120.00,Online,Booking.com,Booking.com,On Account,Confirmed,,cmassa.149637@guest.booking.com,+44 7542 501197,,"Non-Smoking  Promos: Domestic  There is no meal option with this room. Children and Extra Bed Policy: Children of any age are allowed. You haven't added any cots. You haven't added any extra beds. The maximum number of guests is 4.  Deposit Policy: The guest will be charged a prepayment of the total price of the reservation at any time.  Cancellation Policy: The guest can cancel free of charge until 7 days before arrival. The guest will be charged the total price of the reservation if they cancel in the 7 days before arrival. If the guest doesn’t show up, they will be charged the total price of the reservation.  payment_on_Booking.com (Payout type: BankTransfer)  ** THIS RESERVATION HAS BEEN PRE-PAID ** BOOKING NOTE : Payment charge is GBP 3.4448  Genius Booker ",,,,,"2026-09-15",,,,
Hotel Orlando by PLI,2026-06-13T02:23:53,299-890-524,MOA-348-160,1418fb94e984-f7f61b37826451805cca1b6b587363e6@airbnb.com,,Linda’s,iCal,"2026-09-19","2026-09-20",1,Studio-Basic-Ensuite,Base Rate,Flat 24  ( GF Sino ),,1,0,GBP,91.38,91.38,71.38,20.00,iCal,ical1,,Deposit (Variable),Confirmed,,,+447932431608,,"Reservation URL: https://www.airbnb.com/hosting/reservations/details/HM9NBJTXFT Linda’s group of 3 Sep 19 – 20 · 1 night Flat 24 GF Sino · Flat near Westfield & Hammersmith ‪+44 7932 431608‬ 91.38",,,,,"2026-06-13",,,,
Hotel Orlando by PLI,2026-03-12T16:26:12,323-309-844,DOF-324-607,6840232103,,Marek,Mularcik,"2026-09-19","2026-09-20",1,Family room-Standard-Ensuite,,S Room 19 BF,,2,2,GBP,0.00,0.00,0.00,0.00,Online,Booking.com,Booking.com,On Account,Canceled,,mmular.342246@guest.booking.com,+44 7355 636709,,"Child Ages: 16, 7  Non-Smoking  Promos: Mobile(App) Rate  There is no meal option with this room. Children and Extra Bed Policy: Children of any age are allowed. You haven't added any cots. You haven't added any extra beds. The maximum number of guests is 5.  Deposit Policy: The guest will be charged a prepayment of the total price of the reservation in the 5 days before arrival.  Cancellation Policy: The guest can cancel free of charge until 5 days before arrival. The guest will be charged the total price of the reservation if they cancel in the 5 days before arrival. If the guest doesn’t show up, they will be charged the total price of the reservation.  payment_on_Booking.com (Payout type: BankTransfer)  ** THIS RESERVATION HAS BEEN PRE-PAID ** BOOKING NOTE : Payment charge is GBP 1.8976  Genius Booker ",,,,,"2026-03-12",,,,
Hotel Orlando by PLI,2026-05-25T08:38:31,328-295-361,YKN-699-910,6657224803,,Francesco,Guadagni,"2026-09-19","2026-09-23",4,Double room-Standard-Private Bathroom,,Room 11 2nd Floor,,2,0,GBP,0.00,0.00,0.00,0.00,Online,Booking.com,Booking.com,On Account,Canceled,,fguada.312851@guest.booking.com,+39 339 217 8458,,"payment_on_Booking.com (Payout type: BankTransfer)  Non-Smoking  ** THIS RESERVATION HAS BEEN PRE-PAID ** BOOKING NOTE : Payment charge is GBP 5.3744  Genius Booker  Promos: European Economic Area  There is no meal option with this room. Children and Extra Bed Policy: Children of any age are allowed. You haven't added any cots. You haven't added any extra beds. The maximum number of guests is 2.  Deposit Policy: The guest will be charged a prepayment of the total price of the reservation at any time.  Cancellation Policy: The guest can cancel free of charge until 7 days before arrival. The guest will be charged the total price of the reservation if they cancel in the 7 days before arrival. If the guest doesn’t show up, they will be charged the total price of the reservation.",,,,,"2026-05-25",,,,
Hotel Orlando by PLI,2026-03-12T18:39:39,423-482-441,NIN-928-292,6370722291,,Cicha,Olga,"2026-09-19","2026-09-20",1,Double room-Standard-Private Bathroom,Base Rate,Room 6 GF,,2,0,GBP,106.70,106.70,86.70,20.00,Online,Booking.com,Booking.com,On Account,Confirmed,,colga.650845@guest.booking.com,+44 7467 412122,,"Non-Smoking  Promos: Mobile(App) Rate  There is no meal option with this room. Children and Extra Bed Policy: Children of any age are allowed. You haven't added any cots. You haven't added any extra beds. The maximum number of guests is 2.  Deposit Policy: The guest will be charged a prepayment of the total price of the reservation in the 5 days before arrival.  Cancellation Policy: The guest can cancel free of charge until 5 days before arrival. The guest will be charged the total price of the reservation if they cancel in the 5 days before arrival. If the guest doesn’t show up, they will be charged the total price of the reservation.  payment_on_Booking.com (Payout type: BankTransfer)  ** THIS RESERVATION HAS BEEN PRE-PAID ** BOOKING NOTE : Payment charge is GBP 1.7072  Genius Booker ",,,,,"2026-03-12",,,100 Pounds Deposit Needed,
Hotel Orlando by PLI,2026-09-08T05:56:11,460-536-621,MDQ-785-095,6188844470,,Mohamed,El Khalloufi,"2026-09-19","2026-09-22",3,Double room-Standard-Private Bathroom,,Room 7 Mid-First Floor,,2,0,GBP,0.00,0.00,0.00,0.00,Online,Booking.com,Booking.com,On Account,Canceled,,mkhall.969229@guest.booking.com,+33 7 45 56 50 06,,"Non-Smoking  Promos: European Economic Area  There is no meal option with this room. Children and Extra Bed Policy: Children of any age are allowed. You haven't added any cots. You haven't added any extra beds. The maximum number of guests is 2.  Deposit Policy: The guest will be charged a prepayment of the total price of the reservation at any time.  Cancellation Policy: The guest can cancel free of charge until 7 days before arrival. The guest will be charged the total price of the reservation if they cancel in the 7 days before arrival. If the guest doesn’t show up, they will be charged the total price of the reservation.  payment_on_Booking.com (Payout type: BankTransfer)  ** THIS RESERVATION HAS BEEN PRE-PAID ** BOOKING NOTE : Payment charge is GBP 3.3728  Genius Booker ",,,,,"2026-09-08",,,,
Hotel Orlando by PLI,2026-09-10T10:03:54,465-280-351,PFL-903-394,2555450007,,Roger,Arola Marti,"2026-09-19","2026-09-21",2,Quad Studio-Standard-Ensuite,Non Refundable,Flat 5 ( GF Orlando ),,2,0,GBP,274.80,274.80,154.80,120.00,Online,Expedia Affiliate Network,Expedia & Affiliate Network,On Account,Confirmed,"3:00 PM",rogerarola@gmail.com,+34613130195,,"1 Queen Sofa Bed and 1 Queen Bed Expedia collects payment from traveler: Hotel invoices Expedia. ",,,,,"2026-09-10",,,,
Hotel Orlando by PLI,2026-09-09T07:34:55,480-009-221,YYE-982-502,5540308184,,Luisa,Fernanda Corujo Rodriguez,"2026-09-19","2026-09-23",4,Double room-Ensuite,Non Refundable,S Room 17 BF,,2,0,GBP,366.60,266.60,246.60,120.00,Online,Booking.com,Booking.com,On Account,Confirmed,,srbvgq.816289@guest.booking.com,+52 662 100 8245,,"Non-Smoking  Promos: Mobile(App) Rate  There is no meal option with this room. Children and Extra Bed Policy: Children of any age are allowed. You haven't added any cots. You haven't added any extra beds. The maximum number of guests is 2.  Deposit Policy: The guest will be charged a prepayment of the total price of the reservation at any time.  Cancellation Policy: The guest can cancel free of charge until 7 days before arrival. The guest will be charged the total price of the reservation if they cancel in the 7 days before arrival. If the guest doesn’t show up, they will be charged the total price of the reservation.  payment_on_Booking.com (Payout type: BankTransfer)  ** THIS RESERVATION HAS BEEN PRE-PAID ** BOOKING NOTE : Payment charge is GBP 4.2656  Genius Booker ",,,,,"2026-09-09",,,,
Hotel Orlando by PLI,2026-08-30T03:02:51,542-612-104,JWF-997-915,5983187175,,Martin,Polok,"2026-09-19","2026-09-21",2,Quad room-Standard-Ensuite,,S Room 21 GF - SofaBed,,2,1,GBP,0.00,0.00,0.00,0.00,Online,Booking.com,Booking.com,On Account,Canceled,,mpolok.648424@guest.booking.com,+44 7983 990673,,"Child Ages: 5  Non-Smoking  Promos: European Economic Area  There is no meal option with this room. Children and Extra Bed Policy: Children of any age are allowed. You haven't added any cots. You haven't added any extra beds. The maximum number of guests is 4.  Deposit Policy: The guest will be charged a prepayment of the total price of the reservation at any time.  Cancellation Policy: The guest can cancel free of charge until 7 days before arrival. The guest will be charged the total price of the reservation if they cancel in the 7 days before arrival. If the guest doesn’t show up, they will be charged the total price of the reservation.  payment_on_Booking.com (Payout type: BankTransfer)  ** THIS RESERVATION HAS BEEN PRE-PAID ** BOOKING NOTE : Payment charge is GBP 3.2432  Genius Booker ",,,,,"2026-08-30",,,,
Hotel Orlando by PLI,2026-03-12T16:58:46,551-809-934,RXQ-002-879,6318032917,,Marek,Mularcik,"2026-09-19","2026-09-20",1,Quad Studio-Standard-Ensuite,,Flat 5 ( GF Orlando ),,2,2,GBP,0.00,0.00,0.00,0.00,Online,Booking.com,Booking.com,On Account,Canceled,,mmular.931252@guest.booking.com,+44 7355 636709,,"Child Ages: 16, 7  Non-Smoking  Promos: Mobile(App) Rate  There is no meal option with this room. Children and Extra Bed Policy: Children of any age are allowed. You haven't added any cots. You haven't added any extra beds. The maximum number of guests is 4.  Deposit Policy: The guest will be charged a prepayment of the total price of the reservation in the 5 days before arrival.  Cancellation Policy: The guest can cancel free of charge until 5 days before arrival. The guest will be charged the total price of the reservation if they cancel in the 5 days before arrival. If the guest doesn’t show up, they will be charged the total price of the reservation.  payment_on_Booking.com (Payout type: BankTransfer)  ** THIS RESERVATION HAS BEEN PRE-PAID ** BOOKING NOTE : Payment charge is GBP 1.9792  Genius Booker ",,,,,"2026-03-12",,,,
Hotel Orlando by PLI,2026-09-10T15:25:49,601-228-352,FFN-551-532,6550252282,,ABDULRAHMAN,ALSHEHRI,"2026-09-19","2026-09-23",4,Double room-Ensuite,Non Refundable,S Room 28 1st F,,1,0,GBP,370.20,270.20,250.20,120.00,Online,Booking.com,Booking.com,On Account,Confirmed,,aalshe.786027@guest.booking.com,+966 55 774 0954,,"Non-Smoking  Promos: Mobile(App) Rate  There is no meal option with this room. Children and Extra Bed Policy: Children of any age are allowed. You haven't added any cots. You haven't added any extra beds. The maximum number of guests is 2.  Deposit Policy: The guest will be charged a prepayment of the total price of the reservation at any time.  Cancellation Policy: The guest can cancel free of charge until 7 days before arrival. The guest will be charged the total price of the reservation if they cancel in the 7 days before arrival. If the guest doesn’t show up, they will be charged the total price of the reservation.  payment_on_Booking.com (Payout type: BankTransfer)  ** THIS RESERVATION HAS BEEN PRE-PAID ** BOOKING NOTE : Payment charge is GBP 4.3232  Genius Booker ",,,,,"2026-09-10",,,,
Hotel Orlando by PLI,2026-09-07T19:27:55,689-430-531,VIF-398-669,6873342061,,Thomas,Befroy,"2026-09-19","2026-09-20",1,Quad room-Standard-Ensuite,Non Refundable,S Room 21 GF - SofaBed,,4,0,GBP,201.90,101.90,81.90,120.00,Online,Booking.com,Booking.com,On Account,Confirmed,,tbefro.146034@guest.booking.com,+44 7884 067825,,"Non-Smoking  Promos: Domestic  There is no meal option with this room. Children and Extra Bed Policy: Children of any age are allowed. You haven't added any cots. You haven't added any extra beds. The maximum number of guests is 4.  Deposit Policy: The guest will be charged a prepayment of the total price of the reservation at any time.  Cancellation Policy: The guest can cancel free of charge until 7 days before arrival. The guest will be charged the total price of the reservation if they cancel in the 7 days before arrival. If the guest doesn’t show up, they will be charged the total price of the reservation.  payment_on_Booking.com (Payout type: BankTransfer)  ** THIS RESERVATION HAS BEEN PRE-PAID ** BOOKING NOTE : Payment charge is GBP 1.6304  Genius Booker ",,,,,"2026-09-07",,,100 Pounds Deposit Needed,
Hotel Orlando by PLI,2026-09-01T22:00:45,821-814-361,NWF-969-080,2548579549,,Lisbeth,Muso Yagual,"2026-09-19","2026-09-22",3,Triple room-Standard-Private Bathroom,Non Refundable,Room 12 2nd Floor,,2,1,GBP,366.61,266.61,246.61,120.00,Online,Expedia,Expedia & Affiliate Network,On Account,Confirmed,,lisbeth_sw@hotmail.com,1111111111,,"1 Twin Bed and 1 Queen Bed Expedia collects payment from traveler: Hotel invoices Expedia. ",,,,,"2026-09-01",,,,
Hotel Orlando by PLI,2026-08-22T18:47:45,836-663-331,ZOG-218-583,5365595441,,Zahide,Cukur,"2026-09-19","2026-09-21",2,Triple room-Standard-Ensuite,,S Room 23 GF,,3,0,GBP,0.00,0.00,0.00,0.00,Online,Booking.com,Booking.com,On Account,Canceled,,zcukur.742431@guest.booking.com,+90 507 618 14 07,,"Non-Smoking  Promos: Mobile(App) Rate  There is no meal option with this room. Children and Extra Bed Policy: Children of any age are allowed. You haven't added any cots. You haven't added any extra beds. The maximum number of guests is 3.  Deposit Policy: The guest will be charged a prepayment of the total price of the reservation at any time.  Cancellation Policy: The guest can cancel free of charge until 7 days before arrival. The guest will be charged the total price of the reservation if they cancel in the 7 days before arrival. If the guest doesn’t show up, they will be charged the total price of the reservation.  payment_on_Booking.com (Payout type: BankTransfer)  ** THIS RESERVATION HAS BEEN PRE-PAID ** BOOKING NOTE : Payment charge is GBP 2.8544  Genius Booker ",,,,,"2026-08-22",,,,
Hotel Orlando by PLI,2026-08-21T20:52:55,963-462-241,NFJ-163-560,6511259420,,Grossemy,Emeline,"2026-09-19","2026-09-21",2,Double room-Ensuite,Non Refundable,S Room 25 Mid 1st F,,2,0,GBP,262.20,162.20,142.20,120.00,Online,Booking.com,Booking.com,On Account,Confirmed,,gemeli.684734@guest.booking.com,+33 6 49 41 41 63,,"Non-Smoking  Promos: European Economic Area  There is no meal option with this room. Children and Extra Bed Policy: Children of any age are allowed. You haven't added any cots. You haven't added any extra beds. The maximum number of guests is 2.  Deposit Policy: The guest will be charged a prepayment of the total price of the reservation at any time.  Cancellation Policy: The guest can cancel free of charge until 7 days before arrival. The guest will be charged the total price of the reservation if they cancel in the 7 days before arrival. If the guest doesn’t show up, they will be charged the total price of the reservation.  payment_on_Booking.com (Payout type: BankTransfer)  ** THIS RESERVATION HAS BEEN PRE-PAID ** BOOKING NOTE : Payment charge is GBP 2.5952  Genius Booker ",,,,,"2026-08-21",,,,
Hotel Orlando by PLI,2026-03-15T14:49:51,254-508-221,DVT-138-227,6501747409,,Kentaro,Abe,"2026-09-20","2026-09-25",5,Double room-Ensuite,,S Room 29 Mid 2nd F,,2,0,GBP,0.00,0.00,0.00,0.00,Online,Booking.com,Booking.com,On Account,Canceled,,kabe.419104@guest.booking.com,+81 20 3564 0799,,"Non-Smoking  Promos: Mobile Rate(15%)  There is no meal option with this room. Children and Extra Bed Policy: Children of any age are allowed. You haven't added any cots. You haven't added any extra beds. The maximum number of guests is 2.  Deposit Policy: The guest will be charged a prepayment of the total price of the reservation in the 5 days before arrival.  Cancellation Policy: The guest can cancel free of charge until 5 days before arrival. The guest will be charged the total price of the reservation if they cancel in the 5 days before arrival. If the guest doesn’t show up, they will be charged the total price of the reservation.  payment_on_Booking.com (Payout type: BankTransfer)  ** THIS RESERVATION HAS BEEN PRE-PAID ** Smoke BOOKING NOTE : Payment charge is GBP 5.2704 ",,,,,"2026-03-15",,,,
Hotel Orlando by PLI,2026-08-10T20:27:14,256-908-544,YOV-335-803,6620997361,,BENTAFAT,Lina,"2026-09-20","2026-09-28",8,Double room-Ensuite,,S Room 29 Mid 2nd F,,2,0,GBP,0.00,0.00,0.00,0.00,Online,Booking.com,Booking.com,On Account,Canceled,,blina.142752@guest.booking.com,+44 7466 648336,,"payment_on_Booking.com (Payout type: BankTransfer)  Non-Smoking  ** THIS RESERVATION HAS BEEN PRE-PAID ** BOOKING NOTE : Payment charge is GBP 9.3632  Genius Booker  Promos: Domestic  There is no meal option with this room. Children and Extra Bed Policy: Children of any age are allowed. You haven't added any cots. You haven't added any extra beds. The maximum number of guests is 2.  Deposit Policy: The guest will be charged a prepayment of the total price of the reservation at any time.  Cancellation Policy: The guest can cancel free of charge until 7 days before arrival. The guest will be charged the total price of the reservation if they cancel in the 7 days before arrival. If the guest doesn’t show up, they will be charged the total price of the reservation.",,,,,"2026-08-10",,,,
Hotel Orlando by PLI,2026-08-20T00:07:26,263-529-114,UVG-656-403,6004783509,,Ivana,Andrea Ayes,"2026-09-20","2026-09-23",3,Family room-Standard-Ensuite,,S Room 19 BF,,3,2,GBP,0.00,0.00,0.00,0.00,Online,Booking.com,Booking.com,On Account,Canceled,,iayes.732955@guest.booking.com,+54 11 5526 9978,,"Child Ages: 11, 8  Non-Smoking  There is no meal option with this room. Children and Extra Bed Policy: Children of any age are allowed. You haven't added any cots. You haven't added any extra beds. The maximum number of guests is 5.  Deposit Policy: The guest will be charged a prepayment of the total price of the reservation at any time.  Cancellation Policy: The guest can cancel free of charge until 7 days before arrival. The guest will be charged the total price of the reservation if they cancel in the 7 days before arrival. If the guest doesn’t show up, they will be charged the total price of the reservation.  payment_on_Booking.com (Payout type: BankTransfer)  ** THIS RESERVATION HAS BEEN PRE-PAID ** Approximate time of arrival: between 15:00 and 16:00 BOOKING NOTE : Payment charge is GBP 4.768  Genius Booker ",,,,,"2026-08-19",,,,
Hotel Orlando by PLI,2026-05-12T13:48:15,286-190-002,LCF-706-658,5147982843,,Matthew,Parker,"2026-09-20","2026-09-22",2,Twin room-Standard-Private Bathroom,,Room 16 3rd Floor,,2,0,GBP,0.00,0.00,0.00,0.00,Online,Booking.com,Booking.com,On Account,Canceled,,mparke.287680@guest.booking.com,+44 7727 180735,,"Non-Smoking  Promos: Domestic  There is no meal option with this room. Children and Extra Bed Policy: Children of any age are allowed. You haven't added any cots. You haven't added any extra beds. The maximum number of guests is 2.  Deposit Policy: The guest will be charged a prepayment of the total price of the reservation at any time.  Cancellation Policy: The guest can cancel free of charge until 7 days before arrival. The guest will be charged the total price of the reservation if they cancel in the 7 days before arrival. If the guest doesn’t show up, they will be charged the total price of the reservation.  payment_on_Booking.com (Payout type: BankTransfer)  ** THIS RESERVATION HAS BEEN PRE-PAID ** BOOKING NOTE : Payment charge is GBP 2.2928  Genius Booker ",,,,,"2026-05-12",,,,
Hotel Orlando by PLI,2026-09-12T08:29:53,330-166-184,BYU-219-549,5123106523,,Carl,Sales,"2026-09-20","2026-09-21",1,Triple room-Standard-Ensuite,Non Refundable,S Room 23 GF,,2,0,GBP,173.10,73.10,53.10,120.00,Online,Booking.com,Booking.com,On Account,Confirmed,,csales.611370@guest.booking.com,+44 7485 283106,,"Non-Smoking  Promos: Domestic  There is no meal option with this room. Children and Extra Bed Policy: Children of any age are allowed. You haven't added any cots. You haven't added any extra beds. The maximum number of guests is 3.  Deposit Policy: The guest will be charged a prepayment of the total price of the reservation at any time.  Cancellation Policy: The guest can cancel free of charge until 7 days before arrival. The guest will be charged the total price of the reservation if they cancel in the 7 days before arrival. If the guest doesn’t show up, they will be charged the total price of the reservation.  payment_on_Booking.com (Payout type: BankTransfer)  ** THIS RESERVATION HAS BEEN PRE-PAID ** BOOKING NOTE : Payment charge is GBP 1.1696  Genius Booker ",,,,,"2026-09-12",,,,
Hotel Orlando by PLI,2026-09-16T16:29:21,333-199-852,OCB-614-725,,,,Biniam Estifanos,"2026-09-20","2026-09-21",1,Family room-Standard-Ensuite,Base Rate,S Room 19 BF,,1,0,GBP,76.00,0.00,56.00,20.00,Direct,,,On Account,Confirmed,,biniam98.estifanos@outlook.com,+447985670507,,,,,,,"2026-09-16",,,,
Hotel Orlando by PLI,2026-04-05T13:17:33,353-989-624,BPI-554-754,6460790927,,Andy,Whiteley,"2026-09-20","2026-09-22",2,Single room-Standard-Ensuite,,S Room 32 2nd F,,1,0,GBP,0.00,0.00,0.00,0.00,Online,Booking.com,Booking.com,On Account,Canceled,,awhite.793213@guest.booking.com,+44 7749 060230,,"Non-Smoking  Promos: Domestic  There is no meal option with this room. Children and Extra Bed Policy: Children of any age are allowed. You haven't added any cots. You haven't added any extra beds. The maximum number of guests is 1.  Deposit Policy: The guest will be charged a prepayment of the total price of the reservation in the 5 days before arrival.  Cancellation Policy: The guest can cancel free of charge until 5 days before arrival. The guest will be charged the total price of the reservation if they cancel in the 5 days before arrival. If the guest doesn’t show up, they will be charged the total price of the reservation.  payment_on_Booking.com (Payout type: BankTransfer)  ** THIS RESERVATION HAS BEEN PRE-PAID ** BOOKING NOTE : Payment charge is GBP 2.0336 Approximate time of arrival: between 22:00 and 23:00  Genius Booker ",,,,,"2026-04-05",,,,
Hotel Orlando by PLI,2026-07-28T09:32:51,368-141-222,LEN-368-610,6040979317,,Selma,Arslan,"2026-09-20","2026-09-27",7,Double room-Standard-Private Bathroom,,Room 14 2nd Floor,,2,0,GBP,0.00,0.00,0.00,0.00,Online,Booking.com,Booking.com,On Account,Canceled,,sarsla.901985@guest.booking.com,+90 546 126 20 53,,"Non-Smoking  There is no meal option with this room. Children and Extra Bed Policy: Children of any age are allowed. You haven't added any cots. You haven't added any extra beds. The maximum number of guests is 2.  Deposit Policy: The guest will be charged a prepayment of the total price of the reservation at any time.  Cancellation Policy: The guest can cancel free of charge until 7 days before arrival. The guest will be charged the total price of the reservation if they cancel in the 7 days before arrival. If the guest doesn’t show up, they will be charged the total price of the reservation.  payment_on_Booking.com (Payout type: BankTransfer)  ** THIS RESERVATION HAS BEEN PRE-PAID ** Approximate time of arrival: between 11:00 and 12:00 BOOKING NOTE : Payment charge is GBP 9.68  Genius Booker ",,,,,"2026-07-28",,,,
Hotel Orlando by PLI,2026-07-20T17:37:02,390-431-812,MJW-621-648,6830309444,,Carl,Sales,"2026-09-20","2026-09-21",1,Family room-Standard-Ensuite,,Room 3 BF W/Microwave,,3,0,GBP,0.00,0.00,0.00,0.00,Online,Booking.com,Booking.com,On Account,Canceled,,csales.937580@guest.booking.com,+44 7485 283106,,"Non-Smoking  Promos: Domestic  There is no meal option with this room. Children and Extra Bed Policy: Children of any age are allowed. You haven't added any cots. You haven't added any extra beds. The maximum number of guests is 5.  Deposit Policy: The guest will be charged a prepayment of the total price of the reservation at any time.  Cancellation Policy: The guest can cancel free of charge until 7 days before arrival. The guest will be charged the total price of the reservation if they cancel in the 7 days before arrival. If the guest doesn’t show up, they will be charged the total price of the reservation.  payment_on_Booking.com (Payout type: BankTransfer)  ** THIS RESERVATION HAS BEEN PRE-PAID ** BOOKING NOTE : Payment charge is GBP 1.53968 Approximate time of arrival: between 16:00 and 17:00  Genius Booker ",,,,,"2026-07-20",,,100 Pounds Deposit Needed,
Hotel Orlando by PLI,2026-08-31T20:07:20,393-642-591,JDO-495-761,6385211747,,Nagore,Nagore,"2026-09-20","2026-09-23",3,Family room-Standard-Ensuite,,S Room 19 BF,,5,0,GBP,0.00,0.00,0.00,0.00,Online,Booking.com,Booking.com,On Account,Canceled,,nnagor.352840@guest.booking.com,+34 622 08 22 70,,"Non-Smoking  Promos: European Economic Area  There is no meal option with this room. Children and Extra Bed Policy: Children of any age are allowed. You haven't added any cots. You haven't added any extra beds. The maximum number of guests is 5.  Deposit Policy: The guest will be charged a prepayment of the total price of the reservation at any time.  Cancellation Policy: The guest can cancel free of charge until 7 days before arrival. The guest will be charged the total price of the reservation if they cancel in the 7 days before arrival. If the guest doesn’t show up, they will be charged the total price of the reservation.  payment_on_Booking.com (Payout type: BankTransfer)  ** THIS RESERVATION HAS BEEN PRE-PAID ** BOOKING NOTE : Payment charge is GBP 4.4672  Genius Booker ",,,,,"2026-08-31",,,,
Hotel Orlando by PLI,2026-07-04T01:11:16,505-132-654,EON-880-254,6468053571,,Odunayo,Yusuf,"2026-09-20","2026-09-22",2,Family Studio SR,,Flat 20 ( Basement sino ),,3,0,GBP,0.00,0.00,0.00,0.00,Online,Booking.com,Booking.com,On Account,Canceled,,oyusuf.235452@guest.booking.com,+44 7859 744842,,"Non-Smoking  Promos: Domestic  There is no meal option with this room. Children and Extra Bed Policy: Children of any age are allowed. You haven't added any extra beds. The maximum number of cots is 1. The maximum number of guests is 6.  Deposit Policy: The guest will be charged a prepayment of the total price of the reservation at any time.  Cancellation Policy: The guest can cancel free of charge until 7 days before arrival. The guest will be charged the total price of the reservation if they cancel in the 7 days before arrival. If the guest doesn’t show up, they will be charged the total price of the reservation.  payment_on_Booking.com (Payout type: BankTransfer)  ** THIS RESERVATION HAS BEEN PRE-PAID ** BOOKING NOTE : Payment charge is GBP 3.1424  Genius Booker ",,,,,"2026-07-04",,,,
Hotel Orlando by PLI,2026-09-16T13:49:59,539-285-934,ZJB-789-252,5126065531,,Unyime,Iniobong,"2026-09-20","2026-09-23",3,Family room-Standard-Ensuite,Non Refundable,Room 3 BF W/Microwave,,3,0,GBP,337.00,237.00,217.00,120.00,Online,Booking.com,Booking.com,On Account,Confirmed,,uiniob.267583@guest.booking.com,+234 810 242 8307,,"Non-Smoking  There is no meal option with this room. Children and Extra Bed Policy: Children of any age are allowed. You haven't added any cots. You haven't added any extra beds. The maximum number of guests is 5.  Deposit Policy: The guest will be charged a prepayment of the total price of the reservation at any time.  Cancellation Policy: The guest can cancel free of charge until 7 days before arrival. The guest will be charged the total price of the reservation if they cancel in the 7 days before arrival. If the guest doesn’t show up, they will be charged the total price of the reservation.  payment_on_Booking.com (Payout type: BankTransfer)  ** THIS RESERVATION HAS BEEN PRE-PAID ** BOOKING NOTE : Payment charge is GBP 3.792 We will check in on Sunday (September 20, 2026) morning due to our flight's arrival time.  Genius Booker ",,,,,"2026-09-16",,,,
Hotel Orlando by PLI,2026-01-29T03:51:22,559-840-132,DUV-939-691,5744330360,,Joshua,Sparks,"2026-09-20","2026-09-25",5,Triple room-Standard-Ensuite,,S Room 34 3rd F,,3,0,GBP,0.00,0.00,0.00,0.00,Online,Booking.com,Booking.com,On Account,Canceled,,jspark.122303@guest.booking.com,+1 248 894 8541,,"Non-Smoking  Promos: Mobile(App) Rate  There is no meal option with this room. Children and Extra Bed Policy: Children of any age are allowed. You haven't added any cots. You haven't added any extra beds. The maximum number of guests is 3.  Deposit Policy: The guest will be charged a prepayment of the total price of the reservation at any time.  Cancellation Policy: The guest can cancel free of charge until 7 days before arrival. The guest will be charged the total price of the reservation if they cancel in the 7 days before arrival.  payment_on_Booking.com (Payout type: BankTransfer)  ** THIS RESERVATION HAS BEEN PRE-PAID ** BOOKING NOTE : Payment charge is GBP 6.2224  Genius Booker ",,,,,"2026-01-29",,,,
Hotel Orlando by PLI,2025-08-31T07:51:55,610-343-354,RLZ-717-574,2279794649,,Yoshito,Okada,"2026-09-20","2026-09-26",6,Triple room-Standard-Private Bathroom,,Room 8 1st Floor,,2,0,GBP,0.00,0.00,0.00,0.00,Online,Expedia,Expedia & Affiliate Network,Pay On Arrival,Canceled,,cr.cr.1119@gmail.com,8109015963880,,"Hotel Collect Booking - Collect Payment From Guest 30% roundtrip airport transfer discount for 2 (on request) ",,,,,"2025-08-31",,,,
Hotel Orlando by PLI,2026-09-15T14:39:19,646-366-802,MQA-863-755,6865900945,,Megan,Bradley,"2026-09-20","2026-09-21",1,Double room-Standard-Private Bathroom,Non Refundable,Room 7 Mid-First Floor,,2,0,GBP,158.70,58.70,38.70,120.00,Online,Booking.com,Booking.com,On Account,Confirmed,,mbradl.904611@guest.booking.com,+44 7988 059255,,"Non-Smoking  Promos: Domestic  There is no meal option with this room. Children and Extra Bed Policy: Children of any age are allowed. You haven't added any cots. You haven't added any extra beds. The maximum number of guests is 2.  Deposit Policy: The guest will be charged a prepayment of the total price of the reservation at any time.  Cancellation Policy: The guest will be charged the total price of the reservation if they cancel at any time.  payment_on_Booking.com (Payout type: BankTransfer)  ** THIS RESERVATION HAS BEEN PRE-PAID ** BOOKING NOTE : Payment charge is GBP 0.9392  Genius Booker ",,,,,"2026-09-15",,,,
Hotel Orlando by PLI,2026-09-14T16:50:23,666-568-802,PRI-757-371,5264077549,,Todea,Anamaria,"2026-09-20","2026-09-22",2,Triple room-Standard-Private Bathroom,Non Refundable,Room 8 1st Floor,,2,1,GBP,219.90,256.90,99.90,120.00,Online,Booking.com,Booking.com,On Account,Confirmed,,tanama.737937@guest.booking.com,+40 741 173 741,,"Group: 6 x Adult, 3 x Child  Child Ages: 16  Non-Smoking  Promos: European Economic Area  There is no meal option with this room. Children and Extra Bed Policy: Children of any age are allowed. You haven't added any cots. You haven't added any extra beds. The maximum number of guests is 3.  Deposit Policy: The guest will be charged a prepayment of the total price of the reservation at any time.  Cancellation Policy: The guest will be charged the total price of the reservation if they cancel at any time.  payment_on_Booking.com (Payout type: BankTransfer)  ** THIS RESERVATION HAS BEEN PRE-PAID ** BOOKING NOTE : Payment charge is GBP 4.1104  Genius Booker ",,,,,"2026-09-14",,,,
Hotel Orlando by PLI,2026-09-11T17:46:58,819-161-041,TJJ-929-129,HM2JPK4NN4,,Hope,Shooter,"2026-09-20","2026-09-21",1,Studio-Basic-Ensuite,Non Refundable,Flat 24  ( GF Sino ),,3,0,GBP,183.00,83.00,63.00,120.00,Online,Airbnb,Airbnb,On Account,Confirmed,,,447540258680,," ",,,,,"2026-09-11",,,,
Hotel Orlando by PLI,2026-09-14T16:50:23,989-844-851,PRI-757-371,5264077549,,Todea,Anamaria,"2026-09-20","2026-09-22",2,Family Studio SR,Non Refundable,Flat 20 ( Basement sino ),,4,2,GBP,237.00,See 666-568-802,117.00,120.00,Online,Booking.com,Booking.com,On Account,Confirmed,,tanama.737937@guest.booking.com,+40 741 173 741,,"Group: 6 x Adult, 3 x Child  Child Ages: 12, 12  Non-Smoking  Promos: European Economic Area  There is no meal option with this room. Children and Extra Bed Policy: Children of any age are allowed. You haven't added any extra beds. The maximum number of cots is 1. The maximum number of guests is 6.  Deposit Policy: The guest will be charged a prepayment of the total price of the reservation at any time.  Cancellation Policy: The guest can cancel free of charge until 7 days before arrival. The guest will be charged the total price of the reservation if they cancel in the 7 days before arrival. If the guest doesn’t show up, they will be charged the total price of the reservation.  payment_on_Booking.com (Payout type: BankTransfer)  ** THIS RESERVATION HAS BEEN PRE-PAID ** BOOKING NOTE : Payment charge is GBP 4.1104  Genius Booker ",,,,,"2026-09-14",,,,
Hotel Orlando by PLI,2026-04-26T17:59:56,031-542-842,GZS-371-082,2446809673,,daniele,pimentel,"2026-09-21","2026-09-29",8,Family room-Standard-Ensuite,Base Rate,S Room 19 BF,,5,0,GBP,819.67,819.67,799.67,20.00,Online,Expedia,Expedia & Affiliate Network,On Account,Confirmed,,pimentel0402@gmail.com,111111111111111,,"1 Twin Bed, 1 Queen Bed and 1 Twin Sofa Bed Expedia collects payment from traveler: Hotel charges virtual card.  Expedia & Affiliate Network has provided a virtual card with a balance of £651.74. It can be charged between 2026-09-21 and 2029-04-01.",,,,,"2026-04-26",,,,
Hotel Orlando by PLI,2026-08-11T17:24:21,061-660-581,NEX-450-426,2532136407,,Amir,Hanna,"2026-09-21","2026-09-25",4,Triple room-Standard-Ensuite,,S Room 33 3rd F - W/Microwave &Fridge,,1,0,GBP,0.00,0.00,0.00,0.00,Online,Expedia Affiliate Network,Expedia & Affiliate Network,Pay On Arrival,Canceled,,heverley_d468e79b4b7a6@protectedid.org,111111111111,,"1 Twin Bed and 1 Queen Bed Event name: British Orthopaedic Association - Annual Congress 2026  Booking platform: HotelMap ",,,,,"2026-08-11",,,,
Hotel Orlando by PLI,2026-04-16T13:11:42,138-189-232,GCX-459-893,2439399388,,Laura,Chester,"2026-09-21","2026-09-22",1,Single room-Standard-Ensuite,,S Room 32 2nd F,,1,0,GBP,0.00,0.00,0.00,0.00,Online,Expedia Affiliate Network,Expedia & Affiliate Network,On Account,Canceled,,ctm@cspinvoice.com,111111111111,,"1 Twin Bed travel purpose=business ",,,,,"2026-04-16",,,,
Hotel Orlando by PLI,2026-09-04T22:08:43,146-520-901,DYB-738-837,2551229140,,Conor,Skehan,"2026-09-21","2026-09-27",6,Double room-Ensuite,Non Refundable,S Room 29 Mid 2nd F,,1,0,GBP,544.80,0.00,424.80,120.00,Online,Expedia,Expedia & Affiliate Network,Pay On Arrival,Confirmed,,skehanconor@gmail.com,111111111111,,"Hotel collects payment from the traveler ",,,,,"2026-09-04",,,,
Hotel Orlando by PLI,2025-11-28T10:22:21,150-125-904,YUD-573-620,1418fb94e984-f5da6ca62e9040941f9cbe3393414bcf@airbnb.com,,Reserved,iCal,"2026-09-21","2026-09-24",3,Studio-Basic-Ensuite,,Flat 24  ( GF Sino ),,1,0,GBP,0.00,0.00,0.00,0.00,iCal,ical1,,Deposit (Variable),Canceled,,,,,Reservation URL: https://www.airbnb.com/hosting/reservations/details/HM59ZSNHDY,,,,,"2025-11-28",,,,
Hotel Orlando by PLI,2026-09-08T16:11:49,161-943-512,QAC-981-946,5917284801,,James,Bertrand,"2026-09-21","2026-09-22",1,Twin room-Standard-Private Bathroom,Non Refundable,Room 16 3rd Floor,,2,0,GBP,183.90,83.90,63.90,120.00,Online,Booking.com,Booking.com,On Account,Confirmed,,jbertr.773553@guest.booking.com,+44 7886 643000,,"Non-Smoking  Promos: Domestic  There is no meal option with this room. Children and Extra Bed Policy: Children of any age are allowed. You haven't added any cots. You haven't added any extra beds. The maximum number of guests is 2.  Deposit Policy: The guest will be charged a prepayment of the total price of the reservation at any time.  Cancellation Policy: The guest will be charged the total price of the reservation if they cancel at any time.  payment_on_Booking.com (Payout type: BankTransfer)  ** THIS RESERVATION HAS BEEN PRE-PAID ** BOOKING NOTE : Payment charge is GBP 1.3424  Genius Booker ",,,,,"2026-09-08",,,100 Pounds Deposit Needed,
Hotel Orlando by PLI,2026-09-07T20:50:05,194-041-611,YNO-500-090,5606994998,,Kazeem,Arowolo,"2026-09-21","2026-09-26",5,Double room-Standard-Private Bathroom,Base Rate,Room 1 BF,,2,0,GBP,531.00,431.00,411.00,120.00,Online,Booking.com,Booking.com,On Account,Confirmed,,karowo.724889@guest.booking.com,+234 703 869 9337,,"Non-Smoking  There is no meal option with this room. Children and Extra Bed Policy: Children of any age are allowed. You haven't added any cots. You haven't added any extra beds. The maximum number of guests is 2.  Deposit Policy: The guest will be charged a prepayment of the total price of the reservation at any time.  Cancellation Policy: The guest can cancel free of charge until 7 days before arrival. The guest will be charged the total price of the reservation if they cancel in the 7 days before arrival. If the guest doesn’t show up, they will be charged the total price of the reservation.  payment_on_Booking.com (Payout type: BankTransfer)  ** THIS RESERVATION HAS BEEN PRE-PAID ** BOOKING NOTE : Payment charge is GBP 6.896 I am travelling for business and I may be using a business credit card. This guest has requested a receipt for their stay.  Genius Booker ",,,,,"2026-09-07",,,,
Hotel Orlando by PLI,2025-10-14T12:29:28,200-312-652,JQG-675-076,1418fb94e984-f5da6ca62e9040941f9cbe3393414bcf@airbnb.com,,Reserved,iCal,"2026-09-21","2026-09-24",3,Studio-Basic-Ensuite,,Flat 24  ( GF Sino ),,1,0,GBP,0.00,0.00,0.00,0.00,iCal,ical1,,Deposit (Variable),Canceled,,,,,Reservation URL: https://www.airbnb.com/hosting/reservations/details/HM59ZSNHDY,,,,,"2025-10-14",,,,
Hotel Orlando by PLI,2026-03-22T18:14:03,248-869-484,VEI-388-184,5513880840,,Daniele,Pimentel Gomes,"2026-09-21","2026-09-29",8,Family room-Standard-Ensuite,,S Room 19 BF,,5,0,GBP,0.00,0.00,0.00,0.00,Online,Booking.com,Booking.com,On Account,Canceled,,dgomes.137254@guest.booking.com,+55 21 98135 0040,,"Non-Smoking  Promos: Mobile(MDot) Rate  There is no meal option with this room. Children and Extra Bed Policy: Children of any age are allowed. You haven't added any cots. You haven't added any extra beds. The maximum number of guests is 5.  Deposit Policy: The guest will be charged a prepayment of the total price of the reservation in the 5 days before arrival.  Cancellation Policy: The guest can cancel free of charge until 5 days before arrival. The guest will be charged the total price of the reservation if they cancel in the 5 days before arrival. If the guest doesn’t show up, they will be charged the total price of the reservation.  payment_on_Booking.com (Payout type: BankTransfer)  ** THIS RESERVATION HAS BEEN PRE-PAID ** BOOKING NOTE : Payment charge is GBP 11.6488  Genius Booker ",,,,,"2026-03-22",,,,
Hotel Orlando by PLI,2026-05-12T18:17:36,362-098-881,MAV-017-355,HMQ4K5HYDN,,George,Davelas,"2026-09-21","2026-09-22",1,Triple room-Standard-Ensuite,Non Refundable,S Room 23 GF,,2,0,GBP,98.00,98.00,78.00,20.00,Online,Airbnb,Airbnb,On Account,Confirmed,,,447845309082,," ",,,,,"2026-05-12",,,,
Hotel Orlando by PLI,2026-04-28T07:51:24,383-056-092,GSG-295-314,6639460362,,satish,kutty,"2026-09-21","2026-09-25",4,Double room-Ensuite,Base Rate,S Room 35 3rd F,,1,0,GBP,341.30,341.30,321.30,20.00,Online,Booking.com,Booking.com,On Account,Confirmed,,skutty.617819@guest.booking.com,+353 86 348 4104,,"payment_on_Booking.com (Payout type: BankTransfer)  Non-Smoking  ** THIS RESERVATION HAS BEEN PRE-PAID ** will you be able to hold my luggage/suitcase until the evening of 24/09/2026? is there breakfast available near by?do you have free wifi? BOOKING NOTE : Payment charge is GBP 5.4608  Genius Booker  Promos: European Economic Area  There is no meal option with this room. Children and Extra Bed Policy: Children of any age are allowed. You haven't added any cots. You haven't added any extra beds. The maximum number of guests is 2.  Deposit Policy: The guest will be charged a prepayment of the total price of the reservation at any time.  Cancellation Policy: The guest can cancel free of charge until 2 days before arrival. The guest will be charged the total price of the reservation if they cancel in the 2 days before arrival.",,,,,"2026-04-28",,,,
Hotel Orlando by PLI,2025-11-26T15:17:35,390-016-954,AMU-438-033,1418fb94e984-f5da6ca62e9040941f9cbe3393414bcf@airbnb.com,,Reserved,iCal,"2026-09-21","2026-09-24",3,Studio-Basic-Ensuite,,Flat 24  ( GF Sino ),,1,0,GBP,0.00,0.00,0.00,0.00,iCal,ical1,,Deposit (Variable),Canceled,,,,,Reservation URL: https://www.airbnb.com/hosting/reservations/details/HM59ZSNHDY,,,,,"2025-11-26",,,,
Hotel Orlando by PLI,2026-06-18T20:56:15,394-919-881,YWU-828-719,5621753999,,Islam,Ibrahim,"2026-09-21","2026-09-25",4,Single room-Standard-Ensuite,,S Room 32 2nd F,,1,0,GBP,0.00,0.00,0.00,0.00,Online,Booking.com,Booking.com,On Account,Canceled,,iibrah.625042@guest.booking.com,+44 7356 259111,,"Non-Smoking  Promos: Domestic  There is no meal option with this room. Children and Extra Bed Policy: Children of any age are allowed. You haven't added any cots. You haven't added any extra beds. The maximum number of guests is 1.  Deposit Policy: The guest will be charged a prepayment of the total price of the reservation at any time.  Cancellation Policy: The guest can cancel free of charge until 7 days before arrival. The guest will be charged the total price of the reservation if they cancel in the 7 days before arrival. If the guest doesn’t show up, they will be charged the total price of the reservation.  payment_on_Booking.com (Payout type: BankTransfer)  ** THIS RESERVATION HAS BEEN PRE-PAID ** BOOKING NOTE : Payment charge is GBP 4.928  Genius Booker ",,,,,"2026-06-18",,,,
Hotel Orlando by PLI,2026-08-28T20:35:43,418-520-654,BFH-651-039,2545491478,,christopher,mckee,"2026-09-21","2026-09-23",2,Double room-Ensuite,Non Refundable,S Room 18 BF,,1,0,GBP,264.90,164.90,144.90,120.00,Online,Expedia,Expedia & Affiliate Network,Pay On Arrival,Confirmed,,henleycroft2022@gmail.com,111111111111,,"Hotel collects payment from the traveler ",,,,,"2026-08-28",,,,
Hotel Orlando by PLI,2026-09-15T09:39:05,440-350-181,KKE-294-681,6958823093,,Martin,Jump,"2026-09-21","2026-09-23",2,Double room-Standard-Private Bathroom,Non Refundable,Room 7 Mid-First Floor,,1,0,GBP,237.00,137.00,117.00,120.00,Online,Booking.com,Booking.com,On Account,Confirmed,,mjump.464869@guest.booking.com,+44 7817 967607,,"Non-Smoking  Promos: Domestic  There is no meal option with this room. Children and Extra Bed Policy: Children of any age are allowed. You haven't added any cots. You haven't added any extra beds. The maximum number of guests is 2.  Deposit Policy: The guest will be charged a prepayment of the total price of the reservation at any time.  Cancellation Policy: The guest will be charged the total price of the reservation if they cancel at any time.  payment_on_Booking.com (Payout type: BankTransfer)  ** THIS RESERVATION HAS BEEN PRE-PAID ** BOOKING NOTE : Payment charge is GBP 2.192 ",,,,,"2026-09-15",,,,
Hotel Orlando by PLI,2025-05-10T22:25:53,454-223-482,AGA-896-113,,,Aimee,Lythgoe,"2026-09-21","2026-09-24",3,Quad Studio-Standard-Ensuite,Base Rate,Flat 2 ( Basement Orlando ),,1,0,GBP,260.00,260.00,260.00,0.00,Direct,,,On Account,Confirmed,,,,,"**** There was a glitch in Eviivo on Saturday 10-5-2025 this reservation was showing on air bnb calanar and wasn't showing on Eviivo. I created a direct reservation to book the dates until I figured out the issue. ****  DO NOT CHANGE, MOVE, OR CANCEL THIS RESERVATION.  AHMED ESSAM",,,,,"2025-05-10",,,,
Hotel Orlando by PLI,2026-02-03T12:46:27,543-289-424,BJN-099-882,1418fb94e984-f5da6ca62e9040941f9cbe3393414bcf@airbnb.com,,Aimee’s,iCal,"2026-09-21","2026-09-24",3,Studio-Basic-Ensuite,Base Rate,Flat 24  ( GF Sino ),,1,0,GBP,215.54,215.54,195.54,20.00,iCal,ical1,,Deposit (Variable),Confirmed,,,+447951932135,,"Reservation URL: https://www.airbnb.com/hosting/reservations/details/HM59ZSNHDY Aimee’s group of 2 Sep 21 – 24 · 3 nights Flat 24 GF Sino · Flat near Westfield & Hammersmith",,,,,"2026-02-03",,,,
Hotel Orlando by PLI,2026-03-07T11:26:31,549-559-241,FOU-664-795,2409334496,,Saadallah,Haidar,"2026-09-21","2026-09-25",4,Double room-Standard-Private Bathroom,Non Refundable,Room 6 GF,,1,0,GBP,297.20,297.20,277.20,20.00,Online,Expedia Affiliate Network,Expedia & Affiliate Network,Pay On Arrival,Confirmed,,zeidan_519305690ca96@privateidentity.net,447990659763,,"1 Queen Bed travel purpose=leisure|Event name: British Orthopaedic Association - Annual Congress 2026  Booking platform: HotelMap ",,,,,"2026-03-07",,,,
Hotel Orlando by PLI,2025-06-02T05:07:47,598-023-352,FWU-763-138,5993453579,,Franco,Fuse',"2026-09-21","2026-09-25",4,Single room-Standard-Ensuite,Non Refundable,S Room 32 2nd F,,1,0,GBP,195.00,195.00,180.00,15.00,Online,Booking.com,Booking.com,On Account,Confirmed,,ffuse.655444@guest.booking.com,+39 333 722 2855,,"Non-Smoking  There is no meal option with this room. Children and Extra Bed Policy: Children of any age are allowed. You haven't added any cots. You haven't added any extra beds. The maximum number of guests is 1.  Deposit Policy: The guest will be charged a prepayment of the total price of the reservation at any time.  Cancellation Policy: The guest can cancel free of charge until 7 days before arrival. The guest will be charged the total price of the reservation if they cancel in the 7 days before arrival.  payment_on_Booking.com (Payout type: BankTransfer)  ** THIS RESERVATION HAS BEEN PRE-PAID ** BOOKING NOTE : Payment charge is GBP 3.12  Genius Booker ",,,,,"2025-06-02",,,,
Hotel Orlando by PLI,2026-09-16T08:03:15,682-611-951,BEA-921-393,2560051726,,Atif,Hamid,"2026-09-21","2026-09-22",1,Double room-Ensuite,Non Refundable,S Room 25 Mid 1st F,,1,0,GBP,177.00,77.00,57.00,120.00,Online,Expedia Affiliate Network,Expedia & Affiliate Network,Pay On Arrival,Confirmed,,govexpedia@claritybt.com,111111111111,,"1 Double Bed travel purpose=business, Please see Partner Central for full information to charge the traveler's virtual credit card and generate an invoice., invoice=requested, VatNumber=GB 789 650 956, CompanyName=Network Rail, CompanyAddress1=The Quadrant, CompanyAddress2=Milton Keynes, CityName=Buckinghamshire, PostalCode=MK9 1EN, CountryAlpha3Code=GBR, payment type=affiliate virtual card, AuthorizedExpenses=TOTAL_PLUS_INCIDENTALS, SpecifiedIncidentalExpenses=BREAKFAST,PARKING,TAXES ",,,,,"2026-09-16",,,,
Hotel Orlando by PLI,2026-06-14T16:28:32,682-648-664,UKF-538-357,6620010093,,Maqsood,Khan,"2026-09-21","2026-09-24",3,Double room-Standard-Private Bathroom,Non Refundable,Room 14 2nd Floor,,2,0,GBP,375.00,275.00,255.00,120.00,Online,Booking.com,Booking.com,On Account,Confirmed,,mkhan.317704@guest.booking.com,+44 7830 000562,,"Non-Smoking  There is no meal option with this room. Children and Extra Bed Policy: Children of any age are allowed. You haven't added any cots. You haven't added any extra beds. The maximum number of guests is 2.  Deposit Policy: The guest will be charged a prepayment of the total price of the reservation at any time.  Cancellation Policy: The guest will be charged the total price of the reservation if they cancel at any time.  payment_on_Booking.com (Payout type: BankTransfer)  ** THIS RESERVATION HAS BEEN PRE-PAID ** Approximate time of arrival: between 20:00 and 21:00 BOOKING NOTE : Payment charge is GBP 4.4  Genius Booker ",,,,,"2026-06-14",,,,
Hotel Orlando by PLI,2026-08-23T07:52:19,809-589-664,QQE-809-018,5365523147,,John,Francis,"2026-09-21","2026-09-28",7,Quad Studio-Standard-Ensuite,,Flat 5 ( GF Orlando ),,2,2,GBP,0.00,0.00,0.00,0.00,Online,Booking.com,Booking.com,On Account,Canceled,,jfranc.402206@guest.booking.com,+27 79 118 2996,,"Child Ages: 11, 12  Non-Smoking  There is no meal option with this room. Children and Extra Bed Policy: Children of any age are allowed. You haven't added any cots. You haven't added any extra beds. The maximum number of guests is 4.  Deposit Policy: The guest will be charged a prepayment of the total price of the reservation at any time.  Cancellation Policy: The guest can cancel free of charge until 7 days before arrival. The guest will be charged the total price of the reservation if they cancel in the 7 days before arrival. If the guest doesn’t show up, they will be charged the total price of the reservation.  payment_on_Booking.com (Payout type: BankTransfer)  ** THIS RESERVATION HAS BEEN PRE-PAID ** BOOKING NOTE : Payment charge is GBP 12.336  Genius Booker ",,,,,"2026-08-23",,,,
Hotel Orlando by PLI,2026-09-16T21:50:12,856-855-294,JYV-854-702,,,,Biniam Estifanos,"2026-09-21","2026-09-25",4,Quad Studio-Standard-Ensuite,Base Rate,Flat 5 ( GF Orlando ),,1,0,GBP,355.00,0.00,355.00,0.00,Direct,,,On Account,Confirmed,,biniam98.estifanos@outlook.com,+447985670507,,,,,,,"2026-09-16",,,,
Hotel Orlando by PLI,2025-09-20T16:23:01,901-964-894,MSR-668-706,1418fb94e984-f5da6ca62e9040941f9cbe3393414bcf@airbnb.com,,Reserved,iCal,"2026-09-21","2026-09-24",3,Studio-Basic-Ensuite,,Flat 24  ( GF Sino ),,1,0,GBP,0.00,0.00,0.00,0.00,iCal,ical1,,Deposit (Variable),Canceled,,,,,Reservation URL: https://www.airbnb.com/hosting/reservations/details/HM59ZSNHDY,,,,,"2025-09-20",,,,
Hotel Orlando by PLI,2026-09-13T15:23:37,920-025-042,NFR-446-703,2557771277,,Khitish,Mohanty,"2026-09-21","2026-09-23",2,Triple room-Standard-Ensuite,Non Refundable,S Room 33 3rd F - W/Microwave &Fridge,,1,0,GBP,264.00,164.00,144.00,120.00,Online,Expedia Affiliate Network,Expedia & Affiliate Network,Pay On Arrival,Confirmed,,burgees_38360880b6aa6@protectedid.org,111111111111,,"1 Twin Bed and 1 Queen Bed Event name: British Orthopaedic Association - Annual Congress 2026  Booking platform: HotelMap ",,,,,"2026-09-13",,,,
Hotel Orlando by PLI,2025-08-14T15:46:16,002-015-281,FYC-856-375,6899857559,,Amy,Smith,"2026-09-22","2026-09-25",3,Twin room-Standard-Private Bathroom,,Room 16 3rd Floor,,1,0,GBP,0.00,0.00,0.00,0.00,Online,Booking.com,Booking.com,On Account,Canceled,,asmith.649166@guest.booking.com,+44 7738 280225,,"Non-Smoking  Promos: Domestic  There is no meal option with this room. Children and Extra Bed Policy: Children of any age are allowed. You haven't added any cots. You haven't added any extra beds. The maximum number of guests is 2.  Deposit Policy: The guest will be charged a prepayment of the total price of the reservation at any time.  Cancellation Policy: The guest can cancel free of charge until 7 days before arrival. The guest will be charged the total price of the reservation if they cancel in the 7 days before arrival.  payment_on_Booking.com (Payout type: BankTransfer)  ** THIS RESERVATION HAS BEEN PRE-PAID ** Approximate time of arrival: between 16:00 and 17:00 BOOKING NOTE : Payment charge is GBP 2.064  Genius Booker ",,,,,"2025-08-14",,,,
Hotel Orlando by PLI,2026-06-18T20:49:08,159-014-864,XAL-705-226,5229482727,,Islam,Ibrahim,"2026-09-22","2026-09-25",3,Double room-Ensuite,,S Room 28 1st F,,1,0,GBP,0.00,0.00,0.00,0.00,Online,Booking.com,Booking.com,On Account,Canceled,,iibrah.502051@guest.booking.com,+44 7356 259111,,"Non-Smoking  Promos: Domestic  There is no meal option with this room. Children and Extra Bed Policy: Children of any age are allowed. You haven't added any cots. You haven't added any extra beds. The maximum number of guests is 2.  Deposit Policy: The guest will be charged a prepayment of the total price of the reservation at any time.  Cancellation Policy: The guest can cancel free of charge until 7 days before arrival. The guest will be charged the total price of the reservation if they cancel in the 7 days before arrival. If the guest doesn’t show up, they will be charged the total price of the reservation.  payment_on_Booking.com (Payout type: BankTransfer)  ** THIS RESERVATION HAS BEEN PRE-PAID ** BOOKING NOTE : Payment charge is GBP 4.064  Genius Booker ",,,,,"2026-06-18",,,,
Hotel Orlando by PLI,2025-08-26T10:25:37,240-349-484,GSG-722-680,6127452612,,Campbell,Amy,"2026-09-22","2026-09-29",7,Quad room-Standard-Private Bathroom,,Room 4 GF,,2,2,GBP,0.00,0.00,0.00,0.00,Online,Booking.com,Booking.com,On Account,Canceled,,camy.749360@guest.booking.com,+61 404 040 129,,"Child Ages: 7, 8  Non-Smoking  There is no meal option with this room. Children and Extra Bed Policy: Children of any age are allowed. You haven't added any cots. You haven't added any extra beds. The maximum number of guests is 4.  Deposit Policy: The guest will be charged a prepayment of the total price of the reservation at any time.  Cancellation Policy: The guest can cancel free of charge until 7 days before arrival. The guest will be charged the total price of the reservation if they cancel in the 7 days before arrival.  payment_on_Booking.com (Payout type: BankTransfer)  ** THIS RESERVATION HAS BEEN PRE-PAID ** BOOKING NOTE : Payment charge is GBP 6.96  Genius Booker ",,,,,"2025-08-26",,,,
Hotel Orlando by PLI,2026-09-01T22:04:36,256-019-584,UBU-137-054,2548582127,,Adrian,Stratulat,"2026-09-22","2026-09-25",3,Triple room-Standard-Private Bathroom,Non Refundable,Room 12 2nd Floor,,1,0,GBP,371.09,271.09,251.09,120.00,Online,Expedia Affiliate Network,Expedia & Affiliate Network,On Account,Confirmed,,adrian.stratulat@agilelab.it,111111111111,,"1 Twin Bed and 1 Queen Bed travel purpose=business ",,,,,"2026-09-01",,,,
Hotel Orlando by PLI,2026-08-10T16:30:43,292-611-342,ZKZ-286-596,2531230878,,KAMEL ABDRABALRASOOL,ALMASLAMI,"2026-09-22","2026-09-27",5,Quad room-Standard-Ensuite,Non Refundable,S Room 22 GF -2Ds W/Microwave &Fridge,,2,1,GBP,616.99,516.99,496.99,120.00,Online,Expedia Affiliate Network,Expedia & Affiliate Network,On Account,Confirmed,,support@itrip-online.com,111111111111,,"1 Queen Sofa Bed and 1 Double Bed Expedia collects payment from traveler: Hotel invoices Expedia. ",,,,,"2026-08-10",,,,
Hotel Orlando by PLI,2026-07-10T10:04:32,346-488-542,KUO-703-617,5803509314,,Aga,Nasiadka,"2026-09-22","2026-09-30",8,Double room-Ensuite,Non Refundable,S Room 25 Mid 1st F,,1,0,GBP,714.00,614.00,594.00,120.00,Online,Booking.com,Booking.com,On Account,Confirmed,,anasia.430762@guest.booking.com,+48 514 744 794,,"Non-Smoking  Promos: European Economic Area  There is no meal option with this room. Children and Extra Bed Policy: Children of any age are allowed. You haven't added any cots. You haven't added any extra beds. The maximum number of guests is 2.  Deposit Policy: The guest will be charged a prepayment of the total price of the reservation at any time.  Cancellation Policy: The guest can cancel free of charge until 7 days before arrival. The guest will be charged the total price of the reservation if they cancel in the 7 days before arrival. If the guest doesn’t show up, they will be charged the total price of the reservation.  payment_on_Booking.com (Payout type: BankTransfer)  ** THIS RESERVATION HAS BEEN PRE-PAID ** Approximate time of arrival: between 15:00 and 16:00 BOOKING NOTE : Payment charge is GBP 9.824  Genius Booker ",,,,,"2026-07-10",,,,
Hotel Orlando by PLI,2026-08-13T16:19:52,358-249-601,TFP-570-700,2533783906,,Jonathan,Loughead,"2026-09-22","2026-09-24",2,Twin room-Standard-Private Bathroom,Base Rate,Room 16 3rd Floor,,1,0,GBP,288.00,188.00,168.00,120.00,Online,Expedia Affiliate Network,Expedia & Affiliate Network,Pay On Arrival,Confirmed,,chriss_646c266fdd7a6@privateidentity.net,111111111111,,"2 Twin Beds Event name: British Orthopaedic Association - Annual Congress 2026  Booking platform: HotelMap ",,,,,"2026-08-13",,,,
Hotel Orlando by PLI,2026-08-16T15:18:59,400-168-992,BYK-188-821,5403411503,,Tara,Kurta,"2026-09-22","2026-09-26",4,Triple room-Standard-Ensuite,Non Refundable,S Room 34 3rd F,,3,0,GBP,451.20,351.20,331.20,120.00,Online,Booking.com,Booking.com,On Account,Confirmed,,tkurta.285571@guest.booking.com,+385 99 305 2599,,"payment_on_Booking.com (Payout type: BankTransfer)  Non-Smoking  ** THIS RESERVATION HAS BEEN PRE-PAID ** Approximate time of arrival: between 16:00 and 17:00 BOOKING NOTE : Payment charge is GBP 5.6192  Genius Booker  Promos: European Economic Area  There is no meal option with this room. Children and Extra Bed Policy: Children of any age are allowed. You haven't added any cots. You haven't added any extra beds. The maximum number of guests is 3.  Deposit Policy: The guest will be charged a prepayment of the total price of the reservation at any time.  Cancellation Policy: The guest can cancel free of charge until 7 days before arrival. The guest will be charged the total price of the reservation if they cancel in the 7 days before arrival. If the guest doesn’t show up, they will be charged the total price of the reservation.",,,,,"2026-08-16",,,,
Hotel Orlando by PLI,2026-09-07T09:44:05,452-392-642,NUZ-342-947,2552891182,,James,Montgomery,"2026-09-22","2026-09-24",2,Double room-Standard-Private Bathroom,Non Refundable,Room 11 2nd Floor,,1,0,GBP,270.00,170.00,150.00,120.00,Online,Expedia Affiliate Network,Expedia & Affiliate Network,On Account,Confirmed,,govexpedia@claritybt.com,111111111111,,"1 Queen Bed travel purpose=business ",,,,,"2026-09-07",,,,
Hotel Orlando by PLI,2026-08-25T15:53:32,454-216-942,HRS-587-150,6042934399,,Abdullah,Al-Marri,"2026-09-22","2026-09-23",1,Family Studio SR,,Flat 20 ( Basement sino ),,2,3,GBP,0.00,0.00,0.00,0.00,Online,Booking.com,Booking.com,On Account,Canceled,,aalmar.403109@guest.booking.com,+966 5328934,,"Child Ages: 3, 5, 8  Non-Smoking  Promos: Mobile(App) Rate  There is no meal option with this room. Children and Extra Bed Policy: Children of any age are allowed. You haven't added any extra beds. The maximum number of cots is 1. The maximum number of guests is 6.  Deposit Policy: The guest will be charged a prepayment of the total price of the reservation at any time.  Cancellation Policy: The guest can cancel free of charge until 7 days before arrival. The guest will be charged the total price of the reservation if they cancel in the 7 days before arrival. If the guest doesn’t show up, they will be charged the total price of the reservation.  payment_on_Booking.com (Payout type: BankTransfer)  ** THIS RESERVATION HAS BEEN PRE-PAID ** BOOKING NOTE : Payment charge is GBP 1.832  Genius Booker ",,,,,"2026-08-25",,,100 Pounds Deposit Needed,
Hotel Orlando by PLI,2026-08-18T22:45:52,022-838-954,ENT-684-381,2537858879,,BRIDGET KUKUA,YAWSON,"2026-09-23","2026-10-10",17,Quad room-Standard-Ensuite,,S Room 21 GF - SofaBed,,3,0,GBP,0.00,0.00,0.00,0.00,Online,Expedia,Expedia & Affiliate Network,Pay On Arrival,Canceled,,bridgetkukuayawson@gmail.com,111111111111,,"Bed Option: 46945 1 Queen Sofa Bed and 1 Double Bed Special Request: WE ARE ATTENIDNG OUR LATE FATHER'S FUNERAL ARRANGEMENTS AND BURIAL. 1 Queen Sofa Bed and 1 Double Bed Hotel collects payment from the traveler ",,,,,"2026-08-18",,,,
Hotel Orlando by PLI,2025-06-16T21:23:13,065-398-194,WOV-799-287,5472093873,,Fredy,Garcia Rodriguez,"2026-09-23","2026-09-27",4,Quad room-Standard-Private Bathroom,,Room 14 BF,,2,2,GBP,0.00,0.00,0.00,0.00,Online,Booking.com,Booking.com,On Account,Canceled,,fgarci.793357@guest.booking.com,+52 222 712 5526,,"Child Ages: 14, 17  Non-Smoking  There is no meal option with this room. Children and Extra Bed Policy: Children of any age are allowed. You haven't added any cots. You haven't added any extra beds. The maximum number of guests is 4.  Deposit Policy: The guest will be charged a prepayment of the total price of the reservation at any time.  Cancellation Policy: The guest can cancel free of charge until 7 days before arrival. The guest will be charged the total price of the reservation if they cancel in the 7 days before arrival.  payment_on_Booking.com (Payout type: BankTransfer)  ** THIS RESERVATION HAS BEEN PRE-PAID ** BOOKING NOTE : Payment charge is GBP 4.08  Genius Booker ",,,,,"2025-06-16",,,,
Hotel Orlando by PLI,2026-08-08T18:22:25,068-915-802,DAK-172-287,6642258996,,Zuzanna,Budzyńska,"2026-09-23","2026-09-27",4,Quad room-Standard-Private Bathroom,,Room 4 GF,,4,0,GBP,0.00,0.00,0.00,0.00,Online,Booking.com,Booking.com,On Account,Canceled,,zbudzy.250744@guest.booking.com,+48 690 295 096,,"Non-Smoking  Promos: European Economic Area  There is no meal option with this room. Children and Extra Bed Policy: Children of any age are allowed. You haven't added any cots. You haven't added any extra beds. The maximum number of guests is 4.  Deposit Policy: The guest will be charged a prepayment of the total price of the reservation at any time.  Cancellation Policy: The guest can cancel free of charge until 7 days before arrival. The guest will be charged the total price of the reservation if they cancel in the 7 days before arrival. If the guest doesn’t show up, they will be charged the total price of the reservation.  payment_on_Booking.com (Payout type: BankTransfer)  ** THIS RESERVATION HAS BEEN PRE-PAID ** BOOKING NOTE : Payment charge is GBP 6.3968  Genius Booker ",,,,,"2026-08-08",,,,
Hotel Orlando by PLI,2026-04-07T17:39:13,164-969-854,OWU-508-618,5102512952,,DANIELE,WALTER,"2026-09-23","2026-09-29",6,Quad room-Standard-Ensuite,,S Room 27 1st F  W/Fridge,,2,2,GBP,0.00,0.00,0.00,0.00,Online,Booking.com,Booking.com,On Account,Canceled,,dwalte.547808@guest.booking.com,+39 347 487 9937,,"Child Ages: 11, 5  Non-Smoking  Promos: European Economic Area  There is no meal option with this room. Children and Extra Bed Policy: Children of any age are allowed. You haven't added any cots. You haven't added any extra beds. The maximum number of guests is 4.  Deposit Policy: The guest will be charged a prepayment of the total price of the reservation in the 5 days before arrival.  Cancellation Policy: The guest can cancel free of charge until 5 days before arrival. The guest will be charged the total price of the reservation if they cancel in the 5 days before arrival. If the guest doesn’t show up, they will be charged the total price of the reservation.  payment_on_Booking.com (Payout type: BankTransfer)  ** THIS RESERVATION HAS BEEN PRE-PAID ** BOOKING NOTE : Payment charge is GBP 9.0752  Genius Booker ",,,,,"2026-04-07",,,,
Hotel Orlando by PLI,2026-09-10T13:35:57,203-953-654,UGA-134-900,2555556403,,Katherine,Ferris,"2026-09-23","2026-09-24",1,Double room-Standard-Private Bathroom,Base Rate,Room 10 1st Floor,,1,0,GBP,202.01,102.01,82.01,120.00,Online,Expedia Affiliate Network,Expedia & Affiliate Network,On Account,Confirmed,,b7b3d280-6920-4b06-a0a3-721ebcc02afe@bookings.roomex.com,111111111111,,"1 Queen Bed travel purpose=business ",,,,,"2026-09-10",,,100 Pounds Deposit Needed,
Hotel Orlando by PLI,2025-12-12T17:46:49,222-040-002,KNN-168-822,6417147704,,Vanessa,Lucas,"2026-09-23","2026-09-24",1,Double room-Ensuite,Non Refundable,S Room 17 BF,,2,0,GBP,88.85,88.85,68.85,20.00,Online,Booking.com,Booking.com,On Account,Confirmed,,vlucas.736874@guest.booking.com,+44 7933 576983,,"Non-Smoking  Promos: Mobile(App) Rate  There is no meal option with this room. Children and Extra Bed Policy: Children of any age are allowed. You haven't added any cots. You haven't added any extra beds. The maximum number of guests is 2.  Deposit Policy: The guest will be charged a prepayment of the total price of the reservation at any time.  Cancellation Policy: The guest can cancel free of charge until 7 days before arrival. The guest will be charged the total price of the reservation if they cancel in the 7 days before arrival.  payment_on_Booking.com (Payout type: BankTransfer)  ** THIS RESERVATION HAS BEEN PRE-PAID ** BOOKING NOTE : Payment charge is GBP 1.4216  Genius Booker ",,,,,"2025-12-12",,,100 Pounds Deposit Needed,
Hotel Orlando by PLI,2026-07-28T20:22:23,252-300-231,LAQ-626-283,5087005118,,Lewis,Londoño Escobar,"2026-09-23","2026-10-01",8,Triple room-Standard-Ensuite,,S Room 23 GF,,2,0,GBP,0.00,0.00,0.00,0.00,Online,Booking.com,Booking.com,On Account,Canceled,,lescob.298077@guest.booking.com,+57 302 3444140,,"payment_on_Booking.com (Payout type: BankTransfer)  Non-Smoking  ** THIS RESERVATION HAS BEEN PRE-PAID ** Approximate time of arrival: between 13:00 and 14:00 BOOKING NOTE : Payment charge is GBP 11.088  Genius Booker  There is no meal option with this room. Children and Extra Bed Policy: Children of any age are allowed. You haven't added any cots. You haven't added any extra beds. The maximum number of guests is 3.  Deposit Policy: The guest will be charged a prepayment of the total price of the reservation at any time.  Cancellation Policy: The guest can cancel free of charge until 7 days before arrival. The guest will be charged the total price of the reservation if they cancel in the 7 days before arrival. If the guest doesn’t show up, they will be charged the total price of the reservation.",,,,,"2026-07-28",,,,
Hotel Orlando by PLI,2026-06-28T19:07:54,393-659-292,ZTS-147-601,2495938625,,Satish,Kutty,"2026-09-23","2026-09-24",1,Single room-Standard-Ensuite,,S Room 32 2nd F,,1,0,GBP,0.00,0.00,0.00,0.00,Online,Expedia Affiliate Network,Expedia & Affiliate Network,Pay On Arrival,Canceled,,deliberto_57ba5c62614a6@privateidentity.net,111111111111,,"1 Twin Bed Event name: British Orthopaedic Association - Annual Congress 2026  Booking platform: HotelMap ",,,,,"2026-06-28",,,,
Hotel Orlando by PLI,2025-12-12T06:43:02,456-126-331,COE-860-235,1418fb94e984-44e26aaa009b0fda49e4a36629178431@airbnb.com,,Reserved,iCal,"2026-09-23","2026-09-27",4,Quad Studio-Standard-Ensuite,,Flat 2 ( Basement Orlando ),,1,0,GBP,0.00,0.00,0.00,0.00,iCal,ical1,,Deposit (Variable),Canceled,,,,,Reservation URL: https://www.airbnb.com/hosting/reservations/details/HMHKWDFZED,,,,,"2025-12-12",,,,
Hotel Orlando by PLI,2026-09-07T10:51:57,529-913-301,BPP-789-435,5606967170,,Mateusz,Michalski,"2026-09-23","2026-09-30",7,Double room-Standard-Private Bathroom,,Room 1 BF,,2,0,GBP,0.00,0.00,0.00,0.00,Online,Booking.com,Booking.com,On Account,Canceled,,mmicha.601713@guest.booking.com,+48 515 270 024,,"Non-Smoking  Promos: European Economic Area  There is no meal option with this room. Children and Extra Bed Policy: Children of any age are allowed. You haven't added any cots. You haven't added any extra beds. The maximum number of guests is 2.  Deposit Policy: The guest will be charged a prepayment of the total price of the reservation at any time.  Cancellation Policy: The guest can cancel free of charge until 7 days before arrival. The guest will be charged the total price of the reservation if they cancel in the 7 days before arrival. If the guest doesn’t show up, they will be charged the total price of the reservation.  payment_on_Booking.com (Payout type: BankTransfer)  ** THIS RESERVATION HAS BEEN PRE-PAID ** BOOKING NOTE : Payment charge is GBP 8.4848  Genius Booker ",,,,,"2026-09-07",,,,
Hotel Orlando by PLI,2025-09-28T02:53:24,634-225-121,HUL-903-895,5836548072,,Terri,Innes,"2026-09-23","2026-09-24",1,Double room-Ensuite,Non Refundable,S Room 18 BF,,2,0,GBP,83.85,83.85,68.85,15.00,Online,Booking.com,Booking.com,On Account,Confirmed,,tinnes.498151@guest.booking.com,+44 7883018420,,"payment_on_Booking.com (Payout type: BankTransfer)  Non-Smoking  ** THIS RESERVATION HAS BEEN PRE-PAID ** BOOKING NOTE : Payment charge is GBP 1.4712  Genius Booker  Promos: Mobile(App) Rate  There is no meal option with this room. Children and Extra Bed Policy: Children of any age are allowed. You haven't added any cots. You haven't added any extra beds. The maximum number of guests is 2.  Deposit Policy: The guest will be charged a prepayment of the total price of the reservation at any time.  Cancellation Policy: The guest can cancel free of charge until 7 days before arrival. The guest will be charged the total price of the reservation if they cancel in the 7 days before arrival.",,,,,"2025-09-28",,,100 Pounds Deposit Needed,
Hotel Orlando by PLI,2026-07-14T20:27:06,638-524-201,BNT-800-123,2509546981,,Filippo,Pullara,"2026-09-23","2026-09-24",1,Double room-Standard-Private Bathroom,Non Refundable,Room 7 Mid-First Floor,,1,0,GBP,208.19,108.19,88.19,120.00,Online,Expedia Affiliate Network,Expedia & Affiliate Network,On Account,Confirmed,,giovannipullara11@libero.it,111111111111,,"1 Queen Bed Expedia collects payment from traveler: Hotel invoices Expedia. ",,,,,"2026-07-14",,,100 Pounds Deposit Needed,
Hotel Orlando by PLI,2025-12-16T11:02:37,646-318-314,GFT-049-082,6544479953,,Demi,King,"2026-09-23","2026-09-24",1,Double room-Ensuite,Non Refundable,S Room 28 1st F,,1,0,GBP,188.85,88.85,68.85,120.00,Online,Booking.com,Booking.com,On Account,Confirmed,,dking.738455@guest.booking.com,+44 7930 113405,,"payment_on_Booking.com (Payout type: BankTransfer)  Non-Smoking  ** THIS RESERVATION HAS BEEN PRE-PAID ** BOOKING NOTE : Payment charge is GBP 1.4216  Genius Booker  Promos: Mobile(App) Rate  There is no meal option with this room. Children and Extra Bed Policy: Children of any age are allowed. You haven't added any cots. You haven't added any extra beds. The maximum number of guests is 2.  Deposit Policy: The guest will be charged a prepayment of the total price of the reservation at any time.  Cancellation Policy: The guest can cancel free of charge until 2 days before arrival. The guest will be charged the total price of the reservation if they cancel in the 2 days before arrival.",,,,,"2025-12-16",,,100 Pounds Deposit Needed,
Hotel Orlando by PLI,2025-08-19T01:45:38,659-869-202,YAO-950-722,5381439089,,Campbell,Amy,"2026-09-23","2026-09-30",7,Quad room-Standard-Private Bathroom,,Room 4 GF,,2,2,GBP,0.00,0.00,0.00,0.00,Online,Booking.com,Booking.com,On Account,Canceled,,camy.672655@guest.booking.com,+61 404 040 129,,"Child Ages: 7, 9  Non-Smoking  There is no meal option with this room. Children and Extra Bed Policy: Children of any age are allowed. You haven't added any cots. You haven't added any extra beds. The maximum number of guests is 4.  Deposit Policy: The guest will be charged a prepayment of the total price of the reservation at any time.  Cancellation Policy: The guest can cancel free of charge until 7 days before arrival. The guest will be charged the total price of the reservation if they cancel in the 7 days before arrival.  payment_on_Booking.com (Payout type: BankTransfer)  ** THIS RESERVATION HAS BEEN PRE-PAID ** BOOKING NOTE : Payment charge is GBP 6.96  Genius Booker ",,,,,"2025-08-19",,,,
Hotel Orlando by PLI,2026-09-08T11:03:43,681-438-961,LPF-994-564,5917261808,,Rolf,Kaleveld,"2026-09-23","2026-09-29",6,Single room-Standard-Ensuite,Non Refundable,Room 15 3rd Floor,,1,0,GBP,504.30,404.30,384.30,120.00,Online,Booking.com,Booking.com,On Account,Confirmed,,rkalev.509934@guest.booking.com,+49 1511 8492415,,"Non-Smoking  Promos: European Economic Area  There is no meal option with this room. Children and Extra Bed Policy: Children of any age are allowed. You haven't added any cots. You haven't added any extra beds. The maximum number of guests is 1.  Deposit Policy: The guest will be charged a prepayment of the total price of the reservation at any time.  Cancellation Policy: The guest can cancel free of charge until 7 days before arrival. The guest will be charged the total price of the reservation if they cancel in the 7 days before arrival. If the guest doesn’t show up, they will be charged the total price of the reservation.  payment_on_Booking.com (Payout type: BankTransfer)  ** THIS RESERVATION HAS BEEN PRE-PAID ** Approximate time of arrival: between 16:00 and 17:00 BOOKING NOTE : Payment charge is GBP 6.4688  Genius Booker ",,,,,"2026-09-08",,,,
Hotel Orlando by PLI,2026-09-17T00:27:54,809-811-344,NCE-200-120,2560656325,,Armando,Pou Díaz,"2026-09-23","2026-09-26",3,Triple room-Standard-Private Bathroom,48 Hours Flexible,Room 8 1st Floor,,3,0,GBP,405.00,405.00,285.00,120.00,Online,Expedia,Expedia & Affiliate Network,On Account,Confirmed,,roxxoncomputers@gmail.com,1111111111,,"1 Twin Bed and 1 Queen Bed Expedia collects payment from traveler: Hotel invoices Expedia. ",,,,,"2026-09-16",,,,
Hotel Orlando by PLI,2026-04-24T12:41:17,889-891-154,UBB-684-985,2445369419,,Lambertus,Hessels,"2026-09-23","2026-09-25",2,Family Studio SR,,Flat 20 ( Basement sino ),,4,0,GBP,0.00,0.00,0.00,0.00,Online,Expedia,Expedia & Affiliate Network,On Account,Canceled,,info@vandergoesreizen.nl,11111111111,,"Expedia collects payment from traveler: Hotel invoices Expedia. ",,,,,"2026-04-24",,,,
Hotel Orlando by PLI,2026-02-26T18:32:43,909-615-462,XTH-378-550,5177282411,,Mohammed,amine BECETTI,"2026-09-23","2026-10-01",8,Triple room-Standard-Private Bathroom,,Room 12 2nd Floor,,2,1,GBP,0.00,0.00,0.00,0.00,Online,Booking.com,Booking.com,On Account,Canceled,,mbecet.143289@guest.booking.com,+213 697 53 80 49,,"Child Ages: 8  Non-Smoking  Promos: Mobile(App) Rate  There is no meal option with this room. Children and Extra Bed Policy: Children of any age are allowed. You haven't added any cots. You haven't added any extra beds. The maximum number of guests is 3.  Deposit Policy: The guest will be charged a prepayment of the total price of the reservation at any time.  Cancellation Policy: The guest can cancel free of charge until 7 days before arrival. The guest will be charged the total price of the reservation if they cancel in the 7 days before arrival. If the guest doesn’t show up, they will be charged the total price of the reservation.  payment_on_Booking.com (Payout type: BankTransfer)  ** THIS RESERVATION HAS BEEN PRE-PAID ** BOOKING NOTE : Payment charge is GBP 11.7032  Genius Booker ",,,,,"2026-02-26",,,,
Hotel Orlando by PLI,2026-07-17T00:41:02,946-602-981,DXT-134-925,2511463614,,Valeria,Medina,"2026-09-23","2026-09-25",2,Quad room-Standard-Private Bathroom,Non Refundable,Room 9 1st Floor,,4,0,GBP,298.18,198.18,178.18,120.00,Online,Expedia Affiliate Network,Expedia & Affiliate Network,On Account,Confirmed,,noreply@w2m.com,11111111111,,"1 Twin Sofa Bed and 1 Queen Bed Expedia collects payment from traveler: Hotel invoices Expedia. ",,,,,"2026-07-16",,,,
Hotel Orlando by PLI,2026-07-26T16:29:04,009-211-351,LFJ-216-320,6128246488,,Biagio,Capece,"2026-09-24","2026-09-28",4,Quad room-Standard-Ensuite,,S Room 27 1st F  W/Fridge,,2,2,GBP,0.00,0.00,0.00,0.00,Online,Booking.com,Booking.com,On Account,Canceled,,bcapec.600156@guest.booking.com,+39 320 625 2689,,"Child Ages: 1, 4  Non-Smoking  Promos: European Economic Area  There is no meal option with this room. Children and Extra Bed Policy: Children of any age are allowed. You haven't added any cots. You haven't added any extra beds. The maximum number of guests is 4.  Deposit Policy: The guest will be charged a prepayment of the total price of the reservation at any time.  Cancellation Policy: The guest can cancel free of charge until 7 days before arrival. The guest will be charged the total price of the reservation if they cancel in the 7 days before arrival. If the guest doesn’t show up, they will be charged the total price of the reservation.  payment_on_Booking.com (Payout type: BankTransfer)  ** THIS RESERVATION HAS BEEN PRE-PAID ** BOOKING NOTE : Payment charge is GBP 5.7488  Genius Booker ",,,,,"2026-07-26",,,,
Hotel Orlando by PLI,2026-06-05T01:50:13,034-058-902,MIO-245-058,HMMJZMK3EX,,Rosa Gabriela,Medrano Flores,"2026-09-24","2026-09-26",2,Family room-Standard-Ensuite,Non Refundable,Room 3 BF W/Microwave,,5,0,GBP,324.00,224.00,204.00,120.00,Online,Airbnb,Airbnb,On Account,Confirmed,,,525567858250,," ",,,,,"2026-06-05",,,,
Hotel Orlando by PLI,2026-08-10T15:51:17,125-692-914,YXE-210-563,6673717636,,Dmytro,Kravchuk,"2026-09-24","2026-10-01",7,Double room-Ensuite,,S Room 17 BF,,1,0,GBP,0.00,0.00,0.00,0.00,Online,Booking.com,Booking.com,On Account,Canceled,,dkravc.240633@guest.booking.com,+380 67 255 2511,,"Non-Smoking  There is no meal option with this room. Children and Extra Bed Policy: Children of any age are allowed. You haven't added any cots. You haven't added any extra beds. The maximum number of guests is 2.  Deposit Policy: The guest will be charged a prepayment of the total price of the reservation at any time.  Cancellation Policy: The guest can cancel free of charge until 7 days before arrival. The guest will be charged the total price of the reservation if they cancel in the 7 days before arrival. If the guest doesn’t show up, they will be charged the total price of the reservation.  payment_on_Booking.com (Payout type: BankTransfer)  ** THIS RESERVATION HAS BEEN PRE-PAID ** BOOKING NOTE : Payment charge is GBP 8.848  Yalantis  Genius Booker ",,,,,"2026-08-10",,,,
Hotel Orlando by PLI,2026-09-03T15:50:23,136-593-992,ONJ-223-771,5376578065,,Sara,Romaniello,"2026-09-24","2026-09-29",5,Quad room-Standard-Ensuite,Non Refundable,S Room 27 1st F  W/Fridge,,3,0,GBP,535.80,435.80,415.80,120.00,Online,Booking.com,Booking.com,On Account,Confirmed,,sroman.671367@guest.booking.com,+39 329 465 1518,,"Non-Smoking  Promos: European Economic Area  There is no meal option with this room. Children and Extra Bed Policy: Children of any age are allowed. You haven't added any cots. You haven't added any extra beds. The maximum number of guests is 4.  Deposit Policy: The guest will be charged a prepayment of the total price of the reservation at any time.  Cancellation Policy: The guest can cancel free of charge until 7 days before arrival. The guest will be charged the total price of the reservation if they cancel in the 7 days before arrival. If the guest doesn’t show up, they will be charged the total price of the reservation.  payment_on_Booking.com (Payout type: BankTransfer)  ** THIS RESERVATION HAS BEEN PRE-PAID ** BOOKING NOTE : Payment charge is GBP 6.9728  Genius Booker ",,,,,"2026-09-03",,,,
Hotel Orlando by PLI,2026-07-28T12:36:25,212-585-261,VYT-793-402,6359219955,,Alessandro,Galiotta,"2026-09-24","2026-09-28",4,Quad room-Standard-Ensuite,Non Refundable,S Room 30 2nd F - W/Fridge,,2,2,GBP,468.30,368.30,348.30,120.00,Online,Booking.com,Booking.com,On Account,Confirmed,,alessandrogaliotta@libero.it,+393313614307,,"Child Ages: 10, 14  Non-Smoking  Promos: European Economic Area  There is no meal option with this room. Children and Extra Bed Policy: Children of any age are allowed. You haven't added any cots. You haven't added any extra beds. The maximum number of guests is 4.  Deposit Policy: The guest will be charged a prepayment of the total price of the reservation at any time.  Cancellation Policy: The guest can cancel free of charge until 7 days before arrival. The guest will be charged the total price of the reservation if they cancel in the 7 days before arrival. If the guest doesn’t show up, they will be charged the total price of the reservation.  payment_on_Booking.com (Payout type: BankTransfer)  ** THIS RESERVATION HAS BEEN PRE-PAID ** BOOKING NOTE : Payment charge is GBP 5.8928  Genius Booker ",,,,,"2026-07-28",,,,
Hotel Orlando by PLI,2026-07-16T10:55:23,235-888-261,BFQ-777-011,5479920502,,MARTA,SALA LLOPICO,"2026-09-24","2026-09-27",3,Double room-Ensuite,,S Room 18 BF,,2,0,GBP,0.00,0.00,0.00,0.00,Online,Booking.com,Booking.com,On Account,Canceled,,mllopi.912470@guest.booking.com,+34 625 44 44 12,,"Non-Smoking  Promos: European Economic Area  There is no meal option with this room. Children and Extra Bed Policy: Children of any age are allowed. You haven't added any cots. You haven't added any extra beds. The maximum number of guests is 2.  Deposit Policy: The guest will be charged a prepayment of the total price of the reservation at any time.  Cancellation Policy: The guest can cancel free of charge until 7 days before arrival. The guest will be charged the total price of the reservation if they cancel in the 7 days before arrival. If the guest doesn’t show up, they will be charged the total price of the reservation.  payment_on_Booking.com (Payout type: BankTransfer)  ** THIS RESERVATION HAS BEEN PRE-PAID ** BOOKING NOTE : Payment charge is GBP 4.0496  Genius Booker ",,,,,"2026-07-16",,,,
Hotel Orlando by PLI,2026-09-06T23:55:53,260-688-622,IBZ-385-802,2552623288,,Alexander,EMERY,"2026-09-24","2026-09-27",3,Double room-Ensuite,Non Refundable,S Room 18 BF,,1,0,GBP,350.41,250.41,230.41,120.00,Online,Expedia,Expedia & Affiliate Network,On Account,Confirmed,,alex.emery1994@gmail.com,111111111111,,"Expedia collects payment from traveler: Hotel invoices Expedia. ",,,,,"2026-09-06",,,,
Hotel Orlando by PLI,2026-08-17T06:55:43,309-085-942,TOJ-964-563,6180802759,,JOSEPH,NGANGA KAMAU,"2026-09-24","2026-10-15",21,Double room-Standard-Private Bathroom,,Room 14 2nd Floor,,2,0,GBP,0.00,0.00,0.00,0.00,Online,Booking.com,Booking.com,On Account,Canceled,,jmutho.115662@guest.booking.com,+254 798 513642,,"Non-Smoking  There is no meal option with this room. Children and Extra Bed Policy: Children of any age are allowed. You haven't added any cots. You haven't added any extra beds. The maximum number of guests is 2.  Deposit Policy: The guest will be charged a prepayment of the total price of the reservation at any time.  Cancellation Policy: The guest can cancel free of charge until 7 days before arrival. The guest will be charged the total price of the reservation if they cancel in the 7 days before arrival. If the guest doesn’t show up, they will be charged the total price of the reservation.  payment_on_Booking.com (Payout type: BankTransfer)  ** THIS RESERVATION HAS BEEN PRE-PAID ** BOOKING NOTE : Payment charge is GBP 27.584  Genius Booker ",,,,,"2026-08-17",,,,
Hotel Orlando by PLI,2026-08-11T13:31:34,459-968-462,GSD-492-559,5648128675,,Anthony,Palmer-Greene,"2026-09-24","2026-09-26",2,Double room-Standard-Private Bathroom,,Room 10 1st Floor,,1,0,GBP,0.00,0.00,0.00,0.00,Online,Booking.com,Booking.com,On Account,Canceled,,apalme.886150@guest.booking.com,+44 7355 111890,,"Non-Smoking  Promos: Domestic  There is no meal option with this room. Children and Extra Bed Policy: Children of any age are allowed. You haven't added any cots. You haven't added any extra beds. The maximum number of guests is 2.  Deposit Policy: The guest will be charged a prepayment of the total price of the reservation at any time.  Cancellation Policy: The guest can cancel free of charge until 7 days before arrival. The guest will be charged the total price of the reservation if they cancel in the 7 days before arrival. If the guest doesn’t show up, they will be charged the total price of the reservation.  payment_on_Booking.com (Payout type: BankTransfer)  ** THIS RESERVATION HAS BEEN PRE-PAID ** BOOKING NOTE : Payment charge is GBP 2.8688  Genius Booker ",,,,,"2026-08-11",,,,
Hotel Orlando by PLI,2026-08-26T13:05:29,483-650-212,ZRB-721-770,2543616814,,Sophie,Röthel,"2026-09-24","2026-09-27",3,Quad room-Standard-Private Bathroom,Non Refundable,Room 4 GF,,3,0,GBP,414.30,314.30,294.30,120.00,Online,Expedia Affiliate Network,Expedia & Affiliate Network,On Account,Confirmed,,sophieroethel04@gmail.com,1111111111111,,"1 Queen Sofa Bed and 1 Queen Bed Expedia collects payment from traveler: Hotel invoices Expedia. ",,,,,"2026-08-26",,,,
Hotel Orlando by PLI,2026-09-05T19:15:42,662-688-824,AFI-771-106,2551824518,,Julio,Gomes de Araujo,"2026-09-24","2026-09-27",3,Triple room-Standard-Ensuite,Non Refundable,S Room 23 GF,,2,1,GBP,370.19,270.19,250.19,120.00,Online,Expedia Affiliate Network,Expedia & Affiliate Network,On Account,Confirmed,,juliogomesdearaujo8@gmail.com,11111111111,,"1 Twin Bed and 1 Queen Bed Expedia collects payment from traveler: Hotel invoices Expedia. ",,,,,"2026-09-05",,,,
Hotel Orlando by PLI,2025-10-09T10:24:32,804-059-981,XGP-917-476,1418fb94e984-f063f566147843144e4e3dc233b416b2@airbnb.com,,Reserved,iCal,"2026-09-24","2026-09-26",2,Studio-Basic-Ensuite,,Flat 24  ( GF Sino ),,1,0,GBP,0.00,0.00,0.00,0.00,iCal,ical1,,Deposit (Variable),Canceled,,,,,Reservation URL: https://www.airbnb.com/hosting/reservations/details/HM2CS4JJ34,,,,,"2025-10-09",,,,
Hotel Orlando by PLI,2026-03-10T12:00:30,809-483-142,AGI-873-926,1418fb94e984-58cead609bfc87096f4a3a515f94b687@airbnb.com,,Marta’s,iCal,"2026-09-24","2026-09-26",2,Studio-Basic-Ensuite,Base Rate,Flat 24  ( GF Sino ),,1,0,GBP,157.25,157.25,137.25,20.00,iCal,ical1,,Deposit (Variable),Confirmed,,,+34675086299,,"Reservation URL: https://www.airbnb.com/hosting/reservations/details/HM4ZNFY84P Marta’s group of 2 Sep 24 – 26 · 2 nights Flat 24 GF Sino · Flat near Westfield & Hammersmith",,,,,"2026-03-10",,,,
Hotel Orlando by PLI,2025-10-14T22:24:46,816-386-664,SSY-155-580,1418fb94e984-f063f566147843144e4e3dc233b416b2@airbnb.com,,Reserved,iCal,"2026-09-24","2026-09-26",2,Studio-Basic-Ensuite,,Flat 24  ( GF Sino ),,1,0,GBP,0.00,0.00,0.00,0.00,iCal,ical1,,Deposit (Variable),Canceled,,,,,Reservation URL: https://www.airbnb.com/hosting/reservations/details/HM2CS4JJ34,,,,,"2025-10-14",,,,
Hotel Orlando by PLI,2026-08-10T08:53:20,956-591-901,GBQ-279-598,6831134788,,Anton,Hapieiev,"2026-09-24","2026-09-30",6,Single room-Standard-Ensuite,,S Room 32 2nd F,,1,0,GBP,0.00,0.00,0.00,0.00,Online,Booking.com,Booking.com,On Account,Canceled,,ahapie.244142@guest.booking.com,+48 885 577 839,,"Non-Smoking  Promos: European Economic Area  There is no meal option with this room. Children and Extra Bed Policy: Children of any age are allowed. You haven't added any cots. You haven't added any extra beds. The maximum number of guests is 1.  Deposit Policy: The guest will be charged a prepayment of the total price of the reservation at any time.  Cancellation Policy: The guest can cancel free of charge until 7 days before arrival. The guest will be charged the total price of the reservation if they cancel in the 7 days before arrival. If the guest doesn’t show up, they will be charged the total price of the reservation.  payment_on_Booking.com (Payout type: BankTransfer)  ** THIS RESERVATION HAS BEEN PRE-PAID ** BOOKING NOTE : Payment charge is GBP 6.2672 Approximate time of arrival: between 16:00 and 17:00  Genius Booker ",,,,,"2026-08-10",,,,
Hotel Orlando by PLI,2026-08-20T16:58:12,039-162-802,GTF-287-334,6065335931,,Cody,Fellows,"2026-09-25","2026-09-26",1,Double room-Standard-Private Bathroom,Non Refundable,Room 11 2nd Floor,,2,0,GBP,201.00,101.00,81.00,120.00,Online,Booking.com,Booking.com,On Account,Confirmed,,cfello.165216@guest.booking.com,+44 7904 278639,,"Non-Smoking  Promos: Mobile(MDot) Rate  There is no meal option with this room. Children and Extra Bed Policy: Children of any age are allowed. You haven't added any cots. You haven't added any extra beds. The maximum number of guests is 2.  Deposit Policy: The guest will be charged a prepayment of the total price of the reservation at any time.  Cancellation Policy: The guest will be charged the total price of the reservation if they cancel at any time.  payment_on_Booking.com (Payout type: BankTransfer)  ** THIS RESERVATION HAS BEEN PRE-PAID ** Approximate time of arrival: between 15:00 and 16:00 BOOKING NOTE : Payment charge is GBP 1.616  Genius Booker ",,,,,"2026-08-20",,,,
Hotel Orlando by PLI,2026-09-05T16:01:14,042-830-514,EXI-145-388,5274915109,,Sergi,Andreu Simó,"2026-09-25","2026-09-27",2,Quad Studio-Standard-Ensuite,Non Refundable,Flat 2 ( Basement Orlando ),,2,2,GBP,322.50,222.50,202.50,120.00,Online,Booking.com,Booking.com,On Account,Confirmed,,ssimo.299312@guest.booking.com,+34 699 35 33 48,,"Child Ages: 12, 15  Non-Smoking  Promos: European Economic Area  There is no meal option with this room. Children and Extra Bed Policy: Children of any age are allowed. You haven't added any cots. You haven't added any extra beds. The maximum number of guests is 4.  Deposit Policy: The guest will be charged a prepayment of the total price of the reservation at any time.  Cancellation Policy: The guest can cancel free of charge until 7 days before arrival. The guest will be charged the total price of the reservation if they cancel in the 7 days before arrival. If the guest doesn’t show up, they will be charged the total price of the reservation.  payment_on_Booking.com (Payout type: BankTransfer)  ** THIS RESERVATION HAS BEEN PRE-PAID ** BOOKING NOTE : Payment charge is GBP 3.56  Genius Booker ",,,,,"2026-09-05",,,,
Hotel Orlando by PLI,2025-07-31T20:51:27,163-639-554,SHA-442-704,6461017738,,Hernan,Manuel Chumbay Sanisaca,"2026-09-25","2026-09-27",2,Triple room-Standard-Private Bathroom,,Room 6 1st Floor,,2,1,GBP,0.00,0.00,0.00,0.00,Online,Booking.com,Booking.com,On Account,Canceled,,hsanis.439245@guest.booking.com,+34 6973144444,,"Child Ages: 9  Non-Smoking  Promos: Mobile(App) Rate  There is no meal option with this room. Children and Extra Bed Policy: Children of any age are allowed. You haven't added any cots. You haven't added any extra beds. The maximum number of guests is 3.  Deposit Policy: The guest will be charged a prepayment of the total price of the reservation at any time.  Cancellation Policy: The guest can cancel free of charge until 7 days before arrival. The guest will be charged the total price of the reservation if they cancel in the 7 days before arrival.  payment_on_Booking.com (Payout type: BankTransfer)  ** THIS RESERVATION HAS BEEN PRE-PAID ** BOOKING NOTE : Payment charge is GBP 1.68  Genius Booker ",,,,,"2025-07-31",,,,
Hotel Orlando by PLI,2026-04-07T22:34:52,165-136-622,ZSB-036-489,6001802225,,Millie,Barrett,"2026-09-25","2026-09-26",1,Triple room-Standard-Ensuite,,S Room 33 3rd F - W/Microwave &Fridge,,2,0,GBP,0.00,0.00,0.00,0.00,Online,Booking.com,Booking.com,On Account,Canceled,,mbarre.924913@guest.booking.com,+44 7516 676201,,"Non-Smoking  Promos: Domestic  There is no meal option with this room. Children and Extra Bed Policy: Children of any age are allowed. You haven't added any cots. You haven't added any extra beds. The maximum number of guests is 3.  Deposit Policy: The guest will be charged a prepayment of the total price of the reservation in the 5 days before arrival.  Cancellation Policy: The guest can cancel free of charge until 5 days before arrival. The guest will be charged the total price of the reservation if they cancel in the 5 days before arrival. If the guest doesn’t show up, they will be charged the total price of the reservation.  payment_on_Booking.com (Payout type: BankTransfer)  ** THIS RESERVATION HAS BEEN PRE-PAID ** BOOKING NOTE : Payment charge is GBP 1.5872  Genius Booker ",,,,,"2026-04-07",,,,
Hotel Orlando by PLI,2025-10-16T08:12:13,190-111-081,IBX-416-109,5998731333,,Kurstie,Crane,"2026-09-25","2026-10-04",9,Single room-Standard-Ensuite,,Room 15 3rd Floor,,1,0,GBP,0.00,0.00,0.00,0.00,Online,Booking.com,Booking.com,On Account,Canceled,,kcrane.457060@guest.booking.com,+44 7380 551679,,"Non-Smoking  Promos: Mobile(App) Rate  There is no meal option with this room. Children and Extra Bed Policy: Children of any age are allowed. You haven't added any cots. You haven't added any extra beds. The maximum number of guests is 1.  Deposit Policy: The guest will be charged a prepayment of the total price of the reservation at any time.  Cancellation Policy: The guest can cancel free of charge until 7 days before arrival. The guest will be charged the total price of the reservation if they cancel in the 7 days before arrival.  payment_on_Booking.com (Payout type: BankTransfer)  ** THIS RESERVATION HAS BEEN PRE-PAID ** BOOKING NOTE : Payment charge is GBP 9.2432  Genius Booker ",,,,,"2025-10-16",,,,
Hotel Orlando by PLI,2026-09-09T21:04:59,195-042-061,TDM-006-552,5265147882,,Tanyaradzwa,Tambwanaye,"2026-09-25","2026-09-27",2,Double room-Ensuite,,S Room 17 BF,,1,0,GBP,0.00,0.00,0.00,0.00,Online,Booking.com,Booking.com,On Account,Canceled,,ttambw.247423@guest.booking.com,+44 7775 154856,,"Non-Smoking  Promos: Domestic  There is no meal option with this room. Children and Extra Bed Policy: Children of any age are allowed. You haven't added any cots. You haven't added any extra beds. The maximum number of guests is 2.  Deposit Policy: The guest will be charged a prepayment of the total price of the reservation at any time.  Cancellation Policy: The guest can cancel free of charge until 7 days before arrival. The guest will be charged the total price of the reservation if they cancel in the 7 days before arrival. If the guest doesn’t show up, they will be charged the total price of the reservation.  payment_on_Booking.com (Payout type: BankTransfer)  ** THIS RESERVATION HAS BEEN PRE-PAID ** BOOKING NOTE : Payment charge is GBP 2.9552  Genius Booker ",,,,,"2026-09-09",,,,
Hotel Orlando by PLI,2026-09-14T22:09:34,260-498-992,HYD-939-069,5147737825,,Lopez,Alba,"2026-09-25","2026-09-27",2,Double room-Ensuite,Non Refundable,S Room 35 3rd F,,2,0,GBP,286.50,186.50,166.50,120.00,Online,Booking.com,Booking.com,On Account,Confirmed,,lalba.768278@guest.booking.com,+44 4849497255,,"Non-Smoking  Promos: Domestic  There is no meal option with this room. Children and Extra Bed Policy: Children of any age are allowed. You haven't added any cots. You haven't added any extra beds. The maximum number of guests is 2.  Deposit Policy: The guest will be charged a prepayment of the total price of the reservation at any time.  Cancellation Policy: The guest can cancel free of charge until 7 days before arrival. The guest will be charged the total price of the reservation if they cancel in the 7 days before arrival. If the guest doesn’t show up, they will be charged the total price of the reservation.  payment_on_Booking.com (Payout type: BankTransfer)  ** THIS RESERVATION HAS BEEN PRE-PAID ** BOOKING NOTE : Payment charge is GBP 2.984  Genius Booker ",,,,,"2026-09-14",,,,
Hotel Orlando by PLI,2026-07-04T00:22:10,284-335-112,NZY-357-949,2500679851,,Digi Ann,Castillo,"2026-09-25","2026-10-03",8,Double room-Ensuite,,S Room 29 Mid 2nd F,,2,0,GBP,0.00,0.00,0.00,0.00,Online,Expedia Affiliate Network,Expedia & Affiliate Network,On Account,Canceled,,feedback@heilvzi.com,1111111111111111,,"1 Double Bed Expedia collects payment from traveler: Hotel invoices Expedia. ",,,,,"2026-07-03",,,,
Hotel Orlando by PLI,2026-08-13T11:22:15,315-493-554,JQU-352-817,2533605128,,Ahmed,Raafat,"2026-09-25","2026-10-02",7,Quad room-Standard-Ensuite,,S Room 21 GF - SofaBed,,2,0,GBP,0.00,0.00,0.00,0.00,Online,Expedia Affiliate Network,Expedia & Affiliate Network,On Account,Canceled,,lina@ntravel.ae,111111111111111,,"1 Queen Sofa Bed and 1 Double Bed Expedia collects payment from traveler: Hotel invoices Expedia. ",,,,,"2026-08-13",,,,
Hotel Orlando by PLI,2025-11-21T13:20:44,322-842-532,TCH-091-664,5605020533,,Tim,Taslimi,"2026-09-25","2026-09-30",5,Single room-Standard-Ensuite,,S Room 32 2nd F,,1,0,GBP,0.00,0.00,0.00,0.00,Online,Booking.com,Booking.com,On Account,Canceled,,ttasli.734040@guest.booking.com,+46 76 062 97 44,,"Non-Smoking  Promos: Mobile(App) Rate  There is no meal option with this room. Children and Extra Bed Policy: Children of any age are allowed. You haven't added any cots. You haven't added any extra beds. The maximum number of guests is 1.  Deposit Policy: The guest will be charged a prepayment of the total price of the reservation at any time.  Cancellation Policy: The guest can cancel free of charge until 7 days before arrival. The guest will be charged the total price of the reservation if they cancel in the 7 days before arrival.  payment_on_Booking.com (Payout type: BankTransfer)  ** THIS RESERVATION HAS BEEN PRE-PAID ** BOOKING NOTE : Payment charge is GBP 4.8896  Genius Booker ",,,,,"2025-11-21",,,,
Hotel Orlando by PLI,2026-09-11T03:29:00,394-692-641,AVB-191-830,5846584982,,zhibo,Li,"2026-09-25","2026-09-28",3,Double room-Ensuite,,S Room 28 1st F,,2,0,GBP,0.00,0.00,0.00,0.00,Online,Booking.com,Booking.com,On Account,Canceled,,lzhibo.222992@guest.booking.com,+44 7419 200096,,"Non-Smoking  Promos: Mobile(App) Rate  There is no meal option with this room. Children and Extra Bed Policy: Children of any age are allowed. You haven't added any cots. You haven't added any extra beds. The maximum number of guests is 2.  Deposit Policy: The guest will be charged a prepayment of the total price of the reservation at any time.  Cancellation Policy: The guest can cancel free of charge until 7 days before arrival. The guest will be charged the total price of the reservation if they cancel in the 7 days before arrival. If the guest doesn’t show up, they will be charged the total price of the reservation.  payment_on_Booking.com (Payout type: BankTransfer)  ** THIS RESERVATION HAS BEEN PRE-PAID ** BOOKING NOTE : Payment charge is GBP 3.8768  Genius Booker ",,,,,"2026-09-11",,,,
Hotel Orlando by PLI,2026-09-16T16:55:45,395-322-832,IYM-587-264,5824268760,,wan,nur shahirah wan suhaimi,"2026-09-25","2026-09-28",3,Double room-Ensuite,,S Room 17 BF,,2,0,GBP,0.00,0.00,0.00,0.00,Online,Booking.com,Booking.com,On Account,Canceled,,wsuhai.250900@guest.booking.com,+60 2035640799,,"Non-Smoking  Promos: Mobile(App) Rate  There is no meal option with this room. Children and Extra Bed Policy: Children of any age are allowed. You haven't added any cots. You haven't added any extra beds. The maximum number of guests is 2.  Deposit Policy: The guest will be charged a prepayment of the total price of the reservation at any time.  Cancellation Policy: The guest can cancel free of charge until 7 days before arrival. The guest will be charged the total price of the reservation if they cancel in the 7 days before arrival. If the guest doesn’t show up, they will be charged the total price of the reservation.  payment_on_Booking.com (Payout type: BankTransfer)  ** THIS RESERVATION HAS BEEN PRE-PAID ** BOOKING NOTE : Payment charge is GBP 3.56 NonSmoke ",,,,,"2026-09-16",,,,
Hotel Orlando by PLI,2026-08-26T15:34:44,399-838-991,ACZ-037-611,2543710797,,Mariana,Monteiro,"2026-09-25","2026-09-28",3,Quad room-Standard-Private Bathroom,Non Refundable,Room 9 1st Floor,,4,0,GBP,404.39,304.39,284.39,120.00,Online,Expedia Affiliate Network,Expedia & Affiliate Network,On Account,Confirmed,,marianamonteiro111@hotmail.com,111111111111,,"1 Queen Sofa Bed and 1 Queen Bed Expedia collects payment from traveler: Hotel invoices Expedia. ",,,,,"2026-08-26",,,,
Hotel Orlando by PLI,2026-08-17T05:08:45,432-559-414,MKJ-274-166,6223136445,,Daryl,Golez,"2026-09-25","2026-09-27",2,Double room-Ensuite,,S Room 35 3rd F,,1,0,GBP,0.00,0.00,0.00,0.00,Online,Booking.com,Booking.com,On Account,Canceled,,dgolez.845973@guest.booking.com,+44 7375 255768,,"Non-Smoking  Promos: Domestic  There is no meal option with this room. Children and Extra Bed Policy: Children of any age are allowed. You haven't added any cots. You haven't added any extra beds. The maximum number of guests is 2.  Deposit Policy: The guest will be charged a prepayment of the total price of the reservation at any time.  Cancellation Policy: The guest can cancel free of charge until 7 days before arrival. The guest will be charged the total price of the reservation if they cancel in the 7 days before arrival. If the guest doesn’t show up, they will be charged the total price of the reservation.  payment_on_Booking.com (Payout type: BankTransfer)  ** THIS RESERVATION HAS BEEN PRE-PAID ** BOOKING NOTE : Payment charge is GBP 2.9264  Genius Booker ",,,,,"2026-08-17",,,,
Hotel Orlando by PLI,2026-09-01T16:28:47,490-116-941,RMQ-292-246,HMD4DPEFPS,,Kassandra,Mc Conell,"2026-09-25","2026-09-27",2,Twin room-Standard-Private Bathroom,,Room 16 3rd Floor,,2,0,GBP,111.00,111.00,111.00,0.00,Online,Airbnb,Airbnb,On Account,Canceled,,,46739566828,," ",,,,,"2026-09-01",,,,
Hotel Orlando by PLI,2026-01-10T13:39:31,523-482-851,INV-470-650,5660503335,,Samuele,Ristuccia,"2026-09-25","2026-10-01",6,Double room-Ensuite,,S Room 18 BF,,2,0,GBP,0.00,0.00,0.00,0.00,Online,Booking.com,Booking.com,On Account,Canceled,,sristu.632638@guest.booking.com,+39 320 768 4163,,"Non-Smoking  Promos: Mobile(App) Rate  There is no meal option with this room. Children and Extra Bed Policy: Children of any age are allowed. You haven't added any cots. You haven't added any extra beds. The maximum number of guests is 2.  Deposit Policy: The guest will be charged a prepayment of the total price of the reservation at any time.  Cancellation Policy: The guest can cancel free of charge until 7 days before arrival. The guest will be charged the total price of the reservation if they cancel in the 7 days before arrival.  payment_on_Booking.com (Payout type: BankTransfer)  ** THIS RESERVATION HAS BEEN PRE-PAID ** BOOKING NOTE : Payment charge is GBP 6.3856  Genius Booker ",,,,,"2026-01-10",,,,
Hotel Orlando by PLI,2026-08-19T10:03:17,668-816-944,RUI-589-310,2538211719,,MD Shahjahan,Kabir,"2026-09-25","2026-10-04",9,Double room-Standard-Private Bathroom,Non Refundable,Room 6 GF,,2,0,GBP,849.00,0.00,729.00,120.00,Online,Expedia,Expedia & Affiliate Network,Pay On Arrival,Confirmed,,shawjalklinton@gmail.com,1111111111111,,"Bed Option: 37310 1 Queen Bed 1 Queen Bed Hotel collects payment from the traveler: Non-refundable - charge now ",,,,,"2026-08-19",,,,
Hotel Orlando by PLI,2026-07-15T16:21:19,826-215-094,TDO-485-302,2510245479,,David,León Gutiérrez,"2026-09-25","2026-09-27",2,Family Studio SR,Non Refundable,Flat 20 ( Basement sino ),,6,0,GBP,348.59,248.59,228.59,120.00,Online,Expedia Affiliate Network,Expedia & Affiliate Network,On Account,Confirmed,,noreply@w2m.com,11111111111,,"2 Queen Beds and 1 Queen Sofa Bed Expedia collects payment from traveler: Hotel invoices Expedia. ",,,,,"2026-07-15",,,,
Hotel Orlando by PLI,2026-07-04T00:13:10,890-535-164,DNP-024-192,6955009524,,Digi,Ann Castillo,"2026-09-25","2026-10-03",8,Triple room-Standard-Private Bathroom,,Room 8 1st Floor,,3,0,GBP,0.00,0.00,0.00,0.00,Online,Booking.com,Booking.com,On Account,Canceled,,dcasti.957665@guest.booking.com,+63 2035640799,,"Non-Smoking  Promos: Mobile Rate(10%)  There is no meal option with this room. Children and Extra Bed Policy: Children of any age are allowed. You haven't added any cots. You haven't added any extra beds. The maximum number of guests is 3.  Deposit Policy: The guest will be charged a prepayment of the total price of the reservation at any time.  Cancellation Policy: The guest can cancel free of charge until 7 days before arrival. The guest will be charged the total price of the reservation if they cancel in the 7 days before arrival. If the guest doesn’t show up, they will be charged the total price of the reservation.  payment_on_Booking.com (Payout type: BankTransfer)  ** THIS RESERVATION HAS BEEN PRE-PAID ** BOOKING NOTE : Payment charge is GBP 11.6528 NonSmoke, QuietRoom AdditionalNotes: Lower floor room if there is no elevator ",,,,,"2026-07-03",,,,
Hotel Orlando by PLI,2026-08-12T20:36:38,908-653-521,RJM-945-943,5053244099,,Dogu,Ciloglu,"2026-09-25","2026-09-29",4,Double room-Ensuite,,S Room 25 Mid 1st F,,2,0,GBP,0.00,0.00,0.00,0.00,Online,Booking.com,Booking.com,On Account,Canceled,,dcilog.623246@guest.booking.com,+90 555 632 88 79,,"Non-Smoking  There is no meal option with this room. Children and Extra Bed Policy: Children of any age are allowed. You haven't added any cots. You haven't added any extra beds. The maximum number of guests is 2.  Deposit Policy: The guest will be charged a prepayment of the total price of the reservation at any time.  Cancellation Policy: The guest can cancel free of charge until 7 days before arrival. The guest will be charged the total price of the reservation if they cancel in the 7 days before arrival. If the guest doesn’t show up, they will be charged the total price of the reservation.  payment_on_Booking.com (Payout type: BankTransfer)  ** THIS RESERVATION HAS BEEN PRE-PAID ** BOOKING NOTE : Payment charge is GBP 5.456 Approximate time of arrival: between 14:00 and 15:00  Genius Booker ",,,,,"2026-08-12",,,,
Hotel Orlando by PLI,2026-09-13T09:50:06,924-819-281,JSL-709-211,5275914332,,Gabriela,Spasova,"2026-09-25","2026-09-28",3,Quad Studio-Standard-Ensuite,Non Refundable,Flat 5 ( GF Orlando ),,4,0,GBP,437.00,337.00,317.00,120.00,Online,Booking.com,Booking.com,On Account,Confirmed,,gspaso.101887@guest.booking.com,+359 89 862 3220,,"Non-Smoking  There is no meal option with this room. Children and Extra Bed Policy: Children of any age are allowed. You haven't added any cots. You haven't added any extra beds. The maximum number of guests is 4.  Deposit Policy: The guest will be charged a prepayment of the total price of the reservation at any time.  Cancellation Policy: The guest can cancel free of charge until 7 days before arrival. The guest will be charged the total price of the reservation if they cancel in the 7 days before arrival. If the guest doesn’t show up, they will be charged the total price of the reservation.  payment_on_Booking.com (Payout type: BankTransfer)  ** THIS RESERVATION HAS BEEN PRE-PAID ** BOOKING NOTE : Payment charge is GBP 5.392  Genius Booker ",,,,,"2026-09-13",,,,
Hotel Orlando by PLI,2026-07-30T01:18:24,989-692-914,UTM-900-178,6539851798,,Jorge,Lavilla,"2026-09-25","2026-09-29",4,Single room-Standard-Ensuite,,Room 15 3rd Floor,,1,0,GBP,0.00,0.00,0.00,0.00,Online,Booking.com,Booking.com,On Account,Canceled,,jlavil.830754@guest.booking.com,+34 620 74 77 71,,"Non-Smoking  Promos: European Economic Area  There is no meal option with this room. Children and Extra Bed Policy: Children of any age are allowed. You haven't added any cots. You haven't added any extra beds. The maximum number of guests is 1.  Deposit Policy: The guest will be charged a prepayment of the total price of the reservation at any time.  Cancellation Policy: The guest can cancel free of charge until 7 days before arrival. The guest will be charged the total price of the reservation if they cancel in the 7 days before arrival. If the guest doesn’t show up, they will be charged the total price of the reservation.  payment_on_Booking.com (Payout type: BankTransfer)  ** THIS RESERVATION HAS BEEN PRE-PAID ** BOOKING NOTE : Payment charge is GBP 4.3376  Genius Booker ",,,,,"2026-07-30",,,,
Hotel Orlando by PLI,2026-09-17T10:40:13,998-393-944,HMR-183-886,5976143733,,Stephen,Dodd,"2026-09-25","2026-09-28",3,Quad room-Standard-Ensuite,Non Refundable,S Room 21 GF - SofaBed,,2,0,GBP,360.30,260.30,240.30,120.00,Online,Booking.com,Booking.com,On Account,Confirmed,,sdodd.421806@guest.booking.com,+44 7990 858287,,"Non-Smoking  Promos: Domestic  There is no meal option with this room. Children and Extra Bed Policy: Children of any age are allowed. You haven't added any cots. You haven't added any extra beds. The maximum number of guests is 4.  Deposit Policy: The guest will be charged a prepayment of the total price of the reservation at any time.  Cancellation Policy: The guest can cancel free of charge until 7 days before arrival. The guest will be charged the total price of the reservation if they cancel in the 7 days before arrival. If the guest doesn’t show up, they will be charged the total price of the reservation.  payment_on_Booking.com (Payout type: BankTransfer)  ** THIS RESERVATION HAS BEEN PRE-PAID ** BOOKING NOTE : Payment charge is GBP 4.1648  Genius Booker ",,,,,"2026-09-17",,,,
Hotel Orlando by PLI,2026-01-18T01:47:59,000-436-982,SYF-480-541,6269878243,,Fernanda,Medina,"2026-09-26","2026-09-29",3,Family Studio SR,,Flat 20 ( Basement sino ),,5,0,GBP,0.00,0.00,0.00,0.00,Online,Booking.com,Booking.com,On Account,Canceled,,fmedin.300863@guest.booking.com,+57 321 8943665,,"Non-Smoking  There is no meal option with this room. Children and Extra Bed Policy: Children of any age are allowed. You haven't added any extra beds. The maximum number of cots is 1. The maximum number of guests is 6.  Deposit Policy: The guest will be charged a prepayment of the total price of the reservation at any time.  Cancellation Policy: The guest can cancel free of charge until 7 days before arrival. The guest will be charged the total price of the reservation if they cancel in the 7 days before arrival.  payment_on_Booking.com (Payout type: BankTransfer)  ** THIS RESERVATION HAS BEEN PRE-PAID ** Approximate time of arrival: between 17:00 and 18:00 BOOKING NOTE : Payment charge is GBP 5.984  Genius Booker ",,,,,"2026-01-18",,,,
Hotel Orlando by PLI,2026-03-17T16:36:36,039-486-922,VUU-374-585,5736736797,,Srivastava,Ankit,"2026-09-26","2026-09-29",3,Triple room-Standard-Ensuite,,S Room 23 GF,,3,0,GBP,0.00,0.00,0.00,0.00,Online,Booking.com,Booking.com,On Account,Canceled,,sankit.278699@guest.booking.com,+91 86980 24240,,"Non-Smoking  Promos: Mobile(App) Rate  There is no meal option with this room. Children and Extra Bed Policy: Children of any age are allowed. You haven't added any cots. You haven't added any extra beds. The maximum number of guests is 3.  Deposit Policy: The guest will be charged a prepayment of the total price of the reservation in the 5 days before arrival.  Cancellation Policy: The guest can cancel free of charge until 5 days before arrival. The guest will be charged the total price of the reservation if they cancel in the 5 days before arrival. If the guest doesn’t show up, they will be charged the total price of the reservation.  payment_on_Booking.com (Payout type: BankTransfer)  ** THIS RESERVATION HAS BEEN PRE-PAID ** BOOKING NOTE : Payment charge is GBP 3.7336  Genius Booker ",,,,,"2026-03-17",,,,
Hotel Orlando by PLI,2026-06-24T10:16:25,045-363-284,RTB-010-599,5019067834,,Mengjie,Li Cheuk Yin Clive Li Yik Loi Lesley Li,"2026-09-26","2026-10-05",9,Quad room-Standard-Ensuite,,S Room 21 GF - SofaBed,,2,1,GBP,0.00,0.00,0.00,0.00,Online,Booking.com,Booking.com,On Account,Canceled,,pma.828610@guest.booking.com,+86 151 0947 3880,,"Child Ages: 2  Non-Smoking  There is no meal option with this room. Children and Extra Bed Policy: Children of any age are allowed. You haven't added any cots. You haven't added any extra beds. The maximum number of guests is 4.  Deposit Policy: The guest will be charged a prepayment of the total price of the reservation at any time.  Cancellation Policy: The guest can cancel free of charge until 7 days before arrival. The guest will be charged the total price of the reservation if they cancel in the 7 days before arrival. If the guest doesn’t show up, they will be charged the total price of the reservation.  payment_on_Booking.com (Payout type: BankTransfer)  ** THIS RESERVATION HAS BEEN PRE-PAID ** BOOKING NOTE : Payment charge is GBP 14.784  Genius Booker ",,,,,"2026-06-24",,,,
Hotel Orlando by PLI,2026-03-12T21:22:35,052-400-241,EPJ-803-512,5025969165,,Kristopher,Dueck,"2026-09-26","2026-09-27",1,Family room-Standard-Ensuite,,Room 3 BF W/Microwave,,5,0,GBP,0.00,0.00,0.00,0.00,Online,Booking.com,Booking.com,On Account,Canceled,,kdueck.643640@guest.booking.com,+1 306 551 6173,,"Non-Smoking  Promos: Mobile(App) Rate  There is no meal option with this room. Children and Extra Bed Policy: Children of any age are allowed. You haven't added any cots. You haven't added any extra beds. The maximum number of guests is 5.  Deposit Policy: The guest will be charged a prepayment of the total price of the reservation in the 5 days before arrival.  Cancellation Policy: The guest can cancel free of charge until 5 days before arrival. The guest will be charged the total price of the reservation if they cancel in the 5 days before arrival. If the guest doesn’t show up, they will be charged the total price of the reservation.  payment_on_Booking.com (Payout type: BankTransfer)  ** THIS RESERVATION HAS BEEN PRE-PAID ** BOOKING NOTE : Payment charge is GBP 1.952  Genius Booker ",,,,,"2026-03-12",,,,
Hotel Orlando by PLI,2026-07-13T17:42:15,082-494-844,BAF-034-829,6636157670,,Gabriela,Bęben-Kucharska,"2026-09-26","2026-09-28",2,Triple room-Standard-Private Bathroom,Base Rate,Room 8 1st Floor,,2,1,GBP,307.20,207.20,187.20,120.00,Online,Booking.com,Booking.com,On Account,Confirmed,,gbeben.221811@guest.booking.com,+48 508 047 227,,"Child Ages: 15  Non-Smoking  Promos: European Economic Area  There is no meal option with this room. Children and Extra Bed Policy: Children of any age are allowed. You haven't added any cots. You haven't added any extra beds. The maximum number of guests is 3.  Deposit Policy: The guest will be charged a prepayment of the total price of the reservation at any time.  Cancellation Policy: The guest can cancel free of charge until 7 days before arrival. The guest will be charged the total price of the reservation if they cancel in the 7 days before arrival. If the guest doesn’t show up, they will be charged the total price of the reservation.  payment_on_Booking.com (Payout type: BankTransfer)  ** THIS RESERVATION HAS BEEN PRE-PAID ** BOOKING NOTE : Payment charge is GBP 3.3152  Genius Booker ",,,,,"2026-07-13",,,,
Hotel Orlando by PLI,2026-08-14T00:12:04,150-020-532,KOY-359-615,5152400824,,Abdullah,Abdulrahim,"2026-09-26","2026-10-01",5,Quad room-Standard-Private Bathroom,,Room 9 1st Floor,,4,0,GBP,0.00,0.00,0.00,0.00,Online,Booking.com,Booking.com,On Account,Canceled,,aabdul.375591@guest.booking.com,+966 59 286 4095,,"Non-Smoking  There is no meal option with this room. Children and Extra Bed Policy: Children of any age are allowed. You haven't added any cots. You haven't added any extra beds. The maximum number of guests is 4.  Deposit Policy: The guest will be charged a prepayment of the total price of the reservation at any time.  Cancellation Policy: The guest can cancel free of charge until 7 days before arrival. The guest will be charged the total price of the reservation if they cancel in the 7 days before arrival. If the guest doesn’t show up, they will be charged the total price of the reservation.  payment_on_Booking.com (Payout type: BankTransfer)  ** THIS RESERVATION HAS BEEN PRE-PAID ** BOOKING NOTE : Payment charge is GBP 8.112  Genius Booker ",,,,,"2026-08-13",,,,
Hotel Orlando by PLI,2026-01-23T13:34:23,159-914-431,DIJ-158-102,5680980918,,daniele,buzzelli,"2026-09-26","2026-09-29",3,Triple room-Standard-Private Bathroom,,Room 13 2nd Floor,,3,0,GBP,0.00,0.00,0.00,0.00,Online,Booking.com,Booking.com,On Account,Canceled,,dbuzze.433004@guest.booking.com,+39 328 159 7934,,"Non-Smoking  Promos: Mobile(App) Rate  There is no meal option with this room. Children and Extra Bed Policy: Children of any age are allowed. You haven't added any cots. You haven't added any extra beds. The maximum number of guests is 3.  Deposit Policy: The guest will be charged a prepayment of the total price of the reservation at any time.  Cancellation Policy: The guest can cancel free of charge until 7 days before arrival. The guest will be charged the total price of the reservation if they cancel in the 7 days before arrival.  payment_on_Booking.com (Payout type: BankTransfer)  ** THIS RESERVATION HAS BEEN PRE-PAID ** BOOKING NOTE : Payment charge is GBP 4.3864  Genius Booker ",,,,,"2026-01-23",,,,
Hotel Orlando by PLI,2026-06-17T22:05:24,163-064-281,BRY-058-421,5108225644,,Khloe,Thompson-Walker,"2026-09-26","2026-09-27",1,Family Studio SR,,Flat 20 ( Basement sino ),,1,4,GBP,0.00,0.00,0.00,0.00,Online,Booking.com,Booking.com,On Account,Canceled,,kthomp.881750@guest.booking.com,+44 7926 553960,,"Child Ages: 10, 11, 13, 8  Non-Smoking  Promos: Domestic  There is no meal option with this room. Children and Extra Bed Policy: Children of any age are allowed. You haven't added any extra beds. The maximum number of cots is 1. The maximum number of guests is 6.  Deposit Policy: The guest will be charged a prepayment of the total price of the reservation at any time.  Cancellation Policy: The guest can cancel free of charge until 7 days before arrival. The guest will be charged the total price of the reservation if they cancel in the 7 days before arrival. If the guest doesn’t show up, they will be charged the total price of the reservation.  payment_on_Booking.com (Payout type: BankTransfer)  ** THIS RESERVATION HAS BEEN PRE-PAID ** BOOKING NOTE : Payment charge is GBP 2.3504  Genius Booker ",,,,,"2026-06-17",,,,
Hotel Orlando by PLI,2026-03-16T11:02:29,166-403-061,BRY-583-431,1418fb94e984-6023513415acc7a73276eca9cdf8ca6b@airbnb.com,,Airida’s,iCal,"2026-09-26","2026-09-27",1,Studio-Basic-Ensuite,Base Rate,Flat 24  ( GF Sino ),,1,0,GBP,91.38,91.38,71.38,20.00,iCal,ical1,,Deposit (Variable),Confirmed,,,+447723386981,,"Reservation URL: https://www.airbnb.com/hosting/reservations/details/HMP4JR9Y8M Airida’s group of 3 Sep 26 – 27 · 1 night Flat 24 GF Sino · Flat near Westfield & Hammersmith",,,,,"2026-03-16",,,,
Hotel Orlando by PLI,2026-09-03T19:21:33,204-049-062,AXG-541-557,5855109960,,Teresa,Villalba Agustin,"2026-09-26","2026-09-27",1,Quad room-Standard-Ensuite,Non Refundable,S Room 31 2nd FF,,3,0,GBP,217.20,117.20,97.20,120.00,Online,Booking.com,Booking.com,On Account,Confirmed,,tagust.580798@guest.booking.com,+34 680 21 61 21,,"Non-Smoking  Promos: Mobile(App) Rate  There is no meal option with this room. Children and Extra Bed Policy: Children of any age are allowed. You haven't added any cots. You haven't added any extra beds. The maximum number of guests is 4.  Deposit Policy: The guest will be charged a prepayment of the total price of the reservation at any time.  Cancellation Policy: The guest can cancel free of charge until 7 days before arrival. The guest will be charged the total price of the reservation if they cancel in the 7 days before arrival. If the guest doesn’t show up, they will be charged the total price of the reservation.  payment_on_Booking.com (Payout type: BankTransfer)  ** THIS RESERVATION HAS BEEN PRE-PAID ** BOOKING NOTE : Payment charge is GBP 1.8752  Genius Booker ",,,,,"2026-09-03",,,,
Hotel Orlando by PLI,2026-05-15T18:03:27,211-215-631,TWI-418-955,5550782315,,Beth,Williams,"2026-09-26","2026-09-28",2,Triple room-Standard-Private Bathroom,Base Rate,Room 12 2nd Floor,,3,0,GBP,200.00,200.00,180.00,20.00,Online,Booking.com,Booking.com,On Account,Confirmed,,bwilli.207777@guest.booking.com,+44 7481 487875,,"Non-Smoking  Promos: Domestic  There is no meal option with this room. Children and Extra Bed Policy: Children of any age are allowed. You haven't added any cots. You haven't added any extra beds. The maximum number of guests is 3.  Deposit Policy: The guest will be charged a prepayment of the total price of the reservation at any time.  Cancellation Policy: The guest can cancel free of charge until 7 days before arrival. The guest will be charged the total price of the reservation if they cancel in the 7 days before arrival. If the guest doesn’t show up, they will be charged the total price of the reservation.  payment_on_Booking.com (Payout type: BankTransfer)  ** THIS RESERVATION HAS BEEN PRE-PAID ** BOOKING NOTE : Payment charge is GBP 3.2  Genius Booker ",,,,,"2026-05-15",,,,
Hotel Orlando by PLI,2026-09-16T17:01:36,220-613-412,AOV-625-383,2560363766,,Arlet,Puigferrat,"2026-09-26","2026-09-28",2,Double room-Ensuite,,S Room 28 1st F,,2,0,GBP,0.00,0.00,0.00,0.00,Online,Expedia Affiliate Network,Expedia & Affiliate Network,On Account,Canceled,,puigferratcatona@gmail.com,11111111111,,"1 Double Bed Expedia collects payment from traveler: Hotel invoices Expedia. ",,,,,"2026-09-16",,,,
Hotel Orlando by PLI,2024-11-24T11:02:30,316-048-162,LUN-594-513,4566185076,,Thomas,Walker,"2026-09-26","2026-09-27",1,Twin room-Standard-Private Bathroom,,Room 12 3rd Floor,,1,0,GBP,0.00,See 008-943-364,0.00,0.00,Online,Booking.com,Booking.com,Pay On Arrival,Canceled,,twalke.105064@guest.booking.com,+44 7855 285776,,"Group: 2 x Adult, 0 x Child  Non-Smoking  Collect payment from guests at your property. For cancellation and no-show fees, please visit extranet  Genius Booker  There is no meal option with this room. Children and Extra Bed Policy: Children of any age are allowed. You haven't added any cots. You haven't added any extra beds. The maximum number of guests is 0.  Deposit Policy: No prepayment is needed.  Cancellation Policy: The guest can cancel free of charge until 7 days before arrival. The guest will be charged the total price of the reservation if they cancel in the 7 days before arrival.",,,,,"2024-11-24",,,,
Hotel Orlando by PLI,2024-12-15T23:21:34,393-290-352,EMP-800-155,378235866,,Thomas,Walker,"2026-09-26","2026-09-27",1,Booked as: Twin-Standard-Private Bathroom,,S Room 24 GF,,2,0,GBP,0.00,0.00,0.00,0.00,Online,Hotels.com,Expedia & Affiliate Network,Pay On Arrival,Canceled,,tewalker78@hotmail.com,07855285776,,Hotel Collect Booking - Collect Payment From Guest,,,,,"2024-12-15",,,,
Hotel Orlando by PLI,2025-08-10T09:17:59,513-451-391,XHR-878-712,6855509762,,Isla,Robertson,"2026-09-26","2026-09-28",2,Triple room-Standard-Private Bathroom,,Room 9 1st Floor,,2,0,GBP,0.00,0.00,0.00,0.00,Online,Booking.com,Booking.com,On Account,Canceled,,irober.231663@guest.booking.com,+44 7915 551370,,"Non-Smoking  Promos: Mobile(App) Rate  There is no meal option with this room. Children and Extra Bed Policy: Children of any age are allowed. You haven't added any cots. You haven't added any extra beds. The maximum number of guests is 3.  Deposit Policy: The guest will be charged a prepayment of the total price of the reservation at any time.  Cancellation Policy: The guest can cancel free of charge until 7 days before arrival. The guest will be charged the total price of the reservation if they cancel in the 7 days before arrival.  payment_on_Booking.com (Payout type: BankTransfer)  ** THIS RESERVATION HAS BEEN PRE-PAID ** BOOKING NOTE : Payment charge is GBP 1.68  Genius Booker ",,,,,"2025-08-10",,,,
Hotel Orlando by PLI,2026-09-05T19:23:58,528-292-601,DGW-117-637,6358946274,,Leo,Cooke,"2026-09-26","2026-09-27",1,Single room-Standard-Ensuite,Non Refundable,S Room 32 2nd F,,1,0,GBP,193.80,93.80,73.80,120.00,Online,Booking.com,Booking.com,On Account,Confirmed,,lcooke.153979@guest.booking.com,+44 7865 314921,,"Non-Smoking  Promos: Domestic  There is no meal option with this room. Children and Extra Bed Policy: Children of any age are allowed. You haven't added any cots. You haven't added any extra beds. The maximum number of guests is 1.  Deposit Policy: The guest will be charged a prepayment of the total price of the reservation at any time.  Cancellation Policy: The guest can cancel free of charge until 7 days before arrival. The guest will be charged the total price of the reservation if they cancel in the 7 days before arrival. If the guest doesn’t show up, they will be charged the total price of the reservation.  payment_on_Booking.com (Payout type: BankTransfer)  ** THIS RESERVATION HAS BEEN PRE-PAID ** Approximate time of arrival: between 11:00 and 12:00 Request an early check in BOOKING NOTE : Payment charge is GBP 1.5008 ",,,,,"2026-09-05",,,,
Hotel Orlando by PLI,2026-09-16T15:41:47,546-428-114,NUN-345-583,6612314137,,Marcin,Nowak,"2026-09-26","2026-10-01",5,Quad room-Standard-Ensuite,Non Refundable,S Room 26 1st F - W/Fridge,,2,0,GBP,482.70,733.90,362.70,120.00,Online,Booking.com,Booking.com,On Account,Confirmed,,sobiechkrzysztof1990@gmail.com,+48602476578,,"Group: 4 x Adult, 0 x Child  Non-Smoking  Promos: European Economic Area  There is no meal option with this room. Children and Extra Bed Policy: Children of any age are allowed. You haven't added any cots. You haven't added any extra beds. The maximum number of guests is 4.  Deposit Policy: The guest will be charged a prepayment of the total price of the reservation at any time.  Cancellation Policy: The guest can cancel free of charge until 7 days before arrival. The guest will be charged the total price of the reservation if they cancel in the 7 days before arrival. If the guest doesn’t show up, they will be charged the total price of the reservation.  payment_on_Booking.com (Payout type: BankTransfer)  ** THIS RESERVATION HAS BEEN PRE-PAID ** BOOKING NOTE : Payment charge is GBP 11.7424  KM Expo sp z oo  Genius Booker ",,,,,"2026-09-16",,,,
Hotel Orlando by PLI,2025-12-20T16:36:56,554-118-031,AXF-056-982,6499672585,,Maisie,goater,"2026-09-26","2026-09-27",1,Double room-Standard-Private Bathroom,,Room 7 Mid-First Floor,,2,0,GBP,0.00,0.00,0.00,0.00,Online,Booking.com,Booking.com,On Account,Canceled,,mgoate.509665@guest.booking.com,+44 7774 854683,,"Non-Smoking  Promos: Mobile(MDot) Rate  There is no meal option with this room. Children and Extra Bed Policy: Children of any age are allowed. You haven't added any cots. You haven't added any extra beds. The maximum number of guests is 2.  Deposit Policy: The guest will be charged a prepayment of the total price of the reservation at any time.  Cancellation Policy: The guest can cancel free of charge until 7 days before arrival. The guest will be charged the total price of the reservation if they cancel in the 7 days before arrival.  payment_on_Booking.com (Payout type: BankTransfer)  ** THIS RESERVATION HAS BEEN PRE-PAID ** Approximate time of arrival: between 11:00 and 12:00 Can I have an early check in time, like 12pm BOOKING NOTE : Payment charge is GBP 1.7072 ",,,,,"2025-12-20",,,,
Hotel Orlando by PLI,2026-02-09T17:45:40,634-048-384,GMC-613-238,5621318643,,daniele,buzzelli,"2026-09-26","2026-09-29",3,Double room-Standard-Private Bathroom,,Room 11 2nd Floor,,2,0,GBP,0.00,0.00,0.00,0.00,Online,Booking.com,Booking.com,On Account,Canceled,,dbuzze.571063@guest.booking.com,+39 328 159 7934,,"Non-Smoking  Promos: Mobile(App) Rate  There is no meal option with this room. Children and Extra Bed Policy: Children of any age are allowed. You haven't added any cots. You haven't added any extra beds. The maximum number of guests is 2.  Deposit Policy: The guest will be charged a prepayment of the total price of the reservation at any time.  Cancellation Policy: The guest can cancel free of charge until 7 days before arrival. The guest will be charged the total price of the reservation if they cancel in the 7 days before arrival.  payment_on_Booking.com (Payout type: BankTransfer)  ** THIS RESERVATION HAS BEEN PRE-PAID ** BOOKING NOTE : Payment charge is GBP 3.7744  Genius Booker ",,,,,"2026-02-09",,,,
Hotel Orlando by PLI,2025-08-14T10:09:13,663-505-161,KXX-204-948,5852949807,,Mateusz,Greiner,"2026-09-26","2026-09-27",1,Quad room-Standard-Private Bathroom,,Room 3 BF,,3,1,GBP,0.00,0.00,0.00,0.00,Online,Booking.com,Booking.com,On Account,Canceled,,mgrein.778460@guest.booking.com,+48 500 758 104,,"Child Ages: 3  Non-Smoking  Promos: European Economic Area  There is no meal option with this room. Children and Extra Bed Policy: Children of any age are allowed. You haven't added any cots. You haven't added any extra beds. The maximum number of guests is 4.  Deposit Policy: The guest will be charged a prepayment of the total price of the reservation at any time.  Cancellation Policy: The guest can cancel free of charge until 7 days before arrival. The guest will be charged the total price of the reservation if they cancel in the 7 days before arrival.  payment_on_Booking.com (Payout type: BankTransfer)  ** THIS RESERVATION HAS BEEN PRE-PAID ** Approximate time of arrival: between 15:00 and 16:00 BOOKING NOTE : Payment charge is GBP 1.152  Genius Booker ",,,,,"2025-08-14",,,,
Hotel Orlando by PLI,2026-06-29T05:59:46,686-524-584,XET-583-109,2496341398,,Guncha,Shirliyeva,"2026-09-26","2026-10-03",7,Single room-Standard-Ensuite,,Room 15 3rd Floor,,1,0,GBP,0.00,0.00,0.00,0.00,Online,Expedia,Expedia & Affiliate Network,Pay On Arrival,Canceled,,gunchashirliyeva@gmail.com,11111111111,,"Bed Option: 37336 1 tek Kişilik Yatak 1 Twin Bed Hotel collects payment from the traveler: Advance purchase - charge now ",,,,,"2026-06-29",,,,
Hotel Orlando by PLI,2026-08-10T22:57:45,696-259-594,KAS-059-410,2531517716,,manaal,tariq,"2026-09-26","2026-10-01",5,Quad room-Standard-Ensuite,,S Room 26 1st F - W/Fridge,,4,0,GBP,0.00,0.00,0.00,0.00,Online,Expedia Affiliate Network,Expedia & Affiliate Network,On Account,Canceled,,cs@xiwantrip.com,1111111111111,,"1 Queen Sofa Bed and 1 Double Bed Expedia collects payment from traveler: Hotel invoices Expedia. ",,,,,"2026-08-10",,,,
Hotel Orlando by PLI,2026-03-20T22:19:29,816-614-292,DQB-302-882,5669626302,,DANIEL,SEDANO,"2026-09-26","2026-09-27",1,Triple room-Standard-Ensuite,Non Refundable,S Room 33 3rd F - W/Fridge,,3,0,GBP,117.20,117.20,97.20,20.00,Online,Booking.com,Booking.com,On Account,Confirmed,,dsedan.157475@guest.booking.com,+34 692 91 57 55,,"Non-Smoking  Promos: European Economic Area  There is no meal option with this room. Children and Extra Bed Policy: Children of any age are allowed. You haven't added any cots. You haven't added any extra beds. The maximum number of guests is 3.  Deposit Policy: The guest will be charged a prepayment of the total price of the reservation in the 5 days before arrival.  Cancellation Policy: The guest can cancel free of charge until 5 days before arrival. The guest will be charged the total price of the reservation if they cancel in the 5 days before arrival. If the guest doesn’t show up, they will be charged the total price of the reservation.  payment_on_Booking.com (Payout type: BankTransfer)  ** THIS RESERVATION HAS BEEN PRE-PAID ** Approximate time of arrival: between 17:00 and 18:00 BOOKING NOTE : Payment charge is GBP 1.8752  Genius Booker ",,,,,"2026-03-20",,,,
Hotel Orlando by PLI,2025-12-18T17:00:06,818-145-234,GOC-784-829,6942866038,,Williams,Eloise,"2026-09-26","2026-09-28",2,Triple room-Standard-Ensuite,Non Refundable,S Room 34 3rd F,,2,0,GBP,186.25,186.25,166.25,20.00,Online,Booking.com,Booking.com,On Account,Confirmed,,welois.461134@guest.booking.com,+44 7895 828222,,"Non-Smoking  Promos: Domestic  There is no meal option with this room. Children and Extra Bed Policy: Children of any age are allowed. You haven't added any cots. You haven't added any extra beds. The maximum number of guests is 3.  Deposit Policy: The guest will be charged a prepayment of the total price of the reservation at any time.  Cancellation Policy: The guest can cancel free of charge until 7 days before arrival. The guest will be charged the total price of the reservation if they cancel in the 7 days before arrival.  payment_on_Booking.com (Payout type: BankTransfer)  ** THIS RESERVATION HAS BEEN PRE-PAID ** BOOKING NOTE : Payment charge is GBP 2.98  Genius Booker ",,,,,"2025-12-18",,,,
Hotel Orlando by PLI,2026-09-16T15:41:47,868-011-282,NUN-345-583,6612314137,,Marcin,Nowak,"2026-09-26","2026-10-01",5,Triple room-Standard-Private Bathroom,Non Refundable,Room 13 2nd Floor,,2,0,GBP,451.20,See 546-428-114,331.20,120.00,Online,Booking.com,Booking.com,On Account,Confirmed,,sobiechkrzysztof1990@gmail.com,+48602476578,,"Group: 4 x Adult, 0 x Child  Non-Smoking  Promos: European Economic Area  There is no meal option with this room. Children and Extra Bed Policy: Children of any age are allowed. You haven't added any cots. You haven't added any extra beds. The maximum number of guests is 3.  Deposit Policy: The guest will be charged a prepayment of the total price of the reservation at any time.  Cancellation Policy: The guest will be charged the total price of the reservation if they cancel at any time.  payment_on_Booking.com (Payout type: BankTransfer)  ** THIS RESERVATION HAS BEEN PRE-PAID ** BOOKING NOTE : Payment charge is GBP 11.7424  KM Expo sp z oo  Genius Booker ",,,,,"2026-09-16",,,,
Hotel Orlando by PLI,2026-08-04T21:31:49,943-553-061,MIK-993-206,2526669160,,Michael,Stocker,"2026-09-26","2026-09-27",1,Family room-Standard-Ensuite,Non Refundable,Room 3 BF W/Microwave,,2,3,GBP,221.70,121.70,101.70,120.00,Online,Expedia,Expedia & Affiliate Network,On Account,Confirmed,,michaelstocker02@hotmail.co.uk,111111111111,,"ID sent  Expedia collects payment from traveler: Hotel invoices Expedia. ",,,,,"2026-08-04",,,,
Hotel Orlando by PLI,2026-09-13T22:43:26,949-612-311,VWV-084-641,5296973757,,Coralie,Grassin,"2026-09-26","2026-09-27",1,Double room-Standard-Private Bathroom,,Room 7 Mid-First Floor,,1,0,GBP,0.00,0.00,0.00,0.00,Online,Booking.com,Booking.com,On Account,Canceled,,cgrass.865404@guest.booking.com,+44 7595 467223,,"Non-Smoking  Promos: Domestic  There is no meal option with this room. Children and Extra Bed Policy: Children of any age are allowed. You haven't added any cots. You haven't added any extra beds. The maximum number of guests is 2.  Deposit Policy: The guest will be charged a prepayment of the total price of the reservation at any time.  Cancellation Policy: The guest can cancel free of charge until 2 days before arrival. The guest will be charged the total price of the reservation if they cancel in the 2 days before arrival.  payment_on_Booking.com (Payout type: BankTransfer)  ** THIS RESERVATION HAS BEEN PRE-PAID ** BOOKING NOTE : Payment charge is GBP 1.7888  Genius Booker ",,,,,"2026-09-13",,,,
Hotel Orlando by PLI,2026-09-16T20:47:52,951-130-124,VAJ-086-048,5005268283,,Oluseun,Abraham,"2026-09-26","2026-09-27",1,Double room-Standard-Private Bathroom,Non Refundable,Room 11 2nd Floor,,2,0,GBP,199.20,99.20,79.20,120.00,Online,Booking.com,Booking.com,On Account,Confirmed,,oabrah.516697@guest.booking.com,+44 7954 017876,,"Non-Smoking  Promos: Domestic  There is no meal option with this room. Children and Extra Bed Policy: Children of any age are allowed. You haven't added any cots. You haven't added any extra beds. The maximum number of guests is 2.  Deposit Policy: The guest will be charged a prepayment of the total price of the reservation at any time.  Cancellation Policy: The guest will be charged the total price of the reservation if they cancel at any time.  payment_on_Booking.com (Payout type: BankTransfer)  ** THIS RESERVATION HAS BEEN PRE-PAID ** BOOKING NOTE : Payment charge is GBP 1.5872  Genius Booker ",,,,,"2026-09-16",,,,
Hotel Orlando by PLI,2026-03-12T20:31:09,054-890-501,YRA-412-760,6115629196,,Kristopher,Dueck,"2026-09-27","2026-10-01",4,Family room-Standard-Ensuite,Non Refundable,Room 3 BF W/Microwave,,2,3,GBP,351.50,351.50,331.50,20.00,Online,Booking.com,Booking.com,On Account,Confirmed,,kdueck.833013@guest.booking.com,+1 306 551 6173,,"Child Ages: 12, 6, 9  Non-Smoking  Promos: Mobile(MDot) Rate  There is no meal option with this room. Children and Extra Bed Policy: Children of any age are allowed. You haven't added any cots. You haven't added any extra beds. The maximum number of guests is 5.  Deposit Policy: The guest will be charged a prepayment of the total price of the reservation in the 5 days before arrival.  Cancellation Policy: The guest can cancel free of charge until 5 days before arrival. The guest will be charged the total price of the reservation if they cancel in the 5 days before arrival. If the guest doesn’t show up, they will be charged the total price of the reservation.  payment_on_Booking.com (Payout type: BankTransfer)  ** THIS RESERVATION HAS BEEN PRE-PAID ** BOOKING NOTE : Payment charge is GBP 5.624 Approximate time of arrival: between 21:00 and 22:00 I am interested in booking the same room the night prior but due to my work only paying for 4 nights, I will try to book this on a separate booking.  Luther College Highschool  Genius Booker ",,,,,"2026-03-12",,,,
Hotel Orlando by PLI,2026-08-13T11:55:47,089-391-991,HDR-693-516,5079844566,,Denys,Rudenko,"2026-09-27","2026-10-01",4,Double room-Standard-Private Bathroom,,Room 7 Mid-First Floor,,1,0,GBP,0.00,0.00,0.00,0.00,Online,Booking.com,Booking.com,On Account,Canceled,,druden.239598@guest.booking.com,+380 95 770 8559,,"Non-Smoking  Promos: European Economic Area  There is no meal option with this room. Children and Extra Bed Policy: Children of any age are allowed. You haven't added any cots. You haven't added any extra beds. The maximum number of guests is 2.  Deposit Policy: The guest will be charged a prepayment of the total price of the reservation at any time.  Cancellation Policy: The guest can cancel free of charge until 7 days before arrival. The guest will be charged the total price of the reservation if they cancel in the 7 days before arrival. If the guest doesn’t show up, they will be charged the total price of the reservation.  payment_on_Booking.com (Payout type: BankTransfer)  ** THIS RESERVATION HAS BEEN PRE-PAID ** BOOKING NOTE : Payment charge is GBP 4.6688 Approximate time of arrival: between 16:00 and 17:00  Genius Booker ",,,,,"2026-08-13",,,,
Hotel Orlando by PLI,2025-09-14T11:36:00,413-242-031,XRD-030-459,6424792614,,Eva,Szopová,"2026-09-27","2026-10-01",4,Triple room-Standard-Private Bathroom,,Room 13 2nd Floor,,1,2,GBP,0.00,0.00,0.00,0.00,Online,Booking.com,Booking.com,On Account,Canceled,,eszopo.257013@guest.booking.com,+420 604 541 423,,"Child Ages: 11, 12  Non-Smoking  Promos: European Economic Area  There is no meal option with this room. Children and Extra Bed Policy: Children of any age are allowed. You haven't added any cots. You haven't added any extra beds. The maximum number of guests is 3.  Deposit Policy: The guest will be charged a prepayment of the total price of the reservation at any time.  Cancellation Policy: The guest can cancel free of charge until 7 days before arrival. The guest will be charged the total price of the reservation if they cancel in the 7 days before arrival.  payment_on_Booking.com (Payout type: BankTransfer)  ** THIS RESERVATION HAS BEEN PRE-PAID ** Approximate time of arrival: between 01:00 and 02:00 the next day BOOKING NOTE : Payment charge is GBP 3.28  Genius Booker ",,,,,"2025-09-14",,,,
Hotel Orlando by PLI,2026-08-08T16:33:10,454-126-862,CXJ-809-815,6031770933,,Andrey,Feofilaktov,"2026-09-27","2026-10-02",5,Twin room-Standard-Private Bathroom,Non Refundable,Room 16 3rd Floor,,2,0,GBP,468.00,368.00,348.00,120.00,Online,Booking.com,Booking.com,On Account,Confirmed,,afeofi.936011@guest.booking.com,+49 1522 1780743,,"Non-Smoking  There is no meal option with this room. Children and Extra Bed Policy: Children of any age are allowed. You haven't added any cots. You haven't added any extra beds. The maximum number of guests is 2.  Deposit Policy: The guest will be charged a prepayment of the total price of the reservation at any time.  Cancellation Policy: The guest will be charged the total price of the reservation if they cancel at any time.  payment_on_Booking.com (Payout type: BankTransfer)  ** THIS RESERVATION HAS BEEN PRE-PAID ** BOOKING NOTE : Payment charge is GBP 5.888 Approximate time of arrival: between 12:00 and 13:00  Genius Booker ",,,,,"2026-08-08",,,,
Hotel Orlando by PLI,2026-08-28T15:36:40,459-912-222,TYJ-495-572,5683767025,,Dania,khan,"2026-09-27","2026-10-02",5,Double room-Ensuite,Non Refundable,S Room 18 BF,,1,0,GBP,464.70,364.70,344.70,120.00,Online,Booking.com,Booking.com,On Account,Confirmed,,dkhan.406010@guest.booking.com,+44 7777 613555,,"Non-Smoking  Promos: Domestic  There is no meal option with this room. Children and Extra Bed Policy: Children of any age are allowed. You haven't added any cots. You haven't added any extra beds. The maximum number of guests is 2.  Deposit Policy: The guest will be charged a prepayment of the total price of the reservation at any time.  Cancellation Policy: The guest can cancel free of charge until 7 days before arrival. The guest will be charged the total price of the reservation if they cancel in the 7 days before arrival. If the guest doesn’t show up, they will be charged the total price of the reservation.  payment_on_Booking.com (Payout type: BankTransfer)  ** THIS RESERVATION HAS BEEN PRE-PAID ** BOOKING NOTE : Payment charge is GBP 5.8352  Genius Booker ",,,,,"2026-08-28",,,,
Hotel Orlando by PLI,2026-07-09T12:59:10,514-096-324,YJF-370-570,6410675676,,Tariq,Muneeb,"2026-09-27","2026-10-06",9,Triple room-Standard-Ensuite,,S Room 33 3rd F - W/Microwave &Fridge,,3,0,GBP,0.00,0.00,0.00,0.00,Online,Booking.com,Booking.com,On Account,Canceled,,tmunee.179021@guest.booking.com,+92 344 5237433,,"Non-Smoking  Promos: Mobile(App) Rate  There is no meal option with this room. Children and Extra Bed Policy: Children of any age are allowed. You haven't added any cots. You haven't added any extra beds. The maximum number of guests is 3.  Deposit Policy: The guest will be charged a prepayment of the total price of the reservation at any time.  Cancellation Policy: The guest can cancel free of charge until 7 days before arrival. The guest will be charged the total price of the reservation if they cancel in the 7 days before arrival. If the guest doesn’t show up, they will be charged the total price of the reservation.  payment_on_Booking.com (Payout type: BankTransfer)  ** THIS RESERVATION HAS BEEN PRE-PAID ** BOOKING NOTE : Payment charge is GBP 11.2784  Genius Booker ",,,,,"2026-07-09",,,,
Hotel Orlando by PLI,2026-09-16T08:16:55,641-803-014,ECE-338-512,6865987036,,Luigi,Bidello,"2026-09-27","2026-10-01",4,Quad room-Standard-Ensuite,Non Refundable,S Room 22 GF -2Ds W/Microwave &Fridge,,3,1,GBP,385.50,285.50,265.50,120.00,Online,Booking.com,Booking.com,On Account,Confirmed,,lbidel.857784@guest.booking.com,+39 388 798 0176,,"Child Ages: 15  Non-Smoking  Promos: European Economic Area  There is no meal option with this room. Children and Extra Bed Policy: Children of any age are allowed. You haven't added any cots. You haven't added any extra beds. The maximum number of guests is 4.  Deposit Policy: The guest will be charged a prepayment of the total price of the reservation at any time.  Cancellation Policy: The guest can cancel free of charge until 7 days before arrival. The guest will be charged the total price of the reservation if they cancel in the 7 days before arrival. If the guest doesn’t show up, they will be charged the total price of the reservation.  payment_on_Booking.com (Payout type: BankTransfer)  ** THIS RESERVATION HAS BEEN PRE-PAID ** BOOKING NOTE : Payment charge is GBP 4.568  Genius Booker ",,,,,"2026-09-16",,,,
Hotel Orlando by PLI,2026-09-07T07:16:17,839-843-441,ALC-725-422,2552824770,,AMAN,AGARWAL,"2026-09-27","2026-10-02",5,Double room-Ensuite,,S Room 35 3rd F,,2,0,GBP,0.00,0.00,0.00,0.00,Online,Expedia,Expedia & Affiliate Network,Pay On Arrival,Canceled,,visa.pragati@gmail.com,111111111111,,"Hotel collects payment from the traveler ",,,,,"2026-09-07",,,,
Hotel Orlando by PLI,2026-08-23T19:16:13,938-869-931,BDO-248-688,6491097881,,Mohammed,Bashir Terab,"2026-09-27","2026-09-29",2,Double room-Standard-Private Bathroom,,Room 10 1st Floor,,2,0,GBP,0.00,0.00,0.00,0.00,Online,Booking.com,Booking.com,On Account,Canceled,,mterab.263471@guest.booking.com,+234 803 789 7068,,"Non-Smoking  There is no meal option with this room. Children and Extra Bed Policy: Children of any age are allowed. You haven't added any cots. You haven't added any extra beds. The maximum number of guests is 2.  Deposit Policy: The guest will be charged a prepayment of the total price of the reservation at any time.  Cancellation Policy: The guest can cancel free of charge until 7 days before arrival. The guest will be charged the total price of the reservation if they cancel in the 7 days before arrival. If the guest doesn’t show up, they will be charged the total price of the reservation.  payment_on_Booking.com (Payout type: BankTransfer)  ** THIS RESERVATION HAS BEEN PRE-PAID ** BOOKING NOTE : Payment charge is GBP 2.784 Approximate time of arrival: between 14:00 and 15:00  Genius Booker ",,,,,"2026-08-23",,,,
Hotel Orlando by PLI,2026-02-04T13:08:52,161-550-441,NJH-396-531,1418fb94e984-74ac55bb4938b653cb07872352a14893@airbnb.com,,Nurul’s,iCal,"2026-09-28","2026-10-01",3,Studio-Basic-Ensuite,,Flat 24  ( GF Sino ),,1,0,GBP,0.00,214.06,0.00,0.00,iCal,ical1,,Deposit (Variable),Canceled,,,+6591667470,,"Reservation URL: https://www.airbnb.com/hosting/reservations/details/HMB33QXBC3 Nurul’s group of 3 Sep 28 – Oct 1 · 3 nights Flat 24 GF Sino · Flat near Westfield & Hammersmith",,,,,"2026-02-04",,,,
Hotel Orlando by PLI,2026-08-04T23:36:16,365-446-262,BOA-317-285,6343789833,,Ismhael,Menor,"2026-09-28","2026-10-02",4,Family Studio SR,,Flat 20 ( Basement sino ),,2,3,GBP,0.00,0.00,0.00,0.00,Online,Booking.com,Booking.com,On Account,Canceled,,imenor.568052@guest.booking.com,+47 40 84 63 04,,"Child Ages: 11, 14, 6  Non-Smoking  Promos: European Economic Area  There is no meal option with this room. Children and Extra Bed Policy: Children of any age are allowed. You haven't added any extra beds. The maximum number of cots is 1. The maximum number of guests is 6.  Deposit Policy: The guest will be charged a prepayment of the total price of the reservation at any time.  Cancellation Policy: The guest can cancel free of charge until 7 days before arrival. The guest will be charged the total price of the reservation if they cancel in the 7 days before arrival. If the guest doesn’t show up, they will be charged the total price of the reservation.  payment_on_Booking.com (Payout type: BankTransfer)  ** THIS RESERVATION HAS BEEN PRE-PAID ** Approximate time of arrival: between 14:00 and 15:00 BOOKING NOTE : Payment charge is GBP 5.5616  Genius Booker ",,,,,"2026-08-04",,,,
Hotel Orlando by PLI,2026-09-04T09:08:45,684-226-001,PNN-594-095,6626516989,,Mariam,Kassem,"2026-09-28","2026-10-02",4,Double room-Ensuite,Non Refundable,S Room 29 Mid 2nd F,,2,0,GBP,372.90,272.90,252.90,120.00,Online,Booking.com,Booking.com,On Account,Confirmed,,mariam.kassem@outlook.de,+4915758083837,,"Non-Smoking  Promos: European Economic Area  There is no meal option with this room. Children and Extra Bed Policy: Children of any age are allowed. You haven't added any cots. You haven't added any extra beds. The maximum number of guests is 2.  Deposit Policy: The guest will be charged a prepayment of the total price of the reservation at any time.  Cancellation Policy: The guest can cancel free of charge until 7 days before arrival. The guest will be charged the total price of the reservation if they cancel in the 7 days before arrival. If the guest doesn’t show up, they will be charged the total price of the reservation.  payment_on_Booking.com (Payout type: BankTransfer)  ** THIS RESERVATION HAS BEEN PRE-PAID ** BOOKING NOTE : Payment charge is GBP 4.3664  Genius Booker ",,,,,"2026-09-04",,,,
Hotel Orlando by PLI,2026-09-08T13:36:45,689-832-062,GXI-139-783,5732832457,,COLLINS,KINGSTON EZENYI,"2026-09-28","2026-10-01",3,Single room-Standard-Ensuite,Non Refundable,S Room 32 2nd F,,1,0,GBP,303.00,203.00,183.00,120.00,Online,Booking.com,Booking.com,On Account,Confirmed,,cezeny.927028@guest.booking.com,+672 8033313664,,"Non-Smoking  There is no meal option with this room. Children and Extra Bed Policy: Children of any age are allowed. You haven't added any cots. You haven't added any extra beds. The maximum number of guests is 1.  Deposit Policy: The guest will be charged a prepayment of the total price of the reservation at any time.  Cancellation Policy: The guest can cancel free of charge until 7 days before arrival. The guest will be charged the total price of the reservation if they cancel in the 7 days before arrival. If the guest doesn’t show up, they will be charged the total price of the reservation.  payment_on_Booking.com (Payout type: BankTransfer)  ** THIS RESERVATION HAS BEEN PRE-PAID ** BOOKING NOTE : Payment charge is GBP 3.248  Genius Booker ",,,,,"2026-09-08",,,,
Hotel Orlando by PLI,2026-08-28T18:20:32,942-448-992,UKF-982-441,2545405068,,imran,anwar,"2026-09-28","2026-10-01",3,Double room-Standard-Private Bathroom,Non Refundable,Room 7 Mid-First Floor,,2,0,GBP,348.00,0.00,228.00,120.00,Online,Expedia,Expedia & Affiliate Network,Pay On Arrival,Confirmed,,eng.imrananwar@gmail.com,111111111111,,"Bed Option: 37310 1 Queen Bed 1 Queen Bed Hotel collects payment from the traveler: Non-refundable - charge now ",,,,,"2026-08-28",,,,
Hotel Orlando by PLI,2026-09-11T18:38:35,242-682-322,WWJ-330-953,6320014144,,Tesfalem,Habtemichael,"2026-09-29","2026-10-06",7,Double room-Ensuite,,S Room 17 BF,,1,1,GBP,0.00,0.00,0.00,0.00,Online,Booking.com,Booking.com,On Account,Canceled,,thabte.365257@guest.booking.com,+47 46 53 43 56,,"Child Ages: 12  Non-Smoking  Promos: European Economic Area  There is no meal option with this room. Children and Extra Bed Policy: Children of any age are allowed. You haven't added any cots. You haven't added any extra beds. The maximum number of guests is 2.  Deposit Policy: The guest will be charged a prepayment of the total price of the reservation at any time.  Cancellation Policy: The guest can cancel free of charge until 7 days before arrival. The guest will be charged the total price of the reservation if they cancel in the 7 days before arrival. If the guest doesn’t show up, they will be charged the total price of the reservation.  payment_on_Booking.com (Payout type: BankTransfer)  ** THIS RESERVATION HAS BEEN PRE-PAID ** BOOKING NOTE : Payment charge is GBP 8.312 ",,,,,"2026-09-11",,,,
Hotel Orlando by PLI,2026-08-19T22:19:52,324-908-601,UJK-167-861,6709220862,,Ainara,Torres Tellez,"2026-09-29","2026-10-03",4,Triple room-Standard-Private Bathroom,Base Rate,Room 8 1st Floor,,3,0,GBP,427.80,327.80,307.80,120.00,Online,Booking.com,Booking.com,On Account,Confirmed,,atelle.806379@guest.booking.com,+34 690 24 50 90,,"Non-Smoking  Promos: European Economic Area  There is no meal option with this room. Children and Extra Bed Policy: Children of any age are allowed. You haven't added any cots. You haven't added any extra beds. The maximum number of guests is 3.  Deposit Policy: The guest will be charged a prepayment of the total price of the reservation at any time.  Cancellation Policy: The guest can cancel free of charge until 7 days before arrival. The guest will be charged the total price of the reservation if they cancel in the 7 days before arrival. If the guest doesn’t show up, they will be charged the total price of the reservation.  payment_on_Booking.com (Payout type: BankTransfer)  ** THIS RESERVATION HAS BEEN PRE-PAID ** BOOKING NOTE : Payment charge is GBP 5.2448 Approximate time of arrival: between 12:00 and 13:00 ",,,,,"2026-08-19",,,,
Hotel Orlando by PLI,2026-09-14T16:35:28,345-682-804,ZPR-047-525,5576286599,,Bernadette,Turner,"2026-09-29","2026-10-02",3,Triple room-Standard-Private Bathroom,Non Refundable,Room 12 2nd Floor,,2,1,GBP,342.30,242.30,222.30,120.00,Online,Booking.com,Booking.com,On Account,Confirmed,,bturne.960337@guest.booking.com,+44 7361 248265,,"Child Ages: 12  Non-Smoking  Promos: Domestic  There is no meal option with this room. Children and Extra Bed Policy: Children of any age are allowed. You haven't added any cots. You haven't added any extra beds. The maximum number of guests is 3.  Deposit Policy: The guest will be charged a prepayment of the total price of the reservation at any time.  Cancellation Policy: The guest will be charged the total price of the reservation if they cancel at any time.  payment_on_Booking.com (Payout type: BankTransfer)  ** THIS RESERVATION HAS BEEN PRE-PAID ** BOOKING NOTE : Payment charge is GBP 3.8768 ",,,,,"2026-09-14",,,,
Hotel Orlando by PLI,2026-07-26T17:50:22,424-052-351,WKU-428-981,5226319522,,Dániel,Barabás,"2026-09-29","2026-10-01",2,Family room-Standard-Ensuite,Non Refundable,S Room 19 BF,,5,0,GBP,278.40,178.40,158.40,120.00,Online,Booking.com,Booking.com,On Account,Confirmed,,dbarab.476948@guest.booking.com,+36 50 125 0355,,"Non-Smoking  Promos: European Economic Area  There is no meal option with this room. Children and Extra Bed Policy: Children of any age are allowed. You haven't added any cots. You haven't added any extra beds. The maximum number of guests is 5.  Deposit Policy: The guest will be charged a prepayment of the total price of the reservation at any time.  Cancellation Policy: The guest can cancel free of charge until 7 days before arrival. The guest will be charged the total price of the reservation if they cancel in the 7 days before arrival. If the guest doesn’t show up, they will be charged the total price of the reservation.  payment_on_Booking.com (Payout type: BankTransfer)  ** THIS RESERVATION HAS BEEN PRE-PAID ** BOOKING NOTE : Payment charge is GBP 2.8544  Genius Booker ",,,,,"2026-07-26",,,,
Hotel Orlando by PLI,2026-05-29T23:36:10,512-696-984,AHF-564-649,6238388854,,Sharon,Robertson,"2026-09-29","2026-10-01",2,Twin room-Standard-Private Bathroom,,Room 16 3rd Floor,,2,0,GBP,0.00,0.00,0.00,0.00,Online,Booking.com,Booking.com,On Account,Canceled,,srober.258387@guest.booking.com,+44 7480 301503,,"Non-Smoking  Promos: Domestic  There is no meal option with this room. Children and Extra Bed Policy: Children of any age are allowed. You haven't added any cots. You haven't added any extra beds. The maximum number of guests is 2.  Deposit Policy: The guest will be charged a prepayment of the total price of the reservation at any time.  Cancellation Policy: The guest can cancel free of charge until 7 days before arrival. The guest will be charged the total price of the reservation if they cancel in the 7 days before arrival. If the guest doesn’t show up, they will be charged the total price of the reservation.  payment_on_Booking.com (Payout type: BankTransfer)  ** THIS RESERVATION HAS BEEN PRE-PAID ** BOOKING NOTE : Payment charge is GBP 2.9408  Genius Booker ",,,,,"2026-05-29",,,,
Hotel Orlando by PLI,2025-08-29T18:25:11,538-412-621,LOG-114-073,6912659680,,Denis,Dragojević,"2026-09-29","2026-10-03",4,Twin room-Standard-Private Bathroom,,Room 16 3rd Floor,,1,0,GBP,0.00,0.00,0.00,0.00,Online,Booking.com,Booking.com,On Account,Canceled,,ddrago.342376@guest.booking.com,+385 91 798 5850,,"Non-Smoking  Promos: European Economic Area  There is no meal option with this room. Children and Extra Bed Policy: Children of any age are allowed. You haven't added any cots. You haven't added any extra beds. The maximum number of guests is 2.  Deposit Policy: The guest will be charged a prepayment of the total price of the reservation at any time.  Cancellation Policy: The guest can cancel free of charge until 7 days before arrival. The guest will be charged the total price of the reservation if they cancel in the 7 days before arrival.  payment_on_Booking.com (Payout type: BankTransfer)  ** THIS RESERVATION HAS BEEN PRE-PAID ** BOOKING NOTE : Payment charge is GBP 2.672  Genius Booker ",,,,,"2025-08-29",,,,
Hotel Orlando by PLI,2026-09-17T00:05:19,842-181-512,HDS-126-195,2560643673,,Daniel,Tellez,"2026-09-29","2026-09-30",1,Family Studio SR,Non Refundable,Flat 20 ( Basement sino ),,6,0,GBP,209.00,109.00,89.00,120.00,Online,Expedia,Expedia & Affiliate Network,On Account,Confirmed,,dr.tellezceballos@gmail.com,11111111111,,"Expedia collects payment from traveler: Hotel invoices Expedia. ",,,,,"2026-09-16",,,,
Hotel Orlando by PLI,2026-08-04T16:16:58,899-280-641,DBP-534-560,5016273438,,Navi,Sunderland,"2026-09-29","2026-10-02",3,Triple room-Standard-Ensuite,,S Room 34 3rd F,,3,0,GBP,0.00,0.00,0.00,0.00,Online,Booking.com,Booking.com,On Account,Canceled,,nsunde.455619@guest.booking.com,+44 7366 977579,,"Non-Smoking  Promos: Domestic  There is no meal option with this room. Children and Extra Bed Policy: Children of any age are allowed. You haven't added any cots. You haven't added any extra beds. The maximum number of guests is 3.  Deposit Policy: The guest will be charged a prepayment of the total price of the reservation at any time.  Cancellation Policy: The guest can cancel free of charge until 7 days before arrival. The guest will be charged the total price of the reservation if they cancel in the 7 days before arrival. If the guest doesn’t show up, they will be charged the total price of the reservation.  payment_on_Booking.com (Payout type: BankTransfer)  ** THIS RESERVATION HAS BEEN PRE-PAID ** BOOKING NOTE : Payment charge is GBP 3.6752 ",,,,,"2026-08-04",,,,
Hotel Orlando by PLI,2026-09-06T10:36:38,014-428-881,WVY-298-465,6970021692,,David,Phipps,"2026-09-30","2026-10-02",2,Double room-Standard-Private Bathroom,Non Refundable,Room 1 BF,,2,0,GBP,254.10,154.10,134.10,120.00,Online,Booking.com,Booking.com,On Account,Confirmed,,dphipp.865131@guest.booking.com,+44 7762 760965,,"Non-Smoking  Promos: Domestic  There is no meal option with this room. Children and Extra Bed Policy: Children of any age are allowed. You haven't added any cots. You haven't added any extra beds. The maximum number of guests is 2.  Deposit Policy: The guest will be charged a prepayment of the total price of the reservation at any time.  Cancellation Policy: The guest will be charged the total price of the reservation if they cancel at any time.  payment_on_Booking.com (Payout type: BankTransfer)  ** THIS RESERVATION HAS BEEN PRE-PAID ** BOOKING NOTE : Payment charge is GBP 2.4656  Genius Booker ",,,,,"2026-09-06",,,,
Hotel Orlando by PLI,2026-04-16T12:43:10,112-364-844,AIE-181-142,6385102849,,Manilyn,Regio,"2026-09-30","2026-10-03",3,Family Studio SR,,Flat 20 ( Basement sino ),,5,0,GBP,0.00,0.00,0.00,0.00,Online,Booking.com,Booking.com,On Account,Canceled,,mregio.471695@guest.booking.com,+34 603 36 79 22,,"Non-Smoking  Promos: European Economic Area  There is no meal option with this room. Children and Extra Bed Policy: Children of any age are allowed. You haven't added any cots. You haven't added any extra beds. The maximum number of guests is 5.  Deposit Policy: The guest will be charged a prepayment of the total price of the reservation at any time.  Cancellation Policy: The guest can cancel free of charge until 2 days before arrival. The guest will be charged the total price of the reservation if they cancel in the 2 days before arrival.  payment_on_Booking.com (Payout type: BankTransfer)  ** THIS RESERVATION HAS BEEN PRE-PAID ** BOOKING NOTE : Payment charge is GBP 5.2304  Genius Booker ",,,,,"2026-04-16",,,,
Hotel Orlando by PLI,2026-09-13T18:32:48,265-691-864,UZT-040-569,2557879613,,Zahra,Davies,"2026-09-30","2026-10-01",1,Single room-Standard-Ensuite,Non Refundable,Room 15 3rd Floor,,1,0,GBP,177.59,77.59,57.59,120.00,Online,Expedia,Expedia & Affiliate Network,On Account,Confirmed,,zahradavies@live.co.uk,111111111111,,"Expedia collects payment from traveler: Hotel invoices Expedia. ",,,,,"2026-09-13",,,,
Hotel Orlando by PLI,2026-09-07T16:24:25,405-505-321,DIS-829-972,5345572944,,Lucía,Ramos Cano,"2026-09-30","2026-10-04",4,Double room-Ensuite,Non Refundable,S Room 25 Mid 1st F,,2,0,GBP,427.80,327.80,307.80,120.00,Online,Booking.com,Booking.com,On Account,Confirmed,,lcano.936760@guest.booking.com,+34 634 49 99 57,,"Non-Smoking  Promos: European Economic Area  There is no meal option with this room. Children and Extra Bed Policy: Children of any age are allowed. You haven't added any cots. You haven't added any extra beds. The maximum number of guests is 2.  Deposit Policy: The guest will be charged a prepayment of the total price of the reservation at any time.  Cancellation Policy: The guest can cancel free of charge until 7 days before arrival. The guest will be charged the total price of the reservation if they cancel in the 7 days before arrival. If the guest doesn’t show up, they will be charged the total price of the reservation.  payment_on_Booking.com (Payout type: BankTransfer)  ** THIS RESERVATION HAS BEEN PRE-PAID ** BOOKING NOTE : Payment charge is GBP 5.2448  Genius Booker ",,,,,"2026-09-07",,,,
Hotel Orlando by PLI,2026-09-03T16:16:12,552-450-641,QZA-960-973,2550102426,,Cameron,Patterson,"2026-09-30","2026-10-04",4,Double room-Ensuite,Non Refundable,S Room 28 1st F,,1,0,GBP,457.00,357.00,337.00,120.00,Online,Expedia Affiliate Network,Expedia & Affiliate Network,On Account,Confirmed,,voucher@didatravel.com,1111111111111,,"1 Double Bed Expedia collects payment from traveler: Hotel invoices Expedia. ",,,,,"2026-09-03",,,,
Hotel Orlando by PLI,2026-09-02T17:06:01,824-534-182,UTT-942-169,2549259814,,Cameron,Patterson,"2026-09-30","2026-10-04",4,Double room-Ensuite,,S Room 29 Mid 2nd F,,1,0,GBP,0.00,0.00,0.00,0.00,Online,Expedia Affiliate Network,Expedia & Affiliate Network,On Account,Canceled,,voucher@didatravel.com,1111111111111,,"1 Double Bed Expedia collects payment from traveler: Hotel invoices Expedia. ",,,,,"2026-09-02",,,,
Hotel Orlando by PLI,2026-08-13T23:50:57,868-809-384,WLB-352-649,6318146134,,Ilaria,bassetti,"2026-09-30","2026-10-03",3,Triple room-Standard-Private Bathroom,,Room 12 2nd Floor,,2,1,GBP,0.00,0.00,0.00,0.00,Online,Booking.com,Booking.com,On Account,Canceled,,ibasse.180103@guest.booking.com,+39 347 046 5402,,"Child Ages: 8  Non-Smoking  Promos: European Economic Area  There is no meal option with this room. Children and Extra Bed Policy: Children of any age are allowed. You haven't added any cots. You haven't added any extra beds. The maximum number of guests is 3.  Deposit Policy: The guest will be charged a prepayment of the total price of the reservation at any time.  Cancellation Policy: The guest can cancel free of charge until 7 days before arrival. The guest will be charged the total price of the reservation if they cancel in the 7 days before arrival. If the guest doesn’t show up, they will be charged the total price of the reservation.  payment_on_Booking.com (Payout type: BankTransfer)  ** THIS RESERVATION HAS BEEN PRE-PAID ** BOOKING NOTE : Payment charge is GBP 4.1504  Genius Booker ",,,,,"2026-08-13",,,,
Hotel Orlando by PLI,2026-07-27T01:05:28,014-680-192,GDK-873-354,5266589948,,Mariam,Addi,"2026-10-01","2026-10-02",1,Family room-Standard-Ensuite,,S Room 19 BF,,3,2,GBP,0.00,0.00,0.00,0.00,Online,Booking.com,Booking.com,On Account,Canceled,,maddi.309988@guest.booking.com,+34 614 48 95 21,,"Child Ages: 17, 17  Non-Smoking  Promos: European Economic Area  There is no meal option with this room. Children and Extra Bed Policy: Children of any age are allowed. You haven't added any cots. You haven't added any extra beds. The maximum number of guests is 5.  Deposit Policy: The guest will be charged a prepayment of the total price of the reservation at any time.  Cancellation Policy: The guest can cancel free of charge until 7 days before arrival. The guest will be charged the total price of the reservation if they cancel in the 7 days before arrival. If the guest doesn’t show up, they will be charged the total price of the reservation.  payment_on_Booking.com (Payout type: BankTransfer)  ** THIS RESERVATION HAS BEEN PRE-PAID ** BOOKING NOTE : Payment charge is GBP 1.6304  Genius Booker ",,,,,"2026-07-27",,,,
Hotel Orlando by PLI,2026-09-08T20:56:34,086-264-281,OPR-857-594,2554168668,,Eleonora,Sciarrotta,"2026-10-01","2026-10-04",3,Quad Studio-Standard-Ensuite,Non Refundable,Flat 2 ( Basement Orlando ),,4,0,GBP,480.00,380.00,360.00,120.00,Online,Expedia,Expedia & Affiliate Network,On Account,Confirmed,,christine.huber@fganet.ch,1111111111,,"1 Queen Sofa Bed and 1 Queen Bed Expedia collects payment from traveler: Hotel invoices Expedia. ",,,,,"2026-09-08",,,,
Hotel Orlando by PLI,2026-06-10T10:33:49,184-358-441,FXF-252-666,6044768113,,Asha,Satheeslingam,"2026-10-01","2026-10-04",3,Quad room-Standard-Ensuite,,S Room 21 GF - SofaBed,,4,0,GBP,0.00,0.00,0.00,0.00,Online,Booking.com,Booking.com,On Account,Canceled,,asathe.421178@guest.booking.com,+41 76 430 14 81,,"Non-Smoking  There is no meal option with this room. Children and Extra Bed Policy: Children of any age are allowed. You haven't added any cots. You haven't added any extra beds. The maximum number of guests is 4.  Deposit Policy: The guest will be charged a prepayment of the total price of the reservation at any time.  Cancellation Policy: The guest can cancel free of charge until 7 days before arrival. The guest will be charged the total price of the reservation if they cancel in the 7 days before arrival. If the guest doesn’t show up, they will be charged the total price of the reservation.  payment_on_Booking.com (Payout type: BankTransfer)  ** THIS RESERVATION HAS BEEN PRE-PAID ** BOOKING NOTE : Payment charge is GBP 5.504 Approximate time of arrival: between 23:00 and 00:00  Genius Booker ",,,,,"2026-06-10",,,,
Hotel Orlando by PLI,2026-08-05T18:18:26,230-244-632,TMT-357-119,5668899643,,ALI,SALEM CHEIKHI,"2026-10-01","2026-10-07",6,Single room-Standard-Ensuite,Non Refundable,Room 15 3rd Floor,,1,0,GBP,529.00,429.00,409.00,120.00,Online,Booking.com,Booking.com,On Account,Confirmed,,acheik.175459@guest.booking.com,+212 662 236625,,"Non-Smoking  There is no meal option with this room. Children and Extra Bed Policy: Children of any age are allowed. You haven't added any cots. You haven't added any extra beds. The maximum number of guests is 1.  Deposit Policy: The guest will be charged a prepayment of the total price of the reservation at any time.  Cancellation Policy: The guest can cancel free of charge until 7 days before arrival. The guest will be charged the total price of the reservation if they cancel in the 7 days before arrival. If the guest doesn’t show up, they will be charged the total price of the reservation.  payment_on_Booking.com (Payout type: BankTransfer)  ** THIS RESERVATION HAS BEEN PRE-PAID ** BOOKING NOTE : Payment charge is GBP 6.864  Genius Booker ",,,,,"2026-08-05",,,,
Hotel Orlando by PLI,2026-02-20T02:36:14,245-336-834,YPC-932-551,5918635820,,Łopaciuk,Ewa,"2026-10-01","2026-10-05",4,Double room-Ensuite,,S Room 29 Mid 2nd F,,2,0,GBP,0.00,0.00,0.00,0.00,Online,Booking.com,Booking.com,On Account,Canceled,,lewa.987589@guest.booking.com,+48 690 559 757,,"Non-Smoking  Promos: Mobile(App) Rate  There is no meal option with this room. Children and Extra Bed Policy: Children of any age are allowed. You haven't added any cots. You haven't added any extra beds. The maximum number of guests is 2.  Deposit Policy: The guest will be charged a prepayment of the total price of the reservation in the 5 days before arrival.  Cancellation Policy: The guest can cancel free of charge until 5 days before arrival. The guest will be charged the total price of the reservation if they cancel in the 5 days before arrival. If the guest doesn’t show up, they will be charged the total price of the reservation.  payment_on_Booking.com (Payout type: BankTransfer)  ** THIS RESERVATION HAS BEEN PRE-PAID ** BOOKING NOTE : Payment charge is GBP 4.536  Genius Booker ",,,,,"2026-02-20",,,,
Hotel Orlando by PLI,2025-09-08T10:40:43,302-180-464,CFA-403-652,5562082278,,Sarah,Mühlberg,"2026-10-01","2026-10-04",3,Triple room-Standard-Private Bathroom,Base Rate,Room 13 2nd Floor,,2,0,GBP,162.50,162.50,142.50,20.00,Online,Booking.com,Booking.com,On Account,Confirmed,,smuhlb.260615@guest.booking.com,+49 178 2893466,,"payment_on_Booking.com (Payout type: BankTransfer)  Non-Smoking  ** THIS RESERVATION HAS BEEN PRE-PAID ** BOOKING NOTE : Payment charge is GBP 2.6  Genius Booker  Promos: European Economic Area  There is no meal option with this room. Children and Extra Bed Policy: Children of any age are allowed. You haven't added any cots. You haven't added any extra beds. The maximum number of guests is 3.  Deposit Policy: The guest will be charged a prepayment of the total price of the reservation at any time.  Cancellation Policy: The guest can cancel free of charge until 7 days before arrival. The guest will be charged the total price of the reservation if they cancel in the 7 days before arrival.",,,,,"2025-09-08",,,,
Hotel Orlando by PLI,2025-11-24T16:54:30,385-954-191,RKY-968-898,6917858472,,Gary,Kirrage,"2026-10-01","2026-10-03",2,Single room-Standard-Ensuite,Non Refundable,S Room 32 2nd F,,1,0,GBP,143.50,143.50,123.50,20.00,Online,Booking.com,Booking.com,On Account,Confirmed,,gkirra.485998@guest.booking.com,+44 7791 659071,,"Non-Smoking  Promos: Domestic  There is no meal option with this room. Children and Extra Bed Policy: Children of any age are allowed. You haven't added any cots. You haven't added any extra beds. The maximum number of guests is 1.  Deposit Policy: The guest will be charged a prepayment of the total price of the reservation at any time.  Cancellation Policy: The guest can cancel free of charge until 7 days before arrival. The guest will be charged the total price of the reservation if they cancel in the 7 days before arrival.  payment_on_Booking.com (Payout type: BankTransfer)  ** THIS RESERVATION HAS BEEN PRE-PAID ** Approximate time of arrival: between 13:00 and 14:00 BOOKING NOTE : Payment charge is GBP 2.296  Genius Booker ",,,,,"2025-11-24",,,,
Hotel Orlando by PLI,2026-08-20T18:12:11,464-800-164,GRG-210-808,6059823609,,Mariam,Addi,"2026-10-01","2026-10-02",1,Family room-Standard-Ensuite,,S Room 19 BF,,3,2,GBP,0.00,0.00,0.00,0.00,Online,Booking.com,Booking.com,On Account,Canceled,,addimariam1@gmail.com,+34614489521,,"Child Ages: 17, 17  Non-Smoking  Promos: European Economic Area  There is no meal option with this room. Children and Extra Bed Policy: Children of any age are allowed. You haven't added any cots. You haven't added any extra beds. The maximum number of guests is 5.  Deposit Policy: The guest will be charged a prepayment of the total price of the reservation at any time.  Cancellation Policy: The guest can cancel free of charge until 7 days before arrival. The guest will be charged the total price of the reservation if they cancel in the 7 days before arrival. If the guest doesn’t show up, they will be charged the total price of the reservation.  payment_on_Booking.com (Payout type: BankTransfer)  ** THIS RESERVATION HAS BEEN PRE-PAID ** BOOKING NOTE : Payment charge is GBP 1.6736  Genius Booker ",,,,,"2026-08-20",,,,
Hotel Orlando by PLI,2025-07-25T23:43:14,531-555-641,VQD-932-463,5973087631,,Paul,Mercier-Herring,"2026-10-01","2026-10-06",5,Booked as: Twin-Standard-Private Bathroom,,S Room 24 GF,,1,0,GBP,0.00,0.00,0.00,0.00,Online,Booking.com,Booking.com,On Account,Canceled,,pmerci.402891@guest.booking.com,+44 7944 395374,,"Non-Smoking  Promos: Mobile(App) Rate  There is no meal option with this room. Children and Extra Bed Policy: Children of any age are allowed. You haven't added any cots. You haven't added any extra beds. The maximum number of guests is 2.  Deposit Policy: The guest will be charged a prepayment of the total price of the reservation at any time.  Cancellation Policy: The guest can cancel free of charge until 7 days before arrival. The guest will be charged the total price of the reservation if they cancel in the 7 days before arrival.  payment_on_Booking.com (Payout type: BankTransfer)  ** THIS RESERVATION HAS BEEN PRE-PAID ** BOOKING NOTE : Payment charge is GBP 3.12  Genius Booker ",,,,,"2025-07-25",,,,
Hotel Orlando by PLI,2026-09-01T23:08:03,591-850-292,KYN-242-873,5980245887,,Mariam,Addi,"2026-10-01","2026-10-06",5,Quad Studio-Standard-Ensuite,,Flat 2 ( Basement Orlando ),,2,2,GBP,0.00,0.00,0.00,0.00,Online,Booking.com,Booking.com,On Account,Canceled,,maddi.408132@guest.booking.com,+34 614 48 95 21,,"Child Ages: 17, 17  Non-Smoking  Promos: European Economic Area  There is no meal option with this room. Children and Extra Bed Policy: Children of any age are allowed. You haven't added any cots. You haven't added any extra beds. The maximum number of guests is 4.  Deposit Policy: The guest will be charged a prepayment of the total price of the reservation at any time.  Cancellation Policy: The guest can cancel free of charge until 7 days before arrival. The guest will be charged the total price of the reservation if they cancel in the 7 days before arrival. If the guest doesn’t show up, they will be charged the total price of the reservation.  payment_on_Booking.com (Payout type: BankTransfer)  ** THIS RESERVATION HAS BEEN PRE-PAID ** BOOKING NOTE : Payment charge is GBP 7.9376  Genius Booker ",,,,,"2026-09-01",,,,
Hotel Orlando by PLI,2025-11-17T10:30:22,645-928-332,YFX-159-217,6751210332,,Michael,Wyett,"2026-10-01","2026-10-03",2,Family Studio SR,,Flat 20 ( Basement sino ),,3,0,GBP,0.00,0.00,0.00,0.00,Online,Booking.com,Booking.com,On Account,Canceled,,mwyett.656723@guest.booking.com,+44 7456 007640,,"Non-Smoking  Promos: Mobile(App) Rate  There is no meal option with this room. Children and Extra Bed Policy: Children of any age are allowed. You haven't added any extra beds. The maximum number of cots is 1. The maximum number of guests is 6.  Deposit Policy: The guest will be charged a prepayment of the total price of the reservation at any time.  Cancellation Policy: The guest can cancel free of charge until 7 days before arrival. The guest will be charged the total price of the reservation if they cancel in the 7 days before arrival.  payment_on_Booking.com (Payout type: BankTransfer)  ** THIS RESERVATION HAS BEEN PRE-PAID ** BOOKING NOTE : Payment charge is GBP 3.5024  Genius Booker ",,,,,"2025-11-17",,,,
Hotel Orlando by PLI,2026-08-24T14:55:00,680-218-652,EZT-536-205,5095597213,,Kausara,Mohammed,"2026-10-01","2026-10-17",16,Double room-Ensuite,,S Room 29 Mid 2nd F,,1,0,GBP,0.00,0.00,0.00,0.00,Online,Booking.com,Booking.com,On Account,Canceled,,kmoham.195038@guest.booking.com,+1 647 581 3135,,"Non-Smoking  Promos: Mobile(MDot) Rate  There is no meal option with this room. Children and Extra Bed Policy: Children of any age are allowed. You haven't added any cots. You haven't added any extra beds. The maximum number of guests is 2.  Deposit Policy: The guest will be charged a prepayment of the total price of the reservation at any time.  Cancellation Policy: The guest can cancel free of charge until 7 days before arrival. The guest will be charged the total price of the reservation if they cancel in the 7 days before arrival. If the guest doesn’t show up, they will be charged the total price of the reservation.  payment_on_Booking.com (Payout type: BankTransfer)  ** THIS RESERVATION HAS BEEN PRE-PAID ** BOOKING NOTE : Payment charge is GBP 19.2128  Genius Booker ",,,,,"2026-08-24",,,,
Hotel Orlando by PLI,2025-11-25T20:21:38,846-233-454,BKP-608-715,6737856830,,Gianvito,D'Asaro,"2026-10-01","2026-10-04",3,Quad room-Standard-Ensuite,,S Room 27 1st F,,2,2,GBP,0.00,0.00,0.00,0.00,Online,Booking.com,Booking.com,On Account,Canceled,,gdasar.733540@guest.booking.com,+39 320 762 9370,,"Child Ages: 4, 6  Non-Smoking  Promos: Mobile(App) Rate  There is no meal option with this room. Children and Extra Bed Policy: Children of any age are allowed. You haven't added any cots. You haven't added any extra beds. The maximum number of guests is 4.  Deposit Policy: The guest will be charged a prepayment of the total price of the reservation at any time.  Cancellation Policy: The guest can cancel free of charge until 7 days before arrival. The guest will be charged the total price of the reservation if they cancel in the 7 days before arrival.  payment_on_Booking.com (Payout type: BankTransfer)  ** THIS RESERVATION HAS BEEN PRE-PAID ** BOOKING NOTE : Payment charge is GBP 5.0256  Genius Booker ",,,,,"2025-11-25",,,,
Hotel Orlando by PLI,2026-09-03T08:58:00,866-108-914,NOQ-624-518,5562739670,,Juan,Carlos Delgado Hernández,"2026-10-01","2026-10-04",3,Family room-Standard-Ensuite,,S Room 19 BF,,2,3,GBP,0.00,0.00,0.00,0.00,Online,Booking.com,Booking.com,On Account,Canceled,,jherna.366365@guest.booking.com,+34 654 27 40 25,,"Child Ages: 11, 13, 7  Non-Smoking  Promos: European Economic Area  There is no meal option with this room. Children and Extra Bed Policy: Children of any age are allowed. You haven't added any cots. You haven't added any extra beds. The maximum number of guests is 5.  Deposit Policy: The guest will be charged a prepayment of the total price of the reservation at any time.  Cancellation Policy: The guest can cancel free of charge until 7 days before arrival. The guest will be charged the total price of the reservation if they cancel in the 7 days before arrival. If the guest doesn’t show up, they will be charged the total price of the reservation.  payment_on_Booking.com (Payout type: BankTransfer)  ** THIS RESERVATION HAS BEEN PRE-PAID ** BOOKING NOTE : Payment charge is GBP 5.1872 Approximate time of arrival: between 21:00 and 22:00  Genius Booker ",,,,,"2026-09-03",,,,
Hotel Orlando by PLI,2026-03-21T01:37:45,928-905-894,QIV-219-080,1418fb94e984-3ebedee3e9c426ff5e1a56f84e374548@airbnb.com,,Reserved,iCal,"2026-10-01","2026-10-03",2,Studio-Basic-Ensuite,Base Rate,Flat 24  ( GF Sino ),,1,0,GBP,0.00,0.00,0.00,0.00,iCal,ical1,,Deposit (Variable),Confirmed,,,,,Reservation URL: https://www.airbnb.com/hosting/reservations/details/HMQQJTZCS9,,,,,"2026-03-21",,,,
Hotel Orlando by PLI,2026-06-10T08:02:03,936-351-321,CDW-352-071,6447493085,,Bin,Hu,"2026-10-01","2026-10-06",5,Quad room-Standard-Ensuite,Non Refundable,S Room 27 1st F  W/Fridge,,2,2,GBP,563.70,463.70,443.70,120.00,Online,Booking.com,Booking.com,On Account,Confirmed,,bhu.515023@guest.booking.com,+43 664 88390674,,"Child Ages: 8, 9  Non-Smoking  Promos: European Economic Area  There is no meal option with this room. Children and Extra Bed Policy: Children of any age are allowed. You haven't added any cots. You haven't added any extra beds. The maximum number of guests is 4.  Deposit Policy: The guest will be charged a prepayment of the total price of the reservation at any time.  Cancellation Policy: The guest can cancel free of charge until 7 days before arrival. The guest will be charged the total price of the reservation if they cancel in the 7 days before arrival. If the guest doesn’t show up, they will be charged the total price of the reservation.  payment_on_Booking.com (Payout type: BankTransfer)  ** THIS RESERVATION HAS BEEN PRE-PAID ** BOOKING NOTE : Payment charge is GBP 7.4192 Approximate time of arrival: between 15:00 and 16:00  Genius Booker ",,,,,"2026-06-10",,,,
Hotel Orlando by PLI,2025-12-15T10:02:37,943-521-461,IKY-331-509,5420298754,,Alicja,Wolańska,"2026-10-01","2026-10-04",3,Family room-Standard-Ensuite,,Room 3 BF,,5,0,GBP,0.00,0.00,0.00,0.00,Online,Booking.com,Booking.com,On Account,Canceled,,awolan.185185@guest.booking.com,+48 508 801 119,,"Non-Smoking  Promos: Mobile(App) Rate  There is no meal option with this room. Children and Extra Bed Policy: Children of any age are allowed. You haven't added any cots. You haven't added any extra beds. The maximum number of guests is 5.  Deposit Policy: The guest will be charged a prepayment of the total price of the reservation at any time.  Cancellation Policy: The guest can cancel free of charge until 7 days before arrival. The guest will be charged the total price of the reservation if they cancel in the 7 days before arrival.  payment_on_Booking.com (Payout type: BankTransfer)  ** THIS RESERVATION HAS BEEN PRE-PAID ** BOOKING NOTE : Payment charge is GBP 5.9232  Genius Booker ",,,,,"2025-12-15",,,,
Hotel Orlando by PLI,2026-08-20T10:55:08,954-826-634,VGJ-009-958,6709223702,,GIADA,NIZZOLI,"2026-10-01","2026-10-04",3,Double room-Standard-Private Bathroom,Non Refundable,Room 11 2nd Floor,,2,0,GBP,345.00,245.00,225.00,120.00,Online,Booking.com,Booking.com,On Account,Confirmed,,gnizzo.626390@guest.booking.com,+39 340 076 9470,,"Non-Smoking  Promos: European Economic Area  There is no meal option with this room. Children and Extra Bed Policy: Children of any age are allowed. You haven't added any cots. You haven't added any extra beds. The maximum number of guests is 2.  Deposit Policy: The guest will be charged a prepayment of the total price of the reservation at any time.  Cancellation Policy: The guest will be charged the total price of the reservation if they cancel at any time.  payment_on_Booking.com (Payout type: BankTransfer)  ** THIS RESERVATION HAS BEEN PRE-PAID ** BOOKING NOTE : Payment charge is GBP 3.92  Genius Booker ",,,,,"2026-08-20",,,,
Hotel Orlando by PLI,2026-07-12T14:39:45,966-084-044,KSG-393-799,2507567390,,Asha,Satheeslingam,"2026-10-01","2026-10-04",3,Family room-Standard-Ensuite,Non Refundable,Room 3 BF W/Microwave,,5,0,GBP,435.00,0.00,315.00,120.00,Online,Expedia,Expedia & Affiliate Network,Pay On Arrival,Confirmed,,trisha_asha@hotmail.com,111111111111,,"Hotel collects payment from the traveler: Advance purchase - charge now ",,,,,"2026-07-12",,,,
Hotel Orlando by PLI,2026-02-21T15:55:41,044-568-264,EFD-289-212,6457105806,,Jakob,Eiweck,"2026-10-02","2026-10-10",8,Double room-Standard-Private Bathroom,,Room 11 2nd Floor,,2,0,GBP,0.00,0.00,0.00,0.00,Online,Booking.com,Booking.com,On Account,Canceled,,fkirad.456298@guest.booking.com,+43 699 18032002,,"---> Guets requested rooms close to each other    Group: 4 x Adult, 0 x Child  Non-Smoking  Promos: Mobile(App) Rate  There is no meal option with this room. Children and Extra Bed Policy: Children of any age are allowed. You haven't added any cots. You haven't added any extra beds. The maximum number of guests is 2.  Deposit Policy: The guest will be charged a prepayment of the total price of the reservation in the 5 days before arrival.  Cancellation Policy: The guest can cancel free of charge until 5 days before arrival. The guest will be charged the total price of the reservation if they cancel in the 5 days before arrival. If the guest doesn’t show up, they will be charged the total price of the reservation.  payment_on_Booking.com (Payout type: BankTransfer)  ** THIS RESERVATION HAS BEEN PRE-PAID ** Please room next to each other. Thank you! BOOKING NOTE : Payment charge is GBP 19.3808  Genius Booker ",,,,,"2026-02-21",,,,
Hotel Orlando by PLI,2026-02-21T15:55:41,100-939-861,EFD-289-212,6457105806,,Florian,Martin Kirady,"2026-10-02","2026-10-10",8,Double room-Standard-Private Bathroom,,Room 1 BF,,2,0,GBP,0.00,See 044-568-264,0.00,0.00,Online,Booking.com,Booking.com,On Account,Canceled,,fkirad.456298@guest.booking.com,+43 699 18032002,,"---> Guets requested rooms close to each other    Group: 4 x Adult, 0 x Child  Non-Smoking  Promos: Mobile(App) Rate  There is no meal option with this room. Children and Extra Bed Policy: Children of any age are allowed. You haven't added any cots. You haven't added any extra beds. The maximum number of guests is 2.  Deposit Policy: The guest will be charged a prepayment of the total price of the reservation in the 5 days before arrival.  Cancellation Policy: The guest can cancel free of charge until 5 days before arrival. The guest will be charged the total price of the reservation if they cancel in the 5 days before arrival. If the guest doesn’t show up, they will be charged the total price of the reservation.  payment_on_Booking.com (Payout type: BankTransfer)  ** THIS RESERVATION HAS BEEN PRE-PAID ** Please room next to each other. Thank you! BOOKING NOTE : Payment charge is GBP 19.3808  Genius Booker ",,,,,"2026-02-21",,,,
Hotel Orlando by PLI,2026-08-06T18:27:53,131-363-511,SJE-770-195,2528266747,,Dayhanna kristhell,Tapia bellodas,"2026-10-02","2026-10-04",2,Quad room-Standard-Private Bathroom,Base Rate,Room 4 GF,,3,1,GBP,312.59,212.59,192.59,120.00,Online,Expedia Affiliate Network,Expedia & Affiliate Network,On Account,Confirmed,,luxelashstudio98@gmail.com,11111111111,,"1 Twin Sofa Bed and 1 Queen Bed Expedia collects payment from traveler: Hotel invoices Expedia. ",,,,,"2026-08-06",,,,
Hotel Orlando by PLI,2026-07-22T15:02:22,221-233-652,UTH-354-268,6967299833,,Lourenço,Neuza,"2026-10-02","2026-10-07",5,Triple room-Standard-Ensuite,,S Room 23 GF,,3,0,GBP,0.00,0.00,0.00,0.00,Online,Booking.com,Booking.com,On Account,Canceled,,lneuza.683740@guest.booking.com,+351 961 538 862,,"Non-Smoking  Promos: European Economic Area  There is no meal option with this room. Children and Extra Bed Policy: Children of any age are allowed. You haven't added any cots. You haven't added any extra beds. The maximum number of guests is 3.  Deposit Policy: The guest will be charged a prepayment of the total price of the reservation at any time.  Cancellation Policy: The guest can cancel free of charge until 7 days before arrival. The guest will be charged the total price of the reservation if they cancel in the 7 days before arrival. If the guest doesn’t show up, they will be charged the total price of the reservation.  payment_on_Booking.com (Payout type: BankTransfer)  ** THIS RESERVATION HAS BEEN PRE-PAID ** BOOKING NOTE : Payment charge is GBP 6.8432  Genius Booker ",,,,,"2026-07-22",,,,
Hotel Orlando by PLI,2026-08-07T16:42:24,329-191-564,QHF-779-197,5212024177,,Ana,Maria Santosjuanes Climent,"2026-10-02","2026-10-05",3,Quad room-Standard-Ensuite,Non Refundable,S Room 22 GF -2Ds W/Microwave &Fridge,,2,2,GBP,376.50,276.50,256.50,120.00,Online,Booking.com,Booking.com,On Account,Confirmed,,aclime.731665@guest.booking.com,+34 665 39 47 13,,"Child Ages: 12, 15  Non-Smoking  Promos: European Economic Area  There is no meal option with this room. Children and Extra Bed Policy: Children of any age are allowed. You haven't added any cots. You haven't added any extra beds. The maximum number of guests is 4.  Deposit Policy: The guest will be charged a prepayment of the total price of the reservation at any time.  Cancellation Policy: The guest can cancel free of charge until 7 days before arrival. The guest will be charged the total price of the reservation if they cancel in the 7 days before arrival. If the guest doesn’t show up, they will be charged the total price of the reservation.  payment_on_Booking.com (Payout type: BankTransfer)  ** THIS RESERVATION HAS BEEN PRE-PAID ** BOOKING NOTE : Payment charge is GBP 4.424  Genius Booker ",,,,,"2026-08-07",,,,
Hotel Orlando by PLI,2026-07-31T16:15:55,392-052-062,PIY-479-376,6105715965,,Nurisha,Matt,"2026-10-02","2026-10-05",3,Quad Studio-Standard-Ensuite,,Flat 2 ( Basement Orlando ),,4,0,GBP,0.00,0.00,0.00,0.00,Online,Booking.com,Booking.com,On Account,Canceled,,nmatt.508945@guest.booking.com,+60 19 615 9946,,"Group: 8 x Adult, 0 x Child  Non-Smoking  Promos: Mobile(App) Rate  There is no meal option with this room. Children and Extra Bed Policy: Children of any age are allowed. You haven't added any cots. You haven't added any extra beds. The maximum number of guests is 4.  Deposit Policy: The guest will be charged a prepayment of the total price of the reservation at any time.  Cancellation Policy: The guest can cancel free of charge until 7 days before arrival. The guest will be charged the total price of the reservation if they cancel in the 7 days before arrival. If the guest doesn’t show up, they will be charged the total price of the reservation.  payment_on_Booking.com (Payout type: BankTransfer)  ** THIS RESERVATION HAS BEEN PRE-PAID ** BOOKING NOTE : Payment charge is GBP 9.5392  Genius Booker ",,,,,"2026-07-31",,,,
Hotel Orlando by PLI,2026-09-01T21:05:44,414-506-801,WCK-795-367,5227393332,,Maicol,Coelati Rama,"2026-10-02","2026-10-04",2,Quad Studio-Standard-Ensuite,Non Refundable,Flat 5 ( GF Orlando ),,4,0,GBP,336.90,236.90,216.90,120.00,Online,Booking.com,Booking.com,On Account,Confirmed,,mrama.407037@guest.booking.com,+39 340 284 4530,,"Non-Smoking  Promos: European Economic Area  There is no meal option with this room. Children and Extra Bed Policy: Children of any age are allowed. You haven't added any cots. You haven't added any extra beds. The maximum number of guests is 4.  Deposit Policy: The guest will be charged a prepayment of the total price of the reservation at any time.  Cancellation Policy: The guest can cancel free of charge until 7 days before arrival. The guest will be charged the total price of the reservation if they cancel in the 7 days before arrival. If the guest doesn’t show up, they will be charged the total price of the reservation.  payment_on_Booking.com (Payout type: BankTransfer)  ** THIS RESERVATION HAS BEEN PRE-PAID ** Approximate time of arrival: between 13:00 and 14:00 BOOKING NOTE : Payment charge is GBP 3.7904  Genius Booker ",,,,,"2026-09-01",,,,
Hotel Orlando by PLI,2026-07-31T16:15:55,482-649-034,PIY-479-376,6105715965,,Nurisha,Matt,"2026-10-02","2026-10-05",3,Quad Studio-Standard-Ensuite,,Flat 5 ( GF Orlando ),,4,0,GBP,0.00,See 392-052-062,0.00,0.00,Online,Booking.com,Booking.com,On Account,Canceled,,nmatt.508945@guest.booking.com,+60 19 615 9946,,"Group: 8 x Adult, 0 x Child  Non-Smoking  Promos: Mobile(App) Rate  There is no meal option with this room. Children and Extra Bed Policy: Children of any age are allowed. You haven't added any cots. You haven't added any extra beds. The maximum number of guests is 4.  Deposit Policy: The guest will be charged a prepayment of the total price of the reservation at any time.  Cancellation Policy: The guest can cancel free of charge until 7 days before arrival. The guest will be charged the total price of the reservation if they cancel in the 7 days before arrival. If the guest doesn’t show up, they will be charged the total price of the reservation.  payment_on_Booking.com (Payout type: BankTransfer)  ** THIS RESERVATION HAS BEEN PRE-PAID ** BOOKING NOTE : Payment charge is GBP 9.5392  Genius Booker ",,,,,"2026-07-31",,,,
Hotel Orlando by PLI,2026-08-31T21:58:31,492-565-911,YDI-759-014,6470865637,,Noah,Gamble,"2026-10-02","2026-10-05",3,Triple room-Standard-Private Bathroom,Base Rate,Room 12 2nd Floor,,2,1,GBP,385.50,285.50,265.50,120.00,Online,Booking.com,Booking.com,On Account,Confirmed,,ngambl.340915@guest.booking.com,+44 7351 243502,,"Child Ages: 17  Non-Smoking  Promos: Domestic  There is no meal option with this room. Children and Extra Bed Policy: Children of any age are allowed. You haven't added any cots. You haven't added any extra beds. The maximum number of guests is 3.  Deposit Policy: The guest will be charged a prepayment of the total price of the reservation at any time.  Cancellation Policy: The guest can cancel free of charge until 7 days before arrival. The guest will be charged the total price of the reservation if they cancel in the 7 days before arrival. If the guest doesn’t show up, they will be charged the total price of the reservation.  payment_on_Booking.com (Payout type: BankTransfer)  ** THIS RESERVATION HAS BEEN PRE-PAID ** BOOKING NOTE : Payment charge is GBP 4.568  Genius Booker ",,,,,"2026-08-31",,,,
Hotel Orlando by PLI,2026-05-10T12:08:28,519-230-041,USA-216-068,5388088525,,Mariam,Addi,"2026-10-02","2026-10-06",4,Family room-Standard-Ensuite,,S Room 19 BF,,3,2,GBP,0.00,0.00,0.00,0.00,Online,Booking.com,Booking.com,On Account,Canceled,,addimariam1@gmail.com,+34614489521,,"Child Ages: 17, 17  Non-Smoking  Promos: European Economic Area  There is no meal option with this room. Children and Extra Bed Policy: Children of any age are allowed. You haven't added any cots. You haven't added any extra beds. The maximum number of guests is 5.  Deposit Policy: The guest will be charged a prepayment of the total price of the reservation at any time.  Cancellation Policy: The guest can cancel free of charge until 2 days before arrival. The guest will be charged the total price of the reservation if they cancel in the 2 days before arrival.  payment_on_Booking.com (Payout type: BankTransfer)  ** THIS RESERVATION HAS BEEN PRE-PAID ** BOOKING NOTE : Payment charge is GBP 6.368  Genius Booker ",,,,,"2026-05-10",,,,
Hotel Orlando by PLI,2025-11-28T11:28:29,638-894-291,GDF-577-854,5137569311,,Scott,Russell,"2026-10-02","2026-10-04",2,Double room-Ensuite,,S Room 17 BF,,1,0,GBP,0.00,0.00,0.00,0.00,Online,Booking.com,Booking.com,On Account,Canceled,,srusse.476281@guest.booking.com,+44 7515 902199,,"Non-Smoking  There is no meal option with this room. Children and Extra Bed Policy: Children of any age are allowed. You haven't added any cots. You haven't added any extra beds. The maximum number of guests is 2.  Deposit Policy: The guest will be charged a prepayment of the total price of the reservation at any time.  Cancellation Policy: The guest can cancel free of charge until 7 days before arrival. The guest will be charged the total price of the reservation if they cancel in the 7 days before arrival.  payment_on_Booking.com (Payout type: BankTransfer)  ** THIS RESERVATION HAS BEEN PRE-PAID ** BOOKING NOTE : Payment charge is GBP 2.912 Approximate time of arrival: between 14:00 and 15:00  Genius Booker ",,,,,"2025-11-28",,,,
Hotel Orlando by PLI,2026-08-26T19:34:17,640-525-504,WCT-935-205,6139568849,,Nina,Poulton,"2026-10-02","2026-10-05",3,Triple room-Standard-Ensuite,Non Refundable,S Room 23 GF,,3,0,GBP,375.60,275.60,255.60,120.00,Online,Booking.com,Booking.com,On Account,Confirmed,,npoult.989368@guest.booking.com,+44 7713 171637,,"Non-Smoking  Promos: Domestic  There is no meal option with this room. Children and Extra Bed Policy: Children of any age are allowed. You haven't added any cots. You haven't added any extra beds. The maximum number of guests is 3.  Deposit Policy: The guest will be charged a prepayment of the total price of the reservation at any time.  Cancellation Policy: The guest can cancel free of charge until 7 days before arrival. The guest will be charged the total price of the reservation if they cancel in the 7 days before arrival. If the guest doesn’t show up, they will be charged the total price of the reservation.  payment_on_Booking.com (Payout type: BankTransfer)  ** THIS RESERVATION HAS BEEN PRE-PAID ** If there is no lifts, lower floors will be preferred as we will have a lot of luggage and do not want to make several flights of stairs. BOOKING NOTE : Payment charge is GBP 4.4096  Genius Booker ",,,,,"2026-08-26",,,,
Hotel Orlando by PLI,2026-08-19T14:19:22,662-141-031,KRA-115-778,5967287653,,Katiuscia,Fusco,"2026-10-02","2026-10-05",3,Triple room-Standard-Ensuite,,S Room 34 3rd F,,2,1,GBP,0.00,0.00,0.00,0.00,Online,Booking.com,Booking.com,On Account,Canceled,,kfusco.923373@guest.booking.com,+39 328 611 5196,,"Child Ages: 13  Non-Smoking  Promos: European Economic Area  There is no meal option with this room. Children and Extra Bed Policy: Children of any age are allowed. You haven't added any cots. You haven't added any extra beds. The maximum number of guests is 3.  Deposit Policy: The guest will be charged a prepayment of the total price of the reservation at any time.  Cancellation Policy: The guest can cancel free of charge until 7 days before arrival. The guest will be charged the total price of the reservation if they cancel in the 7 days before arrival. If the guest doesn’t show up, they will be charged the total price of the reservation.  payment_on_Booking.com (Payout type: BankTransfer)  ** THIS RESERVATION HAS BEEN PRE-PAID ** BOOKING NOTE : Payment charge is GBP 4.064  Genius Booker ",,,,,"2026-08-19",,,,
Hotel Orlando by PLI,2026-08-18T22:21:35,693-322-122,VUA-189-513,6586035882,,James,Cummings,"2026-10-02","2026-10-05",3,Double room-Ensuite,Non Refundable,S Room 29 Mid 2nd F,,2,0,GBP,332.40,232.40,212.40,120.00,Online,Booking.com,Booking.com,On Account,Confirmed,,jcummi.609755@guest.booking.com,+44 7701 361397,,"Non-Smoking  Promos: Domestic  There is no meal option with this room. Children and Extra Bed Policy: Children of any age are allowed. You haven't added any cots. You haven't added any extra beds. The maximum number of guests is 2.  Deposit Policy: The guest will be charged a prepayment of the total price of the reservation at any time.  Cancellation Policy: The guest can cancel free of charge until 7 days before arrival. The guest will be charged the total price of the reservation if they cancel in the 7 days before arrival. If the guest doesn’t show up, they will be charged the total price of the reservation.  payment_on_Booking.com (Payout type: BankTransfer)  ** THIS RESERVATION HAS BEEN PRE-PAID ** BOOKING NOTE : Payment charge is GBP 3.7184  Genius Booker ",,,,,"2026-08-18",,,,
Hotel Orlando by PLI,2026-09-02T18:17:58,694-415-934,CVV-288-919,5391018849,,Noelia,Elena Tecar,"2026-10-02","2026-10-05",3,Triple room-Standard-Ensuite,Non Refundable,S Room 33 3rd F - W/Microwave &Fridge,,3,0,GBP,375.60,275.60,255.60,120.00,Online,Booking.com,Booking.com,On Account,Confirmed,,ntecar.667374@guest.booking.com,+34 643 39 79 35,,"Non-Smoking  Promos: European Economic Area  There is no meal option with this room. Children and Extra Bed Policy: Children of any age are allowed. You haven't added any cots. You haven't added any extra beds. The maximum number of guests is 3.  Deposit Policy: The guest will be charged a prepayment of the total price of the reservation at any time.  Cancellation Policy: The guest can cancel free of charge until 7 days before arrival. The guest will be charged the total price of the reservation if they cancel in the 7 days before arrival. If the guest doesn’t show up, they will be charged the total price of the reservation.  payment_on_Booking.com (Payout type: BankTransfer)  ** THIS RESERVATION HAS BEEN PRE-PAID ** BOOKING NOTE : Payment charge is GBP 4.4096  Genius Booker ",,,,,"2026-09-02",,,,
Hotel Orlando by PLI,2026-07-05T04:03:54,800-309-622,UNV-991-299,6541537290,,Gyða,Sif Siggeirsdóttir,"2026-10-02","2026-10-06",4,Single room-Standard-Ensuite,,Room 15 3rd Floor,,1,0,GBP,0.00,0.00,0.00,0.00,Online,Booking.com,Booking.com,On Account,Canceled,,gsigge.127958@guest.booking.com,+354 899 4109,,"Non-Smoking  Promos: European Economic Area  There is no meal option with this room. Children and Extra Bed Policy: Children of any age are allowed. You haven't added any cots. You haven't added any extra beds. The maximum number of guests is 1.  Deposit Policy: The guest will be charged a prepayment of the total price of the reservation at any time.  Cancellation Policy: The guest can cancel free of charge until 7 days before arrival. The guest will be charged the total price of the reservation if they cancel in the 7 days before arrival. If the guest doesn’t show up, they will be charged the total price of the reservation.  payment_on_Booking.com (Payout type: BankTransfer)  ** THIS RESERVATION HAS BEEN PRE-PAID ** BOOKING NOTE : Payment charge is GBP 5.0864  Genius Booker ",,,,,"2026-07-05",,,,
Hotel Orlando by PLI,2026-09-03T22:20:43,832-920-164,BUD-970-498,HMHFW8KZJD,,Julian,Rainford,"2026-10-02","2026-10-03",1,Family Studio SR,Non Refundable,Flat 20 ( Basement sino ),,3,0,GBP,244.00,144.00,124.00,120.00,Online,Airbnb,Airbnb,On Account,Confirmed,,,447787993733,," ",,,,,"2026-09-03",,,,
Hotel Orlando by PLI,2026-09-10T21:25:33,865-232-602,XOY-142-030,2555895655,,Aitana,Arcaz Díaz,"2026-10-02","2026-10-06",4,Family room-Standard-Ensuite,Non Refundable,S Room 19 BF,,2,3,GBP,494.41,394.41,374.41,120.00,Online,Expedia Affiliate Network,Expedia & Affiliate Network,On Account,Confirmed,,aitanaarcazdiaz@gmail.com,11111111111,,"1 Twin Bed, 1 Queen Bed and 1 Twin Sofa Bed Expedia collects payment from traveler: Hotel invoices Expedia. ",,,,,"2026-09-10",,,,
Hotel Orlando by PLI,2026-04-14T16:36:56,896-569-312,HGM-626-869,5868403799,,BENJAMIN,JENKINS,"2026-10-02","2026-10-05",3,Family room-Standard-Ensuite,,Room 3 BF W/Microwave,,4,0,GBP,0.00,0.00,0.00,0.00,Online,Booking.com,Booking.com,On Account,Canceled,,bjenki.870251@guest.booking.com,+44 7463 635870,,"Non-Smoking  Promos: Domestic  There is no meal option with this room. Children and Extra Bed Policy: Children of any age are allowed. You haven't added any cots. You haven't added any extra beds. The maximum number of guests is 5.  Deposit Policy: The guest will be charged a prepayment of the total price of the reservation at any time.  Cancellation Policy: The guest can cancel free of charge until 2 days before arrival. The guest will be charged the total price of the reservation if they cancel in the 2 days before arrival.  payment_on_Booking.com (Payout type: BankTransfer)  ** THIS RESERVATION HAS BEEN PRE-PAID ** BOOKING NOTE : Payment charge is GBP 5.1152  Genius Booker ",,,,,"2026-04-14",,,,
Hotel Orlando by PLI,2025-01-18T19:20:13,029-843-534,TDN-989-310,430013721,,Thomas,Walker,"2026-10-03","2026-10-04",1,Twin room-Standard-Private Bathroom,,Room 12 3rd Floor,,2,0,GBP,0.00,0.00,0.00,0.00,Online,Hotels.com,Expedia & Affiliate Network,Pay On Arrival,Canceled,,tewalker78@hotmail.com,07855285776,,Hotel Collect Booking - Collect Payment From Guest,,,,,"2025-01-18",,,,
Hotel Orlando by PLI,2025-11-27T12:14:43,091-984-822,PTA-875-055,6018765613,,Sabrina,Pietropaolo,"2026-10-03","2026-10-04",1,Double room-Ensuite,,S Room 18 BF,,1,0,GBP,0.00,0.00,0.00,0.00,Online,Booking.com,Booking.com,On Account,Canceled,,spietr.827911@guest.booking.com,+43 680 1111876,,"Non-Smoking  Promos: Mobile(App) Rate  There is no meal option with this room. Children and Extra Bed Policy: Children of any age are allowed. You haven't added any cots. You haven't added any extra beds. The maximum number of guests is 2.  Deposit Policy: The guest will be charged a prepayment of the total price of the reservation at any time.  Cancellation Policy: The guest can cancel free of charge until 7 days before arrival. The guest will be charged the total price of the reservation if they cancel in the 7 days before arrival.  payment_on_Booking.com (Payout type: BankTransfer)  ** THIS RESERVATION HAS BEEN PRE-PAID ** BOOKING NOTE : Payment charge is GBP 1.4216  Genius Booker ",,,,,"2025-11-27",,,,
Hotel Orlando by PLI,2026-08-22T10:52:21,098-062-011,DPV-413-956,5424984492,,Hadenko,Valeriia,"2026-10-03","2026-10-04",1,Quad Studio-Standard-Ensuite,,Flat 5 ( GF Orlando ),,3,1,GBP,0.00,0.00,0.00,0.00,Online,Booking.com,Booking.com,On Account,Canceled,,hvaler.806781@guest.booking.com,+44 7467 548255,,"Child Ages: 13  Non-Smoking  Promos: Domestic  There is no meal option with this room. Children and Extra Bed Policy: Children of any age are allowed. You haven't added any cots. You haven't added any extra beds. The maximum number of guests is 4.  Deposit Policy: The guest will be charged a prepayment of the total price of the reservation at any time.  Cancellation Policy: The guest can cancel free of charge until 7 days before arrival. The guest will be charged the total price of the reservation if they cancel in the 7 days before arrival. If the guest doesn’t show up, they will be charged the total price of the reservation.  payment_on_Booking.com (Payout type: BankTransfer)  ** THIS RESERVATION HAS BEEN PRE-PAID ** BOOKING NOTE : Payment charge is GBP 1.9616  Genius Booker ",,,,,"2026-08-22",,,,
Hotel Orlando by PLI,2026-09-01T11:21:30,138-166-161,SZM-507-574,1418fb94e984-67d47da42a51e69611336944188d08e5@airbnb.com,,Reserved,iCal,"2026-10-03","2026-10-05",2,Studio-Basic-Ensuite,Base Rate,Flat 24  ( GF Sino ),,1,0,GBP,0.00,0.00,0.00,0.00,iCal,ical1,,Deposit (Variable),Confirmed,,,,,Reservation URL: https://www.airbnb.com/hosting/reservations/details/HM2SZZ4BPA,,,,,"2026-09-01",,,,
Hotel Orlando by PLI,2026-01-24T22:09:35,141-048-322,BTY-019-984,6386808102,,Liam,Gill,"2026-10-03","2026-10-04",1,Family Studio SR,Non Refundable,Flat 20 ( Basement sino ),,3,0,GBP,156.85,156.85,136.85,20.00,Online,Booking.com,Booking.com,On Account,Confirmed,,lgill.137907@guest.booking.com,+44 7738180273,,"Non-Smoking  Promos: Mobile(App) Rate  There is no meal option with this room. Children and Extra Bed Policy: Children of any age are allowed. You haven't added any cots. You haven't added any extra beds. The maximum number of guests is 6.  Deposit Policy: The guest will be charged a prepayment of the total price of the reservation at any time.  Cancellation Policy: The guest can cancel free of charge until 7 days before arrival. The guest will be charged the total price of the reservation if they cancel in the 7 days before arrival.  payment_on_Booking.com (Payout type: BankTransfer)  ** THIS RESERVATION HAS BEEN PRE-PAID ** BOOKING NOTE : Payment charge is GBP 2.5096  Genius Booker ",,,,,"2026-01-24",,,,
Hotel Orlando by PLI,2026-09-09T22:41:50,241-381-324,QJW-814-654,2555099498,,Anh,Tran,"2026-10-03","2026-10-06",3,Triple room-Standard-Private Bathroom,Non Refundable,Room 8 1st Floor,,3,0,GBP,348.61,248.61,228.61,120.00,Online,Expedia Affiliate Network,Expedia & Affiliate Network,On Account,Confirmed,,alextran202@gmail.com,11111111111,,"1 Twin Bed and 1 Queen Bed Expedia collects payment from traveler: Hotel invoices Expedia. ",,,,,"2026-09-09",,,,
Hotel Orlando by PLI,2026-09-16T21:25:20,303-813-104,MKL-717-005,5466035798,,Valentina-Maria,Badea,"2026-10-03","2026-10-05",2,Double room-Standard-Private Bathroom,Non Refundable,Room 1 BF,,2,0,GBP,265.80,165.80,145.80,120.00,Online,Booking.com,Booking.com,On Account,Confirmed,,badeavalentina.maria3@gmail.com,+447379020475,,"Non-Smoking  Promos: Mobile(App) Rate  There is no meal option with this room. Children and Extra Bed Policy: Children of any age are allowed. You haven't added any cots. You haven't added any extra beds. The maximum number of guests is 2.  Deposit Policy: The guest will be charged a prepayment of the total price of the reservation at any time.  Cancellation Policy: The guest will be charged the total price of the reservation if they cancel at any time.  payment_on_Booking.com (Payout type: BankTransfer)  ** THIS RESERVATION HAS BEEN PRE-PAID ** BOOKING NOTE : Payment charge is GBP 2.6528  Genius Booker ",,,,,"2026-09-16",,,,
Hotel Orlando by PLI,2026-08-06T20:00:26,306-510-132,VCP-155-975,6097877754,,Ángel,Gordillo Muro,"2026-10-03","2026-10-10",7,Quad room-Standard-Ensuite,,S Room 22 GF -2Ds W/Microwave &Fridge,,4,0,GBP,0.00,0.00,0.00,0.00,Online,Booking.com,Booking.com,On Account,Canceled,,amuro.781868@guest.booking.com,+34 652 83 55 03,,"Non-Smoking  Promos: European Economic Area  There is no meal option with this room. Children and Extra Bed Policy: Children of any age are allowed. You haven't added any cots. You haven't added any extra beds. The maximum number of guests is 4.  Deposit Policy: The guest will be charged a prepayment of the total price of the reservation at any time.  Cancellation Policy: The guest can cancel free of charge until 7 days before arrival. The guest will be charged the total price of the reservation if they cancel in the 7 days before arrival. If the guest doesn’t show up, they will be charged the total price of the reservation.  payment_on_Booking.com (Payout type: BankTransfer)  ** THIS RESERVATION HAS BEEN PRE-PAID ** BOOKING NOTE : Payment charge is GBP 9.5072  Genius Booker ",,,,,"2026-08-06",,,,
Hotel Orlando by PLI,2026-02-03T21:08:59,344-615-694,BBX-694-445,5605905650,,Liam-James,Pugsley,"2026-10-03","2026-10-05",2,Double room-Standard-Private Bathroom,Base Rate,Room 7 Mid-First Floor,,2,0,GBP,168.75,168.75,148.75,20.00,Online,Booking.com,Booking.com,On Account,Confirmed,,lpugsl.952655@guest.booking.com,+44 7783 450425,,"Non-Smoking  Promos: Mobile(App) Rate  There is no meal option with this room. Children and Extra Bed Policy: Children of any age are allowed. You haven't added any cots. You haven't added any extra beds. The maximum number of guests is 2.  Deposit Policy: The guest will be charged a prepayment of the total price of the reservation at any time.  Cancellation Policy: The guest can cancel free of charge until 7 days before arrival. The guest will be charged the total price of the reservation if they cancel in the 7 days before arrival.  payment_on_Booking.com (Payout type: BankTransfer)  ** THIS RESERVATION HAS BEEN PRE-PAID ** BOOKING NOTE : Payment charge is GBP 2.7  Genius Booker ",,,,,"2026-02-03",,,,
Hotel Orlando by PLI,2026-04-06T19:34:30,419-251-652,OSY-221-244,5832388847,,Besson,Fanny,"2026-10-03","2026-10-06",3,Double room-Ensuite,,S Room 25 Mid 1st F,,2,0,GBP,0.00,0.00,0.00,0.00,Online,Booking.com,Booking.com,On Account,Canceled,,bfanny.594925@guest.booking.com,+33 6 99 22 73 04,,"Non-Smoking  Promos: European Economic Area  There is no meal option with this room. Children and Extra Bed Policy: Children of any age are allowed. You haven't added any cots. You haven't added any extra beds. The maximum number of guests is 2.  Deposit Policy: The guest will be charged a prepayment of the total price of the reservation in the 5 days before arrival.  Cancellation Policy: The guest can cancel free of charge until 5 days before arrival. The guest will be charged the total price of the reservation if they cancel in the 5 days before arrival. If the guest doesn’t show up, they will be charged the total price of the reservation.  payment_on_Booking.com (Payout type: BankTransfer)  ** THIS RESERVATION HAS BEEN PRE-PAID ** BOOKING NOTE : Payment charge is GBP 3.7184  Genius Booker ",,,,,"2026-04-06",,,,
Hotel Orlando by PLI,2026-02-26T10:57:07,496-663-582,LKC-228-381,1418fb94e984-33f3ac38b3e549b3d2058944d2ed04ae@airbnb.com,,Reserved,iCal,"2026-10-03","2026-10-05",2,Studio-Basic-Ensuite,,Flat 24  ( GF Sino ),,1,0,GBP,0.00,0.00,0.00,0.00,iCal,ical1,,Deposit (Variable),Canceled,,,,,Reservation URL: https://www.airbnb.com/hosting/reservations/details/HMCNKEDTCF,,,,,"2026-02-26",,,,
Hotel Orlando by PLI,2025-08-16T01:45:44,519-285-454,WNY-209-065,6356224422,,Svetlana,Brincat Muscat,"2026-10-03","2026-10-09",6,Booked as: Triple-Standard-Private Bathroom,,Room 9 1st Floor,,2,1,GBP,0.00,0.00,0.00,0.00,Online,Booking.com,Booking.com,On Account,Canceled,,smusca.443967@guest.booking.com,+356 7931 1464,,"Child Ages: 2  payment_on_Booking.com (Payout type: BankTransfer)  Non-Smoking  ** THIS RESERVATION HAS BEEN PRE-PAID ** Approximate time of arrival: between 14:00 and 15:00 BOOKING NOTE : Payment charge is GBP 4.8  Genius Booker  Promos: European Economic Area  There is no meal option with this room. Children and Extra Bed Policy: Children of any age are allowed. You haven't added any cots. You haven't added any extra beds. The maximum number of guests is 3.  Deposit Policy: The guest will be charged a prepayment of the total price of the reservation at any time.  Cancellation Policy: The guest can cancel free of charge until 7 days before arrival. The guest will be charged the total price of the reservation if they cancel in the 7 days before arrival.",,,,,"2025-08-16",,,,
Hotel Orlando by PLI,2025-11-26T22:30:04,520-619-164,ZJR-508-994,5328232308,,Honor,Burza,"2026-10-03","2026-10-04",1,Quad room-Standard-Ensuite,,S Room 27 1st F,,1,0,GBP,0.00,0.00,0.00,0.00,Online,Booking.com,Booking.com,On Account,Canceled,,hburza.562717@guest.booking.com,+44 7904 071725,,"Group: 2 x Adult, 2 x Child  Non-Smoking  Promos: Mobile(MDot) Rate  There is no meal option with this room. Children and Extra Bed Policy: Children of any age are allowed. You haven't added any cots. You haven't added any extra beds. The maximum number of guests is 4.  Deposit Policy: The guest will be charged a prepayment of the total price of the reservation at any time.  Cancellation Policy: The guest can cancel free of charge until 7 days before arrival. The guest will be charged the total price of the reservation if they cancel in the 7 days before arrival.  payment_on_Booking.com (Payout type: BankTransfer)  ** THIS RESERVATION HAS BEEN PRE-PAID ** This guest would like the rooms in this booking to be close together if possible. BOOKING NOTE : Payment charge is GBP 4.6112  Genius Booker ",,,,,"2025-11-26",,,,
Hotel Orlando by PLI,2026-07-22T23:16:12,631-129-822,FIF-546-406,6686150449,,WEN,LIN,"2026-10-03","2026-10-23",20,Double room-Ensuite,,S Room 35 3rd F,,2,0,GBP,0.00,0.00,0.00,0.00,Online,Booking.com,Booking.com,On Account,Canceled,,wlin.537588@guest.booking.com,+44 7410 195742,,"payment_on_Booking.com (Payout type: BankTransfer)  Non-Smoking  ** THIS RESERVATION HAS BEEN PRE-PAID ** BOOKING NOTE : Payment charge is GBP 23.5904  Genius Booker  Promos: Domestic  There is no meal option with this room. Children and Extra Bed Policy: Children of any age are allowed. You haven't added any cots. You haven't added any extra beds. The maximum number of guests is 2.  Deposit Policy: The guest will be charged a prepayment of the total price of the reservation at any time.  Cancellation Policy: The guest can cancel free of charge until 7 days before arrival. The guest will be charged the total price of the reservation if they cancel in the 7 days before arrival. If the guest doesn’t show up, they will be charged the total price of the reservation.",,,,,"2026-07-22",,,,
Hotel Orlando by PLI,2026-02-13T00:11:18,806-192-511,HDP-783-083,6574615318,,Chris,Marranghello,"2026-10-03","2026-10-10",7,Double room-Ensuite,,S Room 25 Mid 1st F,,2,0,GBP,0.00,0.00,0.00,0.00,Online,Booking.com,Booking.com,On Account,Canceled,,cmarra.451561@guest.booking.com,+55 51 98020 6630,,"payment_on_Booking.com (Payout type: BankTransfer)  Non-Smoking  ** THIS RESERVATION HAS BEEN PRE-PAID ** BOOKING NOTE : Payment charge is GBP 7.8544  Genius Booker  Promos: Mobile(App) Rate  There is no meal option with this room. Children and Extra Bed Policy: Children of any age are allowed. You haven't added any cots. You haven't added any extra beds. The maximum number of guests is 2.  Deposit Policy: The guest will be charged a prepayment of the total price of the reservation in the 5 days before arrival.  Cancellation Policy: The guest can cancel free of charge until 5 days before arrival. The guest will be charged the total price of the reservation if they cancel in the 5 days before arrival. If the guest doesn’t show up, they will be charged the total price of the reservation.",,,,,"2026-02-13",,,,
Hotel Orlando by PLI,2025-11-26T22:30:04,890-699-412,ZJR-508-994,5328232308,,Honor,Burza,"2026-10-03","2026-10-04",1,Quad room-Standard-Ensuite,,S Room 21 GF - 2Ds,,1,2,GBP,0.00,See 520-619-164,0.00,0.00,Online,Booking.com,Booking.com,On Account,Canceled,,hburza.562717@guest.booking.com,+44 7904 071725,,"Group: 2 x Adult, 2 x Child  Child Ages: 11, 8  Non-Smoking  Promos: Mobile(MDot) Rate  There is no meal option with this room. Children and Extra Bed Policy: Children of any age are allowed. You haven't added any cots. You haven't added any extra beds. The maximum number of guests is 4.  Deposit Policy: The guest will be charged a prepayment of the total price of the reservation at any time.  Cancellation Policy: The guest can cancel free of charge until 7 days before arrival. The guest will be charged the total price of the reservation if they cancel in the 7 days before arrival.  payment_on_Booking.com (Payout type: BankTransfer)  ** THIS RESERVATION HAS BEEN PRE-PAID ** This guest would like the rooms in this booking to be close together if possible. BOOKING NOTE : Payment charge is GBP 4.6112  Genius Booker ",,,,,"2025-11-26",,,,
Hotel Orlando by PLI,2026-08-06T17:18:55,080-502-814,FWA-540-831,5519427023,,James,Gabriele,"2026-10-04","2026-10-06",2,Quad room-Standard-Private Bathroom,Non Refundable,Room 4 GF,,4,0,GBP,265.80,165.80,145.80,120.00,Online,Booking.com,Booking.com,On Account,Confirmed,,jgabri.498143@guest.booking.com,+44 7583 749971,,"Non-Smoking  Promos: Mobile(App) Rate  There is no meal option with this room. Children and Extra Bed Policy: Children of any age are allowed. You haven't added any cots. You haven't added any extra beds. The maximum number of guests is 4.  Deposit Policy: The guest will be charged a prepayment of the total price of the reservation at any time.  Cancellation Policy: The guest will be charged the total price of the reservation if they cancel at any time.  payment_on_Booking.com (Payout type: BankTransfer)  ** THIS RESERVATION HAS BEEN PRE-PAID ** BOOKING NOTE : Payment charge is GBP 2.6528  Genius Booker ",,,,,"2026-08-06",,,,
Hotel Orlando by PLI,2026-09-10T10:13:47,556-013-931,WUR-465-717,5265128010,,Fernanda,Da Costa Cossiaki,"2026-10-04","2026-10-08",4,Quad room-Standard-Ensuite,,S Room 21 GF - SofaBed,,2,2,GBP,0.00,0.00,0.00,0.00,Online,Booking.com,Booking.com,On Account,Canceled,,fcossi.927938@guest.booking.com,+39 345 525 3730,,"Child Ages: 2, 3  Non-Smoking  Promos: European Economic Area  There is no meal option with this room. Children and Extra Bed Policy: Children of any age are allowed. You haven't added any cots. You haven't added any extra beds. The maximum number of guests is 4.  Deposit Policy: The guest will be charged a prepayment of the total price of the reservation at any time.  Cancellation Policy: The guest can cancel free of charge until 7 days before arrival. The guest will be charged the total price of the reservation if they cancel in the 7 days before arrival. If the guest doesn’t show up, they will be charged the total price of the reservation.  payment_on_Booking.com (Payout type: BankTransfer)  ** THIS RESERVATION HAS BEEN PRE-PAID ** BOOKING NOTE : Payment charge is GBP 5.3024  Genius Booker ",,,,,"2026-09-10",,,,
Hotel Orlando by PLI,2026-08-08T07:29:22,155-825-454,NXC-392-158,5534200918,,Laura,Rouault,"2026-10-05","2026-10-09",4,Quad room-Standard-Ensuite,,S Room 22 GF -2Ds W/Microwave &Fridge,,3,1,GBP,0.00,0.00,0.00,0.00,Online,Booking.com,Booking.com,On Account,Canceled,,lrouau.917990@guest.booking.com,+33 6 99 30 30 14,,"Child Ages: 14  Non-Smoking  Promos: European Economic Area  There is no meal option with this room. Children and Extra Bed Policy: Children of any age are allowed. You haven't added any cots. You haven't added any extra beds. The maximum number of guests is 4.  Deposit Policy: The guest will be charged a prepayment of the total price of the reservation at any time.  Cancellation Policy: The guest can cancel free of charge until 7 days before arrival. The guest will be charged the total price of the reservation if they cancel in the 7 days before arrival. If the guest doesn’t show up, they will be charged the total price of the reservation.  payment_on_Booking.com (Payout type: BankTransfer)  ** THIS RESERVATION HAS BEEN PRE-PAID ** BOOKING NOTE : Payment charge is GBP 5.3312  Genius Booker ",,,,,"2026-08-08",,,,
Hotel Orlando by PLI,2026-08-01T20:41:51,158-519-662,JLW-482-422,2524229413,,FATIMA DEL PINO,ALMEIDA HENRIQUEZ,"2026-10-05","2026-10-10",5,Family Studio SR,Non Refundable,Flat 20 ( Basement sino ),,2,0,GBP,560.08,460.08,440.08,120.00,Online,Expedia Affiliate Network,Expedia & Affiliate Network,On Account,Confirmed,,booking@grupocdv.com,111111111111,,"2 Queen Beds and 1 Queen Sofa Bed Expedia collects payment from traveler: Hotel invoices Expedia. ",,,,,"2026-08-01",,,,
Hotel Orlando by PLI,2026-08-31T22:37:49,251-092-994,OKO-565-491,2547686596,,Cléo,Veron,"2026-10-05","2026-10-08",3,Triple room-Standard-Ensuite,,S Room 23 GF,,3,0,GBP,0.00,0.00,0.00,0.00,Online,Expedia Affiliate Network,Expedia & Affiliate Network,On Account,Canceled,,cleoveron807@gmail.com,+33609844683,,"1 Twin Bed and 1 Queen Bed Expedia collects payment from traveler: Hotel invoices Expedia. ",,,,,"2026-08-31",,,,
Hotel Orlando by PLI,2026-03-04T15:17:42,343-658-104,MMI-505-694,1418fb94e984-197b63fbd63202dc9fbcc880aa36cbb4@airbnb.com,,Reserved,iCal,"2026-10-05","2026-10-07",2,Studio-Basic-Ensuite,Base Rate,Flat 24  ( GF Sino ),,1,0,GBP,0.00,0.00,0.00,0.00,iCal,ical1,,Deposit (Variable),Confirmed,,,,,Reservation URL: https://www.airbnb.com/hosting/reservations/details/HMRJFF3KYY,,,,,"2026-03-04",,,,
Hotel Orlando by PLI,2025-08-08T23:31:48,431-833-221,VUK-534-669,5660046772,,Andreea,Epure,"2026-10-05","2026-10-14",9,Double room-Ensuite,,S Room 18 BF,,2,0,GBP,0.00,0.00,0.00,0.00,Online,Booking.com,Booking.com,On Account,Canceled,,aepure.977225@guest.booking.com,+41 76 220 71 25,,"Non-Smoking  Promos: Mobile(App) Rate  There is no meal option with this room. Children and Extra Bed Policy: Children of any age are allowed. You haven't added any cots. You haven't added any extra beds. The maximum number of guests is 2.  Deposit Policy: The guest will be charged a prepayment of the total price of the reservation at any time.  Cancellation Policy: The guest can cancel free of charge until 7 days before arrival. The guest will be charged the total price of the reservation if they cancel in the 7 days before arrival.  payment_on_Booking.com (Payout type: BankTransfer)  ** THIS RESERVATION HAS BEEN PRE-PAID ** BOOKING NOTE : Payment charge is GBP 10.7376  Genius Booker ",,,,,"2025-08-08",,,,
Hotel Orlando by PLI,2026-09-14T19:16:55,592-523-641,SCW-564-085,2558728242,,Alejandro,Granados Chinchilla,"2026-10-05","2026-10-10",5,Double room-Ensuite,Non Refundable,S Room 18 BF,,2,0,GBP,484.48,384.48,364.48,120.00,Online,Expedia,Expedia & Affiliate Network,On Account,Confirmed,,paularodri2007@gmail.com,1111111111,,"1 Double Bed Expedia collects payment from traveler: Hotel invoices Expedia. ",,,,,"2026-09-14",,,,
Hotel Orlando by PLI,2026-09-17T15:01:42,910-081-221,CNL-421-994,2561121892,,Chido,Mudzinganyama,"2026-10-05","2026-10-10",5,Double room-Ensuite,Non Refundable,S Room 25 Mid 1st F,,1,0,GBP,524.00,0.00,404.00,120.00,Online,Expedia,Expedia & Affiliate Network,Pay On Arrival,Confirmed,,mudzi29@gmail.com,111111111111,,"Hotel collects payment from the traveler ",,,,,"2026-09-17",,,,
Hotel Orlando by PLI,2026-08-14T19:37:31,938-395-604,IBI-149-740,5997757517,,Nerea,Sebastián Sanchez,"2026-10-05","2026-10-10",5,Triple room-Standard-Ensuite,Non Refundable,S Room 34 3rd F,,3,0,GBP,492.60,392.60,372.60,120.00,Online,Booking.com,Booking.com,On Account,Confirmed,,eiderfs07@gmail.com,+34625853714,,"Non-Smoking  Promos: European Economic Area  There is no meal option with this room. Children and Extra Bed Policy: Children of any age are allowed. You haven't added any cots. You haven't added any extra beds. The maximum number of guests is 3.  Deposit Policy: The guest will be charged a prepayment of the total price of the reservation at any time.  Cancellation Policy: The guest can cancel free of charge until 7 days before arrival. The guest will be charged the total price of the reservation if they cancel in the 7 days before arrival. If the guest doesn’t show up, they will be charged the total price of the reservation.  payment_on_Booking.com (Payout type: BankTransfer)  ** THIS RESERVATION HAS BEEN PRE-PAID ** Approximate time of arrival: between 08:00 and 09:00 BOOKING NOTE : Payment charge is GBP 6.2816  Genius Booker ",,,,,"2026-08-14",,,,
Hotel Orlando by PLI,2026-08-21T13:42:06,988-494-191,MPD-187-389,5476322948,,HARRIET,SEFFAH YEBOAH,"2026-10-05","2026-10-12",7,Single room-Standard-Ensuite,Non Refundable,S Room 32 2nd F,,1,0,GBP,604.00,504.00,484.00,120.00,Online,Booking.com,Booking.com,On Account,Confirmed,,hyeboa.209615@guest.booking.com,+233 24 512 3456,,"Non-Smoking  There is no meal option with this room. Children and Extra Bed Policy: Children of any age are allowed. You haven't added any cots. You haven't added any extra beds. The maximum number of guests is 1.  Deposit Policy: The guest will be charged a prepayment of the total price of the reservation at any time.  Cancellation Policy: The guest can cancel free of charge until 7 days before arrival. The guest will be charged the total price of the reservation if they cancel in the 7 days before arrival. If the guest doesn’t show up, they will be charged the total price of the reservation.  payment_on_Booking.com (Payout type: BankTransfer)  ** THIS RESERVATION HAS BEEN PRE-PAID ** BOOKING NOTE : Payment charge is GBP 8.064 ",,,,,"2026-08-21",,,,
Hotel Orlando by PLI,2025-12-16T21:22:24,634-038-022,WRK-349-083,5550447600,,Sergio,Monopoli,"2026-10-06","2026-10-10",4,Double room-Ensuite,,S Room 18 BF,,2,0,GBP,0.00,0.00,0.00,0.00,Online,Booking.com,Booking.com,On Account,Canceled,,smonop.794756@guest.booking.com,+39 347 990 3098,,"Non-Smoking  Promos: European Economic Area  There is no meal option with this room. Children and Extra Bed Policy: Children of any age are allowed. You haven't added any cots. You haven't added any extra beds. The maximum number of guests is 2.  Deposit Policy: The guest will be charged a prepayment of the total price of the reservation at any time.  Cancellation Policy: The guest can cancel free of charge until 7 days before arrival. The guest will be charged the total price of the reservation if they cancel in the 7 days before arrival.  payment_on_Booking.com (Payout type: BankTransfer)  ** THIS RESERVATION HAS BEEN PRE-PAID ** Approximate time of arrival: between 12:00 and 13:00 BOOKING NOTE : Payment charge is GBP 4.9856  Genius Booker ",,,,,"2025-12-16",,,,
Hotel Orlando by PLI,2026-08-21T18:35:56,642-244-842,VMT-806-080,2540125071,,Adrián,Soguero Ruiz,"2026-10-06","2026-10-10",4,Family room-Standard-Ensuite,,S Room 19 BF,,4,0,GBP,0.00,0.00,0.00,0.00,Online,Expedia Affiliate Network,Expedia & Affiliate Network,On Account,Canceled,,ruizsoguero@gmail.com,11111111111,,"1 Twin Bed, 1 Queen Bed and 1 Twin Sofa Bed Expedia collects payment from traveler: Hotel invoices Expedia. ",,,,,"2026-08-21",,,,
Hotel Orlando by PLI,2026-09-07T22:08:49,804-141-844,QUC-265-017,6873367470,,Adrián,Soguero,"2026-10-06","2026-10-10",4,Family room-Standard-Ensuite,Non Refundable,S Room 19 BF,,5,0,GBP,498.00,398.00,378.00,120.00,Online,Booking.com,Booking.com,On Account,Confirmed,,asogue.686831@guest.booking.com,+34 680 51 28 01,,"Non-Smoking  Promos: European Economic Area  There is no meal option with this room. Children and Extra Bed Policy: Children of any age are allowed. You haven't added any cots. You haven't added any extra beds. The maximum number of guests is 5.  Deposit Policy: The guest will be charged a prepayment of the total price of the reservation at any time.  Cancellation Policy: The guest can cancel free of charge until 7 days before arrival. The guest will be charged the total price of the reservation if they cancel in the 7 days before arrival. If the guest doesn’t show up, they will be charged the total price of the reservation.  payment_on_Booking.com (Payout type: BankTransfer)  ** THIS RESERVATION HAS BEEN PRE-PAID ** BOOKING NOTE : Payment charge is GBP 6.368  Genius Booker ",,,,,"2026-09-07",,,,
Hotel Orlando by PLI,2026-01-10T15:03:07,904-333-152,BQW-788-892,6835938643,,Giuseppe,Danna,"2026-10-06","2026-10-10",4,Triple room-Standard-Ensuite,Non Refundable,S Room 33 3rd F - W/Microwave &Fridge,,3,0,GBP,338.75,338.75,318.75,20.00,Online,Booking.com,Booking.com,On Account,Confirmed,,gdanna.758457@guest.booking.com,+39 320 778 6602,,"Non-Smoking  Promos: Mobile(App) Rate  There is no meal option with this room. Children and Extra Bed Policy: Children of any age are allowed. You haven't added any cots. You haven't added any extra beds. The maximum number of guests is 3.  Deposit Policy: The guest will be charged a prepayment of the total price of the reservation at any time.  Cancellation Policy: The guest can cancel free of charge until 7 days before arrival. The guest will be charged the total price of the reservation if they cancel in the 7 days before arrival.  payment_on_Booking.com (Payout type: BankTransfer)  ** THIS RESERVATION HAS BEEN PRE-PAID ** BOOKING NOTE : Payment charge is GBP 5.42  Genius Booker ",,,,,"2026-01-10",,,,
Hotel Orlando by PLI,2026-02-22T23:11:48,051-923-491,XAW-907-866,5231255219,,Marco,Filippi,"2026-10-07","2026-10-12",5,Quad room-Standard-Ensuite,Base Rate,S Room 22 GF -2Ds W/Microwave &Fridge,,2,2,GBP,416.95,416.95,396.95,20.00,Online,Booking.com,Booking.com,On Account,Confirmed,,mfilip.149490@guest.booking.com,+39 346 396 0210,,"Child Ages: 5, 7  Non-Smoking  Promos: Mobile(App) Rate  There is no meal option with this room. Children and Extra Bed Policy: Children of any age are allowed. You haven't added any cots. You haven't added any extra beds. The maximum number of guests is 4.  Deposit Policy: The guest will be charged a prepayment of the total price of the reservation at any time.  Cancellation Policy: The guest will be charged the total price of the reservation if they cancel at any time.  payment_on_Booking.com (Payout type: BankTransfer)  ** THIS RESERVATION HAS BEEN PRE-PAID ** BOOKING NOTE : Payment charge is GBP 6.6712  Genius Booker ",,,,,"2026-02-22",,,DONT MOVE,
Hotel Orlando by PLI,2026-01-15T05:32:38,081-825-164,BKP-001-114,1418fb94e984-7431d18e553f671653598cd4c59fb8bb@airbnb.com,,Reserved,iCal,"2026-10-07","2026-10-15",8,Studio-Basic-Ensuite,,Flat 24  ( GF Sino ),,1,0,GBP,0.00,0.00,0.00,0.00,iCal,ical1,,Deposit (Variable),Canceled,,,,,Reservation URL: https://www.airbnb.com/hosting/reservations/details/HMARM3HEX8,,,,,"2026-01-15",,,,
Hotel Orlando by PLI,2026-06-17T13:55:45,114-450-541,FEW-185-104,5113572277,,Susanna,Bianchin,"2026-10-07","2026-10-11",4,Single room-Standard-Ensuite,Non Refundable,Room 15 3rd Floor,,1,0,GBP,465.60,365.60,345.60,120.00,Online,Booking.com,Booking.com,On Account,Confirmed,,sbianc.803756@guest.booking.com,+44 7395 733419,,"Non-Smoking  Promos: Domestic  There is no meal option with this room. Children and Extra Bed Policy: Children of any age are allowed. You haven't added any cots. You haven't added any extra beds. The maximum number of guests is 1.  Deposit Policy: The guest will be charged a prepayment of the total price of the reservation at any time.  Cancellation Policy: The guest can cancel free of charge until 7 days before arrival. The guest will be charged the total price of the reservation if they cancel in the 7 days before arrival. If the guest doesn’t show up, they will be charged the total price of the reservation.  payment_on_Booking.com (Payout type: BankTransfer)  ** THIS RESERVATION HAS BEEN PRE-PAID ** BOOKING NOTE : Payment charge is GBP 5.8496  Genius Booker ",,,,,"2026-06-17",,,,
Hotel Orlando by PLI,2026-08-24T13:21:57,142-988-332,ZHC-311-188,6139024342,,Cynthia,Abajuo Onyiyechi,"2026-10-07","2026-10-11",4,Double room-Standard-Private Bathroom,48 Hours Flexible,Room 7 Mid-First Floor,,1,0,GBP,507.00,407.00,387.00,120.00,Online,Booking.com,Booking.com,On Account,Confirmed,,conyiy.542343@guest.booking.com,+234 811 812 1638,,"Non-Smoking  There is no meal option with this room. Children and Extra Bed Policy: Children of any age are allowed. You haven't added any cots. You haven't added any extra beds. The maximum number of guests is 2.  Deposit Policy: The guest will be charged a prepayment of the total price of the reservation at any time.  Cancellation Policy: The guest can cancel free of charge until 2 days before arrival. The guest will be charged the total price of the reservation if they cancel in the 2 days before arrival.  payment_on_Booking.com (Payout type: BankTransfer)  ** THIS RESERVATION HAS BEEN PRE-PAID ** BOOKING NOTE : Payment charge is GBP 6.512  Genius Booker ",,,,,"2026-08-24",,,,
Hotel Orlando by PLI,2026-05-30T08:09:37,188-494-644,KJM-971-869,2472343806,,Karen,Supapo,"2026-10-07","2026-10-14",7,Family Studio SR,,Flat 20 ( Basement sino ),,4,0,GBP,0.00,0.00,0.00,0.00,Online,Expedia Affiliate Network,Expedia & Affiliate Network,Pay On Arrival,Canceled,,csc@gzjoetravel.com,1111111111111,,"2 Queen Beds and 1 Queen Sofa Bed Expedia collects payment from traveler: Hotel charges virtual card. ",,,,,"2026-05-30",,,,
Hotel Orlando by PLI,2025-12-08T05:23:46,215-139-992,QUI-334-569,1418fb94e984-85ffde2cb7337e4d96162619c2141c3f@airbnb.com,,Reserved,iCal,"2026-10-07","2026-10-10",3,Quad Studio-Standard-Ensuite,,Flat 2 ( Basement Orlando ),,1,0,GBP,0.00,0.00,0.00,0.00,iCal,ical1,,Deposit (Variable),Canceled,,,,,Reservation URL: https://www.airbnb.com/hosting/reservations/details/HMRW5C5DKY,,,,,"2025-12-08",,,,
Hotel Orlando by PLI,2026-09-08T08:53:32,220-212-112,PWX-232-415,5635073976,,Rina,Brahimi,"2026-10-07","2026-10-10",3,Triple room-Standard-Private Bathroom,Non Refundable,Room 13 2nd Floor,,3,0,GBP,377.40,277.40,257.40,120.00,Online,Booking.com,Booking.com,On Account,Confirmed,,rbrahi.591357@guest.booking.com,+49 15563 321504,,"Non-Smoking  Promos: European Economic Area  There is no meal option with this room. Children and Extra Bed Policy: Children of any age are allowed. You haven't added any cots. You haven't added any extra beds. The maximum number of guests is 3.  Deposit Policy: The guest will be charged a prepayment of the total price of the reservation at any time.  Cancellation Policy: The guest will be charged the total price of the reservation if they cancel at any time.  payment_on_Booking.com (Payout type: BankTransfer)  ** THIS RESERVATION HAS BEEN PRE-PAID ** BOOKING NOTE : Payment charge is GBP 4.4384  Genius Booker ",,,,,"2026-09-08",,,,
Hotel Orlando by PLI,2026-09-17T14:11:34,221-899-532,UPT-016-591,5126022422,,Laura,Frances Sanchis,"2026-10-07","2026-10-11",4,Double room-Ensuite,Non Refundable,S Room 35 3rd F,,2,0,GBP,454.80,354.80,334.80,120.00,Online,Booking.com,Booking.com,On Account,Confirmed,,lsanch.266739@guest.booking.com,+34 674 95 36 30,,"Non-Smoking  Promos: European Economic Area  There is no meal option with this room. Children and Extra Bed Policy: Children of any age are allowed. You haven't added any cots. You haven't added any extra beds. The maximum number of guests is 2.  Deposit Policy: The guest will be charged a prepayment of the total price of the reservation at any time.  Cancellation Policy: The guest can cancel free of charge until 7 days before arrival. The guest will be charged the total price of the reservation if they cancel in the 7 days before arrival. If the guest doesn’t show up, they will be charged the total price of the reservation.  payment_on_Booking.com (Payout type: BankTransfer)  ** THIS RESERVATION HAS BEEN PRE-PAID ** BOOKING NOTE : Payment charge is GBP 5.6768  Genius Booker ",,,,,"2026-09-17",,,,
Hotel Orlando by PLI,2026-01-26T19:31:25,293-142-891,XJZ-517-780,6378237259,,Giada,Saccotelli,"2026-10-07","2026-10-13",6,Triple room-Standard-Ensuite,,S Room 23 GF,,3,0,GBP,0.00,0.00,0.00,0.00,Online,Booking.com,Booking.com,On Account,Canceled,,gsacco.390745@guest.booking.com,+39 345 108 4494,,"Non-Smoking  Promos: Mobile(MDot) Rate  There is no meal option with this room. Children and Extra Bed Policy: Children of any age are allowed. You haven't added any cots. You haven't added any extra beds. The maximum number of guests is 3.  Deposit Policy: The guest will be charged a prepayment of the total price of the reservation at any time.  Cancellation Policy: The guest can cancel free of charge until 7 days before arrival. The guest will be charged the total price of the reservation if they cancel in the 7 days before arrival.  payment_on_Booking.com (Payout type: BankTransfer)  ** THIS RESERVATION HAS BEEN PRE-PAID ** Approximate time of arrival: between 22:00 and 23:00 BOOKING NOTE : Payment charge is GBP 7.6912  Genius Booker ",,,,,"2026-01-26",,,,
Hotel Orlando by PLI,2026-08-23T22:48:25,324-625-432,NWQ-586-411,2541567327,,Pilar,Gomez Cerdan,"2026-10-07","2026-10-11",4,Quad room-Standard-Ensuite,Non Refundable,S Room 27 1st F  W/Fridge,,4,0,GBP,497.99,397.99,377.99,120.00,Online,Expedia Affiliate Network,Expedia & Affiliate Network,On Account,Confirmed,,pilargomezcer1978@gmail.com,11111111111,,"1 Queen Sofa Bed and 1 Double Bed Expedia collects payment from traveler: Hotel invoices Expedia. ",,,,,"2026-08-23",,,,
Hotel Orlando by PLI,2026-02-03T12:43:52,355-433-861,ZHC-793-254,1418fb94e984-7431d18e553f671653598cd4c59fb8bb@airbnb.com,,Reserved,iCal,"2026-10-07","2026-10-15",8,Studio-Basic-Ensuite,Base Rate,Flat 24  ( GF Sino ),,1,0,GBP,0.00,0.00,0.00,0.00,iCal,ical1,,Deposit (Variable),Confirmed,,,,,Reservation URL: https://www.airbnb.com/hosting/reservations/details/HMARM3HEX8,,,,,"2026-02-03",,,,
Hotel Orlando by PLI,2025-12-05T13:06:27,409-626-262,UCS-852-285,1418fb94e984-85ffde2cb7337e4d96162619c2141c3f@airbnb.com,,Reserved,iCal,"2026-10-07","2026-10-10",3,Quad Studio-Standard-Ensuite,,Flat 2 ( Basement Orlando ),,1,0,GBP,0.00,0.00,0.00,0.00,iCal,ical1,,Deposit (Variable),Canceled,,,,,Reservation URL: https://www.airbnb.com/hosting/reservations/details/HMRW5C5DKY,,,,,"2025-12-05",,,,
Hotel Orlando by PLI,2026-03-04T10:42:45,589-995-182,PSO-927-798,5219656682,,elisabetta,nico,"2026-10-07","2026-10-11",4,Family Studio SR,,Flat 20 ( Basement sino ),,2,4,GBP,0.00,0.00,0.00,0.00,Online,Booking.com,Booking.com,On Account,Canceled,,enico.553715@guest.booking.com,+39 331 963 8019,,"Child Ages: 3, 6, 8  Non-Smoking  Promos: European Economic Area  There is no meal option with this room. Children and Extra Bed Policy: Children of any age are allowed. You haven't added any extra beds. The maximum number of cots is 1. The maximum number of guests is 6.  Deposit Policy: The guest will be charged a prepayment of the total price of the reservation in the 5 days before arrival.  Cancellation Policy: The guest can cancel free of charge until 5 days before arrival. The guest will be charged the total price of the reservation if they cancel in the 5 days before arrival. If the guest doesn’t show up, they will be charged the total price of the reservation.  payment_on_Booking.com (Payout type: BankTransfer)  ** THIS RESERVATION HAS BEEN PRE-PAID ** BOOKING NOTE : Payment charge is GBP 7.2896  Genius Booker ",,,,,"2026-03-04",,,,
Hotel Orlando by PLI,2026-09-11T20:21:11,605-899-504,IWQ-488-701,2556680691,,Mina,Sundt,"2026-10-07","2026-10-13",6,Double room-Ensuite,,S Room 35 3rd F,,2,0,GBP,0.00,0.00,0.00,0.00,Online,Expedia,Expedia & Affiliate Network,Pay On Arrival,Canceled,,minaolsensundt@gmail.com,1111111111,,"Hotel collects payment from the traveler ",,,,,"2026-09-11",,,,
Hotel Orlando by PLI,2026-08-24T12:38:47,969-656-692,BBK-160-982,2541962034,,Kastriot,Vranovci,"2026-10-07","2026-10-11",4,Triple room-Standard-Private Bathroom,,Room 8 1st Floor,,2,1,GBP,0.00,0.00,0.00,0.00,Online,Expedia,Expedia & Affiliate Network,On Account,Canceled,,kastriot.vranovci@hotmail.com,111111111111,,"Expedia collects payment from traveler: Hotel invoices Expedia. ",,,,,"2026-08-24",,,,
Hotel Orlando by PLI,2026-07-28T18:35:58,038-001-162,BFN-075-039,5258991448,,Adria,Arsequell,"2026-10-08","2026-10-13",5,Triple room-Standard-Ensuite,,S Room 23 GF,,3,0,GBP,0.00,0.00,0.00,0.00,Online,Booking.com,Booking.com,On Account,Canceled,,aarseq.971045@guest.booking.com,+34 640 12 75 34,,"Non-Smoking  Promos: European Economic Area  There is no meal option with this room. Children and Extra Bed Policy: Children of any age are allowed. You haven't added any cots. You haven't added any extra beds. The maximum number of guests is 3.  Deposit Policy: The guest will be charged a prepayment of the total price of the reservation at any time.  Cancellation Policy: The guest can cancel free of charge until 7 days before arrival. The guest will be charged the total price of the reservation if they cancel in the 7 days before arrival. If the guest doesn’t show up, they will be charged the total price of the reservation.  payment_on_Booking.com (Payout type: BankTransfer)  ** THIS RESERVATION HAS BEEN PRE-PAID ** BOOKING NOTE : Payment charge is GBP 6.5696  Genius Booker ",,,,,"2026-07-28",,,,
Hotel Orlando by PLI,2026-06-09T17:00:38,106-431-992,ZYZ-591-876,5689617039,,beatriz,alonso hernandez,"2026-10-08","2026-10-12",4,Quad room-Standard-Ensuite,Non Refundable,S Room 31 2nd FF,,2,2,GBP,524.10,848.20,404.10,120.00,Online,Booking.com,Booking.com,On Account,Confirmed,,bherna.152873@guest.booking.com,+34 670 91 10 37,,"Group: 5 x Adult, 3 x Child  Child Ages: 10, 13  Non-Smoking  Promos: European Economic Area  There is no meal option with this room. Children and Extra Bed Policy: Children of any age are allowed. You haven't added any cots. You haven't added any extra beds. The maximum number of guests is 4.  Deposit Policy: The guest will be charged a prepayment of the total price of the reservation at any time.  Cancellation Policy: The guest can cancel free of charge until 7 days before arrival. The guest will be charged the total price of the reservation if they cancel in the 7 days before arrival. If the guest doesn’t show up, they will be charged the total price of the reservation.  payment_on_Booking.com (Payout type: BankTransfer)  ** THIS RESERVATION HAS BEEN PRE-PAID ** BOOKING NOTE : Payment charge is GBP 13.5712 Approximate time of arrival: between 23:00 and 00:00 This guest would like the rooms in this booking to be close together if possible.  Genius Booker ",,,,,"2026-06-09",,,,
Hotel Orlando by PLI,2026-09-14T20:05:23,150-081-941,MVZ-135-159,5362600462,,Damir,Jotić,"2026-10-08","2026-10-12",4,Triple room-Standard-Private Bathroom,Base Rate,Room 12 2nd Floor,,2,1,GBP,500.70,400.70,380.70,120.00,Online,Booking.com,Booking.com,On Account,Confirmed,,djotic.635295@guest.booking.com,+385 95 504 9774,,"Child Ages: 17  payment_on_Booking.com (Payout type: BankTransfer)  Non-Smoking  ** THIS RESERVATION HAS BEEN PRE-PAID ** BOOKING NOTE : Payment charge is GBP 6.4112  Genius Booker  Promos: European Economic Area  There is no meal option with this room. Children and Extra Bed Policy: Children of any age are allowed. You haven't added any cots. You haven't added any extra beds. The maximum number of guests is 3.  Deposit Policy: The guest will be charged a prepayment of the total price of the reservation at any time.  Cancellation Policy: The guest can cancel free of charge until 7 days before arrival. The guest will be charged the total price of the reservation if they cancel in the 7 days before arrival. If the guest doesn’t show up, they will be charged the total price of the reservation.",,,,,"2026-09-14",,,,
Hotel Orlando by PLI,2026-03-22T13:48:57,206-611-812,CBV-463-927,5884862024,,Carlos,Alarcon,"2026-10-08","2026-10-12",4,Quad room-Standard-Ensuite,,S Room 22 GF -2Ds W/Microwave &Fridge,,2,2,GBP,0.00,0.00,0.00,0.00,Online,Booking.com,Booking.com,On Account,Canceled,,calarc.750682@guest.booking.com,+34 625 57 13 10,,"Child Ages: 13, 5  Non-Smoking  Promos: Mobile(App) Rate  There is no meal option with this room. Children and Extra Bed Policy: Children of any age are allowed. You haven't added any cots. You haven't added any extra beds. The maximum number of guests is 4.  Deposit Policy: The guest will be charged a prepayment of the total price of the reservation in the 5 days before arrival.  Cancellation Policy: The guest can cancel free of charge until 5 days before arrival. The guest will be charged the total price of the reservation if they cancel in the 5 days before arrival. If the guest doesn’t show up, they will be charged the total price of the reservation.  payment_on_Booking.com (Payout type: BankTransfer)  ** THIS RESERVATION HAS BEEN PRE-PAID ** BOOKING NOTE : Payment charge is GBP 6.0184  Genius Booker ",,,,,"2026-03-22",,,,
Hotel Orlando by PLI,2026-07-30T10:04:28,244-486-414,BNM-293-111,5773130251,,VASILEIOS,KONIOS,"2026-10-08","2026-10-11",3,Triple room-Standard-Ensuite,,S Room 23 GF,,2,1,GBP,0.00,0.00,0.00,0.00,Online,Booking.com,Booking.com,On Account,Canceled,,vkonio.151842@guest.booking.com,+30 2035640799,,"Child Ages: 10  Non-Smoking  Promos: European Economic Area  There is no meal option with this room. Children and Extra Bed Policy: Children of any age are allowed. You haven't added any cots. You haven't added any extra beds. The maximum number of guests is 3.  Deposit Policy: The guest will be charged a prepayment of the total price of the reservation at any time.  Cancellation Policy: The guest can cancel free of charge until 7 days before arrival. The guest will be charged the total price of the reservation if they cancel in the 7 days before arrival. If the guest doesn’t show up, they will be charged the total price of the reservation.  payment_on_Booking.com (Payout type: BankTransfer)  ** THIS RESERVATION HAS BEEN PRE-PAID ** BOOKING NOTE : Payment charge is GBP 4.3808 ",,,,,"2026-07-30",,,,
Hotel Orlando by PLI,2025-11-29T15:16:44,246-801-254,KCQ-153-962,6200436064,,Aramendi,Oihana,"2026-10-08","2026-10-12",4,Family Studio SR,,Flat 20 ( Basement sino ),,2,2,GBP,0.00,0.00,0.00,0.00,Online,Booking.com,Booking.com,On Account,Canceled,,aoihan.275162@guest.booking.com,+34 652 73 52 43,,"Child Ages: 10, 8  Non-Smoking  Promos: Mobile(MDot) Rate  There is no meal option with this room. Children and Extra Bed Policy: Children of any age are allowed. You haven't added any extra beds. The maximum number of cots is 1. The maximum number of guests is 6.  Deposit Policy: The guest will be charged a prepayment of the total price of the reservation at any time.  Cancellation Policy: The guest can cancel free of charge until 7 days before arrival. The guest will be charged the total price of the reservation if they cancel in the 7 days before arrival.  payment_on_Booking.com (Payout type: BankTransfer)  ** THIS RESERVATION HAS BEEN PRE-PAID ** BOOKING NOTE : Payment charge is GBP 6.6984 Approximate time of arrival: between 19:00 and 20:00  Genius Booker ",,,,,"2025-11-29",,,,
Hotel Orlando by PLI,2026-09-14T19:19:42,254-560-332,SMB-488-993,6692282242,,Burcu,Oflaz,"2026-10-08","2026-10-12",4,Twin room-Standard-Private Bathroom,Base Rate,Room 16 3rd Floor,,2,0,GBP,472.80,372.80,352.80,120.00,Online,Booking.com,Booking.com,On Account,Confirmed,,boflaz.693911@guest.booking.com,+49 203 5640799,,"Non-Smoking  Promos: European Economic Area  There is no meal option with this room. Children and Extra Bed Policy: Children of any age are allowed. You haven't added any cots. You haven't added any extra beds. The maximum number of guests is 2.  Deposit Policy: The guest will be charged a prepayment of the total price of the reservation at any time.  Cancellation Policy: The guest can cancel free of charge until 7 days before arrival. The guest will be charged the total price of the reservation if they cancel in the 7 days before arrival. If the guest doesn’t show up, they will be charged the total price of the reservation.  payment_on_Booking.com (Payout type: BankTransfer)  ** THIS RESERVATION HAS BEEN PRE-PAID ** BOOKING NOTE : Payment charge is GBP 5.9648 NonSmoke, TwinBeds ",,,,,"2026-09-14",,,,
Hotel Orlando by PLI,2026-08-28T23:32:13,289-065-154,MHO-121-933,6542502090,,Cynthia,Serrano,"2026-10-08","2026-10-13",5,Quad room-Standard-Ensuite,,S Room 21 GF - SofaBed,,3,0,GBP,0.00,0.00,0.00,0.00,Online,Booking.com,Booking.com,On Account,Canceled,,cserra.718683@guest.booking.com,+34 647 18 66 74,,"Group: 5 x Adult, 0 x Child  Non-Smoking  Promos: European Economic Area  There is no meal option with this room. Children and Extra Bed Policy: Children of any age are allowed. You haven't added any cots. You haven't added any extra beds. The maximum number of guests is 2.  Deposit Policy: The guest will be charged a prepayment of the total price of the reservation at any time.  Cancellation Policy: The guest can cancel free of charge until 7 days before arrival. The guest will be charged the total price of the reservation if they cancel in the 7 days before arrival. If the guest doesn’t show up, they will be charged the total price of the reservation.  payment_on_Booking.com (Payout type: BankTransfer)  ** THIS RESERVATION HAS BEEN PRE-PAID ** BOOKING NOTE : Payment charge is GBP 14.2192  Genius Booker ",,,,,"2026-08-28",,,,
Hotel Orlando by PLI,2026-08-07T21:38:37,290-654-411,STT-781-675,2529251182,,Adrian,Gallen Cervera,"2026-10-08","2026-10-12",4,Double room-Standard-Private Bathroom,Non Refundable,Room 1 BF,,2,0,GBP,411.59,311.59,291.59,120.00,Online,Expedia,Expedia & Affiliate Network,On Account,Confirmed,,luciacabellos1998@gmail.com,1111111111,,"1 Queen Bed Expedia collects payment from traveler: Hotel invoices Expedia. ",,,,,"2026-08-07",,,,
Hotel Orlando by PLI,2026-06-09T17:00:38,298-160-511,ZYZ-591-876,5689617039,,beatriz,alonso hernandez,"2026-10-08","2026-10-12",4,Quad room-Standard-Ensuite,Non Refundable,"S Room 26 1st F (1D,2S) - W/Fridge",,3,1,GBP,524.10,See 106-431-992,404.10,120.00,Online,Booking.com,Booking.com,On Account,Confirmed,,bherna.152873@guest.booking.com,+34 670 91 10 37,,"Group: 5 x Adult, 3 x Child  Child Ages: 13  Non-Smoking  Promos: European Economic Area  There is no meal option with this room. Children and Extra Bed Policy: Children of any age are allowed. You haven't added any cots. You haven't added any extra beds. The maximum number of guests is 4.  Deposit Policy: The guest will be charged a prepayment of the total price of the reservation at any time.  Cancellation Policy: The guest can cancel free of charge until 7 days before arrival. The guest will be charged the total price of the reservation if they cancel in the 7 days before arrival. If the guest doesn’t show up, they will be charged the total price of the reservation.  payment_on_Booking.com (Payout type: BankTransfer)  ** THIS RESERVATION HAS BEEN PRE-PAID ** BOOKING NOTE : Payment charge is GBP 13.5712 Approximate time of arrival: between 23:00 and 00:00 This guest would like the rooms in this booking to be close together if possible.  Genius Booker ",,,,,"2026-06-09",,,,
Hotel Orlando by PLI,2026-03-29T18:19:36,342-463-362,FTL-199-756,5824647508,,Óscar,Mas Almira,"2026-10-08","2026-10-12",4,Triple room-Standard-Private Bathroom,,Room 13 2nd Floor,,2,0,GBP,0.00,0.00,0.00,0.00,Online,Booking.com,Booking.com,On Account,Canceled,,oalmir.368090@guest.booking.com,+34 633 63 63 58,,"Group: 5 x Adult, 0 x Child  Non-Smoking  Promos: European Economic Area  There is no meal option with this room. Children and Extra Bed Policy: Children of any age are allowed. You haven't added any cots. You haven't added any extra beds. The maximum number of guests is 3.  Deposit Policy: The guest will be charged a prepayment of the total price of the reservation in the 5 days before arrival.  Cancellation Policy: The guest can cancel free of charge until 5 days before arrival. The guest will be charged the total price of the reservation if they cancel in the 5 days before arrival. If the guest doesn’t show up, they will be charged the total price of the reservation.  payment_on_Booking.com (Payout type: BankTransfer)  ** THIS RESERVATION HAS BEEN PRE-PAID ** BOOKING NOTE : Payment charge is GBP 11.6272 We would like the rooms to be as close as possible from each other. Thanks in advance  Genius Booker ",,,,,"2026-03-29",,,DONT MOVE,
Hotel Orlando by PLI,2026-03-22T09:59:44,368-686-634,YZO-358-729,5551451490,,Maria,Teresa Belloch Gimeno,"2026-10-08","2026-10-12",4,Family room-Standard-Ensuite,,S Room 19 BF,,5,0,GBP,0.00,0.00,0.00,0.00,Online,Booking.com,Booking.com,On Account,Canceled,,mgimen.367663@guest.booking.com,+34 653 58 89 64,,"Non-Smoking  Promos: Mobile(App) Rate  There is no meal option with this room. Children and Extra Bed Policy: Children of any age are allowed. You haven't added any cots. You haven't added any extra beds. The maximum number of guests is 5.  Deposit Policy: The guest will be charged a prepayment of the total price of the reservation in the 5 days before arrival.  Cancellation Policy: The guest can cancel free of charge until 5 days before arrival. The guest will be charged the total price of the reservation if they cancel in the 5 days before arrival. If the guest doesn’t show up, they will be charged the total price of the reservation.  payment_on_Booking.com (Payout type: BankTransfer)  ** THIS RESERVATION HAS BEEN PRE-PAID ** BOOKING NOTE : Payment charge is GBP 6.2904 ",,,,,"2026-03-22",,,,
Hotel Orlando by PLI,2026-09-09T20:46:08,401-268-692,WOA-188-566,6409457136,,Ramon,Ribera Moreno,"2026-10-08","2026-10-11",3,Double room-Ensuite,Non Refundable,S Room 29 Mid 2nd F,,2,0,GBP,378.30,278.30,258.30,120.00,Online,Booking.com,Booking.com,On Account,Confirmed,,rmoren.223589@guest.booking.com,+34 683 31 12 10,,"Non-Smoking  Promos: European Economic Area  There is no meal option with this room. Children and Extra Bed Policy: Children of any age are allowed. You haven't added any cots. You haven't added any extra beds. The maximum number of guests is 2.  Deposit Policy: The guest will be charged a prepayment of the total price of the reservation at any time.  Cancellation Policy: The guest can cancel free of charge until 7 days before arrival. The guest will be charged the total price of the reservation if they cancel in the 7 days before arrival. If the guest doesn’t show up, they will be charged the total price of the reservation.  payment_on_Booking.com (Payout type: BankTransfer)  ** THIS RESERVATION HAS BEEN PRE-PAID ** BOOKING NOTE : Payment charge is GBP 4.4528  Genius Booker ",,,,,"2026-09-09",,,,
Hotel Orlando by PLI,2026-09-06T11:50:49,453-949-111,LYA-535-532,2552242709,,Rasmus Weien Lintrup,Svendsen,"2026-10-08","2026-10-12",4,Triple room-Standard-Ensuite,Non Refundable,S Room 23 GF,,2,1,GBP,473.70,0.00,353.70,120.00,Online,Hotels.com,Expedia & Affiliate Network,Pay On Arrival,Confirmed,,pta62tez@gmail.com,1111111111,,"Hotel collects payment from the traveler ",,,,,"2026-09-06",,,,
Hotel Orlando by PLI,2026-08-05T18:03:00,484-541-321,ZZY-656-939,5741270842,,Picó,Vazquez Francisco,"2026-10-08","2026-10-12",4,Triple room-Standard-Ensuite,,S Room 33 3rd F - W/Microwave &Fridge,,3,0,GBP,0.00,0.00,0.00,0.00,Online,Booking.com,Booking.com,On Account,Canceled,,pfranc.549789@guest.booking.com,+34 722 38 32 08,,"Non-Smoking  Promos: European Economic Area  There is no meal option with this room. Children and Extra Bed Policy: Children of any age are allowed. You haven't added any cots. You haven't added any extra beds. The maximum number of guests is 3.  Deposit Policy: The guest will be charged a prepayment of the total price of the reservation at any time.  Cancellation Policy: The guest can cancel free of charge until 7 days before arrival. The guest will be charged the total price of the reservation if they cancel in the 7 days before arrival. If the guest doesn’t show up, they will be charged the total price of the reservation.  payment_on_Booking.com (Payout type: BankTransfer)  ** THIS RESERVATION HAS BEEN PRE-PAID ** BOOKING NOTE : Payment charge is GBP 5.4464  Genius Booker ",,,,,"2026-08-05",,,,
Hotel Orlando by PLI,2026-07-29T16:32:51,518-165-141,BYR-512-468,5437938161,,Baldeon,García Silvia,"2026-10-08","2026-10-11",3,Triple room-Standard-Ensuite,,S Room 23 GF,,2,1,GBP,0.00,0.00,0.00,0.00,Online,Booking.com,Booking.com,On Account,Canceled,,bsilvi.548127@guest.booking.com,+51 984 462 191,,"Child Ages: 15  Non-Smoking  There is no meal option with this room. Children and Extra Bed Policy: Children of any age are allowed. You haven't added any cots. You haven't added any extra beds. The maximum number of guests is 3.  Deposit Policy: The guest will be charged a prepayment of the total price of the reservation at any time.  Cancellation Policy: The guest can cancel free of charge until 7 days before arrival. The guest will be charged the total price of the reservation if they cancel in the 7 days before arrival. If the guest doesn’t show up, they will be charged the total price of the reservation.  payment_on_Booking.com (Payout type: BankTransfer)  ** THIS RESERVATION HAS BEEN PRE-PAID ** BOOKING NOTE : Payment charge is GBP 4.832 Approximate time of arrival: between 13:00 and 14:00 Realizan guardiania de maletas? Es para el dìa que realizare el check out  Genius Booker ",,,,,"2026-07-29",,,,
Hotel Orlando by PLI,2026-03-22T22:56:51,558-825-684,TOI-316-749,6001235916,,Pili,Fernandez,"2026-10-08","2026-10-12",4,Quad room-Standard-Ensuite,,S Room 27 1st F  W/Fridge,,4,0,GBP,0.00,0.00,0.00,0.00,Online,Booking.com,Booking.com,On Account,Canceled,,pferna.529130@guest.booking.com,+34 622 30 86 07,,"Non-Smoking  Promos: Mobile(App) Rate  There is no meal option with this room. Children and Extra Bed Policy: Children of any age are allowed. You haven't added any cots. You haven't added any extra beds. The maximum number of guests is 4.  Deposit Policy: The guest will be charged a prepayment of the total price of the reservation in the 5 days before arrival.  Cancellation Policy: The guest can cancel free of charge until 5 days before arrival. The guest will be charged the total price of the reservation if they cancel in the 5 days before arrival. If the guest doesn’t show up, they will be charged the total price of the reservation.  payment_on_Booking.com (Payout type: BankTransfer)  ** THIS RESERVATION HAS BEEN PRE-PAID ** BOOKING NOTE : Payment charge is GBP 6.0592  Genius Booker ",,,,,"2026-03-22",,,,
Hotel Orlando by PLI,2025-08-28T13:08:38,634-335-284,FHX-645-232,6260968598,,Giuseppe,Danna,"2026-10-08","2026-10-10",2,Twin room-Standard-Private Bathroom,,Room 16 3rd Floor,,2,0,GBP,0.00,0.00,0.00,0.00,Online,Booking.com,Booking.com,On Account,Canceled,,gdanna.347116@guest.booking.com,+39 320 778 6602,,"payment_on_Booking.com (Payout type: BankTransfer)  Non-Smoking  ** THIS RESERVATION HAS BEEN PRE-PAID ** BOOKING NOTE : Payment charge is GBP 1.456  Genius Booker  Promos: European Economic Area  There is no meal option with this room. Children and Extra Bed Policy: Children of any age are allowed. You haven't added any cots. You haven't added any extra beds. The maximum number of guests is 2.  Deposit Policy: The guest will be charged a prepayment of the total price of the reservation at any time.  Cancellation Policy: The guest can cancel free of charge until 7 days before arrival. The guest will be charged the total price of the reservation if they cancel in the 7 days before arrival.",,,,,"2025-08-28",,,,
Hotel Orlando by PLI,2026-03-29T18:19:36,681-590-202,FTL-199-756,5824647508,,Óscar,Mas Almira,"2026-10-08","2026-10-12",4,Double room-Standard-Private Bathroom,,Room 14 2nd Floor,,3,0,GBP,0.00,See 342-463-362,0.00,0.00,Online,Booking.com,Booking.com,On Account,Canceled,,oalmir.368090@guest.booking.com,+34 633 63 63 58,,"Group: 5 x Adult, 0 x Child  Non-Smoking  Promos: European Economic Area  There is no meal option with this room. Children and Extra Bed Policy: Children of any age are allowed. You haven't added any cots. You haven't added any extra beds. The maximum number of guests is 3.  Deposit Policy: The guest will be charged a prepayment of the total price of the reservation in the 5 days before arrival.  Cancellation Policy: The guest can cancel free of charge until 5 days before arrival. The guest will be charged the total price of the reservation if they cancel in the 5 days before arrival. If the guest doesn’t show up, they will be charged the total price of the reservation.  payment_on_Booking.com (Payout type: BankTransfer)  ** THIS RESERVATION HAS BEEN PRE-PAID ** BOOKING NOTE : Payment charge is GBP 11.6272 We would like the rooms to be as close as possible from each other. Thanks in advance  Genius Booker ",,,,,"2026-03-29",,,DONT MOVE,
Hotel Orlando by PLI,2026-09-13T16:46:51,802-042-831,BEX-377-824,6727326859,,Julianna,Chodor,"2026-10-08","2026-10-11",3,Double room-Standard-Private Bathroom,Non Refundable,Room 6 GF,,2,0,GBP,381.90,281.90,261.90,120.00,Online,Booking.com,Booking.com,On Account,Confirmed,,jchodo.772328@guest.booking.com,+44 7544 433263,,"Non-Smoking  Promos: Domestic  There is no meal option with this room. Children and Extra Bed Policy: Children of any age are allowed. You haven't added any cots. You haven't added any extra beds. The maximum number of guests is 2.  Deposit Policy: The guest will be charged a prepayment of the total price of the reservation at any time.  Cancellation Policy: The guest will be charged the total price of the reservation if they cancel at any time.  payment_on_Booking.com (Payout type: BankTransfer)  ** THIS RESERVATION HAS BEEN PRE-PAID ** BOOKING NOTE : Payment charge is GBP 4.5104  Genius Booker ",,,,,"2026-09-13",,,,
Hotel Orlando by PLI,2026-08-28T23:32:13,861-353-014,MHO-121-933,6542502090,,Cynthia,Serrano,"2026-10-08","2026-10-13",5,Double room-Ensuite,,S Room 25 Mid 1st F,,2,0,GBP,0.00,See 289-065-154,0.00,0.00,Online,Booking.com,Booking.com,On Account,Canceled,,cserra.718683@guest.booking.com,+34 647 18 66 74,,"Group: 5 x Adult, 0 x Child  Non-Smoking  Promos: European Economic Area  There is no meal option with this room. Children and Extra Bed Policy: Children of any age are allowed. You haven't added any cots. You haven't added any extra beds. The maximum number of guests is 2.  Deposit Policy: The guest will be charged a prepayment of the total price of the reservation at any time.  Cancellation Policy: The guest can cancel free of charge until 7 days before arrival. The guest will be charged the total price of the reservation if they cancel in the 7 days before arrival. If the guest doesn’t show up, they will be charged the total price of the reservation.  payment_on_Booking.com (Payout type: BankTransfer)  ** THIS RESERVATION HAS BEEN PRE-PAID ** BOOKING NOTE : Payment charge is GBP 14.2192  Genius Booker ",,,,,"2026-08-28",,,,
Hotel Orlando by PLI,2026-07-28T21:29:31,889-504-494,ZLT-658-797,5753742795,,Adrià,Arsequell,"2026-10-08","2026-10-13",5,Quad Studio-Standard-Ensuite,Non Refundable,Flat 5 ( GF Orlando ),,3,0,GBP,574.50,474.50,454.50,120.00,Online,Booking.com,Booking.com,On Account,Confirmed,,aarseq.406211@guest.booking.com,+34 640 12 75 34,,"Non-Smoking  Promos: European Economic Area  There is no meal option with this room. Children and Extra Bed Policy: Children of any age are allowed. You haven't added any cots. You haven't added any extra beds. The maximum number of guests is 4.  Deposit Policy: The guest will be charged a prepayment of the total price of the reservation at any time.  Cancellation Policy: The guest can cancel free of charge until 7 days before arrival. The guest will be charged the total price of the reservation if they cancel in the 7 days before arrival. If the guest doesn’t show up, they will be charged the total price of the reservation.  payment_on_Booking.com (Payout type: BankTransfer)  ** THIS RESERVATION HAS BEEN PRE-PAID ** BOOKING NOTE : Payment charge is GBP 7.592  Genius Booker ",,,,,"2026-07-28",,,,
Hotel Orlando by PLI,2026-09-11T11:28:18,948-048-934,YBN-072-828,2556334717,,ALEJANDRO,REBOLLO DE LA FUENTE,"2026-10-08","2026-10-12",4,Double room-Standard-Private Bathroom,Non Refundable,Room 11 2nd Floor,,2,0,GBP,453.89,453.89,333.89,120.00,Online,Expedia,Expedia & Affiliate Network,On Account,Confirmed,"4:00 PM",rebolloman@gmail.com,+34692069692,,"1 Queen Bed Expedia collects payment from traveler: Hotel invoices Expedia. ",,,,,"2026-09-11",,,,
Hotel Orlando by PLI,2026-05-30T13:47:11,132-653-612,WVG-882-885,5835569686,,Alicja,Gembara Witczak,"2026-10-09","2026-10-14",5,Family room-Standard-Ensuite,Non Refundable,Room 3 BF W/Microwave,,2,3,GBP,507.80,507.80,487.80,20.00,Online,Booking.com,Booking.com,On Account,Confirmed,,awitcz.897658@guest.booking.com,+48 785 108 240,,"Child Ages: 5, 8  Non-Smoking  Promos: European Economic Area  There is no meal option with this room. Children and Extra Bed Policy: Children of any age are allowed. You haven't added any cots. You haven't added any extra beds. The maximum number of guests is 5.  Deposit Policy: The guest will be charged a prepayment of the total price of the reservation at any time.  Cancellation Policy: The guest can cancel free of charge until 7 days before arrival. The guest will be charged the total price of the reservation if they cancel in the 7 days before arrival. If the guest doesn’t show up, they will be charged the total price of the reservation.  payment_on_Booking.com (Payout type: BankTransfer)  ** THIS RESERVATION HAS BEEN PRE-PAID ** BOOKING NOTE : Payment charge is GBP 8.1248  Genius Booker ",,,,,"2026-05-30",,,,
Hotel Orlando by PLI,2025-12-03T19:06:13,135-859-982,LPQ-041-217,5750803696,,Dr Saoussen,Chebaiki,"2026-10-09","2026-10-13",4,Single room-Standard-Ensuite,,S Room 32 2nd F,,1,0,GBP,0.00,0.00,0.00,0.00,Online,Booking.com,Booking.com,On Account,Canceled,,dcheba.243852@guest.booking.com,+213 661 63 82 71,,"Non-Smoking  Promos: Mobile(App) Rate  There is no meal option with this room. Children and Extra Bed Policy: Children of any age are allowed. You haven't added any cots. You haven't added any extra beds. The maximum number of guests is 1.  Deposit Policy: The guest will be charged a prepayment of the total price of the reservation at any time.  Cancellation Policy: The guest can cancel free of charge until 7 days before arrival. The guest will be charged the total price of the reservation if they cancel in the 7 days before arrival.  payment_on_Booking.com (Payout type: BankTransfer)  ** THIS RESERVATION HAS BEEN PRE-PAID ** First or second floor please, as I have a health problem. Thank you for your understanding BOOKING NOTE : Payment charge is GBP 3.8832  Genius Booker ",,,,,"2025-12-03",,,,
Hotel Orlando by PLI,2025-08-23T23:39:26,194-455-184,YPS-039-414,5914648838,,Gaudio,Silvia,"2026-10-09","2026-10-12",3,Booked as: Triple-Standard-Private Bathroom,,Room 9 1st Floor,,2,0,GBP,0.00,0.00,0.00,0.00,Online,Booking.com,Booking.com,On Account,Canceled,,gsilvi.333572@guest.booking.com,+39 389 699 2276,,"Non-Smoking  Promos: European Economic Area  There is no meal option with this room. Children and Extra Bed Policy: Children of any age are allowed. You haven't added any cots. You haven't added any extra beds. The maximum number of guests is 3.  Deposit Policy: The guest will be charged a prepayment of the total price of the reservation at any time.  Cancellation Policy: The guest can cancel free of charge until 7 days before arrival. The guest will be charged the total price of the reservation if they cancel in the 7 days before arrival.  payment_on_Booking.com (Payout type: BankTransfer)  ** THIS RESERVATION HAS BEEN PRE-PAID ** BOOKING NOTE : Payment charge is GBP 2.52  Genius Booker ",,,,,"2025-08-23",,,,
Hotel Orlando by PLI,2026-08-03T02:14:26,212-068-864,TSL-785-177,5208470284,,Sentot,Mahardika Adhitya Rahmatullah Asrarudin,"2026-10-09","2026-10-16",7,Twin room-Standard-Private Bathroom,,Room 16 3rd Floor,,2,0,GBP,0.00,0.00,0.00,0.00,Online,Booking.com,Booking.com,On Account,Canceled,,smahar.275433@guest.booking.com,+62 813 8033 8889,,"Non-Smoking  Promos: Mobile(App) Rate  There is no meal option with this room. Children and Extra Bed Policy: Children of any age are allowed. You haven't added any cots. You haven't added any extra beds. The maximum number of guests is 2.  Deposit Policy: The guest will be charged a prepayment of the total price of the reservation at any time.  Cancellation Policy: The guest can cancel free of charge until 7 days before arrival. The guest will be charged the total price of the reservation if they cancel in the 7 days before arrival. If the guest doesn’t show up, they will be charged the total price of the reservation.  payment_on_Booking.com (Payout type: BankTransfer)  ** THIS RESERVATION HAS BEEN PRE-PAID ** BOOKING NOTE : Payment charge is GBP 8.456  Genius Booker ",,,,,"2026-08-03",,,,
Hotel Orlando by PLI,2026-03-06T11:46:01,230-318-242,NZB-560-891,5148772946,,AUXILIADORA,SANCHEZ LUQUE,"2026-10-09","2026-10-12",3,Family room-Standard-Ensuite,,Room 3 BF W/Microwave,,2,3,GBP,0.00,0.00,0.00,0.00,Online,Booking.com,Booking.com,On Account,Canceled,,aluque.173237@guest.booking.com,+34 620 48 75 77,,"Child Ages: 12, 14, 16  Non-Smoking  Promos: European Economic Area  There is no meal option with this room. Children and Extra Bed Policy: Children of any age are allowed. You haven't added any cots. You haven't added any extra beds. The maximum number of guests is 5.  Deposit Policy: The guest will be charged a prepayment of the total price of the reservation in the 5 days before arrival.  Cancellation Policy: The guest can cancel free of charge until 5 days before arrival. The guest will be charged the total price of the reservation if they cancel in the 5 days before arrival. If the guest doesn’t show up, they will be charged the total price of the reservation.  payment_on_Booking.com (Payout type: BankTransfer)  ** THIS RESERVATION HAS BEEN PRE-PAID ** BOOKING NOTE : Payment charge is GBP 4.928  Genius Booker ",,,,,"2026-03-06",,,,
Hotel Orlando by PLI,2025-08-02T09:52:39,263-959-902,TJV-238-462,6227538850,,Mireia,Estarlich,"2026-10-09","2026-10-12",3,Quad room-Standard-Private Bathroom,,Room 4 GF,,4,0,GBP,0.00,0.00,0.00,0.00,Online,Booking.com,Booking.com,On Account,Canceled,,mestar.903205@guest.booking.com,+34 680 98 73 00,,"Non-Smoking  Promos: Mobile(App) Rate  There is no meal option with this room. Children and Extra Bed Policy: Children of any age are allowed. You haven't added any cots. You haven't added any extra beds. The maximum number of guests is 4.  Deposit Policy: The guest will be charged a prepayment of the total price of the reservation at any time.  Cancellation Policy: The guest can cancel free of charge until 7 days before arrival. The guest will be charged the total price of the reservation if they cancel in the 7 days before arrival.  payment_on_Booking.com (Payout type: BankTransfer)  ** THIS RESERVATION HAS BEEN PRE-PAID ** BOOKING NOTE : Payment charge is GBP 2.832  Genius Booker ",,,,,"2025-08-02",,,,
Hotel Orlando by PLI,2026-08-26T21:31:49,299-099-102,ZAI-511-127,6639726416,,Jesús,Franco Delgado,"2026-10-09","2026-10-11",2,Triple room-Standard-Private Bathroom,48 Hours Flexible,Room 8 1st Floor,,3,0,GBP,334.20,234.20,214.20,120.00,Online,Booking.com,Booking.com,On Account,Confirmed,,jdelga.529144@guest.booking.com,+34 615 31 03 39,,"Non-Smoking  Promos: European Economic Area  There is no meal option with this room. Children and Extra Bed Policy: Children of any age are allowed. You haven't added any cots. You haven't added any extra beds. The maximum number of guests is 3.  Deposit Policy: The guest will be charged a prepayment of the total price of the reservation at any time.  Cancellation Policy: The guest can cancel free of charge until 2 days before arrival. The guest will be charged the total price of the reservation if they cancel in the 2 days before arrival.  payment_on_Booking.com (Payout type: BankTransfer)  ** THIS RESERVATION HAS BEEN PRE-PAID ** Approximate time of arrival: between 10:00 and 11:00 BOOKING NOTE : Payment charge is GBP 3.7472  Genius Booker ",,,,,"2026-08-26",,,,
Hotel Orlando by PLI,2025-09-25T12:58:18,364-855-612,IUJ-285-224,6133943680,,Marzena,Swiatkowska,"2026-10-09","2026-10-13",4,Triple room-Standard-Private Bathroom,,Room 13 2nd Floor,,2,1,GBP,0.00,0.00,0.00,0.00,Online,Booking.com,Booking.com,On Account,Canceled,,mswiat.325251@guest.booking.com,+48 533 656 813,,"Child Ages: 15  Non-Smoking  Promos: European Economic Area  There is no meal option with this room. Children and Extra Bed Policy: Children of any age are allowed. You haven't added any cots. You haven't added any extra beds. The maximum number of guests is 3.  Deposit Policy: The guest will be charged a prepayment of the total price of the reservation at any time.  Cancellation Policy: The guest can cancel free of charge until 7 days before arrival. The guest will be charged the total price of the reservation if they cancel in the 7 days before arrival.  payment_on_Booking.com (Payout type: BankTransfer)  ** THIS RESERVATION HAS BEEN PRE-PAID ** This guest has requested a receipt for their stay. BOOKING NOTE : Payment charge is GBP 3.28  Genius Booker ",,,,,"2025-09-25",,,,
Hotel Orlando by PLI,2026-05-31T09:21:25,419-581-621,YKN-538-250,6991267674,,Barbara,Czarnota-Wieczorek,"2026-10-09","2026-10-12",3,Quad room-Standard-Ensuite,,S Room 30 2nd F - W/Fridge,,4,0,GBP,0.00,0.00,0.00,0.00,Online,Booking.com,Booking.com,On Account,Canceled,,bczarn.393500@guest.booking.com,+48 509 627 967,,"Group: 8 x Adult, 0 x Child  Non-Smoking  Promos: European Economic Area  There is no meal option with this room. Children and Extra Bed Policy: Children of any age are allowed. You haven't added any cots. You haven't added any extra beds. The maximum number of guests is 4.  Deposit Policy: The guest will be charged a prepayment of the total price of the reservation at any time.  Cancellation Policy: The guest can cancel free of charge until 7 days before arrival. The guest will be charged the total price of the reservation if they cancel in the 7 days before arrival. If the guest doesn’t show up, they will be charged the total price of the reservation.  payment_on_Booking.com (Payout type: BankTransfer)  ** THIS RESERVATION HAS BEEN PRE-PAID ** BOOKING NOTE : Payment charge is GBP 10.1152  Genius Booker ",,,,,"2026-05-31",,,,
Hotel Orlando by PLI,2026-05-31T09:21:25,442-962-592,YKN-538-250,6991267674,,Barbara,Czarnota-Wieczorek,"2026-10-09","2026-10-12",3,Quad room-Standard-Ensuite,,S Room 21 GF - SofaBed,,4,0,GBP,0.00,See 419-581-621,0.00,0.00,Online,Booking.com,Booking.com,On Account,Canceled,,bczarn.393500@guest.booking.com,+48 509 627 967,,"Group: 8 x Adult, 0 x Child  Non-Smoking  Promos: European Economic Area  There is no meal option with this room. Children and Extra Bed Policy: Children of any age are allowed. You haven't added any cots. You haven't added any extra beds. The maximum number of guests is 4.  Deposit Policy: The guest will be charged a prepayment of the total price of the reservation at any time.  Cancellation Policy: The guest can cancel free of charge until 7 days before arrival. The guest will be charged the total price of the reservation if they cancel in the 7 days before arrival. If the guest doesn’t show up, they will be charged the total price of the reservation.  payment_on_Booking.com (Payout type: BankTransfer)  ** THIS RESERVATION HAS BEEN PRE-PAID ** BOOKING NOTE : Payment charge is GBP 10.1152  Genius Booker ",,,,,"2026-05-31",,,,
Hotel Orlando by PLI,2026-09-16T17:40:06,854-644-684,RPA-169-713,2560389549,,MELIE,PAGE,"2026-10-09","2026-10-12",3,Quad room-Standard-Private Bathroom,Non Refundable,Room 9 1st Floor,,4,0,GBP,432.29,332.29,312.29,120.00,Online,Expedia Affiliate Network,Expedia & Affiliate Network,On Account,Confirmed,,mpt.hotel@pkfare.com,1111111111111,,"1 Queen Sofa Bed and 1 Queen Bed Expedia collects payment from traveler: Hotel invoices Expedia. ",,,,,"2026-09-16",,,,
Hotel Orlando by PLI,2026-09-08T23:18:05,881-006-011,WIE-460-228,2554265090,,Marina,De Frutos,"2026-10-09","2026-10-12",3,Double room-Standard-Private Bathroom,Base Rate,Room 10 1st Floor,,2,0,GBP,384.59,284.59,264.59,120.00,Online,Expedia,Expedia & Affiliate Network,On Account,Confirmed,,cnw9c22dh8@privaterelay.appleid.com,1111111111,,"1 Queen Bed Expedia collects payment from traveler: Hotel invoices Expedia. ",,,,,"2026-09-08",,,,
Hotel Orlando by PLI,2026-08-08T20:40:19,958-990-442,CNX-965-417,6142173494,,Maria,Castro Fojo,"2026-10-09","2026-10-12",3,Quad room-Standard-Ensuite,,S Room 22 GF -2Ds W/Microwave &Fridge,,2,2,GBP,0.00,0.00,0.00,0.00,Online,Booking.com,Booking.com,On Account,Canceled,,mfojo.760469@guest.booking.com,+34 677 08 74 96,,"Child Ages: 14, 8  Non-Smoking  Promos: European Economic Area  There is no meal option with this room. Children and Extra Bed Policy: Children of any age are allowed. You haven't added any cots. You haven't added any extra beds. The maximum number of guests is 4.  Deposit Policy: The guest will be charged a prepayment of the total price of the reservation at any time.  Cancellation Policy: The guest can cancel free of charge until 7 days before arrival. The guest will be charged the total price of the reservation if they cancel in the 7 days before arrival. If the guest doesn’t show up, they will be charged the total price of the reservation.  payment_on_Booking.com (Payout type: BankTransfer)  ** THIS RESERVATION HAS BEEN PRE-PAID ** BOOKING NOTE : Payment charge is GBP 4.64  Genius Booker ",,,,,"2026-08-08",,,,
Hotel Orlando by PLI,2026-08-23T18:49:33,969-660-631,YYI-011-498,6289912844,,Julia,Lamping,"2026-10-09","2026-10-13",4,Double room-Ensuite,Non Refundable,S Room 17 BF,,2,0,GBP,422.40,322.40,302.40,120.00,Online,Booking.com,Booking.com,On Account,Confirmed,,Juliala1234@gmail.com,+4915752818071,,"Non-Smoking  Promos: European Economic Area  There is no meal option with this room. Children and Extra Bed Policy: Children of any age are allowed. You haven't added any cots. You haven't added any extra beds. The maximum number of guests is 2.  Deposit Policy: The guest will be charged a prepayment of the total price of the reservation at any time.  Cancellation Policy: The guest can cancel free of charge until 7 days before arrival. The guest will be charged the total price of the reservation if they cancel in the 7 days before arrival. If the guest doesn’t show up, they will be charged the total price of the reservation.  payment_on_Booking.com (Payout type: BankTransfer)  ** THIS RESERVATION HAS BEEN PRE-PAID ** BOOKING NOTE : Payment charge is GBP 5.1584  Genius Booker ",,,,,"2026-08-23",,,,
Hotel Orlando by PLI,2026-09-08T18:23:12,025-059-324,KWC-759-386,6156724298,,juliana,Martins,"2026-10-10","2026-10-13",3,Family room-Standard-Ensuite,Non Refundable,S Room 19 BF,,3,0,GBP,408.00,308.00,288.00,120.00,Online,Booking.com,Booking.com,On Account,Confirmed,,jbqdrj.456752@guest.booking.com,+351 918 109 498,,"Non-Smoking  Promos: European Economic Area  There is no meal option with this room. Children and Extra Bed Policy: Children of any age are allowed. You haven't added any cots. You haven't added any extra beds. The maximum number of guests is 5.  Deposit Policy: The guest will be charged a prepayment of the total price of the reservation at any time.  Cancellation Policy: The guest can cancel free of charge until 7 days before arrival. The guest will be charged the total price of the reservation if they cancel in the 7 days before arrival. If the guest doesn’t show up, they will be charged the total price of the reservation.  payment_on_Booking.com (Payout type: BankTransfer)  ** THIS RESERVATION HAS BEEN PRE-PAID ** BOOKING NOTE : Payment charge is GBP 4.928  Genius Booker ",,,,,"2026-09-08",,,,
Hotel Orlando by PLI,2026-08-22T18:10:36,026-930-421,TPA-250-612,6967729193,,Georgi,Georgiev,"2026-10-10","2026-10-14",4,Triple room-Standard-Ensuite,Non Refundable,S Room 33 3rd F - W/Microwave &Fridge,,2,1,GBP,417.90,317.90,297.90,120.00,Online,Booking.com,Booking.com,On Account,Confirmed,,ggeorg.645489@guest.booking.com,+359 89 918 1113,,"Child Ages: 15  Non-Smoking  Promos: European Economic Area  There is no meal option with this room. Children and Extra Bed Policy: Children of any age are allowed. You haven't added any cots. You haven't added any extra beds. The maximum number of guests is 3.  Deposit Policy: The guest will be charged a prepayment of the total price of the reservation at any time.  Cancellation Policy: The guest can cancel free of charge until 7 days before arrival. The guest will be charged the total price of the reservation if they cancel in the 7 days before arrival. If the guest doesn’t show up, they will be charged the total price of the reservation.  payment_on_Booking.com (Payout type: BankTransfer)  ** THIS RESERVATION HAS BEEN PRE-PAID ** BOOKING NOTE : Payment charge is GBP 5.0864 Approximate time of arrival: between 09:00 and 10:00  Genius Booker ",,,,,"2026-08-22",,,,
Hotel Orlando by PLI,2026-08-09T19:13:31,089-841-564,BLK-394-435,5220079638,,Dayana,Bautista Fernández,"2026-10-10","2026-10-14",4,Quad Studio-Standard-Ensuite,,Flat 2 ( Basement Orlando ),,2,2,GBP,0.00,0.00,0.00,0.00,Online,Booking.com,Booking.com,On Account,Canceled,,dferna.448494@guest.booking.com,+34 654 99 19 94,,"Child Ages: 15, 9  Non-Smoking  Promos: European Economic Area  There is no meal option with this room. Children and Extra Bed Policy: Children of any age are allowed. You haven't added any cots. You haven't added any extra beds. The maximum number of guests is 4.  Deposit Policy: The guest will be charged a prepayment of the total price of the reservation at any time.  Cancellation Policy: The guest can cancel free of charge until 7 days before arrival. The guest will be charged the total price of the reservation if they cancel in the 7 days before arrival. If the guest doesn’t show up, they will be charged the total price of the reservation.  payment_on_Booking.com (Payout type: BankTransfer)  ** THIS RESERVATION HAS BEEN PRE-PAID ** Approximate time of arrival: between 20:00 and 21:00 BOOKING NOTE : Payment charge is GBP 5.9648  Genius Booker ",,,,,"2026-08-09",,,,
Hotel Orlando by PLI,2026-07-16T21:08:54,141-848-094,MJG-323-224,5386011048,,Ilona,Bartusevic,"2026-10-10","2026-10-14",4,Triple room-Standard-Private Bathroom,Non Refundable,Room 13 2nd Floor,,3,0,GBP,456.60,356.60,336.60,120.00,Online,Booking.com,Booking.com,On Account,Confirmed,,ibartu.769263@guest.booking.com,+370 674 85091,,"Non-Smoking  Promos: European Economic Area  There is no meal option with this room. Children and Extra Bed Policy: Children of any age are allowed. You haven't added any cots. You haven't added any extra beds. The maximum number of guests is 3.  Deposit Policy: The guest will be charged a prepayment of the total price of the reservation at any time.  Cancellation Policy: The guest will be charged the total price of the reservation if they cancel at any time.  payment_on_Booking.com (Payout type: BankTransfer)  ** THIS RESERVATION HAS BEEN PRE-PAID ** BOOKING NOTE : Payment charge is GBP 5.7056  Genius Booker ",,,,,"2026-07-16",,,,
Hotel Orlando by PLI,2026-09-10T17:43:32,180-615-004,BQX-059-553,6409438468,,Westerman,Rose,"2026-10-10","2026-10-11",1,Family Studio SR,Non Refundable,Flat 20 ( Basement sino ),,5,0,GBP,252.00,152.00,132.00,120.00,Online,Booking.com,Booking.com,On Account,Confirmed,,wrose.883244@guest.booking.com,+44 7503 062406,,"Non-Smoking  There is no meal option with this room. Children and Extra Bed Policy: Children of any age are allowed. You haven't added any extra beds. The maximum number of cots is 1. The maximum number of guests is 6.  Deposit Policy: The guest will be charged a prepayment of the total price of the reservation at any time.  Cancellation Policy: The guest can cancel free of charge until 7 days before arrival. The guest will be charged the total price of the reservation if they cancel in the 7 days before arrival. If the guest doesn’t show up, they will be charged the total price of the reservation.  payment_on_Booking.com (Payout type: BankTransfer)  ** THIS RESERVATION HAS BEEN PRE-PAID ** BOOKING NOTE : Payment charge is GBP 2.432  Genius Booker ",,,,,"2026-09-10",,,,
Hotel Orlando by PLI,2026-09-16T17:47:51,226-580-432,GUA-235-669,6886219236,,ΕΥΑΓΓΕΛΟΣ,ΤΣΑΠΑΡΗΣ,"2026-10-10","2026-10-15",5,Quad room-Standard-Ensuite,Non Refundable,S Room 21 GF - SofaBed,,4,0,GBP,579.00,479.00,459.00,120.00,Online,Booking.com,Booking.com,On Account,Confirmed,,etsapa.830894@guest.booking.com,+30 694 426 1215,,"Non-Smoking  Promos: European Economic Area  There is no meal option with this room. Children and Extra Bed Policy: Children of any age are allowed. You haven't added any cots. You haven't added any extra beds. The maximum number of guests is 4.  Deposit Policy: The guest will be charged a prepayment of the total price of the reservation at any time.  Cancellation Policy: The guest can cancel free of charge until 7 days before arrival. The guest will be charged the total price of the reservation if they cancel in the 7 days before arrival. If the guest doesn’t show up, they will be charged the total price of the reservation.  payment_on_Booking.com (Payout type: BankTransfer)  ** THIS RESERVATION HAS BEEN PRE-PAID ** BOOKING NOTE : Payment charge is GBP 7.664  Genius Booker ",,,,,"2026-09-16",,,,
Hotel Orlando by PLI,2026-08-14T14:23:22,235-531-054,JRO-354-536,2534536112,,Saheed Idowu,Bello,"2026-10-10","2026-10-30",20,Double room-Ensuite,,S Room 35 3rd F,,1,0,GBP,0.00,0.00,0.00,0.00,Online,Expedia,Expedia & Affiliate Network,Pay On Arrival,Canceled,,bellosaheedidowu@gmail.com,1111111111111,,"Bed Option: 37316 1 Double Bed 1 Double Bed Hotel collects payment from the traveler: Advance purchase - charge now ",,,,,"2026-08-14",,,,
Hotel Orlando by PLI,2026-07-11T12:26:28,299-313-152,DWB-964-206,5521636882,,Juan,Jesus Campos,"2026-10-10","2026-10-12",2,Family Studio SR,,Flat 20 ( Basement sino ),,3,2,GBP,0.00,0.00,0.00,0.00,Online,Booking.com,Booking.com,On Account,Canceled,,jcampo.903004@guest.booking.com,+34 636 17 96 32,,"Child Ages: 13, 17  Non-Smoking  Promos: European Economic Area  There is no meal option with this room. Children and Extra Bed Policy: Children of any age are allowed. You haven't added any extra beds. The maximum number of cots is 1. The maximum number of guests is 6.  Deposit Policy: The guest will be charged a prepayment of the total price of the reservation at any time.  Cancellation Policy: The guest can cancel free of charge until 7 days before arrival. The guest will be charged the total price of the reservation if they cancel in the 7 days before arrival. If the guest doesn’t show up, they will be charged the total price of the reservation.  payment_on_Booking.com (Payout type: BankTransfer)  ** THIS RESERVATION HAS BEEN PRE-PAID ** BOOKING NOTE : Payment charge is GBP 4.1072  Genius Booker ",,,,,"2026-07-11",,,,
Hotel Orlando by PLI,2025-08-15T18:08:56,466-515-242,BOP-881-118,6006899655,,Olivia,Stewart,"2026-10-10","2026-10-11",1,Twin room-Standard-Private Bathroom,,Room 16 3rd Floor,,2,0,GBP,0.00,0.00,0.00,0.00,Online,Booking.com,Booking.com,On Account,Canceled,,ostewa.656311@guest.booking.com,+44 7462 558954,,"Non-Smoking  There is no meal option with this room. Children and Extra Bed Policy: Children of any age are allowed. You haven't added any cots. You haven't added any extra beds. The maximum number of guests is 2.  Deposit Policy: The guest will be charged a prepayment of the total price of the reservation at any time.  Cancellation Policy: The guest can cancel free of charge until 7 days before arrival. The guest will be charged the total price of the reservation if they cancel in the 7 days before arrival.  payment_on_Booking.com (Payout type: BankTransfer)  ** THIS RESERVATION HAS BEEN PRE-PAID ** Approximate time of arrival: between 15:00 and 16:00 BOOKING NOTE : Payment charge is GBP 0.88  Genius Booker ",,,,,"2025-08-15",,,,
Hotel Orlando by PLI,2026-09-05T08:27:49,491-005-944,HCK-974-839,2551529846,,NIDHI,LOHIA,"2026-10-10","2026-10-14",4,Triple room-Standard-Ensuite,,S Room 34 3rd F,,1,2,GBP,0.00,0.00,0.00,0.00,Online,Expedia,Expedia & Affiliate Network,Pay On Arrival,Canceled,,visa.pragati@gmail.com,111111111111,,"Hotel collects payment from the traveler ",,,,,"2026-09-05",,,,
Hotel Orlando by PLI,2026-09-12T15:11:01,500-204-841,VEG-179-995,6424550052,,,Nerea,"2026-10-10","2026-10-12",2,Double room-Ensuite,Non Refundable,S Room 25 Mid 1st F,,2,0,GBP,284.70,184.70,164.70,120.00,Online,Booking.com,Booking.com,On Account,Confirmed,,npalac.434880@guest.booking.com,+34 697578425,,"Non-Smoking  Promos: European Economic Area  There is no meal option with this room. Children and Extra Bed Policy: Children of any age are allowed. You haven't added any cots. You haven't added any extra beds. The maximum number of guests is 2.  Deposit Policy: The guest will be charged a prepayment of the total price of the reservation at any time.  Cancellation Policy: The guest can cancel free of charge until 7 days before arrival. The guest will be charged the total price of the reservation if they cancel in the 7 days before arrival. If the guest doesn’t show up, they will be charged the total price of the reservation.  payment_on_Booking.com (Payout type: BankTransfer)  ** THIS RESERVATION HAS BEEN PRE-PAID ** BOOKING NOTE : Payment charge is GBP 2.9552 ",,,,,"2026-09-12",,,,
Hotel Orlando by PLI,2026-08-31T19:28:29,512-844-101,VPL-608-665,6476978779,,Vanessa,Gutierrez cabello,"2026-10-10","2026-10-13",3,Family room-Standard-Ensuite,,S Room 19 BF,,4,1,GBP,0.00,0.00,0.00,0.00,Online,Booking.com,Booking.com,On Account,Canceled,,vcabel.812516@guest.booking.com,+34 670 47 44 13,,"Child Ages: 17  Non-Smoking  Promos: European Economic Area  There is no meal option with this room. Children and Extra Bed Policy: Children of any age are allowed. You haven't added any cots. You haven't added any extra beds. The maximum number of guests is 5.  Deposit Policy: The guest will be charged a prepayment of the total price of the reservation at any time.  Cancellation Policy: The guest can cancel free of charge until 7 days before arrival. The guest will be charged the total price of the reservation if they cancel in the 7 days before arrival. If the guest doesn’t show up, they will be charged the total price of the reservation.  payment_on_Booking.com (Payout type: BankTransfer)  ** THIS RESERVATION HAS BEEN PRE-PAID ** BOOKING NOTE : Payment charge is GBP 4.8992  Genius Booker ",,,,,"2026-08-31",,,,
Hotel Orlando by PLI,2026-08-29T07:03:22,516-265-402,PYE-056-851,2045445133,,ROHILA,KHALIL,"2026-10-10","2026-10-15",5,Quad Studio-Standard-Ensuite,Base Rate,Flat 2 ( Basement Orlando ),,3,0,GBP,783.51,683.14,663.51,120.00,Online,Agoda,Agoda,On Account,Confirmed,,046g9tvs0000001hcfjsrdxhhqpdy@agoda-messaging.com,92 3499225835,,"Limited Time Offer. Price includes 10% discount! ",,,,,"2026-08-29",,,,
Hotel Orlando by PLI,2026-05-10T21:51:13,523-924-491,WQQ-183-751,6399539800,,Chris,Ray,"2026-10-10","2026-10-11",1,Triple room-Standard-Ensuite,,S Room 33 3rd F - W/Microwave &Fridge,,2,1,GBP,0.00,0.00,0.00,0.00,Online,Booking.com,Booking.com,On Account,Canceled,,cray.472809@guest.booking.com,+44 7949 864352,,"Child Ages: 3  Non-Smoking  Promos: Domestic  There is no meal option with this room. Children and Extra Bed Policy: Children of any age are allowed. You haven't added any cots. You haven't added any extra beds. The maximum number of guests is 3.  Deposit Policy: The guest will be charged a prepayment of the total price of the reservation at any time.  Cancellation Policy: The guest can cancel free of charge until 2 days before arrival. The guest will be charged the total price of the reservation if they cancel in the 2 days before arrival.  payment_on_Booking.com (Payout type: BankTransfer)  ** THIS RESERVATION HAS BEEN PRE-PAID ** BOOKING NOTE : Payment charge is GBP 1.976  Genius Booker ",,,,,"2026-05-10",,,,
Hotel Orlando by PLI,2026-03-19T22:51:14,544-881-851,TFY-302-143,6966612493,,Daniela,Donci,"2026-10-10","2026-10-13",3,Triple room-Standard-Ensuite,,S Room 34 3rd F,,2,1,GBP,0.00,0.00,0.00,0.00,Online,Booking.com,Booking.com,On Account,Canceled,,ddonci.853231@guest.booking.com,+44 7467 600301,,"Child Ages: 6  Non-Smoking  Promos: Mobile(MDot) Rate  There is no meal option with this room. Children and Extra Bed Policy: Children of any age are allowed. You haven't added any cots. You haven't added any extra beds. The maximum number of guests is 3.  Deposit Policy: The guest will be charged a prepayment of the total price of the reservation in the 5 days before arrival.  Cancellation Policy: The guest can cancel free of charge until 5 days before arrival. The guest will be charged the total price of the reservation if they cancel in the 5 days before arrival. If the guest doesn’t show up, they will be charged the total price of the reservation.  payment_on_Booking.com (Payout type: BankTransfer)  ** THIS RESERVATION HAS BEEN PRE-PAID ** We are a small family of 3 visiting London for my little boy 6th birthday to go visit the national museum. Can I please request a nice warm welcome room and not on the ground floor please as my little boy has ADHD and dosent little noise at night so he can settle. BOOKING NOTE : Payment charge is GBP 3.8152  Genius Booker ",,,,,"2026-03-19",,,,
Hotel Orlando by PLI,2026-08-29T07:03:02,601-512-321,VPT-140-094,2045445133,,ROHILA,KHALIL,"2026-10-10","2026-10-15",5,Quad Studio-Standard-Ensuite,,Flat 2 ( Basement Orlando ),,3,0,GBP,0.00,0.00,0.00,0.00,Online,Agoda,Agoda,On Account,Canceled,,046g9tvs0000001hcfjsrdxhhqpdy@agoda-messaging.com,92 3499225835,,"Limited Time Offer. Price includes 10% discount! ",,,,,"2026-08-29",,,,
Hotel Orlando by PLI,2025-09-29T07:16:17,642-180-231,NXG-733-120,6056653546,,Isabel,Moncada,"2026-10-10","2026-10-14",4,Triple room-Standard-Private Bathroom,,Room 12 2nd Floor,,2,1,GBP,0.00,0.00,0.00,0.00,Online,Booking.com,Booking.com,On Account,Canceled,,imonca.409003@guest.booking.com,+34 655 20 18 67,,"Child Ages: 7  Non-Smoking  Promos: European Economic Area  There is no meal option with this room. Children and Extra Bed Policy: Children of any age are allowed. You haven't added any cots. You haven't added any extra beds. The maximum number of guests is 3.  Deposit Policy: The guest will be charged a prepayment of the total price of the reservation at any time.  Cancellation Policy: The guest can cancel free of charge until 7 days before arrival. The guest will be charged the total price of the reservation if they cancel in the 7 days before arrival.  payment_on_Booking.com (Payout type: BankTransfer)  ** THIS RESERVATION HAS BEEN PRE-PAID ** BOOKING NOTE : Payment charge is GBP 3.28  Genius Booker ",,,,,"2025-09-29",,,,
Hotel Orlando by PLI,2026-09-05T23:15:35,862-123-242,ZTN-363-498,5655736716,,Guido,Adrian Spitaleri,"2026-10-10","2026-10-15",5,Double room-Ensuite,Non Refundable,S Room 28 1st F,,2,0,GBP,498.00,398.00,378.00,120.00,Online,Booking.com,Booking.com,On Account,Confirmed,,gspita.616119@guest.booking.com,+54 9 237 501 1465,,"Non-Smoking  Promos: Mobile(App) Rate  There is no meal option with this room. Children and Extra Bed Policy: Children of any age are allowed. You haven't added any cots. You haven't added any extra beds. The maximum number of guests is 2.  Deposit Policy: The guest will be charged a prepayment of the total price of the reservation at any time.  Cancellation Policy: The guest can cancel free of charge until 7 days before arrival. The guest will be charged the total price of the reservation if they cancel in the 7 days before arrival. If the guest doesn’t show up, they will be charged the total price of the reservation.  payment_on_Booking.com (Payout type: BankTransfer)  ** THIS RESERVATION HAS BEEN PRE-PAID ** BOOKING NOTE : Payment charge is GBP 6.368  Genius Booker ",,,,,"2026-09-05",,,,
Hotel Orlando by PLI,2026-03-10T19:14:32,903-609-482,NIO-619-723,5425144345,,Sandra,Blasco,"2026-10-10","2026-10-13",3,Triple room-Standard-Ensuite,,S Room 23 GF,,2,1,GBP,0.00,0.00,0.00,0.00,Online,Booking.com,Booking.com,On Account,Canceled,,sblasc.646408@guest.booking.com,+34 647 19 32 17,,"Child Ages: 11  payment_on_Booking.com (Payout type: BankTransfer)  Non-Smoking  ** THIS RESERVATION HAS BEEN PRE-PAID ** BOOKING NOTE : Payment charge is GBP 4.1008  Genius Booker  Promos: Mobile(App) Rate  There is no meal option with this room. Children and Extra Bed Policy: Children of any age are allowed. You haven't added any cots. You haven't added any extra beds. The maximum number of guests is 3.  Deposit Policy: The guest will be charged a prepayment of the total price of the reservation in the 5 days before arrival.  Cancellation Policy: The guest can cancel free of charge until 5 days before arrival. The guest will be charged the total price of the reservation if they cancel in the 5 days before arrival. If the guest doesn’t show up, they will be charged the total price of the reservation.",,,,,"2026-03-10",,,,
Hotel Orlando by PLI,2025-11-08T21:15:06,980-231-124,YFM-862-593,5168618739,,Karen,Bromham,"2026-10-10","2026-10-11",1,Double room-Ensuite,Non Refundable,S Room 18 BF,,2,0,GBP,83.85,83.85,68.85,15.00,Online,Booking.com,Booking.com,On Account,Confirmed,,kbromh.360473@guest.booking.com,+44 7444 562494,,"Non-Smoking  Promos: Mobile(MDot) Rate  There is no meal option with this room. Children and Extra Bed Policy: Children of any age are allowed. You haven't added any cots. You haven't added any extra beds. The maximum number of guests is 2.  Deposit Policy: The guest will be charged a prepayment of the total price of the reservation at any time.  Cancellation Policy: The guest can cancel free of charge until 7 days before arrival. The guest will be charged the total price of the reservation if they cancel in the 7 days before arrival.  payment_on_Booking.com (Payout type: BankTransfer)  ** THIS RESERVATION HAS BEEN PRE-PAID ** BOOKING NOTE : Payment charge is GBP 1.3416  Genius Booker ",,,,,"2025-11-08",,,,
Hotel Orlando by PLI,2026-09-02T14:24:53,164-984-181,WRB-339-802,6636592925,,EMOKPAE,CHRISTOPHER,"2026-10-11","2026-10-17",6,Double room-Ensuite,Non Refundable,S Room 35 3rd F,,2,0,GBP,598.00,498.00,478.00,120.00,Online,Booking.com,Booking.com,On Account,Confirmed,,gabdul.418385@guest.booking.com,+234 703 250 0310,,"Non-Smoking  There is no meal option with this room. Children and Extra Bed Policy: Children of any age are allowed. You haven't added any cots. You haven't added any extra beds. The maximum number of guests is 2.  Deposit Policy: The guest will be charged a prepayment of the total price of the reservation at any time.  Cancellation Policy: The guest can cancel free of charge until 7 days before arrival. The guest will be charged the total price of the reservation if they cancel in the 7 days before arrival. If the guest doesn’t show up, they will be charged the total price of the reservation.  payment_on_Booking.com (Payout type: BankTransfer)  ** THIS RESERVATION HAS BEEN PRE-PAID ** BOOKING NOTE : Payment charge is GBP 7.968  Genius Booker ",,,,,"2026-09-02",,,,
Hotel Orlando by PLI,2026-08-25T16:28:01,181-988-812,SMM-328-530,2542947165,,Mikael,Akerlund,"2026-10-11","2026-10-16",5,Double room-Ensuite,Non Refundable,S Room 29 Mid 2nd F,,2,0,GBP,466.47,466.47,346.47,120.00,Online,Expedia Affiliate Network,Expedia & Affiliate Network,On Account,Confirmed,,fremma.aakerlund@gmail.com,1111111111,,"1 Double Bed Expedia collects payment from traveler: Hotel invoices Expedia. ",,,,,"2026-08-25",,,,
Hotel Orlando by PLI,2026-03-26T16:15:42,880-584-242,ABE-339-798,5106188636,,Roman,Spadarotto,"2026-10-11","2026-10-16",5,Family Studio SR,,Flat 20 ( Basement sino ),,2,3,GBP,0.00,0.00,0.00,0.00,Online,Booking.com,Booking.com,On Account,Canceled,,rspada.574145@guest.booking.com,+41 79 303 48 90,,"Non-Smoking  There is no meal option with this room. Children and Extra Bed Policy: Children of any age are allowed. You haven't added any extra beds. The maximum number of cots is 1. The maximum number of guests is 6.  Deposit Policy: The guest will be charged a prepayment of the total price of the reservation in the 5 days before arrival.  Cancellation Policy: The guest can cancel free of charge until 5 days before arrival. The guest will be charged the total price of the reservation if they cancel in the 5 days before arrival. If the guest doesn’t show up, they will be charged the total price of the reservation.  payment_on_Booking.com (Payout type: BankTransfer)  ** THIS RESERVATION HAS BEEN PRE-PAID ** BOOKING NOTE : Payment charge is GBP 9.248  Genius Booker ",,,,,"2026-03-26",,,,
Hotel Orlando by PLI,2026-08-27T04:28:41,014-192-551,YIA-677-800,5402571827,,Brooke,Campbell,"2026-10-12","2026-10-15",3,Quad room-Standard-Private Bathroom,Base Rate,Room 9 1st Floor,,2,2,GBP,409.00,309.00,289.00,120.00,Online,Booking.com,Booking.com,On Account,Confirmed,,bcampb.255124@guest.booking.com,+61 2035640799,,"Child Ages: 5, 9  Non-Smoking  There is no meal option with this room. Children and Extra Bed Policy: Children of any age are allowed. You haven't added any cots. You haven't added any extra beds. The maximum number of guests is 4.  Deposit Policy: The guest will be charged a prepayment of the total price of the reservation at any time.  Cancellation Policy: The guest can cancel free of charge until 7 days before arrival. The guest will be charged the total price of the reservation if they cancel in the 7 days before arrival. If the guest doesn’t show up, they will be charged the total price of the reservation.  payment_on_Booking.com (Payout type: BankTransfer)  ** THIS RESERVATION HAS BEEN PRE-PAID ** BOOKING NOTE : Payment charge is GBP 4.944 LargeBed, NonSmoke ",,,,,"2026-08-27",,,,
Hotel Orlando by PLI,2026-09-10T09:13:27,028-138-112,PXX-688-527,5692225762,,AKSOY,Merve,"2026-10-12","2026-10-17",5,Single room-Standard-Ensuite,Non Refundable,Room 15 3rd Floor,,1,0,GBP,488.00,388.00,368.00,120.00,Online,Booking.com,Booking.com,On Account,Confirmed,,amerve.209380@guest.booking.com,+90 538 207 11 04,,"Non-Smoking  There is no meal option with this room. Children and Extra Bed Policy: Children of any age are allowed. You haven't added any cots. You haven't added any extra beds. The maximum number of guests is 1.  Deposit Policy: The guest will be charged a prepayment of the total price of the reservation at any time.  Cancellation Policy: The guest can cancel free of charge until 7 days before arrival. The guest will be charged the total price of the reservation if they cancel in the 7 days before arrival. If the guest doesn’t show up, they will be charged the total price of the reservation.  payment_on_Booking.com (Payout type: BankTransfer)  ** THIS RESERVATION HAS BEEN PRE-PAID ** BOOKING NOTE : Payment charge is GBP 6.208  Genius Booker ",,,,,"2026-09-10",,,,
Hotel Orlando by PLI,2026-09-02T18:26:01,294-901-161,SFV-179-316,5920213108,,JAVIER,ESQUIDE,"2026-10-12","2026-10-16",4,Quad room-Standard-Private Bathroom,Base Rate,Room 4 GF,,3,0,GBP,484.50,384.50,364.50,120.00,Online,Booking.com,Booking.com,On Account,Confirmed,,jesqui.179698@guest.booking.com,+34 635 35 37 44,,"Non-Smoking  Promos: European Economic Area  There is no meal option with this room. Children and Extra Bed Policy: Children of any age are allowed. You haven't added any cots. You haven't added any extra beds. The maximum number of guests is 4.  Deposit Policy: The guest will be charged a prepayment of the total price of the reservation at any time.  Cancellation Policy: The guest can cancel free of charge until 7 days before arrival. The guest will be charged the total price of the reservation if they cancel in the 7 days before arrival. If the guest doesn’t show up, they will be charged the total price of the reservation.  payment_on_Booking.com (Payout type: BankTransfer)  ** THIS RESERVATION HAS BEEN PRE-PAID ** BOOKING NOTE : Payment charge is GBP 6.152  Genius Booker ",,,,,"2026-09-02",,,,
Hotel Orlando by PLI,2026-09-16T16:10:34,851-361-351,REF-156-384,2560324177,,Maria Rosalia,Donatini,"2026-10-12","2026-10-16",4,Triple room-Standard-Ensuite,Non Refundable,S Room 23 GF,,3,0,GBP,438.59,338.59,318.59,120.00,Online,Expedia Affiliate Network,Expedia & Affiliate Network,On Account,Confirmed,,calder980@gmail.com,111111111111,,"1 Twin Bed and 1 Queen Bed Expedia collects payment from traveler: Hotel invoices Expedia. ",,,,,"2026-09-16",,,,
Hotel Orlando by PLI,2025-07-26T15:01:14,869-284-102,LVB-366-054,5198314121,,Tracy,McKenzie,"2026-10-12","2026-10-19",7,Booked as: Triple-Standard-Private Bathroom,,Room 6 1st Floor,,2,1,GBP,0.00,0.00,0.00,0.00,Online,Booking.com,Booking.com,On Account,Canceled,,tmcken.788608@guest.booking.com,+44 7513 024650,,"Group: 3 x Adult, 2 x Child  Child Ages: 4  Non-Smoking  Promos: Domestic  There is no meal option with this room. Children and Extra Bed Policy: Children of any age are allowed. You haven't added any cots. You haven't added any extra beds. The maximum number of guests is 3.  Deposit Policy: The guest will be charged a prepayment of the total price of the reservation at any time.  Cancellation Policy: The guest can cancel free of charge until 7 days before arrival. The guest will be charged the total price of the reservation if they cancel in the 7 days before arrival.  payment_on_Booking.com (Payout type: BankTransfer)  ** THIS RESERVATION HAS BEEN PRE-PAID ** BOOKING NOTE : Payment charge is GBP 10.056  Genius Booker ",,,,,"2025-07-26",,,,
Hotel Orlando by PLI,2026-07-20T11:47:30,938-295-242,YHV-086-450,2514013713,,Martin,Skov,"2026-10-12","2026-10-16",4,Family Studio SR,Non Refundable,Flat 20 ( Basement sino ),,4,0,GBP,523.20,423.20,403.20,120.00,Online,Expedia Affiliate Network,Expedia & Affiliate Network,On Account,Confirmed,,lind-skov@lind-skov.dk,1111111111,,"2 Queen Beds and 1 Queen Sofa Bed Expedia collects payment from traveler: Hotel invoices Expedia. ",,,,,"2026-07-20",,,,
Hotel Orlando by PLI,2025-07-26T15:01:14,989-111-682,LVB-366-054,5198314121,,dawn,McLaughlan,"2026-10-12","2026-10-19",7,Twin room-Standard-Private Bathroom,,Room 12 3rd Floor,,1,1,GBP,0.00,See 869-284-102,0.00,0.00,Online,Booking.com,Booking.com,On Account,Canceled,,tmcken.788608@guest.booking.com,+44 7513 024650,,"Group: 3 x Adult, 2 x Child  Child Ages: 10  Non-Smoking  Promos: Domestic  There is no meal option with this room. Children and Extra Bed Policy: Children of any age are allowed. You haven't added any cots. You haven't added any extra beds. The maximum number of guests is 3.  Deposit Policy: The guest will be charged a prepayment of the total price of the reservation at any time.  Cancellation Policy: The guest can cancel free of charge until 7 days before arrival. The guest will be charged the total price of the reservation if they cancel in the 7 days before arrival.  payment_on_Booking.com (Payout type: BankTransfer)  ** THIS RESERVATION HAS BEEN PRE-PAID ** BOOKING NOTE : Payment charge is GBP 10.056  Genius Booker ",,,,,"2025-07-26",,,,
Hotel Orlando by PLI,2026-09-12T18:17:47,158-655-321,IQJ-286-651,2557265353,,Bilal,Ramadan,"2026-10-13","2026-10-16",3,Triple room-Standard-Ensuite,,S Room 23 GF,,2,0,GBP,0.00,0.00,0.00,0.00,Online,Expedia,Expedia & Affiliate Network,On Account,Canceled,,bor9@hotmail.com,11111111111,,"Expedia collects payment from traveler: Hotel invoices Expedia. ",,,,,"2026-09-12",,,,
Hotel Orlando by PLI,2026-01-12T19:45:28,239-619-842,QWF-238-239,6915082187,,Antonia,Pecero Gutierrez,"2026-10-13","2026-10-18",5,Triple room-Standard-Ensuite,,S Room 23 GF,,3,0,GBP,0.00,0.00,0.00,0.00,Online,Booking.com,Booking.com,On Account,Canceled,,agutie.312625@guest.booking.com,+34 639 67 03 46,,"Non-Smoking  Promos: Mobile(App) Rate  There is no meal option with this room. Children and Extra Bed Policy: Children of any age are allowed. You haven't added any cots. You haven't added any extra beds. The maximum number of guests is 3.  Deposit Policy: The guest will be charged a prepayment of the total price of the reservation at any time.  Cancellation Policy: The guest can cancel free of charge until 7 days before arrival. The guest will be charged the total price of the reservation if they cancel in the 7 days before arrival.  payment_on_Booking.com (Payout type: BankTransfer)  ** THIS RESERVATION HAS BEEN PRE-PAID ** BOOKING NOTE : Payment charge is GBP 7.052  Genius Booker ",,,,,"2026-01-12",,,,
Hotel Orlando by PLI,2026-04-28T21:17:42,355-080-032,MRG-633-435,6794158209,,Giuseppe,Di Clemente,"2026-10-13","2026-10-18",5,Family room-Standard-Ensuite,Non Refundable,S Room 19 BF,,5,0,GBP,492.50,492.50,472.50,20.00,Online,Booking.com,Booking.com,On Account,Confirmed,,gcleme.417823@guest.booking.com,+39 328 467 2831,,"Non-Smoking  Promos: European Economic Area  There is no meal option with this room. Children and Extra Bed Policy: Children of any age are allowed. You haven't added any cots. You haven't added any extra beds. The maximum number of guests is 5.  Deposit Policy: The guest will be charged a prepayment of the total price of the reservation at any time.  Cancellation Policy: The guest can cancel free of charge until 2 days before arrival. The guest will be charged the total price of the reservation if they cancel in the 2 days before arrival.  payment_on_Booking.com (Payout type: BankTransfer)  ** THIS RESERVATION HAS BEEN PRE-PAID ** BOOKING NOTE : Payment charge is GBP 7.88  Genius Booker ",,,,,"2026-04-28",,,,
Hotel Orlando by PLI,2026-08-06T15:26:06,368-809-131,SAL-596-848,6471853648,,Saida,Kerada,"2026-10-13","2026-10-16",3,Triple room-Standard-Ensuite,,S Room 23 GF,,3,0,GBP,0.00,0.00,0.00,0.00,Online,Booking.com,Booking.com,On Account,Canceled,,skerad.368396@guest.booking.com,+33 6 18 36 42 31,,"Non-Smoking  There is no meal option with this room. Children and Extra Bed Policy: Children of any age are allowed. You haven't added any cots. You haven't added any extra beds. The maximum number of guests is 3.  Deposit Policy: The guest will be charged a prepayment of the total price of the reservation at any time.  Cancellation Policy: The guest can cancel free of charge until 7 days before arrival. The guest will be charged the total price of the reservation if they cancel in the 7 days before arrival. If the guest doesn’t show up, they will be charged the total price of the reservation.  payment_on_Booking.com (Payout type: BankTransfer)  ** THIS RESERVATION HAS BEEN PRE-PAID ** Approximate time of arrival: between 08:00 and 09:00 BOOKING NOTE : Payment charge is GBP 4.224 ",,,,,"2026-08-06",,,,
Hotel Orlando by PLI,2026-01-08T17:01:21,600-808-292,HMC-079-506,6649716639,,Casey,Leah Mcgrath,"2026-10-13","2026-10-16",3,Double room-Standard-Private Bathroom,Base Rate,Room 7 Mid-First Floor,,2,0,GBP,247.80,247.80,227.80,20.00,Online,Booking.com,Booking.com,On Account,Confirmed,,cmcgra.609507@guest.booking.com,+353 89 602 4268,,"Non-Smoking  Promos: Mobile(App) Rate  There is no meal option with this room. Children and Extra Bed Policy: Children of any age are allowed. You haven't added any cots. You haven't added any extra beds. The maximum number of guests is 2.  Deposit Policy: The guest will be charged a prepayment of the total price of the reservation at any time.  Cancellation Policy: The guest can cancel free of charge until 7 days before arrival. The guest will be charged the total price of the reservation if they cancel in the 7 days before arrival.  payment_on_Booking.com (Payout type: BankTransfer)  ** THIS RESERVATION HAS BEEN PRE-PAID ** BOOKING NOTE : Payment charge is GBP 3.9648 ",,,,,"2026-01-08",,,,
Hotel Orlando by PLI,2026-08-15T14:13:23,649-655-832,OBN-402-103,6116974071,,Aurora,Pelliconi,"2026-10-13","2026-10-17",4,Triple room-Standard-Private Bathroom,Base Rate,Room 8 1st Floor,,3,0,GBP,435.90,335.90,315.90,120.00,Online,Booking.com,Booking.com,On Account,Confirmed,,apelli.591751@guest.booking.com,+39 334 923 3840,,"Non-Smoking  Promos: European Economic Area  There is no meal option with this room. Children and Extra Bed Policy: Children of any age are allowed. You haven't added any cots. You haven't added any extra beds. The maximum number of guests is 3.  Deposit Policy: The guest will be charged a prepayment of the total price of the reservation at any time.  Cancellation Policy: The guest can cancel free of charge until 7 days before arrival. The guest will be charged the total price of the reservation if they cancel in the 7 days before arrival. If the guest doesn’t show up, they will be charged the total price of the reservation.  payment_on_Booking.com (Payout type: BankTransfer)  ** THIS RESERVATION HAS BEEN PRE-PAID ** BOOKING NOTE : Payment charge is GBP 5.3744  Genius Booker ",,,,,"2026-08-15",,,,
Hotel Orlando by PLI,2026-07-11T15:41:16,205-156-354,SEX-686-802,6157606691,,Kukla,Melinda Eszter,"2026-10-14","2026-10-18",4,Double room-Ensuite,,S Room 25 Mid 1st F,,2,0,GBP,0.00,0.00,0.00,0.00,Online,Booking.com,Booking.com,On Account,Canceled,,mkukla.700252@guest.booking.com,+36 70 610 0784,,"Non-Smoking  Promos: European Economic Area  There is no meal option with this room. Children and Extra Bed Policy: Children of any age are allowed. You haven't added any cots. You haven't added any extra beds. The maximum number of guests is 2.  Deposit Policy: The guest will be charged a prepayment of the total price of the reservation at any time.  Cancellation Policy: The guest can cancel free of charge until 7 days before arrival. The guest will be charged the total price of the reservation if they cancel in the 7 days before arrival. If the guest doesn’t show up, they will be charged the total price of the reservation.  payment_on_Booking.com (Payout type: BankTransfer)  ** THIS RESERVATION HAS BEEN PRE-PAID ** BOOKING NOTE : Payment charge is GBP 5.072  Genius Booker ",,,,,"2026-07-11",,,,
Hotel Orlando by PLI,2025-09-30T23:07:14,239-849-282,FOC-269-775,6755680644,,Malvasi,Kevin,"2026-10-14","2026-10-23",9,Quad Studio-Standard-Ensuite,,Flat 5 ( GF Orlando ),,2,0,GBP,0.00,0.00,0.00,0.00,Online,Booking.com,Booking.com,On Account,Canceled,,mkevin.971834@guest.booking.com,+39 345 034 8767,,"Non-Smoking  Promos: Mobile(App) Rate  There is no meal option with this room. Children and Extra Bed Policy: Children of any age are allowed. You haven't added any cots. You haven't added any extra beds. The maximum number of guests is 4.  Deposit Policy: The guest will be charged a prepayment of the total price of the reservation at any time.  Cancellation Policy: The guest can cancel free of charge until 7 days before arrival. The guest will be charged the total price of the reservation if they cancel in the 7 days before arrival.  payment_on_Booking.com (Payout type: BankTransfer)  ** THIS RESERVATION HAS BEEN PRE-PAID ** BOOKING NOTE : Payment charge is GBP 13.4592  Genius Booker ",,,,,"2025-09-30",,,,
Hotel Orlando by PLI,2026-04-17T18:06:48,338-268-691,FOI-680-437,HMN2T3ZMJH,,Emanuel,Bongiovani,"2026-10-14","2026-10-17",3,Triple room-Standard-Ensuite,Non Refundable,S Room 33 3rd F - W/Microwave &Fridge,,2,0,GBP,220.00,220.00,200.00,20.00,Online,Airbnb,Airbnb,On Account,Confirmed,,,542996013126,," ",,,,,"2026-04-17",,,,
Hotel Orlando by PLI,2025-11-23T17:16:58,484-853-304,DAU-636-192,5668012436,,Alexis,Hormiga Borges,"2026-10-14","2026-10-20",6,Family Studio SR,,Flat 20 ( Basement sino ),,5,0,GBP,0.00,0.00,0.00,0.00,Online,Booking.com,Booking.com,On Account,Canceled,,aborge.585368@guest.booking.com,+34 606 99 65 58,,"Non-Smoking  Promos: European Economic Area  There is no meal option with this room. Children and Extra Bed Policy: Children of any age are allowed. You haven't added any extra beds. The maximum number of cots is 1. The maximum number of guests is 6.  Deposit Policy: The guest will be charged a prepayment of the total price of the reservation at any time.  Cancellation Policy: The guest can cancel free of charge until 7 days before arrival. The guest will be charged the total price of the reservation if they cancel in the 7 days before arrival.  payment_on_Booking.com (Payout type: BankTransfer)  ** THIS RESERVATION HAS BEEN PRE-PAID ** Approximate time of arrival: between 17:00 and 18:00 BOOKING NOTE : Payment charge is GBP 12.1608  Genius Booker ",,,,,"2025-11-23",,,,
Hotel Orlando by PLI,2026-04-09T21:05:08,606-858-491,ZYO-757-049,5233455073,,Martina,Luraschi,"2026-10-14","2026-10-17",3,Triple room-Standard-Ensuite,Non Refundable,S Room 34 3rd F,,2,1,GBP,249.50,249.50,229.50,20.00,Online,Booking.com,Booking.com,On Account,Confirmed,,mluras.321589@guest.booking.com,+39 347 423 7849,,"Child Ages: 4  Non-Smoking  Promos: European Economic Area  There is no meal option with this room. Children and Extra Bed Policy: Children of any age are allowed. You haven't added any cots. You haven't added any extra beds. The maximum number of guests is 3.  Deposit Policy: The guest will be charged a prepayment of the total price of the reservation in the 5 days before arrival.  Cancellation Policy: The guest can cancel free of charge until 5 days before arrival. The guest will be charged the total price of the reservation if they cancel in the 5 days before arrival. If the guest doesn’t show up, they will be charged the total price of the reservation.  payment_on_Booking.com (Payout type: BankTransfer)  ** THIS RESERVATION HAS BEEN PRE-PAID ** BOOKING NOTE : Payment charge is GBP 3.992  Genius Booker ",,,,,"2026-04-09",,,,
Hotel Orlando by PLI,2026-08-04T17:21:52,850-644-044,GBB-816-782,5315047822,,Stteven,Connor,"2026-10-14","2026-10-15",1,Family room-Standard-Ensuite,Non Refundable,Room 3 BF W/Microwave,,3,0,GBP,201.90,101.90,81.90,120.00,Online,Booking.com,Booking.com,On Account,Confirmed,,sconno.360784@guest.booking.com,+44 7707 840549,,"Non-Smoking  Promos: Domestic  There is no meal option with this room. Children and Extra Bed Policy: Children of any age are allowed. You haven't added any cots. You haven't added any extra beds. The maximum number of guests is 5.  Deposit Policy: The guest will be charged a prepayment of the total price of the reservation at any time.  Cancellation Policy: The guest can cancel free of charge until 7 days before arrival. The guest will be charged the total price of the reservation if they cancel in the 7 days before arrival. If the guest doesn’t show up, they will be charged the total price of the reservation.  payment_on_Booking.com (Payout type: BankTransfer)  ** THIS RESERVATION HAS BEEN PRE-PAID ** Approximate time of arrival: between 18:00 and 19:00 BOOKING NOTE : Payment charge is GBP 1.6304  Genius Booker ",,,,,"2026-08-04",,,DONT MOVE,
Hotel Orlando by PLI,2025-12-17T15:22:32,881-211-994,EMG-948-449,6742651652,,Marion,Wakeling,"2026-10-14","2026-10-15",1,Double room-Ensuite,,S Room 18 BF,,1,0,GBP,0.00,0.00,0.00,0.00,Online,Booking.com,Booking.com,On Account,Canceled,,mwakel.285649@guest.booking.com,+44 7518 067310,,"Non-Smoking  Promos: Mobile(App) Rate  There is no meal option with this room. Children and Extra Bed Policy: Children of any age are allowed. You haven't added any cots. You haven't added any extra beds. The maximum number of guests is 2.  Deposit Policy: The guest will be charged a prepayment of the total price of the reservation at any time.  Cancellation Policy: The guest can cancel free of charge until 7 days before arrival. The guest will be charged the total price of the reservation if they cancel in the 7 days before arrival.  payment_on_Booking.com (Payout type: BankTransfer)  ** THIS RESERVATION HAS BEEN PRE-PAID ** BOOKING NOTE : Payment charge is GBP 1.4216  Genius Booker ",,,,,"2025-12-17",,,,
Hotel Orlando by PLI,2026-09-02T16:56:25,350-435-441,HLK-274-188,697117603,,MOHAMMED,AL EZZI-BAZOO RIFAAT-LARAN AL EZZI-MIRAN AL EZZI,"2026-10-15","2026-10-22",7,Double room-Ensuite,Non Refundable,S Room 28 1st F,,2,0,GBP,796.62,696.25,676.62,120.00,Online,Agoda,Agoda,On Account,Confirmed,,06hjq3990000001hsfd3fgfpkka6w@agoda-messaging.com,964 7503034448,,"Limited Time Offer. Price includes 10% discount! ",,,,,"2026-09-02",,,,
Hotel Orlando by PLI,2026-09-12T17:43:32,382-293-112,KKH-342-420,5879060081,,Riveros,Florencia Micol,"2026-10-15","2026-10-19",4,Quad room-Standard-Ensuite,Non Refundable,S Room 21 GF - SofaBed,,2,1,GBP,502.50,402.50,382.50,120.00,Online,Booking.com,Booking.com,On Account,Confirmed,,rmicol.398745@guest.booking.com,+34 675 84 44 60,,"Child Ages: 12  Non-Smoking  Promos: European Economic Area  There is no meal option with this room. Children and Extra Bed Policy: Children of any age are allowed. You haven't added any cots. You haven't added any extra beds. The maximum number of guests is 4.  Deposit Policy: The guest will be charged a prepayment of the total price of the reservation at any time.  Cancellation Policy: The guest can cancel free of charge until 7 days before arrival. The guest will be charged the total price of the reservation if they cancel in the 7 days before arrival. If the guest doesn’t show up, they will be charged the total price of the reservation.  payment_on_Booking.com (Payout type: BankTransfer)  ** THIS RESERVATION HAS BEEN PRE-PAID ** BOOKING NOTE : Payment charge is GBP 6.44  Genius Booker ",,,,,"2026-09-12",,,,
Hotel Orlando by PLI,2026-09-10T23:48:26,404-321-841,CPJ-087-203,2555983165,,Davide,Speranza,"2026-10-15","2026-10-19",4,Twin room-Standard-Private Bathroom,Non Refundable,Room 16 3rd Floor,,2,0,GBP,434.10,334.10,314.10,120.00,Online,Expedia,Expedia & Affiliate Network,On Account,Confirmed,,stefaniabarile@hotmail.it,11111111111,,"2 Twin Beds Expedia collects payment from traveler: Hotel invoices Expedia. ",,,,,"2026-09-10",,,,
Hotel Orlando by PLI,2026-09-08T09:23:55,482-906-304,SWR-608-077,6240559981,,ADENLE,SEGUN FATAI,"2026-10-15","2026-10-24",9,Double room-Standard-Private Bathroom,,Room 1 BF,,2,0,GBP,0.00,0.00,0.00,0.00,Online,Booking.com,Booking.com,On Account,Canceled,,afatai.659019@guest.booking.com,+234 813524165,,"Non-Smoking  Promos: Mobile(MDot) Rate  There is no meal option with this room. Children and Extra Bed Policy: Children of any age are allowed. You haven't added any cots. You haven't added any extra beds. The maximum number of guests is 2.  Deposit Policy: The guest will be charged a prepayment of the total price of the reservation at any time.  Cancellation Policy: The guest can cancel free of charge until 2 days before arrival. The guest will be charged the total price of the reservation if they cancel in the 2 days before arrival.  payment_on_Booking.com (Payout type: BankTransfer)  ** THIS RESERVATION HAS BEEN PRE-PAID ** BOOKING NOTE : Payment charge is GBP 12.4016  Genius Booker ",,,,,"2026-09-08",,,,
Hotel Orlando by PLI,2026-01-10T21:27:08,495-920-802,VSY-112-260,5869393593,,Patricia,Oliveira,"2026-10-15","2026-10-20",5,Triple room-Standard-Ensuite,,S Room 34 3rd F,,3,0,GBP,0.00,0.00,0.00,0.00,Online,Booking.com,Booking.com,On Account,Canceled,,polive.519884@guest.booking.com,+351 916 419 358,,"Non-Smoking  Promos: Mobile(App) Rate  There is no meal option with this room. Children and Extra Bed Policy: Children of any age are allowed. You haven't added any cots. You haven't added any extra beds. The maximum number of guests is 3.  Deposit Policy: The guest will be charged a prepayment of the total price of the reservation at any time.  Cancellation Policy: The guest can cancel free of charge until 7 days before arrival. The guest will be charged the total price of the reservation if they cancel in the 7 days before arrival.  payment_on_Booking.com (Payout type: BankTransfer)  ** THIS RESERVATION HAS BEEN PRE-PAID ** BOOKING NOTE : Payment charge is GBP 6.3312  Genius Booker ",,,,,"2026-01-10",,,,
Hotel Orlando by PLI,2025-10-27T08:22:12,531-234-091,GHR-331-985,6417058462,,Eduard,Gerner,"2026-10-15","2026-10-19",4,Double room-Ensuite,Non Refundable,S Room 18 BF,,1,0,GBP,290.40,580.80,275.40,15.00,Online,Booking.com,Booking.com,On Account,Confirmed,,egerne.431185@guest.booking.com,+43 699 10088054,,"Group: 2 x Adult, 0 x Child  Non-Smoking  Promos: Mobile(App) Rate  There is no meal option with this room. Children and Extra Bed Policy: Children of any age are allowed. You haven't added any cots. You haven't added any extra beds. The maximum number of guests is 2.  Deposit Policy: The guest will be charged a prepayment of the total price of the reservation at any time.  Cancellation Policy: The guest can cancel free of charge until 7 days before arrival. The guest will be charged the total price of the reservation if they cancel in the 7 days before arrival.  payment_on_Booking.com (Payout type: BankTransfer)  ** THIS RESERVATION HAS BEEN PRE-PAID ** BOOKING NOTE : Payment charge is GBP 9.2928  Genius Booker ",,,,,"2025-10-27",,,,
Hotel Orlando by PLI,2026-09-10T12:52:44,546-866-682,XGI-525-352,2555531861,,Pablo,Martinez Bellido,"2026-10-15","2026-10-20",5,Double room-Standard-Private Bathroom,Base Rate,Room 10 1st Floor,,2,0,GBP,517.80,417.80,397.80,120.00,Online,Expedia,Expedia & Affiliate Network,On Account,Confirmed,,clarissagarcia169@icloud.com,1111111111,,"1 Queen Bed Expedia collects payment from traveler: Hotel invoices Expedia. ",,,,,"2026-09-10",,,,
Hotel Orlando by PLI,2026-08-29T14:24:10,564-945-282,AWT-782-499,5831622771,,Nerea,Barrero Lago,"2026-10-15","2026-10-19",4,Quad Studio-Standard-Ensuite,Non Refundable,Flat 5 ( GF Orlando ),,3,0,GBP,511.50,411.50,391.50,120.00,Online,Booking.com,Booking.com,On Account,Confirmed,,nlago.602019@guest.booking.com,+34 600 53 46 32,,"Non-Smoking  Promos: European Economic Area  There is no meal option with this room. Children and Extra Bed Policy: Children of any age are allowed. You haven't added any cots. You haven't added any extra beds. The maximum number of guests is 4.  Deposit Policy: The guest will be charged a prepayment of the total price of the reservation at any time.  Cancellation Policy: The guest can cancel free of charge until 7 days before arrival. The guest will be charged the total price of the reservation if they cancel in the 7 days before arrival. If the guest doesn’t show up, they will be charged the total price of the reservation.  payment_on_Booking.com (Payout type: BankTransfer)  ** THIS RESERVATION HAS BEEN PRE-PAID ** BOOKING NOTE : Payment charge is GBP 6.584  Genius Booker ",,,,,"2026-08-29",,,,
Hotel Orlando by PLI,2026-08-30T17:12:41,659-268-944,CBL-597-695,5759336995,,Amina,Saker,"2026-10-15","2026-10-20",5,Double room-Ensuite,Non Refundable,S Room 25 Mid 1st F,,2,0,GBP,486.30,386.30,366.30,120.00,Online,Booking.com,Booking.com,On Account,Confirmed,,asaker.128149@guest.booking.com,+213 772 53 19 50,,"payment_on_Booking.com (Payout type: BankTransfer)  Non-Smoking  ** THIS RESERVATION HAS BEEN PRE-PAID ** BOOKING NOTE : Payment charge is GBP 6.1808  Genius Booker  Promos: Mobile(App) Rate  There is no meal option with this room. Children and Extra Bed Policy: Children of any age are allowed. You haven't added any cots. You haven't added any extra beds. The maximum number of guests is 2.  Deposit Policy: The guest will be charged a prepayment of the total price of the reservation at any time.  Cancellation Policy: The guest can cancel free of charge until 7 days before arrival. The guest will be charged the total price of the reservation if they cancel in the 7 days before arrival. If the guest doesn’t show up, they will be charged the total price of the reservation.",,,,,"2026-08-30",,,,
Hotel Orlando by PLI,2026-08-19T18:55:16,804-542-642,GKT-812-860,6004703902,,Vipul,Garg,"2026-10-15","2026-10-21",6,Double room-Standard-Private Bathroom,,Room 11 2nd Floor,,2,0,GBP,0.00,0.00,0.00,0.00,Online,Booking.com,Booking.com,On Account,Canceled,,vgarg.380144@guest.booking.com,+91 94790 81486,,"Non-Smoking  Promos: Mobile(App) Rate  There is no meal option with this room. Children and Extra Bed Policy: Children of any age are allowed. You haven't added any cots. You haven't added any extra beds. The maximum number of guests is 2.  Deposit Policy: The guest will be charged a prepayment of the total price of the reservation at any time.  Cancellation Policy: The guest can cancel free of charge until 7 days before arrival. The guest will be charged the total price of the reservation if they cancel in the 7 days before arrival. If the guest doesn’t show up, they will be charged the total price of the reservation.  payment_on_Booking.com (Payout type: BankTransfer)  ** THIS RESERVATION HAS BEEN PRE-PAID ** We are two husband and wife for London tour. We will check in at around 8 to 9 PM on 15th October and would like to check out on 21st afternoon. BOOKING NOTE : Payment charge is GBP 7.16  Genius Booker ",,,,,"2026-08-19",,,,
Hotel Orlando by PLI,2025-10-27T08:22:12,853-960-432,GHR-331-985,6417058462,,Eduard,Gerner,"2026-10-15","2026-10-19",4,Double room-Ensuite,Non Refundable,S Room 17 BF,,1,0,GBP,290.40,See 531-234-091,275.40,15.00,Online,Booking.com,Booking.com,On Account,Confirmed,,egerne.431185@guest.booking.com,+43 699 10088054,,"Group: 2 x Adult, 0 x Child  Non-Smoking  Promos: Mobile(App) Rate  There is no meal option with this room. Children and Extra Bed Policy: Children of any age are allowed. You haven't added any cots. You haven't added any extra beds. The maximum number of guests is 2.  Deposit Policy: The guest will be charged a prepayment of the total price of the reservation at any time.  Cancellation Policy: The guest can cancel free of charge until 7 days before arrival. The guest will be charged the total price of the reservation if they cancel in the 7 days before arrival.  payment_on_Booking.com (Payout type: BankTransfer)  ** THIS RESERVATION HAS BEEN PRE-PAID ** BOOKING NOTE : Payment charge is GBP 9.2928  Genius Booker ",,,,,"2025-10-27",,,,
Hotel Orlando by PLI,2026-06-24T18:52:03,890-434-631,YJS-456-625,5255126464,,Alison,Dobson,"2026-10-15","2026-10-16",1,Triple room-Standard-Private Bathroom,Base Rate,Room 13 2nd Floor,,2,0,GBP,199.20,99.20,79.20,120.00,Online,Booking.com,Booking.com,On Account,Confirmed,,adobso.563735@guest.booking.com,+44 7946 424089,,"Non-Smoking  Promos: Domestic  There is no meal option with this room. Children and Extra Bed Policy: Children of any age are allowed. You haven't added any cots. You haven't added any extra beds. The maximum number of guests is 3.  Deposit Policy: The guest will be charged a prepayment of the total price of the reservation at any time.  Cancellation Policy: The guest can cancel free of charge until 7 days before arrival. The guest will be charged the total price of the reservation if they cancel in the 7 days before arrival. If the guest doesn’t show up, they will be charged the total price of the reservation.  payment_on_Booking.com (Payout type: BankTransfer)  ** THIS RESERVATION HAS BEEN PRE-PAID ** BOOKING NOTE : Payment charge is GBP 1.5872  Genius Booker ",,,,,"2026-06-24",,,,
Hotel Orlando by PLI,2026-08-18T11:11:02,996-633-051,OLB-693-602,6180940720,,Rosa,Sanz,"2026-10-15","2026-10-18",3,Family room-Standard-Ensuite,Non Refundable,Room 3 BF W/Microwave,,4,1,GBP,391.80,291.80,271.80,120.00,Online,Booking.com,Booking.com,On Account,Confirmed,,rsanz.505320@guest.booking.com,+34 697 54 71 80,,"Child Ages: 15  Non-Smoking  Promos: European Economic Area  There is no meal option with this room. Children and Extra Bed Policy: Children of any age are allowed. You haven't added any cots. You haven't added any extra beds. The maximum number of guests is 5.  Deposit Policy: The guest will be charged a prepayment of the total price of the reservation at any time.  Cancellation Policy: The guest can cancel free of charge until 7 days before arrival. The guest will be charged the total price of the reservation if they cancel in the 7 days before arrival. If the guest doesn’t show up, they will be charged the total price of the reservation.  payment_on_Booking.com (Payout type: BankTransfer)  ** THIS RESERVATION HAS BEEN PRE-PAID ** BOOKING NOTE : Payment charge is GBP 4.6688 Approximate time of arrival: between 00:00 and 01:00 the next day  Genius Booker ",,,,,"2026-08-18",,,,
Hotel Orlando by PLI,2026-09-16T21:58:49,102-332-212,WGH-850-947,2560568354,,Kaylia,Seraline,"2026-10-16","2026-10-18",2,Quad room-Standard-Ensuite,Non Refundable,S Room 31 2nd FF,,3,1,GBP,335.11,235.11,215.11,120.00,Online,Expedia Affiliate Network,Expedia & Affiliate Network,On Account,Confirmed,,jq9kmtdjyt@privaterelay.appleid.com,11111111111,,"1 Queen Sofa Bed and 1 Double Bed Expedia collects payment from traveler: Hotel invoices Expedia. ",,,,,"2026-09-16",,,,
Hotel Orlando by PLI,2026-03-16T11:21:41,234-968-342,AXT-097-138,1418fb94e984-8ccbe9df553ad6353c5f5178295c5443@airbnb.com,,Reserved,iCal,"2026-10-16","2026-10-17",1,Studio-Basic-Ensuite,Base Rate,Flat 24  ( GF Sino ),,1,0,GBP,0.00,0.00,0.00,0.00,iCal,ical1,,Deposit (Variable),Confirmed,,,,,Reservation URL: https://www.airbnb.com/hosting/reservations/details/HMSJW8WDAC,,,,,"2026-03-16",,,,
Hotel Orlando by PLI,2026-08-24T23:45:52,391-845-014,CXY-407-047,2542419422,,Jesica,Martínez Martín,"2026-10-16","2026-10-19",3,Quad room-Standard-Ensuite,Non Refundable,S Room 22 GF -2Ds W/Microwave &Fridge,,2,2,GBP,393.58,293.58,273.58,120.00,Online,Expedia Affiliate Network,Expedia & Affiliate Network,On Account,Confirmed,,marbellapuertopesquero@gmail.com,11111111111,,"1 Queen Sofa Bed and 1 Double Bed Expedia collects payment from traveler: Hotel invoices Expedia. ",,,,,"2026-08-24",,,,
Hotel Orlando by PLI,2026-08-06T10:58:15,484-932-524,IFS-856-736,6542785270,,Valeria,Tezze,"2026-10-16","2026-10-19",3,Triple room-Standard-Ensuite,,S Room 23 GF,,3,0,GBP,0.00,0.00,0.00,0.00,Online,Booking.com,Booking.com,On Account,Canceled,,vtezze.391240@guest.booking.com,+39 392 877 3885,,"Non-Smoking  Promos: European Economic Area  There is no meal option with this room. Children and Extra Bed Policy: Children of any age are allowed. You haven't added any cots. You haven't added any extra beds. The maximum number of guests is 3.  Deposit Policy: The guest will be charged a prepayment of the total price of the reservation at any time.  Cancellation Policy: The guest can cancel free of charge until 7 days before arrival. The guest will be charged the total price of the reservation if they cancel in the 7 days before arrival. If the guest doesn’t show up, they will be charged the total price of the reservation.  payment_on_Booking.com (Payout type: BankTransfer)  ** THIS RESERVATION HAS BEEN PRE-PAID ** BOOKING NOTE : Payment charge is GBP 4.064  Genius Booker ",,,,,"2026-08-06",,,,
Hotel Orlando by PLI,2026-05-20T10:20:57,559-446-554,ACP-304-864,5599446494,,Maria,Ruiz Pardo,"2026-10-16","2026-10-18",2,Family room-Standard-Ensuite,,S Room 19 BF,,5,0,GBP,0.00,0.00,0.00,0.00,Online,Booking.com,Booking.com,On Account,Canceled,,mpardo.858728@guest.booking.com,+34 650 83 35 17,,"Non-Smoking  Promos: European Economic Area  There is no meal option with this room. Children and Extra Bed Policy: Children of any age are allowed. You haven't added any cots. You haven't added any extra beds. The maximum number of guests is 5.  Deposit Policy: The guest will be charged a prepayment of the total price of the reservation at any time.  Cancellation Policy: The guest can cancel free of charge until 2 days before arrival. The guest will be charged the total price of the reservation if they cancel in the 2 days before arrival.  payment_on_Booking.com (Payout type: BankTransfer)  ** THIS RESERVATION HAS BEEN PRE-PAID ** BOOKING NOTE : Payment charge is GBP 3.5024 Approximate time of arrival: between 14:00 and 15:00  Genius Booker ",,,,,"2026-05-20",,,,
Hotel Orlando by PLI,2026-09-17T13:20:22,562-849-864,YDV-546-840,6950198093,,Caoimhe,Doyle,"2026-10-16","2026-10-18",2,Quad room-Standard-Ensuite,Non Refundable,S Room 27 1st F  W/Fridge,,4,0,GBP,334.20,234.20,214.20,120.00,Online,Booking.com,Booking.com,On Account,Confirmed,,cdoyle.701418@guest.booking.com,+353 87 761 2271,,"Non-Smoking  Promos: European Economic Area  There is no meal option with this room. Children and Extra Bed Policy: Children of any age are allowed. You haven't added any cots. You haven't added any extra beds. The maximum number of guests is 4.  Deposit Policy: The guest will be charged a prepayment of the total price of the reservation at any time.  Cancellation Policy: The guest can cancel free of charge until 7 days before arrival. The guest will be charged the total price of the reservation if they cancel in the 7 days before arrival. If the guest doesn’t show up, they will be charged the total price of the reservation.  payment_on_Booking.com (Payout type: BankTransfer)  ** THIS RESERVATION HAS BEEN PRE-PAID ** BOOKING NOTE : Payment charge is GBP 3.7472  Genius Booker ",,,,,"2026-09-17",,,,
Hotel Orlando by PLI,2026-06-12T14:38:54,569-021-314,YQI-997-132,6770404920,,Kim,Hyein,"2026-10-16","2026-10-18",2,Family room-Standard-Ensuite,,Room 3 BF W/Microwave,,3,2,GBP,0.00,0.00,0.00,0.00,Online,Booking.com,Booking.com,On Account,Canceled,,xqrzjf.272330@guest.booking.com,+44 7826 376018,,"Child Ages: 10, 7  Non-Smoking  Promos: Domestic  There is no meal option with this room. Children and Extra Bed Policy: Children of any age are allowed. You haven't added any cots. You haven't added any extra beds. The maximum number of guests is 5.  Deposit Policy: The guest will be charged a prepayment of the total price of the reservation at any time.  Cancellation Policy: The guest can cancel free of charge until 7 days before arrival. The guest will be charged the total price of the reservation if they cancel in the 7 days before arrival. If the guest doesn’t show up, they will be charged the total price of the reservation.  payment_on_Booking.com (Payout type: BankTransfer)  ** THIS RESERVATION HAS BEEN PRE-PAID ** BOOKING NOTE : Payment charge is GBP 3.632 Approximate time of arrival: between 20:00 and 21:00 ",,,,,"2026-06-12",,,,
Hotel Orlando by PLI,2026-08-17T19:10:22,580-264-464,YLU-013-693,2536868703,,Uxue,Goikoetxea,"2026-10-16","2026-10-19",3,Quad Studio-Standard-Ensuite,Non Refundable,Flat 2 ( Basement Orlando ),,3,0,GBP,393.58,293.58,273.58,120.00,Online,Expedia Affiliate Network,Expedia & Affiliate Network,On Account,Confirmed,,noreply@w2m.com,11111111111,,"1 Queen Sofa Bed and 1 Queen Bed Expedia collects payment from traveler: Hotel invoices Expedia. ",,,,,"2026-08-17",,,,
Hotel Orlando by PLI,2026-09-07T08:23:09,609-881-531,QOY-434-133,HMECDXHFKP,,Adrian,Espinola Serrano,"2026-10-16","2026-10-18",2,Family Studio SR,Non Refundable,Flat 20 ( Basement sino ),,5,0,GBP,362.00,262.00,242.00,120.00,Online,Airbnb,Airbnb,On Account,Confirmed,,,34667986027,," ",,,,,"2026-09-07",,,,
Hotel Orlando by PLI,2026-09-09T17:04:07,638-963-051,QVM-181-689,6577841303,,Madalina,Constantinescu,"2026-10-16","2026-10-19",3,Quad room-Standard-Ensuite,,S Room 27 1st F  W/Fridge,,4,0,GBP,0.00,0.00,0.00,0.00,Online,Booking.com,Booking.com,On Account,Canceled,,mconst.836253@guest.booking.com,+40 724 401 656,,"Non-Smoking  Promos: European Economic Area  There is no meal option with this room. Children and Extra Bed Policy: Children of any age are allowed. You haven't added any cots. You haven't added any extra beds. The maximum number of guests is 4.  Deposit Policy: The guest will be charged a prepayment of the total price of the reservation at any time.  Cancellation Policy: The guest can cancel free of charge until 7 days before arrival. The guest will be charged the total price of the reservation if they cancel in the 7 days before arrival. If the guest doesn’t show up, they will be charged the total price of the reservation.  payment_on_Booking.com (Payout type: BankTransfer)  ** THIS RESERVATION HAS BEEN PRE-PAID ** BOOKING NOTE : Payment charge is GBP 4.784 ",,,,,"2026-09-09",,,,
Hotel Orlando by PLI,2025-09-26T18:43:11,661-553-544,DAR-552-650,5443917083,,Mithun,Chakraborty,"2026-10-16","2026-10-19",3,Quad room-Standard-Private Bathroom,,Room 4 GF,,2,2,GBP,0.00,0.00,0.00,0.00,Online,Booking.com,Booking.com,On Account,Canceled,,mchakr.871306@guest.booking.com,+44 7424 809828,,"Child Ages: 12, 2  Non-Smoking  Promos: Domestic  There is no meal option with this room. Children and Extra Bed Policy: Children of any age are allowed. You haven't added any cots. You haven't added any extra beds. The maximum number of guests is 4.  Deposit Policy: The guest will be charged a prepayment of the total price of the reservation at any time.  Cancellation Policy: The guest can cancel free of charge until 7 days before arrival. The guest will be charged the total price of the reservation if they cancel in the 7 days before arrival.  payment_on_Booking.com (Payout type: BankTransfer)  ** THIS RESERVATION HAS BEEN PRE-PAID ** BOOKING NOTE : Payment charge is GBP 2.976  Genius Booker ",,,,,"2025-09-26",,,,
Hotel Orlando by PLI,2026-04-26T09:38:41,684-620-804,COT-901-773,5178345863,,Santiago,Pérez Fernández,"2026-10-16","2026-10-19",3,Triple room-Standard-Private Bathroom,Base Rate,Room 13 2nd Floor,,2,1,GBP,268.40,268.40,248.40,20.00,Online,Booking.com,Booking.com,On Account,Confirmed,,sferna.981031@guest.booking.com,+34 684 10 43 22,,"Child Ages: 14  Non-Smoking  Promos: European Economic Area  There is no meal option with this room. Children and Extra Bed Policy: Children of any age are allowed. You haven't added any cots. You haven't added any extra beds. The maximum number of guests is 3.  Deposit Policy: The guest will be charged a prepayment of the total price of the reservation at any time.  Cancellation Policy: The guest can cancel free of charge until 7 days before arrival. The guest will be charged the total price of the reservation if they cancel in the 7 days before arrival. If the guest doesn’t show up, they will be charged the total price of the reservation.  payment_on_Booking.com (Payout type: BankTransfer)  ** THIS RESERVATION HAS BEEN PRE-PAID ** BOOKING NOTE : Payment charge is GBP 4.2944  Genius Booker ",,,,,"2026-04-26",,,,
Hotel Orlando by PLI,2026-09-14T06:28:07,835-841-162,OAZ-238-949,5362679803,,MOHAMMAD,ADEEL,"2026-10-16","2026-10-25",9,Quad room-Standard-Ensuite,Non Refundable,S Room 26 1st F - W/Fridge,,2,2,GBP,1072.00,972.00,952.00,120.00,Online,Booking.com,Booking.com,On Account,Confirmed,,madeel.606473@guest.booking.com,+966 51 093 9916,,"Child Ages: 10, 6  Non-Smoking  There is no meal option with this room. Children and Extra Bed Policy: Children of any age are allowed. You haven't added any cots. You haven't added any extra beds. The maximum number of guests is 4.  Deposit Policy: The guest will be charged a prepayment of the total price of the reservation at any time.  Cancellation Policy: The guest can cancel free of charge until 7 days before arrival. The guest will be charged the total price of the reservation if they cancel in the 7 days before arrival. If the guest doesn’t show up, they will be charged the total price of the reservation.  payment_on_Booking.com (Payout type: BankTransfer)  ** THIS RESERVATION HAS BEEN PRE-PAID ** BOOKING NOTE : Payment charge is GBP 15.552  Genius Booker ",,,,,"2026-09-14",,,,
Hotel Orlando by PLI,2026-09-09T18:54:07,863-992-232,XMK-943-395,5368994651,,Paula,Gardi,"2026-10-16","2026-10-18",2,Double room-Ensuite,Non Refundable,S Room 29 Mid 2nd F,,2,0,GBP,288.30,188.30,168.30,120.00,Online,Booking.com,Booking.com,On Account,Confirmed,,pgardi.112028@guest.booking.com,+34 620 75 68 76,,"Non-Smoking  Promos: European Economic Area  There is no meal option with this room. Children and Extra Bed Policy: Children of any age are allowed. You haven't added any cots. You haven't added any extra beds. The maximum number of guests is 2.  Deposit Policy: The guest will be charged a prepayment of the total price of the reservation at any time.  Cancellation Policy: The guest can cancel free of charge until 7 days before arrival. The guest will be charged the total price of the reservation if they cancel in the 7 days before arrival. If the guest doesn’t show up, they will be charged the total price of the reservation.  payment_on_Booking.com (Payout type: BankTransfer)  ** THIS RESERVATION HAS BEEN PRE-PAID ** Approximate time of arrival: between 12:00 and 13:00 BOOKING NOTE : Payment charge is GBP 3.0128  Genius Booker ",,,,,"2026-09-09",,,,
Hotel Orlando by PLI,2026-09-12T15:27:15,944-381-624,SFK-015-299,6249200694,,chloé,monteil,"2026-10-16","2026-10-20",4,Triple room-Standard-Private Bathroom,Non Refundable,Room 12 2nd Floor,,2,1,GBP,458.40,358.40,338.40,120.00,Online,Booking.com,Booking.com,On Account,Confirmed,,cmonte.330203@guest.booking.com,+33 7 54 81 94 27,,"Child Ages: 15  Non-Smoking  Promos: European Economic Area  There is no meal option with this room. Children and Extra Bed Policy: Children of any age are allowed. You haven't added any cots. You haven't added any extra beds. The maximum number of guests is 3.  Deposit Policy: The guest will be charged a prepayment of the total price of the reservation at any time.  Cancellation Policy: The guest will be charged the total price of the reservation if they cancel at any time.  payment_on_Booking.com (Payout type: BankTransfer)  ** THIS RESERVATION HAS BEEN PRE-PAID ** BOOKING NOTE : Payment charge is GBP 5.7344  Genius Booker ",,,,,"2026-09-12",,,,
Hotel Orlando by PLI,2026-05-28T21:23:24,085-223-162,UZD-640-427,1418fb94e984-7c7f0f8a97d7cf57a2b69c84d6a9c8b6@airbnb.com,,Reserved,iCal,"2026-10-17","2026-10-19",2,Studio-Basic-Ensuite,Base Rate,Flat 24  ( GF Sino ),,1,0,GBP,0.00,0.00,0.00,0.00,iCal,ical1,,Deposit (Variable),Confirmed,,,,,Reservation URL: https://www.airbnb.com/hosting/reservations/details/HM4FYHCHBZ,,,,,"2026-05-28",,,,
Hotel Orlando by PLI,2025-10-02T22:03:13,088-813-894,VXO-135-959,6893456733,,Carine,Azais,"2026-10-17","2026-10-31",14,Triple room-Standard-Private Bathroom,,Room 8 1st Floor,,1,1,GBP,0.00,0.00,0.00,0.00,Online,Booking.com,Booking.com,On Account,Canceled,,cazais.534263@guest.booking.com,+33 6 68 47 28 70,,"Child Ages: 8  Non-Smoking  Promos: Mobile(MDot) Rate  There is no meal option with this room. Children and Extra Bed Policy: Children of any age are allowed. You haven't added any cots. You haven't added any extra beds. The maximum number of guests is 3.  Deposit Policy: The guest will be charged a prepayment of the total price of the reservation at any time.  Cancellation Policy: The guest can cancel free of charge until 7 days before arrival. The guest will be charged the total price of the reservation if they cancel in the 7 days before arrival.  payment_on_Booking.com (Payout type: BankTransfer)  ** THIS RESERVATION HAS BEEN PRE-PAID ** BOOKING NOTE : Payment charge is GBP 9.76  Genius Booker ",,,,,"2025-10-02",,,,
Hotel Orlando by PLI,2026-08-14T22:49:40,101-085-604,IEO-380-962,2534883503,,Sergio,Diego Garcia,"2026-10-17","2026-10-20",3,Family room-Standard-Ensuite,,Room 3 BF W/Microwave,,2,3,GBP,0.00,0.00,0.00,0.00,Online,Expedia Affiliate Network,Expedia & Affiliate Network,On Account,Canceled,,noreply@w2m.com,11111111111,,"1 Twin Bed, 1 Queen Bed and 1 Twin Sofa Bed Expedia collects payment from traveler: Hotel invoices Expedia. ",,,,,"2026-08-14",,,,
Hotel Orlando by PLI,2026-08-18T16:11:52,212-042-241,XYR-598-400,6704548637,,Jens,Werner,"2026-10-17","2026-10-23",6,Quad Studio-Standard-Ensuite,,Flat 5 ( GF Orlando ),,2,2,GBP,0.00,0.00,0.00,0.00,Online,Booking.com,Booking.com,On Account,Canceled,,jwerne.425224@guest.booking.com,+49 203 5640799,,"Child Ages: 14, 7  Non-Smoking  Promos: European Economic Area  There is no meal option with this room. Children and Extra Bed Policy: Children of any age are allowed. You haven't added any cots. You haven't added any extra beds. The maximum number of guests is 4.  Deposit Policy: The guest will be charged a prepayment of the total price of the reservation at any time.  Cancellation Policy: The guest can cancel free of charge until 7 days before arrival. The guest will be charged the total price of the reservation if they cancel in the 7 days before arrival. If the guest doesn’t show up, they will be charged the total price of the reservation.  payment_on_Booking.com (Payout type: BankTransfer)  ** THIS RESERVATION HAS BEEN PRE-PAID ** BOOKING NOTE : Payment charge is GBP 8.528 ",,,,,"2026-08-18",,,,
Hotel Orlando by PLI,2026-02-09T19:24:27,286-028-151,SDO-346-548,5741730089,,Sofia,Hlávková,"2026-10-17","2026-10-21",4,Family room-Standard-Ensuite,,S Room 19 BF,,4,0,GBP,0.00,0.00,0.00,0.00,Online,Booking.com,Booking.com,On Account,Canceled,,shlavk.666536@guest.booking.com,+421 915 560 140,,"Non-Smoking  Promos: European Economic Area  There is no meal option with this room. Children and Extra Bed Policy: Children of any age are allowed. You haven't added any cots. You haven't added any extra beds. The maximum number of guests is 5.  Deposit Policy: The guest will be charged a prepayment of the total price of the reservation at any time.  Cancellation Policy: The guest can cancel free of charge until 7 days before arrival. The guest will be charged the total price of the reservation if they cancel in the 7 days before arrival.  payment_on_Booking.com (Payout type: BankTransfer)  ** THIS RESERVATION HAS BEEN PRE-PAID ** BOOKING NOTE : Payment charge is GBP 7.4768  Genius Booker ",,,,,"2026-02-09",,,,
Hotel Orlando by PLI,2026-04-25T16:56:24,305-235-152,BWZ-323-755,,,Emanuel,Bongiovani,"2026-10-17","2026-10-18",1,Triple room-Standard-Ensuite,Non Refundable,S Room 33 3rd F - W/Microwave &Fridge,,1,0,GBP,70.00,70.00,50.00,20.00,Direct,,,On Account,Confirmed,,ema_bon@hotmail.com.ar,+5492996013126,,,,,,,"2026-04-25",,,,
Hotel Orlando by PLI,2026-02-09T19:41:10,438-154-062,QTA-218-129,6767707857,,Sofia,Hlávková,"2026-10-17","2026-10-21",4,Family Studio SR,,Flat 20 ( Basement sino ),,4,0,GBP,0.00,0.00,0.00,0.00,Online,Booking.com,Booking.com,On Account,Canceled,,shlavk.944093@guest.booking.com,+421 915 560 140,,"Non-Smoking  Promos: European Economic Area  There is no meal option with this room. Children and Extra Bed Policy: Children of any age are allowed. You haven't added any extra beds. The maximum number of cots is 1. The maximum number of guests is 6.  Deposit Policy: The guest will be charged a prepayment of the total price of the reservation at any time.  Cancellation Policy: The guest can cancel free of charge until 7 days before arrival. The guest will be charged the total price of the reservation if they cancel in the 7 days before arrival.  payment_on_Booking.com (Payout type: BankTransfer)  ** THIS RESERVATION HAS BEEN PRE-PAID ** BOOKING NOTE : Payment charge is GBP 7.4768  Genius Booker ",,,,,"2026-02-09",,,,
Hotel Orlando by PLI,2026-07-15T21:24:19,452-984-384,MCP-119-131,5502220501,,Jessica,Minardi,"2026-10-17","2026-10-20",3,Quad Studio-Standard-Ensuite,,Flat 5 ( GF Orlando ),,4,0,GBP,0.00,0.00,0.00,0.00,Online,Booking.com,Booking.com,On Account,Canceled,,jminar.274200@guest.booking.com,+39 351 771 1463,,"Non-Smoking  Promos: European Economic Area  There is no meal option with this room. Children and Extra Bed Policy: Children of any age are allowed. You haven't added any cots. You haven't added any extra beds. The maximum number of guests is 4.  Deposit Policy: The guest will be charged a prepayment of the total price of the reservation at any time.  Cancellation Policy: The guest can cancel free of charge until 7 days before arrival. The guest will be charged the total price of the reservation if they cancel in the 7 days before arrival. If the guest doesn’t show up, they will be charged the total price of the reservation.  payment_on_Booking.com (Payout type: BankTransfer)  ** THIS RESERVATION HAS BEEN PRE-PAID ** BOOKING NOTE : Payment charge is GBP 4.856  Genius Booker ",,,,,"2026-07-15",,,,
Hotel Orlando by PLI,2026-08-01T02:47:37,554-366-101,ITG-852-075,6787881621,,Khady,Diop,"2026-10-17","2026-10-30",13,Single room-Standard-Ensuite,Non Refundable,S Room 32 2nd F,,1,0,GBP,920.10,820.10,800.10,120.00,Online,Booking.com,Booking.com,On Account,Confirmed,,kdiop.635672@guest.booking.com,+221 77 509 00 99,,"Non-Smoking  Promos: Domestic  There is no meal option with this room. Children and Extra Bed Policy: Children of any age are allowed. You haven't added any cots. You haven't added any extra beds. The maximum number of guests is 1.  Deposit Policy: The guest will be charged a prepayment of the total price of the reservation at any time.  Cancellation Policy: The guest can cancel free of charge until 7 days before arrival. The guest will be charged the total price of the reservation if they cancel in the 7 days before arrival. If the guest doesn’t show up, they will be charged the total price of the reservation.  payment_on_Booking.com (Payout type: BankTransfer)  ** THIS RESERVATION HAS BEEN PRE-PAID ** BOOKING NOTE : Payment charge is GBP 13.1216 ",,,,,"2026-08-01",,,,
Hotel Orlando by PLI,2026-08-23T10:52:02,610-465-682,EUW-118-863,6534754051,,Johana,Navrátilová,"2026-10-17","2026-10-20",3,Quad room-Standard-Private Bathroom,Base Rate,Room 4 GF,,4,0,GBP,370.20,270.20,250.20,120.00,Online,Booking.com,Booking.com,On Account,Confirmed,,jnavra.987699@guest.booking.com,+420 603 271 587,,"Non-Smoking  Promos: European Economic Area  There is no meal option with this room. Children and Extra Bed Policy: Children of any age are allowed. You haven't added any cots. You haven't added any extra beds. The maximum number of guests is 4.  Deposit Policy: The guest will be charged a prepayment of the total price of the reservation at any time.  Cancellation Policy: The guest can cancel free of charge until 7 days before arrival. The guest will be charged the total price of the reservation if they cancel in the 7 days before arrival. If the guest doesn’t show up, they will be charged the total price of the reservation.  payment_on_Booking.com (Payout type: BankTransfer)  ** THIS RESERVATION HAS BEEN PRE-PAID ** BOOKING NOTE : Payment charge is GBP 4.3232  Genius Booker ",,,,,"2026-08-23",,,,
Hotel Orlando by PLI,2026-08-15T00:20:39,846-648-632,XHG-210-515,6778203356,,AHOU,MONIQUE NDRI,"2026-10-17","2026-10-23",6,Triple room-Standard-Private Bathroom,Base Rate,Room 8 1st Floor,,1,2,GBP,580.80,480.80,460.80,120.00,Online,Booking.com,Booking.com,On Account,Confirmed,,andri.823285@guest.booking.com,+212 700 198377,,"Child Ages: 12, 8  Non-Smoking  Promos: Mobile(App) Rate  There is no meal option with this room. Children and Extra Bed Policy: Children of any age are allowed. You haven't added any cots. You haven't added any extra beds. The maximum number of guests is 3.  Deposit Policy: The guest will be charged a prepayment of the total price of the reservation at any time.  Cancellation Policy: The guest can cancel free of charge until 7 days before arrival. The guest will be charged the total price of the reservation if they cancel in the 7 days before arrival. If the guest doesn’t show up, they will be charged the total price of the reservation.  payment_on_Booking.com (Payout type: BankTransfer)  ** THIS RESERVATION HAS BEEN PRE-PAID ** BOOKING NOTE : Payment charge is GBP 7.6928  Genius Booker ",,,,,"2026-08-14",,,,
Hotel Orlando by PLI,2026-08-15T10:30:25,860-664-391,XTK-460-962,6778278918,,Alessandro,Pavone,"2026-10-17","2026-10-20",3,Quad room-Standard-Private Bathroom,Non Refundable,Room 9 1st Floor,,3,1,GBP,355.80,255.80,235.80,120.00,Online,Booking.com,Booking.com,On Account,Confirmed,,apavon.290213@guest.booking.com,+39 347 001 5110,,"Child Ages: 16  Non-Smoking  Promos: European Economic Area  There is no meal option with this room. Children and Extra Bed Policy: Children of any age are allowed. You haven't added any cots. You haven't added any extra beds. The maximum number of guests is 4.  Deposit Policy: The guest will be charged a prepayment of the total price of the reservation at any time.  Cancellation Policy: The guest will be charged the total price of the reservation if they cancel at any time.  payment_on_Booking.com (Payout type: BankTransfer)  ** THIS RESERVATION HAS BEEN PRE-PAID ** BOOKING NOTE : Payment charge is GBP 4.0928 Approximate time of arrival: between 15:00 and 16:00  Genius Booker ",,,,,"2026-08-15",,,,
Hotel Orlando by PLI,2026-09-03T15:37:10,930-648-112,FMA-806-019,5353860731,,Melanie,Bubelach,"2026-10-17","2026-10-21",4,Triple room-Standard-Ensuite,Non Refundable,S Room 23 GF,,2,1,GBP,442.20,342.20,322.20,120.00,Online,Booking.com,Booking.com,On Account,Confirmed,,mbubel.303717@guest.booking.com,+49 176 81675282,,"Child Ages: 9  Non-Smoking  Promos: European Economic Area  There is no meal option with this room. Children and Extra Bed Policy: Children of any age are allowed. You haven't added any cots. You haven't added any extra beds. The maximum number of guests is 3.  Deposit Policy: The guest will be charged a prepayment of the total price of the reservation at any time.  Cancellation Policy: The guest can cancel free of charge until 7 days before arrival. The guest will be charged the total price of the reservation if they cancel in the 7 days before arrival. If the guest doesn’t show up, they will be charged the total price of the reservation.  payment_on_Booking.com (Payout type: BankTransfer)  ** THIS RESERVATION HAS BEEN PRE-PAID ** Approximate time of arrival: between 15:00 and 16:00 BOOKING NOTE : Payment charge is GBP 5.4752  Genius Booker ",,,,,"2026-09-03",,,,
Hotel Orlando by PLI,2026-02-21T14:05:08,931-282-944,OIO-266-296,5126141758,,Cristiana,Greco,"2026-10-17","2026-10-21",4,Triple room-Standard-Ensuite,,S Room 34 3rd F,,3,0,GBP,0.00,0.00,0.00,0.00,Online,Booking.com,Booking.com,On Account,Canceled,,cgreco.655422@guest.booking.com,+39 392 846 8177,,"Non-Smoking  Promos: Mobile(App) Rate  There is no meal option with this room. Children and Extra Bed Policy: Children of any age are allowed. You haven't added any cots. You haven't added any extra beds. The maximum number of guests is 3.  Deposit Policy: The guest will be charged a prepayment of the total price of the reservation in the 5 days before arrival.  Cancellation Policy: The guest can cancel free of charge until 5 days before arrival. The guest will be charged the total price of the reservation if they cancel in the 5 days before arrival. If the guest doesn’t show up, they will be charged the total price of the reservation.  payment_on_Booking.com (Payout type: BankTransfer)  ** THIS RESERVATION HAS BEEN PRE-PAID ** BOOKING NOTE : Payment charge is GBP 4.8216  Genius Booker ",,,,,"2026-02-21",,,,
Hotel Orlando by PLI,2026-08-30T18:01:39,981-653-164,YPX-626-586,5379666255,,Nelson Onyebuchi,Ogwuegbu,"2026-10-17","2026-10-19",2,Single room-Standard-Ensuite,Non Refundable,Room 15 3rd Floor,,1,0,GBP,255.00,155.00,135.00,120.00,Online,Booking.com,Booking.com,On Account,Confirmed,,nogwue.507221@guest.booking.com,+234 809 695 4432,,"payment_on_Booking.com (Payout type: BankTransfer)  Non-Smoking  ** THIS RESERVATION HAS BEEN PRE-PAID ** BOOKING NOTE : Payment charge is GBP 2.48  Genius Booker  Promos: Mobile(App) Rate  There is no meal option with this room. Children and Extra Bed Policy: Children of any age are allowed. You haven't added any cots. You haven't added any extra beds. The maximum number of guests is 1.  Deposit Policy: The guest will be charged a prepayment of the total price of the reservation at any time.  Cancellation Policy: The guest can cancel free of charge until 7 days before arrival. The guest will be charged the total price of the reservation if they cancel in the 7 days before arrival. If the guest doesn’t show up, they will be charged the total price of the reservation.",,,,,"2026-08-30",,,,
Hotel Orlando by PLI,2026-09-03T07:53:53,442-842-191,QVU-945-775,2549812802,,MOHAMMAD MAIN UDDIN,PARVEZ,"2026-10-18","2026-10-30",12,Quad room-Standard-Ensuite,Non Refundable,S Room 30 2nd F - W/Fridge,,3,0,GBP,1181.11,1081.11,1061.11,120.00,Online,Expedia Affiliate Network,Expedia & Affiliate Network,On Account,Confirmed,,cs@xiwantrip.com,1111111111111,,"1 Queen Sofa Bed and 1 Double Bed Expedia collects payment from traveler: Hotel invoices Expedia. ",,,,,"2026-09-03",,,,
Hotel Orlando by PLI,2026-02-03T15:26:00,453-564-631,WKW-751-859,5387335960,,Linda,Baccou,"2026-10-18","2026-10-23",5,Family Studio SR,,Flat 20 ( Basement sino ),,3,2,GBP,0.00,0.00,0.00,0.00,Online,Booking.com,Booking.com,On Account,Canceled,,lbacco.446857@guest.booking.com,+33 7 82 86 79 41,,"Child Ages: 3, 8  Non-Smoking  Promos: Mobile(App) Rate  There is no meal option with this room. Children and Extra Bed Policy: Children of any age are allowed. You haven't added any extra beds. The maximum number of cots is 1. The maximum number of guests is 6.  Deposit Policy: The guest will be charged a prepayment of the total price of the reservation at any time.  Cancellation Policy: The guest can cancel free of charge until 7 days before arrival. The guest will be charged the total price of the reservation if they cancel in the 7 days before arrival.  payment_on_Booking.com (Payout type: BankTransfer)  ** THIS RESERVATION HAS BEEN PRE-PAID ** BOOKING NOTE : Payment charge is GBP 8.1944  Genius Booker ",,,,,"2026-02-03",,,,
Hotel Orlando by PLI,2026-06-20T11:19:16,698-022-834,TQD-022-850,6767401763,,Saskia,Paffen,"2026-10-18","2026-10-22",4,Twin room-Standard-Private Bathroom,,Room 16 3rd Floor,,2,0,GBP,0.00,0.00,0.00,0.00,Online,Booking.com,Booking.com,On Account,Canceled,,spaffe.842604@guest.booking.com,+31 6 19135994,,"Non-Smoking  Promos: European Economic Area  There is no meal option with this room. Children and Extra Bed Policy: Children of any age are allowed. You haven't added any cots. You haven't added any extra beds. The maximum number of guests is 2.  Deposit Policy: The guest will be charged a prepayment of the total price of the reservation at any time.  Cancellation Policy: The guest can cancel free of charge until 7 days before arrival. The guest will be charged the total price of the reservation if they cancel in the 7 days before arrival. If the guest doesn’t show up, they will be charged the total price of the reservation.  payment_on_Booking.com (Payout type: BankTransfer)  ** THIS RESERVATION HAS BEEN PRE-PAID ** BOOKING NOTE : Payment charge is GBP 5.0288  Genius Booker ",,,,,"2026-06-20",,,,
Hotel Orlando by PLI,2025-11-30T19:10:52,116-651-894,SRD-322-586,6135309856,,Jason,Machu,"2026-10-19","2026-10-24",5,Family room-Standard-Ensuite,,Room 3 BF,,2,3,GBP,0.00,0.00,0.00,0.00,Online,Booking.com,Booking.com,On Account,Canceled,,jmachu.591532@guest.booking.com,+33 7 77 60 09 59,,"Child Ages: 3, 7, 9  Non-Smoking  Promos: European Economic Area  There is no meal option with this room. Children and Extra Bed Policy: Children of any age are allowed. You haven't added any cots. You haven't added any extra beds. The maximum number of guests is 5.  Deposit Policy: The guest will be charged a prepayment of the total price of the reservation at any time.  Cancellation Policy: The guest can cancel free of charge until 7 days before arrival. The guest will be charged the total price of the reservation if they cancel in the 7 days before arrival.  payment_on_Booking.com (Payout type: BankTransfer)  ** THIS RESERVATION HAS BEEN PRE-PAID ** BOOKING NOTE : Payment charge is GBP 10.0176 ",,,,,"2025-11-30",,,,
Hotel Orlando by PLI,2026-08-04T12:17:18,129-062-212,JBY-179-773,2526279829,,Aimar,De luis,"2026-10-19","2026-10-23",4,Triple room-Standard-Private Bathroom,Non Refundable,Room 13 2nd Floor,,3,0,GBP,408.00,308.00,288.00,120.00,Online,Expedia Affiliate Network,Expedia & Affiliate Network,On Account,Confirmed,,ops@tboholidays.com,1111111111,,"1 Twin Bed and 1 Queen Bed Expedia collects payment from traveler: Hotel invoices Expedia. ",,,,,"2026-08-04",,,,
Hotel Orlando by PLI,2025-08-19T08:59:54,199-446-882,IHY-218-551,6419010934,,Sophie,LIMELETTE,"2026-10-19","2026-10-24",5,Triple room-Standard-Private Bathroom,,Room 9 1st Floor,,1,1,GBP,0.00,0.00,0.00,0.00,Online,Booking.com,Booking.com,On Account,Canceled,,slimel.292829@guest.booking.com,+33 6 29 42 18 65,,"Child Ages: 8  Non-Smoking  Promos: European Economic Area  There is no meal option with this room. Children and Extra Bed Policy: Children of any age are allowed. You haven't added any cots. You haven't added any extra beds. The maximum number of guests is 3.  Deposit Policy: The guest will be charged a prepayment of the total price of the reservation at any time.  Cancellation Policy: The guest can cancel free of charge until 7 days before arrival. The guest will be charged the total price of the reservation if they cancel in the 7 days before arrival.  payment_on_Booking.com (Payout type: BankTransfer)  ** THIS RESERVATION HAS BEEN PRE-PAID ** BOOKING NOTE : Payment charge is GBP 4.04  Genius Booker ",,,,,"2025-08-19",,,,
Hotel Orlando by PLI,2026-03-25T23:41:16,284-050-294,RIF-685-474,5971829288,,Danyllo,Ladan,"2026-10-19","2026-10-25",6,Family room-Standard-Ensuite,,S Room 19 BF,,5,0,GBP,0.00,0.00,0.00,0.00,Online,Booking.com,Booking.com,On Account,Canceled,,dladan.802894@guest.booking.com,+31 6 10555006,,"Non-Smoking  Promos: European Economic Area  There is no meal option with this room. Children and Extra Bed Policy: Children of any age are allowed. You haven't added any cots. You haven't added any extra beds. The maximum number of guests is 5.  Deposit Policy: The guest will be charged a prepayment of the total price of the reservation in the 5 days before arrival.  Cancellation Policy: The guest can cancel free of charge until 5 days before arrival. The guest will be charged the total price of the reservation if they cancel in the 5 days before arrival. If the guest doesn’t show up, they will be charged the total price of the reservation.  payment_on_Booking.com (Payout type: BankTransfer)  ** THIS RESERVATION HAS BEEN PRE-PAID ** BOOKING NOTE : Payment charge is GBP 9.1184 ",,,,,"2026-03-25",,,,
Hotel Orlando by PLI,2026-08-03T19:53:01,324-385-114,OVQ-732-998,6920977402,,Charlène,Idée,"2026-10-19","2026-10-25",6,Double room-Standard-Private Bathroom,Non Refundable,Room 7 Mid-First Floor,,2,0,GBP,531.30,431.30,411.30,120.00,Online,Booking.com,Booking.com,On Account,Confirmed,,cidee.765185@guest.booking.com,+33 6 25 25 69 37,,"payment_on_Booking.com (Payout type: BankTransfer)  Non-Smoking  ** THIS RESERVATION HAS BEEN PRE-PAID ** BOOKING NOTE : Payment charge is GBP 6.9008  Genius Booker  Promos: Mobile(App) Rate  There is no meal option with this room. Children and Extra Bed Policy: Children of any age are allowed. You haven't added any cots. You haven't added any extra beds. The maximum number of guests is 2.  Deposit Policy: The guest will be charged a prepayment of the total price of the reservation at any time.  Cancellation Policy: The guest will be charged the total price of the reservation if they cancel at any time.",,,,,"2026-08-03",,,,
Hotel Orlando by PLI,2025-10-04T15:49:29,533-994-452,UHW-676-695,5937362222,,Sonny,Bellat,"2026-10-19","2026-10-24",5,Triple room-Standard-Private Bathroom,,Room 13 2nd Floor,,2,0,GBP,0.00,0.00,0.00,0.00,Online,Booking.com,Booking.com,On Account,Canceled,,sbella.546724@guest.booking.com,+33 7 43 25 65 18,,"Non-Smoking  Promos: Mobile(App) Rate  There is no meal option with this room. Children and Extra Bed Policy: Children of any age are allowed. You haven't added any cots. You haven't added any extra beds. The maximum number of guests is 3.  Deposit Policy: The guest will be charged a prepayment of the total price of the reservation at any time.  Cancellation Policy: The guest can cancel free of charge until 7 days before arrival. The guest will be charged the total price of the reservation if they cancel in the 7 days before arrival.  payment_on_Booking.com (Payout type: BankTransfer)  ** THIS RESERVATION HAS BEEN PRE-PAID ** BOOKING NOTE : Payment charge is GBP 3.64  Genius Booker ",,,,,"2025-10-04",,,,
Hotel Orlando by PLI,2026-09-08T13:49:03,609-621-102,MBA-222-110,2553839283,,Jan,Steinke,"2026-10-19","2026-10-22",3,Family Studio SR,Non Refundable,Flat 20 ( Basement sino ),,3,2,GBP,428.03,328.03,308.03,120.00,Online,Expedia,Expedia & Affiliate Network,On Account,Confirmed,,aurumtours.125272808@aurumtours.check24.de,11111111111111111,,"2 Queen Beds and 1 Queen Sofa Bed Expedia collects payment from traveler: Hotel invoices Expedia. ",,,,,"2026-09-08",,,,
Hotel Orlando by PLI,2026-08-31T15:38:07,851-052-691,IDL-788-296,5910206170,,Lengyel,Norbert,"2026-10-19","2026-10-25",6,Triple room-Standard-Ensuite,Non Refundable,S Room 33 3rd F - W/Microwave &Fridge,,1,2,GBP,615.00,515.00,495.00,120.00,Online,Booking.com,Booking.com,On Account,Confirmed,,nlengy.967761@guest.booking.com,+34604219806,,"Child Ages: 12, 16  Non-Smoking  Promos: European Economic Area  There is no meal option with this room. Children and Extra Bed Policy: Children of any age are allowed. You haven't added any cots. You haven't added any extra beds. The maximum number of guests is 3.  Deposit Policy: The guest will be charged a prepayment of the total price of the reservation at any time.  Cancellation Policy: The guest can cancel free of charge until 7 days before arrival. The guest will be charged the total price of the reservation if they cancel in the 7 days before arrival. If the guest doesn’t show up, they will be charged the total price of the reservation.  payment_on_Booking.com (Payout type: BankTransfer)  ** THIS RESERVATION HAS BEEN PRE-PAID ** Approximate time of arrival: between 18:00 and 19:00 Dear Sir or Madam, My daughters, Lola (16) and Zara (12), and I will be staying at your hotel. We live in Tenerife, although we are Hungarian, and we absolutely love London. We return to the city every year, and I’m very happy that we found your hotel. We are very much looking forward to our stay and meeting you in October. Kind regards, L. Norbert Norberto BOOKING NOTE : Payment charge is GBP 8.24  Genius Booker ",,,,,"2026-08-31",,,,
Hotel Orlando by PLI,2026-08-23T13:06:21,936-350-484,WVF-521-107,5942073567,,Joyce,Anais Vera Martinez,"2026-10-19","2026-10-21",2,Quad room-Standard-Ensuite,,S Room 22 GF -2Ds W/Microwave &Fridge,,3,1,GBP,0.00,0.00,0.00,0.00,Online,Booking.com,Booking.com,On Account,Canceled,,bffdql.507534@guest.booking.com,+41 78 838 22 20,,"Non-Smoking  Promos: Mobile(App) Rate  There is no meal option with this room. Children and Extra Bed Policy: Children of any age are allowed. You haven't added any cots. You haven't added any extra beds. The maximum number of guests is 4.  Deposit Policy: The guest will be charged a prepayment of the total price of the reservation at any time.  Cancellation Policy: The guest can cancel free of charge until 7 days before arrival. The guest will be charged the total price of the reservation if they cancel in the 7 days before arrival. If the guest doesn’t show up, they will be charged the total price of the reservation.  payment_on_Booking.com (Payout type: BankTransfer)  ** THIS RESERVATION HAS BEEN PRE-PAID ** BOOKING NOTE : Payment charge is GBP 2.7968  Genius Booker ",,,,,"2026-08-23",,,,
Hotel Orlando by PLI,2026-09-15T14:06:03,945-269-602,WEI-444-969,5647690331,,Muhammad,Abduldayim,"2026-10-19","2026-10-30",11,Twin room-Standard-Private Bathroom,Base Rate,Room 16 3rd Floor,,2,0,GBP,1002.90,902.90,882.90,120.00,Online,Booking.com,Booking.com,On Account,Confirmed,,mabdul.478004@guest.booking.com,+234 803 596 1909,,"Non-Smoking  Promos: Mobile(MDot) Rate  There is no meal option with this room. Children and Extra Bed Policy: Children of any age are allowed. You haven't added any cots. You haven't added any extra beds. The maximum number of guests is 2.  Deposit Policy: The guest will be charged a prepayment of the total price of the reservation at any time.  Cancellation Policy: The guest can cancel free of charge until 7 days before arrival. The guest will be charged the total price of the reservation if they cancel in the 7 days before arrival. If the guest doesn’t show up, they will be charged the total price of the reservation.  payment_on_Booking.com (Payout type: BankTransfer)  ** THIS RESERVATION HAS BEEN PRE-PAID ** BOOKING NOTE : Payment charge is GBP 14.4464  Genius Booker ",,,,,"2026-09-15",,,,
Hotel Orlando by PLI,2026-01-03T22:12:17,952-361-151,JYN-476-396,5035718030,,Alexia,CLAUDE,"2026-10-19","2026-10-23",4,Family room-Standard-Ensuite,Base Rate,Room 3 BF W/Microwave,,4,1,GBP,382.95,382.95,362.95,20.00,Online,Booking.com,Booking.com,On Account,Confirmed,,aclaud.529734@guest.booking.com,+33 6 79 03 62 15,,"Child Ages: 17  payment_on_Booking.com (Payout type: BankTransfer)  Non-Smoking  ** THIS RESERVATION HAS BEEN PRE-PAID ** BOOKING NOTE : Payment charge is GBP 6.1272  Genius Booker  Promos: Mobile(App) Rate  There is no meal option with this room. Children and Extra Bed Policy: Children of any age are allowed. You haven't added any cots. You haven't added any extra beds. The maximum number of guests is 5.  Deposit Policy: The guest will be charged a prepayment of the total price of the reservation in the 5 days before arrival.  Cancellation Policy: The guest can cancel free of charge until 5 days before arrival. The guest will be charged the total price of the reservation if they cancel in the 5 days before arrival. If the guest doesn’t show up, they will be charged the total price of the reservation.",,,,,"2026-01-03",,,,
Hotel Orlando by PLI,2026-04-07T20:51:20,126-368-031,GSE-701-230,6394108381,,BYRON,ROBERTS,"2026-10-20","2026-10-22",2,Quad Studio-Standard-Ensuite,Non Refundable,Flat 2 ( Basement Orlando ),,2,2,GBP,223.40,223.40,203.40,20.00,Online,Booking.com,Booking.com,On Account,Confirmed,,brober.671714@guest.booking.com,+44 7926 267787,,"Child Ages: 16, 5  Non-Smoking  Promos: Domestic  There is no meal option with this room. Children and Extra Bed Policy: Children of any age are allowed. You haven't added any cots. You haven't added any extra beds. The maximum number of guests is 4.  Deposit Policy: The guest will be charged a prepayment of the total price of the reservation in the 5 days before arrival.  Cancellation Policy: The guest can cancel free of charge until 5 days before arrival. The guest will be charged the total price of the reservation if they cancel in the 5 days before arrival. If the guest doesn’t show up, they will be charged the total price of the reservation.  payment_on_Booking.com (Payout type: BankTransfer)  ** THIS RESERVATION HAS BEEN PRE-PAID ** BOOKING NOTE : Payment charge is GBP 3.5744  Genius Booker ",,,,,"2026-04-07",,,,
Hotel Orlando by PLI,2026-08-02T13:35:45,223-826-641,RBT-761-156,6946990597,,Fahim,Thanawala,"2026-10-20","2026-10-22",2,Family room-Standard-Ensuite,Non Refundable,S Room 19 BF,,4,1,GBP,283.80,183.80,163.80,120.00,Online,Booking.com,Booking.com,On Account,Confirmed,,fthana.950552@guest.booking.com,+44 7767 946361,,"Child Ages: 8  Non-Smoking  Promos: Domestic  There is no meal option with this room. Children and Extra Bed Policy: Children of any age are allowed. You haven't added any cots. You haven't added any extra beds. The maximum number of guests is 5.  Deposit Policy: The guest will be charged a prepayment of the total price of the reservation at any time.  Cancellation Policy: The guest can cancel free of charge until 7 days before arrival. The guest will be charged the total price of the reservation if they cancel in the 7 days before arrival. If the guest doesn’t show up, they will be charged the total price of the reservation.  payment_on_Booking.com (Payout type: BankTransfer)  ** THIS RESERVATION HAS BEEN PRE-PAID ** BOOKING NOTE : Payment charge is GBP 2.9408  Genius Booker ",,,,,"2026-08-02",,,,
Hotel Orlando by PLI,2026-08-03T14:05:23,328-153-544,WZK-484-941,2525450477,,IANA,MUKOVNIKOVA,"2026-10-20","2026-10-29",9,Double room-Ensuite,Non Refundable,S Room 29 Mid 2nd F,,2,0,GBP,733.81,633.81,613.81,120.00,Online,Expedia Affiliate Network,Expedia & Affiliate Network,On Account,Confirmed,,csc@gzjoetravel.com,1111111111111,,"1 Double Bed travel purpose=leisure ",,,,,"2026-08-03",,,,
Hotel Orlando by PLI,2025-09-17T06:46:19,442-501-252,COK-525-406,6085560985,,antonio,senatore,"2026-10-20","2026-10-23",3,Single room-Standard-Ensuite,,S Room 32 2nd F,,1,0,GBP,0.00,0.00,0.00,0.00,Online,Booking.com,Booking.com,On Account,Canceled,,asenat.277557@guest.booking.com,+39 373 766 7144,,"Non-Smoking  Promos: Domestic  There is no meal option with this room. Children and Extra Bed Policy: Children of any age are allowed. You haven't added any cots. You haven't added any extra beds. The maximum number of guests is 1.  Deposit Policy: The guest will be charged a prepayment of the total price of the reservation at any time.  Cancellation Policy: The guest can cancel free of charge until 7 days before arrival. The guest will be charged the total price of the reservation if they cancel in the 7 days before arrival.  payment_on_Booking.com (Payout type: BankTransfer)  ** THIS RESERVATION HAS BEEN PRE-PAID ** BOOKING NOTE : Payment charge is GBP 2.292  Genius Booker ",,,,,"2025-09-17",,,,
Hotel Orlando by PLI,2026-06-03T06:55:52,538-450-051,CCV-533-825,2475369977,,IANA,MUKOVNIKOVA,"2026-10-20","2026-10-29",9,Double room-Ensuite,,S Room 29 Mid 2nd F,,2,0,GBP,0.00,0.00,0.00,0.00,Online,Expedia Affiliate Network,Expedia & Affiliate Network,Pay On Arrival,Canceled,,csc@gzjoetravel.com,1111111111111,,"1 Double Bed travel purpose=leisure ",,,,,"2026-06-03",,,,
Hotel Orlando by PLI,2026-09-08T11:59:07,560-523-184,MGG-456-640,2553780429,,Ahmed Adewale,Adekunle,"2026-10-20","2026-10-31",11,Double room-Standard-Private Bathroom,,Room 6 GF,,1,0,GBP,948.00,0.00,948.00,0.00,Online,Expedia,Expedia & Affiliate Network,Pay On Arrival,Canceled,,adekunleahmedadewale@gmail.com,1111111111111,,"Bed Option: 37310 1 Queen Bed 1 Queen Bed Hotel collects payment from the traveler: Non-refundable - charge now ",,,,,"2026-09-08",,,,
Hotel Orlando by PLI,2026-09-07T11:43:27,689-664-432,HBA-086-652,2552949432,,HASAN EMRE AKGUL,NESIBE AKGUL,"2026-10-20","2026-10-30",10,Double room-Standard-Private Bathroom,Non Refundable,Room 10 1st Floor,,2,0,GBP,967.00,0.00,847.00,120.00,Online,Expedia,Expedia & Affiliate Network,Pay On Arrival,Confirmed,,mesut.aydogan@gmail.com,111111111111,,"Bed Option: 37310 1 büyük &lpar;Queen&rpar; Boy Yatak 1 Queen Bed Hotel collects payment from the traveler: Non-refundable - charge now ",,,,,"2026-09-07",,,,
Hotel Orlando by PLI,2026-08-20T20:45:13,198-204-342,TUX-799-274,6571818672,,Lucien,Mendela,"2026-10-21","2026-10-28",7,Double room-Ensuite,Non Refundable,S Room 25 Mid 1st F,,2,0,GBP,660.00,560.00,540.00,120.00,Online,Booking.com,Booking.com,On Account,Confirmed,,lmende.822915@guest.booking.com,+27 61 376 5033,,"Non-Smoking  There is no meal option with this room. Children and Extra Bed Policy: Children of any age are allowed. You haven't added any cots. You haven't added any extra beds. The maximum number of guests is 2.  Deposit Policy: The guest will be charged a prepayment of the total price of the reservation at any time.  Cancellation Policy: The guest can cancel free of charge until 7 days before arrival. The guest will be charged the total price of the reservation if they cancel in the 7 days before arrival. If the guest doesn’t show up, they will be charged the total price of the reservation.  payment_on_Booking.com (Payout type: BankTransfer)  ** THIS RESERVATION HAS BEEN PRE-PAID ** BOOKING NOTE : Payment charge is GBP 8.96  Genius Booker ",,,,,"2026-08-20",,,,
Hotel Orlando by PLI,2026-01-23T03:41:31,308-832-962,LHQ-224-950,1418fb94e984-ef99e154dd0749c2fa19fdf527172c7b@airbnb.com,,Reserved,iCal,"2026-10-21","2026-10-26",5,Studio-Basic-Ensuite,,Flat 24  ( GF Sino ),,1,0,GBP,0.00,0.00,0.00,0.00,iCal,ical1,,Deposit (Variable),Canceled,,,,,Reservation URL: https://www.airbnb.com/hosting/reservations/details/HMMX8WR8EQ,,,,,"2026-01-23",,,,
Hotel Orlando by PLI,2026-09-16T05:03:31,423-883-682,ZFB-577-746,2559980017,,Carlos,Staley,"2026-10-21","2026-10-25",4,Double room-Standard-Private Bathroom,Non Refundable,Room 6 GF,,2,0,GBP,450.30,350.30,330.30,120.00,Online,Expedia Affiliate Network,Expedia & Affiliate Network,On Account,Confirmed,,carlosstaleyjr@gmail.com,11111111111,,"1 Queen Bed Expedia collects payment from traveler: Hotel invoices Expedia. ",,,,,"2026-09-16",,,,
Hotel Orlando by PLI,2025-10-13T10:50:30,468-000-432,TYC-898-241,6549301058,,Martina,Pettersson,"2026-10-21","2026-10-25",4,Triple room-Standard-Private Bathroom,,Room 8 1st Floor,,2,0,GBP,0.00,0.00,0.00,0.00,Online,Booking.com,Booking.com,On Account,Canceled,,mpette.761418@guest.booking.com,+46 70 696 37 73,,"Non-Smoking  Promos: Mobile(MDot) Rate  There is no meal option with this room. Children and Extra Bed Policy: Children of any age are allowed. You haven't added any cots. You haven't added any extra beds. The maximum number of guests is 3.  Deposit Policy: The guest will be charged a prepayment of the total price of the reservation at any time.  Cancellation Policy: The guest can cancel free of charge until 7 days before arrival. The guest will be charged the total price of the reservation if they cancel in the 7 days before arrival.  payment_on_Booking.com (Payout type: BankTransfer)  ** THIS RESERVATION HAS BEEN PRE-PAID ** BOOKING NOTE : Payment charge is GBP 2.96  Genius Booker ",,,,,"2025-10-13",,,,
Hotel Orlando by PLI,2026-04-04T06:10:20,469-436-461,NPA-398-484,6428281285,,RAMONA,ROXANA CARSOTE,"2026-10-21","2026-10-28",7,Triple room-Standard-Private Bathroom,Base Rate,Room 12 2nd Floor,,2,1,GBP,618.50,618.50,598.50,20.00,Online,Booking.com,Booking.com,On Account,Confirmed,,rcarso.542820@guest.booking.com,+4340731490948,,"Child Ages: 8  Non-Smoking  Promos: European Economic Area  There is no meal option with this room. Children and Extra Bed Policy: Children of any age are allowed. You haven't added any cots. You haven't added any extra beds. The maximum number of guests is 3.  Deposit Policy: The guest will be charged a prepayment of the total price of the reservation in the 5 days before arrival.  Cancellation Policy: The guest can cancel free of charge until 5 days before arrival. The guest will be charged the total price of the reservation if they cancel in the 5 days before arrival. If the guest doesn’t show up, they will be charged the total price of the reservation.  payment_on_Booking.com (Payout type: BankTransfer)  ** THIS RESERVATION HAS BEEN PRE-PAID ** BOOKING NOTE : Payment charge is GBP 9.896  Genius Booker ",,,,,"2026-04-04",,,,
Hotel Orlando by PLI,2026-02-22T08:13:50,532-448-494,EGT-471-573,6494669005,,Ahmed,Ehab Saad,"2026-10-21","2026-10-24",3,Triple room-Standard-Private Bathroom,,Room 13 2nd Floor,,2,1,GBP,0.00,0.00,0.00,0.00,Online,Booking.com,Booking.com,Pay On Arrival,Canceled,,asaad.859841@guest.booking.com,+20 10 01776485,,"Child Ages: 1  Non-Smoking  Genius Booker  There is no meal option with this room. Children and Extra Bed Policy: Children of any age are allowed. You haven't added any cots. You haven't added any extra beds. The maximum number of guests is 3.  Deposit Policy: No prepayment is needed.  Cancellation Policy: The guest can cancel free of charge at any time.",,,,,"2026-02-22",,,,
Hotel Orlando by PLI,2026-08-20T22:51:42,602-863-032,MNA-786-990,6970203066,,Lorenzo,Dindalini,"2026-10-21","2026-10-25",4,Double room-Ensuite,,S Room 17 BF,,2,0,GBP,0.00,0.00,0.00,0.00,Online,Booking.com,Booking.com,On Account,Canceled,,ldinda.404359@guest.booking.com,+39 345 217 4274,,"Non-Smoking  Promos: Mobile(App) Rate  There is no meal option with this room. Children and Extra Bed Policy: Children of any age are allowed. You haven't added any cots. You haven't added any extra beds. The maximum number of guests is 2.  Deposit Policy: The guest will be charged a prepayment of the total price of the reservation at any time.  Cancellation Policy: The guest can cancel free of charge until 7 days before arrival. The guest will be charged the total price of the reservation if they cancel in the 7 days before arrival. If the guest doesn’t show up, they will be charged the total price of the reservation.  payment_on_Booking.com (Payout type: BankTransfer)  ** THIS RESERVATION HAS BEEN PRE-PAID ** BOOKING NOTE : Payment charge is GBP 5.0288  Genius Booker ",,,,,"2026-08-20",,,,
Hotel Orlando by PLI,2026-02-03T12:36:40,653-989-224,RSJ-271-139,1418fb94e984-ef99e154dd0749c2fa19fdf527172c7b@airbnb.com,,Reserved,iCal,"2026-10-21","2026-10-26",5,Studio-Basic-Ensuite,Base Rate,Flat 24  ( GF Sino ),,1,0,GBP,0.00,0.00,0.00,0.00,iCal,ical1,,Deposit (Variable),Confirmed,,,,,Reservation URL: https://www.airbnb.com/hosting/reservations/details/HMMX8WR8EQ,,,,,"2026-02-03",,,,
Hotel Orlando by PLI,2026-09-03T23:09:15,141-350-892,XSH-413-333,2550402034,,Marina,Gutierrez Castro,"2026-10-22","2026-10-26",4,Quad room-Standard-Ensuite,Non Refundable,S Room 31 2nd FF,,3,0,GBP,496.19,396.19,376.19,120.00,Online,Expedia Affiliate Network,Expedia & Affiliate Network,On Account,Confirmed,,contactomarinagutierrez@gmail.com,11111111111,,"1 Queen Sofa Bed and 1 Double Bed Expedia collects payment from traveler: Hotel invoices Expedia. ",,,,,"2026-09-03",,,,
Hotel Orlando by PLI,2025-07-25T08:41:56,330-983-891,ARM-678-405,6631943136,,Paul,Mercier-Herring,"2026-10-22","2026-10-27",5,Single room-Standard-Ensuite,,Room 11 3rd Floor,,1,0,GBP,0.00,0.00,0.00,0.00,Online,Booking.com,Booking.com,On Account,Canceled,,pmerci.136622@guest.booking.com,+44 7944 395374,,"Non-Smoking  Promos: Mobile(App) Rate  There is no meal option with this room. Children and Extra Bed Policy: Children of any age are allowed. You haven't added any cots. You haven't added any extra beds. The maximum number of guests is 1.  Deposit Policy: The guest will be charged a prepayment of the total price of the reservation at any time.  Cancellation Policy: The guest can cancel free of charge until 7 days before arrival. The guest will be charged the total price of the reservation if they cancel in the 7 days before arrival.  payment_on_Booking.com (Payout type: BankTransfer)  ** THIS RESERVATION HAS BEEN PRE-PAID ** BOOKING NOTE : Payment charge is GBP 3.48  Genius Booker ",,,,,"2025-07-25",,,,
Hotel Orlando by PLI,2026-07-18T12:41:49,436-393-261,ONE-681-882,6623334236,,Ciro,Botta,"2026-10-22","2026-10-24",2,Triple room-Standard-Ensuite,Non Refundable,S Room 34 3rd F,,3,0,GBP,261.30,161.30,141.30,120.00,Online,Booking.com,Booking.com,On Account,Confirmed,,cbotta.173336@guest.booking.com,+39 334 700 8780,,"Non-Smoking  Promos: European Economic Area  There is no meal option with this room. Children and Extra Bed Policy: Children of any age are allowed. You haven't added any cots. You haven't added any extra beds. The maximum number of guests is 3.  Deposit Policy: The guest will be charged a prepayment of the total price of the reservation at any time.  Cancellation Policy: The guest can cancel free of charge until 7 days before arrival. The guest will be charged the total price of the reservation if they cancel in the 7 days before arrival. If the guest doesn’t show up, they will be charged the total price of the reservation.  payment_on_Booking.com (Payout type: BankTransfer)  ** THIS RESERVATION HAS BEEN PRE-PAID ** BOOKING NOTE : Payment charge is GBP 2.5808  Genius Booker ",,,,,"2026-07-18",,,,
Hotel Orlando by PLI,2026-08-19T22:29:02,488-948-544,FFN-386-851,2538676659,,VITOR,AURELIO PETENUSSO,"2026-10-22","2026-10-26",4,Double room-Standard-Private Bathroom,Base Rate,Room 11 2nd Floor,,2,0,GBP,420.58,320.58,300.58,120.00,Online,Expedia Affiliate Network,Expedia & Affiliate Network,On Account,Confirmed,,reservas@smilesviagens.com.br,111111111111,,"1 Queen Bed Expedia collects payment from traveler: Hotel invoices Expedia. ",,,,,"2026-08-19",,,,
Hotel Orlando by PLI,2025-08-17T14:02:02,492-346-022,ILS-847-152,5156223932,,Anita,Westermayr,"2026-10-22","2026-10-27",5,Single room-Standard-Ensuite,Non Refundable,Room 15 3rd Floor,,1,0,GBP,228.75,228.75,213.75,15.00,Online,Booking.com,Booking.com,On Account,Confirmed,,aweste.126451@guest.booking.com,+43 660 6898905,,"Non-Smoking  Promos: European Economic Area  There is no meal option with this room. Children and Extra Bed Policy: Children of any age are allowed. You haven't added any cots. You haven't added any extra beds. The maximum number of guests is 1.  Deposit Policy: The guest will be charged a prepayment of the total price of the reservation at any time.  Cancellation Policy: The guest can cancel free of charge until 7 days before arrival. The guest will be charged the total price of the reservation if they cancel in the 7 days before arrival.  payment_on_Booking.com (Payout type: BankTransfer)  ** THIS RESERVATION HAS BEEN PRE-PAID ** BOOKING NOTE : Payment charge is GBP 3.66  Genius Booker ",,,,,"2025-08-17",,,,
Hotel Orlando by PLI,2025-10-16T00:51:16,922-608-892,RHO-573-074,6405849101,,Claudio M,Paleari,"2026-10-22","2026-10-24",2,Quad room-Standard-Private Bathroom,Base Rate,Room 4 GF,,1,3,GBP,117.00,117.00,102.00,15.00,Online,Booking.com,Booking.com,On Account,Confirmed,,cpalea.979069@guest.booking.com,+39 39672572,,"Child Ages: 11, 5, 8  payment_on_Booking.com (Payout type: BankTransfer)  Non-Smoking  ** THIS RESERVATION HAS BEEN PRE-PAID ** BOOKING NOTE : Payment charge is GBP 1.872  Genius Booker  Promos: Mobile(App) Rate  There is no meal option with this room. Children and Extra Bed Policy: Children of any age are allowed. You haven't added any cots. You haven't added any extra beds. The maximum number of guests is 4.  Deposit Policy: The guest will be charged a prepayment of the total price of the reservation at any time.  Cancellation Policy: The guest can cancel free of charge until 7 days before arrival. The guest will be charged the total price of the reservation if they cancel in the 7 days before arrival.",,,,,"2025-10-15",,,,
Hotel Orlando by PLI,2026-08-20T21:52:43,995-565-694,UVW-791-445,2539456938,,Guido Mariano,Bilbao,"2026-10-22","2026-10-29",7,Triple room-Standard-Ensuite,,S Room 33 3rd F - W/Microwave &Fridge,,1,2,GBP,0.00,0.00,0.00,0.00,Online,Expedia Affiliate Network,Expedia & Affiliate Network,On Account,Canceled,,ops@tboholidays.com,1111111111,,"1 Twin Bed and 1 Queen Bed Expedia collects payment from traveler: Hotel invoices Expedia. ",,,,,"2026-08-20",,,,
Hotel Orlando by PLI,2025-09-22T22:30:32,211-582-824,MLX-582-406,5945205335,,Sofiia,Skrypka,"2026-10-23","2026-10-28",5,Triple room-Standard-Private Bathroom,Base Rate,Room 8 1st Floor,,3,0,GBP,252.50,252.50,237.50,15.00,Online,Booking.com,Booking.com,On Account,Confirmed,,sskryp.752027@guest.booking.com,+44 7596 007537,,"Non-Smoking  Promos: Domestic  There is no meal option with this room. Children and Extra Bed Policy: Children of any age are allowed. You haven't added any cots. You haven't added any extra beds. The maximum number of guests is 3.  Deposit Policy: The guest will be charged a prepayment of the total price of the reservation at any time.  Cancellation Policy: The guest can cancel free of charge until 7 days before arrival. The guest will be charged the total price of the reservation if they cancel in the 7 days before arrival.  payment_on_Booking.com (Payout type: BankTransfer)  ** THIS RESERVATION HAS BEEN PRE-PAID ** BOOKING NOTE : Payment charge is GBP 4.04  Genius Booker ",,,,,"2025-09-22",,,,
Hotel Orlando by PLI,2026-04-17T07:05:48,259-663-151,OHE-481-206,HMWQPFTWMZ,,Joanna,Aguayo,"2026-10-23","2026-10-25",2,Quad Studio-Standard-Ensuite,,Flat 5 ( GF Orlando ),,3,0,GBP,104.00,104.00,104.00,0.00,Online,Airbnb,Airbnb,On Account,Canceled,,,526642327492,,"Additional infants booked: 1 ",,,,,"2026-04-17",,,,
Hotel Orlando by PLI,2025-06-23T14:14:37,302-356-401,WIJ-206-362,5595439550,,Vihren,Peev,"2026-10-23","2026-10-26",3,Twin room-Standard-Private Bathroom,,Room 12 3rd Floor,,1,0,GBP,0.00,0.00,0.00,0.00,Online,Booking.com,Booking.com,On Account,Canceled,,vpeev.723527@guest.booking.com,+44 7417 546616,,"Non-Smoking  Promos: Domestic  There is no meal option with this room. Children and Extra Bed Policy: Children of any age are allowed. You haven't added any cots. You haven't added any extra beds. The maximum number of guests is 2.  Deposit Policy: The guest will be charged a prepayment of the total price of the reservation at any time.  Cancellation Policy: The guest can cancel free of charge until 7 days before arrival. The guest will be charged the total price of the reservation if they cancel in the 7 days before arrival.  payment_on_Booking.com (Payout type: BankTransfer)  ** THIS RESERVATION HAS BEEN PRE-PAID ** BOOKING NOTE : Payment charge is GBP 2.064  Genius Booker ",,,,,"2025-06-23",,,,
Hotel Orlando by PLI,2025-10-15T00:31:54,314-021-921,IXP-035-752,5076406078,,Janet,Mosley,"2026-10-23","2026-10-26",3,Studio-Basic-Ensuite,,Flat 24  ( GF Sino ),,2,0,GBP,0.00,0.00,0.00,0.00,Online,Booking.com,Booking.com,On Account,Canceled,,jmosle.247925@guest.booking.com,+44 7917 767282,,"Non-Smoking  Promos: Mobile(App) Rate  There is no meal option with this room. Children and Extra Bed Policy: Children of any age are allowed. You haven't added any cots. You haven't added any extra beds. The maximum number of guests is 3.  Deposit Policy: The guest will be charged a prepayment of the total price of the reservation at any time.  Cancellation Policy: The guest can cancel free of charge until 7 days before arrival. The guest will be charged the total price of the reservation if they cancel in the 7 days before arrival.  payment_on_Booking.com (Payout type: BankTransfer)  ** THIS RESERVATION HAS BEEN PRE-PAID ** BOOKING NOTE : Payment charge is GBP 4.2792  Genius Booker ",,,,,"2025-10-14",,,,
Hotel Orlando by PLI,2026-08-06T15:43:46,459-503-034,FYO-077-747,5816620303,,Orsolya,Tánczos,"2026-10-23","2026-10-25",2,Triple room-Standard-Ensuite,Non Refundable,S Room 23 GF,,3,0,GBP,293.70,193.70,173.70,120.00,Online,Booking.com,Booking.com,On Account,Confirmed,,otancz.985696@guest.booking.com,+36 20 268 4652,,"Non-Smoking  Promos: European Economic Area  There is no meal option with this room. Children and Extra Bed Policy: Children of any age are allowed. You haven't added any cots. You haven't added any extra beds. The maximum number of guests is 3.  Deposit Policy: The guest will be charged a prepayment of the total price of the reservation at any time.  Cancellation Policy: The guest can cancel free of charge until 7 days before arrival. The guest will be charged the total price of the reservation if they cancel in the 7 days before arrival. If the guest doesn’t show up, they will be charged the total price of the reservation.  payment_on_Booking.com (Payout type: BankTransfer)  ** THIS RESERVATION HAS BEEN PRE-PAID ** BOOKING NOTE : Payment charge is GBP 3.0992  Genius Booker ",,,,,"2026-08-06",,,,
Hotel Orlando by PLI,2026-03-10T17:51:54,569-309-941,MPA-087-838,6609250440,,rigoux,gwendola,"2026-10-23","2026-10-30",7,Family room-Standard-Ensuite,,S Room 19 BF,,4,0,GBP,0.00,0.00,0.00,0.00,Online,Booking.com,Booking.com,On Account,Canceled,,rgwend.245096@guest.booking.com,+33 6 70 18 89 01,,"Non-Smoking  Promos: Mobile(App) Rate  There is no meal option with this room. Children and Extra Bed Policy: Children of any age are allowed. You haven't added any cots. You haven't added any extra beds. The maximum number of guests is 5.  Deposit Policy: The guest will be charged a prepayment of the total price of the reservation in the 5 days before arrival.  Cancellation Policy: The guest can cancel free of charge until 5 days before arrival. The guest will be charged the total price of the reservation if they cancel in the 5 days before arrival. If the guest doesn’t show up, they will be charged the total price of the reservation.  payment_on_Booking.com (Payout type: BankTransfer)  ** THIS RESERVATION HAS BEEN PRE-PAID ** BOOKING NOTE : Payment charge is GBP 9.9488  Genius Booker ",,,,,"2026-03-10",,,,
Hotel Orlando by PLI,2026-08-25T09:08:27,642-529-622,FRX-205-393,5994002029,,Laura,Ware,"2026-10-23","2026-10-24",1,Family Studio SR,,Flat 20 ( Basement sino ),,2,4,GBP,0.00,0.00,0.00,0.00,Online,Booking.com,Booking.com,On Account,Canceled,,lware.889395@guest.booking.com,+44 7930 244815,,"Child Ages: 1, 10, 12, 6  Non-Smoking  Promos: Domestic  There is no meal option with this room. Children and Extra Bed Policy: Children of any age are allowed. You haven't added any extra beds. The maximum number of cots is 1. The maximum number of guests is 6.  Deposit Policy: The guest will be charged a prepayment of the total price of the reservation at any time.  Cancellation Policy: The guest can cancel free of charge until 7 days before arrival. The guest will be charged the total price of the reservation if they cancel in the 7 days before arrival. If the guest doesn’t show up, they will be charged the total price of the reservation.  payment_on_Booking.com (Payout type: BankTransfer)  ** THIS RESERVATION HAS BEEN PRE-PAID ** BOOKING NOTE : Payment charge is GBP 2.0192  Genius Booker ",,,,,"2026-08-25",,,,
Hotel Orlando by PLI,2025-10-01T05:13:09,694-316-141,KPX-239-339,5905544116,,Jakson,Jose Ferreira Alves,"2026-10-23","2026-10-25",2,Booked as: Triple-Standard-Private Bathroom,Base Rate,Room 9 1st Floor,,2,1,GBP,100.00,100.00,85.00,15.00,Online,Booking.com,Booking.com,On Account,Confirmed,,jalves.653185@guest.booking.com,+55 42 99972 0201,,"Child Ages: 1  Non-Smoking  Promos: Mobile(App) Rate  There is no meal option with this room. Children and Extra Bed Policy: Children of any age are allowed. You haven't added any cots. You haven't added any extra beds. The maximum number of guests is 3.  Deposit Policy: The guest will be charged a prepayment of the total price of the reservation at any time.  Cancellation Policy: The guest can cancel free of charge until 7 days before arrival. The guest will be charged the total price of the reservation if they cancel in the 7 days before arrival.  payment_on_Booking.com (Payout type: BankTransfer)  ** THIS RESERVATION HAS BEEN PRE-PAID ** BOOKING NOTE : Payment charge is GBP 1.6  Genius Booker ",,,,,"2025-10-01",,,,
Hotel Orlando by PLI,2026-09-11T04:08:59,883-125-624,BGC-806-542,5931460630,,Domas,Dabulevičius,"2026-10-23","2026-10-25",2,Quad room-Standard-Ensuite,Non Refundable,S Room 21 GF - SofaBed,,3,1,GBP,333.30,233.30,213.30,120.00,Online,Booking.com,Booking.com,On Account,Confirmed,,ddabul.434382@guest.booking.com,+370 608 71654,,"Child Ages: 1  Non-Smoking  Promos: European Economic Area  There is no meal option with this room. Children and Extra Bed Policy: Children of any age are allowed. You haven't added any cots. You haven't added any extra beds. The maximum number of guests is 4.  Deposit Policy: The guest will be charged a prepayment of the total price of the reservation at any time.  Cancellation Policy: The guest can cancel free of charge until 7 days before arrival. The guest will be charged the total price of the reservation if they cancel in the 7 days before arrival. If the guest doesn’t show up, they will be charged the total price of the reservation.  payment_on_Booking.com (Payout type: BankTransfer)  ** THIS RESERVATION HAS BEEN PRE-PAID ** BOOKING NOTE : Payment charge is GBP 3.7328 Hello. Is it possible to get a crib?  Genius Booker ",,,,,"2026-09-11",,,,
Hotel Orlando by PLI,2026-08-27T01:36:35,891-616-421,UKR-352-249,2544092661,,BANZA MBENGU,M'EMMANO,"2026-10-23","2026-10-30",7,Double room-Standard-Private Bathroom,Base Rate,Room 14 2nd Floor,,1,0,GBP,707.50,0.00,587.50,120.00,Online,Expedia,Expedia & Affiliate Network,Pay On Arrival,Confirmed,,kalalaadams7@gmail.com,111111111111,,Hotel collects payment from the traveler: Advance purchase - charge now,,,,,"2026-08-27",,,,
Hotel Orlando by PLI,2025-10-15T00:07:51,912-912-291,TFZ-282-705,5616089620,,Janet,Mosley,"2026-10-23","2026-10-24",1,Triple room-Standard-Private Bathroom,,Room 13 2nd Floor,,2,0,GBP,0.00,0.00,0.00,0.00,Online,Booking.com,Booking.com,On Account,Canceled,,jmosle.335827@guest.booking.com,+44 7917 767282,,"Non-Smoking  Promos: Mobile(App) Rate  There is no meal option with this room. Children and Extra Bed Policy: Children of any age are allowed. You haven't added any cots. You haven't added any extra beds. The maximum number of guests is 3.  Deposit Policy: The guest will be charged a prepayment of the total price of the reservation at any time.  Cancellation Policy: The guest can cancel free of charge until 7 days before arrival. The guest will be charged the total price of the reservation if they cancel in the 7 days before arrival.  payment_on_Booking.com (Payout type: BankTransfer)  ** THIS RESERVATION HAS BEEN PRE-PAID ** BOOKING NOTE : Payment charge is GBP 0.92  Genius Booker ",,,,,"2025-10-14",,,,
Hotel Orlando by PLI,2026-08-04T22:47:49,921-546-481,FPX-737-113,2526722714,,Claudia,Natarelli,"2026-10-23","2026-10-25",2,Quad room-Standard-Ensuite,,S Room 21 GF - SofaBed,,2,2,GBP,0.00,0.00,0.00,0.00,Online,Expedia Affiliate Network,Expedia & Affiliate Network,On Account,Canceled,,clo.86@hotmail.it,111111111111,,"1 Queen Sofa Bed and 1 Double Bed Expedia collects payment from traveler: Hotel invoices Expedia. ",,,,,"2026-08-04",,,,
Hotel Orlando by PLI,2026-07-24T20:28:54,005-480-622,HHN-887-914,6042538111,,Noemí,Pedreira,"2026-10-24","2026-10-28",4,Triple room-Standard-Ensuite,,S Room 23 GF,,1,2,GBP,0.00,0.00,0.00,0.00,Online,Booking.com,Booking.com,On Account,Canceled,,npedre.320402@guest.booking.com,+34 629 67 85 30,,"Child Ages: 11, 15  payment_on_Booking.com (Payout type: BankTransfer)  Non-Smoking  ** THIS RESERVATION HAS BEEN PRE-PAID ** BOOKING NOTE : Payment charge is GBP 5.864  Genius Booker  Promos: European Economic Area  There is no meal option with this room. Children and Extra Bed Policy: Children of any age are allowed. You haven't added any cots. You haven't added any extra beds. The maximum number of guests is 3.  Deposit Policy: The guest will be charged a prepayment of the total price of the reservation at any time.  Cancellation Policy: The guest can cancel free of charge until 7 days before arrival. The guest will be charged the total price of the reservation if they cancel in the 7 days before arrival. If the guest doesn’t show up, they will be charged the total price of the reservation.",,,,,"2026-07-24",,,,
Hotel Orlando by PLI,2026-01-25T21:04:23,259-623-402,VSG-974-752,6880256377,,Michelle,Woodward,"2026-10-24","2026-10-30",6,Family Studio SR,Non Refundable,Flat 20 ( Basement sino ),,2,3,GBP,630.30,630.30,610.30,20.00,Online,Booking.com,Booking.com,On Account,Confirmed,,mwoodw.672090@guest.booking.com,+353 85 711 9392,,"Child Ages: 12, 5, 8  Non-Smoking  Promos: Mobile(MDot) Rate  There is no meal option with this room. Children and Extra Bed Policy: Children of any age are allowed. You haven't added any extra beds. The maximum number of cots is 1. The maximum number of guests is 6.  Deposit Policy: The guest will be charged a prepayment of the total price of the reservation at any time.  Cancellation Policy: The guest can cancel free of charge until 7 days before arrival. The guest will be charged the total price of the reservation if they cancel in the 7 days before arrival.  payment_on_Booking.com (Payout type: BankTransfer)  ** THIS RESERVATION HAS BEEN PRE-PAID ** BOOKING NOTE : Payment charge is GBP 10.0848 Approximate time of arrival: between 15:00 and 16:00  Genius Booker ",,,,,"2026-01-25",,,,
Hotel Orlando by PLI,2025-12-01T19:58:41,260-821-421,PCB-427-719,5230492877,,Sara,Henley,"2026-10-24","2026-10-25",1,Family room-Standard-Ensuite,Non Refundable,Room 3 BF,,4,0,GBP,148.35,148.35,128.35,20.00,Online,Booking.com,Booking.com,On Account,Confirmed,,hellraiserhenley69@yahoo.co.uk,+447580040319,,"Non-Smoking  Promos: Mobile(App) Rate  There is no meal option with this room. Children and Extra Bed Policy: Children of any age are allowed. You haven't added any cots. You haven't added any extra beds. The maximum number of guests is 5.  Deposit Policy: The guest will be charged a prepayment of the total price of the reservation at any time.  Cancellation Policy: The guest can cancel free of charge until 7 days before arrival. The guest will be charged the total price of the reservation if they cancel in the 7 days before arrival.  payment_on_Booking.com (Payout type: BankTransfer)  ** THIS RESERVATION HAS BEEN PRE-PAID ** BOOKING NOTE : Payment charge is GBP 2.3736  Genius Booker ",,,,,"2025-12-01",,,,
Hotel Orlando by PLI,2026-03-22T12:02:15,261-018-222,KNL-746-292,5551466853,,Clare,Howitt,"2026-10-24","2026-10-25",1,Quad room-Standard-Ensuite,Non Refundable,S Room 27 1st F  W/Fridge,,2,0,GBP,111.80,223.60,91.80,20.00,Online,Booking.com,Booking.com,On Account,Confirmed,,chowit.210817@guest.booking.com,+44 7961 994406,,"Group: 4 x Adult, 0 x Child  Non-Smoking  Promos: Mobile(MDot) Rate  There is no meal option with this room. Children and Extra Bed Policy: Children of any age are allowed. You haven't added any cots. You haven't added any extra beds. The maximum number of guests is 4.  Deposit Policy: The guest will be charged a prepayment of the total price of the reservation in the 5 days before arrival.  Cancellation Policy: The guest can cancel free of charge until 5 days before arrival. The guest will be charged the total price of the reservation if they cancel in the 5 days before arrival. If the guest doesn’t show up, they will be charged the total price of the reservation.  payment_on_Booking.com (Payout type: BankTransfer)  ** THIS RESERVATION HAS BEEN PRE-PAID ** Approximate time of arrival: between 14:00 and 15:00 BOOKING NOTE : Payment charge is GBP 3.5776  Genius Booker ",,,,,"2026-03-22",,,,
Hotel Orlando by PLI,2025-12-16T16:44:46,348-959-501,PKI-622-143,5420254987,,Robin,Hawkins,"2026-10-24","2026-10-25",1,Double room-Ensuite,Non Refundable,S Room 18 BF,,2,0,GBP,88.85,88.85,68.85,20.00,Online,Booking.com,Booking.com,On Account,Confirmed,,rhawki.212825@guest.booking.com,+44 7364 175370,,"Non-Smoking  Promos: Mobile(MDot) Rate  There is no meal option with this room. Children and Extra Bed Policy: Children of any age are allowed. You haven't added any cots. You haven't added any extra beds. The maximum number of guests is 2.  Deposit Policy: The guest will be charged a prepayment of the total price of the reservation at any time.  Cancellation Policy: The guest can cancel free of charge until 7 days before arrival. The guest will be charged the total price of the reservation if they cancel in the 7 days before arrival.  payment_on_Booking.com (Payout type: BankTransfer)  ** THIS RESERVATION HAS BEEN PRE-PAID ** Approximate time of arrival: between 15:00 and 16:00 BOOKING NOTE : Payment charge is GBP 1.4216 ",,,,,"2025-12-16",,,,
Hotel Orlando by PLI,2026-08-30T22:51:50,363-923-382,BJS-074-468,6840361091,,Léa,Lopes,"2026-10-24","2026-10-27",3,Triple room-Standard-Ensuite,Non Refundable,S Room 34 3rd F,,2,1,GBP,366.60,266.60,246.60,120.00,Online,Booking.com,Booking.com,On Account,Confirmed,,llopes.345003@guest.booking.com,+33 6 15 70 52 03,,"Child Ages: 10  Non-Smoking  Promos: European Economic Area  There is no meal option with this room. Children and Extra Bed Policy: Children of any age are allowed. You haven't added any cots. You haven't added any extra beds. The maximum number of guests is 3.  Deposit Policy: The guest will be charged a prepayment of the total price of the reservation at any time.  Cancellation Policy: The guest can cancel free of charge until 7 days before arrival. The guest will be charged the total price of the reservation if they cancel in the 7 days before arrival. If the guest doesn’t show up, they will be charged the total price of the reservation.  payment_on_Booking.com (Payout type: BankTransfer)  ** THIS RESERVATION HAS BEEN PRE-PAID ** BOOKING NOTE : Payment charge is GBP 4.2656  Genius Booker ",,,,,"2026-08-30",,,,
Hotel Orlando by PLI,2026-09-10T10:06:59,393-940-632,WLY-568-164,6890882132,,Salomé,Tolila,"2026-10-24","2026-10-25",1,Double room-Standard-Private Bathroom,Base Rate,Room 1 BF,,2,0,GBP,217.20,117.20,97.20,120.00,Online,Booking.com,Booking.com,On Account,Confirmed,,stolil.989964@guest.booking.com,+33 6 58 92 14 75,,"Non-Smoking  Promos: European Economic Area  There is no meal option with this room. Children and Extra Bed Policy: Children of any age are allowed. You haven't added any cots. You haven't added any extra beds. The maximum number of guests is 2.  Deposit Policy: The guest will be charged a prepayment of the total price of the reservation at any time.  Cancellation Policy: The guest can cancel free of charge until 7 days before arrival. The guest will be charged the total price of the reservation if they cancel in the 7 days before arrival. If the guest doesn’t show up, they will be charged the total price of the reservation.  payment_on_Booking.com (Payout type: BankTransfer)  ** THIS RESERVATION HAS BEEN PRE-PAID ** BOOKING NOTE : Payment charge is GBP 1.8752  Genius Booker ",,,,,"2026-09-10",,,,
Hotel Orlando by PLI,2026-08-10T21:06:50,452-508-522,IXU-460-809,2531437883,,Rafael,Rivero Serrano,"2026-10-24","2026-10-29",5,Quad Studio-Standard-Ensuite,Non Refundable,Flat 2 ( Basement Orlando ),,2,2,GBP,563.70,463.70,443.70,120.00,Online,Expedia,Expedia & Affiliate Network,On Account,Confirmed,,rafael_rivero@hotmail.es,1111111111,,"1 Queen Sofa Bed and 1 Queen Bed Expedia collects payment from traveler: Hotel invoices Expedia. ",,,,,"2026-08-10",,,,
Hotel Orlando by PLI,2025-08-17T12:31:50,665-196-034,AVI-042-128,5156232231,,Barbara,Kedra,"2026-10-24","2026-10-28",4,Triple room-Standard-Private Bathroom,,Room 13 2nd Floor,,3,0,GBP,0.00,0.00,0.00,0.00,Online,Booking.com,Booking.com,On Account,Canceled,,bkedra.446407@guest.booking.com,+48 600 247 604,,"Non-Smoking  Promos: European Economic Area  There is no meal option with this room. Children and Extra Bed Policy: Children of any age are allowed. You haven't added any cots. You haven't added any extra beds. The maximum number of guests is 3.  Deposit Policy: The guest will be charged a prepayment of the total price of the reservation at any time.  Cancellation Policy: The guest can cancel free of charge until 7 days before arrival. The guest will be charged the total price of the reservation if they cancel in the 7 days before arrival.  payment_on_Booking.com (Payout type: BankTransfer)  ** THIS RESERVATION HAS BEEN PRE-PAID ** BOOKING NOTE : Payment charge is GBP 3.28  Genius Booker ",,,,,"2025-08-17",,,,
Hotel Orlando by PLI,2026-03-05T20:43:38,810-383-401,HVO-445-459,5831257718,,rigoux,gwendola,"2026-10-24","2026-10-30",6,Family room-Standard-Ensuite,,S Room 19 BF,,4,0,GBP,0.00,0.00,0.00,0.00,Online,Booking.com,Booking.com,On Account,Canceled,,rgwend.465070@guest.booking.com,+33 6 70 18 89 01,,"Non-Smoking  Promos: Mobile(App) Rate  There is no meal option with this room. Children and Extra Bed Policy: Children of any age are allowed. You haven't added any cots. You haven't added any extra beds. The maximum number of guests is 5.  Deposit Policy: The guest will be charged a prepayment of the total price of the reservation in the 5 days before arrival.  Cancellation Policy: The guest can cancel free of charge until 5 days before arrival. The guest will be charged the total price of the reservation if they cancel in the 5 days before arrival. If the guest doesn’t show up, they will be charged the total price of the reservation.  payment_on_Booking.com (Payout type: BankTransfer)  ** THIS RESERVATION HAS BEEN PRE-PAID ** BOOKING NOTE : Payment charge is GBP 8.5752  Genius Booker ",,,,,"2026-03-05",,,,
Hotel Orlando by PLI,2026-08-14T11:38:32,911-684-594,FNV-125-415,6729155209,,Estanislau,Reis,"2026-10-24","2026-11-01",8,Quad Studio-Standard-Ensuite,Non Refundable,Flat 5 ( GF Orlando ),,2,2,GBP,854.40,754.40,734.40,120.00,Online,Booking.com,Booking.com,On Account,Confirmed,,ereis.420485@guest.booking.com,+33 6 85 48 76 44,,"Child Ages: 13, 16  Non-Smoking  Promos: European Economic Area  There is no meal option with this room. Children and Extra Bed Policy: Children of any age are allowed. You haven't added any cots. You haven't added any extra beds. The maximum number of guests is 4.  Deposit Policy: The guest will be charged a prepayment of the total price of the reservation at any time.  Cancellation Policy: The guest can cancel free of charge until 7 days before arrival. The guest will be charged the total price of the reservation if they cancel in the 7 days before arrival. If the guest doesn’t show up, they will be charged the total price of the reservation.  payment_on_Booking.com (Payout type: BankTransfer)  ** THIS RESERVATION HAS BEEN PRE-PAID ** BOOKING NOTE : Payment charge is GBP 12.0704  Genius Booker ",,,,,"2026-08-14",,,,
Hotel Orlando by PLI,2026-03-22T12:02:15,952-901-421,KNL-746-292,5551466853,,Clare,Howitt,"2026-10-24","2026-10-25",1,Quad room-Standard-Ensuite,Non Refundable,S Room 22 GF -2Ds W/Microwave &Fridge,,2,0,GBP,111.80,See 261-018-222,91.80,20.00,Online,Booking.com,Booking.com,On Account,Confirmed,,chowit.210817@guest.booking.com,+44 7961 994406,,"Group: 4 x Adult, 0 x Child  Non-Smoking  Promos: Mobile(MDot) Rate  There is no meal option with this room. Children and Extra Bed Policy: Children of any age are allowed. You haven't added any cots. You haven't added any extra beds. The maximum number of guests is 4.  Deposit Policy: The guest will be charged a prepayment of the total price of the reservation in the 5 days before arrival.  Cancellation Policy: The guest can cancel free of charge until 5 days before arrival. The guest will be charged the total price of the reservation if they cancel in the 5 days before arrival. If the guest doesn’t show up, they will be charged the total price of the reservation.  payment_on_Booking.com (Payout type: BankTransfer)  ** THIS RESERVATION HAS BEEN PRE-PAID ** Approximate time of arrival: between 14:00 and 15:00 BOOKING NOTE : Payment charge is GBP 3.5776  Genius Booker ",,,,,"2026-03-22",,,,
Hotel Orlando by PLI,2026-08-22T18:44:33,954-342-002,WCF-182-315,5902386162,,Aline,Hunger,"2026-10-24","2026-10-25",1,Family room-Standard-Ensuite,Non Refundable,S Room 19 BF,,4,0,GBP,221.70,121.70,101.70,120.00,Online,Booking.com,Booking.com,On Account,Confirmed,,ahunge.356036@guest.booking.com,+44 7383 722192,,"Non-Smoking  Promos: Domestic  There is no meal option with this room. Children and Extra Bed Policy: Children of any age are allowed. You haven't added any cots. You haven't added any extra beds. The maximum number of guests is 5.  Deposit Policy: The guest will be charged a prepayment of the total price of the reservation at any time.  Cancellation Policy: The guest can cancel free of charge until 7 days before arrival. The guest will be charged the total price of the reservation if they cancel in the 7 days before arrival. If the guest doesn’t show up, they will be charged the total price of the reservation.  payment_on_Booking.com (Payout type: BankTransfer)  ** THIS RESERVATION HAS BEEN PRE-PAID ** BOOKING NOTE : Payment charge is GBP 1.9472  Genius Booker ",,,,,"2026-08-22",,,,
Hotel Orlando by PLI,2026-04-24T11:42:58,048-089-604,LQU-681-708,6450322035,,James,Richard Matthew vinen,"2026-10-25","2026-10-30",5,Single room-Standard-Ensuite,,S Room 32 2nd F,,1,0,GBP,0.00,0.00,0.00,0.00,Online,Booking.com,Booking.com,On Account,Canceled,,jvinen.536322@guest.booking.com,+44 7796 021540,,"Non-Smoking  Promos: Domestic  There is no meal option with this room. Children and Extra Bed Policy: Children of any age are allowed. You haven't added any cots. You haven't added any extra beds. The maximum number of guests is 1.  Deposit Policy: The guest will be charged a prepayment of the total price of the reservation at any time.  Cancellation Policy: The guest can cancel free of charge until 2 days before arrival. The guest will be charged the total price of the reservation if they cancel in the 2 days before arrival.  payment_on_Booking.com (Payout type: BankTransfer)  ** THIS RESERVATION HAS BEEN PRE-PAID ** BOOKING NOTE : Payment charge is GBP 5.3456 ",,,,,"2026-04-24",,,,
Hotel Orlando by PLI,2026-04-24T11:25:09,283-064-001,UZQ-709-244,5190865204,,Hopfner,Marlene,"2026-10-25","2026-10-30",5,Double room-Standard-Private Bathroom,Base Rate,Room 1 BF,,2,0,GBP,386.30,386.30,366.30,20.00,Online,Booking.com,Booking.com,On Account,Confirmed,,hmarle.593504@guest.booking.com,+43 681 10507620,,"Non-Smoking  Promos: European Economic Area  There is no meal option with this room. Children and Extra Bed Policy: Children of any age are allowed. You haven't added any cots. You haven't added any extra beds. The maximum number of guests is 2.  Deposit Policy: The guest will be charged a prepayment of the total price of the reservation at any time.  Cancellation Policy: The guest can cancel free of charge until 7 days before arrival. The guest will be charged the total price of the reservation if they cancel in the 7 days before arrival. If the guest doesn’t show up, they will be charged the total price of the reservation.  payment_on_Booking.com (Payout type: BankTransfer)  ** THIS RESERVATION HAS BEEN PRE-PAID ** BOOKING NOTE : Payment charge is GBP 6.1808  Genius Booker ",,,,,"2026-04-24",,,,
Hotel Orlando by PLI,2025-07-14T13:39:09,391-995-144,DSL-526-771,6011169134,,Aline,Bardaine,"2026-10-25","2026-11-01",7,Booked as: Triple-Standard-Private Bathroom,Base Rate,Room 6 1st Floor,,1,1,GBP,330.00,330.00,315.00,15.00,Online,Booking.com,Booking.com,On Account,Confirmed,,abarda.139568@guest.booking.com,+33 6 38 41 07 97,,"Child Ages: 9  Non-Smoking  Promos: Mobile(App) Rate  There is no meal option with this room. Children and Extra Bed Policy: Children of any age are allowed. You haven't added any cots. You haven't added any extra beds. The maximum number of guests is 3.  Deposit Policy: The guest will be charged a prepayment of the total price of the reservation at any time.  Cancellation Policy: The guest can cancel free of charge until 7 days before arrival. The guest will be charged the total price of the reservation if they cancel in the 7 days before arrival.  payment_on_Booking.com (Payout type: BankTransfer)  ** THIS RESERVATION HAS BEEN PRE-PAID ** BOOKING NOTE : Payment charge is GBP 5.28  Genius Booker ",,,,,"2025-07-14",,,,
Hotel Orlando by PLI,2026-03-31T20:12:13,522-003-422,PXC-084-078,6028690629,,Hopfner,Marlene,"2026-10-25","2026-10-30",5,Family room-Standard-Ensuite,,Room 3 BF W/Microwave,,3,0,GBP,0.00,0.00,0.00,0.00,Online,Booking.com,Booking.com,On Account,Canceled,,hmarle.117565@guest.booking.com,+43 681 10507620,,"Non-Smoking  Promos: European Economic Area  There is no meal option with this room. Children and Extra Bed Policy: Children of any age are allowed. You haven't added any cots. You haven't added any extra beds. The maximum number of guests is 5.  Deposit Policy: The guest will be charged a prepayment of the total price of the reservation in the 5 days before arrival.  Cancellation Policy: The guest can cancel free of charge until 5 days before arrival. The guest will be charged the total price of the reservation if they cancel in the 5 days before arrival. If the guest doesn’t show up, they will be charged the total price of the reservation.  payment_on_Booking.com (Payout type: BankTransfer)  ** THIS RESERVATION HAS BEEN PRE-PAID ** BOOKING NOTE : Payment charge is GBP 7.4768  Genius Booker ",,,,,"2026-03-31",,,,
Hotel Orlando by PLI,2025-07-06T18:15:33,690-312-884,CPR-091-828,6547618776,,Stasch,Dennis,"2026-10-25","2026-10-29",4,Booked as: Twin-Standard-Private Bathroom,,S Room 24 GF,,2,0,GBP,0.00,0.00,0.00,0.00,Online,Booking.com,Booking.com,On Account,Canceled,,sdenni.989959@guest.booking.com,+49 176 93792006,,"Non-Smoking  Promos: European Economic Area  There is no meal option with this room. Children and Extra Bed Policy: Children of any age are allowed. You haven't added any cots. You haven't added any extra beds. The maximum number of guests is 2.  Deposit Policy: The guest will be charged a prepayment of the total price of the reservation at any time.  Cancellation Policy: The guest can cancel free of charge until 7 days before arrival. The guest will be charged the total price of the reservation if they cancel in the 7 days before arrival.  payment_on_Booking.com (Payout type: BankTransfer)  ** THIS RESERVATION HAS BEEN PRE-PAID ** BOOKING NOTE : Payment charge is GBP 2.672  Genius Booker ",,,,,"2025-07-06",,,,
Hotel Orlando by PLI,2026-08-07T13:11:38,064-445-942,VTU-887-333,5548399035,,Sarah,Carpenter,"2026-10-26","2026-10-29",3,Family room-Standard-Ensuite,,S Room 19 BF,,2,2,GBP,0.00,0.00,0.00,0.00,Online,Booking.com,Booking.com,On Account,Canceled,,scarpe.190505@guest.booking.com,+44 7841 358989,,"Child Ages: 10, 13  Non-Smoking  Promos: Domestic  There is no meal option with this room. Children and Extra Bed Policy: Children of any age are allowed. You haven't added any cots. You haven't added any extra beds. The maximum number of guests is 5.  Deposit Policy: The guest will be charged a prepayment of the total price of the reservation at any time.  Cancellation Policy: The guest can cancel free of charge until 7 days before arrival. The guest will be charged the total price of the reservation if they cancel in the 7 days before arrival. If the guest doesn’t show up, they will be charged the total price of the reservation.  payment_on_Booking.com (Payout type: BankTransfer)  ** THIS RESERVATION HAS BEEN PRE-PAID ** BOOKING NOTE : Payment charge is GBP 4.3088  Genius Booker ",,,,,"2026-08-07",,,,
Hotel Orlando by PLI,2026-02-04T10:42:38,105-396-081,SVD-723-588,5348840315,,Delphine,Berdou,"2026-10-26","2026-10-29",3,Double room-Standard-Private Bathroom,,Room 11 2nd Floor,,1,0,GBP,0.00,0.00,0.00,0.00,Online,Booking.com,Booking.com,On Account,Canceled,,dberdo.962048@guest.booking.com,+33 6 50 83 36 31,,"Non-Smoking  Promos: European Economic Area  There is no meal option with this room. Children and Extra Bed Policy: Children of any age are allowed. You haven't added any cots. You haven't added any extra beds. The maximum number of guests is 2.  Deposit Policy: The guest will be charged a prepayment of the total price of the reservation at any time.  Cancellation Policy: The guest can cancel free of charge until 7 days before arrival. The guest will be charged the total price of the reservation if they cancel in the 7 days before arrival.  payment_on_Booking.com (Payout type: BankTransfer)  ** THIS RESERVATION HAS BEEN PRE-PAID ** BOOKING NOTE : Payment charge is GBP 3.8912  Genius Booker ",,,,,"2026-02-04",,,,
Hotel Orlando by PLI,2025-10-27T19:17:23,161-101-341,CNM-616-838,5470803639,,Ian,Mason,"2026-10-26","2026-10-28",2,Double room-Standard-Private Bathroom,Non Refundable,Room 7 Mid-First Floor,,2,0,GBP,134.00,134.00,119.00,15.00,Online,Booking.com,Booking.com,On Account,Confirmed,,imason.635513@guest.booking.com,+44 7895 065829,,"Non-Smoking  Promos: Mobile(MDot) Rate  There is no meal option with this room. Children and Extra Bed Policy: Children of any age are allowed. You haven't added any cots. You haven't added any extra beds. The maximum number of guests is 2.  Deposit Policy: The guest will be charged a prepayment of the total price of the reservation at any time.  Cancellation Policy: The guest will be charged the total price of the reservation if they cancel at any time.  payment_on_Booking.com (Payout type: BankTransfer)  ** THIS RESERVATION HAS BEEN PRE-PAID ** BOOKING NOTE : Payment charge is GBP 2.144  Genius Booker ",,,,,"2025-10-27",,,,
Hotel Orlando by PLI,2026-06-08T11:42:06,213-651-092,TRY-058-015,6288190653,,Neja,Čopič Tončič,"2026-10-26","2026-11-01",6,Triple room-Standard-Ensuite,,S Room 34 3rd F,,2,1,GBP,0.00,0.00,0.00,0.00,Online,Booking.com,Booking.com,On Account,Canceled,,ntonci.282903@guest.booking.com,+386 40 536 388,,"Child Ages: 15  Non-Smoking  Promos: European Economic Area  There is no meal option with this room. Children and Extra Bed Policy: Children of any age are allowed. You haven't added any cots. You haven't added any extra beds. The maximum number of guests is 3.  Deposit Policy: The guest will be charged a prepayment of the total price of the reservation at any time.  Cancellation Policy: The guest can cancel free of charge until 7 days before arrival. The guest will be charged the total price of the reservation if they cancel in the 7 days before arrival. If the guest doesn’t show up, they will be charged the total price of the reservation.  payment_on_Booking.com (Payout type: BankTransfer)  ** THIS RESERVATION HAS BEEN PRE-PAID ** Approximate time of arrival: between 16:00 and 17:00 BOOKING NOTE : Payment charge is GBP 8.0528  Genius Booker ",,,,,"2026-06-08",,,,
Hotel Orlando by PLI,2026-09-17T12:38:57,253-196-182,MFF-159-945,6196275652,,Nabil,Hadji,"2026-10-26","2026-11-02",7,Quad room-Standard-Ensuite,Non Refundable,S Room 27 1st F  W/Fridge,,2,2,GBP,748.20,648.20,628.20,120.00,Online,Booking.com,Booking.com,On Account,Confirmed,,nhadji.759517@guest.booking.com,+44 7597 073659,,"Child Ages: 10, 13  Non-Smoking  Promos: Domestic  There is no meal option with this room. Children and Extra Bed Policy: Children of any age are allowed. You haven't added any cots. You haven't added any extra beds. The maximum number of guests is 4.  Deposit Policy: The guest will be charged a prepayment of the total price of the reservation at any time.  Cancellation Policy: The guest can cancel free of charge until 7 days before arrival. The guest will be charged the total price of the reservation if they cancel in the 7 days before arrival. If the guest doesn’t show up, they will be charged the total price of the reservation.  payment_on_Booking.com (Payout type: BankTransfer)  ** THIS RESERVATION HAS BEEN PRE-PAID ** Hi BOOKING NOTE : Payment charge is GBP 10.3712  Genius Booker ",,,,,"2026-09-17",,,,
Hotel Orlando by PLI,2026-05-30T22:48:17,619-600-442,BGH-011-309,5134713870,,Nicola,Di Primio,"2026-10-26","2026-10-30",4,Double room-Ensuite,,S Room 25 Mid 1st F,,2,0,GBP,0.00,0.00,0.00,0.00,Online,Booking.com,Booking.com,On Account,Canceled,,nprimi.121039@guest.booking.com,+39 388 387 1706,,"Non-Smoking  Promos: European Economic Area  There is no meal option with this room. Children and Extra Bed Policy: Children of any age are allowed. You haven't added any cots. You haven't added any extra beds. The maximum number of guests is 2.  Deposit Policy: The guest will be charged a prepayment of the total price of the reservation at any time.  Cancellation Policy: The guest can cancel free of charge until 7 days before arrival. The guest will be charged the total price of the reservation if they cancel in the 7 days before arrival. If the guest doesn’t show up, they will be charged the total price of the reservation.  payment_on_Booking.com (Payout type: BankTransfer)  ** THIS RESERVATION HAS BEEN PRE-PAID ** BOOKING NOTE : Payment charge is GBP 4.784  Genius Booker ",,,,,"2026-05-30",,,,
Hotel Orlando by PLI,2026-09-15T11:22:47,815-844-102,DDL-044-434,1418fb94e984-c267b026d874edf73c40b91357dc7a86@airbnb.com,,Reserved,iCal,"2026-10-26","2026-10-29",3,Studio-Basic-Ensuite,Base Rate,Flat 24  ( GF Sino ),,1,0,GBP,0.00,0.00,0.00,0.00,iCal,ical1,,Deposit (Variable),Confirmed,,,,,Reservation URL: https://www.airbnb.com/hosting/reservations/details/HMJHKFP2SM,,,,,"2026-09-15",,,,
Hotel Orlando by PLI,2026-09-04T09:27:02,936-089-102,GAN-405-680,6482235324,,Alena,Efimova,"2026-10-26","2026-10-31",5,Triple room-Standard-Ensuite,,S Room 33 3rd F - W/Microwave &Fridge,,3,0,GBP,0.00,0.00,0.00,0.00,Online,Booking.com,Booking.com,On Account,Canceled,,aefimo.352386@guest.booking.com,+49 1520 2626899,,"Non-Smoking  Promos: European Economic Area  There is no meal option with this room. Children and Extra Bed Policy: Children of any age are allowed. You haven't added any cots. You haven't added any extra beds. The maximum number of guests is 3.  Deposit Policy: The guest will be charged a prepayment of the total price of the reservation at any time.  Cancellation Policy: The guest can cancel free of charge until 7 days before arrival. The guest will be charged the total price of the reservation if they cancel in the 7 days before arrival. If the guest doesn’t show up, they will be charged the total price of the reservation.  payment_on_Booking.com (Payout type: BankTransfer)  ** THIS RESERVATION HAS BEEN PRE-PAID ** BOOKING NOTE : Payment charge is GBP 7.0448  Genius Booker ",,,,,"2026-09-04",,,,
Hotel Orlando by PLI,2026-02-10T21:02:19,996-420-811,IEO-378-077,5077870699,,AROWOSEGBE,OLABODE,"2026-10-26","2026-11-04",9,Double room-Ensuite,,S Room 17 BF,,2,0,GBP,0.00,0.00,0.00,0.00,Online,Booking.com,Booking.com,Pay On Arrival,Canceled,,aolabo.781385@guest.booking.com,+234 906 716 5066,,"Non-Smoking  Genius Booker  Promos: Mobile(App) Rate  There is no meal option with this room. Children and Extra Bed Policy: Children of any age are allowed. You haven't added any cots. You haven't added any extra beds. The maximum number of guests is 2.  Deposit Policy: No prepayment is needed.  Cancellation Policy: The guest can cancel free of charge at any time.",,,,,"2026-02-10",,,,
Hotel Orlando by PLI,2026-08-13T12:55:34,010-652-381,YIR-823-813,6376159640,,Sathit,Sukjit,"2026-10-27","2026-10-31",4,Double room-Standard-Private Bathroom,Base Rate,Room 11 2nd Floor,,2,0,GBP,420.60,320.60,300.60,120.00,Online,Booking.com,Booking.com,On Account,Confirmed,,ssukji.360732@guest.booking.com,+46 72 204 51 79,,"Non-Smoking  Promos: European Economic Area  There is no meal option with this room. Children and Extra Bed Policy: Children of any age are allowed. You haven't added any cots. You haven't added any extra beds. The maximum number of guests is 2.  Deposit Policy: The guest will be charged a prepayment of the total price of the reservation at any time.  Cancellation Policy: The guest can cancel free of charge until 7 days before arrival. The guest will be charged the total price of the reservation if they cancel in the 7 days before arrival. If the guest doesn’t show up, they will be charged the total price of the reservation.  payment_on_Booking.com (Payout type: BankTransfer)  ** THIS RESERVATION HAS BEEN PRE-PAID ** BOOKING NOTE : Payment charge is GBP 5.1296  Genius Booker ",,,,,"2026-08-13",,,,
Hotel Orlando by PLI,2026-05-25T09:27:40,203-544-084,DIX-728-331,6915355553,,Jennifer,Haseleu,"2026-10-27","2026-10-31",4,Family room-Standard-Ensuite,Non Refundable,Room 3 BF W/Microwave,,2,2,GBP,389.00,389.00,369.00,20.00,Online,Booking.com,Booking.com,On Account,Confirmed,,jhasel.956100@guest.booking.com,+49 173 3640717,,"Child Ages: 12, 6  Non-Smoking  Promos: European Economic Area  There is no meal option with this room. Children and Extra Bed Policy: Children of any age are allowed. You haven't added any cots. You haven't added any extra beds. The maximum number of guests is 5.  Deposit Policy: The guest will be charged a prepayment of the total price of the reservation at any time.  Cancellation Policy: The guest can cancel free of charge until 2 days before arrival. The guest will be charged the total price of the reservation if they cancel in the 2 days before arrival.  payment_on_Booking.com (Payout type: BankTransfer)  ** THIS RESERVATION HAS BEEN PRE-PAID ** BOOKING NOTE : Payment charge is GBP 6.224  Genius Booker ",,,,,"2026-05-25",,,,
Hotel Orlando by PLI,2026-02-18T14:31:22,286-418-562,XNP-506-226,5675112919,,Che,hazwani Che kar,"2026-10-27","2026-10-31",4,Triple room-Standard-Ensuite,,S Room 34 3rd F,,2,0,GBP,0.00,0.00,0.00,0.00,Online,Booking.com,Booking.com,On Account,Canceled,,ckar.604193@guest.booking.com,+60 2035640799,,"Group: 4 x Adult, 0 x Child  Non-Smoking  Promos: mobile-discount(15%)  There is no meal option with this room. Children and Extra Bed Policy: Children of any age are allowed. You haven't added any cots. You haven't added any extra beds. The maximum number of guests is 3.  Deposit Policy: The guest will be charged a prepayment of the total price of the reservation in the 5 days before arrival.  Cancellation Policy: The guest can cancel free of charge until 5 days before arrival. The guest will be charged the total price of the reservation if they cancel in the 5 days before arrival. If the guest doesn’t show up, they will be charged the total price of the reservation.  payment_on_Booking.com (Payout type: BankTransfer)  ** THIS RESERVATION HAS BEEN PRE-PAID ** TwinBeds BOOKING NOTE : Payment charge is GBP 10.3504 ",,,,,"2026-02-18",,,,
Hotel Orlando by PLI,2026-09-09T10:17:36,391-363-201,AZX-200-278,5477706313,,Cassandre,Arzillier,"2026-10-27","2026-10-29",2,Quad room-Standard-Ensuite,,S Room 21 GF - SofaBed,,2,2,GBP,0.00,0.00,0.00,0.00,Online,Booking.com,Booking.com,On Account,Canceled,,carzil.876802@guest.booking.com,+33 6 58 87 54 18,,"Child Ages: 3  Non-Smoking  Promos: European Economic Area  There is no meal option with this room. Children and Extra Bed Policy: Children of any age are allowed. You haven't added any cots. You haven't added any extra beds. The maximum number of guests is 4.  Deposit Policy: The guest will be charged a prepayment of the total price of the reservation at any time.  Cancellation Policy: The guest can cancel free of charge until 7 days before arrival. The guest will be charged the total price of the reservation if they cancel in the 7 days before arrival. If the guest doesn’t show up, they will be charged the total price of the reservation.  payment_on_Booking.com (Payout type: BankTransfer)  ** THIS RESERVATION HAS BEEN PRE-PAID ** Is it possible to get a baby cot? BOOKING NOTE : Payment charge is GBP 3.272  Genius Booker ",,,,,"2026-09-09",,,,
Hotel Orlando by PLI,2026-08-13T12:53:42,392-380-562,XFK-237-961,5079853597,,Sathit,Sukjit,"2026-10-27","2026-10-31",4,Triple room-Standard-Ensuite,Non Refundable,S Room 34 3rd F,,1,2,GBP,435.00,335.00,315.00,120.00,Online,Booking.com,Booking.com,On Account,Confirmed,,ssukji.162133@guest.booking.com,+46 72 204 51 79,,"Child Ages: 12, 12  Non-Smoking  Promos: European Economic Area  There is no meal option with this room. Children and Extra Bed Policy: Children of any age are allowed. You haven't added any cots. You haven't added any extra beds. The maximum number of guests is 3.  Deposit Policy: The guest will be charged a prepayment of the total price of the reservation at any time.  Cancellation Policy: The guest can cancel free of charge until 7 days before arrival. The guest will be charged the total price of the reservation if they cancel in the 7 days before arrival. If the guest doesn’t show up, they will be charged the total price of the reservation.  payment_on_Booking.com (Payout type: BankTransfer)  ** THIS RESERVATION HAS BEEN PRE-PAID ** BOOKING NOTE : Payment charge is GBP 5.36  Genius Booker ",,,,,"2026-08-13",,,,
Hotel Orlando by PLI,2026-02-18T14:31:22,892-920-411,XNP-506-226,5675112919,,Che,hazwani Che kar,"2026-10-27","2026-10-31",4,Triple room-Standard-Ensuite,,S Room 23 GF,,2,0,GBP,0.00,See 286-418-562,0.00,0.00,Online,Booking.com,Booking.com,On Account,Canceled,,ckar.604193@guest.booking.com,+60 2035640799,,"Group: 4 x Adult, 0 x Child  Non-Smoking  Promos: mobile-discount(15%)  There is no meal option with this room. Children and Extra Bed Policy: Children of any age are allowed. You haven't added any cots. You haven't added any extra beds. The maximum number of guests is 3.  Deposit Policy: The guest will be charged a prepayment of the total price of the reservation in the 5 days before arrival.  Cancellation Policy: The guest can cancel free of charge until 5 days before arrival. The guest will be charged the total price of the reservation if they cancel in the 5 days before arrival. If the guest doesn’t show up, they will be charged the total price of the reservation.  payment_on_Booking.com (Payout type: BankTransfer)  ** THIS RESERVATION HAS BEEN PRE-PAID ** TwinBeds BOOKING NOTE : Payment charge is GBP 10.3504 ",,,,,"2026-02-18",,,,
Hotel Orlando by PLI,2026-08-22T21:47:15,064-504-661,WTB-504-151,5532051663,,Sabina,Huștiuc,"2026-10-28","2026-11-01",4,Quad room-Standard-Ensuite,,S Room 27 1st F  W/Fridge,,3,1,GBP,0.00,0.00,0.00,0.00,Online,Booking.com,Booking.com,On Account,Canceled,,shusti.363906@guest.booking.com,+40 758 724 235,,"Child Ages: 16  Non-Smoking  Promos: European Economic Area  There is no meal option with this room. Children and Extra Bed Policy: Children of any age are allowed. You haven't added any cots. You haven't added any extra beds. The maximum number of guests is 4.  Deposit Policy: The guest will be charged a prepayment of the total price of the reservation at any time.  Cancellation Policy: The guest can cancel free of charge until 7 days before arrival. The guest will be charged the total price of the reservation if they cancel in the 7 days before arrival. If the guest doesn’t show up, they will be charged the total price of the reservation.  payment_on_Booking.com (Payout type: BankTransfer)  ** THIS RESERVATION HAS BEEN PRE-PAID ** BOOKING NOTE : Payment charge is GBP 5.9504 Approximate time of arrival: between 12:00 and 13:00 ",,,,,"2026-08-22",,,,
Hotel Orlando by PLI,2026-01-05T14:32:10,096-335-061,EDA-689-560,6384774876,,stephanie,ESCUDERO,"2026-10-28","2026-10-31",3,Family room-Standard-Ensuite,,Room 3 BF,,3,2,GBP,0.00,0.00,0.00,0.00,Online,Booking.com,Booking.com,On Account,Canceled,,sescud.218620@guest.booking.com,+33 6 89 52 55 54,,"Child Ages: 10, 7  payment_on_Booking.com (Payout type: BankTransfer)  Non-Smoking  ** THIS RESERVATION HAS BEEN PRE-PAID ** BOOKING NOTE : Payment charge is GBP 5.3024  Genius Booker  Promos: European Economic Area  There is no meal option with this room. Children and Extra Bed Policy: Children of any age are allowed. You haven't added any cots. You haven't added any extra beds. The maximum number of guests is 5.  Deposit Policy: The guest will be charged a prepayment of the total price of the reservation at any time.  Cancellation Policy: The guest can cancel free of charge until 7 days before arrival. The guest will be charged the total price of the reservation if they cancel in the 7 days before arrival.",,,,,"2026-01-05",,,,
Hotel Orlando by PLI,2026-08-19T08:48:58,232-158-301,YZD-762-155,5697169707,,Papp,Zsofia,"2026-10-28","2026-11-01",4,Triple room-Standard-Ensuite,Non Refundable,S Room 23 GF,,3,0,GBP,441.30,341.30,321.30,120.00,Online,Booking.com,Booking.com,On Account,Confirmed,,zpapp.736833@guest.booking.com,+36 30 782 1933,,"Non-Smoking  Promos: European Economic Area  There is no meal option with this room. Children and Extra Bed Policy: Children of any age are allowed. You haven't added any cots. You haven't added any extra beds. The maximum number of guests is 3.  Deposit Policy: The guest will be charged a prepayment of the total price of the reservation at any time.  Cancellation Policy: The guest can cancel free of charge until 7 days before arrival. The guest will be charged the total price of the reservation if they cancel in the 7 days before arrival. If the guest doesn’t show up, they will be charged the total price of the reservation.  payment_on_Booking.com (Payout type: BankTransfer)  ** THIS RESERVATION HAS BEEN PRE-PAID ** BOOKING NOTE : Payment charge is GBP 5.4608  Genius Booker ",,,,,"2026-08-19",,,,
Hotel Orlando by PLI,2026-07-23T12:58:58,329-348-662,QSQ-528-521,5731153939,,Julia,Skomro,"2026-10-28","2026-11-01",4,Triple room-Standard-Ensuite,,S Room 23 GF,,3,0,GBP,0.00,0.00,0.00,0.00,Online,Booking.com,Booking.com,On Account,Canceled,,jskomr.159002@guest.booking.com,+48 575 273 435,,"Non-Smoking  Promos: European Economic Area  There is no meal option with this room. Children and Extra Bed Policy: Children of any age are allowed. You haven't added any cots. You haven't added any extra beds. The maximum number of guests is 3.  Deposit Policy: The guest will be charged a prepayment of the total price of the reservation at any time.  Cancellation Policy: The guest can cancel free of charge until 7 days before arrival. The guest will be charged the total price of the reservation if they cancel in the 7 days before arrival. If the guest doesn’t show up, they will be charged the total price of the reservation.  payment_on_Booking.com (Payout type: BankTransfer)  ** THIS RESERVATION HAS BEEN PRE-PAID ** BOOKING NOTE : Payment charge is GBP 5.36  Genius Booker ",,,,,"2026-07-23",,,,
Hotel Orlando by PLI,2026-08-19T11:51:14,618-658-462,TUT-060-198,5626398349,,Guendalina,Cherubini,"2026-10-28","2026-11-01",4,Quad room-Standard-Ensuite,Non Refundable,S Room 22 GF -2Ds W/Microwave &Fridge,,4,0,GBP,469.20,369.20,349.20,120.00,Online,Booking.com,Booking.com,On Account,Confirmed,,gcheru.963723@guest.booking.com,+39 370 317 5524,,"Non-Smoking  Promos: European Economic Area  There is no meal option with this room. Children and Extra Bed Policy: Children of any age are allowed. You haven't added any cots. You haven't added any extra beds. The maximum number of guests is 4.  Deposit Policy: The guest will be charged a prepayment of the total price of the reservation at any time.  Cancellation Policy: The guest can cancel free of charge until 7 days before arrival. The guest will be charged the total price of the reservation if they cancel in the 7 days before arrival. If the guest doesn’t show up, they will be charged the total price of the reservation.  payment_on_Booking.com (Payout type: BankTransfer)  ** THIS RESERVATION HAS BEEN PRE-PAID ** BOOKING NOTE : Payment charge is GBP 5.9072  Genius Booker ",,,,,"2026-08-19",,,,
Hotel Orlando by PLI,2025-08-17T12:34:50,633-964-992,GRQ-889-675,6655012266,,Barbara,Kedra,"2026-10-28","2026-10-31",3,Quad room-Standard-Private Bathroom,,Room 4 GF,,4,0,GBP,0.00,0.00,0.00,0.00,Online,Booking.com,Booking.com,On Account,Canceled,,bkedra.364130@guest.booking.com,+48 600 247 604,,"Non-Smoking  Promos: European Economic Area  There is no meal option with this room. Children and Extra Bed Policy: Children of any age are allowed. You haven't added any cots. You haven't added any extra beds. The maximum number of guests is 4.  Deposit Policy: The guest will be charged a prepayment of the total price of the reservation at any time.  Cancellation Policy: The guest can cancel free of charge until 7 days before arrival. The guest will be charged the total price of the reservation if they cancel in the 7 days before arrival.  payment_on_Booking.com (Payout type: BankTransfer)  ** THIS RESERVATION HAS BEEN PRE-PAID ** BOOKING NOTE : Payment charge is GBP 2.976  Genius Booker ",,,,,"2025-08-17",,,,
Hotel Orlando by PLI,2025-09-12T09:59:48,001-536-294,MRS-958-365,6134583274,,Paul,Mercier-Herring,"2026-10-29","2026-11-03",5,Single room-Standard-Ensuite,Non Refundable,Room 15 3rd Floor,,1,0,GBP,228.75,228.75,213.75,15.00,Online,Booking.com,Booking.com,On Account,Confirmed,,pmerci.365553@guest.booking.com,+44 7944 395374,,"Non-Smoking  Promos: Domestic  There is no meal option with this room. Children and Extra Bed Policy: Children of any age are allowed. You haven't added any cots. You haven't added any extra beds. The maximum number of guests is 1.  Deposit Policy: The guest will be charged a prepayment of the total price of the reservation at any time.  Cancellation Policy: The guest can cancel free of charge until 7 days before arrival. The guest will be charged the total price of the reservation if they cancel in the 7 days before arrival.  payment_on_Booking.com (Payout type: BankTransfer)  ** THIS RESERVATION HAS BEEN PRE-PAID ** BOOKING NOTE : Payment charge is GBP 3.66  Genius Booker ",,,,,"2025-09-12",,,,
Hotel Orlando by PLI,2026-01-10T07:09:07,016-459-561,HWH-993-423,1418fb94e984-cc90ecc2b66d87e56ee5e33fcad9ff62@airbnb.com,,Reserved,iCal,"2026-10-29","2026-10-30",1,Studio-Basic-Ensuite,,Flat 24  ( GF Sino ),,1,0,GBP,0.00,0.00,0.00,0.00,iCal,ical1,,Deposit (Variable),Canceled,,,,,Reservation URL: https://www.airbnb.com/hosting/reservations/details/HMRQ9X53CJ,,,,,"2026-01-10",,,,
Hotel Orlando by PLI,2026-01-11T21:44:02,241-628-844,EPV-124-940,6248276734,,Luna,Hartmann,"2026-10-29","2026-11-01",3,Double room-Ensuite,Non Refundable,S Room 18 BF,,2,0,GBP,212.10,212.10,192.10,20.00,Online,Booking.com,Booking.com,On Account,Confirmed,,lhartm.441715@guest.booking.com,+49 1573 6606712,,"Non-Smoking  Promos: Mobile(App) Rate  There is no meal option with this room. Children and Extra Bed Policy: Children of any age are allowed. You haven't added any cots. You haven't added any extra beds. The maximum number of guests is 2.  Deposit Policy: The guest will be charged a prepayment of the total price of the reservation at any time.  Cancellation Policy: The guest can cancel free of charge until 7 days before arrival. The guest will be charged the total price of the reservation if they cancel in the 7 days before arrival.  payment_on_Booking.com (Payout type: BankTransfer)  ** THIS RESERVATION HAS BEEN PRE-PAID ** BOOKING NOTE : Payment charge is GBP 3.3936  Genius Booker ",,,,,"2026-01-11",,,,
Hotel Orlando by PLI,2026-02-03T12:43:49,311-592-501,AOO-583-275,1418fb94e984-cc90ecc2b66d87e56ee5e33fcad9ff62@airbnb.com,,Reserved,iCal,"2026-10-29","2026-10-30",1,Studio-Basic-Ensuite,Base Rate,Flat 24  ( GF Sino ),,1,0,GBP,0.00,0.00,0.00,0.00,iCal,ical1,,Deposit (Variable),Confirmed,,,,,Reservation URL: https://www.airbnb.com/hosting/reservations/details/HMRQ9X53CJ,,,,,"2026-02-03",,,,
Hotel Orlando by PLI,2026-06-29T17:12:20,620-441-501,DDH-816-812,5521391088,,Jennifer,bone,"2026-10-29","2026-10-31",2,Family room-Standard-Ensuite,Non Refundable,S Room 19 BF,,1,3,GBP,307.20,207.20,187.20,120.00,Online,Booking.com,Booking.com,On Account,Confirmed,,jbone.548837@guest.booking.com,+44 7979 228181,,"Child Ages: 17, 17, 17  Non-Smoking  Promos: Domestic  There is no meal option with this room. Children and Extra Bed Policy: Children of any age are allowed. You haven't added any cots. You haven't added any extra beds. The maximum number of guests is 5.  Deposit Policy: The guest will be charged a prepayment of the total price of the reservation at any time.  Cancellation Policy: The guest can cancel free of charge until 7 days before arrival. The guest will be charged the total price of the reservation if they cancel in the 7 days before arrival. If the guest doesn’t show up, they will be charged the total price of the reservation.  payment_on_Booking.com (Payout type: BankTransfer)  ** THIS RESERVATION HAS BEEN PRE-PAID ** BOOKING NOTE : Payment charge is GBP 3.3152  Genius Booker ",,,,,"2026-06-29",,,,
Hotel Orlando by PLI,2025-09-03T18:48:18,828-221-244,TYH-442-528,5702490559,,Sara,Olímpia,"2026-10-29","2026-11-02",4,Triple room-Standard-Private Bathroom,Base Rate,Room 13 2nd Floor,,1,0,GBP,205.00,205.00,190.00,15.00,Online,Booking.com,Booking.com,On Account,Confirmed,,solimp.712857@guest.booking.com,+351 919062049,,"Non-Smoking  Promos: European Economic Area  There is no meal option with this room. Children and Extra Bed Policy: Children of any age are allowed. You haven't added any cots. You haven't added any extra beds. The maximum number of guests is 3.  Deposit Policy: The guest will be charged a prepayment of the total price of the reservation at any time.  Cancellation Policy: The guest can cancel free of charge until 7 days before arrival. The guest will be charged the total price of the reservation if they cancel in the 7 days before arrival.  payment_on_Booking.com (Payout type: BankTransfer)  ** THIS RESERVATION HAS BEEN PRE-PAID ** BOOKING NOTE : Payment charge is GBP 3.28  Genius Booker ",,,,,"2025-09-03",,,,
Hotel Orlando by PLI,2026-08-17T14:35:40,488-139-064,AAG-231-940,2536664357,,OTMANENACERZEF,ANISNACERZEFMEHDINACERZEF,"2026-10-30","2026-11-05",6,Triple room-Standard-Private Bathroom,Base Rate,Room 12 2nd Floor,,3,0,GBP,573.56,473.56,453.56,120.00,Online,Expedia Affiliate Network,Expedia & Affiliate Network,On Account,Confirmed,,mtcs@m-tu.com,1111111111111,,"1 Twin Bed and 1 Queen Bed Expedia collects payment from traveler: Hotel invoices Expedia. ",,,,,"2026-08-17",,,,
Hotel Orlando by PLI,2026-09-12T02:18:39,648-366-364,JOE-104-850,1418fb94e984-6a933ad84bd43c3d836415480a6f3c04@airbnb.com,,Reserved,iCal,"2026-10-30","2026-10-31",1,Studio-Basic-Ensuite,Base Rate,Flat 24  ( GF Sino ),,1,0,GBP,0.00,0.00,0.00,0.00,iCal,ical1,,Deposit (Variable),Confirmed,,,,,Reservation URL: https://www.airbnb.com/hosting/reservations/details/HMNQ2KHAP5,,,,,"2026-09-12",,,,
Hotel Orlando by PLI,2026-05-23T22:08:29,681-285-891,TAX-436-015,6751554153,,curtis,teunon,"2026-10-30","2026-11-04",5,Double room-Standard-Private Bathroom,Base Rate,Room 7 Mid-First Floor,,2,0,GBP,384.50,384.50,364.50,20.00,Online,Booking.com,Booking.com,On Account,Confirmed,,cteuno.872651@guest.booking.com,+44 7478 337066,,"Non-Smoking  Promos: Domestic  There is no meal option with this room. Children and Extra Bed Policy: Children of any age are allowed. You haven't added any cots. You haven't added any extra beds. The maximum number of guests is 2.  Deposit Policy: The guest will be charged a prepayment of the total price of the reservation at any time.  Cancellation Policy: The guest can cancel free of charge until 7 days before arrival. The guest will be charged the total price of the reservation if they cancel in the 7 days before arrival. If the guest doesn’t show up, they will be charged the total price of the reservation.  payment_on_Booking.com (Payout type: BankTransfer)  ** THIS RESERVATION HAS BEEN PRE-PAID ** BOOKING NOTE : Payment charge is GBP 6.152  Genius Booker ",,,,,"2026-05-23",,,,
Hotel Orlando by PLI,2026-05-19T19:32:02,931-580-462,UOT-901-917,5384869025,,Redmond,Emily,"2026-10-30","2026-11-04",5,Triple room-Standard-Private Bathroom,Base Rate,Room 8 1st Floor,,3,0,GBP,422.30,422.30,402.30,20.00,Online,Booking.com,Booking.com,On Account,Confirmed,,remily.610573@guest.booking.com,+353 83 880 0538,,"Non-Smoking  Promos: European Economic Area  There is no meal option with this room. Children and Extra Bed Policy: Children of any age are allowed. You haven't added any cots. You haven't added any extra beds. The maximum number of guests is 3.  Deposit Policy: The guest will be charged a prepayment of the total price of the reservation at any time.  Cancellation Policy: The guest can cancel free of charge until 7 days before arrival. The guest will be charged the total price of the reservation if they cancel in the 7 days before arrival. If the guest doesn’t show up, they will be charged the total price of the reservation.  payment_on_Booking.com (Payout type: BankTransfer)  ** THIS RESERVATION HAS BEEN PRE-PAID ** BOOKING NOTE : Payment charge is GBP 6.7568  Genius Booker ",,,,,"2026-05-19",,,,
Hotel Orlando by PLI,2025-09-02T08:13:30,940-524-411,WJT-771-050,5695448189,,Lena,DORINAS,"2026-10-30","2026-11-02",3,Twin room-Standard-Private Bathroom,,Room 16 3rd Floor,,2,0,GBP,0.00,0.00,0.00,0.00,Online,Booking.com,Booking.com,On Account,Canceled,,ldorin.414402@guest.booking.com,+33 6 99 13 39 41,,"Non-Smoking  Promos: European Economic Area  There is no meal option with this room. Children and Extra Bed Policy: Children of any age are allowed. You haven't added any cots. You haven't added any extra beds. The maximum number of guests is 2.  Deposit Policy: The guest will be charged a prepayment of the total price of the reservation at any time.  Cancellation Policy: The guest can cancel free of charge until 7 days before arrival. The guest will be charged the total price of the reservation if they cancel in the 7 days before arrival.  payment_on_Booking.com (Payout type: BankTransfer)  ** THIS RESERVATION HAS BEEN PRE-PAID ** BOOKING NOTE : Payment charge is GBP 2.064  Genius Booker ",,,,,"2025-09-02",,,,
Hotel Orlando by PLI,2026-06-10T05:59:32,995-983-142,RIG-237-892,6649877755,,ivar,valenta,"2026-10-30","2026-11-04",5,Family Studio SR,Non Refundable,Flat 20 ( Basement sino ),,1,2,GBP,607.80,507.80,487.80,120.00,Online,Booking.com,Booking.com,On Account,Confirmed,,ivalen.247983@guest.booking.com,+49 179 7628977,,"Child Ages: 15, 9  Non-Smoking  Promos: European Economic Area  There is no meal option with this room. Children and Extra Bed Policy: Children of any age are allowed. You haven't added any extra beds. The maximum number of cots is 1. The maximum number of guests is 6.  Deposit Policy: The guest will be charged a prepayment of the total price of the reservation at any time.  Cancellation Policy: The guest can cancel free of charge until 7 days before arrival. The guest will be charged the total price of the reservation if they cancel in the 7 days before arrival. If the guest doesn’t show up, they will be charged the total price of the reservation.  payment_on_Booking.com (Payout type: BankTransfer)  ** THIS RESERVATION HAS BEEN PRE-PAID ** BOOKING NOTE : Payment charge is GBP 8.1248 Approximate time of arrival: between 20:00 and 21:00  Genius Booker ",,,,,"2026-06-10",,,,
Hotel Orlando by PLI,2026-03-19T09:02:14,141-913-681,IXG-821-887,5774741384,,Katy,Kinahan,"2026-10-31","2026-11-02",2,Triple room-Standard-Ensuite,,S Room 33 3rd F - W/Fridge,,2,0,GBP,0.00,0.00,0.00,0.00,Online,Booking.com,Booking.com,On Account,Canceled,,kkinah.575311@guest.booking.com,+353 87 915 2132,,"Non-Smoking  Promos: Mobile(App) Rate  There is no meal option with this room. Children and Extra Bed Policy: Children of any age are allowed. You haven't added any cots. You haven't added any extra beds. The maximum number of guests is 3.  Deposit Policy: The guest will be charged a prepayment of the total price of the reservation in the 5 days before arrival.  Cancellation Policy: The guest can cancel free of charge until 5 days before arrival. The guest will be charged the total price of the reservation if they cancel in the 5 days before arrival. If the guest doesn’t show up, they will be charged the total price of the reservation.  payment_on_Booking.com (Payout type: BankTransfer)  ** THIS RESERVATION HAS BEEN PRE-PAID ** BOOKING NOTE : Payment charge is GBP 2.496  Genius Booker ",,,,,"2026-03-19",,,,
Hotel Orlando by PLI,2026-07-24T12:46:27,249-011-832,ZVH-396-460,2517548258,,kailash,singh,"2026-10-31","2026-11-03",3,Quad room-Standard-Ensuite,,S Room 22 GF -2Ds W/Microwave &Fridge,,2,0,GBP,0.00,0.00,0.00,0.00,Online,Expedia Affiliate Network,Expedia & Affiliate Network,On Account,Canceled,,operations@dubailinkgroup.com,11111111111,,"1 Queen Sofa Bed and 1 Double Bed Multi-room booking. Primary traveler:Singh, Rahul. 2 of 2 rooms. Expedia collects payment from traveler: Hotel invoices Expedia. ",,,,,"2026-07-24",,,,
Hotel Orlando by PLI,2025-07-23T09:07:55,311-435-811,RTA-827-301,5573310476,,Schneider,Monika,"2026-10-31","2026-11-08",8,Family room-Standard-Ensuite,,S Room 23 BF,,2,2,GBP,0.00,0.00,0.00,0.00,Online,Booking.com,Booking.com,On Account,Canceled,,smonik.931159@guest.booking.com,+43 677 61668054,,"Child Ages: 1, 12  Non-Smoking  Promos: Mobile(MDot) Rate  There is no meal option with this room. Children and Extra Bed Policy: Children of any age are allowed. You haven't added any cots. You haven't added any extra beds. The maximum number of guests is 5.  Deposit Policy: The guest will be charged a prepayment of the total price of the reservation at any time.  Cancellation Policy: The guest can cancel free of charge until 7 days before arrival. The guest will be charged the total price of the reservation if they cancel in the 7 days before arrival.  payment_on_Booking.com (Payout type: BankTransfer)  ** THIS RESERVATION HAS BEEN PRE-PAID ** BOOKING NOTE : Payment charge is GBP 13.7184  Genius Booker ",,,,,"2025-07-23",,,,
Hotel Orlando by PLI,2026-08-23T14:58:53,411-252-832,MCD-056-727,6714794947,,zoh,bes,"2026-10-31","2026-11-07",7,Quad Studio-Standard-Ensuite,Non Refundable,Flat 2 ( Basement Orlando ),,2,2,GBP,772.00,672.00,652.00,120.00,Online,Booking.com,Booking.com,On Account,Confirmed,,zbes.776482@guest.booking.com,+213 661 81 08 18,,"Child Ages: 12, 16  Non-Smoking  There is no meal option with this room. Children and Extra Bed Policy: Children of any age are allowed. You haven't added any cots. You haven't added any extra beds. The maximum number of guests is 4.  Deposit Policy: The guest will be charged a prepayment of the total price of the reservation at any time.  Cancellation Policy: The guest can cancel free of charge until 7 days before arrival. The guest will be charged the total price of the reservation if they cancel in the 7 days before arrival. If the guest doesn’t show up, they will be charged the total price of the reservation.  payment_on_Booking.com (Payout type: BankTransfer)  ** THIS RESERVATION HAS BEEN PRE-PAID ** BOOKING NOTE : Payment charge is GBP 10.752  Genius Booker ",,,,,"2026-08-23",,,,
Hotel Orlando by PLI,2025-10-19T12:19:03,426-421-481,XKJ-059-950,5949006448,,Veronica,Adi,"2026-10-31","2026-11-02",2,Quad room-Standard-Private Bathroom,,Room 4 GF,,2,2,GBP,0.00,0.00,0.00,0.00,Online,Booking.com,Booking.com,On Account,Canceled,,vadi.107387@guest.booking.com,+44 7787 897377,,"Child Ages: 4, 7  Non-Smoking  Promos: Mobile(App) Rate  There is no meal option with this room. Children and Extra Bed Policy: Children of any age are allowed. You haven't added any cots. You haven't added any extra beds. The maximum number of guests is 4.  Deposit Policy: The guest will be charged a prepayment of the total price of the reservation at any time.  Cancellation Policy: The guest can cancel free of charge until 7 days before arrival. The guest will be charged the total price of the reservation if they cancel in the 7 days before arrival.  payment_on_Booking.com (Payout type: BankTransfer)  ** THIS RESERVATION HAS BEEN PRE-PAID ** BOOKING NOTE : Payment charge is GBP 1.872  Genius Booker ",,,,,"2025-10-19",,,,
Hotel Orlando by PLI,2026-04-06T12:39:40,484-425-432,SKO-570-797,6461576857,,TARUN,MATHUR ROOPALI MATHUR NANDINI MATHUR,"2026-10-31","2026-11-06",6,Triple room-Standard-Private Bathroom,,Room 12 2nd Floor,,3,0,GBP,0.00,0.00,0.00,0.00,Online,Booking.com,Booking.com,On Account,Canceled,,tmathu.748559@guest.booking.com,+91 98711 66720,,"Non-Smoking  There is no meal option with this room. Children and Extra Bed Policy: Children of any age are allowed. You haven't added any cots. You haven't added any extra beds. The maximum number of guests is 3.  Deposit Policy: The guest will be charged a prepayment of the total price of the reservation in the 5 days before arrival.  Cancellation Policy: The guest can cancel free of charge until 5 days before arrival. The guest will be charged the total price of the reservation if they cancel in the 5 days before arrival. If the guest doesn’t show up, they will be charged the total price of the reservation.  payment_on_Booking.com (Payout type: BankTransfer)  ** THIS RESERVATION HAS BEEN PRE-PAID ** BOOKING NOTE : Payment charge is GBP 8.656 Approximate time of arrival: between 11:00 and 12:00  AATMAN TRAILS  Genius Booker ",,,,,"2026-04-06",,,,
Hotel Orlando by PLI,2026-09-04T11:34:33,518-108-692,ZEI-514-608,6667765544,,Kamilia,Khatib,"2026-10-31","2026-11-13",13,Double room-Ensuite,Non Refundable,S Room 17 BF,,2,0,GBP,943.50,843.50,823.50,120.00,Online,Booking.com,Booking.com,On Account,Confirmed,,kkhati.140641@guest.booking.com,+212 770 324195,,"Non-Smoking  Promos: European Economic Area  There is no meal option with this room. Children and Extra Bed Policy: Children of any age are allowed. You haven't added any cots. You haven't added any extra beds. The maximum number of guests is 2.  Deposit Policy: The guest will be charged a prepayment of the total price of the reservation at any time.  Cancellation Policy: The guest can cancel free of charge until 7 days before arrival. The guest will be charged the total price of the reservation if they cancel in the 7 days before arrival. If the guest doesn’t show up, they will be charged the total price of the reservation.  payment_on_Booking.com (Payout type: BankTransfer)  ** THIS RESERVATION HAS BEEN PRE-PAID ** BOOKING NOTE : Payment charge is GBP 13.496 ",,,,,"2026-09-04",,,,
Hotel Orlando by PLI,2026-03-26T09:55:02,844-608-544,SWF-101-063,5977198528,,Susanne,Korn,"2026-10-31","2026-11-04",4,Triple room-Standard-Ensuite,,S Room 33 3rd F - W/Fridge,,2,1,GBP,0.00,0.00,0.00,0.00,Online,Booking.com,Booking.com,On Account,Canceled,,skorn.399967@guest.booking.com,+49 172 8129254,,"Child Ages: 14  Non-Smoking  Promos: European Economic Area  There is no meal option with this room. Children and Extra Bed Policy: Children of any age are allowed. You haven't added any cots. You haven't added any extra beds. The maximum number of guests is 3.  Deposit Policy: The guest will be charged a prepayment of the total price of the reservation in the 5 days before arrival.  Cancellation Policy: The guest can cancel free of charge until 5 days before arrival. The guest will be charged the total price of the reservation if they cancel in the 5 days before arrival. If the guest doesn’t show up, they will be charged the total price of the reservation.  payment_on_Booking.com (Payout type: BankTransfer)  ** THIS RESERVATION HAS BEEN PRE-PAID ** BOOKING NOTE : Payment charge is GBP 4.8128 Approximate time of arrival: between 21:00 and 22:00  Genius Booker ",,,,,"2026-03-26",,,,
Hotel Orlando by PLI,2026-07-24T12:46:30,909-324-801,PAH-622-910,2517548257,,Rahul,Singh,"2026-10-31","2026-11-03",3,Quad room-Standard-Ensuite,,S Room 27 1st F  W/Fridge,,2,2,GBP,0.00,0.00,0.00,0.00,Online,Expedia Affiliate Network,Expedia & Affiliate Network,On Account,Canceled,,operations@dubailinkgroup.com,11111111111,,"1 Queen Sofa Bed and 1 Double Bed Multi-room booking. Primary traveler:Singh, Rahul. 1 of 2 rooms. Expedia collects payment from traveler: Hotel invoices Expedia. ",,,,,"2026-07-24",,,,
Hotel Orlando by PLI,2026-03-05T21:10:03,153-432-954,FFH-033-583,6664286793,,Hawkins,Tom,"2026-11-01","2026-11-03",2,Triple room-Standard-Ensuite,Non Refundable,S Room 34 3rd F,,2,0,GBP,133.05,133.05,113.05,20.00,Online,Booking.com,Booking.com,On Account,Confirmed,,htom.977243@guest.booking.com,+44 7858 254500,,"Non-Smoking  Promos: Mobile(MDot) Rate  There is no meal option with this room. Children and Extra Bed Policy: Children of any age are allowed. You haven't added any cots. You haven't added any extra beds. The maximum number of guests is 3.  Deposit Policy: The guest will be charged a prepayment of the total price of the reservation in the 5 days before arrival.  Cancellation Policy: The guest can cancel free of charge until 5 days before arrival. The guest will be charged the total price of the reservation if they cancel in the 5 days before arrival. If the guest doesn’t show up, they will be charged the total price of the reservation.  payment_on_Booking.com (Payout type: BankTransfer)  ** THIS RESERVATION HAS BEEN PRE-PAID ** Whether this is allowed or not I am unsure. Would you be able to place a bottle of disoranno on the double bed (I will leave a tip). Thank you :) BOOKING NOTE : Payment charge is GBP 2.1288  Genius Booker ",,,,,"2026-03-05",,,,
Hotel Orlando by PLI,2026-05-14T12:46:29,202-804-922,SEZ-293-978,1418fb94e984-ffd3d2d8f181cc0a4855d4757cb78660@airbnb.com,,Reserved,iCal,"2026-11-01","2026-11-08",7,Studio-Basic-Ensuite,Base Rate,Flat 24  ( GF Sino ),,1,0,GBP,0.00,0.00,0.00,0.00,iCal,ical1,,Deposit (Variable),Confirmed,,,,,Reservation URL: https://www.airbnb.com/hosting/reservations/details/HMXCBBJFFX,,,,,"2026-05-14",,,,
Hotel Orlando by PLI,2026-08-10T21:57:52,296-300-552,BSZ-764-531,5492730179,,Darlington,Onyenze,"2026-11-01","2026-11-07",6,Triple room-Standard-Ensuite,Non Refundable,S Room 33 3rd F - W/Microwave &Fridge,,3,0,GBP,571.00,471.00,451.00,120.00,Online,Booking.com,Booking.com,On Account,Confirmed,,donyen.802703@guest.booking.com,+1 917 416 2365,,"Non-Smoking  There is no meal option with this room. Children and Extra Bed Policy: Children of any age are allowed. You haven't added any cots. You haven't added any extra beds. The maximum number of guests is 3.  Deposit Policy: The guest will be charged a prepayment of the total price of the reservation at any time.  Cancellation Policy: The guest can cancel free of charge until 7 days before arrival. The guest will be charged the total price of the reservation if they cancel in the 7 days before arrival. If the guest doesn’t show up, they will be charged the total price of the reservation.  payment_on_Booking.com (Payout type: BankTransfer)  ** THIS RESERVATION HAS BEEN PRE-PAID ** BOOKING NOTE : Payment charge is GBP 7.536  Genius Booker ",,,,,"2026-08-10",,,,
Hotel Orlando by PLI,2026-02-21T22:18:26,305-904-524,JLC-471-072,6898306795,,Sylvia,Jeggle,"2026-11-01","2026-11-06",5,Family room-Standard-Ensuite,Non Refundable,S Room 19 BF,,2,2,GBP,399.95,399.95,379.95,20.00,Online,Booking.com,Booking.com,On Account,Confirmed,,sjeggl.165844@guest.booking.com,+49 1520 9143871,,"Child Ages: 11, 13  Non-Smoking  Promos: Mobile(MDot) Rate  There is no meal option with this room. Children and Extra Bed Policy: Children of any age are allowed. You haven't added any cots. You haven't added any extra beds. The maximum number of guests is 5.  Deposit Policy: The guest will be charged a prepayment of the total price of the reservation in the 5 days before arrival.  Cancellation Policy: The guest can cancel free of charge until 5 days before arrival. The guest will be charged the total price of the reservation if they cancel in the 5 days before arrival. If the guest doesn’t show up, they will be charged the total price of the reservation.  payment_on_Booking.com (Payout type: BankTransfer)  ** THIS RESERVATION HAS BEEN PRE-PAID ** BOOKING NOTE : Payment charge is GBP 6.3992 ",,,,,"2026-02-21",,,,
Hotel Orlando by PLI,2026-09-16T17:13:28,395-850-184,COE-658-285,6196296406,,yahia,boulahdjilet,"2026-11-01","2026-11-08",7,Double room-Standard-Private Bathroom,Base Rate,Room 11 2nd Floor,,1,0,GBP,620.40,520.40,500.40,120.00,Online,Booking.com,Booking.com,On Account,Confirmed,,yboula.789055@guest.booking.com,+213 660 93 30 23,,"Non-Smoking  Promos: Mobile(App) Rate  There is no meal option with this room. Children and Extra Bed Policy: Children of any age are allowed. You haven't added any cots. You haven't added any extra beds. The maximum number of guests is 2.  Deposit Policy: The guest will be charged a prepayment of the total price of the reservation at any time.  Cancellation Policy: The guest can cancel free of charge until 7 days before arrival. The guest will be charged the total price of the reservation if they cancel in the 7 days before arrival. If the guest doesn’t show up, they will be charged the total price of the reservation.  payment_on_Booking.com (Payout type: BankTransfer)  ** THIS RESERVATION HAS BEEN PRE-PAID ** BOOKING NOTE : Payment charge is GBP 8.3264  Genius Booker ",,,,,"2026-09-16",,,,
Hotel Orlando by PLI,2026-02-26T10:27:25,423-800-842,KUY-856-251,5528047989,,Arjen,Brzezinski,"2026-11-01","2026-11-03",2,Twin room-Standard-Private Bathroom,,Room 16 3rd Floor,,2,0,GBP,0.00,0.00,0.00,0.00,Online,Booking.com,Booking.com,On Account,Canceled,,abrzez.102667@guest.booking.com,+49 160 93212502,,"Non-Smoking  Promos: Mobile(App) Rate  There is no meal option with this room. Children and Extra Bed Policy: Children of any age are allowed. You haven't added any cots. You haven't added any extra beds. The maximum number of guests is 2.  Deposit Policy: The guest will be charged a prepayment of the total price of the reservation at any time.  Cancellation Policy: The guest can cancel free of charge until 7 days before arrival. The guest will be charged the total price of the reservation if they cancel in the 7 days before arrival. If the guest doesn’t show up, they will be charged the total price of the reservation.  payment_on_Booking.com (Payout type: BankTransfer)  ** THIS RESERVATION HAS BEEN PRE-PAID ** BOOKING NOTE : Payment charge is GBP 2.2648  Genius Booker ",,,,,"2026-02-26",,,,
Hotel Orlando by PLI,2026-02-21T22:17:02,461-898-001,GMR-934-304,6027528137,,Marco,Kirschbauer,"2026-11-01","2026-11-06",5,Family room-Standard-Ensuite,Non Refundable,Room 3 BF W/Microwave,,2,2,GBP,399.95,399.95,379.95,20.00,Online,Booking.com,Booking.com,On Account,Confirmed,,mkirsc.438521@guest.booking.com,+49 176 61686385,,"Child Ages: 13, 16  Non-Smoking  Promos: Mobile(App) Rate  There is no meal option with this room. Children and Extra Bed Policy: Children of any age are allowed. You haven't added any cots. You haven't added any extra beds. The maximum number of guests is 5.  Deposit Policy: The guest will be charged a prepayment of the total price of the reservation in the 5 days before arrival.  Cancellation Policy: The guest can cancel free of charge until 5 days before arrival. The guest will be charged the total price of the reservation if they cancel in the 5 days before arrival. If the guest doesn’t show up, they will be charged the total price of the reservation.  payment_on_Booking.com (Payout type: BankTransfer)  ** THIS RESERVATION HAS BEEN PRE-PAID ** BOOKING NOTE : Payment charge is GBP 6.3992  Genius Booker ",,,,,"2026-02-21",,,,
Hotel Orlando by PLI,2026-08-13T10:17:26,482-941-342,YBJ-619-218,2533576412,,OMER FARUK,DENGIZ,"2026-11-01","2026-11-07",6,Double room-Ensuite,Non Refundable,S Room 25 Mid 1st F,,2,0,GBP,487.20,387.20,367.20,120.00,Online,Expedia Affiliate Network,Expedia & Affiliate Network,On Account,Confirmed,,reservations@bizigo.com,11111111,,"1 Double Bed Expedia collects payment from traveler: Hotel invoices Expedia. ",,,,,"2026-08-13",,,,
Hotel Orlando by PLI,2026-06-15T14:10:18,522-315-022,YMA-261-260,5217455954,,Jittrapa,Sakoltanarak,"2026-11-01","2026-11-10",9,Twin room-Standard-Private Bathroom,,Room 16 3rd Floor,,2,0,GBP,0.00,0.00,0.00,0.00,Online,Booking.com,Booking.com,On Account,Canceled,,jsakol.756762@guest.booking.com,+66 86 511 9208,,"Non-Smoking  Promos: Mobile(MDot) Rate  There is no meal option with this room. Children and Extra Bed Policy: Children of any age are allowed. You haven't added any cots. You haven't added any extra beds. The maximum number of guests is 2.  Deposit Policy: The guest will be charged a prepayment of the total price of the reservation at any time.  Cancellation Policy: The guest can cancel free of charge until 7 days before arrival. The guest will be charged the total price of the reservation if they cancel in the 7 days before arrival. If the guest doesn’t show up, they will be charged the total price of the reservation.  payment_on_Booking.com (Payout type: BankTransfer)  ** THIS RESERVATION HAS BEEN PRE-PAID ** High floor  Non smoking BOOKING NOTE : Payment charge is GBP 10.1552 ",,,,,"2026-06-15",,,,
Hotel Orlando by PLI,2026-09-16T17:05:50,590-964-224,PMH-078-091,6877109582,,yahia,boulahdjilet,"2026-11-01","2026-11-08",7,Twin room-Standard-Private Bathroom,Base Rate,Room 16 3rd Floor,,1,0,GBP,620.40,520.40,500.40,120.00,Online,Booking.com,Booking.com,On Account,Confirmed,,yboula.465750@guest.booking.com,+213 660 93 30 23,,"Non-Smoking  Promos: Mobile(App) Rate  There is no meal option with this room. Children and Extra Bed Policy: Children of any age are allowed. You haven't added any cots. You haven't added any extra beds. The maximum number of guests is 2.  Deposit Policy: The guest will be charged a prepayment of the total price of the reservation at any time.  Cancellation Policy: The guest can cancel free of charge until 7 days before arrival. The guest will be charged the total price of the reservation if they cancel in the 7 days before arrival. If the guest doesn’t show up, they will be charged the total price of the reservation.  payment_on_Booking.com (Payout type: BankTransfer)  ** THIS RESERVATION HAS BEEN PRE-PAID ** BOOKING NOTE : Payment charge is GBP 8.3264  Genius Booker ",,,,,"2026-09-16",,,,
Hotel Orlando by PLI,2026-03-06T17:49:10,812-611-681,XCZ-484-380,6136882893,,Bethany,Hazeltine,"2026-11-01","2026-11-02",1,Triple room-Standard-Ensuite,Non Refundable,S Room 23 GF,,3,0,GBP,75.25,75.25,55.25,20.00,Online,Booking.com,Booking.com,On Account,Confirmed,,bhazel.660455@guest.booking.com,+44 7858 197000,,"Non-Smoking  Promos: Mobile(App) Rate  There is no meal option with this room. Children and Extra Bed Policy: Children of any age are allowed. You haven't added any cots. You haven't added any extra beds. The maximum number of guests is 3.  Deposit Policy: The guest will be charged a prepayment of the total price of the reservation in the 5 days before arrival.  Cancellation Policy: The guest can cancel free of charge until 5 days before arrival. The guest will be charged the total price of the reservation if they cancel in the 5 days before arrival. If the guest doesn’t show up, they will be charged the total price of the reservation.  payment_on_Booking.com (Payout type: BankTransfer)  ** THIS RESERVATION HAS BEEN PRE-PAID ** BOOKING NOTE : Payment charge is GBP 1.204  Genius Booker ",,,,,"2026-03-06",,,,
Hotel Orlando by PLI,2026-07-17T15:30:37,965-320-924,HFM-238-573,2511926485,,GABRIEL,HERDEIRO,"2026-11-01","2026-11-06",5,Double room-Ensuite,Non Refundable,S Room 35 3rd F,,2,0,GBP,437.70,337.70,317.70,120.00,Online,Expedia Affiliate Network,Expedia & Affiliate Network,On Account,Confirmed,,tourism@goglobal.travel,11111111111111,,"If possible, provide non-smoking room Kindly request special treatment as the booking is for Honeymooners If possible, please provide High floor Kindly request special treatment as the booking is for VIP 1 Double Bed Expedia collects payment from traveler: Hotel invoices Expedia. ",,,,,"2026-07-17",,,,
Hotel Orlando by PLI,2026-09-12T12:56:02,033-590-994,LDD-173-692,2557106479,,Paul Conrad,Kaufmann,"2026-11-02","2026-11-07",5,Double room-Ensuite,Non Refundable,S Room 29 Mid 2nd F,,2,0,GBP,443.10,343.10,323.10,120.00,Online,Expedia Affiliate Network,Expedia & Affiliate Network,On Account,Confirmed,,kfb6@ssbooking.cn,1111111111111,,"1 Double Bed Expedia collects payment from traveler: Hotel invoices Expedia. ",,,,,"2026-09-12",,,,
Hotel Orlando by PLI,2025-10-23T18:48:26,966-214-814,SMS-452-085,6704654626,,Ana,Gil,"2026-11-02","2026-11-05",3,Quad room-Standard-Private Bathroom,,Room 4 GF,,2,2,GBP,0.00,0.00,0.00,0.00,Online,Booking.com,Booking.com,On Account,Canceled,,agil.404492@guest.booking.com,+351 920 248 714,,"Child Ages: 1, 2  Non-Smoking  Promos: Mobile(MDot) Rate  There is no meal option with this room. Children and Extra Bed Policy: Children of any age are allowed. You haven't added any cots. You haven't added any extra beds. The maximum number of guests is 4.  Deposit Policy: The guest will be charged a prepayment of the total price of the reservation at any time.  Cancellation Policy: The guest can cancel free of charge until 7 days before arrival. The guest will be charged the total price of the reservation if they cancel in the 7 days before arrival.  payment_on_Booking.com (Payout type: BankTransfer)  ** THIS RESERVATION HAS BEEN PRE-PAID ** BOOKING NOTE : Payment charge is GBP 2.688  Genius Booker ",,,,,"2025-10-23",,,,
Hotel Orlando by PLI,2026-08-02T22:29:40,521-354-354,PRV-341-862,2524978672,,Maria Alejandra,Rodriguez Moreno,"2026-11-03","2026-11-06",3,Quad Studio-Standard-Ensuite,Non Refundable,Flat 5 ( GF Orlando ),,3,1,GBP,352.18,252.18,232.18,120.00,Online,Expedia,Expedia & Affiliate Network,On Account,Confirmed,,marialemoreno282@gmail.com,1111111111,,"1 Queen Sofa Bed and 1 Queen Bed Expedia collects payment from traveler: Hotel invoices Expedia. ",,,,,"2026-08-02",,,,
Hotel Orlando by PLI,2026-09-16T18:49:28,540-484-234,UXR-880-767,2560439796,,PAOLO,AMENTA,"2026-11-03","2026-11-09",6,Triple room-Standard-Private Bathroom,Base Rate,Room 13 2nd Floor,,3,0,GBP,611.39,511.39,491.39,120.00,Online,Expedia Affiliate Network,Expedia & Affiliate Network,On Account,Confirmed,,info@travelrooms.it,1111111111111,,"1 Twin Bed and 1 Queen Bed Expedia collects payment from traveler: Hotel invoices Expedia. ",,,,,"2026-09-16",,,,
Hotel Orlando by PLI,2026-08-25T08:49:40,542-801-261,WSY-774-205,5333684133,,Matz,Peterson,"2026-11-03","2026-11-08",5,Single room-Standard-Ensuite,,S Room 32 2nd F,,1,0,GBP,0.00,0.00,0.00,0.00,Online,Booking.com,Booking.com,On Account,Canceled,,mpeter.477726@guest.booking.com,+46 76 831 30 81,,"Non-Smoking  Promos: European Economic Area  There is no meal option with this room. Children and Extra Bed Policy: Children of any age are allowed. You haven't added any cots. You haven't added any extra beds. The maximum number of guests is 1.  Deposit Policy: The guest will be charged a prepayment of the total price of the reservation at any time.  Cancellation Policy: The guest can cancel free of charge until 7 days before arrival. The guest will be charged the total price of the reservation if they cancel in the 7 days before arrival. If the guest doesn’t show up, they will be charged the total price of the reservation.  payment_on_Booking.com (Payout type: BankTransfer)  ** THIS RESERVATION HAS BEEN PRE-PAID ** BOOKING NOTE : Payment charge is GBP 5.0432  Genius Booker ",,,,,"2026-08-25",,,,
Hotel Orlando by PLI,2026-02-11T22:09:29,899-495-602,JML-041-346,5498302852,,Luisa,Abbati,"2026-11-03","2026-11-07",4,Family Studio SR,,Flat 20 ( Basement sino ),,3,0,GBP,0.00,0.00,0.00,0.00,Online,Booking.com,Booking.com,Pay On Arrival,Canceled,,labbat.397351@guest.booking.com,+39 338 276 5069,,"Non-Smoking  Promos: Mobile(App) Rate  There is no meal option with this room. Children and Extra Bed Policy: Children of any age are allowed. You haven't added any extra beds. The maximum number of cots is 1. The maximum number of guests is 6.  Deposit Policy: No prepayment is needed.  Cancellation Policy: The guest can cancel free of charge at any time.  Genius Booker ",,,,,"2026-02-11",,,,
Hotel Orlando by PLI,2026-03-16T18:18:07,413-255-162,NBM-881-426,2416588835,,LUIZ CARLOS,DA SILVA JUNIOR,"2026-11-04","2026-11-15",11,Double room-Ensuite,Non Refundable,S Room 28 1st F,,2,0,GBP,731.87,731.87,711.87,20.00,Online,Expedia Affiliate Network,Expedia & Affiliate Network,On Account,Confirmed,,reservas-expedia@smilesviagens.com.br,551122462981,,"1 Double Bed Expedia collects payment from traveler: Hotel charges virtual card.  Expedia & Affiliate Network has provided a virtual card with a balance of £582.38. It can be charged between 2026-11-04 and 2031-02-01.",,,,,"2026-03-16",,,,
Hotel Orlando by PLI,2026-08-10T14:46:30,509-435-881,PKM-952-616,6680935367,,Daniel,Hernandez,"2026-11-04","2026-11-11",7,Double room-Standard-Private Bathroom,,Room 7 Mid-First Floor,,2,0,GBP,0.00,0.00,0.00,0.00,Online,Booking.com,Booking.com,On Account,Canceled,,dherna.231391@guest.booking.com,+502 4149 3098,,"Group: 6 x Adult, 0 x Child  Non-Smoking  Promos: Domestic  There is no meal option with this room. Children and Extra Bed Policy: Children of any age are allowed. You haven't added any cots. You haven't added any extra beds. The maximum number of guests is 2.  Deposit Policy: The guest will be charged a prepayment of the total price of the reservation at any time.  Cancellation Policy: The guest can cancel free of charge until 7 days before arrival. The guest will be charged the total price of the reservation if they cancel in the 7 days before arrival. If the guest doesn’t show up, they will be charged the total price of the reservation.  payment_on_Booking.com (Payout type: BankTransfer)  ** THIS RESERVATION HAS BEEN PRE-PAID ** BOOKING NOTE : Payment charge is GBP 22.3872 Approximate time of arrival: between 15:00 and 16:00  Genius Booker ",,,,,"2026-08-10",,,,
Hotel Orlando by PLI,2025-09-25T14:59:20,590-510-902,RTL-329-523,6133958502,,Molly,Maguire,"2026-11-04","2026-11-05",1,Twin room-Standard-Private Bathroom,,Room 16 3rd Floor,,2,0,GBP,0.00,0.00,0.00,0.00,Online,Booking.com,Booking.com,On Account,Canceled,,mmagui.982630@guest.booking.com,+44 7713 841970,,"Non-Smoking  Promos: Domestic  There is no meal option with this room. Children and Extra Bed Policy: Children of any age are allowed. You haven't added any cots. You haven't added any extra beds. The maximum number of guests is 2.  Deposit Policy: The guest will be charged a prepayment of the total price of the reservation at any time.  Cancellation Policy: The guest can cancel free of charge until 7 days before arrival. The guest will be charged the total price of the reservation if they cancel in the 7 days before arrival.  payment_on_Booking.com (Payout type: BankTransfer)  ** THIS RESERVATION HAS BEEN PRE-PAID ** BOOKING NOTE : Payment charge is GBP 0.848  Genius Booker ",,,,,"2025-09-25",,,,
Hotel Orlando by PLI,2026-08-10T14:46:30,602-342-201,PKM-952-616,6680935367,,Daniel,Hernandez,"2026-11-04","2026-11-11",7,Double room-Standard-Private Bathroom,,Room 11 2nd Floor,,2,0,GBP,0.00,See 509-435-881,0.00,0.00,Online,Booking.com,Booking.com,On Account,Canceled,,dherna.231391@guest.booking.com,+502 4149 3098,,"Group: 6 x Adult, 0 x Child  Non-Smoking  Promos: Domestic  There is no meal option with this room. Children and Extra Bed Policy: Children of any age are allowed. You haven't added any cots. You haven't added any extra beds. The maximum number of guests is 2.  Deposit Policy: The guest will be charged a prepayment of the total price of the reservation at any time.  Cancellation Policy: The guest can cancel free of charge until 7 days before arrival. The guest will be charged the total price of the reservation if they cancel in the 7 days before arrival. If the guest doesn’t show up, they will be charged the total price of the reservation.  payment_on_Booking.com (Payout type: BankTransfer)  ** THIS RESERVATION HAS BEEN PRE-PAID ** BOOKING NOTE : Payment charge is GBP 22.3872 Approximate time of arrival: between 15:00 and 16:00  Genius Booker ",,,,,"2026-08-10",,,,
Hotel Orlando by PLI,2026-08-10T14:46:30,936-328-251,PKM-952-616,6680935367,,Daniel,Hernandez,"2026-11-04","2026-11-11",7,Double room-Standard-Private Bathroom,,Room 1 BF,,2,0,GBP,0.00,See 509-435-881,0.00,0.00,Online,Booking.com,Booking.com,On Account,Canceled,,dherna.231391@guest.booking.com,+502 4149 3098,,"Group: 6 x Adult, 0 x Child  Non-Smoking  Promos: Domestic  There is no meal option with this room. Children and Extra Bed Policy: Children of any age are allowed. You haven't added any cots. You haven't added any extra beds. The maximum number of guests is 2.  Deposit Policy: The guest will be charged a prepayment of the total price of the reservation at any time.  Cancellation Policy: The guest can cancel free of charge until 7 days before arrival. The guest will be charged the total price of the reservation if they cancel in the 7 days before arrival. If the guest doesn’t show up, they will be charged the total price of the reservation.  payment_on_Booking.com (Payout type: BankTransfer)  ** THIS RESERVATION HAS BEEN PRE-PAID ** BOOKING NOTE : Payment charge is GBP 22.3872 Approximate time of arrival: between 15:00 and 16:00  Genius Booker ",,,,,"2026-08-10",,,,
Hotel Orlando by PLI,2026-07-09T11:33:59,043-464-911,ZVX-677-701,5782085067,,fernandez,gil gisela,"2026-11-05","2026-11-08",3,Double room-Ensuite,,S Room 17 BF,,2,0,GBP,0.00,0.00,0.00,0.00,Online,Booking.com,Booking.com,On Account,Canceled,,fgisel.439570@guest.booking.com,+34 671 46 38 56,,"Non-Smoking  Promos: European Economic Area  There is no meal option with this room. Children and Extra Bed Policy: Children of any age are allowed. You haven't added any cots. You haven't added any extra beds. The maximum number of guests is 2.  Deposit Policy: The guest will be charged a prepayment of the total price of the reservation at any time.  Cancellation Policy: The guest can cancel free of charge until 7 days before arrival. The guest will be charged the total price of the reservation if they cancel in the 7 days before arrival. If the guest doesn’t show up, they will be charged the total price of the reservation.  payment_on_Booking.com (Payout type: BankTransfer)  ** THIS RESERVATION HAS BEEN PRE-PAID ** BOOKING NOTE : Payment charge is GBP 3.5168  Genius Booker ",,,,,"2026-07-09",,,,
Hotel Orlando by PLI,2026-09-08T21:32:43,200-025-822,PRV-306-946,5079900292,,Eleonora,Ursino,"2026-11-05","2026-11-11",6,Quad room-Standard-Ensuite,Non Refundable,S Room 27 1st F  W/Fridge,,3,0,GBP,581.70,481.70,461.70,120.00,Online,Booking.com,Booking.com,On Account,Confirmed,,eursin.519479@guest.booking.com,+39 327 157 2473,,"Non-Smoking  Promos: European Economic Area  There is no meal option with this room. Children and Extra Bed Policy: Children of any age are allowed. You haven't added any cots. You haven't added any extra beds. The maximum number of guests is 4.  Deposit Policy: The guest will be charged a prepayment of the total price of the reservation at any time.  Cancellation Policy: The guest can cancel free of charge until 7 days before arrival. The guest will be charged the total price of the reservation if they cancel in the 7 days before arrival. If the guest doesn’t show up, they will be charged the total price of the reservation.  payment_on_Booking.com (Payout type: BankTransfer)  ** THIS RESERVATION HAS BEEN PRE-PAID ** BOOKING NOTE : Payment charge is GBP 7.7072  Genius Booker ",,,,,"2026-09-08",,,,
Hotel Orlando by PLI,2025-11-07T18:41:18,240-935-352,GFO-412-504,6666808404,,RAMON,BETANCOURT,"2026-11-05","2026-11-08",3,Double room-Ensuite,,S Room 18 BF,,2,0,GBP,0.00,0.00,0.00,0.00,Online,Booking.com,Booking.com,On Account,Canceled,,rbetan.244106@guest.booking.com,+34 605 62 15 57,,"Non-Smoking  Promos: Mobile(App) Rate  There is no meal option with this room. Children and Extra Bed Policy: Children of any age are allowed. You haven't added any cots. You haven't added any extra beds. The maximum number of guests is 2.  Deposit Policy: The guest will be charged a prepayment of the total price of the reservation at any time.  Cancellation Policy: The guest can cancel free of charge until 7 days before arrival. The guest will be charged the total price of the reservation if they cancel in the 7 days before arrival.  payment_on_Booking.com (Payout type: BankTransfer)  ** THIS RESERVATION HAS BEEN PRE-PAID ** BOOKING NOTE : Payment charge is GBP 3.5448  Genius Booker ",,,,,"2025-11-07",,,,
Hotel Orlando by PLI,2026-09-03T21:26:53,332-204-804,IJV-994-801,6322082808,,Aslhee,Roislet Ramírez Briceño,"2026-11-05","2026-11-10",5,Triple room-Standard-Private Bathroom,,Room 12 2nd Floor,,3,0,GBP,0.00,0.00,0.00,0.00,Online,Booking.com,Booking.com,On Account,Canceled,,abrice.536340@guest.booking.com,+34 649 65 59 01,,"Non-Smoking  Promos: European Economic Area  There is no meal option with this room. Children and Extra Bed Policy: Children of any age are allowed. You haven't added any cots. You haven't added any extra beds. The maximum number of guests is 3.  Deposit Policy: The guest will be charged a prepayment of the total price of the reservation at any time.  Cancellation Policy: The guest can cancel free of charge until 7 days before arrival. The guest will be charged the total price of the reservation if they cancel in the 7 days before arrival. If the guest doesn’t show up, they will be charged the total price of the reservation.  payment_on_Booking.com (Payout type: BankTransfer)  ** THIS RESERVATION HAS BEEN PRE-PAID ** BOOKING NOTE : Payment charge is GBP 6.2528  Genius Booker ",,,,,"2026-09-03",,,,
Hotel Orlando by PLI,2025-09-20T17:44:36,381-126-902,HDZ-323-808,6784461321,,antoinette,houtkooper,"2026-11-05","2026-11-09",4,Twin room-Standard-Private Bathroom,,Room 16 3rd Floor,,2,0,GBP,0.00,0.00,0.00,0.00,Online,Booking.com,Booking.com,On Account,Canceled,,ahoutk.108511@guest.booking.com,+31 6 53611368,,"Non-Smoking  Promos: European Economic Area  There is no meal option with this room. Children and Extra Bed Policy: Children of any age are allowed. You haven't added any cots. You haven't added any extra beds. The maximum number of guests is 2.  Deposit Policy: The guest will be charged a prepayment of the total price of the reservation at any time.  Cancellation Policy: The guest can cancel free of charge until 7 days before arrival. The guest will be charged the total price of the reservation if they cancel in the 7 days before arrival.  payment_on_Booking.com (Payout type: BankTransfer)  ** THIS RESERVATION HAS BEEN PRE-PAID ** BOOKING NOTE : Payment charge is GBP 2.672  Genius Booker ",,,,,"2025-09-20",,,,
Hotel Orlando by PLI,2026-09-01T06:35:54,430-454-682,MXX-065-873,2547977044,,WANTING,WEI,"2026-11-05","2026-11-08",3,Single room-Standard-Ensuite,Non Refundable,S Room 32 2nd F,,1,0,GBP,305.39,205.39,185.39,120.00,Online,Expedia Affiliate Network,Expedia & Affiliate Network,On Account,Confirmed,,zjjiudian@qunar.com,111111111111,,"WEI/WANTING 1 Twin Bed Expedia collects payment from traveler: Hotel invoices Expedia. ",,,,,"2026-09-01",,,,
Hotel Orlando by PLI,2026-08-30T14:56:04,512-014-252,QET-030-548,5759350796,,Pedro,de Almeida Sérgio,"2026-11-05","2026-11-09",4,Triple room-Standard-Private Bathroom,Non Refundable,Room 13 2nd Floor,,2,1,GBP,405.30,305.30,285.30,120.00,Online,Booking.com,Booking.com,On Account,Confirmed,,psergi.580694@guest.booking.com,+351 965 042 742,,"Child Ages: 14  Non-Smoking  Promos: European Economic Area  There is no meal option with this room. Children and Extra Bed Policy: Children of any age are allowed. You haven't added any cots. You haven't added any extra beds. The maximum number of guests is 3.  Deposit Policy: The guest will be charged a prepayment of the total price of the reservation at any time.  Cancellation Policy: The guest will be charged the total price of the reservation if they cancel at any time.  payment_on_Booking.com (Payout type: BankTransfer)  ** THIS RESERVATION HAS BEEN PRE-PAID ** BOOKING NOTE : Payment charge is GBP 4.8848  Genius Booker ",,,,,"2026-08-30",,,,
Hotel Orlando by PLI,2026-05-05T19:26:03,521-354-342,YHU-533-226,5276182814,,Carole,Dabiton,"2026-11-05","2026-11-11",6,Triple room-Standard-Ensuite,,S Room 33 3rd F - W/Microwave &Fridge,,2,1,GBP,0.00,0.00,0.00,0.00,Online,Booking.com,Booking.com,On Account,Canceled,,cdabit.409645@guest.booking.com,+33 6 50 59 64 14,,"Child Ages: 14  Non-Smoking  Promos: European Economic Area  There is no meal option with this room. Children and Extra Bed Policy: Children of any age are allowed. You haven't added any cots. You haven't added any extra beds. The maximum number of guests is 3.  Deposit Policy: The guest will be charged a prepayment of the total price of the reservation at any time.  Cancellation Policy: The guest can cancel free of charge until 2 days before arrival. The guest will be charged the total price of the reservation if they cancel in the 2 days before arrival.  payment_on_Booking.com (Payout type: BankTransfer)  ** THIS RESERVATION HAS BEEN PRE-PAID ** BOOKING NOTE : Payment charge is GBP 6.7424 Approximate time of arrival: between 08:00 and 09:00  Genius Booker ",,,,,"2026-05-05",,,,
Hotel Orlando by PLI,2025-10-07T17:54:01,649-589-194,LKN-331-815,5096805562,,Paul,Mercier-Herring,"2026-11-05","2026-11-10",5,Quad room-Standard-Private Bathroom,Base Rate,Room 4 GF,,1,0,GBP,270.00,270.00,255.00,15.00,Online,Booking.com,Booking.com,On Account,Confirmed,,pmerci.400322@guest.booking.com,+44 7944 395374,,"Non-Smoking  Promos: Mobile(App) Rate  There is no meal option with this room. Children and Extra Bed Policy: Children of any age are allowed. You haven't added any cots. You haven't added any extra beds. The maximum number of guests is 4.  Deposit Policy: The guest will be charged a prepayment of the total price of the reservation at any time.  Cancellation Policy: The guest can cancel free of charge until 7 days before arrival. The guest will be charged the total price of the reservation if they cancel in the 7 days before arrival.  payment_on_Booking.com (Payout type: BankTransfer)  ** THIS RESERVATION HAS BEEN PRE-PAID ** BOOKING NOTE : Payment charge is GBP 4.32  Genius Booker ",,,,,"2025-10-07",,,,
Hotel Orlando by PLI,2026-07-02T12:39:03,980-551-094,RJT-202-983,5249249387,,Melissa,Frere-Jouan,"2026-11-05","2026-11-09",4,Double room-Ensuite,Non Refundable,S Room 18 BF,,2,0,GBP,367.50,267.50,247.50,120.00,Online,Booking.com,Booking.com,On Account,Confirmed,,mfrere.727488@guest.booking.com,+33 7 64 45 40 79,,"Non-Smoking  Promos: European Economic Area  There is no meal option with this room. Children and Extra Bed Policy: Children of any age are allowed. You haven't added any cots. You haven't added any extra beds. The maximum number of guests is 2.  Deposit Policy: The guest will be charged a prepayment of the total price of the reservation at any time.  Cancellation Policy: The guest can cancel free of charge until 7 days before arrival. The guest will be charged the total price of the reservation if they cancel in the 7 days before arrival. If the guest doesn’t show up, they will be charged the total price of the reservation.  payment_on_Booking.com (Payout type: BankTransfer)  ** THIS RESERVATION HAS BEEN PRE-PAID ** BOOKING NOTE : Payment charge is GBP 4.28  Genius Booker ",,,,,"2026-07-02",,,,
Hotel Orlando by PLI,2026-08-12T23:38:27,018-240-421,DXM-939-677,5984290734,,Maria,Cruz Rodriguez,"2026-11-06","2026-11-09",3,Triple room-Standard-Ensuite,Non Refundable,S Room 23 GF,,3,0,GBP,334.20,234.20,214.20,120.00,Online,Booking.com,Booking.com,On Account,Confirmed,,nnrrcx.890511@guest.booking.com,+34 699 90 58 82,,"Non-Smoking  Promos: European Economic Area  There is no meal option with this room. Children and Extra Bed Policy: Children of any age are allowed. You haven't added any cots. You haven't added any extra beds. The maximum number of guests is 3.  Deposit Policy: The guest will be charged a prepayment of the total price of the reservation at any time.  Cancellation Policy: The guest can cancel free of charge until 7 days before arrival. The guest will be charged the total price of the reservation if they cancel in the 7 days before arrival. If the guest doesn’t show up, they will be charged the total price of the reservation.  payment_on_Booking.com (Payout type: BankTransfer)  ** THIS RESERVATION HAS BEEN PRE-PAID ** BOOKING NOTE : Payment charge is GBP 3.7472  Genius Booker ",,,,,"2026-08-12",,,,
Hotel Orlando by PLI,2025-09-05T08:12:40,020-005-402,RGH-995-978,6963906676,,Christelle,Bartosiewicz,"2026-11-06","2026-11-08",2,Quad room-Standard-Private Bathroom,,Room 4 GF,,2,2,GBP,0.00,0.00,0.00,0.00,Online,Booking.com,Booking.com,On Account,Canceled,,cbarto.994312@guest.booking.com,+33 6 09 67 48 90,,"Child Ages: 5, 7  Non-Smoking  Promos: European Economic Area  There is no meal option with this room. Children and Extra Bed Policy: Children of any age are allowed. You haven't added any cots. You haven't added any extra beds. The maximum number of guests is 4.  Deposit Policy: The guest will be charged a prepayment of the total price of the reservation at any time.  Cancellation Policy: The guest can cancel free of charge until 7 days before arrival. The guest will be charged the total price of the reservation if they cancel in the 7 days before arrival.  payment_on_Booking.com (Payout type: BankTransfer)  ** THIS RESERVATION HAS BEEN PRE-PAID ** BOOKING NOTE : Payment charge is GBP 2.064  Genius Booker ",,,,,"2025-09-05",,,,
Hotel Orlando by PLI,2026-09-02T11:20:40,139-150-632,ADG-844-376,5164693568,,Natalin,Vladeanu,"2026-11-06","2026-11-08",2,Family room-Standard-Ensuite,Non Refundable,S Room 19 BF,,2,2,GBP,300.00,200.00,180.00,120.00,Online,Booking.com,Booking.com,On Account,Confirmed,,nvlade.549637@guest.booking.com,+40 759 627 487,,"Child Ages: 10, 15  Non-Smoking  Promos: European Economic Area  There is no meal option with this room. Children and Extra Bed Policy: Children of any age are allowed. You haven't added any cots. You haven't added any extra beds. The maximum number of guests is 5.  Deposit Policy: The guest will be charged a prepayment of the total price of the reservation at any time.  Cancellation Policy: The guest can cancel free of charge until 7 days before arrival. The guest will be charged the total price of the reservation if they cancel in the 7 days before arrival. If the guest doesn’t show up, they will be charged the total price of the reservation.  payment_on_Booking.com (Payout type: BankTransfer)  ** THIS RESERVATION HAS BEEN PRE-PAID ** BOOKING NOTE : Payment charge is GBP 3.2  Genius Booker ",,,,,"2026-09-02",,,,
Hotel Orlando by PLI,2025-10-02T17:39:59,168-183-231,DIC-715-173,2302630425,,Patricia,Lavender,"2026-11-06","2026-11-07",1,Triple room-Standard-Private Bathroom,,Room 9 1st Floor,,2,0,GBP,0.00,0.00,0.00,0.00,Online,Expedia,Expedia & Affiliate Network,Pay On Arrival,Canceled,,klavender@sky.com,447976553364,,"Hotel Collect Booking - Collect Payment From Guest 30% roundtrip airport transfer discount for 2 (on request) ",,,,,"2025-10-02",,,,
Hotel Orlando by PLI,2026-04-07T21:20:23,189-213-892,NOZ-647-370,6642323114,,Nayara,Nadal Fariña,"2026-11-06","2026-11-08",2,Triple room-Standard-Ensuite,Non Refundable,S Room 34 3rd F,,3,0,GBP,166.70,166.70,146.70,20.00,Online,Booking.com,Booking.com,On Account,Confirmed,,nfarin.984492@guest.booking.com,+34 652 31 75 48,,"Non-Smoking  Promos: Mobile(App) Rate  There is no meal option with this room. Children and Extra Bed Policy: Children of any age are allowed. You haven't added any cots. You haven't added any extra beds. The maximum number of guests is 3.  Deposit Policy: The guest will be charged a prepayment of the total price of the reservation in the 5 days before arrival.  Cancellation Policy: The guest can cancel free of charge until 5 days before arrival. The guest will be charged the total price of the reservation if they cancel in the 5 days before arrival. If the guest doesn’t show up, they will be charged the total price of the reservation.  payment_on_Booking.com (Payout type: BankTransfer)  ** THIS RESERVATION HAS BEEN PRE-PAID ** BOOKING NOTE : Payment charge is GBP 2.6672  Genius Booker ",,,,,"2026-04-07",,,,
Hotel Orlando by PLI,2026-04-15T22:36:44,198-524-481,KXR-140-188,HMYPT8HSY3,,Boubou,Sow,"2026-11-06","2026-11-08",2,Family Studio SR,Non Refundable,Flat 20 ( Basement sino ),,2,1,GBP,191.20,191.20,171.20,20.00,Online,Airbnb,Airbnb,On Account,Confirmed,,,33768904222,,"Additional infants booked: 1 ",,,,,"2026-04-15",,,,
Hotel Orlando by PLI,2026-09-02T11:14:31,205-064-052,OYI-317-130,6748923312,,Alex,Mechetei,"2026-11-06","2026-11-08",2,Quad room-Standard-Private Bathroom,Base Rate,Room 9 1st Floor,,2,2,GBP,303.60,203.60,183.60,120.00,Online,Booking.com,Booking.com,On Account,Confirmed,,ameche.669834@guest.booking.com,+40 744 298 362,,"Child Ages: 10, 15  Non-Smoking  Promos: European Economic Area  There is no meal option with this room. Children and Extra Bed Policy: Children of any age are allowed. You haven't added any cots. You haven't added any extra beds. The maximum number of guests is 4.  Deposit Policy: The guest will be charged a prepayment of the total price of the reservation at any time.  Cancellation Policy: The guest can cancel free of charge until 7 days before arrival. The guest will be charged the total price of the reservation if they cancel in the 7 days before arrival. If the guest doesn’t show up, they will be charged the total price of the reservation.  payment_on_Booking.com (Payout type: BankTransfer)  ** THIS RESERVATION HAS BEEN PRE-PAID ** BOOKING NOTE : Payment charge is GBP 3.2576  Genius Booker ",,,,,"2026-09-02",,,,
Hotel Orlando by PLI,2026-09-09T19:21:49,324-006-812,FJQ-745-492,5302497014,,Naraporn,Kanhale,"2026-11-06","2026-11-09",3,Family room-Standard-Ensuite,Non Refundable,Room 3 BF W/Microwave,,5,0,GBP,381.00,281.00,261.00,120.00,Online,Booking.com,Booking.com,On Account,Confirmed,,nkanha.270649@guest.booking.com,+46 76 009 00 32,,"Non-Smoking  Promos: European Economic Area  There is no meal option with this room. Children and Extra Bed Policy: Children of any age are allowed. You haven't added any cots. You haven't added any extra beds. The maximum number of guests is 5.  Deposit Policy: The guest will be charged a prepayment of the total price of the reservation at any time.  Cancellation Policy: The guest can cancel free of charge until 7 days before arrival. The guest will be charged the total price of the reservation if they cancel in the 7 days before arrival. If the guest doesn’t show up, they will be charged the total price of the reservation.  payment_on_Booking.com (Payout type: BankTransfer)  ** THIS RESERVATION HAS BEEN PRE-PAID ** BOOKING NOTE : Payment charge is GBP 4.496  Genius Booker ",,,,,"2026-09-09",,,,
Hotel Orlando by PLI,2026-08-24T15:35:16,334-356-512,AMM-205-256,6476489870,,Karl,Elias,"2026-11-06","2026-11-08",2,Family room-Standard-Ensuite,,S Room 19 BF,,3,2,GBP,0.00,0.00,0.00,0.00,Online,Booking.com,Booking.com,On Account,Canceled,,kelias.365253@guest.booking.com,+44 7816 505285,,"Child Ages: 3, 5  Non-Smoking  Promos: Domestic  There is no meal option with this room. Children and Extra Bed Policy: Children of any age are allowed. You haven't added any cots. You haven't added any extra beds. The maximum number of guests is 5.  Deposit Policy: The guest will be charged a prepayment of the total price of the reservation at any time.  Cancellation Policy: The guest can cancel free of charge until 7 days before arrival. The guest will be charged the total price of the reservation if they cancel in the 7 days before arrival. If the guest doesn’t show up, they will be charged the total price of the reservation.  payment_on_Booking.com (Payout type: BankTransfer)  ** THIS RESERVATION HAS BEEN PRE-PAID ** Approximate time of arrival: between 16:00 and 17:00 BOOKING NOTE : Payment charge is GBP 3.1136  Genius Booker ",,,,,"2026-08-24",,,,
Hotel Orlando by PLI,2026-09-09T11:52:13,384-441-524,UXO-342-610,6829844657,,Saida,Kerada,"2026-11-06","2026-11-10",4,Quad Studio-Standard-Ensuite,Non Refundable,Flat 5 ( GF Orlando ),,4,0,GBP,458.40,358.40,338.40,120.00,Online,Booking.com,Booking.com,On Account,Confirmed,,skerad.522146@guest.booking.com,+33 6 18 36 42 31,,"Non-Smoking  Promos: European Economic Area  There is no meal option with this room. Children and Extra Bed Policy: Children of any age are allowed. You haven't added any cots. You haven't added any extra beds. The maximum number of guests is 4.  Deposit Policy: The guest will be charged a prepayment of the total price of the reservation at any time.  Cancellation Policy: The guest can cancel free of charge until 7 days before arrival. The guest will be charged the total price of the reservation if they cancel in the 7 days before arrival. If the guest doesn’t show up, they will be charged the total price of the reservation.  payment_on_Booking.com (Payout type: BankTransfer)  ** THIS RESERVATION HAS BEEN PRE-PAID ** Approximate time of arrival: between 08:00 and 09:00 BOOKING NOTE : Payment charge is GBP 5.7344  Genius Booker ",,,,,"2026-09-09",,,,
Hotel Orlando by PLI,2026-08-31T18:09:37,454-152-581,GST-798-082,6787746260,,Umar,Ibrahim Mohammad,"2026-11-06","2026-11-09",3,Double room-Ensuite,Non Refundable,S Room 35 3rd F,,2,0,GBP,315.30,215.30,195.30,120.00,Online,Booking.com,Booking.com,On Account,Confirmed,,umoham.339290@guest.booking.com,+44 7438 009652,,"Non-Smoking  Promos: Domestic  There is no meal option with this room. Children and Extra Bed Policy: Children of any age are allowed. You haven't added any cots. You haven't added any extra beds. The maximum number of guests is 2.  Deposit Policy: The guest will be charged a prepayment of the total price of the reservation at any time.  Cancellation Policy: The guest can cancel free of charge until 7 days before arrival. The guest will be charged the total price of the reservation if they cancel in the 7 days before arrival. If the guest doesn’t show up, they will be charged the total price of the reservation.  payment_on_Booking.com (Payout type: BankTransfer)  ** THIS RESERVATION HAS BEEN PRE-PAID ** BOOKING NOTE : Payment charge is GBP 3.4448 Approximate time of arrival: between 21:00 and 22:00 Me and my wife are travelling down for our first trip to London together since our wedding ceremony, we would be happy if you have any suggestions or things to make our trip a special one  Genius Booker ",,,,,"2026-08-31",,,,
Hotel Orlando by PLI,2026-09-07T20:53:57,533-331-944,MHG-427-471,5755808090,,Chanakarn,Kiettawianan,"2026-11-06","2026-11-09",3,Triple room-Standard-Private Bathroom,Base Rate,Room 8 1st Floor,,3,0,GBP,356.70,256.70,236.70,120.00,Online,Booking.com,Booking.com,On Account,Confirmed,,ckiett.345804@guest.booking.com,+46 76 557 21 26,,"Non-Smoking  Promos: European Economic Area  There is no meal option with this room. Children and Extra Bed Policy: Children of any age are allowed. You haven't added any cots. You haven't added any extra beds. The maximum number of guests is 3.  Deposit Policy: The guest will be charged a prepayment of the total price of the reservation at any time.  Cancellation Policy: The guest can cancel free of charge until 7 days before arrival. The guest will be charged the total price of the reservation if they cancel in the 7 days before arrival. If the guest doesn’t show up, they will be charged the total price of the reservation.  payment_on_Booking.com (Payout type: BankTransfer)  ** THIS RESERVATION HAS BEEN PRE-PAID ** BOOKING NOTE : Payment charge is GBP 4.1072  Genius Booker ",,,,,"2026-09-07",,,,
Hotel Orlando by PLI,2026-06-15T21:27:44,935-348-152,JGG-206-817,6825459438,,Daniela,Casado Casas,"2026-11-06","2026-11-10",4,Family room-Standard-Ensuite,,Room 3 BF W/Microwave,,3,1,GBP,0.00,0.00,0.00,0.00,Online,Booking.com,Booking.com,On Account,Canceled,,dcasas.714766@guest.booking.com,+34 645 85 75 97,,"Child Ages: 15  Non-Smoking  Promos: European Economic Area  There is no meal option with this room. Children and Extra Bed Policy: Children of any age are allowed. You haven't added any cots. You haven't added any extra beds. The maximum number of guests is 5.  Deposit Policy: The guest will be charged a prepayment of the total price of the reservation at any time.  Cancellation Policy: The guest can cancel free of charge until 7 days before arrival. The guest will be charged the total price of the reservation if they cancel in the 7 days before arrival. If the guest doesn’t show up, they will be charged the total price of the reservation.  payment_on_Booking.com (Payout type: BankTransfer)  ** THIS RESERVATION HAS BEEN PRE-PAID ** Approximate time of arrival: between 12:00 and 13:00 BOOKING NOTE : Payment charge is GBP 5.5472 ",,,,,"2026-06-15",,,,
Hotel Orlando by PLI,2026-03-07T09:34:17,941-559-552,PZB-428-301,5205732349,,Jean-Pierre,SEBERT,"2026-11-06","2026-11-09",3,Single room-Standard-Ensuite,Non Refundable,Room 15 3rd Floor,,1,0,GBP,184.70,184.70,164.70,20.00,Online,Booking.com,Booking.com,On Account,Confirmed,,jseber.450331@guest.booking.com,+33 6 76 76 49 97,,"Non-Smoking  Promos: European Economic Area  There is no meal option with this room. Children and Extra Bed Policy: Children of any age are allowed. You haven't added any cots. You haven't added any extra beds. The maximum number of guests is 1.  Deposit Policy: The guest will be charged a prepayment of the total price of the reservation in the 5 days before arrival.  Cancellation Policy: The guest can cancel free of charge until 5 days before arrival. The guest will be charged the total price of the reservation if they cancel in the 5 days before arrival. If the guest doesn’t show up, they will be charged the total price of the reservation.  payment_on_Booking.com (Payout type: BankTransfer)  ** THIS RESERVATION HAS BEEN PRE-PAID ** BOOKING NOTE : Payment charge is GBP 2.9552  Genius Booker ",,,,,"2026-03-07",,,,
Hotel Orlando by PLI,2026-09-12T08:13:37,051-993-061,ZLC-300-446,5036645866,,Dara Tawfeeq,Kaka Amin,"2026-11-07","2026-11-13",6,Quad room-Standard-Ensuite,Non Refundable,S Room 30 2nd F - W/Fridge,,2,2,GBP,618.00,518.00,498.00,120.00,Online,Booking.com,Booking.com,On Account,Confirmed,,damin.298775@guest.booking.com,+964 772 104 9555,,"Child Ages: 2, 3  payment_on_Booking.com (Payout type: BankTransfer)  Non-Smoking  ** THIS RESERVATION HAS BEEN PRE-PAID ** BOOKING NOTE : Payment charge is GBP 8.288  Genius Booker  There is no meal option with this room. Children and Extra Bed Policy: Children of any age are allowed. You haven't added any cots. You haven't added any extra beds. The maximum number of guests is 4.  Deposit Policy: The guest will be charged a prepayment of the total price of the reservation at any time.  Cancellation Policy: The guest can cancel free of charge until 7 days before arrival. The guest will be charged the total price of the reservation if they cancel in the 7 days before arrival. If the guest doesn’t show up, they will be charged the total price of the reservation.",,,,,"2026-09-12",,,,
Hotel Orlando by PLI,2026-04-30T16:42:40,533-961-302,NDM-056-817,6297075507,,Marianna,Raccis,"2026-11-07","2026-11-09",2,Triple room-Standard-Ensuite,,S Room 23 GF,,2,1,GBP,0.00,0.00,0.00,0.00,Online,Booking.com,Booking.com,On Account,Canceled,,mracci.668882@guest.booking.com,+39 342 139 3425,,"Child Ages: 10  Non-Smoking  Promos: European Economic Area  There is no meal option with this room. Children and Extra Bed Policy: Children of any age are allowed. You haven't added any cots. You haven't added any extra beds. The maximum number of guests is 3.  Deposit Policy: The guest will be charged a prepayment of the total price of the reservation at any time.  Cancellation Policy: The guest can cancel free of charge until 2 days before arrival. The guest will be charged the total price of the reservation if they cancel in the 2 days before arrival.  payment_on_Booking.com (Payout type: BankTransfer)  ** THIS RESERVATION HAS BEEN PRE-PAID ** BOOKING NOTE : Payment charge is GBP 2.4512 Approximate time of arrival: between 16:00 and 17:00  Genius Booker ",,,,,"2026-04-30",,,,
Hotel Orlando by PLI,2026-09-07T23:07:13,596-283-982,UMN-594-489,2553399794,,Brahim,Guerras,"2026-11-07","2026-11-11",4,Triple room-Standard-Ensuite,Non Refundable,S Room 33 3rd F - W/Microwave &Fridge,,2,1,GBP,384.62,284.62,264.62,120.00,Online,Expedia Affiliate Network,Expedia & Affiliate Network,On Account,Confirmed,,noreply@w2m.com,11111111111,,"1 Twin Bed and 1 Queen Bed Expedia collects payment from traveler: Hotel invoices Expedia. ",,,,,"2026-09-07",,,,
Hotel Orlando by PLI,2026-09-13T11:11:12,846-854-834,FBK-824-077,5879051090,,Nagy,Nikolett,"2026-11-07","2026-11-12",5,Quad room-Standard-Ensuite,,S Room 31 2nd FF,,3,0,GBP,0.00,0.00,0.00,0.00,Online,Booking.com,Booking.com,On Account,Canceled,,nnagy.749154@guest.booking.com,+36 30 824 8270,,"Non-Smoking  Promos: European Economic Area  There is no meal option with this room. Children and Extra Bed Policy: Children of any age are allowed. You haven't added any cots. You haven't added any extra beds. The maximum number of guests is 4.  Deposit Policy: The guest will be charged a prepayment of the total price of the reservation at any time.  Cancellation Policy: The guest can cancel free of charge until 7 days before arrival. The guest will be charged the total price of the reservation if they cancel in the 7 days before arrival. If the guest doesn’t show up, they will be charged the total price of the reservation.  payment_on_Booking.com (Payout type: BankTransfer)  ** THIS RESERVATION HAS BEEN PRE-PAID ** BOOKING NOTE : Payment charge is GBP 6.2816  Genius Booker ",,,,,"2026-09-13",,,,
Hotel Orlando by PLI,2026-09-09T07:12:04,885-949-342,BGF-919-634,5477784859,,William,Dario Lopez Fernandez,"2026-11-07","2026-11-09",2,Quad room-Standard-Ensuite,Non Refundable,S Room 21 GF - SofaBed,,2,2,GBP,275.70,175.70,155.70,120.00,Online,Booking.com,Booking.com,On Account,Confirmed,,wferna.857424@guest.booking.com,+34 611 57 82 13,,"Child Ages: 16, 8  Non-Smoking  Promos: European Economic Area  There is no meal option with this room. Children and Extra Bed Policy: Children of any age are allowed. You haven't added any cots. You haven't added any extra beds. The maximum number of guests is 4.  Deposit Policy: The guest will be charged a prepayment of the total price of the reservation at any time.  Cancellation Policy: The guest can cancel free of charge until 7 days before arrival. The guest will be charged the total price of the reservation if they cancel in the 7 days before arrival. If the guest doesn’t show up, they will be charged the total price of the reservation.  payment_on_Booking.com (Payout type: BankTransfer)  ** THIS RESERVATION HAS BEEN PRE-PAID ** BOOKING NOTE : Payment charge is GBP 2.8112  Genius Booker ",,,,,"2026-09-09",,,,
Hotel Orlando by PLI,2026-02-12T17:51:38,548-163-024,VBQ-013-488,6149883988,,Mark,Little,"2026-11-08","2026-11-11",3,Double room-Ensuite,,S Room 18 BF,,2,0,GBP,0.00,0.00,0.00,0.00,Online,Booking.com,Booking.com,On Account,Canceled,,mlittl.676395@guest.booking.com,+44 7368338413,,"Non-Smoking  Promos: Mobile(App) Rate  There is no meal option with this room. Children and Extra Bed Policy: Children of any age are allowed. You haven't added any cots. You haven't added any extra beds. The maximum number of guests is 2.  Deposit Policy: The guest will be charged a prepayment of the total price of the reservation in the 5 days before arrival.  Cancellation Policy: The guest can cancel free of charge until 5 days before arrival. The guest will be charged the total price of the reservation if they cancel in the 5 days before arrival. If the guest doesn’t show up, they will be charged the total price of the reservation.  payment_on_Booking.com (Payout type: BankTransfer)  ** THIS RESERVATION HAS BEEN PRE-PAID ** BOOKING NOTE : Payment charge is GBP 2.7816  Genius Booker ",,,,,"2026-02-12",,,,
Hotel Orlando by PLI,2026-08-02T22:24:46,945-305-511,GNM-940-329,5208408424,,Filipe,Barbosa,"2026-11-08","2026-11-11",3,Quad room-Standard-Ensuite,Non Refundable,S Room 22 GF -2Ds W/Microwave &Fridge,,2,2,GBP,317.10,217.10,197.10,120.00,Online,Booking.com,Booking.com,On Account,Confirmed,,fbarbo.133551@guest.booking.com,+49 351 932953606,,"Child Ages: 1, 4  Non-Smoking  Promos: European Economic Area  There is no meal option with this room. Children and Extra Bed Policy: Children of any age are allowed. You haven't added any cots. You haven't added any extra beds. The maximum number of guests is 4.  Deposit Policy: The guest will be charged a prepayment of the total price of the reservation at any time.  Cancellation Policy: The guest can cancel free of charge until 7 days before arrival. The guest will be charged the total price of the reservation if they cancel in the 7 days before arrival. If the guest doesn’t show up, they will be charged the total price of the reservation.  payment_on_Booking.com (Payout type: BankTransfer)  ** THIS RESERVATION HAS BEEN PRE-PAID ** BOOKING NOTE : Payment charge is GBP 3.4736  Genius Booker ",,,,,"2026-08-02",,,,
Hotel Orlando by PLI,2026-02-14T01:38:22,289-454-921,NGC-702-340,1418fb94e984-8defe62f25a52f460281ea81de424122@airbnb.com,,Reserved,iCal,"2026-11-09","2026-11-12",3,Studio-Basic-Ensuite,,Flat 24  ( GF Sino ),,1,0,GBP,0.00,0.00,0.00,0.00,iCal,ical1,,Deposit (Variable),Canceled,,,,,Reservation URL: https://www.airbnb.com/hosting/reservations/details/HM5J2QTHNK,,,,,"2026-02-14",,,,
Hotel Orlando by PLI,2026-07-22T01:54:36,338-429-861,FWV-669-017,5484607802,,Noelia,Falcón Forero,"2026-11-09","2026-11-15",6,Family room-Standard-Ensuite,Non Refundable,S Room 19 BF,,4,0,GBP,665.40,565.40,545.40,120.00,Online,Booking.com,Booking.com,On Account,Confirmed,,nforer.120169@guest.booking.com,+34 666 15 56 12,,"Non-Smoking  Promos: European Economic Area  There is no meal option with this room. Children and Extra Bed Policy: Children of any age are allowed. You haven't added any cots. You haven't added any extra beds. The maximum number of guests is 5.  Deposit Policy: The guest will be charged a prepayment of the total price of the reservation at any time.  Cancellation Policy: The guest can cancel free of charge until 7 days before arrival. The guest will be charged the total price of the reservation if they cancel in the 7 days before arrival. If the guest doesn’t show up, they will be charged the total price of the reservation.  payment_on_Booking.com (Payout type: BankTransfer)  ** THIS RESERVATION HAS BEEN PRE-PAID ** Approximate time of arrival: between 15:00 and 16:00 BOOKING NOTE : Payment charge is GBP 9.0464  Genius Booker ",,,,,"2026-07-22",,,,
Hotel Orlando by PLI,2026-02-22T20:23:55,966-621-561,FOY-298-516,5258735966,,Giulia,Tomisani,"2026-11-09","2026-11-15",6,Double room-Standard-Private Bathroom,,Room 7 Mid-First Floor,,2,0,GBP,0.00,0.00,0.00,0.00,Online,Booking.com,Booking.com,On Account,Canceled,,gtomis.206076@guest.booking.com,+39 345 763 2195,,"Non-Smoking  Promos: Mobile(App) Rate  There is no meal option with this room. Children and Extra Bed Policy: Children of any age are allowed. You haven't added any cots. You haven't added any extra beds. The maximum number of guests is 2.  Deposit Policy: The guest will be charged a prepayment of the total price of the reservation at any time.  Cancellation Policy: The guest can cancel free of charge until 7 days before arrival. The guest will be charged the total price of the reservation if they cancel in the 7 days before arrival. If the guest doesn’t show up, they will be charged the total price of the reservation.  payment_on_Booking.com (Payout type: BankTransfer)  ** THIS RESERVATION HAS BEEN PRE-PAID ** BOOKING NOTE : Payment charge is GBP 7.664  Genius Booker ",,,,,"2026-02-22",,,,
Hotel Orlando by PLI,2026-02-11T22:21:00,104-203-631,REX-139-455,5099601519,,Luisa,Abbati,"2026-11-10","2026-11-14",4,Family Studio SR,Non Refundable,Flat 20 ( Basement sino ),,3,0,GBP,411.85,0.00,391.85,20.00,Online,Booking.com,Booking.com,Pay On Arrival,Confirmed,,labbat.790877@guest.booking.com,+39 338 276 5069,,"Non-Smoking  Promos: Mobile(App) Rate  There is no meal option with this room. Children and Extra Bed Policy: Children of any age are allowed. You haven't added any extra beds. The maximum number of cots is 1. The maximum number of guests is 6.  Deposit Policy: No prepayment is needed.  Cancellation Policy: The guest can cancel free of charge at any time.  Genius Booker ",,,,,"2026-02-11",,,,
Hotel Orlando by PLI,2026-07-28T15:30:59,169-204-834,MML-381-622,2520765671,,KHONDAKER QUAMRUL,HASAN,"2026-11-10","2026-11-18",8,Double room-Ensuite,,S Room 35 3rd F,,2,0,GBP,0.00,0.00,0.00,0.00,Online,Expedia Affiliate Network,Expedia & Affiliate Network,On Account,Canceled,,booking@phoentrix.com,1111111111111,,"1 Double Bed Multi-room booking. Primary traveler:HASAN, KHONDAKER QUAMRUL. 2 of 2 rooms. Expedia collects payment from traveler: Hotel invoices Expedia. ",,,,,"2026-07-28",,,,
Hotel Orlando by PLI,2026-07-27T13:30:25,235-038-121,OUD-491-478,5318094793,,Barbara,Mitka,"2026-11-10","2026-11-14",4,Triple room-Standard-Private Bathroom,,Room 12 2nd Floor,,3,0,GBP,0.00,0.00,0.00,0.00,Online,Booking.com,Booking.com,On Account,Canceled,,bmitka.914690@guest.booking.com,+48 608 499 376,,"Non-Smoking  Promos: European Economic Area  There is no meal option with this room. Children and Extra Bed Policy: Children of any age are allowed. You haven't added any cots. You haven't added any extra beds. The maximum number of guests is 3.  Deposit Policy: The guest will be charged a prepayment of the total price of the reservation at any time.  Cancellation Policy: The guest can cancel free of charge until 7 days before arrival. The guest will be charged the total price of the reservation if they cancel in the 7 days before arrival. If the guest doesn’t show up, they will be charged the total price of the reservation.  payment_on_Booking.com (Payout type: BankTransfer)  ** THIS RESERVATION HAS BEEN PRE-PAID ** BOOKING NOTE : Payment charge is GBP 5  Genius Booker ",,,,,"2026-07-27",,,,
Hotel Orlando by PLI,2025-10-01T21:03:41,330-180-111,QLU-659-425,6654564075,,Amy,Smith,"2026-11-10","2026-11-13",3,Twin room-Standard-Private Bathroom,,Room 16 3rd Floor,,1,0,GBP,0.00,0.00,0.00,0.00,Online,Booking.com,Booking.com,On Account,Canceled,,asmith.663981@guest.booking.com,+44 7738 280225,,"Non-Smoking  Promos: Domestic  There is no meal option with this room. Children and Extra Bed Policy: Children of any age are allowed. You haven't added any cots. You haven't added any extra beds. The maximum number of guests is 2.  Deposit Policy: The guest will be charged a prepayment of the total price of the reservation at any time.  Cancellation Policy: The guest can cancel free of charge until 7 days before arrival. The guest will be charged the total price of the reservation if they cancel in the 7 days before arrival.  payment_on_Booking.com (Payout type: BankTransfer)  ** THIS RESERVATION HAS BEEN PRE-PAID ** BOOKING NOTE : Payment charge is GBP 2.064 Approximate time of arrival: between 16:00 and 17:00  Genius Booker ",,,,,"2025-10-01",,,,
Hotel Orlando by PLI,2026-08-27T08:47:35,461-526-392,FTQ-694-156,6369679017,,Arif,Kazi,"2026-11-10","2026-11-20",10,Double room-Ensuite,Non Refundable,S Room 35 3rd F,,1,0,GBP,842.00,742.00,722.00,120.00,Online,Booking.com,Booking.com,On Account,Confirmed,,akazi.742783@guest.booking.com,+91 80703 73301,,"payment_on_Booking.com (Payout type: BankTransfer)  Non-Smoking  ** THIS RESERVATION HAS BEEN PRE-PAID ** BOOKING NOTE : Payment charge is GBP 11.872  Genius Booker  There is no meal option with this room. Children and Extra Bed Policy: Children of any age are allowed. You haven't added any cots. You haven't added any extra beds. The maximum number of guests is 2.  Deposit Policy: The guest will be charged a prepayment of the total price of the reservation at any time.  Cancellation Policy: The guest can cancel free of charge until 7 days before arrival. The guest will be charged the total price of the reservation if they cancel in the 7 days before arrival. If the guest doesn’t show up, they will be charged the total price of the reservation.",,,,,"2026-08-27",,,,
Hotel Orlando by PLI,2026-03-09T04:08:01,620-952-461,EKR-583-396,5096122611,,Marie,Ohis,"2026-11-10","2026-11-16",6,Double room-Ensuite,,S Room 29 Mid 2nd F,,2,0,GBP,0.00,0.00,0.00,0.00,Online,Booking.com,Booking.com,On Account,Canceled,,mohis.299426@guest.booking.com,+61 455 830 694,,"payment_on_Booking.com (Payout type: BankTransfer)  Non-Smoking  ** THIS RESERVATION HAS BEEN PRE-PAID ** BOOKING NOTE : Payment charge is GBP 8.168  Genius Booker  Promos: Mobile(App) Rate  There is no meal option with this room. Children and Extra Bed Policy: Children of any age are allowed. You haven't added any cots. You haven't added any extra beds. The maximum number of guests is 2.  Deposit Policy: The guest will be charged a prepayment of the total price of the reservation in the 5 days before arrival.  Cancellation Policy: The guest can cancel free of charge until 5 days before arrival. The guest will be charged the total price of the reservation if they cancel in the 5 days before arrival. If the guest doesn’t show up, they will be charged the total price of the reservation.",,,,,"2026-03-09",,,,
Hotel Orlando by PLI,2026-07-28T15:30:58,680-935-932,KEL-486-160,2520765662,,KHONDAKER QUAMRUL,HASAN,"2026-11-10","2026-11-18",8,Double room-Ensuite,,S Room 35 3rd F,,2,0,GBP,0.00,0.00,0.00,0.00,Online,Expedia Affiliate Network,Expedia & Affiliate Network,On Account,Canceled,,booking@phoentrix.com,1111111111111,,"1 Double Bed Multi-room booking. Primary traveler:HASAN, KHONDAKER QUAMRUL. 1 of 2 rooms. Expedia collects payment from traveler: Hotel invoices Expedia. ",,,,,"2026-07-28",,,,
Hotel Orlando by PLI,2026-01-15T22:21:53,108-896-804,UKP-120-841,6341708098,,Bondì,Alessio,"2026-11-11","2026-11-15",4,Double room-Ensuite,,S Room 18 BF,,2,0,GBP,0.00,0.00,0.00,0.00,Online,Booking.com,Booking.com,On Account,Canceled,,baless.523728@guest.booking.com,+39 388 354 3958,,"Non-Smoking  Promos: Mobile(App) Rate  There is no meal option with this room. Children and Extra Bed Policy: Children of any age are allowed. You haven't added any cots. You haven't added any extra beds. The maximum number of guests is 2.  Deposit Policy: The guest will be charged a prepayment of the total price of the reservation at any time.  Cancellation Policy: The guest can cancel free of charge until 7 days before arrival. The guest will be charged the total price of the reservation if they cancel in the 7 days before arrival.  payment_on_Booking.com (Payout type: BankTransfer)  ** THIS RESERVATION HAS BEEN PRE-PAID ** BOOKING NOTE : Payment charge is GBP 4.264 ",,,,,"2026-01-15",,,,
Hotel Orlando by PLI,2026-02-21T14:22:07,206-814-401,DQX-227-440,6865636986,,Emilia,Zgórzyńska,"2026-11-11","2026-11-15",4,Quad room-Standard-Ensuite,Non Refundable,S Room 27 1st F  W/Fridge,,4,0,GBP,333.65,333.65,313.65,20.00,Online,Booking.com,Booking.com,On Account,Confirmed,,ezgorz.925701@guest.booking.com,+48 698 445 268,,"Non-Smoking  Promos: Mobile(App) Rate  There is no meal option with this room. Children and Extra Bed Policy: Children of any age are allowed. You haven't added any cots. You haven't added any extra beds. The maximum number of guests is 4.  Deposit Policy: The guest will be charged a prepayment of the total price of the reservation in the 5 days before arrival.  Cancellation Policy: The guest can cancel free of charge until 5 days before arrival. The guest will be charged the total price of the reservation if they cancel in the 5 days before arrival. If the guest doesn’t show up, they will be charged the total price of the reservation.  payment_on_Booking.com (Payout type: BankTransfer)  ** THIS RESERVATION HAS BEEN PRE-PAID ** BOOKING NOTE : Payment charge is GBP 5.3384  Genius Booker ",,,,,"2026-02-21",,,,
Hotel Orlando by PLI,2026-08-20T09:32:39,218-852-344,EKY-901-305,5499089742,,Aranta,Garbison Gandara,"2026-11-11","2026-11-15",4,Triple room-Standard-Ensuite,Non Refundable,S Room 23 GF,,2,1,GBP,407.10,307.10,287.10,120.00,Online,Booking.com,Booking.com,On Account,Confirmed,,aganda.898383@guest.booking.com,+34 689 48 37 76,,"Child Ages: 12  Non-Smoking  Promos: European Economic Area  There is no meal option with this room. Children and Extra Bed Policy: Children of any age are allowed. You haven't added any cots. You haven't added any extra beds. The maximum number of guests is 3.  Deposit Policy: The guest will be charged a prepayment of the total price of the reservation at any time.  Cancellation Policy: The guest can cancel free of charge until 7 days before arrival. The guest will be charged the total price of the reservation if they cancel in the 7 days before arrival. If the guest doesn’t show up, they will be charged the total price of the reservation.  payment_on_Booking.com (Payout type: BankTransfer)  ** THIS RESERVATION HAS BEEN PRE-PAID ** BOOKING NOTE : Payment charge is GBP 4.9136  Genius Booker ",,,,,"2026-08-20",,,,
Hotel Orlando by PLI,2026-08-24T14:24:00,256-942-532,SXZ-998-478,5615652423,,Aranta,Garbison Gandara,"2026-11-11","2026-11-13",2,Triple room-Standard-Ensuite,Non Refundable,S Room 33 3rd F - W/Microwave &Fridge,,2,1,GBP,250.50,150.50,130.50,120.00,Online,Booking.com,Booking.com,On Account,Confirmed,,aganda.690851@guest.booking.com,+34 689 48 37 76,,"Child Ages: 12  Non-Smoking  Promos: European Economic Area  There is no meal option with this room. Children and Extra Bed Policy: Children of any age are allowed. You haven't added any cots. You haven't added any extra beds. The maximum number of guests is 3.  Deposit Policy: The guest will be charged a prepayment of the total price of the reservation at any time.  Cancellation Policy: The guest can cancel free of charge until 7 days before arrival. The guest will be charged the total price of the reservation if they cancel in the 7 days before arrival. If the guest doesn’t show up, they will be charged the total price of the reservation.  payment_on_Booking.com (Payout type: BankTransfer)  ** THIS RESERVATION HAS BEEN PRE-PAID ** BOOKING NOTE : Payment charge is GBP 2.408  Genius Booker ",,,,,"2026-08-24",,,,
Hotel Orlando by PLI,2026-01-16T10:34:10,296-182-232,NRM-667-666,6269017652,,Bondì,Alessio,"2026-11-11","2026-11-15",4,Triple room-Standard-Ensuite,,S Room 34 3rd F,,3,0,GBP,0.00,0.00,0.00,0.00,Online,Booking.com,Booking.com,On Account,Canceled,,baless.178224@guest.booking.com,+39 388 354 3958,,"Non-Smoking  Promos: Mobile(App) Rate  There is no meal option with this room. Children and Extra Bed Policy: Children of any age are allowed. You haven't added any cots. You haven't added any extra beds. The maximum number of guests is 3.  Deposit Policy: The guest will be charged a prepayment of the total price of the reservation at any time.  Cancellation Policy: The guest can cancel free of charge until 7 days before arrival. The guest will be charged the total price of the reservation if they cancel in the 7 days before arrival.  payment_on_Booking.com (Payout type: BankTransfer)  ** THIS RESERVATION HAS BEEN PRE-PAID ** BOOKING NOTE : Payment charge is GBP 5.0664 ",,,,,"2026-01-16",,,,
Hotel Orlando by PLI,2026-04-28T12:06:12,530-632-664,UXQ-944-431,6513655876,,Noelia,Calvo Fernández,"2026-11-11","2026-11-16",5,Triple room-Standard-Ensuite,,S Room 34 3rd F,,3,0,GBP,0.00,0.00,0.00,0.00,Online,Booking.com,Booking.com,On Account,Canceled,,nferna.803091@guest.booking.com,+34 689 56 79 01,,"Non-Smoking  Promos: European Economic Area  There is no meal option with this room. Children and Extra Bed Policy: Children of any age are allowed. You haven't added any cots. You haven't added any extra beds. The maximum number of guests is 3.  Deposit Policy: The guest will be charged a prepayment of the total price of the reservation at any time.  Cancellation Policy: The guest can cancel free of charge until 2 days before arrival. The guest will be charged the total price of the reservation if they cancel in the 2 days before arrival.  payment_on_Booking.com (Payout type: BankTransfer)  ** THIS RESERVATION HAS BEEN PRE-PAID ** BOOKING NOTE : Payment charge is GBP 6.6992  Genius Booker ",,,,,"2026-04-28",,,,
Hotel Orlando by PLI,2026-09-03T11:53:21,549-419-632,RZE-970-334,2549928638,,MD SHAKIL,AHMED,"2026-11-11","2026-11-21",10,Double room-Standard-Private Bathroom,Base Rate,Room 1 BF,,2,0,GBP,839.10,0.00,719.10,120.00,Online,Expedia,Expedia & Affiliate Network,Pay On Arrival,Confirmed,,rashadulislamridoy.akbh@gmail.com,1111111111111,,"Hotel collects payment from the traveler: Advance purchase - charge now ",,,,,"2026-09-03",,,,
Hotel Orlando by PLI,2026-09-07T22:58:18,684-168-661,QDM-559-144,6873324445,,Marianne,Salas,"2026-11-11","2026-11-15",4,Double room-Standard-Private Bathroom,Non Refundable,Room 14 2nd Floor,,2,0,GBP,388.20,288.20,268.20,120.00,Online,Booking.com,Booking.com,On Account,Confirmed,,msalas.586041@guest.booking.com,+33 6 95 76 30 78,,"Non-Smoking  Promos: European Economic Area  There is no meal option with this room. Children and Extra Bed Policy: Children of any age are allowed. You haven't added any cots. You haven't added any extra beds. The maximum number of guests is 2.  Deposit Policy: The guest will be charged a prepayment of the total price of the reservation at any time.  Cancellation Policy: The guest will be charged the total price of the reservation if they cancel at any time.  payment_on_Booking.com (Payout type: BankTransfer)  ** THIS RESERVATION HAS BEEN PRE-PAID ** BOOKING NOTE : Payment charge is GBP 4.6112  Genius Booker ",,,,,"2026-09-07",,,,
Hotel Orlando by PLI,2025-09-03T13:35:38,839-305-934,SET-699-641,6454981612,,Asia,Bonamico,"2026-11-11","2026-11-14",3,Triple room-Standard-Private Bathroom,,Room 9 1st Floor,,2,0,GBP,0.00,0.00,0.00,0.00,Online,Booking.com,Booking.com,On Account,Canceled,,abonam.445062@guest.booking.com,+39 328 851 7657,,"Non-Smoking  Promos: European Economic Area  There is no meal option with this room. Children and Extra Bed Policy: Children of any age are allowed. You haven't added any cots. You haven't added any extra beds. The maximum number of guests is 3.  Deposit Policy: The guest will be charged a prepayment of the total price of the reservation at any time.  Cancellation Policy: The guest can cancel free of charge until 7 days before arrival. The guest will be charged the total price of the reservation if they cancel in the 7 days before arrival.  payment_on_Booking.com (Payout type: BankTransfer)  ** THIS RESERVATION HAS BEEN PRE-PAID ** BOOKING NOTE : Payment charge is GBP 2.52  Genius Booker ",,,,,"2025-09-03",,,,
Hotel Orlando by PLI,2026-02-21T10:47:43,986-689-654,DGN-337-773,6415232496,,Aranta,Garbison Gandara,"2026-11-11","2026-11-15",4,Triple room-Standard-Private Bathroom,,Room 13 2nd Floor,,2,1,GBP,0.00,0.00,0.00,0.00,Online,Booking.com,Booking.com,On Account,Canceled,,aganda.102386@guest.booking.com,+34 689 48 37 76,,"Child Ages: 12  Non-Smoking  Promos: Mobile(App) Rate  There is no meal option with this room. Children and Extra Bed Policy: Children of any age are allowed. You haven't added any cots. You haven't added any extra beds. The maximum number of guests is 3.  Deposit Policy: The guest will be charged a prepayment of the total price of the reservation in the 5 days before arrival.  Cancellation Policy: The guest can cancel free of charge until 5 days before arrival. The guest will be charged the total price of the reservation if they cancel in the 5 days before arrival. If the guest doesn’t show up, they will be charged the total price of the reservation.  payment_on_Booking.com (Payout type: BankTransfer)  ** THIS RESERVATION HAS BEEN PRE-PAID ** BOOKING NOTE : Payment charge is GBP 5.284  Genius Booker ",,,,,"2026-02-21",,,,
Hotel Orlando by PLI,2026-03-19T15:07:54,093-142-832,FHZ-791-729,5378060602,,incanta,carlotta,"2026-11-12","2026-11-16",4,Double room-Standard-Private Bathroom,Base Rate,Room 11 2nd Floor,,2,0,GBP,317.50,317.50,297.50,20.00,Online,Booking.com,Booking.com,On Account,Confirmed,,icarlo.427533@guest.booking.com,+39 380 789 9060,,"Non-Smoking  Promos: Mobile(App) Rate  There is no meal option with this room. Children and Extra Bed Policy: Children of any age are allowed. You haven't added any cots. You haven't added any extra beds. The maximum number of guests is 2.  Deposit Policy: The guest will be charged a prepayment of the total price of the reservation in the 5 days before arrival.  Cancellation Policy: The guest can cancel free of charge until 5 days before arrival. The guest will be charged the total price of the reservation if they cancel in the 5 days before arrival. If the guest doesn’t show up, they will be charged the total price of the reservation.  payment_on_Booking.com (Payout type: BankTransfer)  ** THIS RESERVATION HAS BEEN PRE-PAID ** BOOKING NOTE : Payment charge is GBP 5.08  Genius Booker ",,,,,"2026-03-19",,,,
Hotel Orlando by PLI,2026-08-04T14:11:49,365-212-362,OTL-030-205,5046984594,,Melany,Lopez Madolell,"2026-11-12","2026-11-15",3,Triple room-Standard-Ensuite,Non Refundable,S Room 34 3rd F,,3,0,GBP,339.60,239.60,219.60,120.00,Online,Booking.com,Booking.com,On Account,Confirmed,,mmadol.453673@guest.booking.com,+34 667 93 76 79,,"Non-Smoking  Promos: European Economic Area  There is no meal option with this room. Children and Extra Bed Policy: Children of any age are allowed. You haven't added any cots. You haven't added any extra beds. The maximum number of guests is 3.  Deposit Policy: The guest will be charged a prepayment of the total price of the reservation at any time.  Cancellation Policy: The guest can cancel free of charge until 7 days before arrival. The guest will be charged the total price of the reservation if they cancel in the 7 days before arrival. If the guest doesn’t show up, they will be charged the total price of the reservation.  payment_on_Booking.com (Payout type: BankTransfer)  ** THIS RESERVATION HAS BEEN PRE-PAID ** BOOKING NOTE : Payment charge is GBP 3.8336  Genius Booker ",,,,,"2026-08-04",,,,
Hotel Orlando by PLI,2026-08-16T12:15:29,610-633-001,WYG-433-146,6322181209,,Daniela,García González,"2026-11-12","2026-11-16",4,Triple room-Standard-Ensuite,,S Room 23 GF,,3,0,GBP,0.00,0.00,0.00,0.00,Online,Booking.com,Booking.com,On Account,Canceled,,dgonza.603792@guest.booking.com,+34 673 72 57 52,,"Non-Smoking  Promos: European Economic Area  There is no meal option with this room. Children and Extra Bed Policy: Children of any age are allowed. You haven't added any cots. You haven't added any extra beds. The maximum number of guests is 3.  Deposit Policy: The guest will be charged a prepayment of the total price of the reservation at any time.  Cancellation Policy: The guest can cancel free of charge until 7 days before arrival. The guest will be charged the total price of the reservation if they cancel in the 7 days before arrival. If the guest doesn’t show up, they will be charged the total price of the reservation.  payment_on_Booking.com (Payout type: BankTransfer)  ** THIS RESERVATION HAS BEEN PRE-PAID ** BOOKING NOTE : Payment charge is GBP 4.784  Genius Booker ",,,,,"2026-08-16",,,,
Hotel Orlando by PLI,2026-03-19T20:32:41,611-493-191,ENS-213-763,5394758216,,Maria,Elena Toma,"2026-11-12","2026-11-15",3,Family room-Standard-Ensuite,Non Refundable,Room 3 BF W/Microwave,,2,3,GBP,304.75,304.75,284.75,20.00,Online,Booking.com,Booking.com,On Account,Confirmed,,mtoma.403387@guest.booking.com,+39 338 172 4657,,"Child Ages: 10, 10, 7  Non-Smoking  Promos: Mobile(App) Rate  There is no meal option with this room. Children and Extra Bed Policy: Children of any age are allowed. You haven't added any cots. You haven't added any extra beds. The maximum number of guests is 5.  Deposit Policy: The guest will be charged a prepayment of the total price of the reservation in the 5 days before arrival.  Cancellation Policy: The guest can cancel free of charge until 5 days before arrival. The guest will be charged the total price of the reservation if they cancel in the 5 days before arrival. If the guest doesn’t show up, they will be charged the total price of the reservation.  payment_on_Booking.com (Payout type: BankTransfer)  ** THIS RESERVATION HAS BEEN PRE-PAID ** BOOKING NOTE : Payment charge is GBP 4.876  Genius Booker ",,,,,"2026-03-19",,,,
Hotel Orlando by PLI,2026-03-16T11:02:28,639-190-432,AIW-669-320,1418fb94e984-ae19b41608a7869ebe1652861cd28106@airbnb.com,,Reserved,iCal,"2026-11-12","2026-11-17",5,Studio-Basic-Ensuite,Base Rate,Flat 24  ( GF Sino ),,1,0,GBP,0.00,0.00,0.00,0.00,iCal,ical1,,Deposit (Variable),Confirmed,,,,,Reservation URL: https://www.airbnb.com/hosting/reservations/details/HMJ4T5Q5X3,,,,,"2026-03-16",,,,
Hotel Orlando by PLI,2026-04-07T13:46:47,041-843-924,HQV-182-808,5832335036,,Christopher,Blyth,"2026-11-13","2026-11-15",2,Family room-Standard-Ensuite,,S Room 19 BF,,3,0,GBP,0.00,0.00,0.00,0.00,Online,Booking.com,Booking.com,On Account,Canceled,,cblyth.807306@guest.booking.com,+44 7799 897518,,"Non-Smoking  Promos: Domestic  There is no meal option with this room. Children and Extra Bed Policy: Children of any age are allowed. You haven't added any cots. You haven't added any extra beds. The maximum number of guests is 5.  Deposit Policy: The guest will be charged a prepayment of the total price of the reservation in the 5 days before arrival.  Cancellation Policy: The guest can cancel free of charge until 5 days before arrival. The guest will be charged the total price of the reservation if they cancel in the 5 days before arrival. If the guest doesn’t show up, they will be charged the total price of the reservation.  payment_on_Booking.com (Payout type: BankTransfer)  ** THIS RESERVATION HAS BEEN PRE-PAID ** BOOKING NOTE : Payment charge is GBP 3.8768  Genius Booker ",,,,,"2026-04-07",,,,
Hotel Orlando by PLI,2026-02-28T17:17:20,068-393-991,SHH-086-884,6075174009,,Edward,On,"2026-11-13","2026-11-19",6,Double room-Ensuite,Non Refundable,S Room 18 BF,,1,0,GBP,390.60,390.60,370.60,20.00,Online,Booking.com,Booking.com,On Account,Confirmed,,eon.592244@guest.booking.com,+81 20 3564 0799,,"Non-Smoking  Promos: mobile-discount(15%)  There is no meal option with this room. Children and Extra Bed Policy: Children of any age are allowed. You haven't added any cots. You haven't added any extra beds. The maximum number of guests is 2.  Deposit Policy: The guest will be charged a prepayment of the total price of the reservation in the 5 days before arrival.  Cancellation Policy: The guest can cancel free of charge until 5 days before arrival. The guest will be charged the total price of the reservation if they cancel in the 5 days before arrival. If the guest doesn’t show up, they will be charged the total price of the reservation.  payment_on_Booking.com (Payout type: BankTransfer)  ** THIS RESERVATION HAS BEEN PRE-PAID ** BOOKING NOTE : Payment charge is GBP 6.2496 LargeBed, NonSmoke ",,,,,"2026-02-28",,,,
Hotel Orlando by PLI,2026-09-17T04:36:45,109-056-364,UMB-487-883,6934493629,,Sarah,Quainoo,"2026-11-13","2026-11-16",3,Double room-Standard-Private Bathroom,Base Rate,Room 6 GF,,2,0,GBP,352.20,252.20,232.20,120.00,Online,Booking.com,Booking.com,On Account,Confirmed,,squain.401561@guest.booking.com,+49 176 32872827,,"Non-Smoking  Promos: European Economic Area  There is no meal option with this room. Children and Extra Bed Policy: Children of any age are allowed. You haven't added any cots. You haven't added any extra beds. The maximum number of guests is 2.  Deposit Policy: The guest will be charged a prepayment of the total price of the reservation at any time.  Cancellation Policy: The guest can cancel free of charge until 7 days before arrival. The guest will be charged the total price of the reservation if they cancel in the 7 days before arrival. If the guest doesn’t show up, they will be charged the total price of the reservation.  payment_on_Booking.com (Payout type: BankTransfer)  ** THIS RESERVATION HAS BEEN PRE-PAID ** BOOKING NOTE : Payment charge is GBP 4.0352  Genius Booker ",,,,,"2026-09-17",,,,
Hotel Orlando by PLI,2026-08-31T11:04:19,112-609-831,EUU-308-323,5560706696,,ELISA,GARCIA-TABARES,"2026-11-13","2026-11-15",2,Quad room-Standard-Private Bathroom,,Room 9 1st Floor,,2,2,GBP,0.00,0.00,0.00,0.00,Online,Booking.com,Booking.com,On Account,Canceled,,egarci.642620@guest.booking.com,+34 680 25 43 46,,"Non-Smoking  Promos: European Economic Area  There is no meal option with this room. Children and Extra Bed Policy: Children of any age are allowed. You haven't added any cots. You haven't added any extra beds. The maximum number of guests is 4.  Deposit Policy: The guest will be charged a prepayment of the total price of the reservation at any time.  Cancellation Policy: The guest can cancel free of charge until 7 days before arrival. The guest will be charged the total price of the reservation if they cancel in the 7 days before arrival. If the guest doesn’t show up, they will be charged the total price of the reservation.  payment_on_Booking.com (Payout type: BankTransfer)  ** THIS RESERVATION HAS BEEN PRE-PAID ** Approximate time of arrival: between 20:00 and 21:00 BOOKING NOTE : Payment charge is GBP 3.2432  Genius Booker ",,,,,"2026-08-31",,,,
Hotel Orlando by PLI,2026-08-09T06:07:08,116-599-184,JBF-917-031,2530206147,,Rahul,Khanna,"2026-11-13","2026-11-20",7,Double room-Standard-Private Bathroom,Base Rate,Room 7 Mid-First Floor,,2,0,GBP,595.19,495.19,475.19,120.00,Online,Expedia Affiliate Network,Expedia & Affiliate Network,On Account,Confirmed,,Intlhotelops@makemytrip.com,111111111111,,"1 Queen Bed Expedia collects payment from traveler: Hotel invoices Expedia. ",,,,,"2026-08-09",,,,
Hotel Orlando by PLI,2026-09-09T10:34:59,158-611-144,QBM-769-919,5477723073,,Jake,Pollock,"2026-11-13","2026-11-15",2,Quad Studio-Standard-Ensuite,,Flat 5 ( GF Orlando ),,2,0,GBP,0.00,0.00,0.00,0.00,Online,Booking.com,Booking.com,On Account,Canceled,,jpollo.573277@guest.booking.com,+44 7497 896798,,"Non-Smoking  Promos: Domestic  There is no meal option with this room. Children and Extra Bed Policy: Children of any age are allowed. You haven't added any cots. You haven't added any extra beds. The maximum number of guests is 4.  Deposit Policy: The guest will be charged a prepayment of the total price of the reservation at any time.  Cancellation Policy: The guest can cancel free of charge until 7 days before arrival. The guest will be charged the total price of the reservation if they cancel in the 7 days before arrival. If the guest doesn’t show up, they will be charged the total price of the reservation.  payment_on_Booking.com (Payout type: BankTransfer)  ** THIS RESERVATION HAS BEEN PRE-PAID ** BOOKING NOTE : Payment charge is GBP 3.3296  Genius Booker ",,,,,"2026-09-09",,,,
Hotel Orlando by PLI,2026-09-09T17:20:02,205-608-814,OVC-826-542,6409401013,,ALESSANDRA,SCANNELLA,"2026-11-13","2026-11-16",3,Quad room-Standard-Ensuite,Non Refundable,S Room 21 GF - SofaBed,,3,1,GBP,363.90,527.80,243.90,120.00,Online,Booking.com,Booking.com,On Account,Confirmed,,ascann.572337@guest.booking.com,+39 2035640799,,"Group: 6 x Adult, 1 x Child  Child Ages: 10  Non-Smoking  Promos: European Economic Area  There is no meal option with this room. Children and Extra Bed Policy: Children of any age are allowed. You haven't added any cots. You haven't added any extra beds. The maximum number of guests is 4.  Deposit Policy: The guest will be charged a prepayment of the total price of the reservation at any time.  Cancellation Policy: The guest can cancel free of charge until 7 days before arrival. The guest will be charged the total price of the reservation if they cancel in the 7 days before arrival. If the guest doesn’t show up, they will be charged the total price of the reservation.  payment_on_Booking.com (Payout type: BankTransfer)  ** THIS RESERVATION HAS BEEN PRE-PAID ** BOOKING NOTE : Payment charge is GBP 8.4448 ",,,,,"2026-09-09",,,,
Hotel Orlando by PLI,2026-09-09T17:20:02,222-896-841,OVC-826-542,6409401013,,ALESSANDRA,SCANNELLA,"2026-11-13","2026-11-16",3,Quad room-Standard-Ensuite,Non Refundable,S Room 30 2nd F - W/Fridge,,3,0,GBP,363.90,See 205-608-814,243.90,120.00,Online,Booking.com,Booking.com,On Account,Confirmed,,ascann.572337@guest.booking.com,+39 2035640799,,"Group: 6 x Adult, 1 x Child  Non-Smoking  Promos: European Economic Area  There is no meal option with this room. Children and Extra Bed Policy: Children of any age are allowed. You haven't added any cots. You haven't added any extra beds. The maximum number of guests is 4.  Deposit Policy: The guest will be charged a prepayment of the total price of the reservation at any time.  Cancellation Policy: The guest can cancel free of charge until 7 days before arrival. The guest will be charged the total price of the reservation if they cancel in the 7 days before arrival. If the guest doesn’t show up, they will be charged the total price of the reservation.  payment_on_Booking.com (Payout type: BankTransfer)  ** THIS RESERVATION HAS BEEN PRE-PAID ** BOOKING NOTE : Payment charge is GBP 8.4448 ",,,,,"2026-09-09",,,,
Hotel Orlando by PLI,2025-07-01T00:23:01,344-298-801,GCY-748-216,6435569407,,Vihren,Peev,"2026-11-13","2026-11-16",3,Booked as: Twin-Standard-Private Bathroom,Base Rate,S Room 24 GF,,1,0,GBP,129.00,129.00,114.00,15.00,Online,Booking.com,Booking.com,On Account,Confirmed,,vpeev.841759@guest.booking.com,+44 7417 546616,,"Non-Smoking  Promos: Domestic  There is no meal option with this room. Children and Extra Bed Policy: Children of any age are allowed. You haven't added any cots. You haven't added any extra beds. The maximum number of guests is 2.  Deposit Policy: The guest will be charged a prepayment of the total price of the reservation at any time.  Cancellation Policy: The guest can cancel free of charge until 7 days before arrival. The guest will be charged the total price of the reservation if they cancel in the 7 days before arrival.  payment_on_Booking.com (Payout type: BankTransfer)  ** THIS RESERVATION HAS BEEN PRE-PAID ** BOOKING NOTE : Payment charge is GBP 2.064  Genius Booker ",,,,,"2025-06-30",,,,
Hotel Orlando by PLI,2026-08-09T06:07:13,691-933-654,ABV-647-065,2530206197,,Adwit,Mittal,"2026-11-13","2026-11-20",7,Single room-Standard-Ensuite,Non Refundable,S Room 32 2nd F,,1,0,GBP,525.87,425.87,405.87,120.00,Online,Expedia Affiliate Network,Expedia & Affiliate Network,On Account,Confirmed,,Intlhotelops@makemytrip.com,111111111111,,"1 Twin Bed Expedia collects payment from traveler: Hotel invoices Expedia. ",,,,,"2026-08-09",,,,
Hotel Orlando by PLI,2025-08-31T19:08:49,954-451-991,XFZ-592-022,6230027908,,Jade,Hewitt,"2026-11-13","2026-11-15",2,Triple room-Standard-Private Bathroom,,Room 9 1st Floor,,1,1,GBP,0.00,0.00,0.00,0.00,Online,Booking.com,Booking.com,On Account,Canceled,,jhewit.215820@guest.booking.com,+44 7745 120615,,"Child Ages: 13  Non-Smoking  Promos: Domestic  There is no meal option with this room. Children and Extra Bed Policy: Children of any age are allowed. You haven't added any cots. You haven't added any extra beds. The maximum number of guests is 3.  Deposit Policy: The guest will be charged a prepayment of the total price of the reservation at any time.  Cancellation Policy: The guest can cancel free of charge until 7 days before arrival. The guest will be charged the total price of the reservation if they cancel in the 7 days before arrival.  payment_on_Booking.com (Payout type: BankTransfer)  ** THIS RESERVATION HAS BEEN PRE-PAID ** BOOKING NOTE : Payment charge is GBP 1.76  Genius Booker ",,,,,"2025-08-31",,,,
Hotel Orlando by PLI,2026-09-09T18:47:10,015-801-284,EQK-853-989,6890806736,,Oluwakemi,Edun,"2026-11-14","2026-11-15",1,Double room-Standard-Private Bathroom,,Room 6 GF,,2,0,GBP,0.00,0.00,0.00,0.00,Online,Booking.com,Booking.com,On Account,Canceled,,oedun.180315@guest.booking.com,+44 7395 839831,,"Non-Smoking  Promos: Domestic  There is no meal option with this room. Children and Extra Bed Policy: Children of any age are allowed. You haven't added any cots. You haven't added any extra beds. The maximum number of guests is 2.  Deposit Policy: The guest will be charged a prepayment of the total price of the reservation at any time.  Cancellation Policy: The guest can cancel free of charge until 7 days before arrival. The guest will be charged the total price of the reservation if they cancel in the 7 days before arrival. If the guest doesn’t show up, they will be charged the total price of the reservation.  payment_on_Booking.com (Payout type: BankTransfer)  ** THIS RESERVATION HAS BEEN PRE-PAID ** BOOKING NOTE : Payment charge is GBP 1.6016  Genius Booker ",,,,,"2026-09-09",,,,
Hotel Orlando by PLI,2026-09-13T10:33:58,040-941-154,WRX-993-203,6727335486,,Dary,Alexis Gil Cepeda,"2026-11-14","2026-11-16",2,Quad room-Standard-Ensuite,Non Refundable,S Room 31 2nd FF,,2,2,GBP,281.10,181.10,161.10,120.00,Online,Booking.com,Booking.com,On Account,Confirmed,,dceped.914619@guest.booking.com,+34 640 62 05 33,,"Child Ages: 12, 15  Non-Smoking  Promos: European Economic Area  There is no meal option with this room. Children and Extra Bed Policy: Children of any age are allowed. You haven't added any cots. You haven't added any extra beds. The maximum number of guests is 4.  Deposit Policy: The guest will be charged a prepayment of the total price of the reservation at any time.  Cancellation Policy: The guest can cancel free of charge until 7 days before arrival. The guest will be charged the total price of the reservation if they cancel in the 7 days before arrival. If the guest doesn’t show up, they will be charged the total price of the reservation.  payment_on_Booking.com (Payout type: BankTransfer)  ** THIS RESERVATION HAS BEEN PRE-PAID ** BOOKING NOTE : Payment charge is GBP 2.8976 ",,,,,"2026-09-13",,,,
Hotel Orlando by PLI,2026-03-07T14:54:02,102-350-941,EUD-240-862,6598269258,,sara,kirkpatrick,"2026-11-14","2026-11-15",1,Double room-Ensuite,Non Refundable,S Room 17 BF,,1,0,GBP,104.60,209.20,84.60,20.00,Online,Booking.com,Booking.com,On Account,Confirmed,,skirkp.417992@guest.booking.com,+44 7884 462467,,"Group: 2 x Adult, 0 x Child  Non-Smoking  Promos: Domestic  There is no meal option with this room. Children and Extra Bed Policy: Children of any age are allowed. You haven't added any cots. You haven't added any extra beds. The maximum number of guests is 2.  Deposit Policy: The guest will be charged a prepayment of the total price of the reservation in the 5 days before arrival.  Cancellation Policy: The guest can cancel free of charge until 5 days before arrival. The guest will be charged the total price of the reservation if they cancel in the 5 days before arrival. If the guest doesn’t show up, they will be charged the total price of the reservation.  payment_on_Booking.com (Payout type: BankTransfer)  ** THIS RESERVATION HAS BEEN PRE-PAID ** Approximate time of arrival: between 22:00 and 23:00 This guest would like the rooms in this booking to be close together if possible. BOOKING NOTE : Payment charge is GBP 3.3472  Genius Booker ",,,,,"2026-03-07",,,,
Hotel Orlando by PLI,2024-11-24T11:00:45,123-843-891,OXT-294-551,4891637633,,Thomas,Walker,"2026-11-14","2026-11-15",1,Twin room-Standard-Private Bathroom,,Room 12 3rd Floor,,1,0,GBP,0.00,0.00,0.00,0.00,Online,Booking.com,Booking.com,Pay On Arrival,Canceled,,twalke.797448@guest.booking.com,+44 7855 285776,,"Non-Smoking  Collect payment from guests at your property. For cancellation and no-show fees, please visit extranet  Genius Booker  There is no meal option with this room. Children and Extra Bed Policy: Children of any age are allowed. You haven't added any cots. You haven't added any extra beds. The maximum number of guests is 2.  Deposit Policy: No prepayment is needed.  Cancellation Policy: The guest can cancel free of charge until 7 days before arrival. The guest will be charged the total price of the reservation if they cancel in the 7 days before arrival.",,,,,"2024-11-24",,,,
Hotel Orlando by PLI,2026-08-24T22:40:26,161-516-041,FLE-684-588,5623504293,,Maria,Paloma Martin Huerta,"2026-11-14","2026-11-18",4,Double room-Ensuite,Non Refundable,S Room 29 Mid 2nd F,,1,1,GBP,383.70,283.70,263.70,120.00,Online,Booking.com,Booking.com,On Account,Confirmed,,mhuert.960120@guest.booking.com,+34 642 08 24 14,,"Child Ages: 6  Non-Smoking  Promos: European Economic Area  There is no meal option with this room. Children and Extra Bed Policy: Children of any age are allowed. You haven't added any cots. You haven't added any extra beds. The maximum number of guests is 2.  Deposit Policy: The guest will be charged a prepayment of the total price of the reservation at any time.  Cancellation Policy: The guest can cancel free of charge until 7 days before arrival. The guest will be charged the total price of the reservation if they cancel in the 7 days before arrival. If the guest doesn’t show up, they will be charged the total price of the reservation.  payment_on_Booking.com (Payout type: BankTransfer)  ** THIS RESERVATION HAS BEEN PRE-PAID ** BOOKING NOTE : Payment charge is GBP 4.5392  Genius Booker ",,,,,"2026-08-24",,,,
Hotel Orlando by PLI,2025-10-17T00:05:40,226-196-982,ING-230-456,6405847541,,STAMATIA,CHOUSIADA,"2026-11-14","2026-11-22",8,Booked as: Triple-Standard-Private Bathroom,,Room 9 1st Floor,,2,0,GBP,0.00,0.00,0.00,0.00,Online,Booking.com,Booking.com,On Account,Canceled,,schous.519142@guest.booking.com,+30 697 438 7507,,"Non-Smoking  Promos: European Economic Area  There is no meal option with this room. Children and Extra Bed Policy: Children of any age are allowed. You haven't added any cots. You haven't added any extra beds. The maximum number of guests is 3.  Deposit Policy: The guest will be charged a prepayment of the total price of the reservation at any time.  Cancellation Policy: The guest can cancel free of charge until 7 days before arrival. The guest will be charged the total price of the reservation if they cancel in the 7 days before arrival.  payment_on_Booking.com (Payout type: BankTransfer)  ** THIS RESERVATION HAS BEEN PRE-PAID ** BOOKING NOTE : Payment charge is GBP 6.32  Genius Booker ",,,,,"2025-10-16",,,,
Hotel Orlando by PLI,2026-08-24T21:02:48,514-399-894,XTX-605-555,6772497342,,Maria,Paloma Martin Huerta,"2026-11-14","2026-11-18",4,Double room-Ensuite,,S Room 29 Mid 2nd F,,1,1,GBP,0.00,0.00,0.00,0.00,Online,Booking.com,Booking.com,On Account,Canceled,,Mariamartinhuerta2020@gmail.com,+34642082414,,"Child Ages: 6  Non-Smoking  Promos: European Economic Area  There is no meal option with this room. Children and Extra Bed Policy: Children of any age are allowed. You haven't added any cots. You haven't added any extra beds. The maximum number of guests is 2.  Deposit Policy: The guest will be charged a prepayment of the total price of the reservation at any time.  Cancellation Policy: The guest can cancel free of charge until 7 days before arrival. The guest will be charged the total price of the reservation if they cancel in the 7 days before arrival. If the guest doesn’t show up, they will be charged the total price of the reservation.  payment_on_Booking.com (Payout type: BankTransfer)  ** THIS RESERVATION HAS BEEN PRE-PAID ** BOOKING NOTE : Payment charge is GBP 4.496 ",,,,,"2026-08-24",,,,
Hotel Orlando by PLI,2026-09-05T15:12:36,553-135-911,AAH-882-587,2551678798,,John,Ward,"2026-11-14","2026-11-15",1,Twin room-Standard-Private Bathroom,Base Rate,Room 16 3rd Floor,,2,0,GBP,197.40,0.00,77.40,120.00,Online,Expedia,Expedia & Affiliate Network,Pay On Arrival,Confirmed,,jward234@yahoo.com,+447917792026,,"Hotel collects payment from the traveler: Advance purchase - charge now ",,,,,"2026-09-05",,,,
Hotel Orlando by PLI,2026-08-20T23:10:47,562-910-122,FTU-639-715,6868006546,,DANAI,ELENI PAPADOPOULOU,"2026-11-14","2026-11-19",5,Triple room-Standard-Ensuite,Non Refundable,S Room 33 3rd F - W/Microwave &Fridge,,3,0,GBP,479.10,379.10,359.10,120.00,Online,Booking.com,Booking.com,On Account,Confirmed,,dpapad.523565@guest.booking.com,+30 694 789 3020,,"Non-Smoking  Promos: European Economic Area  There is no meal option with this room. Children and Extra Bed Policy: Children of any age are allowed. You haven't added any cots. You haven't added any extra beds. The maximum number of guests is 3.  Deposit Policy: The guest will be charged a prepayment of the total price of the reservation at any time.  Cancellation Policy: The guest can cancel free of charge until 7 days before arrival. The guest will be charged the total price of the reservation if they cancel in the 7 days before arrival. If the guest doesn’t show up, they will be charged the total price of the reservation.  payment_on_Booking.com (Payout type: BankTransfer)  ** THIS RESERVATION HAS BEEN PRE-PAID ** BOOKING NOTE : Payment charge is GBP 6.0656  Genius Booker ",,,,,"2026-08-20",,,,
Hotel Orlando by PLI,2026-09-09T09:57:58,635-810-404,MOP-321-997,5540338096,,Stacey,Bird,"2026-11-14","2026-11-15",1,Double room-Standard-Private Bathroom,Non Refundable,Room 10 1st Floor,,2,0,GBP,193.80,93.80,73.80,120.00,Online,Booking.com,Booking.com,On Account,Confirmed,,sbird.419095@guest.booking.com,+44 7943 667724,,"Non-Smoking  Promos: Domestic  There is no meal option with this room. Children and Extra Bed Policy: Children of any age are allowed. You haven't added any cots. You haven't added any extra beds. The maximum number of guests is 2.  Deposit Policy: The guest will be charged a prepayment of the total price of the reservation at any time.  Cancellation Policy: The guest will be charged the total price of the reservation if they cancel at any time.  payment_on_Booking.com (Payout type: BankTransfer)  ** THIS RESERVATION HAS BEEN PRE-PAID ** Approximate time of arrival: between 02:00 and 03:00 BOOKING NOTE : Payment charge is GBP 1.5008  Genius Booker ",,,,,"2026-09-09",,,,
Hotel Orlando by PLI,2026-09-11T18:18:24,639-651-542,NSB-625-979,HME5NZK4MJ,,Ruquayah,Belgacemi,"2026-11-14","2026-11-15",1,Quad room-Standard-Private Bathroom,Base Rate,Room 9 1st Floor,,3,0,GBP,226.00,126.00,106.00,120.00,Online,Airbnb,Airbnb,On Account,Confirmed,,,21656587097,," ",,,,,"2026-09-11",,,,
Hotel Orlando by PLI,2026-03-07T14:54:02,654-108-462,EUD-240-862,6598269258,,sara,kirkpatrick,"2026-11-14","2026-11-15",1,Double room-Ensuite,Non Refundable,S Room 25 Mid 1st F,,1,0,GBP,104.60,See 102-350-941,84.60,20.00,Online,Booking.com,Booking.com,On Account,Confirmed,,skirkp.417992@guest.booking.com,+44 7884 462467,,"Group: 2 x Adult, 0 x Child  Non-Smoking  Promos: Domestic  There is no meal option with this room. Children and Extra Bed Policy: Children of any age are allowed. You haven't added any cots. You haven't added any extra beds. The maximum number of guests is 2.  Deposit Policy: The guest will be charged a prepayment of the total price of the reservation in the 5 days before arrival.  Cancellation Policy: The guest can cancel free of charge until 5 days before arrival. The guest will be charged the total price of the reservation if they cancel in the 5 days before arrival. If the guest doesn’t show up, they will be charged the total price of the reservation.  payment_on_Booking.com (Payout type: BankTransfer)  ** THIS RESERVATION HAS BEEN PRE-PAID ** Approximate time of arrival: between 22:00 and 23:00 This guest would like the rooms in this booking to be close together if possible. BOOKING NOTE : Payment charge is GBP 3.3472  Genius Booker ",,,,,"2026-03-07",,,,
Hotel Orlando by PLI,2026-08-04T17:35:38,660-405-211,DFY-521-272,HMW2PY8FFB,,Monica,Avedillo Saez,"2026-11-14","2026-11-17",3,Family Studio SR,Non Refundable,Flat 20 ( Basement sino ),,2,2,GBP,381.00,281.00,261.00,120.00,Online,Airbnb,Airbnb,On Account,Confirmed,,,34690209503,," ",,,,,"2026-08-04",,,,
Hotel Orlando by PLI,2026-07-27T19:01:59,815-389-301,FMY-333-145,5370066772,,SYLVESTER,OKOSODO,"2026-11-15","2026-11-28",13,Double room-Ensuite,Non Refundable,S Room 25 Mid 1st F,,1,1,GBP,1079.00,1869.00,959.00,120.00,Online,Booking.com,Booking.com,On Account,Confirmed,,sokoso.163425@guest.booking.com,+234 810 083 3673,,"Group: 2 x Adult, 1 x Child  Child Ages: 10  Non-Smoking  There is no meal option with this room. Children and Extra Bed Policy: Children of any age are allowed. You haven't added any cots. You haven't added any extra beds. The maximum number of guests is 1.  Deposit Policy: The guest will be charged a prepayment of the total price of the reservation at any time.  Cancellation Policy: The guest can cancel free of charge until 7 days before arrival. The guest will be charged the total price of the reservation if they cancel in the 7 days before arrival. If the guest doesn’t show up, they will be charged the total price of the reservation.  payment_on_Booking.com (Payout type: BankTransfer)  ** THIS RESERVATION HAS BEEN PRE-PAID ** This guest would like the rooms in this booking to be close together if possible. BOOKING NOTE : Payment charge is GBP 29.904 ",,,,,"2026-07-27",,,,
Hotel Orlando by PLI,2026-07-27T19:01:59,896-900-241,FMY-333-145,5370066772,,SYLVESTER,OKOSODO,"2026-11-15","2026-11-28",13,Single room-Standard-Ensuite,Non Refundable,Room 15 3rd Floor,,1,0,GBP,990.00,See 815-389-301,870.00,120.00,Online,Booking.com,Booking.com,On Account,Confirmed,,sokoso.163425@guest.booking.com,+234 810 083 3673,,"Group: 2 x Adult, 1 x Child  Non-Smoking  There is no meal option with this room. Children and Extra Bed Policy: Children of any age are allowed. You haven't added any cots. You haven't added any extra beds. The maximum number of guests is 1.  Deposit Policy: The guest will be charged a prepayment of the total price of the reservation at any time.  Cancellation Policy: The guest can cancel free of charge until 7 days before arrival. The guest will be charged the total price of the reservation if they cancel in the 7 days before arrival. If the guest doesn’t show up, they will be charged the total price of the reservation.  payment_on_Booking.com (Payout type: BankTransfer)  ** THIS RESERVATION HAS BEEN PRE-PAID ** This guest would like the rooms in this booking to be close together if possible. BOOKING NOTE : Payment charge is GBP 29.904 ",,,,,"2026-07-27",,,,
Hotel Orlando by PLI,2025-08-19T12:39:44,030-562-421,SHD-215-862,6722894272,,Haydn,David,"2026-11-16","2026-11-17",1,Twin room-Standard-Private Bathroom,,Room 16 3rd Floor,,2,0,GBP,0.00,0.00,0.00,0.00,Online,Booking.com,Booking.com,On Account,Canceled,,hdavid.657214@guest.booking.com,+44 7725 849380,,"Non-Smoking  Promos: Domestic  There is no meal option with this room. Children and Extra Bed Policy: Children of any age are allowed. You haven't added any cots. You haven't added any extra beds. The maximum number of guests is 2.  Deposit Policy: The guest will be charged a prepayment of the total price of the reservation at any time.  Cancellation Policy: The guest can cancel free of charge until 7 days before arrival. The guest will be charged the total price of the reservation if they cancel in the 7 days before arrival.  payment_on_Booking.com (Payout type: BankTransfer)  ** THIS RESERVATION HAS BEEN PRE-PAID ** BOOKING NOTE : Payment charge is GBP 0.848  Genius Booker ",,,,,"2025-08-19",,,,
Hotel Orlando by PLI,2026-09-07T11:01:49,036-699-961,NOM-103-737,2552929170,,Maria de las Mercedes,Maldonado Blanco,"2026-11-16","2026-11-21",5,Triple room-Standard-Private Bathroom,,Room 12 2nd Floor,,3,0,GBP,0.00,0.00,0.00,0.00,Online,Expedia Affiliate Network,Expedia & Affiliate Network,On Account,Canceled,,noreply@w2m.com,11111111111,,"1 Twin Bed and 1 Queen Bed Expedia collects payment from traveler: Hotel invoices Expedia. ",,,,,"2026-09-07",,,,
Hotel Orlando by PLI,2025-11-01T10:56:37,082-800-961,QVZ-314-630,6539049070,,atroche,doriane,"2026-11-16","2026-11-20",4,Triple room-Standard-Private Bathroom,,Room 12 2nd Floor,,2,0,GBP,0.00,0.00,0.00,0.00,Online,Booking.com,Booking.com,On Account,Canceled,,adoria.296630@guest.booking.com,+33 6 74 26 99 32,,"payment_on_Booking.com (Payout type: BankTransfer)  Non-Smoking  ** THIS RESERVATION HAS BEEN PRE-PAID ** BOOKING NOTE : Payment charge is GBP 2.96  Promos: Mobile(App) Rate  There is no meal option with this room. Children and Extra Bed Policy: Children of any age are allowed. You haven't added any cots. You haven't added any extra beds. The maximum number of guests is 3.  Deposit Policy: The guest will be charged a prepayment of the total price of the reservation at any time.  Cancellation Policy: The guest can cancel free of charge until 7 days before arrival. The guest will be charged the total price of the reservation if they cancel in the 7 days before arrival.",,,,,"2025-11-01",,,,
Hotel Orlando by PLI,2026-09-11T08:30:45,133-219-521,ZWK-904-109,6847606170,,Belinda,Diers-Hahn,"2026-11-16","2026-11-20",4,Double room-Standard-Private Bathroom,Base Rate,Room 11 2nd Floor,,2,0,GBP,412.50,312.50,292.50,120.00,Online,Booking.com,Booking.com,On Account,Confirmed,,bdiers.517274@guest.booking.com,+61 499 616 993,,"Non-Smoking  Promos: Domestic  There is no meal option with this room. Children and Extra Bed Policy: Children of any age are allowed. You haven't added any cots. You haven't added any extra beds. The maximum number of guests is 2.  Deposit Policy: The guest will be charged a prepayment of the total price of the reservation at any time.  Cancellation Policy: The guest can cancel free of charge until 7 days before arrival. The guest will be charged the total price of the reservation if they cancel in the 7 days before arrival. If the guest doesn’t show up, they will be charged the total price of the reservation.  payment_on_Booking.com (Payout type: BankTransfer)  ** THIS RESERVATION HAS BEEN PRE-PAID ** BOOKING NOTE : Payment charge is GBP 5  Genius Booker ",,,,,"2026-09-11",,,,
Hotel Orlando by PLI,2026-07-18T13:49:50,263-108-091,AQD-955-961,6425977512,,Maria,Matsoykatidou,"2026-11-16","2026-11-20",4,Triple room-Standard-Ensuite,Non Refundable,S Room 23 GF,,3,0,GBP,424.20,324.20,304.20,120.00,Online,Booking.com,Booking.com,On Account,Confirmed,,mmatso.561195@guest.booking.com,+30 693 933 9663,,"payment_on_Booking.com (Payout type: BankTransfer)  Non-Smoking  ** THIS RESERVATION HAS BEEN PRE-PAID ** BOOKING NOTE : Payment charge is GBP 5.1872  Genius Booker  Promos: Mobile(App) Rate  There is no meal option with this room. Children and Extra Bed Policy: Children of any age are allowed. You haven't added any cots. You haven't added any extra beds. The maximum number of guests is 3.  Deposit Policy: The guest will be charged a prepayment of the total price of the reservation at any time.  Cancellation Policy: The guest can cancel free of charge until 7 days before arrival. The guest will be charged the total price of the reservation if they cancel in the 7 days before arrival. If the guest doesn’t show up, they will be charged the total price of the reservation.",,,,,"2026-07-18",,,,
Hotel Orlando by PLI,2025-10-31T15:08:22,343-245-621,ZGM-312-770,5937636555,,Mantoudis,Konstantinos,"2026-11-16","2026-11-22",6,Triple room-Standard-Private Bathroom,,Room 8 1st Floor,,2,0,GBP,0.00,0.00,0.00,0.00,Online,Booking.com,Booking.com,On Account,Canceled,,mkonst.511408@guest.booking.com,+30 694 693 0990,,"Non-Smoking  Promos: Mobile(App) Rate  There is no meal option with this room. Children and Extra Bed Policy: Children of any age are allowed. You haven't added any cots. You haven't added any extra beds. The maximum number of guests is 3.  Deposit Policy: The guest will be charged a prepayment of the total price of the reservation at any time.  Cancellation Policy: The guest can cancel free of charge until 7 days before arrival. The guest will be charged the total price of the reservation if they cancel in the 7 days before arrival.  payment_on_Booking.com (Payout type: BankTransfer)  ** THIS RESERVATION HAS BEEN PRE-PAID ** BOOKING NOTE : Payment charge is GBP 4.32  Genius Booker ",,,,,"2025-10-31",,,,
Hotel Orlando by PLI,2026-09-09T19:31:39,380-193-082,BRD-085-135,5302445647,,Fatima,Ahmed,"2026-11-16","2026-11-23",7,Double room-Ensuite,Non Refundable,S Room 28 1st F,,2,0,GBP,629.40,529.40,509.40,120.00,Online,Booking.com,Booking.com,On Account,Confirmed,,fahmed.300241@guest.booking.com,+234 810 732 6489,,"Non-Smoking  Promos: Mobile(MDot) Rate  There is no meal option with this room. Children and Extra Bed Policy: Children of any age are allowed. You haven't added any cots. You haven't added any extra beds. The maximum number of guests is 2.  Deposit Policy: The guest will be charged a prepayment of the total price of the reservation at any time.  Cancellation Policy: The guest can cancel free of charge until 7 days before arrival. The guest will be charged the total price of the reservation if they cancel in the 7 days before arrival. If the guest doesn’t show up, they will be charged the total price of the reservation.  payment_on_Booking.com (Payout type: BankTransfer)  ** THIS RESERVATION HAS BEEN PRE-PAID ** Approximate time of arrival: between 15:00 and 16:00 BOOKING NOTE : Payment charge is GBP 8.4704  Genius Booker ",,,,,"2026-09-09",,,,
Hotel Orlando by PLI,2025-08-05T16:12:19,388-698-611,FRG-739-901,5291030835,,Madeleine,Julien,"2026-11-16","2026-11-19",3,Twin room-Standard-Private Bathroom,,Room 12 3rd Floor,,2,0,GBP,0.00,0.00,0.00,0.00,Online,Booking.com,Booking.com,On Account,Canceled,,mjulie.755468@guest.booking.com,+33 650730288,,"Non-Smoking  Promos: Mobile(App) Rate  There is no meal option with this room. Children and Extra Bed Policy: Children of any age are allowed. You haven't added any cots. You haven't added any extra beds. The maximum number of guests is 2.  Deposit Policy: The guest will be charged a prepayment of the total price of the reservation at any time.  Cancellation Policy: The guest can cancel free of charge until 7 days before arrival. The guest will be charged the total price of the reservation if they cancel in the 7 days before arrival.  payment_on_Booking.com (Payout type: BankTransfer)  ** THIS RESERVATION HAS BEEN PRE-PAID ** BOOKING NOTE : Payment charge is GBP 1.968  Genius Booker ",,,,,"2025-08-05",,,,
Hotel Orlando by PLI,2026-06-04T00:32:59,490-833-164,JZE-762-547,6404003033,,Marcos,Garcia,"2026-11-16","2026-11-20",4,Family Studio SR,,Flat 20 ( Basement sino ),,6,0,GBP,0.00,0.00,0.00,0.00,Online,Booking.com,Booking.com,On Account,Canceled,,sgjhcn.445865@guest.booking.com,+34 634 90 11 96,,"Non-Smoking  Promos: European Economic Area  There is no meal option with this room. Children and Extra Bed Policy: Children are not allowed. You haven't added any cots. You haven't added any extra beds. The maximum number of guests is 6.  Deposit Policy: The guest will be charged a prepayment of the total price of the reservation at any time.  Cancellation Policy: The guest can cancel free of charge until 7 days before arrival. The guest will be charged the total price of the reservation if they cancel in the 7 days before arrival. If the guest doesn’t show up, they will be charged the total price of the reservation.  payment_on_Booking.com (Payout type: BankTransfer)  ** THIS RESERVATION HAS BEEN PRE-PAID ** BOOKING NOTE : Payment charge is GBP 6.2672  Genius Booker ",,,,,"2026-06-03",,,,
Hotel Orlando by PLI,2025-10-21T22:13:57,669-095-124,YLX-360-002,5045375949,,Paula,Miranda Merinero,"2026-11-16","2026-11-17",1,Triple room-Standard-Private Bathroom,Base Rate,Room 13 2nd Floor,,3,0,GBP,57.50,57.50,42.50,15.00,Online,Booking.com,Booking.com,On Account,Confirmed,,pmerin.905473@guest.booking.com,+34 611 06 47 92,,"Non-Smoking  Promos: Mobile(App) Rate  There is no meal option with this room. Children and Extra Bed Policy: Children of any age are allowed. You haven't added any cots. You haven't added any extra beds. The maximum number of guests is 3.  Deposit Policy: The guest will be charged a prepayment of the total price of the reservation at any time.  Cancellation Policy: The guest can cancel free of charge until 7 days before arrival. The guest will be charged the total price of the reservation if they cancel in the 7 days before arrival.  payment_on_Booking.com (Payout type: BankTransfer)  ** THIS RESERVATION HAS BEEN PRE-PAID ** BOOKING NOTE : Payment charge is GBP 0.92 ",,,,,"2025-10-21",,,,
Hotel Orlando by PLI,2026-08-06T05:31:57,686-619-481,KTH-980-163,2038901674,,WED,Alessa,"2026-11-16","2026-11-20",4,Quad room-Standard-Private Bathroom,Base Rate,Room 4 GF,,4,0,GBP,433.20,666.40,313.20,120.00,Online,Agoda,Agoda,On Account,Confirmed,,06n2q1vs0000001h0zydfs1f1fc8y@agoda-messaging.com,966 532763854,,"Group: 8 x Adult, 0 x Child  Limited Time Offer. Price includes 10% discount! ",,,,,"2026-08-06",,,,
Hotel Orlando by PLI,2026-08-06T05:31:57,824-180-021,KTH-980-163,2038901674,,WED,Alessa,"2026-11-16","2026-11-20",4,Quad room-Standard-Private Bathroom,Base Rate,Room 9 1st Floor,,4,0,GBP,433.20,See 686-619-481,313.20,120.00,Online,Agoda,Agoda,On Account,Confirmed,,06n2q1vs0000001h0zydfs1f1fc8y@agoda-messaging.com,966 532763854,,"Group: 8 x Adult, 0 x Child  Limited Time Offer. Price includes 10% discount! ",,,,,"2026-08-06",,,,
Hotel Orlando by PLI,2026-06-14T09:29:52,960-118-362,KCO-018-635,5386160914,,Sara,Coppola,"2026-11-16","2026-11-23",7,Double room-Ensuite,Non Refundable,S Room 17 BF,,2,0,GBP,597.90,497.90,477.90,120.00,Online,Booking.com,Booking.com,On Account,Confirmed,,scoppo.937549@guest.booking.com,+39 329 122 4363,,"Non-Smoking  Promos: European Economic Area  There is no meal option with this room. Children and Extra Bed Policy: Children of any age are allowed. You haven't added any cots. You haven't added any extra beds. The maximum number of guests is 2.  Deposit Policy: The guest will be charged a prepayment of the total price of the reservation at any time.  Cancellation Policy: The guest can cancel free of charge until 7 days before arrival. The guest will be charged the total price of the reservation if they cancel in the 7 days before arrival. If the guest doesn’t show up, they will be charged the total price of the reservation.  payment_on_Booking.com (Payout type: BankTransfer)  ** THIS RESERVATION HAS BEEN PRE-PAID ** BOOKING NOTE : Payment charge is GBP 7.9664  Genius Booker ",,,,,"2026-06-14",,,,
Hotel Orlando by PLI,2026-08-06T21:16:54,696-448-894,YJK-287-157,1418fb94e984-92a7f9f5b685c345aa084d819089dd0d@airbnb.com,,Reserved,iCal,"2026-11-17","2026-11-20",3,Studio-Basic-Ensuite,,Flat 24  ( GF Sino ),,1,0,GBP,0.00,0.00,0.00,0.00,iCal,ical1,,Deposit (Variable),Canceled,,,,,Reservation URL: https://www.airbnb.com/hosting/reservations/details/HMF9DWMYQW,,,,,"2026-08-06",,,,
Hotel Orlando by PLI,2026-01-19T20:59:11,998-494-424,XLY-384-772,5942612352,,Ainhoa,ruiz perez,"2026-11-17","2026-11-21",4,Family room-Standard-Ensuite,,Room 3 BF,,4,0,GBP,0.00,0.00,0.00,0.00,Online,Booking.com,Booking.com,On Account,Canceled,,aperez.265410@guest.booking.com,+34 647 88 53 85,,"Non-Smoking  Promos: Mobile(App) Rate  There is no meal option with this room. Children and Extra Bed Policy: Children of any age are allowed. You haven't added any cots. You haven't added any extra beds. The maximum number of guests is 5.  Deposit Policy: The guest will be charged a prepayment of the total price of the reservation at any time.  Cancellation Policy: The guest can cancel free of charge until 7 days before arrival. The guest will be charged the total price of the reservation if they cancel in the 7 days before arrival.  payment_on_Booking.com (Payout type: BankTransfer)  ** THIS RESERVATION HAS BEEN PRE-PAID ** BOOKING NOTE : Payment charge is GBP 6.9432  Genius Booker ",,,,,"2026-01-19",,,,
Hotel Orlando by PLI,2026-09-11T09:41:09,320-822-894,JPS-323-537,6719634923,,Dasser,Diana,"2026-11-18","2026-11-22",4,Double room-Standard-Private Bathroom,Non Refundable,Room 14 2nd Floor,,2,0,GBP,426.00,326.00,306.00,120.00,Online,Booking.com,Booking.com,On Account,Confirmed,,Dasserdiana@gmail.com,+4915170859813,,"Non-Smoking  Promos: European Economic Area  There is no meal option with this room. Children and Extra Bed Policy: Children of any age are allowed. You haven't added any cots. You haven't added any extra beds. The maximum number of guests is 2.  Deposit Policy: The guest will be charged a prepayment of the total price of the reservation at any time.  Cancellation Policy: The guest will be charged the total price of the reservation if they cancel at any time.  payment_on_Booking.com (Payout type: BankTransfer)  ** THIS RESERVATION HAS BEEN PRE-PAID ** BOOKING NOTE : Payment charge is GBP 5.216  Genius Booker ",,,,,"2026-09-11",,,,
Hotel Orlando by PLI,2026-09-14T12:43:42,404-018-834,VIK-750-130,HMBHTTE3PM,,Neve,Hawking,"2026-11-18","2026-11-19",1,Family Studio SR,Non Refundable,Flat 20 ( Basement sino ),,2,0,GBP,230.00,130.00,110.00,120.00,Online,Airbnb,Airbnb,On Account,Confirmed,,,447717005637,," ",,,,,"2026-09-14",,,,
Hotel Orlando by PLI,2025-10-02T11:13:15,483-984-282,MIU-653-505,5744695584,,Alina,Benitez Alsgut,"2026-11-18","2026-11-22",4,Triple room-Standard-Private Bathroom,,Room 9 1st Floor,,2,0,GBP,0.00,0.00,0.00,0.00,Online,Booking.com,Booking.com,On Account,Canceled,,aalsgu.625622@guest.booking.com,+34 648 69 74 33,,"Non-Smoking  Promos: Mobile(App) Rate  There is no meal option with this room. Children and Extra Bed Policy: Children of any age are allowed. You haven't added any cots. You haven't added any extra beds. The maximum number of guests is 3.  Deposit Policy: The guest will be charged a prepayment of the total price of the reservation at any time.  Cancellation Policy: The guest can cancel free of charge until 7 days before arrival. The guest will be charged the total price of the reservation if they cancel in the 7 days before arrival.  payment_on_Booking.com (Payout type: BankTransfer)  ** THIS RESERVATION HAS BEEN PRE-PAID ** BOOKING NOTE : Payment charge is GBP 2.96  Genius Booker ",,,,,"2025-10-02",,,,
Hotel Orlando by PLI,2025-08-15T18:59:00,634-864-104,CAE-939-466,6186946732,,Andy,Came,"2026-11-18","2026-11-19",1,Twin room-Standard-Private Bathroom,,Room 16 3rd Floor,,1,0,GBP,0.00,0.00,0.00,0.00,Online,Booking.com,Booking.com,On Account,Canceled,,acame.960309@guest.booking.com,+44 7568 385933,,"Non-Smoking  Promos: Domestic  There is no meal option with this room. Children and Extra Bed Policy: Children of any age are allowed. You haven't added any cots. You haven't added any extra beds. The maximum number of guests is 2.  Deposit Policy: The guest will be charged a prepayment of the total price of the reservation at any time.  Cancellation Policy: The guest can cancel free of charge until 7 days before arrival. The guest will be charged the total price of the reservation if they cancel in the 7 days before arrival.  payment_on_Booking.com (Payout type: BankTransfer)  ** THIS RESERVATION HAS BEEN PRE-PAID ** BOOKING NOTE : Payment charge is GBP 0.848 Approximate time of arrival: between 21:00 and 22:00  Genius Booker ",,,,,"2025-08-15",,,,
Hotel Orlando by PLI,2026-07-08T00:09:35,926-845-591,NDO-184-158,5110104382,,Guilherme,Soares,"2026-11-18","2026-11-26",8,Triple room-Standard-Ensuite,Non Refundable,S Room 34 3rd F,,2,1,GBP,796.00,696.00,676.00,120.00,Online,Booking.com,Booking.com,On Account,Confirmed,,gsoare.510695@guest.booking.com,+55 47 99981 9255,,"Child Ages: 6  Non-Smoking  There is no meal option with this room. Children and Extra Bed Policy: Children of any age are allowed. You haven't added any cots. You haven't added any extra beds. The maximum number of guests is 3.  Deposit Policy: The guest will be charged a prepayment of the total price of the reservation at any time.  Cancellation Policy: The guest can cancel free of charge until 7 days before arrival. The guest will be charged the total price of the reservation if they cancel in the 7 days before arrival. If the guest doesn’t show up, they will be charged the total price of the reservation.  payment_on_Booking.com (Payout type: BankTransfer)  ** THIS RESERVATION HAS BEEN PRE-PAID ** Approximate time of arrival: between 18:00 and 19:00 BOOKING NOTE : Payment charge is GBP 11.136  Genius Booker ",,,,,"2026-07-07",,,,
Hotel Orlando by PLI,2026-08-25T12:03:51,280-483-292,XMC-244-254,6208195056,,Rebeca,Rodríguez,"2026-11-19","2026-11-23",4,Quad room-Standard-Ensuite,Non Refundable,S Room 27 1st F  W/Fridge,,3,0,GBP,479.10,379.10,359.10,120.00,Online,Booking.com,Booking.com,On Account,Confirmed,,rrodri.669861@guest.booking.com,+34 606 89 49 28,,"Non-Smoking  Promos: European Economic Area  There is no meal option with this room. Children and Extra Bed Policy: Children of any age are allowed. You haven't added any cots. You haven't added any extra beds. The maximum number of guests is 4.  Deposit Policy: The guest will be charged a prepayment of the total price of the reservation at any time.  Cancellation Policy: The guest can cancel free of charge until 7 days before arrival. The guest will be charged the total price of the reservation if they cancel in the 7 days before arrival. If the guest doesn’t show up, they will be charged the total price of the reservation.  payment_on_Booking.com (Payout type: BankTransfer)  ** THIS RESERVATION HAS BEEN PRE-PAID ** BOOKING NOTE : Payment charge is GBP 6.0656  Genius Booker ",,,,,"2026-08-25",,,,
Hotel Orlando by PLI,2026-06-12T22:10:36,426-440-881,DBW-358-633,5778743903,,Javier,Gallego,"2026-11-19","2026-11-24",5,Triple room-Standard-Private Bathroom,,Room 8 1st Floor,,2,0,GBP,0.00,0.00,0.00,0.00,Online,Booking.com,Booking.com,On Account,Canceled,,jgalle.469955@guest.booking.com,+34 655 13 63 90,,"Non-Smoking  Promos: European Economic Area  There is no meal option with this room. Children and Extra Bed Policy: Children are not allowed. You haven't added any cots. You haven't added any extra beds. The maximum number of guests is 3.  Deposit Policy: The guest will be charged a prepayment of the total price of the reservation at any time.  Cancellation Policy: The guest can cancel free of charge until 7 days before arrival. The guest will be charged the total price of the reservation if they cancel in the 7 days before arrival. If the guest doesn’t show up, they will be charged the total price of the reservation.  payment_on_Booking.com (Payout type: BankTransfer)  ** THIS RESERVATION HAS BEEN PRE-PAID ** BOOKING NOTE : Payment charge is GBP 6.9872 Approximate time of arrival: between 16:00 and 17:00  Genius Booker ",,,,,"2026-06-12",,,,
Hotel Orlando by PLI,2026-02-12T07:50:55,486-929-221,VBW-835-253,5193502569,,Erika,Nayibi Areiza Ramírez,"2026-11-19","2026-11-23",4,Quad room-Standard-Private Bathroom,,Room 4 GF,,2,1,GBP,0.00,0.00,0.00,0.00,Online,Booking.com,Booking.com,Pay On Arrival,Canceled,,eramir.886335@guest.booking.com,+34 691 59 20 64,,"Child Ages: 9  Non-Smoking  Promos: Mobile(App) Rate  There is no meal option with this room. Children and Extra Bed Policy: Children of any age are allowed. You haven't added any cots. You haven't added any extra beds. The maximum number of guests is 4.  Deposit Policy: No prepayment is needed.  Cancellation Policy: The guest can cancel free of charge at any time.  Genius Booker ",,,,,"2026-02-12",,,,
Hotel Orlando by PLI,2026-08-20T11:50:58,520-638-532,FOV-940-104,6135014230,,Rodrigo,Balancho,"2026-11-19","2026-11-22",3,Quad Studio-Standard-Ensuite,Non Refundable,Flat 5 ( GF Orlando ),,4,0,GBP,416.10,316.10,296.10,120.00,Online,Booking.com,Booking.com,On Account,Confirmed,,rbalan.103228@guest.booking.com,+351 915 964 980,,"Non-Smoking  Promos: European Economic Area  There is no meal option with this room. Children and Extra Bed Policy: Children of any age are allowed. You haven't added any cots. You haven't added any extra beds. The maximum number of guests is 4.  Deposit Policy: The guest will be charged a prepayment of the total price of the reservation at any time.  Cancellation Policy: The guest can cancel free of charge until 7 days before arrival. The guest will be charged the total price of the reservation if they cancel in the 7 days before arrival. If the guest doesn’t show up, they will be charged the total price of the reservation.  payment_on_Booking.com (Payout type: BankTransfer)  ** THIS RESERVATION HAS BEEN PRE-PAID ** BOOKING NOTE : Payment charge is GBP 5.0576  Genius Booker ",,,,,"2026-08-20",,,,
Hotel Orlando by PLI,2026-09-12T23:01:43,680-524-861,YYP-735-797,5791929961,,Maria,Isabel Pompa Jaime,"2026-11-19","2026-11-22",3,Quad Studio-Standard-Ensuite,Non Refundable,Flat 2 ( Basement Orlando ),,4,0,GBP,432.30,332.30,312.30,120.00,Online,Booking.com,Booking.com,On Account,Confirmed,,mjaime.918441@guest.booking.com,+34 675 22 52 53,,"Non-Smoking  Promos: European Economic Area  There is no meal option with this room. Children and Extra Bed Policy: Children of any age are allowed. You haven't added any cots. You haven't added any extra beds. The maximum number of guests is 4.  Deposit Policy: The guest will be charged a prepayment of the total price of the reservation at any time.  Cancellation Policy: The guest can cancel free of charge until 7 days before arrival. The guest will be charged the total price of the reservation if they cancel in the 7 days before arrival. If the guest doesn’t show up, they will be charged the total price of the reservation.  payment_on_Booking.com (Payout type: BankTransfer)  ** THIS RESERVATION HAS BEEN PRE-PAID ** BOOKING NOTE : Payment charge is GBP 5.3168  Genius Booker ",,,,,"2026-09-12",,,,
Hotel Orlando by PLI,2026-03-02T11:55:01,058-386-042,TKG-909-195,6417777934,,ELENA,MARTÍN MORENO,"2026-11-20","2026-11-23",3,Family room-Standard-Ensuite,Non Refundable,S Room 19 BF,,4,1,GBP,293.60,843.90,273.60,20.00,Online,Booking.com,Booking.com,On Account,Confirmed,,emoren.455441@guest.booking.com,+34 666 53 96 23,,"Group: 10 x Adult, 2 x Child  Child Ages: 14  Non-Smoking  Promos: European Economic Area  There is no meal option with this room. Children and Extra Bed Policy: Children of any age are allowed. You haven't added any cots. You haven't added any extra beds. The maximum number of guests is 5.  Deposit Policy: The guest will be charged a prepayment of the total price of the reservation in the 5 days before arrival.  Cancellation Policy: The guest can cancel free of charge until 5 days before arrival. The guest will be charged the total price of the reservation if they cancel in the 5 days before arrival. If the guest doesn’t show up, they will be charged the total price of the reservation.  payment_on_Booking.com (Payout type: BankTransfer)  ** THIS RESERVATION HAS BEEN PRE-PAID ** BOOKING NOTE : Payment charge is GBP 13.5024 This guest would like the rooms in this booking to be close together if possible.  Genius Booker ",,,,,"2026-03-02",,,,
Hotel Orlando by PLI,2026-03-22T21:01:23,058-445-384,XML-890-646,6001299335,,ELENA,MARTÍN MORENO,"2026-11-20","2026-11-23",3,Studio-Basic-Ensuite,Non Refundable,Flat 24  ( GF Sino ),,2,0,GBP,302.20,302.20,282.20,20.00,Online,Booking.com,Booking.com,On Account,Confirmed,,emoren.898055@guest.booking.com,+34 666 53 96 23,,"Non-Smoking  Promos: Mobile(App) Rate  There is no meal option with this room. Children and Extra Bed Policy: Children of any age are allowed. You haven't added any cots. You haven't added any extra beds. The maximum number of guests is 4.  Deposit Policy: The guest will be charged a prepayment of the total price of the reservation in the 5 days before arrival.  Cancellation Policy: The guest can cancel free of charge until 5 days before arrival. The guest will be charged the total price of the reservation if they cancel in the 5 days before arrival. If the guest doesn’t show up, they will be charged the total price of the reservation.  payment_on_Booking.com (Payout type: BankTransfer)  ** THIS RESERVATION HAS BEEN PRE-PAID ** BOOKING NOTE : Payment charge is GBP 4.8352  Genius Booker ",,,,,"2026-03-22",,,,
Hotel Orlando by PLI,2026-03-18T07:06:38,131-255-352,BUI-480-945,6961025970,,Rodrigo,López,"2026-11-20","2026-11-22",2,Double room-Standard-Private Bathroom,Base Rate,Room 7 Mid-First Floor,,2,0,GBP,190.00,190.00,170.00,20.00,Online,Booking.com,Booking.com,On Account,Confirmed,,rlopez.334591@guest.booking.com,+34 645 78 16 29,,"Non-Smoking  Promos: Mobile(App) Rate  There is no meal option with this room. Children and Extra Bed Policy: Children of any age are allowed. You haven't added any cots. You haven't added any extra beds. The maximum number of guests is 2.  Deposit Policy: The guest will be charged a prepayment of the total price of the reservation in the 5 days before arrival.  Cancellation Policy: The guest can cancel free of charge until 5 days before arrival. The guest will be charged the total price of the reservation if they cancel in the 5 days before arrival. If the guest doesn’t show up, they will be charged the total price of the reservation.  payment_on_Booking.com (Payout type: BankTransfer)  ** THIS RESERVATION HAS BEEN PRE-PAID ** BOOKING NOTE : Payment charge is GBP 3.04  Genius Booker ",,,,,"2026-03-18",,,,
Hotel Orlando by PLI,2026-03-02T11:55:01,138-861-431,TKG-909-195,6417777934,,ELENA,MARTÍN MORENO,"2026-11-20","2026-11-23",3,Family Studio SR,Non Refundable,Flat 20 ( Basement sino ),,4,1,GBP,320.60,See 058-386-042,300.60,20.00,Online,Booking.com,Booking.com,On Account,Confirmed,,emoren.455441@guest.booking.com,+34 666 53 96 23,,"Group: 10 x Adult, 2 x Child  Child Ages: 14  Non-Smoking  Promos: European Economic Area  There is no meal option with this room. Children and Extra Bed Policy: Children of any age are allowed. You haven't added any cots. You haven't added any extra beds. The maximum number of guests is 5.  Deposit Policy: The guest will be charged a prepayment of the total price of the reservation in the 5 days before arrival.  Cancellation Policy: The guest can cancel free of charge until 5 days before arrival. The guest will be charged the total price of the reservation if they cancel in the 5 days before arrival. If the guest doesn’t show up, they will be charged the total price of the reservation.  payment_on_Booking.com (Payout type: BankTransfer)  ** THIS RESERVATION HAS BEEN PRE-PAID ** BOOKING NOTE : Payment charge is GBP 13.5024 This guest would like the rooms in this booking to be close together if possible.  Genius Booker ",,,,,"2026-03-02",,,,
Hotel Orlando by PLI,2026-01-01T22:01:07,394-088-554,RHE-481-325,5299070554,,Dr Saoussen,Chebaiki,"2026-11-20","2026-11-24",4,Single room-Standard-Ensuite,,Room 15 3rd Floor,,1,0,GBP,0.00,0.00,0.00,0.00,Online,Booking.com,Booking.com,On Account,Canceled,,dcheba.430444@guest.booking.com,+213 661 63 82 71,,"Non-Smoking  Promos: Mobile(App) Rate  There is no meal option with this room. Children and Extra Bed Policy: Children of any age are allowed. You haven't added any cots. You haven't added any extra beds. The maximum number of guests is 1.  Deposit Policy: The guest will be charged a prepayment of the total price of the reservation at any time.  Cancellation Policy: The guest can cancel free of charge until 7 days before arrival. The guest will be charged the total price of the reservation if they cancel in the 7 days before arrival.  payment_on_Booking.com (Payout type: BankTransfer)  ** THIS RESERVATION HAS BEEN PRE-PAID ** BOOKING NOTE : Payment charge is GBP 4.2096  Genius Booker ",,,,,"2026-01-01",,,,
Hotel Orlando by PLI,2025-09-01T14:41:35,430-203-864,RGZ-641-206,6277150329,,Amelia,Woźnicka,"2026-11-20","2026-11-23",3,Triple room-Standard-Private Bathroom,,Room 9 1st Floor,,3,0,GBP,0.00,0.00,0.00,0.00,Online,Booking.com,Booking.com,On Account,Canceled,,awozni.642195@guest.booking.com,+48 534 653 604,,"Group: 6 x Adult, 0 x Child  Non-Smoking  Promos: European Economic Area  There is no meal option with this room. Children and Extra Bed Policy: Children of any age are allowed. You haven't added any cots. You haven't added any extra beds. The maximum number of guests is 3.  Deposit Policy: The guest will be charged a prepayment of the total price of the reservation at any time.  Cancellation Policy: The guest can cancel free of charge until 7 days before arrival. The guest will be charged the total price of the reservation if they cancel in the 7 days before arrival.  payment_on_Booking.com (Payout type: BankTransfer)  ** THIS RESERVATION HAS BEEN PRE-PAID ** BOOKING NOTE : Payment charge is GBP 5.04  Genius Booker ",,,,,"2025-09-01",,,,
Hotel Orlando by PLI,2026-03-02T12:13:54,484-603-522,HQA-822-298,6936502484,,ELENA,MARTÍN MORENO,"2026-11-20","2026-11-23",3,Quad room-Standard-Ensuite,Non Refundable,S Room 22 GF -2Ds W/Microwave &Fridge,,2,2,GBP,275.60,275.60,255.60,20.00,Online,Booking.com,Booking.com,On Account,Confirmed,,emoren.522497@guest.booking.com,+34 666 53 96 23,,"Child Ages: 6, 9  Non-Smoking  Promos: European Economic Area  There is no meal option with this room. Children and Extra Bed Policy: Children of any age are allowed. You haven't added any cots. You haven't added any extra beds. The maximum number of guests is 4.  Deposit Policy: The guest will be charged a prepayment of the total price of the reservation in the 5 days before arrival.  Cancellation Policy: The guest can cancel free of charge until 5 days before arrival. The guest will be charged the total price of the reservation if they cancel in the 5 days before arrival. If the guest doesn’t show up, they will be charged the total price of the reservation.  payment_on_Booking.com (Payout type: BankTransfer)  ** THIS RESERVATION HAS BEEN PRE-PAID ** BOOKING NOTE : Payment charge is GBP 4.4096  Genius Booker ",,,,,"2026-03-02",,,,
Hotel Orlando by PLI,2026-08-14T22:18:02,528-309-014,DVB-546-201,5499211271,,ANA,MARIA BUSTOS GIL,"2026-11-20","2026-11-22",2,Triple room-Standard-Private Bathroom,Base Rate,Room 8 1st Floor,,2,1,GBP,302.70,202.70,182.70,120.00,Online,Booking.com,Booking.com,On Account,Confirmed,,agil.776308@guest.booking.com,+34 626 69 55 80,,"Child Ages: 7  Non-Smoking  Promos: European Economic Area  There is no meal option with this room. Children and Extra Bed Policy: Children of any age are allowed. You haven't added any cots. You haven't added any extra beds. The maximum number of guests is 3.  Deposit Policy: The guest will be charged a prepayment of the total price of the reservation at any time.  Cancellation Policy: The guest can cancel free of charge until 7 days before arrival. The guest will be charged the total price of the reservation if they cancel in the 7 days before arrival. If the guest doesn’t show up, they will be charged the total price of the reservation.  payment_on_Booking.com (Payout type: BankTransfer)  ** THIS RESERVATION HAS BEEN PRE-PAID ** BOOKING NOTE : Payment charge is GBP 3.2432  Genius Booker ",,,,,"2026-08-14",,,,
Hotel Orlando by PLI,2025-09-01T14:41:35,564-912-542,RGZ-641-206,6277150329,,Amelia,Woźnicka,"2026-11-20","2026-11-23",3,Triple room-Standard-Private Bathroom,,Room 13 2nd Floor,,3,0,GBP,0.00,See 430-203-864,0.00,0.00,Online,Booking.com,Booking.com,On Account,Canceled,,awozni.642195@guest.booking.com,+48 534 653 604,,"Group: 6 x Adult, 0 x Child  Non-Smoking  Promos: European Economic Area  There is no meal option with this room. Children and Extra Bed Policy: Children of any age are allowed. You haven't added any cots. You haven't added any extra beds. The maximum number of guests is 3.  Deposit Policy: The guest will be charged a prepayment of the total price of the reservation at any time.  Cancellation Policy: The guest can cancel free of charge until 7 days before arrival. The guest will be charged the total price of the reservation if they cancel in the 7 days before arrival.  payment_on_Booking.com (Payout type: BankTransfer)  ** THIS RESERVATION HAS BEEN PRE-PAID ** BOOKING NOTE : Payment charge is GBP 5.04  Genius Booker ",,,,,"2025-09-01",,,,
Hotel Orlando by PLI,2026-08-16T10:42:12,629-608-221,VCM-576-154,5148133646,,Fabiola,Ruzzon,"2026-11-20","2026-11-23",3,Family room-Standard-Ensuite,Non Refundable,Room 3 BF W/Microwave,,2,3,GBP,396.30,296.30,276.30,120.00,Online,Booking.com,Booking.com,On Account,Confirmed,,fruzzo.389983@guest.booking.com,+39 338 500 0832,,"Child Ages: 1, 4, 8  Non-Smoking  Promos: European Economic Area  There is no meal option with this room. Children and Extra Bed Policy: Children of any age are allowed. You haven't added any cots. You haven't added any extra beds. The maximum number of guests is 5.  Deposit Policy: The guest will be charged a prepayment of the total price of the reservation at any time.  Cancellation Policy: The guest can cancel free of charge until 7 days before arrival. The guest will be charged the total price of the reservation if they cancel in the 7 days before arrival. If the guest doesn’t show up, they will be charged the total price of the reservation.  payment_on_Booking.com (Payout type: BankTransfer)  ** THIS RESERVATION HAS BEEN PRE-PAID ** BOOKING NOTE : Payment charge is GBP 4.7408  Genius Booker ",,,,,"2026-08-16",,,,
Hotel Orlando by PLI,2026-03-02T11:55:01,851-812-904,TKG-909-195,6417777934,,ELENA,MARTÍN MORENO,"2026-11-20","2026-11-23",3,Double room-Ensuite,Non Refundable,S Room 18 BF,,2,0,GBP,229.70,See 058-386-042,209.70,20.00,Online,Booking.com,Booking.com,On Account,Confirmed,,emoren.455441@guest.booking.com,+34 666 53 96 23,,"Group: 10 x Adult, 2 x Child  Non-Smoking  Promos: European Economic Area  There is no meal option with this room. Children and Extra Bed Policy: Children of any age are allowed. You haven't added any cots. You haven't added any extra beds. The maximum number of guests is 5.  Deposit Policy: The guest will be charged a prepayment of the total price of the reservation in the 5 days before arrival.  Cancellation Policy: The guest can cancel free of charge until 5 days before arrival. The guest will be charged the total price of the reservation if they cancel in the 5 days before arrival. If the guest doesn’t show up, they will be charged the total price of the reservation.  payment_on_Booking.com (Payout type: BankTransfer)  ** THIS RESERVATION HAS BEEN PRE-PAID ** BOOKING NOTE : Payment charge is GBP 13.5024 This guest would like the rooms in this booking to be close together if possible.  Genius Booker ",,,,,"2026-03-02",,,,
Hotel Orlando by PLI,2026-09-01T18:41:48,863-446-952,KCQ-154-054,6515407096,,Alessio,Russo,"2026-11-20","2026-11-23",3,Quad room-Standard-Private Bathroom,Base Rate,Room 9 1st Floor,,4,0,GBP,416.10,316.10,296.10,120.00,Online,Booking.com,Booking.com,On Account,Confirmed,,arusso.568035@guest.booking.com,+39 340 182 3890,,"Non-Smoking  Promos: European Economic Area  There is no meal option with this room. Children and Extra Bed Policy: Children of any age are allowed. You haven't added any cots. You haven't added any extra beds. The maximum number of guests is 4.  Deposit Policy: The guest will be charged a prepayment of the total price of the reservation at any time.  Cancellation Policy: The guest can cancel free of charge until 7 days before arrival. The guest will be charged the total price of the reservation if they cancel in the 7 days before arrival. If the guest doesn’t show up, they will be charged the total price of the reservation.  payment_on_Booking.com (Payout type: BankTransfer)  ** THIS RESERVATION HAS BEEN PRE-PAID ** Approximate time of arrival: between 16:00 and 17:00 BOOKING NOTE : Payment charge is GBP 5.0576  Genius Booker ",,,,,"2026-09-01",,,,
Hotel Orlando by PLI,2025-07-24T20:20:49,896-199-362,RGP-451-984,5798769297,,Vihren,Peev,"2026-11-20","2026-11-23",3,Twin room-Standard-Private Bathroom,Base Rate,Room 12 3rd Floor,,1,0,GBP,129.00,129.00,114.00,15.00,Online,Booking.com,Booking.com,On Account,Confirmed,,vpeev.274831@guest.booking.com,+44 7417 546616,,"Non-Smoking  Promos: Domestic  There is no meal option with this room. Children and Extra Bed Policy: Children of any age are allowed. You haven't added any cots. You haven't added any extra beds. The maximum number of guests is 2.  Deposit Policy: The guest will be charged a prepayment of the total price of the reservation at any time.  Cancellation Policy: The guest can cancel free of charge until 7 days before arrival. The guest will be charged the total price of the reservation if they cancel in the 7 days before arrival.  payment_on_Booking.com (Payout type: BankTransfer)  ** THIS RESERVATION HAS BEEN PRE-PAID ** BOOKING NOTE : Payment charge is GBP 2.064  Genius Booker ",,,,,"2025-07-24",,,,
Hotel Orlando by PLI,2025-10-13T19:49:39,983-143-542,VCC-854-686,6656214189,,Stefan,Dimov,"2026-11-20","2026-11-26",6,Triple room-Standard-Private Bathroom,,Room 13 2nd Floor,,2,0,GBP,0.00,0.00,0.00,0.00,Online,Booking.com,Booking.com,On Account,Canceled,,sdimov.479449@guest.booking.com,+359 88 880 9778,,"Non-Smoking  Promos: Mobile(App) Rate  There is no meal option with this room. Children and Extra Bed Policy: Children of any age are allowed. You haven't added any cots. You haven't added any extra beds. The maximum number of guests is 3.  Deposit Policy: The guest will be charged a prepayment of the total price of the reservation at any time.  Cancellation Policy: The guest can cancel free of charge until 7 days before arrival. The guest will be charged the total price of the reservation if they cancel in the 7 days before arrival.  payment_on_Booking.com (Payout type: BankTransfer)  ** THIS RESERVATION HAS BEEN PRE-PAID ** BOOKING NOTE : Payment charge is GBP 4.32  Genius Booker ",,,,,"2025-10-13",,,,
Hotel Orlando by PLI,2026-09-12T09:53:29,123-545-692,IDR-543-246,6237944148,,Faisal,Memon,"2026-11-21","2026-11-25",4,Quad room-Standard-Ensuite,Non Refundable,S Room 21 GF - SofaBed,,2,2,GBP,454.80,354.80,334.80,120.00,Online,Booking.com,Booking.com,On Account,Confirmed,,fmemon.613719@guest.booking.com,+92 300 8371181,,"Child Ages: 5, 6  Non-Smoking  Promos: Mobile(App) Rate  There is no meal option with this room. Children and Extra Bed Policy: Children of any age are allowed. You haven't added any cots. You haven't added any extra beds. The maximum number of guests is 4.  Deposit Policy: The guest will be charged a prepayment of the total price of the reservation at any time.  Cancellation Policy: The guest can cancel free of charge until 7 days before arrival. The guest will be charged the total price of the reservation if they cancel in the 7 days before arrival. If the guest doesn’t show up, they will be charged the total price of the reservation.  payment_on_Booking.com (Payout type: BankTransfer)  ** THIS RESERVATION HAS BEEN PRE-PAID ** BOOKING NOTE : Payment charge is GBP 5.6768  Genius Booker ",,,,,"2026-09-12",,,,
Hotel Orlando by PLI,2026-09-12T09:54:59,159-501-084,GGL-491-805,5351123349,,Maimouna,Dembele,"2026-11-21","2026-11-24",3,Triple room-Standard-Ensuite,,S Room 23 GF,,3,0,GBP,0.00,0.00,0.00,0.00,Online,Booking.com,Booking.com,On Account,Canceled,,mdembe.800403@guest.booking.com,+33 7 83 19 60 52,,"Non-Smoking  Promos: European Economic Area  There is no meal option with this room. Children and Extra Bed Policy: Children of any age are allowed. You haven't added any cots. You haven't added any extra beds. The maximum number of guests is 3.  Deposit Policy: The guest will be charged a prepayment of the total price of the reservation at any time.  Cancellation Policy: The guest can cancel free of charge until 7 days before arrival. The guest will be charged the total price of the reservation if they cancel in the 7 days before arrival. If the guest doesn’t show up, they will be charged the total price of the reservation.  payment_on_Booking.com (Payout type: BankTransfer)  ** THIS RESERVATION HAS BEEN PRE-PAID ** BOOKING NOTE : Payment charge is GBP 4.0784  Genius Booker ",,,,,"2026-09-12",,,,
Hotel Orlando by PLI,2025-09-28T04:12:09,189-983-124,KFG-768-587,6848234950,,Sandra,Sceresini,"2026-11-21","2026-11-26",5,Family room-Standard-Ensuite,,Room 3 BF,,2,3,GBP,0.00,0.00,0.00,0.00,Online,Booking.com,Booking.com,On Account,Canceled,,sscere.509783@guest.booking.com,+19295005596,,"Child Ages: 15, 15, 17  payment_on_Booking.com (Payout type: BankTransfer)  Non-Smoking  ** THIS RESERVATION HAS BEEN PRE-PAID ** BOOKING NOTE : Payment charge is GBP 9.824  Genius Booker  There is no meal option with this room. Children and Extra Bed Policy: Children of any age are allowed. You haven't added any cots. You haven't added any extra beds. The maximum number of guests is 5.  Deposit Policy: The guest will be charged a prepayment of the total price of the reservation at any time.  Cancellation Policy: The guest can cancel free of charge until 7 days before arrival. The guest will be charged the total price of the reservation if they cancel in the 7 days before arrival.",,,,,"2025-09-28",,,,
Hotel Orlando by PLI,2026-07-29T23:01:20,510-500-682,DYO-480-343,6844339144,,Giancarlo,Gozzini,"2026-11-21","2026-11-26",5,Double room-Ensuite,Non Refundable,S Room 35 3rd F,,1,0,GBP,460.20,360.20,340.20,120.00,Online,Booking.com,Booking.com,On Account,Confirmed,,ggozzi.625700@guest.booking.com,+39 339 607 7206,,"Non-Smoking  Promos: European Economic Area  There is no meal option with this room. Children and Extra Bed Policy: Children of any age are allowed. You haven't added any cots. You haven't added any extra beds. The maximum number of guests is 2.  Deposit Policy: The guest will be charged a prepayment of the total price of the reservation at any time.  Cancellation Policy: The guest can cancel free of charge until 7 days before arrival. The guest will be charged the total price of the reservation if they cancel in the 7 days before arrival. If the guest doesn’t show up, they will be charged the total price of the reservation.  payment_on_Booking.com (Payout type: BankTransfer)  ** THIS RESERVATION HAS BEEN PRE-PAID ** BOOKING NOTE : Payment charge is GBP 5.7632  Genius Booker ",,,,,"2026-07-29",,,,
Hotel Orlando by PLI,2026-08-14T18:35:14,522-448-912,MNV-218-208,5020436938,,Randa,Boulkroune,"2026-11-21","2026-12-05",14,Quad Studio-Standard-Ensuite,,Flat 5 ( GF Orlando ),,4,0,GBP,0.00,0.00,0.00,0.00,Online,Booking.com,Booking.com,On Account,Canceled,,rboulk.358359@guest.booking.com,+213 697 53 59 85,,"Non-Smoking  There is no meal option with this room. Children and Extra Bed Policy: Children of any age are allowed. You haven't added any cots. You haven't added any extra beds. The maximum number of guests is 4.  Deposit Policy: The guest will be charged a prepayment of the total price of the reservation at any time.  Cancellation Policy: The guest can cancel free of charge until 7 days before arrival. The guest will be charged the total price of the reservation if they cancel in the 7 days before arrival. If the guest doesn’t show up, they will be charged the total price of the reservation.  payment_on_Booking.com (Payout type: BankTransfer)  ** THIS RESERVATION HAS BEEN PRE-PAID ** BOOKING NOTE : Payment charge is GBP 22.912  Genius Booker ",,,,,"2026-08-14",,,,
Hotel Orlando by PLI,2025-10-25T12:04:23,545-909-294,GBK-536-910,6717738180,,ramonat,marianne,"2026-11-21","2026-11-25",4,Triple room-Standard-Private Bathroom,Base Rate,Room 13 2nd Floor,,1,1,GBP,185.00,370.00,170.00,15.00,Online,Booking.com,Booking.com,On Account,Confirmed,,rmaria.172747@guest.booking.com,+33 6 32 50 28 13,,"Group: 2 x Adult, 3 x Child  Child Ages: 10  Non-Smoking  Promos: Mobile(App) Rate  There is no meal option with this room. Children and Extra Bed Policy: Children of any age are allowed. You haven't added any cots. You haven't added any extra beds. The maximum number of guests is 3.  Deposit Policy: The guest will be charged a prepayment of the total price of the reservation at any time.  Cancellation Policy: The guest can cancel free of charge until 7 days before arrival. The guest will be charged the total price of the reservation if they cancel in the 7 days before arrival.  payment_on_Booking.com (Payout type: BankTransfer)  ** THIS RESERVATION HAS BEEN PRE-PAID ** BOOKING NOTE : Payment charge is GBP 5.92  Genius Booker ",,,,,"2025-10-25",,,,
Hotel Orlando by PLI,2025-10-25T12:04:23,694-838-992,GBK-536-910,6717738180,,ramonat,marianne,"2026-11-21","2026-11-25",4,Triple room-Standard-Private Bathroom,Base Rate,Room 12 2nd Floor,,1,2,GBP,185.00,See 545-909-294,170.00,15.00,Online,Booking.com,Booking.com,On Account,Confirmed,,rmaria.172747@guest.booking.com,+33 6 32 50 28 13,,"Group: 2 x Adult, 3 x Child  Child Ages: 11, 15  Non-Smoking  Promos: Mobile(App) Rate  There is no meal option with this room. Children and Extra Bed Policy: Children of any age are allowed. You haven't added any cots. You haven't added any extra beds. The maximum number of guests is 3.  Deposit Policy: The guest will be charged a prepayment of the total price of the reservation at any time.  Cancellation Policy: The guest can cancel free of charge until 7 days before arrival. The guest will be charged the total price of the reservation if they cancel in the 7 days before arrival.  payment_on_Booking.com (Payout type: BankTransfer)  ** THIS RESERVATION HAS BEEN PRE-PAID ** BOOKING NOTE : Payment charge is GBP 5.92  Genius Booker ",,,,,"2025-10-25",,,,
Hotel Orlando by PLI,2026-02-08T01:28:10,939-840-031,LDT-575-967,5388578769,,Giancarlo,Gozzini,"2026-11-21","2026-11-26",5,Single room-Standard-Ensuite,Non Refundable,S Room 32 2nd F,,1,0,GBP,324.30,324.30,304.30,20.00,Online,Booking.com,Booking.com,On Account,Confirmed,,ggozzi.139981@guest.booking.com,+39 339 607 7206,,"Non-Smoking  Promos: Mobile(App) Rate  There is no meal option with this room. Children and Extra Bed Policy: Children of any age are allowed. You haven't added any cots. You haven't added any extra beds. The maximum number of guests is 1.  Deposit Policy: The guest will be charged a prepayment of the total price of the reservation at any time.  Cancellation Policy: The guest can cancel free of charge until 7 days before arrival. The guest will be charged the total price of the reservation if they cancel in the 7 days before arrival.  payment_on_Booking.com (Payout type: BankTransfer)  ** THIS RESERVATION HAS BEEN PRE-PAID ** BOOKING NOTE : Payment charge is GBP 5.1888  Genius Booker ",,,,,"2026-02-08",,,,
Hotel Orlando by PLI,2026-03-22T17:06:48,953-433-001,TXD-594-139,5516547137,,Pamela,Hames,"2026-11-21","2026-11-22",1,Double room-Standard-Private Bathroom,,Room 11 2nd Floor,,2,0,GBP,0.00,0.00,0.00,0.00,Online,Booking.com,Booking.com,On Account,Canceled,,phames.264631@guest.booking.com,+44 7341 320612,,"Non-Smoking  Promos: Domestic  There is no meal option with this room. Children and Extra Bed Policy: Children of any age are allowed. You haven't added any cots. You haven't added any extra beds. The maximum number of guests is 2.  Deposit Policy: The guest will be charged a prepayment of the total price of the reservation in the 5 days before arrival.  Cancellation Policy: The guest can cancel free of charge until 5 days before arrival. The guest will be charged the total price of the reservation if they cancel in the 5 days before arrival. If the guest doesn’t show up, they will be charged the total price of the reservation.  payment_on_Booking.com (Payout type: BankTransfer)  ** THIS RESERVATION HAS BEEN PRE-PAID ** BOOKING NOTE : Payment charge is GBP 1.904  Genius Booker ",,,,,"2026-03-22",,,,
Hotel Orlando by PLI,2025-09-03T02:06:30,416-284-024,UID-411-952,6296565469,,Charlie,Patton,"2026-11-23","2026-11-24",1,Twin room-Standard-Private Bathroom,,Room 16 3rd Floor,,1,0,GBP,0.00,0.00,0.00,0.00,Online,Booking.com,Booking.com,On Account,Canceled,,cpatto.398388@guest.booking.com,+353 86 834 7019,,"Non-Smoking  Promos: European Economic Area  There is no meal option with this room. Children and Extra Bed Policy: Children of any age are allowed. You haven't added any cots. You haven't added any extra beds. The maximum number of guests is 2.  Deposit Policy: The guest will be charged a prepayment of the total price of the reservation at any time.  Cancellation Policy: The guest can cancel free of charge until 7 days before arrival. The guest will be charged the total price of the reservation if they cancel in the 7 days before arrival.  payment_on_Booking.com (Payout type: BankTransfer)  ** THIS RESERVATION HAS BEEN PRE-PAID ** BOOKING NOTE : Payment charge is GBP 0.848  Genius Booker ",,,,,"2025-09-03",,,,
Hotel Orlando by PLI,2026-06-17T12:01:01,493-136-931,TMQ-462-080,6891682467,,Rachel,Lau,"2026-11-23","2026-11-27",4,Family room-Standard-Ensuite,Non Refundable,S Room 19 BF,,5,0,GBP,480.00,380.00,360.00,120.00,Online,Booking.com,Booking.com,On Account,Confirmed,,rlau.754454@guest.booking.com,+44 7887 000462,,"Non-Smoking  Promos: Domestic  There is no meal option with this room. Children and Extra Bed Policy: Children of any age are allowed. You haven't added any cots. You haven't added any extra beds. The maximum number of guests is 5.  Deposit Policy: The guest will be charged a prepayment of the total price of the reservation at any time.  Cancellation Policy: The guest can cancel free of charge until 7 days before arrival. The guest will be charged the total price of the reservation if they cancel in the 7 days before arrival. If the guest doesn’t show up, they will be charged the total price of the reservation.  payment_on_Booking.com (Payout type: BankTransfer)  ** THIS RESERVATION HAS BEEN PRE-PAID ** BOOKING NOTE : Payment charge is GBP 6.08 Approximate time of arrival: between 13:00 and 14:00  Genius Booker ",,,,,"2026-06-17",,,,
Hotel Orlando by PLI,2026-09-06T14:12:19,063-954-231,TRO-904-434,5798351770,,Matt,Davey,"2026-11-24","2026-11-25",1,Twin room-Standard-Private Bathroom,Base Rate,Room 16 3rd Floor,,2,0,GBP,194.70,94.70,74.70,120.00,Online,Booking.com,Booking.com,On Account,Confirmed,,Lobbyman1969@gmail.com,+447508892398,,"Non-Smoking  Promos: Domestic  There is no meal option with this room. Children and Extra Bed Policy: Children of any age are allowed. You haven't added any cots. You haven't added any extra beds. The maximum number of guests is 2.  Deposit Policy: The guest will be charged a prepayment of the total price of the reservation at any time.  Cancellation Policy: The guest can cancel free of charge until 7 days before arrival. The guest will be charged the total price of the reservation if they cancel in the 7 days before arrival. If the guest doesn’t show up, they will be charged the total price of the reservation.  payment_on_Booking.com (Payout type: BankTransfer)  ** THIS RESERVATION HAS BEEN PRE-PAID ** BOOKING NOTE : Payment charge is GBP 1.5152  Genius Booker ",,,,,"2026-09-06",,,,
Hotel Orlando by PLI,2026-03-28T18:07:07,240-460-111,YKU-810-994,6618917351,,Leona,Wiggenhagen,"2026-11-24","2026-11-30",6,Quad Studio-Standard-Ensuite,,Flat 2 ( Basement Orlando ),,2,0,GBP,0.00,0.00,0.00,0.00,Online,Booking.com,Booking.com,On Account,Canceled,,lwigge.875799@guest.booking.com,+49 4474 47388130,,"Non-Smoking  Promos: Domestic  There is no meal option with this room. Children and Extra Bed Policy: Children of any age are allowed. You haven't added any cots. You haven't added any extra beds. The maximum number of guests is 4.  Deposit Policy: The guest will be charged a prepayment of the total price of the reservation in the 5 days before arrival.  Cancellation Policy: The guest can cancel free of charge until 5 days before arrival. The guest will be charged the total price of the reservation if they cancel in the 5 days before arrival. If the guest doesn’t show up, they will be charged the total price of the reservation.  payment_on_Booking.com (Payout type: BankTransfer)  ** THIS RESERVATION HAS BEEN PRE-PAID ** BOOKING NOTE : Payment charge is GBP 9.824  Genius Booker ",,,,,"2026-03-28",,,,
Hotel Orlando by PLI,2025-10-19T10:15:18,354-929-851,JHQ-711-213,5332368845,,Amy,Smith,"2026-11-24","2026-11-27",3,Twin room-Standard-Private Bathroom,,Room 16 3rd Floor,,1,0,GBP,0.00,0.00,0.00,0.00,Online,Booking.com,Booking.com,On Account,Canceled,,asmith.934680@guest.booking.com,+44 7738280225,,"Non-Smoking  Promos: Mobile(App) Rate  There is no meal option with this room. Children and Extra Bed Policy: Children of any age are allowed. You haven't added any cots. You haven't added any extra beds. The maximum number of guests is 2.  Deposit Policy: The guest will be charged a prepayment of the total price of the reservation at any time.  Cancellation Policy: The guest can cancel free of charge until 7 days before arrival. The guest will be charged the total price of the reservation if they cancel in the 7 days before arrival.  payment_on_Booking.com (Payout type: BankTransfer)  ** THIS RESERVATION HAS BEEN PRE-PAID ** BOOKING NOTE : Payment charge is GBP 1.872  Genius Booker ",,,,,"2025-10-19",,,,
Hotel Orlando by PLI,2025-11-20T11:55:14,465-644-951,NWR-638-337,5358053880,,Martin,Robertson,"2026-11-24","2026-11-25",1,Triple room-Standard-Private Bathroom,Base Rate,Room 8 1st Floor,,2,0,GBP,62.50,62.50,42.50,20.00,Online,Booking.com,Booking.com,On Account,Confirmed,,mrober.551892@guest.booking.com,+44 7806 610147,,"Non-Smoking  Promos: Mobile(App) Rate  There is no meal option with this room. Children and Extra Bed Policy: Children of any age are allowed. You haven't added any cots. You haven't added any extra beds. The maximum number of guests is 3.  Deposit Policy: The guest will be charged a prepayment of the total price of the reservation at any time.  Cancellation Policy: The guest can cancel free of charge until 7 days before arrival. The guest will be charged the total price of the reservation if they cancel in the 7 days before arrival.  payment_on_Booking.com (Payout type: BankTransfer)  ** THIS RESERVATION HAS BEEN PRE-PAID ** BOOKING NOTE : Payment charge is GBP 1  Genius Booker ",,,,,"2025-11-20",,,,
Hotel Orlando by PLI,2026-08-23T18:28:25,525-036-251,BPG-635-915,6874748564,,Amanda,Garcia,"2026-11-24","2026-11-28",4,Family room-Standard-Ensuite,Non Refundable,Room 3 BF W/Microwave,,4,1,GBP,475.50,375.50,355.50,120.00,Online,Booking.com,Booking.com,On Account,Confirmed,,mpqvwd.872572@guest.booking.com,+34 683 34 21 79,,"Child Ages: 15  Non-Smoking  Promos: European Economic Area  There is no meal option with this room. Children and Extra Bed Policy: Children of any age are allowed. You haven't added any cots. You haven't added any extra beds. The maximum number of guests is 5.  Deposit Policy: The guest will be charged a prepayment of the total price of the reservation at any time.  Cancellation Policy: The guest can cancel free of charge until 7 days before arrival. The guest will be charged the total price of the reservation if they cancel in the 7 days before arrival. If the guest doesn’t show up, they will be charged the total price of the reservation.  payment_on_Booking.com (Payout type: BankTransfer)  ** THIS RESERVATION HAS BEEN PRE-PAID ** BOOKING NOTE : Payment charge is GBP 6.008  Genius Booker ",,,,,"2026-08-23",,,,
Hotel Orlando by PLI,2026-04-30T04:00:35,683-863-392,IKB-056-497,5112483691,,Christopher,Ladbrook,"2026-11-24","2026-11-27",3,Quad Studio-Standard-Ensuite,,Flat 2 ( Basement Orlando ),,2,1,GBP,0.00,0.00,0.00,0.00,Online,Booking.com,Booking.com,On Account,Canceled,,cladbr.464606@guest.booking.com,+44 7970 392146,,"Child Ages: 4  Non-Smoking  Promos: Domestic  There is no meal option with this room. Children and Extra Bed Policy: Children of any age are allowed. You haven't added any cots. You haven't added any extra beds. The maximum number of guests is 4.  Deposit Policy: The guest will be charged a prepayment of the total price of the reservation at any time.  Cancellation Policy: The guest can cancel free of charge until 2 days before arrival. The guest will be charged the total price of the reservation if they cancel in the 2 days before arrival.  payment_on_Booking.com (Payout type: BankTransfer)  ** THIS RESERVATION HAS BEEN PRE-PAID ** BOOKING NOTE : Payment charge is GBP 5.0144 Approximate time of arrival: between 15:00 and 16:00  Genius Booker ",,,,,"2026-04-30",,,,
Hotel Orlando by PLI,2025-11-20T07:58:03,816-322-221,TKO-541-006,5412504858,,Karen,Jones,"2026-11-24","2026-11-25",1,Booked as: Triple-Standard-Private Bathroom,,Room 9 1st Floor,,2,0,GBP,0.00,0.00,0.00,0.00,Online,Booking.com,Booking.com,On Account,Canceled,,kjones.726454@guest.booking.com,+44 7973654770,,"payment_on_Booking.com (Payout type: BankTransfer)  Non-Smoking  ** THIS RESERVATION HAS BEEN PRE-PAID ** BOOKING NOTE : Payment charge is GBP 1  Genius Booker  Promos: Mobile(App) Rate  There is no meal option with this room. Children and Extra Bed Policy: Children of any age are allowed. You haven't added any cots. You haven't added any extra beds. The maximum number of guests is 3.  Deposit Policy: The guest will be charged a prepayment of the total price of the reservation at any time.  Cancellation Policy: The guest can cancel free of charge until 7 days before arrival. The guest will be charged the total price of the reservation if they cancel in the 7 days before arrival.",,,,,"2025-11-20",,,,
Hotel Orlando by PLI,2026-01-05T11:13:58,859-492-931,ZSW-558-340,5553488318,,Amanda,Garcia,"2026-11-24","2026-11-28",4,Family Studio SR,,Flat 20 ( Basement sino ),,5,0,GBP,0.00,0.00,0.00,0.00,Online,Booking.com,Booking.com,On Account,Canceled,,vdqthg.172651@guest.booking.com,+34 683 34 21 79,,"payment_on_Booking.com (Payout type: BankTransfer)  Non-Smoking  ** THIS RESERVATION HAS BEEN PRE-PAID ** BOOKING NOTE : Payment charge is GBP 7.2016  Genius Booker  Promos: Mobile(App) Rate  There is no meal option with this room. Children and Extra Bed Policy: Children of any age are allowed. You haven't added any extra beds. The maximum number of cots is 1. The maximum number of guests is 6.  Deposit Policy: The guest will be charged a prepayment of the total price of the reservation at any time.  Cancellation Policy: The guest can cancel free of charge until 2 days before arrival. The guest will be charged the total price of the reservation if they cancel in the 2 days before arrival.",,,,,"2026-01-05",,,,
Hotel Orlando by PLI,2026-02-03T12:43:49,035-110-491,DKF-461-366,1418fb94e984-740f3d0dcb68fca37252ba3fc0c4142f@airbnb.com,,Reserved,iCal,"2026-11-25","2026-11-29",4,Studio-Basic-Ensuite,Base Rate,Flat 24  ( GF Sino ),,1,0,GBP,0.00,0.00,0.00,0.00,iCal,ical1,,Deposit (Variable),Confirmed,,,,,Reservation URL: https://www.airbnb.com/hosting/reservations/details/HMSQP24TBR,,,,,"2026-02-03",,,,
Hotel Orlando by PLI,2026-09-08T09:05:22,249-309-292,TZV-753-424,5606988566,,Ahmet,Ferizolli,"2026-11-25","2026-11-29",4,Quad room-Standard-Ensuite,Non Refundable,S Room 27 1st F  W/Fridge,,2,2,GBP,519.00,419.00,399.00,120.00,Online,Booking.com,Booking.com,On Account,Confirmed,,aferiz.848528@guest.booking.com,+355 68 325 9596,,"Child Ages: 4, 7  payment_on_Booking.com (Payout type: BankTransfer)  Non-Smoking  ** THIS RESERVATION HAS BEEN PRE-PAID ** BOOKING NOTE : Payment charge is GBP 6.704  Genius Booker  There is no meal option with this room. Children and Extra Bed Policy: Children of any age are allowed. You haven't added any cots. You haven't added any extra beds. The maximum number of guests is 4.  Deposit Policy: The guest will be charged a prepayment of the total price of the reservation at any time.  Cancellation Policy: The guest can cancel free of charge until 7 days before arrival. The guest will be charged the total price of the reservation if they cancel in the 7 days before arrival. If the guest doesn’t show up, they will be charged the total price of the reservation.",,,,,"2026-09-08",,,,
Hotel Orlando by PLI,2025-11-27T10:46:36,484-930-981,XNO-589-166,1418fb94e984-740f3d0dcb68fca37252ba3fc0c4142f@airbnb.com,,Reserved,iCal,"2026-11-25","2026-11-29",4,Studio-Basic-Ensuite,,Flat 24  ( GF Sino ),,1,0,GBP,0.00,0.00,0.00,0.00,iCal,ical1,,Deposit (Variable),Canceled,,,,,Reservation URL: https://www.airbnb.com/hosting/reservations/details/HMSQP24TBR,,,,,"2025-11-27",,,,
Hotel Orlando by PLI,2026-08-24T16:43:47,498-384-431,MFP-694-485,6100354348,,Simona,Říhová,"2026-11-25","2026-11-28",3,Family Studio SR,Non Refundable,Flat 20 ( Basement sino ),,3,1,GBP,405.30,305.30,285.30,120.00,Online,Booking.com,Booking.com,On Account,Confirmed,,simcarihova02@gmail.com,+420722088728,,"Child Ages: 13  Non-Smoking  Promos: European Economic Area  There is no meal option with this room. Children and Extra Bed Policy: Children of any age are allowed. You haven't added any extra beds. The maximum number of cots is 1. The maximum number of guests is 6.  Deposit Policy: The guest will be charged a prepayment of the total price of the reservation at any time.  Cancellation Policy: The guest can cancel free of charge until 7 days before arrival. The guest will be charged the total price of the reservation if they cancel in the 7 days before arrival. If the guest doesn’t show up, they will be charged the total price of the reservation.  payment_on_Booking.com (Payout type: BankTransfer)  ** THIS RESERVATION HAS BEEN PRE-PAID ** BOOKING NOTE : Payment charge is GBP 4.8848  Genius Booker ",,,,,"2026-08-24",,,,
Hotel Orlando by PLI,2025-09-22T17:55:32,545-689-644,HXM-035-592,5926460507,,Vitoria,Vidal,"2026-11-25","2026-11-28",3,Triple room-Standard-Private Bathroom,,Room 8 1st Floor,,2,0,GBP,0.00,0.00,0.00,0.00,Online,Booking.com,Booking.com,On Account,Canceled,,vvidal.574795@guest.booking.com,+55 11 97052 7557,,"Non-Smoking  There is no meal option with this room. Children and Extra Bed Policy: Children of any age are allowed. You haven't added any cots. You haven't added any extra beds. The maximum number of guests is 3.  Deposit Policy: The guest will be charged a prepayment of the total price of the reservation at any time.  Cancellation Policy: The guest can cancel free of charge until 7 days before arrival. The guest will be charged the total price of the reservation if they cancel in the 7 days before arrival.  payment_on_Booking.com (Payout type: BankTransfer)  ** THIS RESERVATION HAS BEEN PRE-PAID ** BOOKING NOTE : Payment charge is GBP 2.64 Approximate time of arrival: between 13:00 and 14:00  Genius Booker ",,,,,"2025-09-22",,,,
Hotel Orlando by PLI,2026-09-09T19:30:32,691-689-224,AHZ-687-733,5739531681,,Joanne,Gale,"2026-11-25","2026-11-29",4,Triple room-Standard-Ensuite,Non Refundable,S Room 23 GF,,3,0,GBP,453.90,353.90,333.90,120.00,Online,Booking.com,Booking.com,On Account,Confirmed,,jgale.553627@guest.booking.com,+44 7867 690094,,"Non-Smoking  Promos: Domestic  There is no meal option with this room. Children and Extra Bed Policy: Children of any age are allowed. You haven't added any cots. You haven't added any extra beds. The maximum number of guests is 3.  Deposit Policy: The guest will be charged a prepayment of the total price of the reservation at any time.  Cancellation Policy: The guest can cancel free of charge until 7 days before arrival. The guest will be charged the total price of the reservation if they cancel in the 7 days before arrival. If the guest doesn’t show up, they will be charged the total price of the reservation.  payment_on_Booking.com (Payout type: BankTransfer)  ** THIS RESERVATION HAS BEEN PRE-PAID ** BOOKING NOTE : Payment charge is GBP 5.6624 Approximate time of arrival: between 17:00 and 18:00 hours  Genius Booker ",,,,,"2026-09-09",,,,
Hotel Orlando by PLI,2026-08-15T11:04:33,862-823-001,DKU-011-315,5318799185,,Markéta,Krbečková,"2026-11-25","2026-11-28",3,Family room-Standard-Ensuite,,Room 3 BF W/Microwave,,3,1,GBP,0.00,0.00,0.00,0.00,Online,Booking.com,Booking.com,On Account,Canceled,,mkrbec.170611@guest.booking.com,+420 722 284 994,,"Child Ages: 13  Non-Smoking  Promos: European Economic Area  There is no meal option with this room. Children and Extra Bed Policy: Children of any age are allowed. You haven't added any cots. You haven't added any extra beds. The maximum number of guests is 5.  Deposit Policy: The guest will be charged a prepayment of the total price of the reservation at any time.  Cancellation Policy: The guest can cancel free of charge until 7 days before arrival. The guest will be charged the total price of the reservation if they cancel in the 7 days before arrival. If the guest doesn’t show up, they will be charged the total price of the reservation.  payment_on_Booking.com (Payout type: BankTransfer)  ** THIS RESERVATION HAS BEEN PRE-PAID ** BOOKING NOTE : Payment charge is GBP 4.5536  Genius Booker ",,,,,"2026-08-15",,,,
Hotel Orlando by PLI,2026-05-31T17:29:46,939-948-911,ODW-386-508,6696928950,,Lara,ElSabeiny,"2026-11-25","2026-11-29",4,Double room-Ensuite,Non Refundable,S Room 29 Mid 2nd F,,1,0,GBP,327.80,327.80,307.80,20.00,Online,Booking.com,Booking.com,On Account,Confirmed,,lelsab.486806@guest.booking.com,+20 10 15607325,,"Non-Smoking  Promos: Domestic  There is no meal option with this room. Children and Extra Bed Policy: Children of any age are allowed. You haven't added any cots. You haven't added any extra beds. The maximum number of guests is 2.  Deposit Policy: The guest will be charged a prepayment of the total price of the reservation at any time.  Cancellation Policy: The guest can cancel free of charge until 7 days before arrival. The guest will be charged the total price of the reservation if they cancel in the 7 days before arrival. If the guest doesn’t show up, they will be charged the total price of the reservation.  payment_on_Booking.com (Payout type: BankTransfer)  ** THIS RESERVATION HAS BEEN PRE-PAID ** BOOKING NOTE : Payment charge is GBP 5.2448  Genius Booker ",,,,,"2026-05-31",,,,
Hotel Orlando by PLI,2026-05-20T11:42:35,111-631-951,ONS-795-958,5235903400,,David,Shires,"2026-11-26","2026-11-28",2,Triple room-Standard-Ensuite,,S Room 23 GF,,2,0,GBP,0.00,0.00,0.00,0.00,Online,Booking.com,Booking.com,On Account,Canceled,,dshire.175079@guest.booking.com,+353 83 184 7580,,"Non-Smoking  Promos: European Economic Area  There is no meal option with this room. Children and Extra Bed Policy: Children of any age are allowed. You haven't added any cots. You haven't added any extra beds. The maximum number of guests is 3.  Deposit Policy: The guest will be charged a prepayment of the total price of the reservation at any time.  Cancellation Policy: The guest can cancel free of charge until 2 days before arrival. The guest will be charged the total price of the reservation if they cancel in the 2 days before arrival.  payment_on_Booking.com (Payout type: BankTransfer)  ** THIS RESERVATION HAS BEEN PRE-PAID ** BOOKING NOTE : Payment charge is GBP 2.7824  Genius Booker ",,,,,"2026-05-20",,,,
Hotel Orlando by PLI,2026-09-13T21:50:33,118-152-042,UCA-528-241,5371676585,,angela,di flavia,"2026-11-26","2026-12-03",7,Double room-Standard-Private Bathroom,Base Rate,Room 14 2nd Floor,,2,0,GBP,689.70,589.70,569.70,120.00,Online,Booking.com,Booking.com,On Account,Confirmed,,aflavi.249886@guest.booking.com,+39 320 175 8605,,"Non-Smoking  Promos: European Economic Area  There is no meal option with this room. Children and Extra Bed Policy: Children of any age are allowed. You haven't added any cots. You haven't added any extra beds. The maximum number of guests is 2.  Deposit Policy: The guest will be charged a prepayment of the total price of the reservation at any time.  Cancellation Policy: The guest can cancel free of charge until 7 days before arrival. The guest will be charged the total price of the reservation if they cancel in the 7 days before arrival. If the guest doesn’t show up, they will be charged the total price of the reservation.  payment_on_Booking.com (Payout type: BankTransfer)  ** THIS RESERVATION HAS BEEN PRE-PAID ** BOOKING NOTE : Payment charge is GBP 9.4352  Genius Booker ",,,,,"2026-09-13",,,,
Hotel Orlando by PLI,2026-09-12T22:18:40,206-994-804,YEB-851-162,5553850439,,YESSICA,GUTIERREZ ORTEGA,"2026-11-26","2026-11-29",3,Triple room-Standard-Private Bathroom,Base Rate,Room 13 2nd Floor,,3,0,GBP,399.90,299.90,279.90,120.00,Online,Booking.com,Booking.com,On Account,Confirmed,,yorteg.539683@guest.booking.com,+34 615 30 20 43,,"Non-Smoking  Promos: European Economic Area  There is no meal option with this room. Children and Extra Bed Policy: Children of any age are allowed. You haven't added any cots. You haven't added any extra beds. The maximum number of guests is 3.  Deposit Policy: The guest will be charged a prepayment of the total price of the reservation at any time.  Cancellation Policy: The guest can cancel free of charge until 7 days before arrival. The guest will be charged the total price of the reservation if they cancel in the 7 days before arrival. If the guest doesn’t show up, they will be charged the total price of the reservation.  payment_on_Booking.com (Payout type: BankTransfer)  ** THIS RESERVATION HAS BEEN PRE-PAID ** BOOKING NOTE : Payment charge is GBP 4.7984  Genius Booker ",,,,,"2026-09-12",,,,
Hotel Orlando by PLI,2026-04-28T15:15:31,225-101-404,CUW-567-417,6845623273,,Piia,Kettunen,"2026-11-26","2026-11-29",3,Triple room-Standard-Ensuite,,S Room 23 GF,,3,0,GBP,0.00,0.00,0.00,0.00,Online,Booking.com,Booking.com,On Account,Canceled,,pkettu.244415@guest.booking.com,+358 50 9117050,,"Non-Smoking  Promos: European Economic Area  There is no meal option with this room. Children and Extra Bed Policy: Children of any age are allowed. You haven't added any cots. You haven't added any extra beds. The maximum number of guests is 3.  Deposit Policy: The guest will be charged a prepayment of the total price of the reservation at any time.  Cancellation Policy: The guest can cancel free of charge until 2 days before arrival. The guest will be charged the total price of the reservation if they cancel in the 2 days before arrival.  payment_on_Booking.com (Payout type: BankTransfer)  ** THIS RESERVATION HAS BEEN PRE-PAID ** BOOKING NOTE : Payment charge is GBP 4.4528 Approximate time of arrival: between 17:00 and 18:00  Genius Booker ",,,,,"2026-04-28",,,,
Hotel Orlando by PLI,2025-10-16T23:23:15,290-502-924,LFK-939-962,5276511386,,Fco.,Javier Pache,"2026-11-26","2026-11-29",3,Quad room-Standard-Private Bathroom,,Room 4 GF,,2,2,GBP,0.00,0.00,0.00,0.00,Online,Booking.com,Booking.com,On Account,Canceled,,fpache.404809@guest.booking.com,+34 655 48 27 17,,"Child Ages: 10, 15  Non-Smoking  Promos: Mobile(App) Rate  There is no meal option with this room. Children and Extra Bed Policy: Children of any age are allowed. You haven't added any cots. You haven't added any extra beds. The maximum number of guests is 4.  Deposit Policy: The guest will be charged a prepayment of the total price of the reservation at any time.  Cancellation Policy: The guest can cancel free of charge until 7 days before arrival. The guest will be charged the total price of the reservation if they cancel in the 7 days before arrival.  payment_on_Booking.com (Payout type: BankTransfer)  ** THIS RESERVATION HAS BEEN PRE-PAID ** BOOKING NOTE : Payment charge is GBP 2.688  Genius Booker ",,,,,"2025-10-16",,,,
Hotel Orlando by PLI,2026-07-27T21:30:58,299-136-182,NRB-574-087,6846616799,,Carlota,Ruiz Moreno,"2026-11-26","2026-11-29",3,Triple room-Standard-Private Bathroom,Base Rate,Room 12 2nd Floor,,3,0,GBP,383.70,283.70,263.70,120.00,Online,Booking.com,Booking.com,On Account,Confirmed,,cmoren.862606@guest.booking.com,+34 667 64 86 85,,"Non-Smoking  Promos: European Economic Area  There is no meal option with this room. Children and Extra Bed Policy: Children of any age are allowed. You haven't added any cots. You haven't added any extra beds. The maximum number of guests is 3.  Deposit Policy: The guest will be charged a prepayment of the total price of the reservation at any time.  Cancellation Policy: The guest can cancel free of charge until 7 days before arrival. The guest will be charged the total price of the reservation if they cancel in the 7 days before arrival. If the guest doesn’t show up, they will be charged the total price of the reservation.  payment_on_Booking.com (Payout type: BankTransfer)  ** THIS RESERVATION HAS BEEN PRE-PAID ** BOOKING NOTE : Payment charge is GBP 4.5392  Genius Booker ",,,,,"2026-07-27",,,,
Hotel Orlando by PLI,2026-09-11T23:55:14,346-569-984,ROM-773-449,5083383216,,YESSICA,GUTIERREZ ORTEGA,"2026-11-26","2026-11-29",3,Double room-Standard-Private Bathroom,Base Rate,Room 11 2nd Floor,,2,0,GBP,368.40,268.40,248.40,120.00,Online,Booking.com,Booking.com,On Account,Confirmed,,yorteg.882597@guest.booking.com,+34 615 30 20 43,,"Non-Smoking  Promos: European Economic Area  There is no meal option with this room. Children and Extra Bed Policy: Children of any age are allowed. You haven't added any cots. You haven't added any extra beds. The maximum number of guests is 2.  Deposit Policy: The guest will be charged a prepayment of the total price of the reservation at any time.  Cancellation Policy: The guest can cancel free of charge until 7 days before arrival. The guest will be charged the total price of the reservation if they cancel in the 7 days before arrival. If the guest doesn’t show up, they will be charged the total price of the reservation.  payment_on_Booking.com (Payout type: BankTransfer)  ** THIS RESERVATION HAS BEEN PRE-PAID ** BOOKING NOTE : Payment charge is GBP 4.2944  Genius Booker ",,,,,"2026-09-11",,,,
Hotel Orlando by PLI,2026-09-07T20:36:58,365-620-594,QQQ-867-833,5350073077,,Rene,Könings,"2026-11-26","2026-11-30",4,Quad room-Standard-Private Bathroom,Base Rate,Room 9 1st Floor,,2,0,GBP,488.10,388.10,368.10,120.00,Online,Booking.com,Booking.com,On Account,Confirmed,,rkonin.663827@guest.booking.com,+49 179 5202506,,"Non-Smoking  Promos: European Economic Area  There is no meal option with this room. Children and Extra Bed Policy: Children of any age are allowed. You haven't added any cots. You haven't added any extra beds. The maximum number of guests is 4.  Deposit Policy: The guest will be charged a prepayment of the total price of the reservation at any time.  Cancellation Policy: The guest can cancel free of charge until 7 days before arrival. The guest will be charged the total price of the reservation if they cancel in the 7 days before arrival. If the guest doesn’t show up, they will be charged the total price of the reservation.  payment_on_Booking.com (Payout type: BankTransfer)  ** THIS RESERVATION HAS BEEN PRE-PAID ** BOOKING NOTE : Payment charge is GBP 6.2096 ",,,,,"2026-09-07",,,,
Hotel Orlando by PLI,2025-10-17T00:13:26,401-228-022,HIZ-004-333,6996991720,,Fco.,Javier Pache,"2026-11-26","2026-11-29",3,Triple room-Standard-Private Bathroom,,Room 13 2nd Floor,,2,1,GBP,0.00,0.00,0.00,0.00,Online,Booking.com,Booking.com,On Account,Canceled,,fpache.350785@guest.booking.com,+34 655 48 27 17,,"Child Ages: 10  Non-Smoking  Promos: Mobile(App) Rate  There is no meal option with this room. Children and Extra Bed Policy: Children of any age are allowed. You haven't added any cots. You haven't added any extra beds. The maximum number of guests is 3.  Deposit Policy: The guest will be charged a prepayment of the total price of the reservation at any time.  Cancellation Policy: The guest can cancel free of charge until 7 days before arrival. The guest will be charged the total price of the reservation if they cancel in the 7 days before arrival.  payment_on_Booking.com (Payout type: BankTransfer)  ** THIS RESERVATION HAS BEEN PRE-PAID ** BOOKING NOTE : Payment charge is GBP 2.28  Genius Booker ",,,,,"2025-10-16",,,,
Hotel Orlando by PLI,2025-08-08T21:04:54,422-980-681,PEZ-205-155,6545154940,,Kyle,Stein,"2026-11-26","2026-12-01",5,Booked as: Twin-Standard-Private Bathroom,,S Room 22 GF,,1,0,GBP,0.00,0.00,0.00,0.00,Online,Booking.com,Booking.com,On Account,Canceled,,kstein.605032@guest.booking.com,+44 7835 475259,,"Non-Smoking  Promos: Mobile(App) Rate  There is no meal option with this room. Children and Extra Bed Policy: Children of any age are allowed. You haven't added any cots. You haven't added any extra beds. The maximum number of guests is 2.  Deposit Policy: The guest will be charged a prepayment of the total price of the reservation at any time.  Cancellation Policy: The guest can cancel free of charge until 7 days before arrival. The guest will be charged the total price of the reservation if they cancel in the 7 days before arrival.  payment_on_Booking.com (Payout type: BankTransfer)  ** THIS RESERVATION HAS BEEN PRE-PAID ** BOOKING NOTE : Payment charge is GBP 3.12  Genius Booker ",,,,,"2025-08-08",,,,
Hotel Orlando by PLI,2026-01-14T12:44:57,443-368-442,UVK-738-257,6091114367,,Verónica,Rojas,"2026-11-26","2026-11-30",4,Triple room-Standard-Ensuite,Non Refundable,S Room 34 3rd F,,3,0,GBP,361.10,361.10,341.10,20.00,Online,Booking.com,Booking.com,On Account,Confirmed,,vrojas.576879@guest.booking.com,+34 658 07 17 14,,"Non-Smoking  Promos: European Economic Area  There is no meal option with this room. Children and Extra Bed Policy: Children of any age are allowed. You haven't added any cots. You haven't added any extra beds. The maximum number of guests is 3.  Deposit Policy: The guest will be charged a prepayment of the total price of the reservation at any time.  Cancellation Policy: The guest can cancel free of charge until 7 days before arrival. The guest will be charged the total price of the reservation if they cancel in the 7 days before arrival.  payment_on_Booking.com (Payout type: BankTransfer)  ** THIS RESERVATION HAS BEEN PRE-PAID ** BOOKING NOTE : Payment charge is GBP 5.7776 Approximate time of arrival: between 18:00 and 19:00  Genius Booker ",,,,,"2026-01-14",,,,
Hotel Orlando by PLI,2026-09-11T23:54:39,501-354-662,KTH-608-805,6719648476,,YESSICA,GUTIERREZ ORTEGA,"2026-11-26","2026-11-29",3,Quad room-Standard-Ensuite,Non Refundable,S Room 21 GF - SofaBed,,3,1,GBP,405.30,305.30,285.30,120.00,Online,Booking.com,Booking.com,On Account,Confirmed,,yorteg.744178@guest.booking.com,+34 615 30 20 43,,"Child Ages: 9  Non-Smoking  Promos: European Economic Area  There is no meal option with this room. Children and Extra Bed Policy: Children of any age are allowed. You haven't added any cots. You haven't added any extra beds. The maximum number of guests is 4.  Deposit Policy: The guest will be charged a prepayment of the total price of the reservation at any time.  Cancellation Policy: The guest can cancel free of charge until 7 days before arrival. The guest will be charged the total price of the reservation if they cancel in the 7 days before arrival. If the guest doesn’t show up, they will be charged the total price of the reservation.  payment_on_Booking.com (Payout type: BankTransfer)  ** THIS RESERVATION HAS BEEN PRE-PAID ** BOOKING NOTE : Payment charge is GBP 4.8848  Genius Booker ",,,,,"2026-09-11",,,,
Hotel Orlando by PLI,2025-09-06T20:41:18,508-209-302,YIP-378-891,6340323929,,Łaniewska,Agnieszka,"2026-11-26","2026-11-27",1,Triple room-Standard-Private Bathroom,,Room 9 1st Floor,,1,0,GBP,0.00,0.00,0.00,0.00,Online,Booking.com,Booking.com,On Account,Canceled,,lagnie.500600@guest.booking.com,+48792944377,,"Non-Smoking  Promos: European Economic Area  There is no meal option with this room. Children and Extra Bed Policy: Children of any age are allowed. You haven't added any cots. You haven't added any extra beds. The maximum number of guests is 3.  Deposit Policy: The guest will be charged a prepayment of the total price of the reservation at any time.  Cancellation Policy: The guest can cancel free of charge until 7 days before arrival. The guest will be charged the total price of the reservation if they cancel in the 7 days before arrival.  payment_on_Booking.com (Payout type: BankTransfer)  ** THIS RESERVATION HAS BEEN PRE-PAID ** BOOKING NOTE : Payment charge is GBP 1 Approximate time of arrival: between 16:00 and 17:00  Genius Booker ",,,,,"2025-09-06",,,,
Hotel Orlando by PLI,2025-09-26T07:30:30,542-064-984,RUT-911-749,5313995587,,Fco.,Javier Pache,"2026-11-26","2026-11-29",3,Triple room-Standard-Private Bathroom,,Room 8 1st Floor,,2,1,GBP,0.00,0.00,0.00,0.00,Online,Booking.com,Booking.com,On Account,Canceled,,fpache.169818@guest.booking.com,+34 655 48 27 17,,"Child Ages: 10  Non-Smoking  Promos: European Economic Area  There is no meal option with this room. Children and Extra Bed Policy: Children of any age are allowed. You haven't added any cots. You haven't added any extra beds. The maximum number of guests is 3.  Deposit Policy: The guest will be charged a prepayment of the total price of the reservation at any time.  Cancellation Policy: The guest can cancel free of charge until 7 days before arrival. The guest will be charged the total price of the reservation if they cancel in the 7 days before arrival.  payment_on_Booking.com (Payout type: BankTransfer)  ** THIS RESERVATION HAS BEEN PRE-PAID ** BOOKING NOTE : Payment charge is GBP 2.52  Genius Booker ",,,,,"2025-09-26",,,,
Hotel Orlando by PLI,2026-07-12T20:58:37,556-395-382,DRV-481-493,5795460167,,Abby Nichaela,Cano,"2026-11-26","2026-11-29",3,Triple room-Standard-Ensuite,,S Room 23 GF,,2,0,GBP,0.00,0.00,0.00,0.00,Online,Booking.com,Booking.com,On Account,Canceled,,acano.901015@guest.booking.com,+44 7393 947182,,"Group: 4 x Adult, 0 x Child  payment_on_Booking.com (Payout type: BankTransfer)  Non-Smoking  ** THIS RESERVATION HAS BEEN PRE-PAID ** BOOKING NOTE : Payment charge is GBP 8.7904  Genius Booker  Promos: Domestic  There is no meal option with this room. Children and Extra Bed Policy: Children of any age are allowed. You haven't added any cots. You haven't added any extra beds. The maximum number of guests is 3.  Deposit Policy: The guest will be charged a prepayment of the total price of the reservation at any time.  Cancellation Policy: The guest can cancel free of charge until 7 days before arrival. The guest will be charged the total price of the reservation if they cancel in the 7 days before arrival. If the guest doesn’t show up, they will be charged the total price of the reservation.",,,,,"2026-07-12",,,,
Hotel Orlando by PLI,2026-09-14T10:52:48,596-089-581,HEY-202-921,2558381867,,Kathrin,Westerfeld,"2026-11-26","2026-11-29",3,Double room-Ensuite,,S Room 35 3rd F,,2,0,GBP,0.00,0.00,0.00,0.00,Online,Expedia Affiliate Network,Expedia & Affiliate Network,On Account,Canceled,,kathrin.westerfeld20@web.de,1111111111111,,"1 Double Bed Expedia collects payment from traveler: Hotel invoices Expedia. ",,,,,"2026-09-14",,,,
Hotel Orlando by PLI,2025-10-17T18:24:20,613-802-264,RZM-269-723,5418816712,,Fco.,Javier Pache,"2026-11-26","2026-11-29",3,Quad Studio-Standard-Ensuite,,Flat 5 ( GF Orlando ),,2,2,GBP,0.00,0.00,0.00,0.00,Online,Booking.com,Booking.com,On Account,Canceled,,fpache.269436@guest.booking.com,+34 655 48 27 17,,"Child Ages: 10, 15  Non-Smoking  Promos: Mobile(App) Rate  There is no meal option with this room. Children and Extra Bed Policy: Children of any age are allowed. You haven't added any cots. You haven't added any extra beds. The maximum number of guests is 4.  Deposit Policy: The guest will be charged a prepayment of the total price of the reservation at any time.  Cancellation Policy: The guest can cancel free of charge until 7 days before arrival. The guest will be charged the total price of the reservation if they cancel in the 7 days before arrival.  payment_on_Booking.com (Payout type: BankTransfer)  ** THIS RESERVATION HAS BEEN PRE-PAID ** BOOKING NOTE : Payment charge is GBP 4.6464  Genius Booker ",,,,,"2025-10-17",,,,
Hotel Orlando by PLI,2026-07-12T20:58:37,983-060-421,DRV-481-493,5795460167,,Abby Nichaela,Cano,"2026-11-26","2026-11-29",3,Triple room-Standard-Ensuite,,S Room 33 3rd F - W/Microwave &Fridge,,2,0,GBP,0.00,See 556-395-382,0.00,0.00,Online,Booking.com,Booking.com,On Account,Canceled,,acano.901015@guest.booking.com,+44 7393 947182,,"Group: 4 x Adult, 0 x Child  payment_on_Booking.com (Payout type: BankTransfer)  Non-Smoking  ** THIS RESERVATION HAS BEEN PRE-PAID ** BOOKING NOTE : Payment charge is GBP 8.7904  Genius Booker  Promos: Domestic  There is no meal option with this room. Children and Extra Bed Policy: Children of any age are allowed. You haven't added any cots. You haven't added any extra beds. The maximum number of guests is 3.  Deposit Policy: The guest will be charged a prepayment of the total price of the reservation at any time.  Cancellation Policy: The guest can cancel free of charge until 7 days before arrival. The guest will be charged the total price of the reservation if they cancel in the 7 days before arrival. If the guest doesn’t show up, they will be charged the total price of the reservation.",,,,,"2026-07-12",,,,
Hotel Orlando by PLI,2025-07-24T20:26:15,004-316-842,QVL-618-216,6745452144,,Vihren,Peev,"2026-11-27","2026-11-30",3,Twin room-Standard-Private Bathroom,Base Rate,Room 12 3rd Floor,,1,0,GBP,129.00,129.00,114.00,15.00,Online,Booking.com,Booking.com,On Account,Confirmed,,vpeev.183086@guest.booking.com,+44 7417 546616,,"Non-Smoking  Promos: Domestic  There is no meal option with this room. Children and Extra Bed Policy: Children of any age are allowed. You haven't added any cots. You haven't added any extra beds. The maximum number of guests is 2.  Deposit Policy: The guest will be charged a prepayment of the total price of the reservation at any time.  Cancellation Policy: The guest can cancel free of charge until 7 days before arrival. The guest will be charged the total price of the reservation if they cancel in the 7 days before arrival.  payment_on_Booking.com (Payout type: BankTransfer)  ** THIS RESERVATION HAS BEEN PRE-PAID ** BOOKING NOTE : Payment charge is GBP 2.064  Genius Booker ",,,,,"2025-07-24",,,,
Hotel Orlando by PLI,2026-08-10T15:13:16,011-248-601,BHT-545-944,5830016686,,Mikael,Svensson,"2026-11-27","2026-11-30",3,Quad room-Standard-Ensuite,Non Refundable,S Room 22 GF -2Ds W/Microwave &Fridge,,2,0,GBP,383.70,283.70,263.70,120.00,Online,Booking.com,Booking.com,On Account,Confirmed,,msvens.774395@guest.booking.com,+46 73 542 77 54,,"Non-Smoking  Promos: European Economic Area  There is no meal option with this room. Children and Extra Bed Policy: Children of any age are allowed. You haven't added any cots. You haven't added any extra beds. The maximum number of guests is 4.  Deposit Policy: The guest will be charged a prepayment of the total price of the reservation at any time.  Cancellation Policy: The guest can cancel free of charge until 7 days before arrival. The guest will be charged the total price of the reservation if they cancel in the 7 days before arrival. If the guest doesn’t show up, they will be charged the total price of the reservation.  payment_on_Booking.com (Payout type: BankTransfer)  ** THIS RESERVATION HAS BEEN PRE-PAID ** BOOKING NOTE : Payment charge is GBP 4.5392  Genius Booker ",,,,,"2026-08-10",,,,
Hotel Orlando by PLI,2025-08-13T15:04:26,144-081-141,ZAD-827-019,6804597216,,Emily,Abbott,"2026-11-27","2026-11-29",2,Triple room-Standard-Private Bathroom,48 Hours Flexible,Room 8 1st Floor,,3,0,GBP,314.40,214.40,194.40,120.00,Online,Booking.com,Booking.com,On Account,Confirmed,,eabbot.888486@guest.booking.com,+44 7812 567089,,"payment_on_Booking.com (Payout type: BankTransfer)  Non-Smoking  ** THIS RESERVATION HAS BEEN PRE-PAID ** Approximate time of arrival: between 15:00 and 16:00 BOOKING NOTE : Payment charge is GBP 3.4304  Genius Booker  Promos: Mobile(App) Rate  There is no meal option with this room. Children and Extra Bed Policy: Children of any age are allowed. You haven't added any cots. You haven't added any extra beds. The maximum number of guests is 3.  Deposit Policy: The guest will be charged a prepayment of the total price of the reservation at any time.  Cancellation Policy: The guest can cancel free of charge until 2 days before arrival. The guest will be charged the total price of the reservation if they cancel in the 2 days before arrival.",,,,,"2025-08-13",,,,
Hotel Orlando by PLI,2025-08-29T10:14:42,160-223-454,HXS-052-822,6144248471,,Sebastian,Marszałek,"2026-11-27","2026-11-29",2,Triple room-Standard-Private Bathroom,,Room 13 2nd Floor,,2,0,GBP,0.00,0.00,0.00,0.00,Online,Booking.com,Booking.com,On Account,Canceled,,smarsz.104699@guest.booking.com,+48 884 889 814,,"payment_on_Booking.com (Payout type: BankTransfer)  Non-Smoking  ** THIS RESERVATION HAS BEEN PRE-PAID ** BOOKING NOTE : Payment charge is GBP 1.76  Genius Booker  Promos: European Economic Area  There is no meal option with this room. Children and Extra Bed Policy: Children of any age are allowed. You haven't added any cots. You haven't added any extra beds. The maximum number of guests is 3.  Deposit Policy: The guest will be charged a prepayment of the total price of the reservation at any time.  Cancellation Policy: The guest can cancel free of charge until 7 days before arrival. The guest will be charged the total price of the reservation if they cancel in the 7 days before arrival.",,,,,"2025-08-29",,,,
Hotel Orlando by PLI,2026-05-28T19:03:02,235-880-202,GRI-439-783,5060363307,,Stavroula,Georgia Misokalou,"2026-11-27","2026-11-30",3,Double room-Ensuite,Non Refundable,S Room 17 BF,,2,0,GBP,243.20,243.20,223.20,20.00,Online,Booking.com,Booking.com,On Account,Confirmed,,smisok.910993@guest.booking.com,+30 698 799 9591,,"Non-Smoking  Promos: European Economic Area  There is no meal option with this room. Children and Extra Bed Policy: Children of any age are allowed. You haven't added any cots. You haven't added any extra beds. The maximum number of guests is 2.  Deposit Policy: The guest will be charged a prepayment of the total price of the reservation at any time.  Cancellation Policy: The guest can cancel free of charge until 7 days before arrival. The guest will be charged the total price of the reservation if they cancel in the 7 days before arrival. If the guest doesn’t show up, they will be charged the total price of the reservation.  payment_on_Booking.com (Payout type: BankTransfer)  ** THIS RESERVATION HAS BEEN PRE-PAID ** BOOKING NOTE : Payment charge is GBP 3.8912  Genius Booker ",,,,,"2026-05-28",,,,
Hotel Orlando by PLI,2026-06-01T13:42:08,319-135-492,CUM-589-524,5791530600,,alfredo,gastiasoro manzanedo,"2026-11-27","2026-12-01",4,Double room-Ensuite,,S Room 18 BF,,2,0,GBP,0.00,0.00,0.00,0.00,Online,Booking.com,Booking.com,On Account,Canceled,,amanza.747771@guest.booking.com,+34 600 48 59 82,,"Non-Smoking  Promos: European Economic Area  There is no meal option with this room. Children and Extra Bed Policy: Children of any age are allowed. You haven't added any cots. You haven't added any extra beds. The maximum number of guests is 2.  Deposit Policy: The guest will be charged a prepayment of the total price of the reservation at any time.  Cancellation Policy: The guest can cancel free of charge until 7 days before arrival. The guest will be charged the total price of the reservation if they cancel in the 7 days before arrival. If the guest doesn’t show up, they will be charged the total price of the reservation.  payment_on_Booking.com (Payout type: BankTransfer)  ** THIS RESERVATION HAS BEEN PRE-PAID ** BOOKING NOTE : Payment charge is GBP 4.7696 Approximate time of arrival: between 20:00 and 21:00  Genius Booker ",,,,,"2026-06-01",,,,
Hotel Orlando by PLI,2026-09-13T16:43:45,356-834-392,QHF-576-440,5978888487,,jenifer,gil jimenez,"2026-11-27","2026-11-30",3,Quad room-Standard-Private Bathroom,Base Rate,Room 4 GF,,4,0,GBP,414.30,314.30,294.30,120.00,Online,Booking.com,Booking.com,On Account,Confirmed,,jjimen.492169@guest.booking.com,+34 633 94 06 82,,"Non-Smoking  Promos: European Economic Area  There is no meal option with this room. Children and Extra Bed Policy: Children of any age are allowed. You haven't added any cots. You haven't added any extra beds. The maximum number of guests is 4.  Deposit Policy: The guest will be charged a prepayment of the total price of the reservation at any time.  Cancellation Policy: The guest can cancel free of charge until 7 days before arrival. The guest will be charged the total price of the reservation if they cancel in the 7 days before arrival. If the guest doesn’t show up, they will be charged the total price of the reservation.  payment_on_Booking.com (Payout type: BankTransfer)  ** THIS RESERVATION HAS BEEN PRE-PAID ** BOOKING NOTE : Payment charge is GBP 5.0288  Genius Booker ",,,,,"2026-09-13",,,,
Hotel Orlando by PLI,2025-10-07T10:59:34,416-105-404,XHL-944-335,5011421277,,Cindy,Beal,"2026-11-27","2026-11-30",3,Family Studio SR,,Flat 20 ( Basement sino ),,6,0,GBP,0.00,0.00,0.00,0.00,Online,Booking.com,Booking.com,On Account,Canceled,,cbeal.615013@guest.booking.com,+33 6 33 85 07 00,,"Non-Smoking  Promos: European Economic Area  There is no meal option with this room. Children and Extra Bed Policy: Children of any age are allowed. You haven't added any extra beds. The maximum number of cots is 1. The maximum number of guests is 6.  Deposit Policy: The guest will be charged a prepayment of the total price of the reservation at any time.  Cancellation Policy: The guest can cancel free of charge until 7 days before arrival. The guest will be charged the total price of the reservation if they cancel in the 7 days before arrival.  payment_on_Booking.com (Payout type: BankTransfer)  ** THIS RESERVATION HAS BEEN PRE-PAID ** BOOKING NOTE : Payment charge is GBP 7.5816  Genius Booker ",,,,,"2025-10-07",,,,
Hotel Orlando by PLI,2025-11-10T09:17:10,524-943-482,BKX-365-804,6122835369,,Luciano,Carpitella,"2026-11-27","2026-12-02",5,Triple room-Standard-Private Bathroom,,Room 12 2nd Floor,,2,1,GBP,0.00,0.00,0.00,0.00,Online,Booking.com,Booking.com,On Account,Canceled,,lcarpi.639301@guest.booking.com,+39 342 712 4181,,"Non-Smoking  Promos: Mobile(App) Rate  There is no meal option with this room. Children and Extra Bed Policy: Children of any age are allowed. You haven't added any cots. You haven't added any extra beds. The maximum number of guests is 3.  Deposit Policy: The guest will be charged a prepayment of the total price of the reservation at any time.  Cancellation Policy: The guest can cancel free of charge until 7 days before arrival. The guest will be charged the total price of the reservation if they cancel in the 7 days before arrival.  payment_on_Booking.com (Payout type: BankTransfer)  ** THIS RESERVATION HAS BEEN PRE-PAID ** BOOKING NOTE : Payment charge is GBP 3.64  Genius Booker ",,,,,"2025-11-10",,,,
Hotel Orlando by PLI,2026-09-13T20:22:57,532-842-642,HFY-272-790,6194937386,,Arkam,Zayda,"2026-11-27","2026-12-01",4,Double room-Ensuite,Non Refundable,S Room 18 BF,,2,0,GBP,437.70,337.70,317.70,120.00,Online,Booking.com,Booking.com,On Account,Confirmed,,azayda.328554@guest.booking.com,+34 604 18 87 01,,"Non-Smoking  Promos: European Economic Area  There is no meal option with this room. Children and Extra Bed Policy: Children of any age are allowed. You haven't added any cots. You haven't added any extra beds. The maximum number of guests is 2.  Deposit Policy: The guest will be charged a prepayment of the total price of the reservation at any time.  Cancellation Policy: The guest can cancel free of charge until 7 days before arrival. The guest will be charged the total price of the reservation if they cancel in the 7 days before arrival. If the guest doesn’t show up, they will be charged the total price of the reservation.  payment_on_Booking.com (Payout type: BankTransfer)  ** THIS RESERVATION HAS BEEN PRE-PAID ** BOOKING NOTE : Payment charge is GBP 5.4032  Genius Booker ",,,,,"2026-09-13",,,,
Hotel Orlando by PLI,2025-09-18T17:08:19,563-399-912,GXA-217-366,6113487217,,simona,coppola,"2026-11-27","2026-11-30",3,Triple room-Standard-Private Bathroom,,Room 12 2nd Floor,,2,0,GBP,0.00,0.00,0.00,0.00,Online,Booking.com,Booking.com,On Account,Canceled,,scoppo.852354@guest.booking.com,+39 333 133 4459,,"Non-Smoking  Promos: European Economic Area  There is no meal option with this room. Children and Extra Bed Policy: Children of any age are allowed. You haven't added any cots. You haven't added any extra beds. The maximum number of guests is 3.  Deposit Policy: The guest will be charged a prepayment of the total price of the reservation at any time.  Cancellation Policy: The guest can cancel free of charge until 7 days before arrival. The guest will be charged the total price of the reservation if they cancel in the 7 days before arrival.  payment_on_Booking.com (Payout type: BankTransfer)  ** THIS RESERVATION HAS BEEN PRE-PAID ** BOOKING NOTE : Payment charge is GBP 2.52  Genius Booker ",,,,,"2025-09-18",,,,
Hotel Orlando by PLI,2026-07-18T08:39:20,651-364-282,KHJ-180-052,5848163527,,AYŞE,ÖCAL BEDER,"2026-11-27","2026-12-01",4,Double room-Ensuite,,S Room 28 1st F,,2,0,GBP,0.00,0.00,0.00,0.00,Online,Booking.com,Booking.com,On Account,Canceled,,abeder.279333@guest.booking.com,+90 537 216 05 13,,"Guest requested a room on the 1st floor  payment_on_Booking.com (Payout type: BankTransfer)  Non-Smoking  ** THIS RESERVATION HAS BEEN PRE-PAID ** BOOKING NOTE : Payment charge is GBP 4.7984  Genius Booker  Promos: Mobile(App) Rate  There is no meal option with this room. Children and Extra Bed Policy: Children of any age are allowed. You haven't added any cots. You haven't added any extra beds. The maximum number of guests is 2.  Deposit Policy: The guest will be charged a prepayment of the total price of the reservation at any time.  Cancellation Policy: The guest can cancel free of charge until 7 days before arrival. The guest will be charged the total price of the reservation if they cancel in the 7 days before arrival. If the guest doesn’t show up, they will be charged the total price of the reservation.",,,,,"2026-07-18",,,DONT MOVE,
Hotel Orlando by PLI,2025-11-22T13:46:30,825-600-534,MBV-038-252,6342639948,,Lewis-James,Marley-Chinn,"2026-11-27","2026-11-29",2,Triple room-Standard-Private Bathroom,,Room 9 1st Floor,,2,0,GBP,0.00,0.00,0.00,0.00,Online,Booking.com,Booking.com,On Account,Canceled,,lmarle.705482@guest.booking.com,+44 7383 723466,,"payment_on_Booking.com (Payout type: BankTransfer)  Non-Smoking  ** THIS RESERVATION HAS BEEN PRE-PAID ** BOOKING NOTE : Payment charge is GBP 1.68  Genius Booker  Promos: Mobile(App) Rate  There is no meal option with this room. Children and Extra Bed Policy: Children of any age are allowed. You haven't added any cots. You haven't added any extra beds. The maximum number of guests is 3.  Deposit Policy: The guest will be charged a prepayment of the total price of the reservation at any time.  Cancellation Policy: The guest can cancel free of charge until 7 days before arrival. The guest will be charged the total price of the reservation if they cancel in the 7 days before arrival.",,,,,"2025-11-22",,,,
Hotel Orlando by PLI,2026-03-30T19:32:42,856-928-232,UEN-025-494,5420759774,,alfredo,gastiasoro manzanedo,"2026-11-27","2026-12-01",4,Double room-Ensuite,,S Room 18 BF,,2,0,GBP,0.00,0.00,0.00,0.00,Online,Booking.com,Booking.com,On Account,Canceled,,amanza.161377@guest.booking.com,+34 600 48 59 82,,"payment_on_Booking.com (Payout type: BankTransfer)  Non-Smoking  ** THIS RESERVATION HAS BEEN PRE-PAID ** BOOKING NOTE : Payment charge is GBP 5.3168  Genius Booker  Promos: European Economic Area  There is no meal option with this room. Children and Extra Bed Policy: Children of any age are allowed. You haven't added any cots. You haven't added any extra beds. The maximum number of guests is 2.  Deposit Policy: The guest will be charged a prepayment of the total price of the reservation at any time.  Cancellation Policy: The guest can cancel free of charge until 2 days before arrival. The guest will be charged the total price of the reservation if they cancel in the 2 days before arrival.",,,,,"2026-03-30",,,,
Hotel Orlando by PLI,2026-06-09T18:46:06,893-231-044,PEE-136-767,5860994456,,alfredo,gastiasoro manzanedo,"2026-11-27","2026-12-01",4,Double room-Standard-Private Bathroom,Base Rate,Room 7 Mid-First Floor,,2,0,GBP,429.60,329.60,309.60,120.00,Online,Booking.com,Booking.com,On Account,Confirmed,,amanza.514165@guest.booking.com,+34 600 48 59 82,,"Non-Smoking  Promos: European Economic Area  There is no meal option with this room. Children and Extra Bed Policy: Children of any age are allowed. You haven't added any cots. You haven't added any extra beds. The maximum number of guests is 2.  Deposit Policy: The guest will be charged a prepayment of the total price of the reservation at any time.  Cancellation Policy: The guest can cancel free of charge until 7 days before arrival. The guest will be charged the total price of the reservation if they cancel in the 7 days before arrival. If the guest doesn’t show up, they will be charged the total price of the reservation.  payment_on_Booking.com (Payout type: BankTransfer)  ** THIS RESERVATION HAS BEEN PRE-PAID ** BOOKING NOTE : Payment charge is GBP 5.2736 Approximate time of arrival: between 20:00 and 21:00  Genius Booker ",,,,,"2026-06-09",,,,
Hotel Orlando by PLI,2026-04-03T13:44:00,941-932-411,TLB-210-944,6863126610,,Lily-Rose,Aubry,"2026-11-27","2026-11-30",3,Double room-Ensuite,,S Room 25 Mid 1st F,,2,0,GBP,0.00,0.00,0.00,0.00,Online,Booking.com,Booking.com,On Account,Canceled,,laubry.184164@guest.booking.com,+33 6 89 16 36 76,,"Non-Smoking  Promos: European Economic Area  There is no meal option with this room. Children and Extra Bed Policy: Children of any age are allowed. You haven't added any cots. You haven't added any extra beds. The maximum number of guests is 2.  Deposit Policy: The guest will be charged a prepayment of the total price of the reservation in the 5 days before arrival.  Cancellation Policy: The guest can cancel free of charge until 5 days before arrival. The guest will be charged the total price of the reservation if they cancel in the 5 days before arrival. If the guest doesn’t show up, they will be charged the total price of the reservation.  payment_on_Booking.com (Payout type: BankTransfer)  ** THIS RESERVATION HAS BEEN PRE-PAID ** BOOKING NOTE : Payment charge is GBP 3.848  Genius Booker ",,,,,"2026-04-03",,,,
Hotel Orlando by PLI,2026-08-23T15:27:01,944-116-051,VTV-883-804,6100342577,,Emanuele,Furnari,"2026-11-27","2026-12-04",7,Family room-Standard-Ensuite,Non Refundable,S Room 19 BF,,2,3,GBP,724.80,624.80,604.80,120.00,Online,Booking.com,Booking.com,On Account,Confirmed,,efurna.812760@guest.booking.com,+39 329 376 7976,,"Child Ages: 10, 6, 9  Non-Smoking  Promos: European Economic Area  There is no meal option with this room. Children and Extra Bed Policy: Children of any age are allowed. You haven't added any cots. You haven't added any extra beds. The maximum number of guests is 5.  Deposit Policy: The guest will be charged a prepayment of the total price of the reservation at any time.  Cancellation Policy: The guest can cancel free of charge until 7 days before arrival. The guest will be charged the total price of the reservation if they cancel in the 7 days before arrival. If the guest doesn’t show up, they will be charged the total price of the reservation.  payment_on_Booking.com (Payout type: BankTransfer)  ** THIS RESERVATION HAS BEEN PRE-PAID ** BOOKING NOTE : Payment charge is GBP 9.9968  Genius Booker ",,,,,"2026-08-23",,,,
Hotel Orlando by PLI,2026-09-05T11:48:40,054-925-421,ABV-059-107,6447233539,,Maria,Suarez Bevia,"2026-11-28","2026-12-01",3,Double room-Ensuite,,S Room 18 BF,,2,0,GBP,0.00,0.00,0.00,0.00,Online,Booking.com,Booking.com,On Account,Canceled,,mbevia.663654@guest.booking.com,+34 644 35 18 88,,"Non-Smoking  Promos: European Economic Area  There is no meal option with this room. Children and Extra Bed Policy: Children of any age are allowed. You haven't added any cots. You haven't added any extra beds. The maximum number of guests is 2.  Deposit Policy: The guest will be charged a prepayment of the total price of the reservation at any time.  Cancellation Policy: The guest can cancel free of charge until 7 days before arrival. The guest will be charged the total price of the reservation if they cancel in the 7 days before arrival. If the guest doesn’t show up, they will be charged the total price of the reservation.  payment_on_Booking.com (Payout type: BankTransfer)  ** THIS RESERVATION HAS BEEN PRE-PAID ** Approximate time of arrival: between 15:00 and 16:00 BOOKING NOTE : Payment charge is GBP 3.5456  Genius Booker ",,,,,"2026-09-05",,,,
Hotel Orlando by PLI,2026-08-04T15:55:54,083-966-851,SCE-569-148,5016273658,,Federico,Livot,"2026-11-28","2026-11-30",2,Family Studio SR,Non Refundable,Flat 20 ( Basement sino ),,2,1,GBP,301.80,201.80,181.80,120.00,Online,Booking.com,Booking.com,On Account,Confirmed,,flivot.959953@guest.booking.com,+39 340 568 0924,,"Child Ages: 6  Non-Smoking  Promos: European Economic Area  There is no meal option with this room. Children and Extra Bed Policy: Children of any age are allowed. You haven't added any extra beds. The maximum number of cots is 1. The maximum number of guests is 6.  Deposit Policy: The guest will be charged a prepayment of the total price of the reservation at any time.  Cancellation Policy: The guest can cancel free of charge until 7 days before arrival. The guest will be charged the total price of the reservation if they cancel in the 7 days before arrival. If the guest doesn’t show up, they will be charged the total price of the reservation.  payment_on_Booking.com (Payout type: BankTransfer)  ** THIS RESERVATION HAS BEEN PRE-PAID ** BOOKING NOTE : Payment charge is GBP 3.2288  Genius Booker ",,,,,"2026-08-04",,,,
Hotel Orlando by PLI,2025-11-20T22:38:15,106-656-202,YDH-491-320,5966027914,,Mark,Uff,"2026-11-28","2026-11-29",1,Quad room-Standard-Private Bathroom,,Room 4 GF,,2,2,GBP,0.00,0.00,0.00,0.00,Online,Booking.com,Booking.com,On Account,Canceled,,muff.113370@guest.booking.com,+44 7765 645683,,"Child Ages: 13, 6  payment_on_Booking.com (Payout type: BankTransfer)  Non-Smoking  ** THIS RESERVATION HAS BEEN PRE-PAID ** BOOKING NOTE : Payment charge is GBP 1.232  Genius Booker  Promos: Domestic  There is no meal option with this room. Children and Extra Bed Policy: Children of any age are allowed. You haven't added any cots. You haven't added any extra beds. The maximum number of guests is 4.  Deposit Policy: The guest will be charged a prepayment of the total price of the reservation at any time.  Cancellation Policy: The guest can cancel free of charge until 7 days before arrival. The guest will be charged the total price of the reservation if they cancel in the 7 days before arrival.",,,,,"2025-11-20",,,,
Hotel Orlando by PLI,2026-08-25T20:42:10,198-523-494,WXA-766-865,5108186915,,Tome,Ramirez Erika,"2026-11-28","2026-11-30",2,Family room-Standard-Ensuite,Non Refundable,Room 3 BF W/Microwave,,5,0,GBP,297.30,197.30,177.30,120.00,Online,Booking.com,Booking.com,On Account,Confirmed,,terika.936766@guest.booking.com,+34 649 47 96 98,,"Non-Smoking  Promos: European Economic Area  There is no meal option with this room. Children and Extra Bed Policy: Children of any age are allowed. You haven't added any cots. You haven't added any extra beds. The maximum number of guests is 5.  Deposit Policy: The guest will be charged a prepayment of the total price of the reservation at any time.  Cancellation Policy: The guest can cancel free of charge until 7 days before arrival. The guest will be charged the total price of the reservation if they cancel in the 7 days before arrival. If the guest doesn’t show up, they will be charged the total price of the reservation.  payment_on_Booking.com (Payout type: BankTransfer)  ** THIS RESERVATION HAS BEEN PRE-PAID ** BOOKING NOTE : Payment charge is GBP 3.1568  Genius Booker ",,,,,"2026-08-25",,,,
Hotel Orlando by PLI,2026-09-01T13:30:19,340-034-052,GCG-216-145,2548194451,,Abi,McGough,"2026-11-28","2026-11-29",1,Double room-Standard-Private Bathroom,,Room 1 BF,,2,0,GBP,0.00,0.00,0.00,0.00,Online,Expedia,Expedia & Affiliate Network,On Account,Canceled,,markconnolley@bigpond.com,11111111111,,"Expedia collects payment from traveler: Hotel invoices Expedia. ",,,,,"2026-09-01",,,,
Hotel Orlando by PLI,2026-08-08T08:15:46,384-346-842,KRU-678-785,5414175353,,Gina,Maria Derrouiche,"2026-11-28","2026-12-01",3,Double room-Ensuite,,S Room 18 BF,,1,1,GBP,0.00,0.00,0.00,0.00,Online,Booking.com,Booking.com,On Account,Canceled,,gderro.679686@guest.booking.com,+49 176 45173021,,"Child Ages: 3  Non-Smoking  Promos: European Economic Area  There is no meal option with this room. Children and Extra Bed Policy: Children of any age are allowed. You haven't added any cots. You haven't added any extra beds. The maximum number of guests is 2.  Deposit Policy: The guest will be charged a prepayment of the total price of the reservation at any time.  Cancellation Policy: The guest can cancel free of charge until 7 days before arrival. The guest will be charged the total price of the reservation if they cancel in the 7 days before arrival. If the guest doesn’t show up, they will be charged the total price of the reservation.  payment_on_Booking.com (Payout type: BankTransfer)  ** THIS RESERVATION HAS BEEN PRE-PAID ** BOOKING NOTE : Payment charge is GBP 3.488 Approximate time of arrival: between 15:00 and 16:00 ",,,,,"2026-08-08",,,,
Hotel Orlando by PLI,2026-09-10T16:20:35,435-864-634,LMJ-626-479,2555676585,,Elise,Loison,"2026-11-28","2026-12-05",7,Double room-Standard-Private Bathroom,Base Rate,Room 1 BF,,2,0,GBP,651.86,551.86,531.86,120.00,Online,Expedia,Expedia & Affiliate Network,On Account,Confirmed,,Loisonelise662@gmail.com,1111111111,,"1 Queen Bed Expedia collects payment from traveler: Hotel invoices Expedia. ",,,,,"2026-09-10",,,,
Hotel Orlando by PLI,2026-09-10T12:16:26,449-120-561,UTG-304-502,2555513180,,Danna Sofía,Echeverry grajales,"2026-11-28","2026-12-01",3,Triple room-Standard-Ensuite,Non Refundable,S Room 33 3rd F - W/Microwave &Fridge,,3,0,GBP,351.29,251.29,231.29,120.00,Online,Expedia Affiliate Network,Expedia & Affiliate Network,On Account,Confirmed,,sofia06echeverry@gmail.com,11111111111,,"1 Twin Bed and 1 Queen Bed Expedia collects payment from traveler: Hotel invoices Expedia. ",,,,,"2026-09-10",,,,
Hotel Orlando by PLI,2026-03-31T21:35:04,451-906-514,OUV-072-366,6324144226,,Nicol,Wrobel,"2026-11-28","2026-11-30",2,Double room-Ensuite,,S Room 17 BF,,2,0,GBP,0.00,0.00,0.00,0.00,Online,Booking.com,Booking.com,On Account,Canceled,,nwrobe.694870@guest.booking.com,+48 664 722 766,,"Non-Smoking  Promos: Mobile(App) Rate  There is no meal option with this room. Children and Extra Bed Policy: Children of any age are allowed. You haven't added any cots. You haven't added any extra beds. The maximum number of guests is 2.  Deposit Policy: The guest will be charged a prepayment of the total price of the reservation in the 5 days before arrival.  Cancellation Policy: The guest can cancel free of charge until 5 days before arrival. The guest will be charged the total price of the reservation if they cancel in the 5 days before arrival. If the guest doesn’t show up, they will be charged the total price of the reservation.  payment_on_Booking.com (Payout type: BankTransfer)  ** THIS RESERVATION HAS BEEN PRE-PAID ** BOOKING NOTE : Payment charge is GBP 2.6528 Łóżko dwuosobowe  Genius Booker ",,,,,"2026-03-31",,,,
Hotel Orlando by PLI,2026-02-24T06:55:30,546-865-052,UQT-726-162,2400568518,,Mark,Connolley,"2026-11-28","2026-11-29",1,Double room-Standard-Private Bathroom,,Room 11 2nd Floor,,2,0,GBP,0.00,0.00,0.00,0.00,Online,Expedia,Expedia & Affiliate Network,On Account,Canceled,,markconnolley@bigpond.com,61404112919,,"Expedia collects payment from traveler: Hotel charges virtual card.  Expedia & Affiliate Network has provided a virtual card with a balance of £91.81. It can be charged between 2026-11-28 and 2031-02-01.",,,,,"2026-02-24",,,,
Hotel Orlando by PLI,2026-06-10T13:23:39,636-594-511,ZMF-244-261,2481267055,,Ornella Filomena,Sottile,"2026-11-28","2026-12-03",5,Single room-Standard-Ensuite,Non Refundable,S Room 32 2nd F,,1,0,GBP,470.09,370.09,350.09,120.00,Online,Expedia Affiliate Network,Expedia & Affiliate Network,On Account,Confirmed,,docs@jtatravel.co.uk,11111111111111111,,"1 Twin Bed travel purpose=leisure ",,,,,"2026-06-10",,,,
Hotel Orlando by PLI,2025-09-23T21:28:46,353-500-992,OYX-563-837,6216083727,,Ariel,Menniti,"2026-11-29","2026-12-02",3,Triple room-Standard-Private Bathroom,,Room 9 1st Floor,,1,1,GBP,0.00,0.00,0.00,0.00,Online,Booking.com,Booking.com,On Account,Canceled,,amenni.886307@guest.booking.com,+54 9 261 641 7968,,"Child Ages: 11  Non-Smoking  There is no meal option with this room. Children and Extra Bed Policy: Children of any age are allowed. You haven't added any cots. You haven't added any extra beds. The maximum number of guests is 3.  Deposit Policy: The guest will be charged a prepayment of the total price of the reservation at any time.  Cancellation Policy: The guest can cancel free of charge until 7 days before arrival. The guest will be charged the total price of the reservation if they cancel in the 7 days before arrival.  payment_on_Booking.com (Payout type: BankTransfer)  ** THIS RESERVATION HAS BEEN PRE-PAID ** BOOKING NOTE : Payment charge is GBP 2.64  Genius Booker ",,,,,"2025-09-23",,,,
Hotel Orlando by PLI,2026-08-25T10:47:30,642-289-991,ELG-947-893,5623587631,,Javier,García López,"2026-11-29","2026-12-03",4,Triple room-Standard-Ensuite,,S Room 33 3rd F - W/Microwave &Fridge,,2,1,GBP,0.00,0.00,0.00,0.00,Online,Booking.com,Booking.com,On Account,Canceled,,djhzkw.153801@guest.booking.com,+34 605 16 29 04,,"Child Ages: 6  payment_on_Booking.com (Payout type: BankTransfer)  Non-Smoking  ** THIS RESERVATION HAS BEEN PRE-PAID ** Approximate time of arrival: between 18:00 and 19:00 BOOKING NOTE : Payment charge is GBP 4.9136  Genius Booker  Promos: European Economic Area  There is no meal option with this room. Children and Extra Bed Policy: Children of any age are allowed. You haven't added any cots. You haven't added any extra beds. The maximum number of guests is 3.  Deposit Policy: The guest will be charged a prepayment of the total price of the reservation at any time.  Cancellation Policy: The guest can cancel free of charge until 7 days before arrival. The guest will be charged the total price of the reservation if they cancel in the 7 days before arrival. If the guest doesn’t show up, they will be charged the total price of the reservation.",,,,,"2026-08-25",,,,
Hotel Orlando by PLI,2026-09-11T09:27:31,203-002-281,XMD-207-923,2556277813,,Matteo,Bossetti,"2026-11-30","2026-12-04",4,Double room-Ensuite,Non Refundable,S Room 28 1st F,,1,0,GBP,390.00,0.00,270.00,120.00,Online,Expedia Affiliate Network,Expedia & Affiliate Network,Pay On Arrival,Confirmed,,renouf_2ecaa73ab3aa6@identityprotected.org,11111111111111,,"1 Double Bed Multi-room booking. Primary traveler:Tuti, Davide. 3 of 3 rooms. Event name: GHI Annual Conference 2026  Booking platform: HotelMap ",,,,,"2026-09-11",,,,
Hotel Orlando by PLI,2026-06-29T06:18:20,231-544-532,CKI-321-526,1418fb94e984-b561c27e034fbffd36b4e9f8d2fa01b3@airbnb.com,,Reserved,iCal,"2026-11-30","2026-12-05",5,Studio-Basic-Ensuite,Base Rate,Flat 24  ( GF Sino ),,1,0,GBP,0.00,0.00,0.00,0.00,iCal,ical1,,Deposit (Variable),Confirmed,,,,,Reservation URL: https://www.airbnb.com/hosting/reservations/details/HMD8DWHRXA,,,,,"2026-06-29",,,,
Hotel Orlando by PLI,2026-08-05T11:22:17,528-160-522,XZN-259-706,2527129722,,Adrian,Garcia,"2026-11-30","2026-12-10",10,Double room-Ensuite,Non Refundable,S Room 29 Mid 2nd F,,2,0,GBP,788.67,688.67,668.67,120.00,Online,Expedia Affiliate Network,Expedia & Affiliate Network,On Account,Confirmed,,noreply@w2m.com,11111111111,,"1 Double Bed Expedia collects payment from traveler: Hotel invoices Expedia. ",,,,,"2026-08-05",,,,
Hotel Orlando by PLI,2026-08-28T21:02:29,639-805-852,PHI-517-076,2545507979,,christopher,mckee,"2026-11-30","2026-12-02",2,Double room-Ensuite,,S Room 28 1st F,,1,0,GBP,0.00,0.00,0.00,0.00,Online,Expedia,Expedia & Affiliate Network,On Account,Canceled,,henleycroft2022@gmail.com,111111111111,,"Expedia collects payment from traveler: Hotel invoices Expedia. ",,,,,"2026-08-28",,,,
Hotel Orlando by PLI,2026-09-11T09:27:30,648-019-502,WJW-588-374,2556277812,,Monia,Quilli,"2026-11-30","2026-12-04",4,Double room-Ensuite,Non Refundable,S Room 25 Mid 1st F,,1,0,GBP,390.00,0.00,270.00,120.00,Online,Expedia Affiliate Network,Expedia & Affiliate Network,Pay On Arrival,Confirmed,,renouf_2ecaa73ab3aa6@identityprotected.org,11111111111111,,"1 Double Bed Multi-room booking. Primary traveler:Tuti, Davide. 2 of 3 rooms. Event name: GHI Annual Conference 2026  Booking platform: HotelMap ",,,,,"2026-09-11",,,,
Hotel Orlando by PLI,2025-11-23T13:02:42,648-319-524,EGS-964-022,5825082311,,Vanessa,Heide,"2026-11-30","2026-12-04",4,Triple room-Standard-Private Bathroom,,Room 9 1st Floor,,2,0,GBP,0.00,0.00,0.00,0.00,Online,Booking.com,Booking.com,On Account,Canceled,,vheide.613132@guest.booking.com,+49 1575 0606556,,"Non-Smoking  Promos: Mobile(App) Rate  There is no meal option with this room. Children and Extra Bed Policy: Children of any age are allowed. You haven't added any cots. You haven't added any extra beds. The maximum number of guests is 3.  Deposit Policy: The guest will be charged a prepayment of the total price of the reservation at any time.  Cancellation Policy: The guest can cancel free of charge until 7 days before arrival. The guest will be charged the total price of the reservation if they cancel in the 7 days before arrival.  payment_on_Booking.com (Payout type: BankTransfer)  ** THIS RESERVATION HAS BEEN PRE-PAID ** BOOKING NOTE : Payment charge is GBP 3.04  Genius Booker ",,,,,"2025-11-23",,,,
Hotel Orlando by PLI,2026-09-11T09:27:29,909-565-521,DRS-351-513,2556277810,,Davide,Tuti,"2026-11-30","2026-12-04",4,Double room-Ensuite,Non Refundable,S Room 35 3rd F,,1,0,GBP,390.00,0.00,270.00,120.00,Online,Expedia Affiliate Network,Expedia & Affiliate Network,Pay On Arrival,Confirmed,,renouf_2ecaa73ab3aa6@identityprotected.org,11111111111111,,"1 Double Bed Multi-room booking. Primary traveler:Tuti, Davide. 1 of 3 rooms. Event name: GHI Annual Conference 2026  Booking platform: HotelMap ",,,,,"2026-09-11",,,,
Hotel Orlando by PLI,2026-07-30T23:04:29,933-151-524,WAE-931-814,6940247884,,Amanda,Lee Viveros,"2026-11-30","2026-12-04",4,Single room-Standard-Ensuite,Non Refundable,Room 15 3rd Floor,,1,0,GBP,376.00,276.00,256.00,120.00,Online,Booking.com,Booking.com,On Account,Confirmed,,aviver.815113@guest.booking.com,+1 219 588 6431,,"Non-Smoking  There is no meal option with this room. Children and Extra Bed Policy: Children of any age are allowed. You haven't added any cots. You haven't added any extra beds. The maximum number of guests is 1.  Deposit Policy: The guest will be charged a prepayment of the total price of the reservation at any time.  Cancellation Policy: The guest can cancel free of charge until 7 days before arrival. The guest will be charged the total price of the reservation if they cancel in the 7 days before arrival. If the guest doesn’t show up, they will be charged the total price of the reservation.  payment_on_Booking.com (Payout type: BankTransfer)  ** THIS RESERVATION HAS BEEN PRE-PAID ** BOOKING NOTE : Payment charge is GBP 4.416  Genius Booker ",,,,,"2026-07-30",,,,
