Textbox80,Textbox84,Textbox4,Textbox10,Textbox1,Textbox34,Textbox39,Textbox6,Textbox143,Textbox9,Textbox3,Textbox31,Textbox5,Textbox7,Textbox11,Textbox14,Textbox8,Textbox38,Textbox50,Textbox46,Textbox17,Textbox42,Textbox131,Textbox82,Textbox15,Textbox21,Textbox12,Textbox13,Textbox27,Textbox58,Textbox61,Textbox49,Textbox25,Textbox45,Textbox54,Textbox20,ReceivedDateTime,PaymentID,Forename,GroupReference,Company,business_name,RoomId,OrderReference,BookingReference,transferred,Textbox24,BookedDate,CheckinDatetime,CheckoutDatetime,channel,channelreference,PaymentType2,PaymentMethod,CardType,CardLast4Digits,IsVirtual,Description,UserName,LastUpdatedDateTime,GWStart,GWEnd,GatewayReference,SettledAmount,SettledDate,Card1,Cash1,Vouchers1,Textbox29,OTAPrepaid1,Eviivo,OnAccount,Direct1,Textbox28,SettledAmount1,Card,Cash,Vouchers,Textbox32,OTAPrepaid,Textbox190,OnAccount1,Textbox2
Payments,Balance Transfers - to be paid by:,Payment Date,Payment ID,Guest Name,Group,Company,Property,Room,Order Ref.,Booking Ref,Booked On,Check-In,Check-Out,Channel,OTA Reference,Type,Payment Method,Card Type,Last 4 Digits,Virtual Card,Description,User,Updated,Sent to gateway,Confirmed by gateway,Gateway Reference,Settled Amount,Settled Date,Card,Cash / Bank,Vouchers,Total Paid,OTA,eviivo,Total,02/09/2026 00:07,50993242,Francisco José Quintero López,,,Hotel Orlando by PLI,S Room 23 GF,GDG-761-595,996-194-011,,Pre-arrival,02/09/2026 00:07,19-Feb-2027,22-Feb-2027,Booking.com,6748975989,Payment,Pre-Paid via OTA,,,,Prepaid via Booking.com,system@eviivo.com,02-Sep-26 00:07:38.043,,02-Sep-26 00:07:37.913,,,,,,,£ 0.00,£ 160.40,,,£ 160.40,Total Paid,,"£ 3,165.10",£ 15.00,£ 229.54,"£ 3,409.64","£ 127,447.80","£ 29,248.56",-£ 260.00,"£ 159,846.00"
Payments,Balance Transfers - to be paid by:,Payment Date,Payment ID,Guest Name,Group,Company,Property,Room,Order Ref.,Booking Ref,Booked On,Check-In,Check-Out,Channel,OTA Reference,Type,Payment Method,Card Type,Last 4 Digits,Virtual Card,Description,User,Updated,Sent to gateway,Confirmed by gateway,Gateway Reference,Settled Amount,Settled Date,Card,Cash / Bank,Vouchers,Total Paid,OTA,eviivo,Total,02/09/2026 11:14,50999338,Alex Mechetei,,,Hotel Orlando by PLI,Room 9 1st Floor,OYI-317-130,205-064-052,,Pre-arrival,02/09/2026 11:14,06-Nov-2026,08-Nov-2026,Booking.com,6748923312,Payment,Pre-Paid via OTA,,,,Prepaid via Booking.com,system@eviivo.com,02-Sep-26 11:14:33.621,,02-Sep-26 11:14:33.283,,,,,,,£ 0.00,£ 203.60,,,£ 203.60,Total Paid,,"£ 3,165.10",£ 15.00,£ 229.54,"£ 3,409.64","£ 127,447.80","£ 29,248.56",-£ 260.00,"£ 159,846.00"
Payments,Balance Transfers - to be paid by:,Payment Date,Payment ID,Guest Name,Group,Company,Property,Room,Order Ref.,Booking Ref,Booked On,Check-In,Check-Out,Channel,OTA Reference,Type,Payment Method,Card Type,Last 4 Digits,Virtual Card,Description,User,Updated,Sent to gateway,Confirmed by gateway,Gateway Reference,Settled Amount,Settled Date,Card,Cash / Bank,Vouchers,Total Paid,OTA,eviivo,Total,02/09/2026 11:20,50999467,Natalin Vladeanu,,,Hotel Orlando by PLI,S Room 19 BF - W/Sofa bed ,ADG-844-376,139-150-632,,Pre-arrival,02/09/2026 11:20,06-Nov-2026,08-Nov-2026,Booking.com,5164693568,Payment,Pre-Paid via OTA,,,,Prepaid via Booking.com,system@eviivo.com,02-Sep-26 11:20:45.898,,02-Sep-26 11:20:45.063,,,,,,,£ 0.00,£ 200.00,,,£ 200.00,Total Paid,,"£ 3,165.10",£ 15.00,£ 229.54,"£ 3,409.64","£ 127,447.80","£ 29,248.56",-£ 260.00,"£ 159,846.00"
Payments,Balance Transfers - to be paid by:,Payment Date,Payment ID,Guest Name,Group,Company,Property,Room,Order Ref.,Booking Ref,Booked On,Check-In,Check-Out,Channel,OTA Reference,Type,Payment Method,Card Type,Last 4 Digits,Virtual Card,Description,User,Updated,Sent to gateway,Confirmed by gateway,Gateway Reference,Settled Amount,Settled Date,Card,Cash / Bank,Vouchers,Total Paid,OTA,eviivo,Total,02/09/2026 13:04,51001298,Alexander DeVries,,,Hotel Orlando by PLI,S Room 27 1st F  W/Fridge,PCP-455-555,128-912-421,,Pre-arrival,02/09/2026 13:04,04-Sep-2026,06-Sep-2026,Booking.com,5980290366,Payment,Pre-Paid via OTA,,,,Prepaid via Booking.com,system@eviivo.com,02-Sep-26 13:04:23.951,,02-Sep-26 13:04:23.600,,,,,,,£ 0.00,£ 153.20,,,£ 153.20,Total Paid,,"£ 3,165.10",£ 15.00,£ 229.54,"£ 3,409.64","£ 127,447.80","£ 29,248.56",-£ 260.00,"£ 159,846.00"
Payments,Balance Transfers - to be paid by:,Payment Date,Payment ID,Guest Name,Group,Company,Property,Room,Order Ref.,Booking Ref,Booked On,Check-In,Check-Out,Channel,OTA Reference,Type,Payment Method,Card Type,Last 4 Digits,Virtual Card,Description,User,Updated,Sent to gateway,Confirmed by gateway,Gateway Reference,Settled Amount,Settled Date,Card,Cash / Bank,Vouchers,Total Paid,OTA,eviivo,Total,02/09/2026 15:17,51003848,Zoe Rak-Sakyi,,,Hotel Orlando by PLI,Flat 20 ( Basement sino ),UAP-612-182,844-561-134,,In House,02/09/2026 15:17,02-Sep-2026,03-Sep-2026,Airbnb,HMKS3PPWXJ,Payment,Pre-Paid via OTA,,,,Extras prepaid via Airbnb,system@eviivo.com,02-Sep-26 15:17:40.934,,02-Sep-26 15:17:40.160,,,,,,,£ 0.00,£ 76.00,,,£ 76.00,Total Paid,,"£ 3,165.10",£ 15.00,£ 229.54,"£ 3,409.64","£ 127,447.80","£ 29,248.56",-£ 260.00,"£ 159,846.00"
Payments,Balance Transfers - to be paid by:,Payment Date,Payment ID,Guest Name,Group,Company,Property,Room,Order Ref.,Booking Ref,Booked On,Check-In,Check-Out,Channel,OTA Reference,Type,Payment Method,Card Type,Last 4 Digits,Virtual Card,Description,User,Updated,Sent to gateway,Confirmed by gateway,Gateway Reference,Settled Amount,Settled Date,Card,Cash / Bank,Vouchers,Total Paid,OTA,eviivo,Total,02/09/2026 15:30,51004132,Nazareth Ruf Gómez,,,Hotel Orlando by PLI,Flat 5 ( GF Orlando ) -  Studio,DHV-663-035,248-316-041,,Pre-arrival,02/09/2026 15:30,24-Dec-2026,28-Dec-2026,Booking.com,5886537028,Payment,Pre-Paid via OTA,,,,Prepaid via Booking.com,system@eviivo.com,02-Sep-26 15:30:30.124,,02-Sep-26 15:30:29.926,,,,,,,£ 0.00,£ 457.40,,,£ 457.40,Total Paid,,"£ 3,165.10",£ 15.00,£ 229.54,"£ 3,409.64","£ 127,447.80","£ 29,248.56",-£ 260.00,"£ 159,846.00"
Payments,Balance Transfers - to be paid by:,Payment Date,Payment ID,Guest Name,Group,Company,Property,Room,Order Ref.,Booking Ref,Booked On,Check-In,Check-Out,Channel,OTA Reference,Type,Payment Method,Card Type,Last 4 Digits,Virtual Card,Description,User,Updated,Sent to gateway,Confirmed by gateway,Gateway Reference,Settled Amount,Settled Date,Card,Cash / Bank,Vouchers,Total Paid,OTA,eviivo,Total,02/09/2026 15:59,51004721,Liberty Rose,,,Hotel Orlando by PLI,S Room 28 1st F,BWM-082-800,808-990-491,,In House,01/09/2026 01:12,02-Sep-2026,03-Sep-2026,Booking.com,6476926986,Payment,Card/VCC via the System,Mastercard,6960,0,Guest Paid Online,eviivo suite,02-Sep-26 15:59:08.259,02-Sep-26 15:59:05.930,02-Sep-26 15:59:07.943,pi_3UBFd0R78xpaffA01JA8yqfr,,,£ 100.00,,,£ 100.00,,,,£ 100.00,Total Paid,,"£ 3,165.10",£ 15.00,£ 229.54,"£ 3,409.64","£ 127,447.80","£ 29,248.56",-£ 260.00,"£ 159,846.00"
Payments,Balance Transfers - to be paid by:,Payment Date,Payment ID,Guest Name,Group,Company,Property,Room,Order Ref.,Booking Ref,Booked On,Check-In,Check-Out,Channel,OTA Reference,Type,Payment Method,Card Type,Last 4 Digits,Virtual Card,Description,User,Updated,Sent to gateway,Confirmed by gateway,Gateway Reference,Settled Amount,Settled Date,Card,Cash / Bank,Vouchers,Total Paid,OTA,eviivo,Total,02/09/2026 16:05,51004867,Neneng Amelya,,,Hotel Orlando by PLI,Flat 2 ( Basement Orlando ),XAM-823-384,113-233-481,,Pre-arrival,02/09/2026 16:05,04-Sep-2026,06-Sep-2026,Booking.com,5920284467,Payment,Pre-Paid via OTA,,,,Prepaid via Booking.com,system@eviivo.com,02-Sep-26 16:05:30.242,,02-Sep-26 16:05:30.086,,,,,,,£ 0.00,£ 164.00,,,£ 164.00,Total Paid,,"£ 3,165.10",£ 15.00,£ 229.54,"£ 3,409.64","£ 127,447.80","£ 29,248.56",-£ 260.00,"£ 159,846.00"
Payments,Balance Transfers - to be paid by:,Payment Date,Payment ID,Guest Name,Group,Company,Property,Room,Order Ref.,Booking Ref,Booked On,Check-In,Check-Out,Channel,OTA Reference,Type,Payment Method,Card Type,Last 4 Digits,Virtual Card,Description,User,Updated,Sent to gateway,Confirmed by gateway,Gateway Reference,Settled Amount,Settled Date,Card,Cash / Bank,Vouchers,Total Paid,OTA,eviivo,Total,02/09/2026 16:26,51005362,Lena Klingestam,,,Hotel Orlando by PLI,Room 8 1st Floor,VDX-072-408,445-565-064,,On Account,02/09/2026 16:26,11-Sep-2026,16-Sep-2026,Expedia & Affiliate Network,2549228171,Payment,Pre-Paid via OTA,,,,Extras prepaid via Expedia,system@eviivo.com,02-Sep-26 16:26:46.967,,02-Sep-26 16:26:46.463,,,,,,,£ 0.00,,£ 485.01,,£ 485.01,Total Paid,,"£ 3,165.10",£ 15.00,£ 229.54,"£ 3,409.64","£ 127,447.80","£ 29,248.56",-£ 260.00,"£ 159,846.00"
Payments,Balance Transfers - to be paid by:,Payment Date,Payment ID,Guest Name,Group,Company,Property,Room,Order Ref.,Booking Ref,Booked On,Check-In,Check-Out,Channel,OTA Reference,Type,Payment Method,Card Type,Last 4 Digits,Virtual Card,Description,User,Updated,Sent to gateway,Confirmed by gateway,Gateway Reference,Settled Amount,Settled Date,Card,Cash / Bank,Vouchers,Total Paid,OTA,eviivo,Total,02/09/2026 16:56,51006010,MOHAMMED AL EZZI-BAZOO RIFAAT-LARAN AL EZZI-MIRAN AL EZZI,,,Hotel Orlando by PLI,S Room 28 1st F,HLK-274-188,350-435-441,,On Account,02/09/2026 16:56,15-Oct-2026,22-Oct-2026,Agoda,697117603,Payment,Pre-Paid via OTA,,,,Extras prepaid via Agoda,system@eviivo.com,02-Sep-26 16:56:27.417,,02-Sep-26 16:56:26.896,,,,,,,£ 0.00,,£ 696.25,,£ 696.25,Total Paid,,"£ 3,165.10",£ 15.00,£ 229.54,"£ 3,409.64","£ 127,447.80","£ 29,248.56",-£ 260.00,"£ 159,846.00"
Payments,Balance Transfers - to be paid by:,Payment Date,Payment ID,Guest Name,Group,Company,Property,Room,Order Ref.,Booking Ref,Booked On,Check-In,Check-Out,Channel,OTA Reference,Type,Payment Method,Card Type,Last 4 Digits,Virtual Card,Description,User,Updated,Sent to gateway,Confirmed by gateway,Gateway Reference,Settled Amount,Settled Date,Card,Cash / Bank,Vouchers,Total Paid,OTA,eviivo,Total,02/09/2026 17:33,51006866,Piotr Kuniński,,,Hotel Orlando by PLI,S Room 21 GF - SofaBed,UMI-442-732,615-601-832,,Pre-arrival,02/09/2026 17:33,03-Sep-2026,10-Sep-2026,Booking.com,5980296797,Payment,Pre-Paid via OTA,,,,Prepaid via Booking.com,system@eviivo.com,02-Sep-26 17:33:35.947,,02-Sep-26 17:33:35.636,,,,,,,£ 0.00,£ 487.10,,,£ 487.10,Total Paid,,"£ 3,165.10",£ 15.00,£ 229.54,"£ 3,409.64","£ 127,447.80","£ 29,248.56",-£ 260.00,"£ 159,846.00"
Payments,Balance Transfers - to be paid by:,Payment Date,Payment ID,Guest Name,Group,Company,Property,Room,Order Ref.,Booking Ref,Booked On,Check-In,Check-Out,Channel,OTA Reference,Type,Payment Method,Card Type,Last 4 Digits,Virtual Card,Description,User,Updated,Sent to gateway,Confirmed by gateway,Gateway Reference,Settled Amount,Settled Date,Card,Cash / Bank,Vouchers,Total Paid,OTA,eviivo,Total,02/09/2026 17:41,51007020,SHEILA CRUZ ARBELO,,,Hotel Orlando by PLI,Room 1 BF,YGJ-634-752,251-295-261,,Pre-arrival,02/09/2026 17:41,07-Dec-2026,12-Dec-2026,Booking.com,5451623517,Payment,Pre-Paid via OTA,,,,Prepaid via Booking.com,system@eviivo.com,02-Sep-26 17:41:34.126,,02-Sep-26 17:41:33.793,,,,,,,£ 0.00,£ 407.90,,,£ 407.90,Total Paid,,"£ 3,165.10",£ 15.00,£ 229.54,"£ 3,409.64","£ 127,447.80","£ 29,248.56",-£ 260.00,"£ 159,846.00"
Payments,Balance Transfers - to be paid by:,Payment Date,Payment ID,Guest Name,Group,Company,Property,Room,Order Ref.,Booking Ref,Booked On,Check-In,Check-Out,Channel,OTA Reference,Type,Payment Method,Card Type,Last 4 Digits,Virtual Card,Description,User,Updated,Sent to gateway,Confirmed by gateway,Gateway Reference,Settled Amount,Settled Date,Card,Cash / Bank,Vouchers,Total Paid,OTA,eviivo,Total,02/09/2026 17:51,51007260,Israel Omirin,,,Hotel Orlando by PLI,Room 11 2nd Floor,JDO-309-232,166-088-544,,On Account,02/09/2026 17:51,02-Sep-2026,04-Sep-2026,Expedia & Affiliate Network,2549293803,Payment,Pre-Paid via OTA,,,,Extras prepaid via Expedia,system@eviivo.com,02-Sep-26 17:51:50.139,,02-Sep-26 17:51:49.573,,,,,,,£ 0.00,,£ 92.00,,£ 92.00,Total Paid,,"£ 3,165.10",£ 15.00,£ 229.54,"£ 3,409.64","£ 127,447.80","£ 29,248.56",-£ 260.00,"£ 159,846.00"
Payments,Balance Transfers - to be paid by:,Payment Date,Payment ID,Guest Name,Group,Company,Property,Room,Order Ref.,Booking Ref,Booked On,Check-In,Check-Out,Channel,OTA Reference,Type,Payment Method,Card Type,Last 4 Digits,Virtual Card,Description,User,Updated,Sent to gateway,Confirmed by gateway,Gateway Reference,Settled Amount,Settled Date,Card,Cash / Bank,Vouchers,Total Paid,OTA,eviivo,Total,02/09/2026 18:18,51007726,Noelia Elena Tecar,,,Hotel Orlando by PLI,S Room 33 3rd F - W/Microwave &Fridge,CVV-288-919,694-415-934,,Pre-arrival,02/09/2026 18:17,02-Oct-2026,05-Oct-2026,Booking.com,5391018849,Payment,Pre-Paid via OTA,,,,Prepaid via Booking.com,system@eviivo.com,02-Sep-26 18:18:00.286,,02-Sep-26 18:18:00.173,,,,,,,£ 0.00,£ 275.60,,,£ 275.60,Total Paid,,"£ 3,165.10",£ 15.00,£ 229.54,"£ 3,409.64","£ 127,447.80","£ 29,248.56",-£ 260.00,"£ 159,846.00"
Payments,Balance Transfers - to be paid by:,Payment Date,Payment ID,Guest Name,Group,Company,Property,Room,Order Ref.,Booking Ref,Booked On,Check-In,Check-Out,Channel,OTA Reference,Type,Payment Method,Card Type,Last 4 Digits,Virtual Card,Description,User,Updated,Sent to gateway,Confirmed by gateway,Gateway Reference,Settled Amount,Settled Date,Card,Cash / Bank,Vouchers,Total Paid,OTA,eviivo,Total,02/09/2026 18:26,51007866,JAVIER ESQUIDE,,,Hotel Orlando by PLI,Room 4 GF,SFV-179-316,294-901-161,,Pre-arrival,02/09/2026 18:26,12-Oct-2026,16-Oct-2026,Booking.com,5920213108,Payment,Pre-Paid via OTA,,,,Prepaid via Booking.com,system@eviivo.com,02-Sep-26 18:26:03.144,,02-Sep-26 18:26:02.993,,,,,,,£ 0.00,£ 384.50,,,£ 384.50,Total Paid,,"£ 3,165.10",£ 15.00,£ 229.54,"£ 3,409.64","£ 127,447.80","£ 29,248.56",-£ 260.00,"£ 159,846.00"
Payments,Balance Transfers - to be paid by:,Payment Date,Payment ID,Guest Name,Group,Company,Property,Room,Order Ref.,Booking Ref,Booked On,Check-In,Check-Out,Channel,OTA Reference,Type,Payment Method,Card Type,Last 4 Digits,Virtual Card,Description,User,Updated,Sent to gateway,Confirmed by gateway,Gateway Reference,Settled Amount,Settled Date,Card,Cash / Bank,Vouchers,Total Paid,OTA,eviivo,Total,02/09/2026 18:47,51008237,Ilayda Yüksel,,,Hotel Orlando by PLI,Room 14 2nd Floor,ZWW-805-788,621-839-042,,In House,02/09/2026 18:47,02-Sep-2026,09-Sep-2026,Booking.com,5376271932,Payment,Pre-Paid via OTA,,,,Prepaid via Booking.com,system@eviivo.com,02-Sep-26 18:47:24.148,,02-Sep-26 18:47:23.936,,,,,,,£ 0.00,£ 380.00,,,£ 380.00,Total Paid,,"£ 3,165.10",£ 15.00,£ 229.54,"£ 3,409.64","£ 127,447.80","£ 29,248.56",-£ 260.00,"£ 159,846.00"
Payments,Balance Transfers - to be paid by:,Payment Date,Payment ID,Guest Name,Group,Company,Property,Room,Order Ref.,Booking Ref,Booked On,Check-In,Check-Out,Channel,OTA Reference,Type,Payment Method,Card Type,Last 4 Digits,Virtual Card,Description,User,Updated,Sent to gateway,Confirmed by gateway,Gateway Reference,Settled Amount,Settled Date,Card,Cash / Bank,Vouchers,Total Paid,OTA,eviivo,Total,02/09/2026 20:13,51009626,Fadela Abir,,,Hotel Orlando by PLI,Room 3 BF W/Microwave,ZCN-238-052,530-963-834,,Pre-arrival,02/09/2026 20:13,11-Sep-2026,12-Sep-2026,Booking.com,5451600975,Payment,Pre-Paid via OTA,,,,Prepaid via Booking.com,system@eviivo.com,02-Sep-26 20:13:39.376,,02-Sep-26 20:13:39.293,,,,,,,£ 0.00,£ 136.10,,,£ 136.10,Total Paid,,"£ 3,165.10",£ 15.00,£ 229.54,"£ 3,409.64","£ 127,447.80","£ 29,248.56",-£ 260.00,"£ 159,846.00"
Payments,Balance Transfers - to be paid by:,Payment Date,Payment ID,Guest Name,Group,Company,Property,Room,Order Ref.,Booking Ref,Booked On,Check-In,Check-Out,Channel,OTA Reference,Type,Payment Method,Card Type,Last 4 Digits,Virtual Card,Description,User,Updated,Sent to gateway,Confirmed by gateway,Gateway Reference,Settled Amount,Settled Date,Card,Cash / Bank,Vouchers,Total Paid,OTA,eviivo,Total,,51009983,Kornelia Maul,,,Hotel Orlando by PLI,Room 13 2nd Floor,EUQ-708-430,391-329-884,,On Account,02/09/2026 20:34,23-Nov-2027,29-Nov-2027,Booking.com,6427903489,(see above/below),(see above/below),,,,,system@eviivo.com,,,,,,,,,,£ 0.00,,,,,Total Paid,,"£ 3,165.10",£ 15.00,£ 229.54,"£ 3,409.64","£ 127,447.80","£ 29,248.56",-£ 260.00,"£ 159,846.00"
Payments,Balance Transfers - to be paid by:,Payment Date,Payment ID,Guest Name,Group,Company,Property,Room,Order Ref.,Booking Ref,Booked On,Check-In,Check-Out,Channel,OTA Reference,Type,Payment Method,Card Type,Last 4 Digits,Virtual Card,Description,User,Updated,Sent to gateway,Confirmed by gateway,Gateway Reference,Settled Amount,Settled Date,Card,Cash / Bank,Vouchers,Total Paid,OTA,eviivo,Total,02/09/2026 20:34,51009983,Kornelia Maul,,,Hotel Orlando by PLI,Room 15 3rd Floor,EUQ-708-430,498-361-352,,Pre-arrival,02/09/2026 20:34,23-Nov-2027,29-Nov-2027,Booking.com,6427903489,Payment,Pre-Paid via OTA,,,,Prepaid via Booking.com,system@eviivo.com,02-Sep-26 20:34:43.874,,02-Sep-26 20:34:43.436,,,,,,,£ 0.00,£ 553.00,,,£ 553.00,Total Paid,,"£ 3,165.10",£ 15.00,£ 229.54,"£ 3,409.64","£ 127,447.80","£ 29,248.56",-£ 260.00,"£ 159,846.00"
Payments,Balance Transfers - to be paid by:,Payment Date,Payment ID,Guest Name,Group,Company,Property,Room,Order Ref.,Booking Ref,Booked On,Check-In,Check-Out,Channel,OTA Reference,Type,Payment Method,Card Type,Last 4 Digits,Virtual Card,Description,User,Updated,Sent to gateway,Confirmed by gateway,Gateway Reference,Settled Amount,Settled Date,Card,Cash / Bank,Vouchers,Total Paid,OTA,eviivo,Total,02/09/2026 23:48,51012251,Arnav Kulkarni,,,Hotel Orlando by PLI,S Room 30 2nd F - W/Fridge,OPG-602-938,120-448-491,,Pre-arrival,02/09/2026 23:48,04-Sep-2026,06-Sep-2026,Booking.com,6322053818,Payment,Pre-Paid via OTA,,,,Prepaid via Booking.com,system@eviivo.com,02-Sep-26 23:48:06.370,,02-Sep-26 23:48:06.203,,,,,,,£ 0.00,£ 153.20,,,£ 153.20,Total Paid,,"£ 3,165.10",£ 15.00,£ 229.54,"£ 3,409.64","£ 127,447.80","£ 29,248.56",-£ 260.00,"£ 159,846.00"
Payments,Balance Transfers - to be paid by:,Payment Date,Payment ID,Guest Name,Group,Company,Property,Room,Order Ref.,Booking Ref,Booked On,Check-In,Check-Out,Channel,OTA Reference,Type,Payment Method,Card Type,Last 4 Digits,Virtual Card,Description,User,Updated,Sent to gateway,Confirmed by gateway,Gateway Reference,Settled Amount,Settled Date,Card,Cash / Bank,Vouchers,Total Paid,OTA,eviivo,Total,03/09/2026 06:39,51013942,ELISA GARCIA-TABARES,,,Hotel Orlando by PLI,Room 9 1st Floor,OCV-053-901,852-945-944,,Pre-arrival,03/09/2026 06:39,14-May-2027,16-May-2027,Booking.com,5135593710,Payment,Pre-Paid via OTA,,,,Prepaid via Booking.com,system@eviivo.com,03-Sep-26 06:39:43.026,,03-Sep-26 06:39:42.860,,,,,,,£ 0.00,£ 218.90,,,£ 218.90,Total Paid,,"£ 3,165.10",£ 15.00,£ 229.54,"£ 3,409.64","£ 127,447.80","£ 29,248.56",-£ 260.00,"£ 159,846.00"
Payments,Balance Transfers - to be paid by:,Payment Date,Payment ID,Guest Name,Group,Company,Property,Room,Order Ref.,Booking Ref,Booked On,Check-In,Check-Out,Channel,OTA Reference,Type,Payment Method,Card Type,Last 4 Digits,Virtual Card,Description,User,Updated,Sent to gateway,Confirmed by gateway,Gateway Reference,Settled Amount,Settled Date,Card,Cash / Bank,Vouchers,Total Paid,OTA,eviivo,Total,03/09/2026 11:18,51018549,ouaj ilias,,,Hotel Orlando by PLI,S Room 29 Mid 2nd F,MWG-368-703,500-234-832,,In House,30/08/2026 22:56,01-Sep-2026,04-Sep-2026,Booking.com,5622317541,Payment,Card/VCC via the System,Visa,6486,0,Guest Paid Online,eviivo suite,03-Sep-26 11:18:21.284,03-Sep-26 11:18:18.403,03-Sep-26 11:18:19.613,pi_3UBXioR78xpaffA02L0YrA2T,,,£ 15.00,,,£ 15.00,,,,£ 15.00,Total Paid,,"£ 3,165.10",£ 15.00,£ 229.54,"£ 3,409.64","£ 127,447.80","£ 29,248.56",-£ 260.00,"£ 159,846.00"
Payments,Balance Transfers - to be paid by:,Payment Date,Payment ID,Guest Name,Group,Company,Property,Room,Order Ref.,Booking Ref,Booked On,Check-In,Check-Out,Channel,OTA Reference,Type,Payment Method,Card Type,Last 4 Digits,Virtual Card,Description,User,Updated,Sent to gateway,Confirmed by gateway,Gateway Reference,Settled Amount,Settled Date,Card,Cash / Bank,Vouchers,Total Paid,OTA,eviivo,Total,03/09/2026 12:26,51019714,Veronica Carrabs,,,Hotel Orlando by PLI,Room 16 3rd Floor,PWD-139-363,842-014-531,,Pre-arrival,03/09/2026 12:25,04-Sep-2027,08-Sep-2027,Booking.com,5376539673,Payment,Pre-Paid via OTA,,,,Prepaid via Booking.com,system@eviivo.com,03-Sep-26 12:26:01.006,,03-Sep-26 12:26:00.666,,,,,,,£ 0.00,£ 164.00,,,£ 164.00,Total Paid,,"£ 3,165.10",£ 15.00,£ 229.54,"£ 3,409.64","£ 127,447.80","£ 29,248.56",-£ 260.00,"£ 159,846.00"
Payments,Balance Transfers - to be paid by:,Payment Date,Payment ID,Guest Name,Group,Company,Property,Room,Order Ref.,Booking Ref,Booked On,Check-In,Check-Out,Channel,OTA Reference,Type,Payment Method,Card Type,Last 4 Digits,Virtual Card,Description,User,Updated,Sent to gateway,Confirmed by gateway,Gateway Reference,Settled Amount,Settled Date,Card,Cash / Bank,Vouchers,Total Paid,OTA,eviivo,Total,03/09/2026 12:34,51019862,Nadjad Nouri,,,Hotel Orlando by PLI,Flat 24  ( GF Sino ) - Studio,UGW-116-696,269-044-531,,In House,09/08/2026 20:14,01-Sep-2026,07-Sep-2026,Booking.com,5830047039,Payment,Pre-Paid via OTA,,,,Prepaid via OTA,system@eviivo.com,03-Sep-26 12:34:17.647,,03-Sep-26 12:34:17.550,,,,,,,£ 0.00,£ 576.00,,,£ 576.00,Total Paid,,"£ 3,165.10",£ 15.00,£ 229.54,"£ 3,409.64","£ 127,447.80","£ 29,248.56",-£ 260.00,"£ 159,846.00"
Payments,Balance Transfers - to be paid by:,Payment Date,Payment ID,Guest Name,Group,Company,Property,Room,Order Ref.,Booking Ref,Booked On,Check-In,Check-Out,Channel,OTA Reference,Type,Payment Method,Card Type,Last 4 Digits,Virtual Card,Description,User,Updated,Sent to gateway,Confirmed by gateway,Gateway Reference,Settled Amount,Settled Date,Card,Cash / Bank,Vouchers,Total Paid,OTA,eviivo,Total,03/09/2026 12:58,51020270,Liam Worrall,,,Hotel Orlando by PLI,Room 13 2nd Floor,OYW-442-403,620-993-182,,Pre-arrival,03/09/2026 12:58,05-Sep-2026,11-Sep-2026,Booking.com,5135575444,Payment,Pre-Paid via OTA,,,,Prepaid via Booking.com,system@eviivo.com,03-Sep-26 12:58:59.305,,03-Sep-26 12:58:59.013,,,,,,,£ 0.00,£ 299.00,,,£ 299.00,Total Paid,,"£ 3,165.10",£ 15.00,£ 229.54,"£ 3,409.64","£ 127,447.80","£ 29,248.56",-£ 260.00,"£ 159,846.00"
Payments,Balance Transfers - to be paid by:,Payment Date,Payment ID,Guest Name,Group,Company,Property,Room,Order Ref.,Booking Ref,Booked On,Check-In,Check-Out,Channel,OTA Reference,Type,Payment Method,Card Type,Last 4 Digits,Virtual Card,Description,User,Updated,Sent to gateway,Confirmed by gateway,Gateway Reference,Settled Amount,Settled Date,Card,Cash / Bank,Vouchers,Total Paid,OTA,eviivo,Total,03/09/2026 13:16,51020575,Raldson Lavia,,,Hotel Orlando by PLI,S Room 28 1st F,CDO-893-027,483-564-802,,On Account,03/09/2026 13:16,09-Sep-2026,11-Sep-2026,Expedia & Affiliate Network,2549972851,Payment,Pre-Paid via OTA,,,,Extras prepaid via Expedia,system@eviivo.com,03-Sep-26 13:16:59.681,,03-Sep-26 13:16:58.863,,,,,,,£ 0.00,,£ 88.38,,£ 88.38,Total Paid,,"£ 3,165.10",£ 15.00,£ 229.54,"£ 3,409.64","£ 127,447.80","£ 29,248.56",-£ 260.00,"£ 159,846.00"
Payments,Balance Transfers - to be paid by:,Payment Date,Payment ID,Guest Name,Group,Company,Property,Room,Order Ref.,Booking Ref,Booked On,Check-In,Check-Out,Channel,OTA Reference,Type,Payment Method,Card Type,Last 4 Digits,Virtual Card,Description,User,Updated,Sent to gateway,Confirmed by gateway,Gateway Reference,Settled Amount,Settled Date,Card,Cash / Bank,Vouchers,Total Paid,OTA,eviivo,Total,03/09/2026 13:21,51020646,Abdi rashid Omer,,,Hotel Orlando by PLI,S Room 31 2nd FF,OWL-187-547,669-088-912,,On Account,03/09/2026 13:21,05-Sep-2026,13-Sep-2026,Expedia & Affiliate Network,2549975485,Payment,Pre-Paid via OTA,,,,Extras prepaid via Expedia Affiliate Network,system@eviivo.com,03-Sep-26 13:21:18.245,,03-Sep-26 13:21:17.406,,,,,,,£ 0.00,,£ 504.20,,£ 504.20,Total Paid,,"£ 3,165.10",£ 15.00,£ 229.54,"£ 3,409.64","£ 127,447.80","£ 29,248.56",-£ 260.00,"£ 159,846.00"
Payments,Balance Transfers - to be paid by:,Payment Date,Payment ID,Guest Name,Group,Company,Property,Room,Order Ref.,Booking Ref,Booked On,Check-In,Check-Out,Channel,OTA Reference,Type,Payment Method,Card Type,Last 4 Digits,Virtual Card,Description,User,Updated,Sent to gateway,Confirmed by gateway,Gateway Reference,Settled Amount,Settled Date,Card,Cash / Bank,Vouchers,Total Paid,OTA,eviivo,Total,03/09/2026 13:53,51021253,Rick Waterworth,,,Hotel Orlando by PLI,Room 11 2nd Floor,UDF-135-314,529-361-442,,Pre-arrival,03/09/2026 13:53,06-Sep-2026,07-Sep-2026,Booking.com,5073843963,Payment,Pre-Paid via OTA,,,,Prepaid via Booking.com,system@eviivo.com,03-Sep-26 13:53:20.799,,03-Sep-26 13:53:20.560,,,,,,,£ 0.00,£ 54.20,,,£ 54.20,Total Paid,,"£ 3,165.10",£ 15.00,£ 229.54,"£ 3,409.64","£ 127,447.80","£ 29,248.56",-£ 260.00,"£ 159,846.00"
Payments,Balance Transfers - to be paid by:,Payment Date,Payment ID,Guest Name,Group,Company,Property,Room,Order Ref.,Booking Ref,Booked On,Check-In,Check-Out,Channel,OTA Reference,Type,Payment Method,Card Type,Last 4 Digits,Virtual Card,Description,User,Updated,Sent to gateway,Confirmed by gateway,Gateway Reference,Settled Amount,Settled Date,Card,Cash / Bank,Vouchers,Total Paid,OTA,eviivo,Total,03/09/2026 14:55,51022443,James Doherty,,,Hotel Orlando by PLI,Flat 2 ( Basement Orlando ),GUZ-841-065,911-853-814,,Pre-arrival,03/09/2026 14:55,07-Sep-2026,11-Sep-2026,Booking.com,5602987273,Payment,Pre-Paid via OTA,,,,Prepaid via Booking.com,system@eviivo.com,03-Sep-26 14:55:50.848,,03-Sep-26 14:55:50.690,,,,,,,£ 0.00,£ 202.70,,,£ 202.70,Total Paid,,"£ 3,165.10",£ 15.00,£ 229.54,"£ 3,409.64","£ 127,447.80","£ 29,248.56",-£ 260.00,"£ 159,846.00"
Payments,Balance Transfers - to be paid by:,Payment Date,Payment ID,Guest Name,Group,Company,Property,Room,Order Ref.,Booking Ref,Booked On,Check-In,Check-Out,Channel,OTA Reference,Type,Payment Method,Card Type,Last 4 Digits,Virtual Card,Description,User,Updated,Sent to gateway,Confirmed by gateway,Gateway Reference,Settled Amount,Settled Date,Card,Cash / Bank,Vouchers,Total Paid,OTA,eviivo,Total,03/09/2026 14:57,51022493,Ikhinmwin Sherry,,,Hotel Orlando by PLI,S Room 35 3rd F,GOP-873-722,041-658-834,,Pre-arrival,03/09/2026 14:57,06-Sep-2026,09-Sep-2026,Booking.com,5376573291,Payment,Pre-Paid via OTA,,,,Prepaid via Booking.com,system@eviivo.com,03-Sep-26 14:57:40.926,,03-Sep-26 14:57:40.546,,,,,,,£ 0.00,£ 136.10,,,£ 136.10,Total Paid,,"£ 3,165.10",£ 15.00,£ 229.54,"£ 3,409.64","£ 127,447.80","£ 29,248.56",-£ 260.00,"£ 159,846.00"
Payments,Balance Transfers - to be paid by:,Payment Date,Payment ID,Guest Name,Group,Company,Property,Room,Order Ref.,Booking Ref,Booked On,Check-In,Check-Out,Channel,OTA Reference,Type,Payment Method,Card Type,Last 4 Digits,Virtual Card,Description,User,Updated,Sent to gateway,Confirmed by gateway,Gateway Reference,Settled Amount,Settled Date,Card,Cash / Bank,Vouchers,Total Paid,OTA,eviivo,Total,03/09/2026 15:09,51022774,Marius Langmaack,,,Hotel Orlando by PLI,Room 10 1st Floor,VYA-802-936,680-092-201,,Pre-arrival,03/09/2026 15:09,07-Sep-2026,11-Sep-2026,Booking.com,5611800399,Payment,Pre-Paid via OTA,,,,Prepaid via Booking.com,system@eviivo.com,03-Sep-26 15:10:00.021,,03-Sep-26 15:09:59.820,,,,,,,£ 0.00,£ 161.30,,,£ 161.30,Total Paid,,"£ 3,165.10",£ 15.00,£ 229.54,"£ 3,409.64","£ 127,447.80","£ 29,248.56",-£ 260.00,"£ 159,846.00"
Payments,Balance Transfers - to be paid by:,Payment Date,Payment ID,Guest Name,Group,Company,Property,Room,Order Ref.,Booking Ref,Booked On,Check-In,Check-Out,Channel,OTA Reference,Type,Payment Method,Card Type,Last 4 Digits,Virtual Card,Description,User,Updated,Sent to gateway,Confirmed by gateway,Gateway Reference,Settled Amount,Settled Date,Card,Cash / Bank,Vouchers,Total Paid,OTA,eviivo,Total,03/09/2026 15:37,51023281,Melanie Bubelach,,,Hotel Orlando by PLI,S Room 34 3rd F,FMA-806-019,930-648-112,,Pre-arrival,03/09/2026 15:37,17-Oct-2026,21-Oct-2026,Booking.com,5353860731,Payment,Pre-Paid via OTA,,,,Prepaid via Booking.com,system@eviivo.com,03-Sep-26 15:37:13.428,,03-Sep-26 15:37:13.056,,,,,,,£ 0.00,£ 342.20,,,£ 342.20,Total Paid,,"£ 3,165.10",£ 15.00,£ 229.54,"£ 3,409.64","£ 127,447.80","£ 29,248.56",-£ 260.00,"£ 159,846.00"
Payments,Balance Transfers - to be paid by:,Payment Date,Payment ID,Guest Name,Group,Company,Property,Room,Order Ref.,Booking Ref,Booked On,Check-In,Check-Out,Channel,OTA Reference,Type,Payment Method,Card Type,Last 4 Digits,Virtual Card,Description,User,Updated,Sent to gateway,Confirmed by gateway,Gateway Reference,Settled Amount,Settled Date,Card,Cash / Bank,Vouchers,Total Paid,OTA,eviivo,Total,03/09/2026 15:50,51023562,Sara Romaniello,,,Hotel Orlando by PLI,S Room 27 1st F  W/Fridge,ONJ-223-771,136-593-992,,Pre-arrival,03/09/2026 15:50,24-Sep-2026,29-Sep-2026,Booking.com,5376578065,Payment,Pre-Paid via OTA,,,,Prepaid via Booking.com,system@eviivo.com,03-Sep-26 15:50:25.432,,03-Sep-26 15:50:25.216,,,,,,,£ 0.00,£ 435.80,,,£ 435.80,Total Paid,,"£ 3,165.10",£ 15.00,£ 229.54,"£ 3,409.64","£ 127,447.80","£ 29,248.56",-£ 260.00,"£ 159,846.00"
Payments,Balance Transfers - to be paid by:,Payment Date,Payment ID,Guest Name,Group,Company,Property,Room,Order Ref.,Booking Ref,Booked On,Check-In,Check-Out,Channel,OTA Reference,Type,Payment Method,Card Type,Last 4 Digits,Virtual Card,Description,User,Updated,Sent to gateway,Confirmed by gateway,Gateway Reference,Settled Amount,Settled Date,Card,Cash / Bank,Vouchers,Total Paid,OTA,eviivo,Total,03/09/2026 15:59,51023791,Ryan Kinsi,,,Hotel Orlando by PLI,Room 15 3rd Floor,AWK-516-909,338-311-362,,Pre-arrival,03/09/2026 15:59,07-Sep-2026,10-Sep-2026,Booking.com,5611853043,Payment,Pre-Paid via OTA,,,,Prepaid via Booking.com,system@eviivo.com,03-Sep-26 15:59:54.443,,03-Sep-26 15:59:54.156,,,,,,,£ 0.00,£ 116.30,,,£ 116.30,Total Paid,,"£ 3,165.10",£ 15.00,£ 229.54,"£ 3,409.64","£ 127,447.80","£ 29,248.56",-£ 260.00,"£ 159,846.00"
Payments,Balance Transfers - to be paid by:,Payment Date,Payment ID,Guest Name,Group,Company,Property,Room,Order Ref.,Booking Ref,Booked On,Check-In,Check-Out,Channel,OTA Reference,Type,Payment Method,Card Type,Last 4 Digits,Virtual Card,Description,User,Updated,Sent to gateway,Confirmed by gateway,Gateway Reference,Settled Amount,Settled Date,Card,Cash / Bank,Vouchers,Total Paid,OTA,eviivo,Total,03/09/2026 16:16,51024149,Cameron Patterson,,,Hotel Orlando by PLI,S Room 25 Mid 1st F,QZA-960-973,552-450-641,,On Account,03/09/2026 16:16,30-Sep-2026,04-Oct-2026,Expedia & Affiliate Network,2550102426,Payment,Pre-Paid via OTA,,,,Extras prepaid via Expedia Affiliate Network,system@eviivo.com,03-Sep-26 16:16:14.110,,03-Sep-26 16:16:13.466,,,,,,,£ 0.00,,£ 357.00,,£ 357.00,Total Paid,,"£ 3,165.10",£ 15.00,£ 229.54,"£ 3,409.64","£ 127,447.80","£ 29,248.56",-£ 260.00,"£ 159,846.00"
Payments,Balance Transfers - to be paid by:,Payment Date,Payment ID,Guest Name,Group,Company,Property,Room,Order Ref.,Booking Ref,Booked On,Check-In,Check-Out,Channel,OTA Reference,Type,Payment Method,Card Type,Last 4 Digits,Virtual Card,Description,User,Updated,Sent to gateway,Confirmed by gateway,Gateway Reference,Settled Amount,Settled Date,Card,Cash / Bank,Vouchers,Total Paid,OTA,eviivo,Total,03/09/2026 17:57,51026204,MUHAMMAD FARIZ BIN ABDUL AZIZ,,,Hotel Orlando by PLI,S Room 27 1st F  W/Fridge,UXC-827-803,520-284-441,,Pre-arrival,03/09/2026 17:57,09-Sep-2026,14-Sep-2026,Booking.com,5234069457,Payment,Pre-Paid via OTA,,,,Prepaid via Booking.com,system@eviivo.com,03-Sep-26 17:57:09.672,,03-Sep-26 17:57:09.403,,,,,,,£ 0.00,£ 348.50,,,£ 348.50,Total Paid,,"£ 3,165.10",£ 15.00,£ 229.54,"£ 3,409.64","£ 127,447.80","£ 29,248.56",-£ 260.00,"£ 159,846.00"
Payments,Balance Transfers - to be paid by:,Payment Date,Payment ID,Guest Name,Group,Company,Property,Room,Order Ref.,Booking Ref,Booked On,Check-In,Check-Out,Channel,OTA Reference,Type,Payment Method,Card Type,Last 4 Digits,Virtual Card,Description,User,Updated,Sent to gateway,Confirmed by gateway,Gateway Reference,Settled Amount,Settled Date,Card,Cash / Bank,Vouchers,Total Paid,OTA,eviivo,Total,03/09/2026 18:21,51026596,Beyza Simsek,,,Hotel Orlando by PLI,S Room 26 1st F - W/Fridge,SQN-378-462,831-506-214,,Pre-arrival,03/09/2026 18:21,04-Sep-2026,07-Sep-2026,Booking.com,5611845458,Payment,Pre-Paid via OTA,,,,Prepaid via Booking.com,system@eviivo.com,03-Sep-26 18:21:20.988,,03-Sep-26 18:21:20.730,,,,,,,£ 0.00,£ 214.40,,,£ 214.40,Total Paid,,"£ 3,165.10",£ 15.00,£ 229.54,"£ 3,409.64","£ 127,447.80","£ 29,248.56",-£ 260.00,"£ 159,846.00"
Payments,Balance Transfers - to be paid by:,Payment Date,Payment ID,Guest Name,Group,Company,Property,Room,Order Ref.,Booking Ref,Booked On,Check-In,Check-Out,Channel,OTA Reference,Type,Payment Method,Card Type,Last 4 Digits,Virtual Card,Description,User,Updated,Sent to gateway,Confirmed by gateway,Gateway Reference,Settled Amount,Settled Date,Card,Cash / Bank,Vouchers,Total Paid,OTA,eviivo,Total,03/09/2026 19:13,51027458,Margarida Botelho,,,Hotel Orlando by PLI,S Room 26 1st F - W/Fridge,JMU-758-054,951-903-022,,Pre-arrival,03/09/2026 19:13,08-Sep-2026,13-Sep-2026,Booking.com,5874199689,Payment,Pre-Paid via OTA,,,,Prepaid via Booking.com,system@eviivo.com,03-Sep-26 19:13:38.507,,03-Sep-26 19:13:38.306,,,,,,,£ 0.00,£ 331.40,,,£ 331.40,Total Paid,,"£ 3,165.10",£ 15.00,£ 229.54,"£ 3,409.64","£ 127,447.80","£ 29,248.56",-£ 260.00,"£ 159,846.00"
Payments,Balance Transfers - to be paid by:,Payment Date,Payment ID,Guest Name,Group,Company,Property,Room,Order Ref.,Booking Ref,Booked On,Check-In,Check-Out,Channel,OTA Reference,Type,Payment Method,Card Type,Last 4 Digits,Virtual Card,Description,User,Updated,Sent to gateway,Confirmed by gateway,Gateway Reference,Settled Amount,Settled Date,Card,Cash / Bank,Vouchers,Total Paid,OTA,eviivo,Total,03/09/2026 19:21,51027572,Teresa Villalba Agustin,,,Hotel Orlando by PLI,S Room 26 1st F - W/Fridge,AXG-541-557,204-049-062,,Pre-arrival,03/09/2026 19:21,26-Sep-2026,27-Sep-2026,Booking.com,5855109960,Payment,Pre-Paid via OTA,,,,Prepaid via Booking.com,system@eviivo.com,03-Sep-26 19:21:35.132,,03-Sep-26 19:21:34.933,,,,,,,£ 0.00,£ 117.20,,,£ 117.20,Total Paid,,"£ 3,165.10",£ 15.00,£ 229.54,"£ 3,409.64","£ 127,447.80","£ 29,248.56",-£ 260.00,"£ 159,846.00"
Payments,Balance Transfers - to be paid by:,Payment Date,Payment ID,Guest Name,Group,Company,Property,Room,Order Ref.,Booking Ref,Booked On,Check-In,Check-Out,Channel,OTA Reference,Type,Payment Method,Card Type,Last 4 Digits,Virtual Card,Description,User,Updated,Sent to gateway,Confirmed by gateway,Gateway Reference,Settled Amount,Settled Date,Card,Cash / Bank,Vouchers,Total Paid,OTA,eviivo,Total,03/09/2026 19:57,51028095,Michael Ladapo,,,Hotel Orlando by PLI,Room 8 1st Floor,IOR-949-692,631-529-184,,Pre-arrival,03/09/2026 19:57,07-Sep-2026,09-Sep-2026,Booking.com,6276047939,Payment,Pre-Paid via OTA,,,,Prepaid via Booking.com,system@eviivo.com,03-Sep-26 19:57:27.016,,03-Sep-26 19:57:26.723,,,,,,,£ 0.00,£ 110.00,,,£ 110.00,Total Paid,,"£ 3,165.10",£ 15.00,£ 229.54,"£ 3,409.64","£ 127,447.80","£ 29,248.56",-£ 260.00,"£ 159,846.00"
Payments,Balance Transfers - to be paid by:,Payment Date,Payment ID,Guest Name,Group,Company,Property,Room,Order Ref.,Booking Ref,Booked On,Check-In,Check-Out,Channel,OTA Reference,Type,Payment Method,Card Type,Last 4 Digits,Virtual Card,Description,User,Updated,Sent to gateway,Confirmed by gateway,Gateway Reference,Settled Amount,Settled Date,Card,Cash / Bank,Vouchers,Total Paid,OTA,eviivo,Total,03/09/2026 20:17,51028397,Marugah Randon Sean,,,Hotel Orlando by PLI,Room 14 2nd Floor,EAY-234-910,943-849-334,,Post Checkout,31/08/2026 08:55,31-Aug-2026,01-Sep-2026,Booking.com,6518578868,Refund,Card/VCC via the System,Mastercard,6153,0,,mohammed.samy@crownbs.com,03-Sep-26 20:17:35.474,03-Sep-26 20:17:33.750,03-Sep-26 20:17:35.127,re_3UAakDR78xpaffA009KMEjlG,,,-£ 200.00,,,-£ 200.00,,,,- £ 200.00,Total Paid,,"£ 3,165.10",£ 15.00,£ 229.54,"£ 3,409.64","£ 127,447.80","£ 29,248.56",-£ 260.00,"£ 159,846.00"
Payments,Balance Transfers - to be paid by:,Payment Date,Payment ID,Guest Name,Group,Company,Property,Room,Order Ref.,Booking Ref,Booked On,Check-In,Check-Out,Channel,OTA Reference,Type,Payment Method,Card Type,Last 4 Digits,Virtual Card,Description,User,Updated,Sent to gateway,Confirmed by gateway,Gateway Reference,Settled Amount,Settled Date,Card,Cash / Bank,Vouchers,Total Paid,OTA,eviivo,Total,,51028397,Marugah Randon Sean,,,Hotel Orlando by PLI,Room 10 1st Floor,EAY-234-910,993-283-444,,On Account,31/08/2026 08:55,31-Aug-2026,01-Sep-2026,Booking.com,6518578868,(see above/below),(see above/below),,,,,mohammed.samy@crownbs.com,,,,,,,,,,£ 0.00,,,,,Total Paid,,"£ 3,165.10",£ 15.00,£ 229.54,"£ 3,409.64","£ 127,447.80","£ 29,248.56",-£ 260.00,"£ 159,846.00"
Payments,Balance Transfers - to be paid by:,Payment Date,Payment ID,Guest Name,Group,Company,Property,Room,Order Ref.,Booking Ref,Booked On,Check-In,Check-Out,Channel,OTA Reference,Type,Payment Method,Card Type,Last 4 Digits,Virtual Card,Description,User,Updated,Sent to gateway,Confirmed by gateway,Gateway Reference,Settled Amount,Settled Date,Card,Cash / Bank,Vouchers,Total Paid,OTA,eviivo,Total,03/09/2026 20:17,51028400,Jean Marc Silvestre,,,Hotel Orlando by PLI,Room 1 BF,PEO-091-367,155-863-502,,Post Checkout,21/08/2026 05:35,26-Aug-2026,01-Sep-2026,Booking.com,6571888076,Refund,Card/VCC via the System,Visa,8061,0,,mohammed.samy@crownbs.com,03-Sep-26 20:18:01.061,03-Sep-26 20:17:59.707,03-Sep-26 20:18:00.753,re_3U8NZiR78xpaffA01EykBT3c,,,-£ 100.00,,,-£ 100.00,,,,- £ 100.00,Total Paid,,"£ 3,165.10",£ 15.00,£ 229.54,"£ 3,409.64","£ 127,447.80","£ 29,248.56",-£ 260.00,"£ 159,846.00"
Payments,Balance Transfers - to be paid by:,Payment Date,Payment ID,Guest Name,Group,Company,Property,Room,Order Ref.,Booking Ref,Booked On,Check-In,Check-Out,Channel,OTA Reference,Type,Payment Method,Card Type,Last 4 Digits,Virtual Card,Description,User,Updated,Sent to gateway,Confirmed by gateway,Gateway Reference,Settled Amount,Settled Date,Card,Cash / Bank,Vouchers,Total Paid,OTA,eviivo,Total,03/09/2026 20:18,51028402,Tinisha Charles,,,Hotel Orlando by PLI,Room 9 1st Floor,MIY-011-471,236-069-852,,Post Checkout,10/07/2026 00:19,30-Aug-2026,01-Sep-2026,Expedia & Affiliate Network,2505430742,Refund,Card/VCC via the System,Visa,0338,0,,mohammed.samy@crownbs.com,03-Sep-26 20:18:18.327,03-Sep-26 20:18:16.793,03-Sep-26 20:18:18.067,re_3TsRk2R78xpaffA02IhWvtKM,,,-£ 100.00,,,-£ 100.00,,,,- £ 100.00,Total Paid,,"£ 3,165.10",£ 15.00,£ 229.54,"£ 3,409.64","£ 127,447.80","£ 29,248.56",-£ 260.00,"£ 159,846.00"
Payments,Balance Transfers - to be paid by:,Payment Date,Payment ID,Guest Name,Group,Company,Property,Room,Order Ref.,Booking Ref,Booked On,Check-In,Check-Out,Channel,OTA Reference,Type,Payment Method,Card Type,Last 4 Digits,Virtual Card,Description,User,Updated,Sent to gateway,Confirmed by gateway,Gateway Reference,Settled Amount,Settled Date,Card,Cash / Bank,Vouchers,Total Paid,OTA,eviivo,Total,03/09/2026 20:18,51028403,Sue-Gen Uzuriaga Toro,,,Hotel Orlando by PLI,Room 4 GF,RYL-097-765,834-261-884,,Post Checkout,25/07/2026 10:02,24-Aug-2026,01-Sep-2026,Expedia & Affiliate Network,2518264844,Refund,Card/VCC via the System,Mastercard,2691,0,,mohammed.samy@crownbs.com,03-Sep-26 20:18:37.097,03-Sep-26 20:18:34.987,03-Sep-26 20:18:36.850,re_3U7Y9TR78xpaffA01sC25UQz,,,-£ 100.00,,,-£ 100.00,,,,- £ 100.00,Total Paid,,"£ 3,165.10",£ 15.00,£ 229.54,"£ 3,409.64","£ 127,447.80","£ 29,248.56",-£ 260.00,"£ 159,846.00"
Payments,Balance Transfers - to be paid by:,Payment Date,Payment ID,Guest Name,Group,Company,Property,Room,Order Ref.,Booking Ref,Booked On,Check-In,Check-Out,Channel,OTA Reference,Type,Payment Method,Card Type,Last 4 Digits,Virtual Card,Description,User,Updated,Sent to gateway,Confirmed by gateway,Gateway Reference,Settled Amount,Settled Date,Card,Cash / Bank,Vouchers,Total Paid,OTA,eviivo,Total,03/09/2026 20:18,51028408,Camara Smith,,,Hotel Orlando by PLI,S Room 19 BF - W/Sofa bed ,UOC-947-461,566-344-122,,Post Checkout,31/08/2026 12:42,31-Aug-2026,01-Sep-2026,Airbnb,HMTKAQA35K,Refund,Card/VCC via the System,Visa,2011,0,,mohammed.samy@crownbs.com,03-Sep-26 20:18:54.978,03-Sep-26 20:18:52.753,03-Sep-26 20:18:54.647,re_3UAWpDR78xpaffA00vYZDKES,,,-£ 100.00,,,-£ 100.00,,,,- £ 100.00,Total Paid,,"£ 3,165.10",£ 15.00,£ 229.54,"£ 3,409.64","£ 127,447.80","£ 29,248.56",-£ 260.00,"£ 159,846.00"
Payments,Balance Transfers - to be paid by:,Payment Date,Payment ID,Guest Name,Group,Company,Property,Room,Order Ref.,Booking Ref,Booked On,Check-In,Check-Out,Channel,OTA Reference,Type,Payment Method,Card Type,Last 4 Digits,Virtual Card,Description,User,Updated,Sent to gateway,Confirmed by gateway,Gateway Reference,Settled Amount,Settled Date,Card,Cash / Bank,Vouchers,Total Paid,OTA,eviivo,Total,03/09/2026 20:19,51028417,Joy Levittin,,,Hotel Orlando by PLI,Flat 5 ( GF Orlando ) -  Studio,ERR-971-529,853-950-292,,Post Checkout,31/08/2026 08:03,31-Aug-2026,01-Sep-2026,Booking.com,5573102236,Refund,Card/VCC via the System,Mastercard,5034,0,,mohammed.samy@crownbs.com,03-Sep-26 20:19:17.923,03-Sep-26 20:19:16.653,03-Sep-26 20:19:17.673,re_3UAYbbR78xpaffA01YTHnziV,,,-£ 100.00,,,-£ 100.00,,,,- £ 100.00,Total Paid,,"£ 3,165.10",£ 15.00,£ 229.54,"£ 3,409.64","£ 127,447.80","£ 29,248.56",-£ 260.00,"£ 159,846.00"
Payments,Balance Transfers - to be paid by:,Payment Date,Payment ID,Guest Name,Group,Company,Property,Room,Order Ref.,Booking Ref,Booked On,Check-In,Check-Out,Channel,OTA Reference,Type,Payment Method,Card Type,Last 4 Digits,Virtual Card,Description,User,Updated,Sent to gateway,Confirmed by gateway,Gateway Reference,Settled Amount,Settled Date,Card,Cash / Bank,Vouchers,Total Paid,OTA,eviivo,Total,03/09/2026 20:19,51028421,Laura Soria,,,Hotel Orlando by PLI,Room 6 GF,RKL-803-394,302-391-541,,Post Checkout,31/08/2026 14:28,31-Aug-2026,02-Sep-2026,Booking.com,6475164903,Refund,Card/VCC via the System,Visa,3387,0,,mohammed.samy@crownbs.com,03-Sep-26 20:19:37.395,03-Sep-26 20:19:34.633,03-Sep-26 20:19:37.113,re_3UAWEvR78xpaffA000U0Uwkg,,,-£ 100.00,,,-£ 100.00,,,,- £ 100.00,Total Paid,,"£ 3,165.10",£ 15.00,£ 229.54,"£ 3,409.64","£ 127,447.80","£ 29,248.56",-£ 260.00,"£ 159,846.00"
Payments,Balance Transfers - to be paid by:,Payment Date,Payment ID,Guest Name,Group,Company,Property,Room,Order Ref.,Booking Ref,Booked On,Check-In,Check-Out,Channel,OTA Reference,Type,Payment Method,Card Type,Last 4 Digits,Virtual Card,Description,User,Updated,Sent to gateway,Confirmed by gateway,Gateway Reference,Settled Amount,Settled Date,Card,Cash / Bank,Vouchers,Total Paid,OTA,eviivo,Total,03/09/2026 20:34,51028635,Aleks Mendla,,,Hotel Orlando by PLI,Room 7 Mid-First Floor,SLL-122-917,050-206-111,,Pre-arrival,03/09/2026 20:34,18-Feb-2027,21-Feb-2027,Booking.com,6056426253,Payment,Pre-Paid via OTA,,,,Prepaid via Booking.com,system@eviivo.com,03-Sep-26 20:34:26.952,,03-Sep-26 20:34:26.756,,,,,,,£ 0.00,£ 163.10,,,£ 163.10,Total Paid,,"£ 3,165.10",£ 15.00,£ 229.54,"£ 3,409.64","£ 127,447.80","£ 29,248.56",-£ 260.00,"£ 159,846.00"
Payments,Balance Transfers - to be paid by:,Payment Date,Payment ID,Guest Name,Group,Company,Property,Room,Order Ref.,Booking Ref,Booked On,Check-In,Check-Out,Channel,OTA Reference,Type,Payment Method,Card Type,Last 4 Digits,Virtual Card,Description,User,Updated,Sent to gateway,Confirmed by gateway,Gateway Reference,Settled Amount,Settled Date,Card,Cash / Bank,Vouchers,Total Paid,OTA,eviivo,Total,03/09/2026 20:45,51028801,Andrew Walden,,,Hotel Orlando by PLI,Room 3 BF W/Microwave,XZM-629-517,134-108-304,,Pre-arrival,03/09/2026 20:45,18-Feb-2027,22-Feb-2027,Booking.com,5611823940,Payment,Pre-Paid via OTA,,,,Prepaid via Booking.com,system@eviivo.com,03-Sep-26 20:45:38.263,,03-Sep-26 20:45:38.026,,,,,,,£ 0.00,£ 236.00,,,£ 236.00,Total Paid,,"£ 3,165.10",£ 15.00,£ 229.54,"£ 3,409.64","£ 127,447.80","£ 29,248.56",-£ 260.00,"£ 159,846.00"
Payments,Balance Transfers - to be paid by:,Payment Date,Payment ID,Guest Name,Group,Company,Property,Room,Order Ref.,Booking Ref,Booked On,Check-In,Check-Out,Channel,OTA Reference,Type,Payment Method,Card Type,Last 4 Digits,Virtual Card,Description,User,Updated,Sent to gateway,Confirmed by gateway,Gateway Reference,Settled Amount,Settled Date,Card,Cash / Bank,Vouchers,Total Paid,OTA,eviivo,Total,03/09/2026 21:12,51029223,Sahil Patel,,,Hotel Orlando by PLI,Flat 5 ( GF Orlando ) -  Studio,QWO-153-583,591-598-261,,Pre-arrival,03/09/2026 21:12,10-Sep-2026,14-Sep-2026,Booking.com,6347805115,Payment,Pre-Paid via OTA,,,,Prepaid via Booking.com,system@eviivo.com,03-Sep-26 21:12:21.018,,03-Sep-26 21:12:20.870,,,,,,,£ 0.00,£ 341.30,,,£ 341.30,Total Paid,,"£ 3,165.10",£ 15.00,£ 229.54,"£ 3,409.64","£ 127,447.80","£ 29,248.56",-£ 260.00,"£ 159,846.00"
Payments,Balance Transfers - to be paid by:,Payment Date,Payment ID,Guest Name,Group,Company,Property,Room,Order Ref.,Booking Ref,Booked On,Check-In,Check-Out,Channel,OTA Reference,Type,Payment Method,Card Type,Last 4 Digits,Virtual Card,Description,User,Updated,Sent to gateway,Confirmed by gateway,Gateway Reference,Settled Amount,Settled Date,Card,Cash / Bank,Vouchers,Total Paid,OTA,eviivo,Total,03/09/2026 21:45,51029681,Clement Grosso,,,Hotel Orlando by PLI,Room 14 2nd Floor,LUH-397-469,899-351-814,,Pre-arrival,03/09/2026 21:45,10-Sep-2026,15-Sep-2026,Booking.com,5138620565,Payment,Pre-Paid via OTA,,,,Prepaid via Booking.com,system@eviivo.com,03-Sep-26 21:45:09.236,,03-Sep-26 21:45:09.013,,,,,,,£ 0.00,£ 328.70,,,£ 328.70,Total Paid,,"£ 3,165.10",£ 15.00,£ 229.54,"£ 3,409.64","£ 127,447.80","£ 29,248.56",-£ 260.00,"£ 159,846.00"
Payments,Balance Transfers - to be paid by:,Payment Date,Payment ID,Guest Name,Group,Company,Property,Room,Order Ref.,Booking Ref,Booked On,Check-In,Check-Out,Channel,OTA Reference,Type,Payment Method,Card Type,Last 4 Digits,Virtual Card,Description,User,Updated,Sent to gateway,Confirmed by gateway,Gateway Reference,Settled Amount,Settled Date,Card,Cash / Bank,Vouchers,Total Paid,OTA,eviivo,Total,03/09/2026 22:20,51030110,Julian Rainford,,,Hotel Orlando by PLI,Flat 20 ( Basement sino ),BUD-970-498,832-920-164,,Pre-arrival,03/09/2026 22:20,02-Oct-2026,03-Oct-2026,Airbnb,HMHFW8KZJD,Payment,Pre-Paid via OTA,,,,Extras prepaid via Airbnb,system@eviivo.com,03-Sep-26 22:20:46.059,,03-Sep-26 22:20:45.576,,,,,,,£ 0.00,£ 144.00,,,£ 144.00,Total Paid,,"£ 3,165.10",£ 15.00,£ 229.54,"£ 3,409.64","£ 127,447.80","£ 29,248.56",-£ 260.00,"£ 159,846.00"
Payments,Balance Transfers - to be paid by:,Payment Date,Payment ID,Guest Name,Group,Company,Property,Room,Order Ref.,Booking Ref,Booked On,Check-In,Check-Out,Channel,OTA Reference,Type,Payment Method,Card Type,Last 4 Digits,Virtual Card,Description,User,Updated,Sent to gateway,Confirmed by gateway,Gateway Reference,Settled Amount,Settled Date,Card,Cash / Bank,Vouchers,Total Paid,OTA,eviivo,Total,03/09/2026 23:09,51030652,Marina Gutierrez Castro,,,Hotel Orlando by PLI,S Room 31 2nd FF,XSH-413-333,141-350-892,,On Account,03/09/2026 23:09,22-Oct-2026,26-Oct-2026,Expedia & Affiliate Network,2550402034,Payment,Pre-Paid via OTA,,,,Extras prepaid via Expedia Affiliate Network,system@eviivo.com,03-Sep-26 23:09:17.449,,03-Sep-26 23:09:16.736,,,,,,,£ 0.00,,£ 396.19,,£ 396.19,Total Paid,,"£ 3,165.10",£ 15.00,£ 229.54,"£ 3,409.64","£ 127,447.80","£ 29,248.56",-£ 260.00,"£ 159,846.00"
Payments,Balance Transfers - to be paid by:,Payment Date,Payment ID,Guest Name,Group,Company,Property,Room,Order Ref.,Booking Ref,Booked On,Check-In,Check-Out,Channel,OTA Reference,Type,Payment Method,Card Type,Last 4 Digits,Virtual Card,Description,User,Updated,Sent to gateway,Confirmed by gateway,Gateway Reference,Settled Amount,Settled Date,Card,Cash / Bank,Vouchers,Total Paid,OTA,eviivo,Total,04/09/2026 04:25,51032297,Arnold Kalobwe,,,Hotel Orlando by PLI,S Room 35 3rd F,WPU-218-286,199-512-584,,On Account,04/09/2026 04:25,09-Sep-2026,12-Sep-2026,Expedia & Affiliate Network,2550600416,Payment,Pre-Paid via OTA,,,,Extras prepaid via Expedia,system@eviivo.com,04-Sep-26 04:25:57.888,,04-Sep-26 04:25:57.353,,,,,,,£ 0.00,,£ 169.38,,£ 169.38,Total Paid,,"£ 3,165.10",£ 15.00,£ 229.54,"£ 3,409.64","£ 127,447.80","£ 29,248.56",-£ 260.00,"£ 159,846.00"
Payments,Balance Transfers - to be paid by:,Payment Date,Payment ID,Guest Name,Group,Company,Property,Room,Order Ref.,Booking Ref,Booked On,Check-In,Check-Out,Channel,OTA Reference,Type,Payment Method,Card Type,Last 4 Digits,Virtual Card,Description,User,Updated,Sent to gateway,Confirmed by gateway,Gateway Reference,Settled Amount,Settled Date,Card,Cash / Bank,Vouchers,Total Paid,OTA,eviivo,Total,04/09/2026 05:57,51032602,Romina Charnichart Jamaica,,,Hotel Orlando by PLI,Room 13 2nd Floor,NFZ-394-002,519-303-634,,Pre-arrival,04/09/2026 05:56,22-Dec-2027,30-Dec-2027,Booking.com,5768190931,Payment,Pre-Paid via OTA,,,,Prepaid via Booking.com,system@eviivo.com,04-Sep-26 05:57:01.701,,04-Sep-26 05:57:01.540,,,,,,,£ 0.00,£ 380.00,,,£ 380.00,Total Paid,,"£ 3,165.10",£ 15.00,£ 229.54,"£ 3,409.64","£ 127,447.80","£ 29,248.56",-£ 260.00,"£ 159,846.00"
Payments,Balance Transfers - to be paid by:,Payment Date,Payment ID,Guest Name,Group,Company,Property,Room,Order Ref.,Booking Ref,Booked On,Check-In,Check-Out,Channel,OTA Reference,Type,Payment Method,Card Type,Last 4 Digits,Virtual Card,Description,User,Updated,Sent to gateway,Confirmed by gateway,Gateway Reference,Settled Amount,Settled Date,Card,Cash / Bank,Vouchers,Total Paid,OTA,eviivo,Total,04/09/2026 09:08,51035202,Mariam Kassem,,,Hotel Orlando by PLI,S Room 35 3rd F,PNN-594-095,684-226-001,,Pre-arrival,04/09/2026 09:08,28-Sep-2026,02-Oct-2026,Booking.com,6626516989,Payment,Pre-Paid via OTA,,,,Prepaid via Booking.com,system@eviivo.com,04-Sep-26 09:08:47.722,,04-Sep-26 09:08:47.400,,,,,,,£ 0.00,£ 272.90,,,£ 272.90,Total Paid,,"£ 3,165.10",£ 15.00,£ 229.54,"£ 3,409.64","£ 127,447.80","£ 29,248.56",-£ 260.00,"£ 159,846.00"
Payments,Balance Transfers - to be paid by:,Payment Date,Payment ID,Guest Name,Group,Company,Property,Room,Order Ref.,Booking Ref,Booked On,Check-In,Check-Out,Channel,OTA Reference,Type,Payment Method,Card Type,Last 4 Digits,Virtual Card,Description,User,Updated,Sent to gateway,Confirmed by gateway,Gateway Reference,Settled Amount,Settled Date,Card,Cash / Bank,Vouchers,Total Paid,OTA,eviivo,Total,04/09/2026 10:33,51037069,Sophia Read,,,Hotel Orlando by PLI,Flat 20 ( Basement sino ),MWW-462-446,352-421-594,,Pre-arrival,04/09/2026 10:33,14-Apr-2027,18-Apr-2027,Booking.com,6662934030,Payment,Pre-Paid via OTA,,,,Prepaid via Booking.com,system@eviivo.com,04-Sep-26 10:33:09.201,,04-Sep-26 10:33:08.846,,,,,,,£ 0.00,£ 389.00,,,£ 389.00,Total Paid,,"£ 3,165.10",£ 15.00,£ 229.54,"£ 3,409.64","£ 127,447.80","£ 29,248.56",-£ 260.00,"£ 159,846.00"
Payments,Balance Transfers - to be paid by:,Payment Date,Payment ID,Guest Name,Group,Company,Property,Room,Order Ref.,Booking Ref,Booked On,Check-In,Check-Out,Channel,OTA Reference,Type,Payment Method,Card Type,Last 4 Digits,Virtual Card,Description,User,Updated,Sent to gateway,Confirmed by gateway,Gateway Reference,Settled Amount,Settled Date,Card,Cash / Bank,Vouchers,Total Paid,OTA,eviivo,Total,04/09/2026 10:35,51037122,Ivor Mercy,,,Hotel Orlando by PLI,Room 9 1st Floor,YYG-651-690,598-295-614,,Pre-arrival,04/09/2026 10:35,07-Sep-2026,11-Sep-2026,Booking.com,6447248617,Payment,Pre-Paid via OTA,,,,Prepaid via Booking.com,system@eviivo.com,04-Sep-26 10:35:44.518,,04-Sep-26 10:35:44.056,,,,,,,£ 0.00,£ 190.10,,,£ 190.10,Total Paid,,"£ 3,165.10",£ 15.00,£ 229.54,"£ 3,409.64","£ 127,447.80","£ 29,248.56",-£ 260.00,"£ 159,846.00"
Payments,Balance Transfers - to be paid by:,Payment Date,Payment ID,Guest Name,Group,Company,Property,Room,Order Ref.,Booking Ref,Booked On,Check-In,Check-Out,Channel,OTA Reference,Type,Payment Method,Card Type,Last 4 Digits,Virtual Card,Description,User,Updated,Sent to gateway,Confirmed by gateway,Gateway Reference,Settled Amount,Settled Date,Card,Cash / Bank,Vouchers,Total Paid,OTA,eviivo,Total,04/09/2026 11:34,51038267,Kamilia Khatib,,,Hotel Orlando by PLI,S Room 17 BF,ZEI-514-608,518-108-692,,Pre-arrival,04/09/2026 11:34,31-Oct-2026,13-Nov-2026,Booking.com,6667765544,Payment,Pre-Paid via OTA,,,,Prepaid via Booking.com,system@eviivo.com,04-Sep-26 11:34:37.102,,04-Sep-26 11:34:36.646,,,,,,,£ 0.00,£ 843.50,,,£ 843.50,Total Paid,,"£ 3,165.10",£ 15.00,£ 229.54,"£ 3,409.64","£ 127,447.80","£ 29,248.56",-£ 260.00,"£ 159,846.00"
Payments,Balance Transfers - to be paid by:,Payment Date,Payment ID,Guest Name,Group,Company,Property,Room,Order Ref.,Booking Ref,Booked On,Check-In,Check-Out,Channel,OTA Reference,Type,Payment Method,Card Type,Last 4 Digits,Virtual Card,Description,User,Updated,Sent to gateway,Confirmed by gateway,Gateway Reference,Settled Amount,Settled Date,Card,Cash / Bank,Vouchers,Total Paid,OTA,eviivo,Total,04/09/2026 11:38,51038348,Jess Richardson-Smith,,,Hotel Orlando by PLI,S Room 32 2nd F,RXC-412-074,549-280-664,,In House,04/09/2026 11:38,04-Sep-2026,05-Sep-2026,Booking.com,5359902482,Payment,Pre-Paid via OTA,,,,Prepaid via Booking.com,system@eviivo.com,04-Sep-26 11:38:48.607,,04-Sep-26 11:38:48.333,,,,,,,£ 0.00,£ 63.20,,,£ 63.20,Total Paid,,"£ 3,165.10",£ 15.00,£ 229.54,"£ 3,409.64","£ 127,447.80","£ 29,248.56",-£ 260.00,"£ 159,846.00"
Payments,Balance Transfers - to be paid by:,Payment Date,Payment ID,Guest Name,Group,Company,Property,Room,Order Ref.,Booking Ref,Booked On,Check-In,Check-Out,Channel,OTA Reference,Type,Payment Method,Card Type,Last 4 Digits,Virtual Card,Description,User,Updated,Sent to gateway,Confirmed by gateway,Gateway Reference,Settled Amount,Settled Date,Card,Cash / Bank,Vouchers,Total Paid,OTA,eviivo,Total,04/09/2026 11:44,51038441,Eugenie Sourial,,,Hotel Orlando by PLI,S Room 28 1st F,KSS-428-191,088-131-341,,Pre-arrival,04/09/2026 11:44,08-Sep-2026,09-Sep-2026,Booking.com,6780645883,Payment,Pre-Paid via OTA,,,,Prepaid via Booking.com,system@eviivo.com,04-Sep-26 11:44:41.916,,04-Sep-26 11:44:41.150,,,,,,,£ 0.00,£ 57.80,,,£ 57.80,Total Paid,,"£ 3,165.10",£ 15.00,£ 229.54,"£ 3,409.64","£ 127,447.80","£ 29,248.56",-£ 260.00,"£ 159,846.00"
Payments,Balance Transfers - to be paid by:,Payment Date,Payment ID,Guest Name,Group,Company,Property,Room,Order Ref.,Booking Ref,Booked On,Check-In,Check-Out,Channel,OTA Reference,Type,Payment Method,Card Type,Last 4 Digits,Virtual Card,Description,User,Updated,Sent to gateway,Confirmed by gateway,Gateway Reference,Settled Amount,Settled Date,Card,Cash / Bank,Vouchers,Total Paid,OTA,eviivo,Total,04/09/2026 12:53,51039687,Alex Cretoiu,,,Hotel Orlando by PLI,S Room 33 3rd F - W/Microwave &Fridge,NDL-585-036,635-594-922,,Pre-arrival,04/09/2026 12:53,05-Sep-2026,11-Sep-2026,Booking.com,5527237273,Payment,Pre-Paid via OTA,,,,Prepaid via Booking.com,system@eviivo.com,04-Sep-26 12:53:52.705,,04-Sep-26 12:53:52.186,,,,,,,£ 0.00,£ 301.70,,,£ 301.70,Total Paid,,"£ 3,165.10",£ 15.00,£ 229.54,"£ 3,409.64","£ 127,447.80","£ 29,248.56",-£ 260.00,"£ 159,846.00"
Payments,Balance Transfers - to be paid by:,Payment Date,Payment ID,Guest Name,Group,Company,Property,Room,Order Ref.,Booking Ref,Booked On,Check-In,Check-Out,Channel,OTA Reference,Type,Payment Method,Card Type,Last 4 Digits,Virtual Card,Description,User,Updated,Sent to gateway,Confirmed by gateway,Gateway Reference,Settled Amount,Settled Date,Card,Cash / Bank,Vouchers,Total Paid,OTA,eviivo,Total,04/09/2026 13:13,51040040,Sana Ali,,,Hotel Orlando by PLI,Room 6 GF,RZE-276-803,158-264-502,,Pre-arrival,04/09/2026 13:13,07-Sep-2026,10-Sep-2026,Booking.com,5302506552,Payment,Pre-Paid via OTA,,,,Prepaid via Booking.com,system@eviivo.com,04-Sep-26 13:13:31.591,,04-Sep-26 13:13:31.306,,,,,,,£ 0.00,£ 127.10,,,£ 127.10,Total Paid,,"£ 3,165.10",£ 15.00,£ 229.54,"£ 3,409.64","£ 127,447.80","£ 29,248.56",-£ 260.00,"£ 159,846.00"
Payments,Balance Transfers - to be paid by:,Payment Date,Payment ID,Guest Name,Group,Company,Property,Room,Order Ref.,Booking Ref,Booked On,Check-In,Check-Out,Channel,OTA Reference,Type,Payment Method,Card Type,Last 4 Digits,Virtual Card,Description,User,Updated,Sent to gateway,Confirmed by gateway,Gateway Reference,Settled Amount,Settled Date,Card,Cash / Bank,Vouchers,Total Paid,OTA,eviivo,Total,04/09/2026 13:26,51040296,Berhane Noah,,,Hotel Orlando by PLI,S Room 31 2nd FF,JPZ-501-033,508-221-214,,In House,03/09/2026 18:27,03-Sep-2026,05-Sep-2026,Booking.com,5073800881,Payment,Pre-Paid via OTA,,,,Prepaid via OTA,system@eviivo.com,04-Sep-26 13:26:58.554,,04-Sep-26 13:26:58.406,,,,,,,£ 0.00,£ 99.00,,,£ 99.00,Total Paid,,"£ 3,165.10",£ 15.00,£ 229.54,"£ 3,409.64","£ 127,447.80","£ 29,248.56",-£ 260.00,"£ 159,846.00"
Payments,Balance Transfers - to be paid by:,Payment Date,Payment ID,Guest Name,Group,Company,Property,Room,Order Ref.,Booking Ref,Booked On,Check-In,Check-Out,Channel,OTA Reference,Type,Payment Method,Card Type,Last 4 Digits,Virtual Card,Description,User,Updated,Sent to gateway,Confirmed by gateway,Gateway Reference,Settled Amount,Settled Date,Card,Cash / Bank,Vouchers,Total Paid,OTA,eviivo,Total,04/09/2026 13:28,51040327,Klevist Doda,,,Hotel Orlando by PLI,Room 3 BF W/Microwave,FWZ-848-097,025-348-642,,Post Checkout,03/09/2026 21:31,03-Sep-2026,04-Sep-2026,Booking.com,6542106576,Payment,Pre-Paid via OTA,,,,Prepaid via OTA,system@eviivo.com,04-Sep-26 13:28:14.739,,04-Sep-26 13:28:14.650,,,,,,,£ 0.00,£ 77.40,,,£ 77.40,Total Paid,,"£ 3,165.10",£ 15.00,£ 229.54,"£ 3,409.64","£ 127,447.80","£ 29,248.56",-£ 260.00,"£ 159,846.00"
Payments,Balance Transfers - to be paid by:,Payment Date,Payment ID,Guest Name,Group,Company,Property,Room,Order Ref.,Booking Ref,Booked On,Check-In,Check-Out,Channel,OTA Reference,Type,Payment Method,Card Type,Last 4 Digits,Virtual Card,Description,User,Updated,Sent to gateway,Confirmed by gateway,Gateway Reference,Settled Amount,Settled Date,Card,Cash / Bank,Vouchers,Total Paid,OTA,eviivo,Total,,51040327,Klevist Doda,,,Hotel Orlando by PLI,Room 16 3rd Floor,FWZ-848-097,146-345-524,,On Account,03/09/2026 21:31,03-Sep-2026,04-Sep-2026,Booking.com,6542106576,(see above/below),(see above/below),,,,,system@eviivo.com,,,,,,,,,,£ 0.00,,,,,Total Paid,,"£ 3,165.10",£ 15.00,£ 229.54,"£ 3,409.64","£ 127,447.80","£ 29,248.56",-£ 260.00,"£ 159,846.00"
Payments,Balance Transfers - to be paid by:,Payment Date,Payment ID,Guest Name,Group,Company,Property,Room,Order Ref.,Booking Ref,Booked On,Check-In,Check-Out,Channel,OTA Reference,Type,Payment Method,Card Type,Last 4 Digits,Virtual Card,Description,User,Updated,Sent to gateway,Confirmed by gateway,Gateway Reference,Settled Amount,Settled Date,Card,Cash / Bank,Vouchers,Total Paid,OTA,eviivo,Total,04/09/2026 13:43,51040611,Stefania Gurea,,,Hotel Orlando by PLI,S Room 30 2nd F - W/Fridge,IVY-526-907,889-931-904,,Pre-arrival,04/09/2026 13:43,08-Sep-2026,10-Sep-2026,Booking.com,5254550393,Payment,Pre-Paid via OTA,,,,Prepaid via Booking.com,system@eviivo.com,04-Sep-26 13:43:39.765,,04-Sep-26 13:43:39.336,,,,,,,£ 0.00,£ 102.80,,,£ 102.80,Total Paid,,"£ 3,165.10",£ 15.00,£ 229.54,"£ 3,409.64","£ 127,447.80","£ 29,248.56",-£ 260.00,"£ 159,846.00"
Payments,Balance Transfers - to be paid by:,Payment Date,Payment ID,Guest Name,Group,Company,Property,Room,Order Ref.,Booking Ref,Booked On,Check-In,Check-Out,Channel,OTA Reference,Type,Payment Method,Card Type,Last 4 Digits,Virtual Card,Description,User,Updated,Sent to gateway,Confirmed by gateway,Gateway Reference,Settled Amount,Settled Date,Card,Cash / Bank,Vouchers,Total Paid,OTA,eviivo,Total,04/09/2026 14:06,51041078,Biniam Estifanos,,,Hotel Orlando by PLI,Room 8 1st Floor,ALU-849-406,833-685-082,,Pre-arrival,04/09/2026 14:06,05-Sep-2026,07-Sep-2026,Booking.com,5254535361,Payment,Pre-Paid via OTA,,,,Prepaid via Booking.com,system@eviivo.com,04-Sep-26 14:06:44.949,,04-Sep-26 14:06:44.516,,,,,,,£ 0.00,£ 136.10,,,£ 136.10,Total Paid,,"£ 3,165.10",£ 15.00,£ 229.54,"£ 3,409.64","£ 127,447.80","£ 29,248.56",-£ 260.00,"£ 159,846.00"
Payments,Balance Transfers - to be paid by:,Payment Date,Payment ID,Guest Name,Group,Company,Property,Room,Order Ref.,Booking Ref,Booked On,Check-In,Check-Out,Channel,OTA Reference,Type,Payment Method,Card Type,Last 4 Digits,Virtual Card,Description,User,Updated,Sent to gateway,Confirmed by gateway,Gateway Reference,Settled Amount,Settled Date,Card,Cash / Bank,Vouchers,Total Paid,OTA,eviivo,Total,04/09/2026 14:42,51041838,Jess Richardson-Smith,,,Hotel Orlando by PLI,S Room 32 2nd F,RXC-412-074,549-280-664,,In House,04/09/2026 11:38,04-Sep-2026,05-Sep-2026,Booking.com,5359902482,Payment,Card/VCC via the System,Mastercard,4814,0,Guest Paid Online,eviivo suite,04-Sep-26 14:42:17.489,04-Sep-26 14:42:15.783,04-Sep-26 14:42:17.097,pi_3UBxNjR78xpaffA01mwJqndf,,,£ 100.00,,,£ 100.00,,,,£ 100.00,Total Paid,,"£ 3,165.10",£ 15.00,£ 229.54,"£ 3,409.64","£ 127,447.80","£ 29,248.56",-£ 260.00,"£ 159,846.00"
Payments,Balance Transfers - to be paid by:,Payment Date,Payment ID,Guest Name,Group,Company,Property,Room,Order Ref.,Booking Ref,Booked On,Check-In,Check-Out,Channel,OTA Reference,Type,Payment Method,Card Type,Last 4 Digits,Virtual Card,Description,User,Updated,Sent to gateway,Confirmed by gateway,Gateway Reference,Settled Amount,Settled Date,Card,Cash / Bank,Vouchers,Total Paid,OTA,eviivo,Total,04/09/2026 14:54,51042126,Miguel Suarez,,,Hotel Orlando by PLI,Room 1 BF,CDH-006-082,393-044-562,,On Account,04/09/2026 14:54,08-Sep-2026,10-Sep-2026,Expedia & Affiliate Network,2550915602,Payment,Pre-Paid via OTA,,,,Extras prepaid via Expedia Affiliate Network,system@eviivo.com,04-Sep-26 14:54:31.943,,04-Sep-26 14:54:31.320,,,,,,,£ 0.00,,£ 88.38,,£ 88.38,Total Paid,,"£ 3,165.10",£ 15.00,£ 229.54,"£ 3,409.64","£ 127,447.80","£ 29,248.56",-£ 260.00,"£ 159,846.00"
Payments,Balance Transfers - to be paid by:,Payment Date,Payment ID,Guest Name,Group,Company,Property,Room,Order Ref.,Booking Ref,Booked On,Check-In,Check-Out,Channel,OTA Reference,Type,Payment Method,Card Type,Last 4 Digits,Virtual Card,Description,User,Updated,Sent to gateway,Confirmed by gateway,Gateway Reference,Settled Amount,Settled Date,Card,Cash / Bank,Vouchers,Total Paid,OTA,eviivo,Total,04/09/2026 15:48,51043388,Darcy Stuart,,,Hotel Orlando by PLI,Room 3 BF W/Microwave,JDY-813-390,083-448-034,,Pre-arrival,04/09/2026 15:48,06-Sep-2026,10-Sep-2026,Booking.com,6396993643,Payment,Pre-Paid via OTA,,,,Prepaid via Booking.com,system@eviivo.com,04-Sep-26 15:48:58.510,,04-Sep-26 15:48:57.483,,,,,,,£ 0.00,£ 197.30,,,£ 197.30,Total Paid,,"£ 3,165.10",£ 15.00,£ 229.54,"£ 3,409.64","£ 127,447.80","£ 29,248.56",-£ 260.00,"£ 159,846.00"
Payments,Balance Transfers - to be paid by:,Payment Date,Payment ID,Guest Name,Group,Company,Property,Room,Order Ref.,Booking Ref,Booked On,Check-In,Check-Out,Channel,OTA Reference,Type,Payment Method,Card Type,Last 4 Digits,Virtual Card,Description,User,Updated,Sent to gateway,Confirmed by gateway,Gateway Reference,Settled Amount,Settled Date,Card,Cash / Bank,Vouchers,Total Paid,OTA,eviivo,Total,04/09/2026 16:27,51044305,Amelie IBOUADILENE,,,Hotel Orlando by PLI,Room 14 2nd Floor,JEA-989-195,669-326-861,,Pre-arrival,04/09/2026 16:27,09-Sep-2026,10-Sep-2026,Booking.com,6399357083,Payment,Pre-Paid via OTA,,,,Prepaid via Booking.com,system@eviivo.com,04-Sep-26 16:27:47.969,,04-Sep-26 16:27:47.786,,,,,,,£ 0.00,£ 54.20,,,£ 54.20,Total Paid,,"£ 3,165.10",£ 15.00,£ 229.54,"£ 3,409.64","£ 127,447.80","£ 29,248.56",-£ 260.00,"£ 159,846.00"
Payments,Balance Transfers - to be paid by:,Payment Date,Payment ID,Guest Name,Group,Company,Property,Room,Order Ref.,Booking Ref,Booked On,Check-In,Check-Out,Channel,OTA Reference,Type,Payment Method,Card Type,Last 4 Digits,Virtual Card,Description,User,Updated,Sent to gateway,Confirmed by gateway,Gateway Reference,Settled Amount,Settled Date,Card,Cash / Bank,Vouchers,Total Paid,OTA,eviivo,Total,04/09/2026 16:45,51044713,Martina Erente,,,Hotel Orlando by PLI,Room 11 2nd Floor,YNL-557-604,288-006-484,,Pre-arrival,04/09/2026 16:45,10-Sep-2026,12-Sep-2026,Booking.com,5623638148,Payment,Pre-Paid via OTA,,,,Prepaid via Booking.com,system@eviivo.com,04-Sep-26 16:45:50.109,,04-Sep-26 16:45:49.800,,,,,,,£ 0.00,£ 148.70,,,£ 148.70,Total Paid,,"£ 3,165.10",£ 15.00,£ 229.54,"£ 3,409.64","£ 127,447.80","£ 29,248.56",-£ 260.00,"£ 159,846.00"
Payments,Balance Transfers - to be paid by:,Payment Date,Payment ID,Guest Name,Group,Company,Property,Room,Order Ref.,Booking Ref,Booked On,Check-In,Check-Out,Channel,OTA Reference,Type,Payment Method,Card Type,Last 4 Digits,Virtual Card,Description,User,Updated,Sent to gateway,Confirmed by gateway,Gateway Reference,Settled Amount,Settled Date,Card,Cash / Bank,Vouchers,Total Paid,OTA,eviivo,Total,04/09/2026 16:51,51044851,Tanishq Goswami,,,Hotel Orlando by PLI,Room 1 BF,IFI-051-429,180-998-341,,Pre-arrival,04/09/2026 16:51,05-Sep-2026,08-Sep-2026,Booking.com,5623637053,Payment,Pre-Paid via OTA,,,,Prepaid via Booking.com,system@eviivo.com,04-Sep-26 16:51:57.847,,04-Sep-26 16:51:57.640,,,,,,,£ 0.00,£ 166.70,,,£ 166.70,Total Paid,,"£ 3,165.10",£ 15.00,£ 229.54,"£ 3,409.64","£ 127,447.80","£ 29,248.56",-£ 260.00,"£ 159,846.00"
Payments,Balance Transfers - to be paid by:,Payment Date,Payment ID,Guest Name,Group,Company,Property,Room,Order Ref.,Booking Ref,Booked On,Check-In,Check-Out,Channel,OTA Reference,Type,Payment Method,Card Type,Last 4 Digits,Virtual Card,Description,User,Updated,Sent to gateway,Confirmed by gateway,Gateway Reference,Settled Amount,Settled Date,Card,Cash / Bank,Vouchers,Total Paid,OTA,eviivo,Total,04/09/2026 17:37,51045834,Mark Walker,,,Hotel Orlando by PLI,Room 11 2nd Floor,TZI-630-244,921-619-292,,On Account,04/09/2026 17:37,08-Sep-2026,10-Sep-2026,Expedia & Affiliate Network,2551041906,Payment,Pre-Paid via OTA,,,,Extras prepaid via Expedia,system@eviivo.com,04-Sep-26 17:37:26.629,,04-Sep-26 17:37:26.126,,,,,,,£ 0.00,,£ 88.38,,£ 88.38,Total Paid,,"£ 3,165.10",£ 15.00,£ 229.54,"£ 3,409.64","£ 127,447.80","£ 29,248.56",-£ 260.00,"£ 159,846.00"
Payments,Balance Transfers - to be paid by:,Payment Date,Payment ID,Guest Name,Group,Company,Property,Room,Order Ref.,Booking Ref,Booked On,Check-In,Check-Out,Channel,OTA Reference,Type,Payment Method,Card Type,Last 4 Digits,Virtual Card,Description,User,Updated,Sent to gateway,Confirmed by gateway,Gateway Reference,Settled Amount,Settled Date,Card,Cash / Bank,Vouchers,Total Paid,OTA,eviivo,Total,04/09/2026 17:51,51046113,Devon Wise,,,Hotel Orlando by PLI,Room 8 1st Floor,CPB-173-120,859-024-622,,Pre-arrival,04/09/2026 17:51,09-Sep-2026,10-Sep-2026,Booking.com,6388390672,Payment,Pre-Paid via OTA,,,,Prepaid via Booking.com,system@eviivo.com,04-Sep-26 17:51:03.451,,04-Sep-26 17:51:02.770,,,,,,,£ 0.00,£ 57.80,,,£ 57.80,Total Paid,,"£ 3,165.10",£ 15.00,£ 229.54,"£ 3,409.64","£ 127,447.80","£ 29,248.56",-£ 260.00,"£ 159,846.00"
Payments,Balance Transfers - to be paid by:,Payment Date,Payment ID,Guest Name,Group,Company,Property,Room,Order Ref.,Booking Ref,Booked On,Check-In,Check-Out,Channel,OTA Reference,Type,Payment Method,Card Type,Last 4 Digits,Virtual Card,Description,User,Updated,Sent to gateway,Confirmed by gateway,Gateway Reference,Settled Amount,Settled Date,Card,Cash / Bank,Vouchers,Total Paid,OTA,eviivo,Total,04/09/2026 19:06,51047470,Najibullah Khak Sar,,,Hotel Orlando by PLI,Room 7 Mid-First Floor,DPC-383-792,912-614-362,,In House,04/09/2026 19:06,04-Sep-2026,05-Sep-2026,Booking.com,5367082160,Payment,Pre-Paid via OTA,,,,Prepaid via Booking.com,system@eviivo.com,04-Sep-26 19:06:23.201,,04-Sep-26 19:06:23.003,,,,,,,£ 0.00,£ 63.20,,,£ 63.20,Total Paid,,"£ 3,165.10",£ 15.00,£ 229.54,"£ 3,409.64","£ 127,447.80","£ 29,248.56",-£ 260.00,"£ 159,846.00"
Payments,Balance Transfers - to be paid by:,Payment Date,Payment ID,Guest Name,Group,Company,Property,Room,Order Ref.,Booking Ref,Booked On,Check-In,Check-Out,Channel,OTA Reference,Type,Payment Method,Card Type,Last 4 Digits,Virtual Card,Description,User,Updated,Sent to gateway,Confirmed by gateway,Gateway Reference,Settled Amount,Settled Date,Card,Cash / Bank,Vouchers,Total Paid,OTA,eviivo,Total,04/09/2026 19:58,51048283,jenny martin,,,Hotel Orlando by PLI,Room 3 BF W/Microwave,PEW-380-508,895-299-922,,Pre-arrival,04/09/2026 19:58,24-Jul-2027,25-Jul-2027,Booking.com,5254576160,Payment,Pre-Paid via OTA,,,,Prepaid via Booking.com,system@eviivo.com,04-Sep-26 19:58:23.328,,04-Sep-26 19:58:23.076,,,,,,,£ 0.00,£ 120.80,,,£ 120.80,Total Paid,,"£ 3,165.10",£ 15.00,£ 229.54,"£ 3,409.64","£ 127,447.80","£ 29,248.56",-£ 260.00,"£ 159,846.00"
Payments,Balance Transfers - to be paid by:,Payment Date,Payment ID,Guest Name,Group,Company,Property,Room,Order Ref.,Booking Ref,Booked On,Check-In,Check-Out,Channel,OTA Reference,Type,Payment Method,Card Type,Last 4 Digits,Virtual Card,Description,User,Updated,Sent to gateway,Confirmed by gateway,Gateway Reference,Settled Amount,Settled Date,Card,Cash / Bank,Vouchers,Total Paid,OTA,eviivo,Total,04/09/2026 20:17,51048562,Kyle Mcleod,,,Hotel Orlando by PLI,S Room 28 1st F,TQF-275-954,182-432-341,,In House,04/09/2026 20:17,04-Sep-2026,05-Sep-2026,Booking.com,5887414688,Payment,Pre-Paid via OTA,,,,Prepaid via Booking.com,system@eviivo.com,04-Sep-26 20:17:09.815,,04-Sep-26 20:17:09.580,,,,,,,£ 0.00,£ 63.20,,,£ 63.20,Total Paid,,"£ 3,165.10",£ 15.00,£ 229.54,"£ 3,409.64","£ 127,447.80","£ 29,248.56",-£ 260.00,"£ 159,846.00"
Payments,Balance Transfers - to be paid by:,Payment Date,Payment ID,Guest Name,Group,Company,Property,Room,Order Ref.,Booking Ref,Booked On,Check-In,Check-Out,Channel,OTA Reference,Type,Payment Method,Card Type,Last 4 Digits,Virtual Card,Description,User,Updated,Sent to gateway,Confirmed by gateway,Gateway Reference,Settled Amount,Settled Date,Card,Cash / Bank,Vouchers,Total Paid,OTA,eviivo,Total,04/09/2026 20:57,51049124,Kyle Mcleod,,,Hotel Orlando by PLI,S Room 28 1st F,TQF-275-954,182-432-341,,In House,04/09/2026 20:17,04-Sep-2026,05-Sep-2026,Booking.com,5887414688,Payment,Card/VCC via the System,Mastercard,6531,0,Guest Paid Online,eviivo suite,04-Sep-26 20:57:46.933,04-Sep-26 20:57:45.183,04-Sep-26 20:57:46.623,pi_3UC3F7R78xpaffA00RAucAyD,,,£ 100.00,,,£ 100.00,,,,£ 100.00,Total Paid,,"£ 3,165.10",£ 15.00,£ 229.54,"£ 3,409.64","£ 127,447.80","£ 29,248.56",-£ 260.00,"£ 159,846.00"
Payments,Balance Transfers - to be paid by:,Payment Date,Payment ID,Guest Name,Group,Company,Property,Room,Order Ref.,Booking Ref,Booked On,Check-In,Check-Out,Channel,OTA Reference,Type,Payment Method,Card Type,Last 4 Digits,Virtual Card,Description,User,Updated,Sent to gateway,Confirmed by gateway,Gateway Reference,Settled Amount,Settled Date,Card,Cash / Bank,Vouchers,Total Paid,OTA,eviivo,Total,04/09/2026 21:14,51049407,Giuliano Di PAOLA,,,Hotel Orlando by PLI,Room 9 1st Floor,DUP-606-215,250-482-432,,Pre-arrival,04/09/2026 21:14,28-May-2027,01-Jun-2027,Booking.com,6662950135,Payment,Pre-Paid via OTA,,,,Prepaid via Booking.com,system@eviivo.com,04-Sep-26 21:14:26.292,,04-Sep-26 21:14:25.730,,,,,,,£ 0.00,£ 347.60,,,£ 347.60,Total Paid,,"£ 3,165.10",£ 15.00,£ 229.54,"£ 3,409.64","£ 127,447.80","£ 29,248.56",-£ 260.00,"£ 159,846.00"
Payments,Balance Transfers - to be paid by:,Payment Date,Payment ID,Guest Name,Group,Company,Property,Room,Order Ref.,Booking Ref,Booked On,Check-In,Check-Out,Channel,OTA Reference,Type,Payment Method,Card Type,Last 4 Digits,Virtual Card,Description,User,Updated,Sent to gateway,Confirmed by gateway,Gateway Reference,Settled Amount,Settled Date,Card,Cash / Bank,Vouchers,Total Paid,OTA,eviivo,Total,04/09/2026 21:45,51049817,Francesca RB,,,Hotel Orlando by PLI,Room 1 BF,YKK-855-060,512-063-641,,In House,04/09/2026 21:45,04-Sep-2026,05-Sep-2026,Booking.com,6482201715,Payment,Pre-Paid via OTA,,,,Prepaid via Booking.com,system@eviivo.com,04-Sep-26 21:45:38.463,,04-Sep-26 21:45:38.146,,,,,,,£ 0.00,£ 63.20,,,£ 63.20,Total Paid,,"£ 3,165.10",£ 15.00,£ 229.54,"£ 3,409.64","£ 127,447.80","£ 29,248.56",-£ 260.00,"£ 159,846.00"
Payments,Balance Transfers - to be paid by:,Payment Date,Payment ID,Guest Name,Group,Company,Property,Room,Order Ref.,Booking Ref,Booked On,Check-In,Check-Out,Channel,OTA Reference,Type,Payment Method,Card Type,Last 4 Digits,Virtual Card,Description,User,Updated,Sent to gateway,Confirmed by gateway,Gateway Reference,Settled Amount,Settled Date,Card,Cash / Bank,Vouchers,Total Paid,OTA,eviivo,Total,04/09/2026 21:54,51049931,Ghinwa Hmeedeh,,,Hotel Orlando by PLI,Room 3 BF W/Microwave,RQC-803-287,043-514-284,,Pre-arrival,04/09/2026 21:53,18-Sep-2026,20-Sep-2026,Airbnb,HMEKCY98H3,Payment,Pre-Paid via OTA,,,,Extras prepaid via Airbnb,system@eviivo.com,04-Sep-26 21:54:00.924,,04-Sep-26 21:54:00.433,,,,,,,£ 0.00,£ 237.00,,,£ 237.00,Total Paid,,"£ 3,165.10",£ 15.00,£ 229.54,"£ 3,409.64","£ 127,447.80","£ 29,248.56",-£ 260.00,"£ 159,846.00"
Payments,Balance Transfers - to be paid by:,Payment Date,Payment ID,Guest Name,Group,Company,Property,Room,Order Ref.,Booking Ref,Booked On,Check-In,Check-Out,Channel,OTA Reference,Type,Payment Method,Card Type,Last 4 Digits,Virtual Card,Description,User,Updated,Sent to gateway,Confirmed by gateway,Gateway Reference,Settled Amount,Settled Date,Card,Cash / Bank,Vouchers,Total Paid,OTA,eviivo,Total,04/09/2026 22:06,51050083,susana castro rosa,,,Hotel Orlando by PLI,S Room 29 Mid 2nd F,ZQX-415-028,224-231-222,,On Account,04/09/2026 22:06,09-Sep-2026,11-Sep-2026,Expedia & Affiliate Network,2551227891,Payment,Pre-Paid via OTA,,,,Extras prepaid via Expedia Affiliate Network,system@eviivo.com,04-Sep-26 22:06:51.756,,04-Sep-26 22:06:51.246,,,,,,,£ 0.00,,£ 116.00,,£ 116.00,Total Paid,,"£ 3,165.10",£ 15.00,£ 229.54,"£ 3,409.64","£ 127,447.80","£ 29,248.56",-£ 260.00,"£ 159,846.00"
Payments,Balance Transfers - to be paid by:,Payment Date,Payment ID,Guest Name,Group,Company,Property,Room,Order Ref.,Booking Ref,Booked On,Check-In,Check-Out,Channel,OTA Reference,Type,Payment Method,Card Type,Last 4 Digits,Virtual Card,Description,User,Updated,Sent to gateway,Confirmed by gateway,Gateway Reference,Settled Amount,Settled Date,Card,Cash / Bank,Vouchers,Total Paid,OTA,eviivo,Total,05/09/2026 01:33,51051895,Najibullah Khak Sar,,,Hotel Orlando by PLI,Room 7 Mid-First Floor,DPC-383-792,912-614-362,,Post Checkout,04/09/2026 19:06,04-Sep-2026,05-Sep-2026,Booking.com,5367082160,Payment,Card/VCC via the System,Visa,6812,0,Guest Paid Online,eviivo suite,05-Sep-26 01:34:02.612,05-Sep-26 01:33:59.873,05-Sep-26 01:34:02.250,pi_3UC7YSR78xpaffA00TssHhlm,,,£ 100.00,,,£ 100.00,,,,£ 100.00,Total Paid,,"£ 3,165.10",£ 15.00,£ 229.54,"£ 3,409.64","£ 127,447.80","£ 29,248.56",-£ 260.00,"£ 159,846.00"
Payments,Balance Transfers - to be paid by:,Payment Date,Payment ID,Guest Name,Group,Company,Property,Room,Order Ref.,Booking Ref,Booked On,Check-In,Check-Out,Channel,OTA Reference,Type,Payment Method,Card Type,Last 4 Digits,Virtual Card,Description,User,Updated,Sent to gateway,Confirmed by gateway,Gateway Reference,Settled Amount,Settled Date,Card,Cash / Bank,Vouchers,Total Paid,OTA,eviivo,Total,05/09/2026 11:06,51056829,Dominika Ignacak,,,Hotel Orlando by PLI,Room 1 BF,FMW-576-912,358-845-282,,Pre-arrival,05/09/2026 11:06,05-Dec-2026,06-Dec-2026,Booking.com,5015994626,Payment,Pre-Paid via OTA,,,,Prepaid via Booking.com,system@eviivo.com,05-Sep-26 11:06:43.880,,05-Sep-26 11:06:43.543,,,,,,,£ 0.00,£ 118.10,,,£ 118.10,Total Paid,,"£ 3,165.10",£ 15.00,£ 229.54,"£ 3,409.64","£ 127,447.80","£ 29,248.56",-£ 260.00,"£ 159,846.00"
Payments,Balance Transfers - to be paid by:,Payment Date,Payment ID,Guest Name,Group,Company,Property,Room,Order Ref.,Booking Ref,Booked On,Check-In,Check-Out,Channel,OTA Reference,Type,Payment Method,Card Type,Last 4 Digits,Virtual Card,Description,User,Updated,Sent to gateway,Confirmed by gateway,Gateway Reference,Settled Amount,Settled Date,Card,Cash / Bank,Vouchers,Total Paid,OTA,eviivo,Total,05/09/2026 11:34,51057246,Cohen Ogilvie,,,Hotel Orlando by PLI,Room 7 Mid-First Floor,REF-680-361,150-821-432,,Post Checkout,31/08/2026 08:46,31-Aug-2026,03-Sep-2026,Booking.com,6469153175,Refund,Card/VCC via the System,Mastercard,9804,0,,mohammed.samy@crownbs.com,05-Sep-26 11:34:07.835,05-Sep-26 11:34:06.000,05-Sep-26 11:34:07.403,re_3UAVaQR78xpaffA00M4uXxUU,,,-£ 100.00,,,-£ 100.00,,,,- £ 100.00,Total Paid,,"£ 3,165.10",£ 15.00,£ 229.54,"£ 3,409.64","£ 127,447.80","£ 29,248.56",-£ 260.00,"£ 159,846.00"
Payments,Balance Transfers - to be paid by:,Payment Date,Payment ID,Guest Name,Group,Company,Property,Room,Order Ref.,Booking Ref,Booked On,Check-In,Check-Out,Channel,OTA Reference,Type,Payment Method,Card Type,Last 4 Digits,Virtual Card,Description,User,Updated,Sent to gateway,Confirmed by gateway,Gateway Reference,Settled Amount,Settled Date,Card,Cash / Bank,Vouchers,Total Paid,OTA,eviivo,Total,05/09/2026 11:34,51057250,Tobias Heid,,,Hotel Orlando by PLI,Room 3 BF W/Microwave,JHA-049-491,900-426-441,,Post Checkout,31/08/2026 12:07,31-Aug-2026,03-Sep-2026,Booking.com,6675165715,Refund,Card/VCC via the System,Visa,1515,0,,mohammed.samy@crownbs.com,05-Sep-26 11:34:20.442,05-Sep-26 11:34:18.550,05-Sep-26 11:34:20.067,re_3UAcR7R78xpaffA000eoGJf1,,,-£ 100.00,,,-£ 100.00,,,,- £ 100.00,Total Paid,,"£ 3,165.10",£ 15.00,£ 229.54,"£ 3,409.64","£ 127,447.80","£ 29,248.56",-£ 260.00,"£ 159,846.00"
Payments,Balance Transfers - to be paid by:,Payment Date,Payment ID,Guest Name,Group,Company,Property,Room,Order Ref.,Booking Ref,Booked On,Check-In,Check-Out,Channel,OTA Reference,Type,Payment Method,Card Type,Last 4 Digits,Virtual Card,Description,User,Updated,Sent to gateway,Confirmed by gateway,Gateway Reference,Settled Amount,Settled Date,Card,Cash / Bank,Vouchers,Total Paid,OTA,eviivo,Total,05/09/2026 11:34,51057253,George Draghici,,,Hotel Orlando by PLI,Room 15 3rd Floor,KEV-601-025,409-832-111,,Post Checkout,31/08/2026 07:30,31-Aug-2026,03-Sep-2026,Booking.com,5152287866,Refund,Card/VCC via the System,Visa,2004,0,,mohammed.samy@crownbs.com,05-Sep-26 11:34:32.710,05-Sep-26 11:34:30.853,05-Sep-26 11:34:32.340,re_3UAVZFR78xpaffA01nIe2Y3B,,,-£ 100.00,,,-£ 100.00,,,,- £ 100.00,Total Paid,,"£ 3,165.10",£ 15.00,£ 229.54,"£ 3,409.64","£ 127,447.80","£ 29,248.56",-£ 260.00,"£ 159,846.00"
Payments,Balance Transfers - to be paid by:,Payment Date,Payment ID,Guest Name,Group,Company,Property,Room,Order Ref.,Booking Ref,Booked On,Check-In,Check-Out,Channel,OTA Reference,Type,Payment Method,Card Type,Last 4 Digits,Virtual Card,Description,User,Updated,Sent to gateway,Confirmed by gateway,Gateway Reference,Settled Amount,Settled Date,Card,Cash / Bank,Vouchers,Total Paid,OTA,eviivo,Total,05/09/2026 11:34,51057258,Liberty Rose,,,Hotel Orlando by PLI,S Room 28 1st F,BWM-082-800,808-990-491,,Post Checkout,01/09/2026 01:12,02-Sep-2026,03-Sep-2026,Booking.com,6476926986,Refund,Card/VCC via the System,Mastercard,6960,0,,mohammed.samy@crownbs.com,05-Sep-26 11:34:45.154,05-Sep-26 11:34:43.347,05-Sep-26 11:34:44.713,re_3UBFd0R78xpaffA01GWOLCYd,,,-£ 100.00,,,-£ 100.00,,,,- £ 100.00,Total Paid,,"£ 3,165.10",£ 15.00,£ 229.54,"£ 3,409.64","£ 127,447.80","£ 29,248.56",-£ 260.00,"£ 159,846.00"
Payments,Balance Transfers - to be paid by:,Payment Date,Payment ID,Guest Name,Group,Company,Property,Room,Order Ref.,Booking Ref,Booked On,Check-In,Check-Out,Channel,OTA Reference,Type,Payment Method,Card Type,Last 4 Digits,Virtual Card,Description,User,Updated,Sent to gateway,Confirmed by gateway,Gateway Reference,Settled Amount,Settled Date,Card,Cash / Bank,Vouchers,Total Paid,OTA,eviivo,Total,05/09/2026 11:34,51057261,ouaj ilias,,,Hotel Orlando by PLI,S Room 29 Mid 2nd F,MWG-368-703,500-234-832,,Post Checkout,30/08/2026 22:56,01-Sep-2026,04-Sep-2026,Booking.com,5622317541,Refund,Card/VCC via the System,Visa,6486,0,,mohammed.samy@crownbs.com,05-Sep-26 11:35:01.175,05-Sep-26 11:34:58.190,05-Sep-26 11:34:59.173,re_3UBXioR78xpaffA02v8gfB79,,,-£ 15.00,,,-£ 15.00,,,,- £ 15.00,Total Paid,,"£ 3,165.10",£ 15.00,£ 229.54,"£ 3,409.64","£ 127,447.80","£ 29,248.56",-£ 260.00,"£ 159,846.00"
Payments,Balance Transfers - to be paid by:,Payment Date,Payment ID,Guest Name,Group,Company,Property,Room,Order Ref.,Booking Ref,Booked On,Check-In,Check-Out,Channel,OTA Reference,Type,Payment Method,Card Type,Last 4 Digits,Virtual Card,Description,User,Updated,Sent to gateway,Confirmed by gateway,Gateway Reference,Settled Amount,Settled Date,Card,Cash / Bank,Vouchers,Total Paid,OTA,eviivo,Total,05/09/2026 11:34,51057262,ouaj ilias,,,Hotel Orlando by PLI,S Room 29 Mid 2nd F,MWG-368-703,500-234-832,,Post Checkout,30/08/2026 22:56,01-Sep-2026,04-Sep-2026,Booking.com,5622317541,Refund,Card/VCC via the System,Visa,6486,0,,mohammed.samy@crownbs.com,05-Sep-26 11:35:01.545,05-Sep-26 11:34:59.207,05-Sep-26 11:35:00.770,re_1UCGw3R78xpaffA0KF2SqVl7,,,-£ 85.00,,,-£ 85.00,,,,- £ 85.00,Total Paid,,"£ 3,165.10",£ 15.00,£ 229.54,"£ 3,409.64","£ 127,447.80","£ 29,248.56",-£ 260.00,"£ 159,846.00"
Payments,Balance Transfers - to be paid by:,Payment Date,Payment ID,Guest Name,Group,Company,Property,Room,Order Ref.,Booking Ref,Booked On,Check-In,Check-Out,Channel,OTA Reference,Type,Payment Method,Card Type,Last 4 Digits,Virtual Card,Description,User,Updated,Sent to gateway,Confirmed by gateway,Gateway Reference,Settled Amount,Settled Date,Card,Cash / Bank,Vouchers,Total Paid,OTA,eviivo,Total,05/09/2026 12:54,51058548,Estibaliz Banuet Galindez,,,Hotel Orlando by PLI,S Room 34 3rd F,JUM-383-271,592-911-054,,Pre-arrival,05/09/2026 12:54,12-Sep-2026,16-Sep-2026,Booking.com,6396907190,Payment,Pre-Paid via OTA,,,,Prepaid via Booking.com,system@eviivo.com,05-Sep-26 12:54:53.087,,05-Sep-26 12:54:52.816,,,,,,,£ 0.00,£ 280.10,,,£ 280.10,Total Paid,,"£ 3,165.10",£ 15.00,£ 229.54,"£ 3,409.64","£ 127,447.80","£ 29,248.56",-£ 260.00,"£ 159,846.00"
Payments,Balance Transfers - to be paid by:,Payment Date,Payment ID,Guest Name,Group,Company,Property,Room,Order Ref.,Booking Ref,Booked On,Check-In,Check-Out,Channel,OTA Reference,Type,Payment Method,Card Type,Last 4 Digits,Virtual Card,Description,User,Updated,Sent to gateway,Confirmed by gateway,Gateway Reference,Settled Amount,Settled Date,Card,Cash / Bank,Vouchers,Total Paid,OTA,eviivo,Total,05/09/2026 14:18,51059962,Shiman Dong,,,Hotel Orlando by PLI,S Room 28 1st F,CZQ-592-085,104-816-351,,Pre-arrival,05/09/2026 14:18,12-Sep-2026,19-Sep-2026,Booking.com,5623600614,Payment,Pre-Paid via OTA,,,,Prepaid via Booking.com,system@eviivo.com,05-Sep-26 14:18:21.213,,05-Sep-26 14:18:21.036,,,,,,,£ 0.00,£ 454.70,,,£ 454.70,Total Paid,,"£ 3,165.10",£ 15.00,£ 229.54,"£ 3,409.64","£ 127,447.80","£ 29,248.56",-£ 260.00,"£ 159,846.00"
Payments,Balance Transfers - to be paid by:,Payment Date,Payment ID,Guest Name,Group,Company,Property,Room,Order Ref.,Booking Ref,Booked On,Check-In,Check-Out,Channel,OTA Reference,Type,Payment Method,Card Type,Last 4 Digits,Virtual Card,Description,User,Updated,Sent to gateway,Confirmed by gateway,Gateway Reference,Settled Amount,Settled Date,Card,Cash / Bank,Vouchers,Total Paid,OTA,eviivo,Total,05/09/2026 16:01,51062098,Sergi Andreu Simó,,,Hotel Orlando by PLI,S Room 30 2nd F - W/Fridge,EXI-145-388,042-830-514,,Pre-arrival,05/09/2026 16:01,25-Sep-2026,27-Sep-2026,Booking.com,5274915109,Payment,Pre-Paid via OTA,,,,Prepaid via Booking.com,system@eviivo.com,05-Sep-26 16:01:16.937,,05-Sep-26 16:01:16.473,,,,,,,£ 0.00,£ 222.50,,,£ 222.50,Total Paid,,"£ 3,165.10",£ 15.00,£ 229.54,"£ 3,409.64","£ 127,447.80","£ 29,248.56",-£ 260.00,"£ 159,846.00"
Payments,Balance Transfers - to be paid by:,Payment Date,Payment ID,Guest Name,Group,Company,Property,Room,Order Ref.,Booking Ref,Booked On,Check-In,Check-Out,Channel,OTA Reference,Type,Payment Method,Card Type,Last 4 Digits,Virtual Card,Description,User,Updated,Sent to gateway,Confirmed by gateway,Gateway Reference,Settled Amount,Settled Date,Card,Cash / Bank,Vouchers,Total Paid,OTA,eviivo,Total,05/09/2026 19:15,51065416,Julio Gomes de Araujo,,,Hotel Orlando by PLI,S Room 23 GF,AFI-771-106,662-688-824,,On Account,05/09/2026 19:15,24-Sep-2026,27-Sep-2026,Expedia & Affiliate Network,2551824518,Payment,Pre-Paid via OTA,,,,Extras prepaid via Expedia Affiliate Network,system@eviivo.com,05-Sep-26 19:15:44.577,,05-Sep-26 19:15:44.016,,,,,,,£ 0.00,,£ 270.19,,£ 270.19,Total Paid,,"£ 3,165.10",£ 15.00,£ 229.54,"£ 3,409.64","£ 127,447.80","£ 29,248.56",-£ 260.00,"£ 159,846.00"
Payments,Balance Transfers - to be paid by:,Payment Date,Payment ID,Guest Name,Group,Company,Property,Room,Order Ref.,Booking Ref,Booked On,Check-In,Check-Out,Channel,OTA Reference,Type,Payment Method,Card Type,Last 4 Digits,Virtual Card,Description,User,Updated,Sent to gateway,Confirmed by gateway,Gateway Reference,Settled Amount,Settled Date,Card,Cash / Bank,Vouchers,Total Paid,OTA,eviivo,Total,05/09/2026 19:23,51065532,Leo Cooke,,,Hotel Orlando by PLI,S Room 32 2nd F,DGW-117-637,528-292-601,,Pre-arrival,05/09/2026 19:23,26-Sep-2026,27-Sep-2026,Booking.com,6358946274,Payment,Pre-Paid via OTA,,,,Prepaid via Booking.com,system@eviivo.com,05-Sep-26 19:23:59.671,,05-Sep-26 19:23:59.533,,,,,,,£ 0.00,£ 93.80,,,£ 93.80,Total Paid,,"£ 3,165.10",£ 15.00,£ 229.54,"£ 3,409.64","£ 127,447.80","£ 29,248.56",-£ 260.00,"£ 159,846.00"
Payments,Balance Transfers - to be paid by:,Payment Date,Payment ID,Guest Name,Group,Company,Property,Room,Order Ref.,Booking Ref,Booked On,Check-In,Check-Out,Channel,OTA Reference,Type,Payment Method,Card Type,Last 4 Digits,Virtual Card,Description,User,Updated,Sent to gateway,Confirmed by gateway,Gateway Reference,Settled Amount,Settled Date,Card,Cash / Bank,Vouchers,Total Paid,OTA,eviivo,Total,05/09/2026 20:26,51066323,Enzo Chiapparelli,,,Hotel Orlando by PLI,S Room 31 2nd FF,IHQ-981-111,440-598-841,,On Account,05/09/2026 20:26,03-Feb-2027,06-Feb-2027,Expedia & Affiliate Network,2551864879,Payment,Pre-Paid via OTA,,,,Extras prepaid via Expedia Affiliate Network,system@eviivo.com,05-Sep-26 20:26:14.833,,05-Sep-26 20:26:14.423,,,,,,,£ 0.00,,£ 173.87,,£ 173.87,Total Paid,,"£ 3,165.10",£ 15.00,£ 229.54,"£ 3,409.64","£ 127,447.80","£ 29,248.56",-£ 260.00,"£ 159,846.00"
Payments,Balance Transfers - to be paid by:,Payment Date,Payment ID,Guest Name,Group,Company,Property,Room,Order Ref.,Booking Ref,Booked On,Check-In,Check-Out,Channel,OTA Reference,Type,Payment Method,Card Type,Last 4 Digits,Virtual Card,Description,User,Updated,Sent to gateway,Confirmed by gateway,Gateway Reference,Settled Amount,Settled Date,Card,Cash / Bank,Vouchers,Total Paid,OTA,eviivo,Total,05/09/2026 20:34,51066396,Andrew Daly,,,Hotel Orlando by PLI,Room 16 3rd Floor,KVC-152-854,293-906-861,,Pre-arrival,05/09/2026 20:34,18-Sep-2026,20-Sep-2026,Booking.com,5782587460,Payment,Pre-Paid via OTA,,,,Prepaid via Booking.com,system@eviivo.com,05-Sep-26 20:34:08.243,,05-Sep-26 20:34:08.043,,,,,,,£ 0.00,£ 174.80,,,£ 174.80,Total Paid,,"£ 3,165.10",£ 15.00,£ 229.54,"£ 3,409.64","£ 127,447.80","£ 29,248.56",-£ 260.00,"£ 159,846.00"
Payments,Balance Transfers - to be paid by:,Payment Date,Payment ID,Guest Name,Group,Company,Property,Room,Order Ref.,Booking Ref,Booked On,Check-In,Check-Out,Channel,OTA Reference,Type,Payment Method,Card Type,Last 4 Digits,Virtual Card,Description,User,Updated,Sent to gateway,Confirmed by gateway,Gateway Reference,Settled Amount,Settled Date,Card,Cash / Bank,Vouchers,Total Paid,OTA,eviivo,Total,05/09/2026 21:34,51067101,Oak India,,,Hotel Orlando by PLI,S Room 17 BF,JGP-328-179,834-034-814,,Pre-arrival,05/09/2026 21:34,13-Sep-2026,14-Sep-2026,Booking.com,5565324610,Payment,Pre-Paid via OTA,,,,Prepaid via Booking.com,system@eviivo.com,05-Sep-26 21:34:40.913,,05-Sep-26 21:34:40.736,,,,,,,£ 0.00,£ 73.10,,,£ 73.10,Total Paid,,"£ 3,165.10",£ 15.00,£ 229.54,"£ 3,409.64","£ 127,447.80","£ 29,248.56",-£ 260.00,"£ 159,846.00"
Payments,Balance Transfers - to be paid by:,Payment Date,Payment ID,Guest Name,Group,Company,Property,Room,Order Ref.,Booking Ref,Booked On,Check-In,Check-Out,Channel,OTA Reference,Type,Payment Method,Card Type,Last 4 Digits,Virtual Card,Description,User,Updated,Sent to gateway,Confirmed by gateway,Gateway Reference,Settled Amount,Settled Date,Card,Cash / Bank,Vouchers,Total Paid,OTA,eviivo,Total,05/09/2026 22:31,51067629,Juanma Casino,,,Hotel Orlando by PLI,Flat 20 ( Basement sino ),ZKQ-502-780,866-260-341,,Pre-arrival,05/09/2026 22:31,03-Jul-2027,08-Jul-2027,Booking.com,5509325419,Payment,Pre-Paid via OTA,,,,Prepaid via Booking.com,system@eviivo.com,05-Sep-26 22:31:29.400,,05-Sep-26 22:31:29.113,,,,,,,£ 0.00,£ 470.90,,,£ 470.90,Total Paid,,"£ 3,165.10",£ 15.00,£ 229.54,"£ 3,409.64","£ 127,447.80","£ 29,248.56",-£ 260.00,"£ 159,846.00"
Payments,Balance Transfers - to be paid by:,Payment Date,Payment ID,Guest Name,Group,Company,Property,Room,Order Ref.,Booking Ref,Booked On,Check-In,Check-Out,Channel,OTA Reference,Type,Payment Method,Card Type,Last 4 Digits,Virtual Card,Description,User,Updated,Sent to gateway,Confirmed by gateway,Gateway Reference,Settled Amount,Settled Date,Card,Cash / Bank,Vouchers,Total Paid,OTA,eviivo,Total,05/09/2026 23:08,51067999,Ahmed Sharif,,,Hotel Orlando by PLI,Flat 2 ( Basement Orlando ),MXY-446-383,050-666-344,,Pre-arrival,05/09/2026 23:08,06-Sep-2026,07-Sep-2026,Booking.com,6846983985,Payment,Pre-Paid via OTA,,,,Prepaid via Booking.com,system@eviivo.com,05-Sep-26 23:08:37.764,,05-Sep-26 23:08:37.520,,,,,,,£ 0.00,£ 64.10,,,£ 64.10,Total Paid,,"£ 3,165.10",£ 15.00,£ 229.54,"£ 3,409.64","£ 127,447.80","£ 29,248.56",-£ 260.00,"£ 159,846.00"
Payments,Balance Transfers - to be paid by:,Payment Date,Payment ID,Guest Name,Group,Company,Property,Room,Order Ref.,Booking Ref,Booked On,Check-In,Check-Out,Channel,OTA Reference,Type,Payment Method,Card Type,Last 4 Digits,Virtual Card,Description,User,Updated,Sent to gateway,Confirmed by gateway,Gateway Reference,Settled Amount,Settled Date,Card,Cash / Bank,Vouchers,Total Paid,OTA,eviivo,Total,06/09/2026 02:54,51069119,KAM FONG,,,Hotel Orlando by PLI,Room 3 BF W/Microwave,ZWJ-195-460,836-941-982,,On Account,06/09/2026 02:54,23-Jun-2027,26-Jun-2027,Expedia & Affiliate Network,2552062856,Payment,Pre-Paid via OTA,,,,Extras prepaid via Expedia Affiliate Network,system@eviivo.com,06-Sep-26 02:54:35.730,,06-Sep-26 02:54:35.290,,,,,,,£ 0.00,,£ 303.53,,£ 303.53,Total Paid,,"£ 3,165.10",£ 15.00,£ 229.54,"£ 3,409.64","£ 127,447.80","£ 29,248.56",-£ 260.00,"£ 159,846.00"
Payments,Balance Transfers - to be paid by:,Payment Date,Payment ID,Guest Name,Group,Company,Property,Room,Order Ref.,Booking Ref,Booked On,Check-In,Check-Out,Channel,OTA Reference,Type,Payment Method,Card Type,Last 4 Digits,Virtual Card,Description,User,Updated,Sent to gateway,Confirmed by gateway,Gateway Reference,Settled Amount,Settled Date,Card,Cash / Bank,Vouchers,Total Paid,OTA,eviivo,Total,06/09/2026 04:37,51069329,Andrew Hawthorne,,,Hotel Orlando by PLI,Room 3 BF W/Microwave,BLF-630-127,905-481-302,,Pre-arrival,06/09/2026 04:37,22-May-2027,25-May-2027,Booking.com,6724731891,Payment,Pre-Paid via OTA,,,,Prepaid via Booking.com,system@eviivo.com,06-Sep-26 04:37:24.915,,06-Sep-26 04:37:24.720,,,,,,,£ 0.00,£ 287.00,,,£ 287.00,Total Paid,,"£ 3,165.10",£ 15.00,£ 229.54,"£ 3,409.64","£ 127,447.80","£ 29,248.56",-£ 260.00,"£ 159,846.00"
Payments,Balance Transfers - to be paid by:,Payment Date,Payment ID,Guest Name,Group,Company,Property,Room,Order Ref.,Booking Ref,Booked On,Check-In,Check-Out,Channel,OTA Reference,Type,Payment Method,Card Type,Last 4 Digits,Virtual Card,Description,User,Updated,Sent to gateway,Confirmed by gateway,Gateway Reference,Settled Amount,Settled Date,Card,Cash / Bank,Vouchers,Total Paid,OTA,eviivo,Total,06/09/2026 06:45,51069717,Andrew Hawthorne,,,Hotel Orlando by PLI,Room 3 BF W/Microwave,XUF-997-075,552-031-644,,Pre-arrival,06/09/2026 06:45,26-May-2027,27-May-2027,Booking.com,6102925483,Payment,Pre-Paid via OTA,,,,Prepaid via Booking.com,system@eviivo.com,06-Sep-26 06:45:18.104,,06-Sep-26 06:45:17.900,,,,,,,£ 0.00,£ 111.00,,,£ 111.00,Total Paid,,"£ 3,165.10",£ 15.00,£ 229.54,"£ 3,409.64","£ 127,447.80","£ 29,248.56",-£ 260.00,"£ 159,846.00"
Payments,Balance Transfers - to be paid by:,Payment Date,Payment ID,Guest Name,Group,Company,Property,Room,Order Ref.,Booking Ref,Booked On,Check-In,Check-Out,Channel,OTA Reference,Type,Payment Method,Card Type,Last 4 Digits,Virtual Card,Description,User,Updated,Sent to gateway,Confirmed by gateway,Gateway Reference,Settled Amount,Settled Date,Card,Cash / Bank,Vouchers,Total Paid,OTA,eviivo,Total,06/09/2026 10:36,51514609,David Phipps,,,Hotel Orlando by PLI,Room 1 BF,WVY-298-465,014-428-881,,Pre-arrival,06/09/2026 10:36,30-Sep-2026,02-Oct-2026,Booking.com,6970021692,Payment,Pre-Paid via OTA,,,,Prepaid via Booking.com,system@eviivo.com,30-Sep-26 14:59:40.071,,06-Sep-26 10:36:38.543,,,,,,,£ 0.00,£ 154.10,,,£ 154.10,Total Paid,,"£ 3,165.10",£ 15.00,£ 229.54,"£ 3,409.64","£ 127,447.80","£ 29,248.56",-£ 260.00,"£ 159,846.00"
Payments,Balance Transfers - to be paid by:,Payment Date,Payment ID,Guest Name,Group,Company,Property,Room,Order Ref.,Booking Ref,Booked On,Check-In,Check-Out,Channel,OTA Reference,Type,Payment Method,Card Type,Last 4 Digits,Virtual Card,Description,User,Updated,Sent to gateway,Confirmed by gateway,Gateway Reference,Settled Amount,Settled Date,Card,Cash / Bank,Vouchers,Total Paid,OTA,eviivo,Total,06/09/2026 11:57,51075258,Najibullah Khak Sar,,,Hotel Orlando by PLI,Room 7 Mid-First Floor,DPC-383-792,912-614-362,,Post Checkout,04/09/2026 19:06,04-Sep-2026,05-Sep-2026,Booking.com,5367082160,Refund,Card/VCC via the System,Visa,6812,0,,mohammed.samy@crownbs.com,06-Sep-26 11:57:12.838,06-Sep-26 11:57:11.257,06-Sep-26 11:57:12.570,re_3UC7YSR78xpaffA0084pdOCq,,,-£ 100.00,,,-£ 100.00,,,,- £ 100.00,Total Paid,,"£ 3,165.10",£ 15.00,£ 229.54,"£ 3,409.64","£ 127,447.80","£ 29,248.56",-£ 260.00,"£ 159,846.00"
Payments,Balance Transfers - to be paid by:,Payment Date,Payment ID,Guest Name,Group,Company,Property,Room,Order Ref.,Booking Ref,Booked On,Check-In,Check-Out,Channel,OTA Reference,Type,Payment Method,Card Type,Last 4 Digits,Virtual Card,Description,User,Updated,Sent to gateway,Confirmed by gateway,Gateway Reference,Settled Amount,Settled Date,Card,Cash / Bank,Vouchers,Total Paid,OTA,eviivo,Total,06/09/2026 11:57,51075261,Jess Richardson-Smith,,,Hotel Orlando by PLI,S Room 32 2nd F,RXC-412-074,549-280-664,,Post Checkout,04/09/2026 11:38,04-Sep-2026,05-Sep-2026,Booking.com,5359902482,Refund,Card/VCC via the System,Mastercard,4814,0,,mohammed.samy@crownbs.com,06-Sep-26 11:57:26.921,06-Sep-26 11:57:25.237,06-Sep-26 11:57:26.677,re_3UBxNjR78xpaffA01uDcAJR8,,,-£ 100.00,,,-£ 100.00,,,,- £ 100.00,Total Paid,,"£ 3,165.10",£ 15.00,£ 229.54,"£ 3,409.64","£ 127,447.80","£ 29,248.56",-£ 260.00,"£ 159,846.00"
Payments,Balance Transfers - to be paid by:,Payment Date,Payment ID,Guest Name,Group,Company,Property,Room,Order Ref.,Booking Ref,Booked On,Check-In,Check-Out,Channel,OTA Reference,Type,Payment Method,Card Type,Last 4 Digits,Virtual Card,Description,User,Updated,Sent to gateway,Confirmed by gateway,Gateway Reference,Settled Amount,Settled Date,Card,Cash / Bank,Vouchers,Total Paid,OTA,eviivo,Total,06/09/2026 11:57,51075266,Kyle Mcleod,,,Hotel Orlando by PLI,S Room 28 1st F,TQF-275-954,182-432-341,,Post Checkout,04/09/2026 20:17,04-Sep-2026,05-Sep-2026,Booking.com,5887414688,Refund,Card/VCC via the System,Mastercard,6531,0,,mohammed.samy@crownbs.com,06-Sep-26 11:57:41.718,06-Sep-26 11:57:40.117,06-Sep-26 11:57:41.523,re_3UC3F7R78xpaffA00KbFhERP,,,-£ 100.00,,,-£ 100.00,,,,- £ 100.00,Total Paid,,"£ 3,165.10",£ 15.00,£ 229.54,"£ 3,409.64","£ 127,447.80","£ 29,248.56",-£ 260.00,"£ 159,846.00"
Payments,Balance Transfers - to be paid by:,Payment Date,Payment ID,Guest Name,Group,Company,Property,Room,Order Ref.,Booking Ref,Booked On,Check-In,Check-Out,Channel,OTA Reference,Type,Payment Method,Card Type,Last 4 Digits,Virtual Card,Description,User,Updated,Sent to gateway,Confirmed by gateway,Gateway Reference,Settled Amount,Settled Date,Card,Cash / Bank,Vouchers,Total Paid,OTA,eviivo,Total,06/09/2026 12:00,51075298,Carmen Torrano López,,,Hotel Orlando by PLI,S Room 21 GF - SofaBed,OGA-546-767,440-439-182,,Pre-arrival,06/09/2026 12:00,10-Sep-2026,13-Sep-2026,Booking.com,5672464579,Payment,Pre-Paid via OTA,,,,Prepaid via Booking.com,system@eviivo.com,06-Sep-26 12:00:14.462,,06-Sep-26 12:00:14.010,,,,,,,£ 0.00,£ 247.70,,,£ 247.70,Total Paid,,"£ 3,165.10",£ 15.00,£ 229.54,"£ 3,409.64","£ 127,447.80","£ 29,248.56",-£ 260.00,"£ 159,846.00"
Payments,Balance Transfers - to be paid by:,Payment Date,Payment ID,Guest Name,Group,Company,Property,Room,Order Ref.,Booking Ref,Booked On,Check-In,Check-Out,Channel,OTA Reference,Type,Payment Method,Card Type,Last 4 Digits,Virtual Card,Description,User,Updated,Sent to gateway,Confirmed by gateway,Gateway Reference,Settled Amount,Settled Date,Card,Cash / Bank,Vouchers,Total Paid,OTA,eviivo,Total,06/09/2026 12:07,51075398,Maria del Mar Justo Jimeno,,,Hotel Orlando by PLI,Room 3 BF W/Microwave,UCO-792-242,815-469-414,,Pre-arrival,06/09/2026 12:07,19-Dec-2026,21-Dec-2026,Booking.com,5573986017,Payment,Pre-Paid via OTA,,,,Prepaid via Booking.com,system@eviivo.com,06-Sep-26 12:07:26.662,,06-Sep-26 12:07:26.410,,,,,,,£ 0.00,£ 202.70,,,£ 202.70,Total Paid,,"£ 3,165.10",£ 15.00,£ 229.54,"£ 3,409.64","£ 127,447.80","£ 29,248.56",-£ 260.00,"£ 159,846.00"
Payments,Balance Transfers - to be paid by:,Payment Date,Payment ID,Guest Name,Group,Company,Property,Room,Order Ref.,Booking Ref,Booked On,Check-In,Check-Out,Channel,OTA Reference,Type,Payment Method,Card Type,Last 4 Digits,Virtual Card,Description,User,Updated,Sent to gateway,Confirmed by gateway,Gateway Reference,Settled Amount,Settled Date,Card,Cash / Bank,Vouchers,Total Paid,OTA,eviivo,Total,06/09/2026 12:49,51076030,Sara Rasab,,,Hotel Orlando by PLI,Flat 5 ( GF Orlando ) -  Studio,CVR-655-804,361-145-442,,Post Checkout,05/09/2026 01:43,05-Sep-2026,06-Sep-2026,Booking.com,5302536289,Payment,Pre-Paid via OTA,,,,Prepaid via OTA,system@eviivo.com,06-Sep-26 12:49:43.887,,06-Sep-26 12:49:43.790,,,,,,,£ 0.00,£ 92.70,,,£ 92.70,Total Paid,,"£ 3,165.10",£ 15.00,£ 229.54,"£ 3,409.64","£ 127,447.80","£ 29,248.56",-£ 260.00,"£ 159,846.00"
Payments,Balance Transfers - to be paid by:,Payment Date,Payment ID,Guest Name,Group,Company,Property,Room,Order Ref.,Booking Ref,Booked On,Check-In,Check-Out,Channel,OTA Reference,Type,Payment Method,Card Type,Last 4 Digits,Virtual Card,Description,User,Updated,Sent to gateway,Confirmed by gateway,Gateway Reference,Settled Amount,Settled Date,Card,Cash / Bank,Vouchers,Total Paid,OTA,eviivo,Total,06/09/2026 13:03,51076215,Tom Regbo,,,Hotel Orlando by PLI,Room 7 Mid-First Floor,ILF-358-142,530-569-202,,Pre-arrival,06/09/2026 13:03,13-Sep-2026,18-Sep-2026,Booking.com,6724723687,Payment,Pre-Paid via OTA,,,,Prepaid via Booking.com,system@eviivo.com,06-Sep-26 13:03:07.070,,06-Sep-26 13:03:06.813,,,,,,,£ 0.00,£ 306.20,,,£ 306.20,Total Paid,,"£ 3,165.10",£ 15.00,£ 229.54,"£ 3,409.64","£ 127,447.80","£ 29,248.56",-£ 260.00,"£ 159,846.00"
Payments,Balance Transfers - to be paid by:,Payment Date,Payment ID,Guest Name,Group,Company,Property,Room,Order Ref.,Booking Ref,Booked On,Check-In,Check-Out,Channel,OTA Reference,Type,Payment Method,Card Type,Last 4 Digits,Virtual Card,Description,User,Updated,Sent to gateway,Confirmed by gateway,Gateway Reference,Settled Amount,Settled Date,Card,Cash / Bank,Vouchers,Total Paid,OTA,eviivo,Total,,51076451,Kelly Allen,,,Hotel Orlando by PLI,Room 4 GF,AJO-466-996,026-911-454,,On Account,06/09/2026 13:18,12-Dec-2026,13-Dec-2026,Booking.com,5672428520,(see above/below),(see above/below),,,,,system@eviivo.com,,,,,,,,,,£ 0.00,,,,,Total Paid,,"£ 3,165.10",£ 15.00,£ 229.54,"£ 3,409.64","£ 127,447.80","£ 29,248.56",-£ 260.00,"£ 159,846.00"
Payments,Balance Transfers - to be paid by:,Payment Date,Payment ID,Guest Name,Group,Company,Property,Room,Order Ref.,Booking Ref,Booked On,Check-In,Check-Out,Channel,OTA Reference,Type,Payment Method,Card Type,Last 4 Digits,Virtual Card,Description,User,Updated,Sent to gateway,Confirmed by gateway,Gateway Reference,Settled Amount,Settled Date,Card,Cash / Bank,Vouchers,Total Paid,OTA,eviivo,Total,,51076451,Kelly Allen,,,Hotel Orlando by PLI,Flat 2 ( Basement Orlando ),AJO-466-996,380-920-202,,On Account,06/09/2026 13:18,12-Dec-2026,13-Dec-2026,Booking.com,5672428520,(see above/below),(see above/below),,,,,system@eviivo.com,,,,,,,,,,£ 0.00,,,,,Total Paid,,"£ 3,165.10",£ 15.00,£ 229.54,"£ 3,409.64","£ 127,447.80","£ 29,248.56",-£ 260.00,"£ 159,846.00"
Payments,Balance Transfers - to be paid by:,Payment Date,Payment ID,Guest Name,Group,Company,Property,Room,Order Ref.,Booking Ref,Booked On,Check-In,Check-Out,Channel,OTA Reference,Type,Payment Method,Card Type,Last 4 Digits,Virtual Card,Description,User,Updated,Sent to gateway,Confirmed by gateway,Gateway Reference,Settled Amount,Settled Date,Card,Cash / Bank,Vouchers,Total Paid,OTA,eviivo,Total,06/09/2026 13:18,51076451,Kelly Allen,,,Hotel Orlando by PLI,Room 9 1st Floor,AJO-466-996,934-608-642,,Pre-arrival,06/09/2026 13:18,12-Dec-2026,13-Dec-2026,Booking.com,5672428520,Payment,Pre-Paid via OTA,,,,Prepaid via Booking.com,system@eviivo.com,06-Sep-26 13:18:37.725,,06-Sep-26 13:18:37.243,,,,,,,£ 0.00,£ 367.80,,,£ 367.80,Total Paid,,"£ 3,165.10",£ 15.00,£ 229.54,"£ 3,409.64","£ 127,447.80","£ 29,248.56",-£ 260.00,"£ 159,846.00"
Payments,Balance Transfers - to be paid by:,Payment Date,Payment ID,Guest Name,Group,Company,Property,Room,Order Ref.,Booking Ref,Booked On,Check-In,Check-Out,Channel,OTA Reference,Type,Payment Method,Card Type,Last 4 Digits,Virtual Card,Description,User,Updated,Sent to gateway,Confirmed by gateway,Gateway Reference,Settled Amount,Settled Date,Card,Cash / Bank,Vouchers,Total Paid,OTA,eviivo,Total,06/09/2026 13:51,51077175,Abdallah Alzyoud,,,Hotel Orlando by PLI,Room 16 3rd Floor,CKY-352-229,408-648-022,,In House,06/09/2026 13:51,06-Sep-2026,07-Sep-2026,Booking.com,6102965649,Payment,Pre-Paid via OTA,,,,Prepaid via Booking.com,system@eviivo.com,06-Sep-26 14:04:39.155,,06-Sep-26 13:51:59.863,,,,,,,£ 0.00,£ 54.20,,,£ 54.20,Total Paid,,"£ 3,165.10",£ 15.00,£ 229.54,"£ 3,409.64","£ 127,447.80","£ 29,248.56",-£ 260.00,"£ 159,846.00"
Payments,Balance Transfers - to be paid by:,Payment Date,Payment ID,Guest Name,Group,Company,Property,Room,Order Ref.,Booking Ref,Booked On,Check-In,Check-Out,Channel,OTA Reference,Type,Payment Method,Card Type,Last 4 Digits,Virtual Card,Description,User,Updated,Sent to gateway,Confirmed by gateway,Gateway Reference,Settled Amount,Settled Date,Card,Cash / Bank,Vouchers,Total Paid,OTA,eviivo,Total,06/09/2026 14:12,51077309,Matt Davey,,,Hotel Orlando by PLI,Room 16 3rd Floor,TRO-904-434,063-954-231,,Pre-arrival,06/09/2026 14:12,24-Nov-2026,25-Nov-2026,Booking.com,5798351770,Payment,Pre-Paid via OTA,,,,Prepaid via Booking.com,system@eviivo.com,06-Sep-26 14:12:20.980,,06-Sep-26 14:12:20.823,,,,,,,£ 0.00,£ 94.70,,,£ 94.70,Total Paid,,"£ 3,165.10",£ 15.00,£ 229.54,"£ 3,409.64","£ 127,447.80","£ 29,248.56",-£ 260.00,"£ 159,846.00"
Payments,Balance Transfers - to be paid by:,Payment Date,Payment ID,Guest Name,Group,Company,Property,Room,Order Ref.,Booking Ref,Booked On,Check-In,Check-Out,Channel,OTA Reference,Type,Payment Method,Card Type,Last 4 Digits,Virtual Card,Description,User,Updated,Sent to gateway,Confirmed by gateway,Gateway Reference,Settled Amount,Settled Date,Card,Cash / Bank,Vouchers,Total Paid,OTA,eviivo,Total,06/09/2026 15:00,51078096,Abdallah Alzyoud,,,Hotel Orlando by PLI,Room 16 3rd Floor,CKY-352-229,408-648-022,,In House,06/09/2026 13:51,06-Sep-2026,07-Sep-2026,Booking.com,6102965649,Payment,Card/VCC via the System,Visa,2014,0,Guest Paid Online,eviivo suite,06-Sep-26 15:00:11.843,06-Sep-26 15:00:09.247,06-Sep-26 15:00:10.850,pi_3UCgc9R78xpaffA01zizDxEe,,,£ 100.00,,,£ 100.00,,,,£ 100.00,Total Paid,,"£ 3,165.10",£ 15.00,£ 229.54,"£ 3,409.64","£ 127,447.80","£ 29,248.56",-£ 260.00,"£ 159,846.00"
Payments,Balance Transfers - to be paid by:,Payment Date,Payment ID,Guest Name,Group,Company,Property,Room,Order Ref.,Booking Ref,Booked On,Check-In,Check-Out,Channel,OTA Reference,Type,Payment Method,Card Type,Last 4 Digits,Virtual Card,Description,User,Updated,Sent to gateway,Confirmed by gateway,Gateway Reference,Settled Amount,Settled Date,Card,Cash / Bank,Vouchers,Total Paid,OTA,eviivo,Total,06/09/2026 15:05,51078180,Ana de haro,,,Hotel Orlando by PLI,S Room 21 GF - SofaBed,ANJ-663-430,048-644-051,,Pre-arrival,06/09/2026 15:05,26-Dec-2026,01-Jan-2027,Booking.com,5635515270,Payment,Pre-Paid via OTA,,,,Prepaid via Booking.com,system@eviivo.com,06-Sep-26 15:05:38.185,,06-Sep-26 15:05:37.956,,,,,,,£ 0.00,£ 674.30,,,£ 674.30,Total Paid,,"£ 3,165.10",£ 15.00,£ 229.54,"£ 3,409.64","£ 127,447.80","£ 29,248.56",-£ 260.00,"£ 159,846.00"
Payments,Balance Transfers - to be paid by:,Payment Date,Payment ID,Guest Name,Group,Company,Property,Room,Order Ref.,Booking Ref,Booked On,Check-In,Check-Out,Channel,OTA Reference,Type,Payment Method,Card Type,Last 4 Digits,Virtual Card,Description,User,Updated,Sent to gateway,Confirmed by gateway,Gateway Reference,Settled Amount,Settled Date,Card,Cash / Bank,Vouchers,Total Paid,OTA,eviivo,Total,06/09/2026 15:54,51079037,Mylan Guenard Renou,,,Hotel Orlando by PLI,Flat 20 ( Basement sino ),OEB-184-773,180-111-111,,Pre-arrival,06/09/2026 15:54,22-Feb-2027,26-Feb-2027,Airbnb,HMNPBJAD4H,Payment,Pre-Paid via OTA,,,,Extras prepaid via Airbnb,system@eviivo.com,06-Sep-26 15:54:54.191,,06-Sep-26 15:54:53.720,,,,,,,£ 0.00,£ 268.00,,,£ 268.00,Total Paid,,"£ 3,165.10",£ 15.00,£ 229.54,"£ 3,409.64","£ 127,447.80","£ 29,248.56",-£ 260.00,"£ 159,846.00"
Payments,Balance Transfers - to be paid by:,Payment Date,Payment ID,Guest Name,Group,Company,Property,Room,Order Ref.,Booking Ref,Booked On,Check-In,Check-Out,Channel,OTA Reference,Type,Payment Method,Card Type,Last 4 Digits,Virtual Card,Description,User,Updated,Sent to gateway,Confirmed by gateway,Gateway Reference,Settled Amount,Settled Date,Card,Cash / Bank,Vouchers,Total Paid,OTA,eviivo,Total,06/09/2026 17:47,51080995,Jessica Cennicola,,,Hotel Orlando by PLI,S Room 32 2nd F,YFI-962-899,226-238-312,,On Account,06/09/2026 17:47,03-Feb-2027,06-Feb-2027,Expedia & Affiliate Network,2552416243,Payment,Pre-Paid via OTA,,,,Extras prepaid via Expedia Affiliate Network,system@eviivo.com,06-Sep-26 17:47:10.010,,06-Sep-26 17:47:09.580,,,,,,,£ 0.00,,£ 136.13,,£ 136.13,Total Paid,,"£ 3,165.10",£ 15.00,£ 229.54,"£ 3,409.64","£ 127,447.80","£ 29,248.56",-£ 260.00,"£ 159,846.00"
Payments,Balance Transfers - to be paid by:,Payment Date,Payment ID,Guest Name,Group,Company,Property,Room,Order Ref.,Booking Ref,Booked On,Check-In,Check-Out,Channel,OTA Reference,Type,Payment Method,Card Type,Last 4 Digits,Virtual Card,Description,User,Updated,Sent to gateway,Confirmed by gateway,Gateway Reference,Settled Amount,Settled Date,Card,Cash / Bank,Vouchers,Total Paid,OTA,eviivo,Total,06/09/2026 18:51,51082055,Rick Waterworth,,,Hotel Orlando by PLI,Room 11 2nd Floor,UDF-135-314,529-361-442,,In House,03/09/2026 13:53,06-Sep-2026,07-Sep-2026,Booking.com,5073843963,Payment,Card/VCC via the System,Visa,1316,0,Guest Paid Online,eviivo suite,06-Sep-26 18:51:30.954,06-Sep-26 18:51:30.410,06-Sep-26 18:51:30.643,pi_3UCkD2R78xpaffA00g9A4rVS,,,£ 100.00,,,£ 100.00,,,,£ 100.00,Total Paid,,"£ 3,165.10",£ 15.00,£ 229.54,"£ 3,409.64","£ 127,447.80","£ 29,248.56",-£ 260.00,"£ 159,846.00"
Payments,Balance Transfers - to be paid by:,Payment Date,Payment ID,Guest Name,Group,Company,Property,Room,Order Ref.,Booking Ref,Booked On,Check-In,Check-Out,Channel,OTA Reference,Type,Payment Method,Card Type,Last 4 Digits,Virtual Card,Description,User,Updated,Sent to gateway,Confirmed by gateway,Gateway Reference,Settled Amount,Settled Date,Card,Cash / Bank,Vouchers,Total Paid,OTA,eviivo,Total,06/09/2026 20:34,51083589,Ahmed Sharif,,,Hotel Orlando by PLI,Flat 2 ( Basement Orlando ),MXY-446-383,050-666-344,,In House,05/09/2026 23:08,06-Sep-2026,07-Sep-2026,Booking.com,6846983985,Payment,Card/VCC via the System,Mastercard,1892,0,Guest Paid Online,eviivo suite,06-Sep-26 20:34:06.713,06-Sep-26 20:34:06.133,06-Sep-26 20:34:06.387,pi_3UClomR78xpaffA01dnDUtxP,,,£ 100.00,,,£ 100.00,,,,£ 100.00,Total Paid,,"£ 3,165.10",£ 15.00,£ 229.54,"£ 3,409.64","£ 127,447.80","£ 29,248.56",-£ 260.00,"£ 159,846.00"
Payments,Balance Transfers - to be paid by:,Payment Date,Payment ID,Guest Name,Group,Company,Property,Room,Order Ref.,Booking Ref,Booked On,Check-In,Check-Out,Channel,OTA Reference,Type,Payment Method,Card Type,Last 4 Digits,Virtual Card,Description,User,Updated,Sent to gateway,Confirmed by gateway,Gateway Reference,Settled Amount,Settled Date,Card,Cash / Bank,Vouchers,Total Paid,OTA,eviivo,Total,06/09/2026 21:38,51084440,Noah Michaelis,,,Hotel Orlando by PLI,Room 4 GF,OWD-077-542,305-688-514,,In House,06/09/2026 21:38,06-Sep-2026,09-Sep-2026,Booking.com,6342384545,Payment,Pre-Paid via OTA,,,,Prepaid via Booking.com,system@eviivo.com,06-Sep-26 21:38:39.614,,06-Sep-26 21:38:39.396,,,,,,,£ 0.00,£ 148.70,,,£ 148.70,Total Paid,,"£ 3,165.10",£ 15.00,£ 229.54,"£ 3,409.64","£ 127,447.80","£ 29,248.56",-£ 260.00,"£ 159,846.00"
Payments,Balance Transfers - to be paid by:,Payment Date,Payment ID,Guest Name,Group,Company,Property,Room,Order Ref.,Booking Ref,Booked On,Check-In,Check-Out,Channel,OTA Reference,Type,Payment Method,Card Type,Last 4 Digits,Virtual Card,Description,User,Updated,Sent to gateway,Confirmed by gateway,Gateway Reference,Settled Amount,Settled Date,Card,Cash / Bank,Vouchers,Total Paid,OTA,eviivo,Total,06/09/2026 21:39,51084457,Massimiliano De Sanctis,,,Hotel Orlando by PLI,Room 10 1st Floor,AZG-385-010,509-699-642,,Pre-arrival,06/09/2026 21:39,12-Sep-2026,13-Sep-2026,Booking.com,5565346329,Payment,Pre-Paid via OTA,,,,Prepaid via Booking.com,system@eviivo.com,06-Sep-26 21:39:45.805,,06-Sep-26 21:39:45.546,,,,,,,£ 0.00,£ 102.80,,,£ 102.80,Total Paid,,"£ 3,165.10",£ 15.00,£ 229.54,"£ 3,409.64","£ 127,447.80","£ 29,248.56",-£ 260.00,"£ 159,846.00"
Payments,Balance Transfers - to be paid by:,Payment Date,Payment ID,Guest Name,Group,Company,Property,Room,Order Ref.,Booking Ref,Booked On,Check-In,Check-Out,Channel,OTA Reference,Type,Payment Method,Card Type,Last 4 Digits,Virtual Card,Description,User,Updated,Sent to gateway,Confirmed by gateway,Gateway Reference,Settled Amount,Settled Date,Card,Cash / Bank,Vouchers,Total Paid,OTA,eviivo,Total,06/09/2026 22:42,51085103,Stephen Dawson,,,Hotel Orlando by PLI,Room 12 2nd Floor,CFP-342-596,016-354-282,,Pre-arrival,06/09/2026 22:42,28-Nov-2027,03-Dec-2027,Booking.com,6342306443,Payment,Pre-Paid via OTA,,,,Prepaid via Booking.com,system@eviivo.com,06-Sep-26 22:42:26.098,,06-Sep-26 22:42:25.900,,,,,,,£ 0.00,£ 245.00,,,£ 245.00,Total Paid,,"£ 3,165.10",£ 15.00,£ 229.54,"£ 3,409.64","£ 127,447.80","£ 29,248.56",-£ 260.00,"£ 159,846.00"
Payments,Balance Transfers - to be paid by:,Payment Date,Payment ID,Guest Name,Group,Company,Property,Room,Order Ref.,Booking Ref,Booked On,Check-In,Check-Out,Channel,OTA Reference,Type,Payment Method,Card Type,Last 4 Digits,Virtual Card,Description,User,Updated,Sent to gateway,Confirmed by gateway,Gateway Reference,Settled Amount,Settled Date,Card,Cash / Bank,Vouchers,Total Paid,OTA,eviivo,Total,06/09/2026 23:46,51085574,thamaris andrea cadaya alvarado,,,Hotel Orlando by PLI,Flat 2 ( Basement Orlando ),JMQ-857-380,983-159-832,,Pre-arrival,06/09/2026 23:46,12-Mar-2027,17-Mar-2027,Booking.com,6188808685,Payment,Pre-Paid via OTA,,,,Prepaid via Booking.com,system@eviivo.com,06-Sep-26 23:46:56.886,,06-Sep-26 23:46:56.706,,,,,,,£ 0.00,£ 414.20,,,£ 414.20,Total Paid,,"£ 3,165.10",£ 15.00,£ 229.54,"£ 3,409.64","£ 127,447.80","£ 29,248.56",-£ 260.00,"£ 159,846.00"
Payments,Balance Transfers - to be paid by:,Payment Date,Payment ID,Guest Name,Group,Company,Property,Room,Order Ref.,Booking Ref,Booked On,Check-In,Check-Out,Channel,OTA Reference,Type,Payment Method,Card Type,Last 4 Digits,Virtual Card,Description,User,Updated,Sent to gateway,Confirmed by gateway,Gateway Reference,Settled Amount,Settled Date,Card,Cash / Bank,Vouchers,Total Paid,OTA,eviivo,Total,06/09/2026 23:55,51085617,Alexander EMERY,,,Hotel Orlando by PLI,S Room 18 BF,IBZ-385-802,260-688-622,,On Account,06/09/2026 23:55,24-Sep-2026,27-Sep-2026,Expedia & Affiliate Network,2552623288,Payment,Pre-Paid via OTA,,,,Extras prepaid via Expedia,system@eviivo.com,06-Sep-26 23:55:55.616,,06-Sep-26 23:55:55.143,,,,,,,£ 0.00,,£ 250.41,,£ 250.41,Total Paid,,"£ 3,165.10",£ 15.00,£ 229.54,"£ 3,409.64","£ 127,447.80","£ 29,248.56",-£ 260.00,"£ 159,846.00"
Payments,Balance Transfers - to be paid by:,Payment Date,Payment ID,Guest Name,Group,Company,Property,Room,Order Ref.,Booking Ref,Booked On,Check-In,Check-Out,Channel,OTA Reference,Type,Payment Method,Card Type,Last 4 Digits,Virtual Card,Description,User,Updated,Sent to gateway,Confirmed by gateway,Gateway Reference,Settled Amount,Settled Date,Card,Cash / Bank,Vouchers,Total Paid,OTA,eviivo,Total,07/09/2026 01:26,51086266,Katelyn Watson,,,Hotel Orlando by PLI,Room 3 BF W/Microwave,RGL-434-291,182-100-232,,Pre-arrival,07/09/2026 01:26,03-Mar-2027,09-Mar-2027,Booking.com,6184068643,Payment,Pre-Paid via OTA,,,,Prepaid via Booking.com,system@eviivo.com,07-Sep-26 01:26:15.753,,07-Sep-26 01:26:15.090,,,,,,,£ 0.00,£ 478.10,,,£ 478.10,Total Paid,,"£ 3,165.10",£ 15.00,£ 229.54,"£ 3,409.64","£ 127,447.80","£ 29,248.56",-£ 260.00,"£ 159,846.00"
Payments,Balance Transfers - to be paid by:,Payment Date,Payment ID,Guest Name,Group,Company,Property,Room,Order Ref.,Booking Ref,Booked On,Check-In,Check-Out,Channel,OTA Reference,Type,Payment Method,Card Type,Last 4 Digits,Virtual Card,Description,User,Updated,Sent to gateway,Confirmed by gateway,Gateway Reference,Settled Amount,Settled Date,Card,Cash / Bank,Vouchers,Total Paid,OTA,eviivo,Total,07/09/2026 04:52,51086769,Gert Vanderstraeten,,,Hotel Orlando by PLI,Room 15 3rd Floor,UIW-102-553,200-420-421,,Pre-arrival,07/09/2026 04:52,07-Feb-2027,12-Feb-2027,Booking.com,6240575197,Payment,Pre-Paid via OTA,,,,Prepaid via Booking.com,system@eviivo.com,07-Sep-26 04:52:31.010,,07-Sep-26 04:52:30.786,,,,,,,£ 0.00,£ 235.00,,,£ 235.00,Total Paid,,"£ 3,165.10",£ 15.00,£ 229.54,"£ 3,409.64","£ 127,447.80","£ 29,248.56",-£ 260.00,"£ 159,846.00"
Payments,Balance Transfers - to be paid by:,Payment Date,Payment ID,Guest Name,Group,Company,Property,Room,Order Ref.,Booking Ref,Booked On,Check-In,Check-Out,Channel,OTA Reference,Type,Payment Method,Card Type,Last 4 Digits,Virtual Card,Description,User,Updated,Sent to gateway,Confirmed by gateway,Gateway Reference,Settled Amount,Settled Date,Card,Cash / Bank,Vouchers,Total Paid,OTA,eviivo,Total,07/09/2026 07:31,51550286,Kate Bunston,,,Hotel Orlando by PLI,S Room 34 3rd F,NLX-788-795,146-513-384,,Pre-arrival,07/09/2026 07:31,15-Jan-2027,19-Jan-2027,Booking.com,5606900821,Payment,Pre-Paid via OTA,,,,Prepaid via Booking.com,system@eviivo.com,02-Oct-26 15:43:43.984,,07-Sep-26 07:31:02.746,,,,,,,£ 0.00,£ 217.10,,,£ 217.10,Total Paid,,"£ 3,165.10",£ 15.00,£ 229.54,"£ 3,409.64","£ 127,447.80","£ 29,248.56",-£ 260.00,"£ 159,846.00"
Payments,Balance Transfers - to be paid by:,Payment Date,Payment ID,Guest Name,Group,Company,Property,Room,Order Ref.,Booking Ref,Booked On,Check-In,Check-Out,Channel,OTA Reference,Type,Payment Method,Card Type,Last 4 Digits,Virtual Card,Description,User,Updated,Sent to gateway,Confirmed by gateway,Gateway Reference,Settled Amount,Settled Date,Card,Cash / Bank,Vouchers,Total Paid,OTA,eviivo,Total,07/09/2026 08:23,51088446,Adrian Espinola Serrano,,,Hotel Orlando by PLI,Flat 20 ( Basement sino ),QOY-434-133,609-881-531,,Pre-arrival,07/09/2026 08:23,16-Oct-2026,18-Oct-2026,Airbnb,HMECDXHFKP,Payment,Pre-Paid via OTA,,,,Extras prepaid via Airbnb,system@eviivo.com,07-Sep-26 08:23:13.735,,07-Sep-26 08:23:13.006,,,,,,,£ 0.00,£ 262.00,,,£ 262.00,Total Paid,,"£ 3,165.10",£ 15.00,£ 229.54,"£ 3,409.64","£ 127,447.80","£ 29,248.56",-£ 260.00,"£ 159,846.00"
Payments,Balance Transfers - to be paid by:,Payment Date,Payment ID,Guest Name,Group,Company,Property,Room,Order Ref.,Booking Ref,Booked On,Check-In,Check-Out,Channel,OTA Reference,Type,Payment Method,Card Type,Last 4 Digits,Virtual Card,Description,User,Updated,Sent to gateway,Confirmed by gateway,Gateway Reference,Settled Amount,Settled Date,Card,Cash / Bank,Vouchers,Total Paid,OTA,eviivo,Total,07/09/2026 09:37,51089914,Scott Webster,,,Hotel Orlando by PLI,Room 11 2nd Floor,JYR-117-141,860-534-814,,On Account,07/09/2026 09:37,07-Sep-2026,08-Sep-2026,Expedia & Affiliate Network,2552888037,Payment,Pre-Paid via OTA,,,,Extras prepaid via Expedia Affiliate Network,system@eviivo.com,07-Sep-26 09:37:35.761,,07-Sep-26 09:37:34.660,,,,,,,£ 0.00,,£ 55.09,,£ 55.09,Total Paid,,"£ 3,165.10",£ 15.00,£ 229.54,"£ 3,409.64","£ 127,447.80","£ 29,248.56",-£ 260.00,"£ 159,846.00"
Payments,Balance Transfers - to be paid by:,Payment Date,Payment ID,Guest Name,Group,Company,Property,Room,Order Ref.,Booking Ref,Booked On,Check-In,Check-Out,Channel,OTA Reference,Type,Payment Method,Card Type,Last 4 Digits,Virtual Card,Description,User,Updated,Sent to gateway,Confirmed by gateway,Gateway Reference,Settled Amount,Settled Date,Card,Cash / Bank,Vouchers,Total Paid,OTA,eviivo,Total,07/09/2026 09:50,51090198,Sebastian Coker,,,Hotel Orlando by PLI,Flat 24  ( GF Sino ) - Studio,LZK-281-673,656-323-524,,Pre-arrival,07/09/2026 09:50,08-Sep-2026,09-Sep-2026,Airbnb,HM2MJFXHX3,Payment,Pre-Paid via OTA,,,,Extras prepaid via Airbnb,system@eviivo.com,07-Sep-26 09:50:29.888,,07-Sep-26 09:50:28.763,,,,,,,£ 0.00,£ 60.00,,,£ 60.00,Total Paid,,"£ 3,165.10",£ 15.00,£ 229.54,"£ 3,409.64","£ 127,447.80","£ 29,248.56",-£ 260.00,"£ 159,846.00"
Payments,Balance Transfers - to be paid by:,Payment Date,Payment ID,Guest Name,Group,Company,Property,Room,Order Ref.,Booking Ref,Booked On,Check-In,Check-Out,Channel,OTA Reference,Type,Payment Method,Card Type,Last 4 Digits,Virtual Card,Description,User,Updated,Sent to gateway,Confirmed by gateway,Gateway Reference,Settled Amount,Settled Date,Card,Cash / Bank,Vouchers,Total Paid,OTA,eviivo,Total,07/09/2026 10:19,51090869,John Scrutton,,,Hotel Orlando by PLI,Room 15 3rd Floor,GUU-005-062,968-089-692,,Pre-arrival,07/09/2026 10:19,10-Sep-2026,18-Sep-2026,Booking.com,6240589061,Payment,Pre-Paid via OTA,,,,Prepaid via Booking.com,system@eviivo.com,07-Sep-26 10:19:05.614,,07-Sep-26 10:19:05.203,,,,,,,£ 0.00,£ 451.10,,,£ 451.10,Total Paid,,"£ 3,165.10",£ 15.00,£ 229.54,"£ 3,409.64","£ 127,447.80","£ 29,248.56",-£ 260.00,"£ 159,846.00"
Payments,Balance Transfers - to be paid by:,Payment Date,Payment ID,Guest Name,Group,Company,Property,Room,Order Ref.,Booking Ref,Booked On,Check-In,Check-Out,Channel,OTA Reference,Type,Payment Method,Card Type,Last 4 Digits,Virtual Card,Description,User,Updated,Sent to gateway,Confirmed by gateway,Gateway Reference,Settled Amount,Settled Date,Card,Cash / Bank,Vouchers,Total Paid,OTA,eviivo,Total,07/09/2026 13:39,51094740,Sana Ali,,,Hotel Orlando by PLI,Room 6 GF,RZE-276-803,158-264-502,,In House,04/09/2026 13:13,07-Sep-2026,10-Sep-2026,Booking.com,5302506552,Payment,Card/VCC via the System,Mastercard,4941,0,Guest Paid Online,eviivo suite,07-Sep-26 13:39:08.761,07-Sep-26 13:39:05.807,07-Sep-26 13:39:07.770,pi_3UD1pFR78xpaffA020bCeZ9L,,,£ 15.00,,,£ 15.00,,,,£ 15.00,Total Paid,,"£ 3,165.10",£ 15.00,£ 229.54,"£ 3,409.64","£ 127,447.80","£ 29,248.56",-£ 260.00,"£ 159,846.00"
Payments,Balance Transfers - to be paid by:,Payment Date,Payment ID,Guest Name,Group,Company,Property,Room,Order Ref.,Booking Ref,Booked On,Check-In,Check-Out,Channel,OTA Reference,Type,Payment Method,Card Type,Last 4 Digits,Virtual Card,Description,User,Updated,Sent to gateway,Confirmed by gateway,Gateway Reference,Settled Amount,Settled Date,Card,Cash / Bank,Vouchers,Total Paid,OTA,eviivo,Total,07/09/2026 14:05,51095294,Biniam Estifanos,,,Hotel Orlando by PLI,S Room 27 1st F  W/Fridge,HOW-350-495,139-859-562,,In House,07/09/2026 14:05,07-Sep-2026,09-Sep-2026,Booking.com,5827465529,Payment,Pre-Paid via OTA,,,,Prepaid via Booking.com,system@eviivo.com,07-Sep-26 14:05:41.766,,07-Sep-26 14:05:40.606,,,,,,,£ 0.00,£ 103.70,,,£ 103.70,Total Paid,,"£ 3,165.10",£ 15.00,£ 229.54,"£ 3,409.64","£ 127,447.80","£ 29,248.56",-£ 260.00,"£ 159,846.00"
Payments,Balance Transfers - to be paid by:,Payment Date,Payment ID,Guest Name,Group,Company,Property,Room,Order Ref.,Booking Ref,Booked On,Check-In,Check-Out,Channel,OTA Reference,Type,Payment Method,Card Type,Last 4 Digits,Virtual Card,Description,User,Updated,Sent to gateway,Confirmed by gateway,Gateway Reference,Settled Amount,Settled Date,Card,Cash / Bank,Vouchers,Total Paid,OTA,eviivo,Total,07/09/2026 14:19,51095619,ouaj ilias,,,Hotel Orlando by PLI,S Room 29 Mid 2nd F,MWG-368-703,500-234-832,,Post Checkout,30/08/2026 22:56,01-Sep-2026,04-Sep-2026,Booking.com,5622317541,Payment,External Card Reader,,,,,mohammed.samy@crownbs.com,07-Sep-26 14:19:09.784,,07-Sep-26 14:19:09.520,,,,£ 15.00,,,£ 15.00,,,,£ 15.00,Total Paid,,"£ 3,165.10",£ 15.00,£ 229.54,"£ 3,409.64","£ 127,447.80","£ 29,248.56",-£ 260.00,"£ 159,846.00"
Payments,Balance Transfers - to be paid by:,Payment Date,Payment ID,Guest Name,Group,Company,Property,Room,Order Ref.,Booking Ref,Booked On,Check-In,Check-Out,Channel,OTA Reference,Type,Payment Method,Card Type,Last 4 Digits,Virtual Card,Description,User,Updated,Sent to gateway,Confirmed by gateway,Gateway Reference,Settled Amount,Settled Date,Card,Cash / Bank,Vouchers,Total Paid,OTA,eviivo,Total,07/09/2026 14:19,51095627,Ahmed Sharif,,,Hotel Orlando by PLI,Flat 2 ( Basement Orlando ),MXY-446-383,050-666-344,,Post Checkout,05/09/2026 23:08,06-Sep-2026,07-Sep-2026,Booking.com,6846983985,Refund,Card/VCC via the System,Mastercard,1892,0,,mohammed.samy@crownbs.com,07-Sep-26 14:19:42.390,07-Sep-26 14:19:40.700,07-Sep-26 14:19:42.027,re_1UD2SXR78xpaffA0lypTO29L,,,-£ 100.00,,,-£ 100.00,,,,- £ 100.00,Total Paid,,"£ 3,165.10",£ 15.00,£ 229.54,"£ 3,409.64","£ 127,447.80","£ 29,248.56",-£ 260.00,"£ 159,846.00"
Payments,Balance Transfers - to be paid by:,Payment Date,Payment ID,Guest Name,Group,Company,Property,Room,Order Ref.,Booking Ref,Booked On,Check-In,Check-Out,Channel,OTA Reference,Type,Payment Method,Card Type,Last 4 Digits,Virtual Card,Description,User,Updated,Sent to gateway,Confirmed by gateway,Gateway Reference,Settled Amount,Settled Date,Card,Cash / Bank,Vouchers,Total Paid,OTA,eviivo,Total,07/09/2026 14:20,51095648,Abdallah Alzyoud,,,Hotel Orlando by PLI,Room 16 3rd Floor,CKY-352-229,408-648-022,,Post Checkout,06/09/2026 13:51,06-Sep-2026,07-Sep-2026,Booking.com,6102965649,Refund,Card/VCC via the System,Visa,2014,0,,mohammed.samy@crownbs.com,07-Sep-26 14:20:42.685,07-Sep-26 14:20:41.100,07-Sep-26 14:20:42.193,re_3UCgc9R78xpaffA01GnP1sgU,,,-£ 100.00,,,-£ 100.00,,,,- £ 100.00,Total Paid,,"£ 3,165.10",£ 15.00,£ 229.54,"£ 3,409.64","£ 127,447.80","£ 29,248.56",-£ 260.00,"£ 159,846.00"
Payments,Balance Transfers - to be paid by:,Payment Date,Payment ID,Guest Name,Group,Company,Property,Room,Order Ref.,Booking Ref,Booked On,Check-In,Check-Out,Channel,OTA Reference,Type,Payment Method,Card Type,Last 4 Digits,Virtual Card,Description,User,Updated,Sent to gateway,Confirmed by gateway,Gateway Reference,Settled Amount,Settled Date,Card,Cash / Bank,Vouchers,Total Paid,OTA,eviivo,Total,07/09/2026 15:12,51096850,Yehor Vysotskyi,,,Hotel Orlando by PLI,Flat 2 ( Basement Orlando ),GVS-599-312,193-399-191,,Pre-arrival,07/09/2026 15:12,12-Sep-2026,13-Sep-2026,Booking.com,6509933963,Payment,Pre-Paid via OTA,,,,Prepaid via Booking.com,system@eviivo.com,07-Sep-26 15:12:51.309,,07-Sep-26 15:12:50.953,,,,,,,£ 0.00,£ 124.40,,,£ 124.40,Total Paid,,"£ 3,165.10",£ 15.00,£ 229.54,"£ 3,409.64","£ 127,447.80","£ 29,248.56",-£ 260.00,"£ 159,846.00"
Payments,Balance Transfers - to be paid by:,Payment Date,Payment ID,Guest Name,Group,Company,Property,Room,Order Ref.,Booking Ref,Booked On,Check-In,Check-Out,Channel,OTA Reference,Type,Payment Method,Card Type,Last 4 Digits,Virtual Card,Description,User,Updated,Sent to gateway,Confirmed by gateway,Gateway Reference,Settled Amount,Settled Date,Card,Cash / Bank,Vouchers,Total Paid,OTA,eviivo,Total,07/09/2026 15:45,51097632,Dan Willis,,,Hotel Orlando by PLI,S Room 32 2nd F,YIH-960-182,945-851-132,,Pre-arrival,07/09/2026 15:45,08-Sep-2026,09-Sep-2026,Airbnb,HM8XZFAMAF,Payment,Pre-Paid via OTA,,,,Extras prepaid via Airbnb,system@eviivo.com,07-Sep-26 15:45:21.973,,07-Sep-26 15:45:21.270,,,,,,,£ 0.00,£ 50.00,,,£ 50.00,Total Paid,,"£ 3,165.10",£ 15.00,£ 229.54,"£ 3,409.64","£ 127,447.80","£ 29,248.56",-£ 260.00,"£ 159,846.00"
Payments,Balance Transfers - to be paid by:,Payment Date,Payment ID,Guest Name,Group,Company,Property,Room,Order Ref.,Booking Ref,Booked On,Check-In,Check-Out,Channel,OTA Reference,Type,Payment Method,Card Type,Last 4 Digits,Virtual Card,Description,User,Updated,Sent to gateway,Confirmed by gateway,Gateway Reference,Settled Amount,Settled Date,Card,Cash / Bank,Vouchers,Total Paid,OTA,eviivo,Total,07/09/2026 16:21,51098569,Callum Gooding-Jones,,,Hotel Orlando by PLI,S Room 17 BF,ZHB-094-121,936-298-014,,On Account,07/09/2026 16:21,08-Sep-2026,09-Sep-2026,Expedia & Affiliate Network,2553124145,Payment,Pre-Paid via OTA,,,,Extras prepaid via Expedia,system@eviivo.com,07-Sep-26 16:21:08.782,,07-Sep-26 16:21:08.126,,,,,,,£ 0.00,,£ 55.09,,£ 55.09,Total Paid,,"£ 3,165.10",£ 15.00,£ 229.54,"£ 3,409.64","£ 127,447.80","£ 29,248.56",-£ 260.00,"£ 159,846.00"
Payments,Balance Transfers - to be paid by:,Payment Date,Payment ID,Guest Name,Group,Company,Property,Room,Order Ref.,Booking Ref,Booked On,Check-In,Check-Out,Channel,OTA Reference,Type,Payment Method,Card Type,Last 4 Digits,Virtual Card,Description,User,Updated,Sent to gateway,Confirmed by gateway,Gateway Reference,Settled Amount,Settled Date,Card,Cash / Bank,Vouchers,Total Paid,OTA,eviivo,Total,07/09/2026 17:26,51100102,Di Giovanni Andrea,,,Hotel Orlando by PLI,S Room 18 BF,BTZ-526-981,388-832-164,,Pre-arrival,07/09/2026 17:26,08-Sep-2026,09-Sep-2026,Booking.com,6240578690,Payment,Pre-Paid via OTA,,,,Prepaid via Booking.com,system@eviivo.com,07-Sep-26 17:26:54.958,,07-Sep-26 17:26:54.530,,,,,,,£ 0.00,£ 55.10,,,£ 55.10,Total Paid,,"£ 3,165.10",£ 15.00,£ 229.54,"£ 3,409.64","£ 127,447.80","£ 29,248.56",-£ 260.00,"£ 159,846.00"
Payments,Balance Transfers - to be paid by:,Payment Date,Payment ID,Guest Name,Group,Company,Property,Room,Order Ref.,Booking Ref,Booked On,Check-In,Check-Out,Channel,OTA Reference,Type,Payment Method,Card Type,Last 4 Digits,Virtual Card,Description,User,Updated,Sent to gateway,Confirmed by gateway,Gateway Reference,Settled Amount,Settled Date,Card,Cash / Bank,Vouchers,Total Paid,OTA,eviivo,Total,07/09/2026 19:27,51102418,Thomas Befroy,,,Hotel Orlando by PLI,S Room 21 GF - SofaBed,VIF-398-669,689-430-531,,Pre-arrival,07/09/2026 19:27,19-Sep-2026,20-Sep-2026,Booking.com,6873342061,Payment,Pre-Paid via OTA,,,,Prepaid via Booking.com,system@eviivo.com,07-Sep-26 19:27:57.313,,07-Sep-26 19:27:57.100,,,,,,,£ 0.00,£ 101.90,,,£ 101.90,Total Paid,,"£ 3,165.10",£ 15.00,£ 229.54,"£ 3,409.64","£ 127,447.80","£ 29,248.56",-£ 260.00,"£ 159,846.00"
Payments,Balance Transfers - to be paid by:,Payment Date,Payment ID,Guest Name,Group,Company,Property,Room,Order Ref.,Booking Ref,Booked On,Check-In,Check-Out,Channel,OTA Reference,Type,Payment Method,Card Type,Last 4 Digits,Virtual Card,Description,User,Updated,Sent to gateway,Confirmed by gateway,Gateway Reference,Settled Amount,Settled Date,Card,Cash / Bank,Vouchers,Total Paid,OTA,eviivo,Total,07/09/2026 20:18,51103357,Mariana Luncasu,,,Hotel Orlando by PLI,Room 7 Mid-First Floor,JST-820-910,521-492-844,,Pre-arrival,07/09/2026 20:18,12-Sep-2026,13-Sep-2026,Booking.com,5635037069,Payment,Pre-Paid via OTA,,,,Prepaid via Booking.com,system@eviivo.com,07-Sep-26 20:18:36.730,,07-Sep-26 20:18:36.490,,,,,,,£ 0.00,£ 101.00,,,£ 101.00,Total Paid,,"£ 3,165.10",£ 15.00,£ 229.54,"£ 3,409.64","£ 127,447.80","£ 29,248.56",-£ 260.00,"£ 159,846.00"
Payments,Balance Transfers - to be paid by:,Payment Date,Payment ID,Guest Name,Group,Company,Property,Room,Order Ref.,Booking Ref,Booked On,Check-In,Check-Out,Channel,OTA Reference,Type,Payment Method,Card Type,Last 4 Digits,Virtual Card,Description,User,Updated,Sent to gateway,Confirmed by gateway,Gateway Reference,Settled Amount,Settled Date,Card,Cash / Bank,Vouchers,Total Paid,OTA,eviivo,Total,07/09/2026 20:36,51103690,Rene Könings,,,Hotel Orlando by PLI,Room 9 1st Floor,QQQ-867-833,365-620-594,,Pre-arrival,07/09/2026 20:36,26-Nov-2026,30-Nov-2026,Booking.com,5350073077,Payment,Pre-Paid via OTA,,,,Prepaid via Booking.com,system@eviivo.com,07-Sep-26 20:37:00.097,,07-Sep-26 20:36:59.830,,,,,,,£ 0.00,£ 388.10,,,£ 388.10,Total Paid,,"£ 3,165.10",£ 15.00,£ 229.54,"£ 3,409.64","£ 127,447.80","£ 29,248.56",-£ 260.00,"£ 159,846.00"
Payments,Balance Transfers - to be paid by:,Payment Date,Payment ID,Guest Name,Group,Company,Property,Room,Order Ref.,Booking Ref,Booked On,Check-In,Check-Out,Channel,OTA Reference,Type,Payment Method,Card Type,Last 4 Digits,Virtual Card,Description,User,Updated,Sent to gateway,Confirmed by gateway,Gateway Reference,Settled Amount,Settled Date,Card,Cash / Bank,Vouchers,Total Paid,OTA,eviivo,Total,07/09/2026 20:50,51103896,Kazeem Arowolo,,,Hotel Orlando by PLI,Room 1 BF,YNO-500-090,194-041-611,,Pre-arrival,07/09/2026 20:50,21-Sep-2026,26-Sep-2026,Booking.com,5606994998,Payment,Pre-Paid via OTA,,,,Prepaid via Booking.com,system@eviivo.com,07-Sep-26 20:50:07.587,,07-Sep-26 20:50:07.336,,,,,,,£ 0.00,£ 431.00,,,£ 431.00,Total Paid,,"£ 3,165.10",£ 15.00,£ 229.54,"£ 3,409.64","£ 127,447.80","£ 29,248.56",-£ 260.00,"£ 159,846.00"
Payments,Balance Transfers - to be paid by:,Payment Date,Payment ID,Guest Name,Group,Company,Property,Room,Order Ref.,Booking Ref,Booked On,Check-In,Check-Out,Channel,OTA Reference,Type,Payment Method,Card Type,Last 4 Digits,Virtual Card,Description,User,Updated,Sent to gateway,Confirmed by gateway,Gateway Reference,Settled Amount,Settled Date,Card,Cash / Bank,Vouchers,Total Paid,OTA,eviivo,Total,07/09/2026 20:53,51103957,Chanakarn Kiettawianan,,,Hotel Orlando by PLI,Room 8 1st Floor,MHG-427-471,533-331-944,,Pre-arrival,07/09/2026 20:53,06-Nov-2026,09-Nov-2026,Booking.com,5755808090,Payment,Pre-Paid via OTA,,,,Prepaid via Booking.com,system@eviivo.com,07-Sep-26 20:53:58.956,,07-Sep-26 20:53:58.793,,,,,,,£ 0.00,£ 256.70,,,£ 256.70,Total Paid,,"£ 3,165.10",£ 15.00,£ 229.54,"£ 3,409.64","£ 127,447.80","£ 29,248.56",-£ 260.00,"£ 159,846.00"
Payments,Balance Transfers - to be paid by:,Payment Date,Payment ID,Guest Name,Group,Company,Property,Room,Order Ref.,Booking Ref,Booked On,Check-In,Check-Out,Channel,OTA Reference,Type,Payment Method,Card Type,Last 4 Digits,Virtual Card,Description,User,Updated,Sent to gateway,Confirmed by gateway,Gateway Reference,Settled Amount,Settled Date,Card,Cash / Bank,Vouchers,Total Paid,OTA,eviivo,Total,07/09/2026 22:08,51105088,Adrián Soguero,,,Hotel Orlando by PLI,Room 3 BF W/Microwave,QUC-265-017,804-141-844,,Pre-arrival,07/09/2026 22:08,06-Oct-2026,10-Oct-2026,Booking.com,6873367470,Payment,Pre-Paid via OTA,,,,Prepaid via Booking.com,system@eviivo.com,07-Sep-26 22:08:50.410,,07-Sep-26 22:08:50.173,,,,,,,£ 0.00,£ 398.00,,,£ 398.00,Total Paid,,"£ 3,165.10",£ 15.00,£ 229.54,"£ 3,409.64","£ 127,447.80","£ 29,248.56",-£ 260.00,"£ 159,846.00"
Payments,Balance Transfers - to be paid by:,Payment Date,Payment ID,Guest Name,Group,Company,Property,Room,Order Ref.,Booking Ref,Booked On,Check-In,Check-Out,Channel,OTA Reference,Type,Payment Method,Card Type,Last 4 Digits,Virtual Card,Description,User,Updated,Sent to gateway,Confirmed by gateway,Gateway Reference,Settled Amount,Settled Date,Card,Cash / Bank,Vouchers,Total Paid,OTA,eviivo,Total,07/09/2026 22:58,51105628,Marianne Salas,,,Hotel Orlando by PLI,Room 14 2nd Floor,QDM-559-144,684-168-661,,Pre-arrival,07/09/2026 22:58,11-Nov-2026,15-Nov-2026,Booking.com,6873324445,Payment,Pre-Paid via OTA,,,,Prepaid via Booking.com,system@eviivo.com,07-Sep-26 22:58:20.009,,07-Sep-26 22:58:19.660,,,,,,,£ 0.00,£ 288.20,,,£ 288.20,Total Paid,,"£ 3,165.10",£ 15.00,£ 229.54,"£ 3,409.64","£ 127,447.80","£ 29,248.56",-£ 260.00,"£ 159,846.00"
Payments,Balance Transfers - to be paid by:,Payment Date,Payment ID,Guest Name,Group,Company,Property,Room,Order Ref.,Booking Ref,Booked On,Check-In,Check-Out,Channel,OTA Reference,Type,Payment Method,Card Type,Last 4 Digits,Virtual Card,Description,User,Updated,Sent to gateway,Confirmed by gateway,Gateway Reference,Settled Amount,Settled Date,Card,Cash / Bank,Vouchers,Total Paid,OTA,eviivo,Total,07/09/2026 23:07,51105738,Brahim Guerras,,,Hotel Orlando by PLI,S Room 33 3rd F - W/Microwave &Fridge,UMN-594-489,596-283-982,,On Account,07/09/2026 23:07,07-Nov-2026,11-Nov-2026,Expedia & Affiliate Network,2553399794,Payment,Pre-Paid via OTA,,,,Extras prepaid via Expedia Affiliate Network,system@eviivo.com,07-Sep-26 23:07:15.205,,07-Sep-26 23:07:14.540,,,,,,,£ 0.00,,£ 284.62,,£ 284.62,Total Paid,,"£ 3,165.10",£ 15.00,£ 229.54,"£ 3,409.64","£ 127,447.80","£ 29,248.56",-£ 260.00,"£ 159,846.00"
Payments,Balance Transfers - to be paid by:,Payment Date,Payment ID,Guest Name,Group,Company,Property,Room,Order Ref.,Booking Ref,Booked On,Check-In,Check-Out,Channel,OTA Reference,Type,Payment Method,Card Type,Last 4 Digits,Virtual Card,Description,User,Updated,Sent to gateway,Confirmed by gateway,Gateway Reference,Settled Amount,Settled Date,Card,Cash / Bank,Vouchers,Total Paid,OTA,eviivo,Total,07/09/2026 23:50,51106023,Joel Sossavi,,,Hotel Orlando by PLI,S Room 32 2nd F,YVO-625-872,264-534-221,,Pre-arrival,07/09/2026 23:50,17-Sep-2026,20-Sep-2026,Booking.com,5914708191,Payment,Pre-Paid via OTA,,,,Prepaid via Booking.com,system@eviivo.com,07-Sep-26 23:50:29.139,,07-Sep-26 23:50:28.910,,,,,,,£ 0.00,£ 194.60,,,£ 194.60,Total Paid,,"£ 3,165.10",£ 15.00,£ 229.54,"£ 3,409.64","£ 127,447.80","£ 29,248.56",-£ 260.00,"£ 159,846.00"
Payments,Balance Transfers - to be paid by:,Payment Date,Payment ID,Guest Name,Group,Company,Property,Room,Order Ref.,Booking Ref,Booked On,Check-In,Check-Out,Channel,OTA Reference,Type,Payment Method,Card Type,Last 4 Digits,Virtual Card,Description,User,Updated,Sent to gateway,Confirmed by gateway,Gateway Reference,Settled Amount,Settled Date,Card,Cash / Bank,Vouchers,Total Paid,OTA,eviivo,Total,07/09/2026 23:56,51106055,António Beato Serra,,,Hotel Orlando by PLI,S Room 33 3rd F - W/Microwave &Fridge,SJV-489-310,093-084-552,,Pre-arrival,07/09/2026 23:56,05-Feb-2027,09-Feb-2027,Booking.com,6184096499,Payment,Pre-Paid via OTA,,,,Prepaid via Booking.com,system@eviivo.com,07-Sep-26 23:56:45.537,,07-Sep-26 23:56:45.246,,,,,,,£ 0.00,£ 207.20,,,£ 207.20,Total Paid,,"£ 3,165.10",£ 15.00,£ 229.54,"£ 3,409.64","£ 127,447.80","£ 29,248.56",-£ 260.00,"£ 159,846.00"
Payments,Balance Transfers - to be paid by:,Payment Date,Payment ID,Guest Name,Group,Company,Property,Room,Order Ref.,Booking Ref,Booked On,Check-In,Check-Out,Channel,OTA Reference,Type,Payment Method,Card Type,Last 4 Digits,Virtual Card,Description,User,Updated,Sent to gateway,Confirmed by gateway,Gateway Reference,Settled Amount,Settled Date,Card,Cash / Bank,Vouchers,Total Paid,OTA,eviivo,Total,08/09/2026 08:53,51109591,Rina Brahimi,,,Hotel Orlando by PLI,S Room 33 3rd F - W/Microwave &Fridge,PWX-232-415,220-212-112,,Pre-arrival,08/09/2026 08:53,07-Oct-2026,10-Oct-2026,Booking.com,5635073976,Payment,Pre-Paid via OTA,,,,Prepaid via Booking.com,system@eviivo.com,08-Sep-26 08:53:34.869,,08-Sep-26 08:53:34.540,,,,,,,£ 0.00,£ 277.40,,,£ 277.40,Total Paid,,"£ 3,165.10",£ 15.00,£ 229.54,"£ 3,409.64","£ 127,447.80","£ 29,248.56",-£ 260.00,"£ 159,846.00"
Payments,Balance Transfers - to be paid by:,Payment Date,Payment ID,Guest Name,Group,Company,Property,Room,Order Ref.,Booking Ref,Booked On,Check-In,Check-Out,Channel,OTA Reference,Type,Payment Method,Card Type,Last 4 Digits,Virtual Card,Description,User,Updated,Sent to gateway,Confirmed by gateway,Gateway Reference,Settled Amount,Settled Date,Card,Cash / Bank,Vouchers,Total Paid,OTA,eviivo,Total,08/09/2026 09:05,51170125,Ahmet Ferizolli,,,Hotel Orlando by PLI,S Room 27 1st F  W/Fridge,TZV-753-424,249-309-292,,Pre-arrival,08/09/2026 09:05,25-Nov-2026,29-Nov-2026,Booking.com,5606988566,Payment,Pre-Paid via OTA,,,,Prepaid via Booking.com,system@eviivo.com,11-Sep-26 10:23:50.791,,08-Sep-26 09:05:22.463,,,,,,,£ 0.00,£ 419.00,,,£ 419.00,Total Paid,,"£ 3,165.10",£ 15.00,£ 229.54,"£ 3,409.64","£ 127,447.80","£ 29,248.56",-£ 260.00,"£ 159,846.00"
Payments,Balance Transfers - to be paid by:,Payment Date,Payment ID,Guest Name,Group,Company,Property,Room,Order Ref.,Booking Ref,Booked On,Check-In,Check-Out,Channel,OTA Reference,Type,Payment Method,Card Type,Last 4 Digits,Virtual Card,Description,User,Updated,Sent to gateway,Confirmed by gateway,Gateway Reference,Settled Amount,Settled Date,Card,Cash / Bank,Vouchers,Total Paid,OTA,eviivo,Total,08/09/2026 09:59,51110817,Eugenie Sourial,,,Hotel Orlando by PLI,S Room 28 1st F,KSS-428-191,088-131-341,,In House,04/09/2026 11:44,08-Sep-2026,09-Sep-2026,Booking.com,6780645883,Payment,Card/VCC via the System,Mastercard,1733,0,Guest Paid Online,eviivo suite,08-Sep-26 09:59:43.176,08-Sep-26 09:59:40.070,08-Sep-26 09:59:42.350,pi_3UDKsSR78xpaffA00iJMn48r,,,£ 100.00,,,£ 100.00,,,,£ 100.00,Total Paid,,"£ 3,165.10",£ 15.00,£ 229.54,"£ 3,409.64","£ 127,447.80","£ 29,248.56",-£ 260.00,"£ 159,846.00"
Payments,Balance Transfers - to be paid by:,Payment Date,Payment ID,Guest Name,Group,Company,Property,Room,Order Ref.,Booking Ref,Booked On,Check-In,Check-Out,Channel,OTA Reference,Type,Payment Method,Card Type,Last 4 Digits,Virtual Card,Description,User,Updated,Sent to gateway,Confirmed by gateway,Gateway Reference,Settled Amount,Settled Date,Card,Cash / Bank,Vouchers,Total Paid,OTA,eviivo,Total,08/09/2026 10:41,51111599,Paul Hatchett,,,Hotel Orlando by PLI,Room 4 GF,UEM-469-559,643-932-502,,On Account,08/09/2026 10:41,16-Sep-2026,18-Sep-2026,Expedia & Affiliate Network,2553743253,Payment,Pre-Paid via OTA,,,,Extras prepaid via Expedia,system@eviivo.com,08-Sep-26 10:41:03.349,,08-Sep-26 10:41:02.336,,,,,,,£ 0.00,,£ 163.09,,£ 163.09,Total Paid,,"£ 3,165.10",£ 15.00,£ 229.54,"£ 3,409.64","£ 127,447.80","£ 29,248.56",-£ 260.00,"£ 159,846.00"
Payments,Balance Transfers - to be paid by:,Payment Date,Payment ID,Guest Name,Group,Company,Property,Room,Order Ref.,Booking Ref,Booked On,Check-In,Check-Out,Channel,OTA Reference,Type,Payment Method,Card Type,Last 4 Digits,Virtual Card,Description,User,Updated,Sent to gateway,Confirmed by gateway,Gateway Reference,Settled Amount,Settled Date,Card,Cash / Bank,Vouchers,Total Paid,OTA,eviivo,Total,08/09/2026 11:03,51111990,Rolf Kaleveld,,,Hotel Orlando by PLI,Room 15 3rd Floor,LPF-994-564,681-438-961,,Pre-arrival,08/09/2026 11:03,23-Sep-2026,29-Sep-2026,Booking.com,5917261808,Payment,Pre-Paid via OTA,,,,Prepaid via Booking.com,system@eviivo.com,08-Sep-26 11:03:47.218,,08-Sep-26 11:03:46.650,,,,,,,£ 0.00,£ 404.30,,,£ 404.30,Total Paid,,"£ 3,165.10",£ 15.00,£ 229.54,"£ 3,409.64","£ 127,447.80","£ 29,248.56",-£ 260.00,"£ 159,846.00"
Payments,Balance Transfers - to be paid by:,Payment Date,Payment ID,Guest Name,Group,Company,Property,Room,Order Ref.,Booking Ref,Booked On,Check-In,Check-Out,Channel,OTA Reference,Type,Payment Method,Card Type,Last 4 Digits,Virtual Card,Description,User,Updated,Sent to gateway,Confirmed by gateway,Gateway Reference,Settled Amount,Settled Date,Card,Cash / Bank,Vouchers,Total Paid,OTA,eviivo,Total,08/09/2026 12:33,51113633,Charlie Abbott,,,Hotel Orlando by PLI,S Room 33 3rd F - W/Microwave &Fridge,RZZ-856-723,592-806-901,,Pre-arrival,08/09/2026 12:33,19-Dec-2026,22-Dec-2026,Booking.com,5278473970,Payment,Pre-Paid via OTA,,,,Prepaid via Booking.com,system@eviivo.com,08-Sep-26 12:33:59.839,,08-Sep-26 12:33:59.410,,,,,,,£ 0.00,£ 263.90,,,£ 263.90,Total Paid,,"£ 3,165.10",£ 15.00,£ 229.54,"£ 3,409.64","£ 127,447.80","£ 29,248.56",-£ 260.00,"£ 159,846.00"
Payments,Balance Transfers - to be paid by:,Payment Date,Payment ID,Guest Name,Group,Company,Property,Room,Order Ref.,Booking Ref,Booked On,Check-In,Check-Out,Channel,OTA Reference,Type,Payment Method,Card Type,Last 4 Digits,Virtual Card,Description,User,Updated,Sent to gateway,Confirmed by gateway,Gateway Reference,Settled Amount,Settled Date,Card,Cash / Bank,Vouchers,Total Paid,OTA,eviivo,Total,08/09/2026 12:45,51113836,Callum Gooding-Jones,,,Hotel Orlando by PLI,S Room 17 BF,ZHB-094-121,936-298-014,,In House,07/09/2026 16:21,08-Sep-2026,09-Sep-2026,Expedia & Affiliate Network,2553124145,Payment,Card/VCC via the System,Visa,2543,0,Guest Paid Online,eviivo suite,08-Sep-26 12:45:10.568,08-Sep-26 12:45:07.870,08-Sep-26 12:45:10.307,pi_3UDNSZR78xpaffA00J78CwEJ,,,£ 100.00,,,£ 100.00,,,,£ 100.00,Total Paid,,"£ 3,165.10",£ 15.00,£ 229.54,"£ 3,409.64","£ 127,447.80","£ 29,248.56",-£ 260.00,"£ 159,846.00"
Payments,Balance Transfers - to be paid by:,Payment Date,Payment ID,Guest Name,Group,Company,Property,Room,Order Ref.,Booking Ref,Booked On,Check-In,Check-Out,Channel,OTA Reference,Type,Payment Method,Card Type,Last 4 Digits,Virtual Card,Description,User,Updated,Sent to gateway,Confirmed by gateway,Gateway Reference,Settled Amount,Settled Date,Card,Cash / Bank,Vouchers,Total Paid,OTA,eviivo,Total,08/09/2026 13:49,51114946,Jan Steinke,,,Hotel Orlando by PLI,Flat 20 ( Basement sino ),MBA-222-110,609-621-102,,On Account,08/09/2026 13:49,19-Oct-2026,22-Oct-2026,Expedia & Affiliate Network,2553839283,Payment,Pre-Paid via OTA,,,,Extras prepaid via Expedia,system@eviivo.com,08-Sep-26 13:49:05.572,,08-Sep-26 13:49:04.973,,,,,,,£ 0.00,,£ 328.03,,£ 328.03,Total Paid,,"£ 3,165.10",£ 15.00,£ 229.54,"£ 3,409.64","£ 127,447.80","£ 29,248.56",-£ 260.00,"£ 159,846.00"
Payments,Balance Transfers - to be paid by:,Payment Date,Payment ID,Guest Name,Group,Company,Property,Room,Order Ref.,Booking Ref,Booked On,Check-In,Check-Out,Channel,OTA Reference,Type,Payment Method,Card Type,Last 4 Digits,Virtual Card,Description,User,Updated,Sent to gateway,Confirmed by gateway,Gateway Reference,Settled Amount,Settled Date,Card,Cash / Bank,Vouchers,Total Paid,OTA,eviivo,Total,08/09/2026 14:19,51115664,Di Giovanni Andrea,,,Hotel Orlando by PLI,S Room 18 BF,BTZ-526-981,388-832-164,,In House,07/09/2026 17:26,08-Sep-2026,09-Sep-2026,Booking.com,6240578690,Payment,Card/VCC via the System,Mastercard,4843,0,Guest Paid Online,eviivo suite,08-Sep-26 14:19:43.565,08-Sep-26 14:19:41.220,08-Sep-26 14:19:43.247,pi_3UDOw5R78xpaffA00OEzgPTa,,,£ 100.00,,,£ 100.00,,,,£ 100.00,Total Paid,,"£ 3,165.10",£ 15.00,£ 229.54,"£ 3,409.64","£ 127,447.80","£ 29,248.56",-£ 260.00,"£ 159,846.00"
Payments,Balance Transfers - to be paid by:,Payment Date,Payment ID,Guest Name,Group,Company,Property,Room,Order Ref.,Booking Ref,Booked On,Check-In,Check-Out,Channel,OTA Reference,Type,Payment Method,Card Type,Last 4 Digits,Virtual Card,Description,User,Updated,Sent to gateway,Confirmed by gateway,Gateway Reference,Settled Amount,Settled Date,Card,Cash / Bank,Vouchers,Total Paid,OTA,eviivo,Total,,51116377,Rangana Sajith Gunatilaka,,,Hotel Orlando by PLI,Room 1 BF,IVN-653-937,193-229-111,,On Account,08/09/2026 14:50,02-Feb-2027,06-Feb-2027,Booking.com,5732878734,(see above/below),(see above/below),,,,,system@eviivo.com,,,,,,,,,,£ 0.00,,,,,Total Paid,,"£ 3,165.10",£ 15.00,£ 229.54,"£ 3,409.64","£ 127,447.80","£ 29,248.56",-£ 260.00,"£ 159,846.00"
Payments,Balance Transfers - to be paid by:,Payment Date,Payment ID,Guest Name,Group,Company,Property,Room,Order Ref.,Booking Ref,Booked On,Check-In,Check-Out,Channel,OTA Reference,Type,Payment Method,Card Type,Last 4 Digits,Virtual Card,Description,User,Updated,Sent to gateway,Confirmed by gateway,Gateway Reference,Settled Amount,Settled Date,Card,Cash / Bank,Vouchers,Total Paid,OTA,eviivo,Total,08/09/2026 14:50,51116377,Ravindu Warnakulasuriya,,,Hotel Orlando by PLI,Room 11 2nd Floor,IVN-653-937,363-592-444,,Pre-arrival,08/09/2026 14:50,02-Feb-2027,06-Feb-2027,Booking.com,5732878734,Payment,Pre-Paid via OTA,,,,Prepaid via Booking.com,system@eviivo.com,08-Sep-26 14:50:38.546,,08-Sep-26 14:50:38.146,,,,,,,£ 0.00,£ 400.00,,,£ 400.00,Total Paid,,"£ 3,165.10",£ 15.00,£ 229.54,"£ 3,409.64","£ 127,447.80","£ 29,248.56",-£ 260.00,"£ 159,846.00"
Payments,Balance Transfers - to be paid by:,Payment Date,Payment ID,Guest Name,Group,Company,Property,Room,Order Ref.,Booking Ref,Booked On,Check-In,Check-Out,Channel,OTA Reference,Type,Payment Method,Card Type,Last 4 Digits,Virtual Card,Description,User,Updated,Sent to gateway,Confirmed by gateway,Gateway Reference,Settled Amount,Settled Date,Card,Cash / Bank,Vouchers,Total Paid,OTA,eviivo,Total,08/09/2026 16:11,51118188,James Bertrand,,,Hotel Orlando by PLI,Room 16 3rd Floor,QAC-981-946,161-943-512,,Pre-arrival,08/09/2026 16:11,21-Sep-2026,22-Sep-2026,Booking.com,5917284801,Payment,Pre-Paid via OTA,,,,Prepaid via Booking.com,system@eviivo.com,08-Sep-26 16:11:51.585,,08-Sep-26 16:11:51.353,,,,,,,£ 0.00,£ 83.90,,,£ 83.90,Total Paid,,"£ 3,165.10",£ 15.00,£ 229.54,"£ 3,409.64","£ 127,447.80","£ 29,248.56",-£ 260.00,"£ 159,846.00"
Payments,Balance Transfers - to be paid by:,Payment Date,Payment ID,Guest Name,Group,Company,Property,Room,Order Ref.,Booking Ref,Booked On,Check-In,Check-Out,Channel,OTA Reference,Type,Payment Method,Card Type,Last 4 Digits,Virtual Card,Description,User,Updated,Sent to gateway,Confirmed by gateway,Gateway Reference,Settled Amount,Settled Date,Card,Cash / Bank,Vouchers,Total Paid,OTA,eviivo,Total,08/09/2026 16:15,51118259,NICOLE ANDRADE LIMONES,,,Hotel Orlando by PLI,Room 1 BF,MQJ-288-946,603-686-894,,On Account,08/09/2026 16:15,10-Sep-2026,13-Sep-2026,Expedia & Affiliate Network,2553947508,Payment,Pre-Paid via OTA,,,,Extras prepaid via Expedia Affiliate Network,system@eviivo.com,08-Sep-26 16:15:06.433,,08-Sep-26 16:15:04.906,,,,,,,£ 0.00,,£ 246.99,,£ 246.99,Total Paid,,"£ 3,165.10",£ 15.00,£ 229.54,"£ 3,409.64","£ 127,447.80","£ 29,248.56",-£ 260.00,"£ 159,846.00"
Payments,Balance Transfers - to be paid by:,Payment Date,Payment ID,Guest Name,Group,Company,Property,Room,Order Ref.,Booking Ref,Booked On,Check-In,Check-Out,Channel,OTA Reference,Type,Payment Method,Card Type,Last 4 Digits,Virtual Card,Description,User,Updated,Sent to gateway,Confirmed by gateway,Gateway Reference,Settled Amount,Settled Date,Card,Cash / Bank,Vouchers,Total Paid,OTA,eviivo,Total,08/09/2026 16:42,51118864,Sara Pissacroia,,,Hotel Orlando by PLI,Room 9 1st Floor,FJW-711-717,613-454-351,,Pre-arrival,08/09/2026 16:42,17-Sep-2026,21-Sep-2026,Booking.com,6530733765,Payment,Pre-Paid via OTA,,,,Prepaid via Booking.com,system@eviivo.com,08-Sep-26 16:42:46.518,,08-Sep-26 16:42:46.150,,,,,,,£ 0.00,£ 310.70,,,£ 310.70,Total Paid,,"£ 3,165.10",£ 15.00,£ 229.54,"£ 3,409.64","£ 127,447.80","£ 29,248.56",-£ 260.00,"£ 159,846.00"
Payments,Balance Transfers - to be paid by:,Payment Date,Payment ID,Guest Name,Group,Company,Property,Room,Order Ref.,Booking Ref,Booked On,Check-In,Check-Out,Channel,OTA Reference,Type,Payment Method,Card Type,Last 4 Digits,Virtual Card,Description,User,Updated,Sent to gateway,Confirmed by gateway,Gateway Reference,Settled Amount,Settled Date,Card,Cash / Bank,Vouchers,Total Paid,OTA,eviivo,Total,08/09/2026 17:38,51120119,Rewi Newnham,,,Hotel Orlando by PLI,S Room 18 BF,MSE-274-711,229-934-131,,On Account,08/09/2026 17:38,15-Sep-2026,16-Sep-2026,Expedia & Affiliate Network,2554016761,Payment,Pre-Paid via OTA,,,,Extras prepaid via Expedia,system@eviivo.com,08-Sep-26 17:38:44.361,,08-Sep-26 17:38:43.750,,,,,,,£ 0.00,,£ 71.29,,£ 71.29,Total Paid,,"£ 3,165.10",£ 15.00,£ 229.54,"£ 3,409.64","£ 127,447.80","£ 29,248.56",-£ 260.00,"£ 159,846.00"
Payments,Balance Transfers - to be paid by:,Payment Date,Payment ID,Guest Name,Group,Company,Property,Room,Order Ref.,Booking Ref,Booked On,Check-In,Check-Out,Channel,OTA Reference,Type,Payment Method,Card Type,Last 4 Digits,Virtual Card,Description,User,Updated,Sent to gateway,Confirmed by gateway,Gateway Reference,Settled Amount,Settled Date,Card,Cash / Bank,Vouchers,Total Paid,OTA,eviivo,Total,08/09/2026 18:08,51120741,Sara Dévora Domínguez,,,Hotel Orlando by PLI,S Room 17 BF,LBI-067-222,546-860-414,,Pre-arrival,08/09/2026 18:08,02-Dec-2026,06-Dec-2026,Booking.com,5917291954,Payment,Pre-Paid via OTA,,,,Prepaid via Booking.com,system@eviivo.com,08-Sep-26 18:08:37.069,,08-Sep-26 18:08:36.790,,,,,,,£ 0.00,£ 341.30,,,£ 341.30,Total Paid,,"£ 3,165.10",£ 15.00,£ 229.54,"£ 3,409.64","£ 127,447.80","£ 29,248.56",-£ 260.00,"£ 159,846.00"
Payments,Balance Transfers - to be paid by:,Payment Date,Payment ID,Guest Name,Group,Company,Property,Room,Order Ref.,Booking Ref,Booked On,Check-In,Check-Out,Channel,OTA Reference,Type,Payment Method,Card Type,Last 4 Digits,Virtual Card,Description,User,Updated,Sent to gateway,Confirmed by gateway,Gateway Reference,Settled Amount,Settled Date,Card,Cash / Bank,Vouchers,Total Paid,OTA,eviivo,Total,08/09/2026 18:23,51121026,juliana Martins,,,Hotel Orlando by PLI,S Room 19 BF - W/Sofa bed ,KWC-759-386,025-059-324,,Pre-arrival,08/09/2026 18:23,10-Oct-2026,13-Oct-2026,Booking.com,6156724298,Payment,Pre-Paid via OTA,,,,Prepaid via Booking.com,system@eviivo.com,08-Sep-26 18:23:13.751,,08-Sep-26 18:23:13.456,,,,,,,£ 0.00,£ 308.00,,,£ 308.00,Total Paid,,"£ 3,165.10",£ 15.00,£ 229.54,"£ 3,409.64","£ 127,447.80","£ 29,248.56",-£ 260.00,"£ 159,846.00"
Payments,Balance Transfers - to be paid by:,Payment Date,Payment ID,Guest Name,Group,Company,Property,Room,Order Ref.,Booking Ref,Booked On,Check-In,Check-Out,Channel,OTA Reference,Type,Payment Method,Card Type,Last 4 Digits,Virtual Card,Description,User,Updated,Sent to gateway,Confirmed by gateway,Gateway Reference,Settled Amount,Settled Date,Card,Cash / Bank,Vouchers,Total Paid,OTA,eviivo,Total,08/09/2026 18:26,51121094,Tanaka Ryoma,,,Hotel Orlando by PLI,Room 15 3rd Floor,UBX-964-435,421-938-461,,Pre-arrival,08/09/2026 18:26,18-Feb-2027,21-Feb-2027,Booking.com,5751098595,Payment,Pre-Paid via OTA,,,,Prepaid via Booking.com,system@eviivo.com,08-Sep-26 18:26:19.939,,08-Sep-26 18:26:19.696,,,,,,,£ 0.00,£ 136.10,,,£ 136.10,Total Paid,,"£ 3,165.10",£ 15.00,£ 229.54,"£ 3,409.64","£ 127,447.80","£ 29,248.56",-£ 260.00,"£ 159,846.00"
Payments,Balance Transfers - to be paid by:,Payment Date,Payment ID,Guest Name,Group,Company,Property,Room,Order Ref.,Booking Ref,Booked On,Check-In,Check-Out,Channel,OTA Reference,Type,Payment Method,Card Type,Last 4 Digits,Virtual Card,Description,User,Updated,Sent to gateway,Confirmed by gateway,Gateway Reference,Settled Amount,Settled Date,Card,Cash / Bank,Vouchers,Total Paid,OTA,eviivo,Total,08/09/2026 20:56,51124009,Eleonora Sciarrotta,,,Hotel Orlando by PLI,Flat 2 ( Basement Orlando ),OPR-857-594,086-264-281,,On Account,08/09/2026 20:56,01-Oct-2026,04-Oct-2026,Expedia & Affiliate Network,2554168668,Payment,Pre-Paid via OTA,,,,Extras prepaid via Expedia,system@eviivo.com,08-Sep-26 20:56:35.982,,08-Sep-26 20:56:35.516,,,,,,,£ 0.00,,£ 380.00,,£ 380.00,Total Paid,,"£ 3,165.10",£ 15.00,£ 229.54,"£ 3,409.64","£ 127,447.80","£ 29,248.56",-£ 260.00,"£ 159,846.00"
Payments,Balance Transfers - to be paid by:,Payment Date,Payment ID,Guest Name,Group,Company,Property,Room,Order Ref.,Booking Ref,Booked On,Check-In,Check-Out,Channel,OTA Reference,Type,Payment Method,Card Type,Last 4 Digits,Virtual Card,Description,User,Updated,Sent to gateway,Confirmed by gateway,Gateway Reference,Settled Amount,Settled Date,Card,Cash / Bank,Vouchers,Total Paid,OTA,eviivo,Total,08/09/2026 21:20,51124472,Andy García Díaz,,,Hotel Orlando by PLI,Room 1 BF,NCG-167-662,146-940-532,,On Account,08/09/2026 21:20,18-Sep-2026,21-Sep-2026,Expedia & Affiliate Network,2554186426,Payment,Pre-Paid via OTA,,,,Extras prepaid via Expedia,system@eviivo.com,08-Sep-26 21:20:37.160,,08-Sep-26 21:20:36.596,,,,,,,£ 0.00,,£ 208.99,,£ 208.99,Total Paid,,"£ 3,165.10",£ 15.00,£ 229.54,"£ 3,409.64","£ 127,447.80","£ 29,248.56",-£ 260.00,"£ 159,846.00"
Payments,Balance Transfers - to be paid by:,Payment Date,Payment ID,Guest Name,Group,Company,Property,Room,Order Ref.,Booking Ref,Booked On,Check-In,Check-Out,Channel,OTA Reference,Type,Payment Method,Card Type,Last 4 Digits,Virtual Card,Description,User,Updated,Sent to gateway,Confirmed by gateway,Gateway Reference,Settled Amount,Settled Date,Card,Cash / Bank,Vouchers,Total Paid,OTA,eviivo,Total,08/09/2026 21:32,51124652,Eleonora Ursino,,,Hotel Orlando by PLI,S Room 27 1st F  W/Fridge,PRV-306-946,200-025-822,,Pre-arrival,08/09/2026 21:32,05-Nov-2026,11-Nov-2026,Booking.com,5079900292,Payment,Pre-Paid via OTA,,,,Prepaid via Booking.com,system@eviivo.com,08-Sep-26 21:32:45.615,,08-Sep-26 21:32:45.440,,,,,,,£ 0.00,£ 481.70,,,£ 481.70,Total Paid,,"£ 3,165.10",£ 15.00,£ 229.54,"£ 3,409.64","£ 127,447.80","£ 29,248.56",-£ 260.00,"£ 159,846.00"
Payments,Balance Transfers - to be paid by:,Payment Date,Payment ID,Guest Name,Group,Company,Property,Room,Order Ref.,Booking Ref,Booked On,Check-In,Check-Out,Channel,OTA Reference,Type,Payment Method,Card Type,Last 4 Digits,Virtual Card,Description,User,Updated,Sent to gateway,Confirmed by gateway,Gateway Reference,Settled Amount,Settled Date,Card,Cash / Bank,Vouchers,Total Paid,OTA,eviivo,Total,08/09/2026 21:52,51124976,Fadela Abir,,,Hotel Orlando by PLI,Flat 2 ( Basement Orlando ),XKZ-370-836,900-224-054,,Pre-arrival,08/09/2026 21:52,11-Sep-2026,12-Sep-2026,Booking.com,5106909119,Payment,Pre-Paid via OTA,,,,Prepaid via Booking.com,system@eviivo.com,08-Sep-26 21:52:43.009,,08-Sep-26 21:52:42.820,,,,,,,£ 0.00,£ 124.40,,,£ 124.40,Total Paid,,"£ 3,165.10",£ 15.00,£ 229.54,"£ 3,409.64","£ 127,447.80","£ 29,248.56",-£ 260.00,"£ 159,846.00"
Payments,Balance Transfers - to be paid by:,Payment Date,Payment ID,Guest Name,Group,Company,Property,Room,Order Ref.,Booking Ref,Booked On,Check-In,Check-Out,Channel,OTA Reference,Type,Payment Method,Card Type,Last 4 Digits,Virtual Card,Description,User,Updated,Sent to gateway,Confirmed by gateway,Gateway Reference,Settled Amount,Settled Date,Card,Cash / Bank,Vouchers,Total Paid,OTA,eviivo,Total,08/09/2026 23:18,51126028,Marina De Frutos,,,Hotel Orlando by PLI,Room 10 1st Floor,WIE-460-228,881-006-011,,On Account,08/09/2026 23:18,09-Oct-2026,12-Oct-2026,Expedia & Affiliate Network,2554265090,Payment,Pre-Paid via OTA,,,,Extras prepaid via Expedia,system@eviivo.com,08-Sep-26 23:18:06.480,,08-Sep-26 23:18:06.083,,,,,,,£ 0.00,,£ 284.59,,£ 284.59,Total Paid,,"£ 3,165.10",£ 15.00,£ 229.54,"£ 3,409.64","£ 127,447.80","£ 29,248.56",-£ 260.00,"£ 159,846.00"
Payments,Balance Transfers - to be paid by:,Payment Date,Payment ID,Guest Name,Group,Company,Property,Room,Order Ref.,Booking Ref,Booked On,Check-In,Check-Out,Channel,OTA Reference,Type,Payment Method,Card Type,Last 4 Digits,Virtual Card,Description,User,Updated,Sent to gateway,Confirmed by gateway,Gateway Reference,Settled Amount,Settled Date,Card,Cash / Bank,Vouchers,Total Paid,OTA,eviivo,Total,08/09/2026 23:23,51126077,Muthaffar Osman,,,Hotel Orlando by PLI,Room 15 3rd Floor,VMU-892-415,851-159-964,,Pre-arrival,08/09/2026 23:23,06-Nov-2027,13-Nov-2027,Booking.com,5974490518,Payment,Pre-Paid via OTA,,,,Prepaid via Booking.com,system@eviivo.com,08-Sep-26 23:23:48.013,,08-Sep-26 23:23:47.670,,,,,,,£ 0.00,£ 303.50,,,£ 303.50,Total Paid,,"£ 3,165.10",£ 15.00,£ 229.54,"£ 3,409.64","£ 127,447.80","£ 29,248.56",-£ 260.00,"£ 159,846.00"
Payments,Balance Transfers - to be paid by:,Payment Date,Payment ID,Guest Name,Group,Company,Property,Room,Order Ref.,Booking Ref,Booked On,Check-In,Check-Out,Channel,OTA Reference,Type,Payment Method,Card Type,Last 4 Digits,Virtual Card,Description,User,Updated,Sent to gateway,Confirmed by gateway,Gateway Reference,Settled Amount,Settled Date,Card,Cash / Bank,Vouchers,Total Paid,OTA,eviivo,Total,09/09/2026 00:16,51126490,Mousa Shehada,,,Hotel Orlando by PLI,Room 3 BF W/Microwave,SEJ-493-947,158-683-524,,Pre-arrival,09/09/2026 00:16,15-Sep-2026,18-Sep-2026,Booking.com,5106946366,Payment,Pre-Paid via OTA,,,,Prepaid via Booking.com,system@eviivo.com,09-Sep-26 00:16:37.233,,09-Sep-26 00:16:37.053,,,,,,,£ 0.00,£ 223.40,,,£ 223.40,Total Paid,,"£ 3,165.10",£ 15.00,£ 229.54,"£ 3,409.64","£ 127,447.80","£ 29,248.56",-£ 260.00,"£ 159,846.00"
Payments,Balance Transfers - to be paid by:,Payment Date,Payment ID,Guest Name,Group,Company,Property,Room,Order Ref.,Booking Ref,Booked On,Check-In,Check-Out,Channel,OTA Reference,Type,Payment Method,Card Type,Last 4 Digits,Virtual Card,Description,User,Updated,Sent to gateway,Confirmed by gateway,Gateway Reference,Settled Amount,Settled Date,Card,Cash / Bank,Vouchers,Total Paid,OTA,eviivo,Total,09/09/2026 07:12,51128431,William Dario Lopez Fernandez,,,Hotel Orlando by PLI,S Room 21 GF - SofaBed,BGF-919-634,885-949-342,,Pre-arrival,09/09/2026 07:12,07-Nov-2026,09-Nov-2026,Booking.com,5477784859,Payment,Pre-Paid via OTA,,,,Prepaid via Booking.com,system@eviivo.com,09-Sep-26 07:12:05.476,,09-Sep-26 07:12:05.236,,,,,,,£ 0.00,£ 175.70,,,£ 175.70,Total Paid,,"£ 3,165.10",£ 15.00,£ 229.54,"£ 3,409.64","£ 127,447.80","£ 29,248.56",-£ 260.00,"£ 159,846.00"
Payments,Balance Transfers - to be paid by:,Payment Date,Payment ID,Guest Name,Group,Company,Property,Room,Order Ref.,Booking Ref,Booked On,Check-In,Check-Out,Channel,OTA Reference,Type,Payment Method,Card Type,Last 4 Digits,Virtual Card,Description,User,Updated,Sent to gateway,Confirmed by gateway,Gateway Reference,Settled Amount,Settled Date,Card,Cash / Bank,Vouchers,Total Paid,OTA,eviivo,Total,09/09/2026 07:29,51128619,Jessica Love,,,Hotel Orlando by PLI,S Room 33 3rd F - W/Microwave &Fridge,MHB-434-161,114-912-262,,Pre-arrival,09/09/2026 07:29,19-Sep-2026,20-Sep-2026,Booking.com,5974497100,Payment,Pre-Paid via OTA,,,,Prepaid via Booking.com,system@eviivo.com,09-Sep-26 07:29:06.339,,09-Sep-26 07:29:06.123,,,,,,,£ 0.00,£ 94.70,,,£ 94.70,Total Paid,,"£ 3,165.10",£ 15.00,£ 229.54,"£ 3,409.64","£ 127,447.80","£ 29,248.56",-£ 260.00,"£ 159,846.00"
Payments,Balance Transfers - to be paid by:,Payment Date,Payment ID,Guest Name,Group,Company,Property,Room,Order Ref.,Booking Ref,Booked On,Check-In,Check-Out,Channel,OTA Reference,Type,Payment Method,Card Type,Last 4 Digits,Virtual Card,Description,User,Updated,Sent to gateway,Confirmed by gateway,Gateway Reference,Settled Amount,Settled Date,Card,Cash / Bank,Vouchers,Total Paid,OTA,eviivo,Total,09/09/2026 07:34,51128700,Luisa Fernanda Corujo Rodriguez,,,Hotel Orlando by PLI,S Room 17 BF,YYE-982-502,480-009-221,,Pre-arrival,09/09/2026 07:34,19-Sep-2026,23-Sep-2026,Booking.com,5540308184,Payment,Pre-Paid via OTA,,,,Prepaid via Booking.com,system@eviivo.com,09-Sep-26 07:34:56.706,,09-Sep-26 07:34:56.496,,,,,,,£ 0.00,£ 266.60,,,£ 266.60,Total Paid,,"£ 3,165.10",£ 15.00,£ 229.54,"£ 3,409.64","£ 127,447.80","£ 29,248.56",-£ 260.00,"£ 159,846.00"
Payments,Balance Transfers - to be paid by:,Payment Date,Payment ID,Guest Name,Group,Company,Property,Room,Order Ref.,Booking Ref,Booked On,Check-In,Check-Out,Channel,OTA Reference,Type,Payment Method,Card Type,Last 4 Digits,Virtual Card,Description,User,Updated,Sent to gateway,Confirmed by gateway,Gateway Reference,Settled Amount,Settled Date,Card,Cash / Bank,Vouchers,Total Paid,OTA,eviivo,Total,09/09/2026 09:08,51130364,Devon Wise,,,Hotel Orlando by PLI,Room 8 1st Floor,CPB-173-120,859-024-622,,In House,04/09/2026 17:51,09-Sep-2026,10-Sep-2026,Booking.com,6388390672,Payment,Card/VCC via the System,Visa,2539,0,Guest Paid Online,eviivo suite,09-Sep-26 09:08:06.115,09-Sep-26 09:08:03.397,09-Sep-26 09:08:05.370,pi_3UDgY3R78xpaffA00z7VLAay,,,£ 100.00,,,£ 100.00,,,,£ 100.00,Total Paid,,"£ 3,165.10",£ 15.00,£ 229.54,"£ 3,409.64","£ 127,447.80","£ 29,248.56",-£ 260.00,"£ 159,846.00"
Payments,Balance Transfers - to be paid by:,Payment Date,Payment ID,Guest Name,Group,Company,Property,Room,Order Ref.,Booking Ref,Booked On,Check-In,Check-Out,Channel,OTA Reference,Type,Payment Method,Card Type,Last 4 Digits,Virtual Card,Description,User,Updated,Sent to gateway,Confirmed by gateway,Gateway Reference,Settled Amount,Settled Date,Card,Cash / Bank,Vouchers,Total Paid,OTA,eviivo,Total,,51130934,Stella Munro,,,Hotel Orlando by PLI,S Room 29 Mid 2nd F,WAQ-216-739,020-031-982,,On Account,09/09/2026 09:35,18-Sep-2026,20-Sep-2026,Booking.com,6163727570,(see above/below),(see above/below),,,,,system@eviivo.com,,,,,,,,,,£ 0.00,,,,,Total Paid,,"£ 3,165.10",£ 15.00,£ 229.54,"£ 3,409.64","£ 127,447.80","£ 29,248.56",-£ 260.00,"£ 159,846.00"
Payments,Balance Transfers - to be paid by:,Payment Date,Payment ID,Guest Name,Group,Company,Property,Room,Order Ref.,Booking Ref,Booked On,Check-In,Check-Out,Channel,OTA Reference,Type,Payment Method,Card Type,Last 4 Digits,Virtual Card,Description,User,Updated,Sent to gateway,Confirmed by gateway,Gateway Reference,Settled Amount,Settled Date,Card,Cash / Bank,Vouchers,Total Paid,OTA,eviivo,Total,09/09/2026 09:35,51130934,Stella Munro,,,Hotel Orlando by PLI,Room 7 Mid-First Floor,WAQ-216-739,269-538-652,,Pre-arrival,09/09/2026 09:35,18-Sep-2026,20-Sep-2026,Booking.com,6163727570,Payment,Pre-Paid via OTA,,,,Prepaid via Booking.com,system@eviivo.com,09-Sep-26 09:35:59.410,,09-Sep-26 09:35:58.846,,,,,,,£ 0.00,£ 328.00,,,£ 328.00,Total Paid,,"£ 3,165.10",£ 15.00,£ 229.54,"£ 3,409.64","£ 127,447.80","£ 29,248.56",-£ 260.00,"£ 159,846.00"
Payments,Balance Transfers - to be paid by:,Payment Date,Payment ID,Guest Name,Group,Company,Property,Room,Order Ref.,Booking Ref,Booked On,Check-In,Check-Out,Channel,OTA Reference,Type,Payment Method,Card Type,Last 4 Digits,Virtual Card,Description,User,Updated,Sent to gateway,Confirmed by gateway,Gateway Reference,Settled Amount,Settled Date,Card,Cash / Bank,Vouchers,Total Paid,OTA,eviivo,Total,09/09/2026 09:44,51131074,Kalend Williams,,,Hotel Orlando by PLI,Room 3 BF W/Microwave,UEC-065-137,933-184-391,,Pre-arrival,09/09/2026 09:44,29-Aug-2027,31-Aug-2027,Booking.com,6550894309,Payment,Pre-Paid via OTA,,,,Prepaid via Booking.com,system@eviivo.com,09-Sep-26 09:44:29.679,,09-Sep-26 09:44:28.880,,,,,,,£ 0.00,£ 153.20,,,£ 153.20,Total Paid,,"£ 3,165.10",£ 15.00,£ 229.54,"£ 3,409.64","£ 127,447.80","£ 29,248.56",-£ 260.00,"£ 159,846.00"
Payments,Balance Transfers - to be paid by:,Payment Date,Payment ID,Guest Name,Group,Company,Property,Room,Order Ref.,Booking Ref,Booked On,Check-In,Check-Out,Channel,OTA Reference,Type,Payment Method,Card Type,Last 4 Digits,Virtual Card,Description,User,Updated,Sent to gateway,Confirmed by gateway,Gateway Reference,Settled Amount,Settled Date,Card,Cash / Bank,Vouchers,Total Paid,OTA,eviivo,Total,09/09/2026 09:50,51131183,Masood Usama,,,Hotel Orlando by PLI,S Room 35 3rd F,ZOB-282-991,561-022-301,,Pre-arrival,09/09/2026 09:50,18-Sep-2026,20-Sep-2026,Booking.com,5732834036,Payment,Pre-Paid via OTA,,,,Prepaid via Booking.com,system@eviivo.com,09-Sep-26 09:50:17.878,,09-Sep-26 09:50:16.646,,,,,,,£ 0.00,£ 156.80,,,£ 156.80,Total Paid,,"£ 3,165.10",£ 15.00,£ 229.54,"£ 3,409.64","£ 127,447.80","£ 29,248.56",-£ 260.00,"£ 159,846.00"
Payments,Balance Transfers - to be paid by:,Payment Date,Payment ID,Guest Name,Group,Company,Property,Room,Order Ref.,Booking Ref,Booked On,Check-In,Check-Out,Channel,OTA Reference,Type,Payment Method,Card Type,Last 4 Digits,Virtual Card,Description,User,Updated,Sent to gateway,Confirmed by gateway,Gateway Reference,Settled Amount,Settled Date,Card,Cash / Bank,Vouchers,Total Paid,OTA,eviivo,Total,09/09/2026 09:57,51131338,Amelie IBOUADILENE,,,Hotel Orlando by PLI,Room 14 2nd Floor,JEA-989-195,669-326-861,,In House,04/09/2026 16:27,09-Sep-2026,10-Sep-2026,Booking.com,6399357083,Payment,Card/VCC via the System,Mastercard,6461,0,Guest Paid Online,eviivo suite,09-Sep-26 09:57:55.797,09-Sep-26 09:57:52.123,09-Sep-26 09:57:55.263,pi_3UDhKGR78xpaffA022mPbWvO,,,£ 100.00,,,£ 100.00,,,,£ 100.00,Total Paid,,"£ 3,165.10",£ 15.00,£ 229.54,"£ 3,409.64","£ 127,447.80","£ 29,248.56",-£ 260.00,"£ 159,846.00"
Payments,Balance Transfers - to be paid by:,Payment Date,Payment ID,Guest Name,Group,Company,Property,Room,Order Ref.,Booking Ref,Booked On,Check-In,Check-Out,Channel,OTA Reference,Type,Payment Method,Card Type,Last 4 Digits,Virtual Card,Description,User,Updated,Sent to gateway,Confirmed by gateway,Gateway Reference,Settled Amount,Settled Date,Card,Cash / Bank,Vouchers,Total Paid,OTA,eviivo,Total,09/09/2026 09:58,51131340,Stacey Bird,,,Hotel Orlando by PLI,Room 10 1st Floor,MOP-321-997,635-810-404,,Pre-arrival,09/09/2026 09:57,14-Nov-2026,15-Nov-2026,Booking.com,5540338096,Payment,Pre-Paid via OTA,,,,Prepaid via Booking.com,system@eviivo.com,09-Sep-26 09:58:00.443,,09-Sep-26 09:58:00.143,,,,,,,£ 0.00,£ 93.80,,,£ 93.80,Total Paid,,"£ 3,165.10",£ 15.00,£ 229.54,"£ 3,409.64","£ 127,447.80","£ 29,248.56",-£ 260.00,"£ 159,846.00"
Payments,Balance Transfers - to be paid by:,Payment Date,Payment ID,Guest Name,Group,Company,Property,Room,Order Ref.,Booking Ref,Booked On,Check-In,Check-Out,Channel,OTA Reference,Type,Payment Method,Card Type,Last 4 Digits,Virtual Card,Description,User,Updated,Sent to gateway,Confirmed by gateway,Gateway Reference,Settled Amount,Settled Date,Card,Cash / Bank,Vouchers,Total Paid,OTA,eviivo,Total,09/09/2026 10:44,51132201,Sana Ali,,,Hotel Orlando by PLI,Room 6 GF,WQJ-804-034,629-319-521,,Pre-arrival,09/09/2026 10:44,10-Sep-2026,12-Sep-2026,Booking.com,5892455051,Payment,Pre-Paid via OTA,,,,Prepaid via Booking.com,system@eviivo.com,09-Sep-26 10:44:41.034,,09-Sep-26 10:44:40.733,,,,,,,£ 0.00,£ 143.30,,,£ 143.30,Total Paid,,"£ 3,165.10",£ 15.00,£ 229.54,"£ 3,409.64","£ 127,447.80","£ 29,248.56",-£ 260.00,"£ 159,846.00"
Payments,Balance Transfers - to be paid by:,Payment Date,Payment ID,Guest Name,Group,Company,Property,Room,Order Ref.,Booking Ref,Booked On,Check-In,Check-Out,Channel,OTA Reference,Type,Payment Method,Card Type,Last 4 Digits,Virtual Card,Description,User,Updated,Sent to gateway,Confirmed by gateway,Gateway Reference,Settled Amount,Settled Date,Card,Cash / Bank,Vouchers,Total Paid,OTA,eviivo,Total,09/09/2026 11:38,51133081,Meng An,,,Hotel Orlando by PLI,Room 8 1st Floor,IRF-527-610,213-809-394,,Pre-arrival,09/09/2026 11:38,10-Sep-2026,11-Sep-2026,Airbnb,HM4MH3HQKR,Payment,Pre-Paid via OTA,,,,Extras prepaid via Airbnb,system@eviivo.com,09-Sep-26 11:38:05.343,,09-Sep-26 11:38:04.140,,,,,,,£ 0.00,£ 72.00,,,£ 72.00,Total Paid,,"£ 3,165.10",£ 15.00,£ 229.54,"£ 3,409.64","£ 127,447.80","£ 29,248.56",-£ 260.00,"£ 159,846.00"
Payments,Balance Transfers - to be paid by:,Payment Date,Payment ID,Guest Name,Group,Company,Property,Room,Order Ref.,Booking Ref,Booked On,Check-In,Check-Out,Channel,OTA Reference,Type,Payment Method,Card Type,Last 4 Digits,Virtual Card,Description,User,Updated,Sent to gateway,Confirmed by gateway,Gateway Reference,Settled Amount,Settled Date,Card,Cash / Bank,Vouchers,Total Paid,OTA,eviivo,Total,09/09/2026 11:52,51133315,Saida Kerada,,,Hotel Orlando by PLI,Flat 5 ( GF Orlando ) -  Studio,UXO-342-610,384-441-524,,Pre-arrival,09/09/2026 11:52,06-Nov-2026,10-Nov-2026,Booking.com,6829844657,Payment,Pre-Paid via OTA,,,,Prepaid via Booking.com,system@eviivo.com,09-Sep-26 11:52:16.276,,09-Sep-26 11:52:15.956,,,,,,,£ 0.00,£ 358.40,,,£ 358.40,Total Paid,,"£ 3,165.10",£ 15.00,£ 229.54,"£ 3,409.64","£ 127,447.80","£ 29,248.56",-£ 260.00,"£ 159,846.00"
Payments,Balance Transfers - to be paid by:,Payment Date,Payment ID,Guest Name,Group,Company,Property,Room,Order Ref.,Booking Ref,Booked On,Check-In,Check-Out,Channel,OTA Reference,Type,Payment Method,Card Type,Last 4 Digits,Virtual Card,Description,User,Updated,Sent to gateway,Confirmed by gateway,Gateway Reference,Settled Amount,Settled Date,Card,Cash / Bank,Vouchers,Total Paid,OTA,eviivo,Total,09/09/2026 12:49,51134283,NURIA SUERO MARTINEZ,,,Hotel Orlando by PLI,S Room 23 GF,XNT-524-579,063-862-562,,Pre-arrival,09/09/2026 12:49,10-Dec-2026,13-Dec-2026,Booking.com,6156769220,Payment,Pre-Paid via OTA,,,,Prepaid via Booking.com,system@eviivo.com,09-Sep-26 12:49:14.471,,09-Sep-26 12:49:14.243,,,,,,,£ 0.00,£ 283.70,,,£ 283.70,Total Paid,,"£ 3,165.10",£ 15.00,£ 229.54,"£ 3,409.64","£ 127,447.80","£ 29,248.56",-£ 260.00,"£ 159,846.00"
Payments,Balance Transfers - to be paid by:,Payment Date,Payment ID,Guest Name,Group,Company,Property,Room,Order Ref.,Booking Ref,Booked On,Check-In,Check-Out,Channel,OTA Reference,Type,Payment Method,Card Type,Last 4 Digits,Virtual Card,Description,User,Updated,Sent to gateway,Confirmed by gateway,Gateway Reference,Settled Amount,Settled Date,Card,Cash / Bank,Vouchers,Total Paid,OTA,eviivo,Total,09/09/2026 12:59,51134924,Raquel Llagostera,,,Hotel Orlando by PLI,Room 3 BF W/Microwave,PHG-721-025,052-358-514,,Pre-arrival,09/09/2026 12:59,10-Dec-2026,11-Dec-2026,Booking.com,6807661679,Payment,Pre-Paid via OTA,,,,Prepaid via Booking.com,system@eviivo.com,09-Sep-26 13:21:46.258,,09-Sep-26 12:59:55.773,,,,,,,£ 0.00,£ 108.20,,,£ 108.20,Total Paid,,"£ 3,165.10",£ 15.00,£ 229.54,"£ 3,409.64","£ 127,447.80","£ 29,248.56",-£ 260.00,"£ 159,846.00"
Payments,Balance Transfers - to be paid by:,Payment Date,Payment ID,Guest Name,Group,Company,Property,Room,Order Ref.,Booking Ref,Booked On,Check-In,Check-Out,Channel,OTA Reference,Type,Payment Method,Card Type,Last 4 Digits,Virtual Card,Description,User,Updated,Sent to gateway,Confirmed by gateway,Gateway Reference,Settled Amount,Settled Date,Card,Cash / Bank,Vouchers,Total Paid,OTA,eviivo,Total,09/09/2026 13:21,51134925,Rick Waterworth,,,Hotel Orlando by PLI,Room 11 2nd Floor,UDF-135-314,529-361-442,,Post Checkout,03/09/2026 13:53,06-Sep-2026,07-Sep-2026,Booking.com,5073843963,Refund,Card/VCC via the System,Visa,1316,0,,sara.allam@crownbs.com,09-Sep-26 13:21:47.430,09-Sep-26 13:21:46.193,09-Sep-26 13:21:47.210,re_1UDkVaR78xpaffA0x7oPpckg,,,-£ 100.00,,,-£ 100.00,,,,- £ 100.00,Total Paid,,"£ 3,165.10",£ 15.00,£ 229.54,"£ 3,409.64","£ 127,447.80","£ 29,248.56",-£ 260.00,"£ 159,846.00"
Payments,Balance Transfers - to be paid by:,Payment Date,Payment ID,Guest Name,Group,Company,Property,Room,Order Ref.,Booking Ref,Booked On,Check-In,Check-Out,Channel,OTA Reference,Type,Payment Method,Card Type,Last 4 Digits,Virtual Card,Description,User,Updated,Sent to gateway,Confirmed by gateway,Gateway Reference,Settled Amount,Settled Date,Card,Cash / Bank,Vouchers,Total Paid,OTA,eviivo,Total,09/09/2026 14:36,51136318,Jack Roberts,,,Hotel Orlando by PLI,Flat 24  ( GF Sino ) - Studio,YFH-370-415,290-141-231,,Pre-arrival,09/09/2026 14:36,06-Feb-2027,07-Feb-2027,Airbnb,HMXF5KTYRZ,Payment,Pre-Paid via OTA,,,,Extras prepaid via Airbnb,system@eviivo.com,09-Sep-26 14:36:30.481,,09-Sep-26 14:36:29.733,,,,,,,£ 0.00,£ 75.00,,,£ 75.00,Total Paid,,"£ 3,165.10",£ 15.00,£ 229.54,"£ 3,409.64","£ 127,447.80","£ 29,248.56",-£ 260.00,"£ 159,846.00"
Payments,Balance Transfers - to be paid by:,Payment Date,Payment ID,Guest Name,Group,Company,Property,Room,Order Ref.,Booking Ref,Booked On,Check-In,Check-Out,Channel,OTA Reference,Type,Payment Method,Card Type,Last 4 Digits,Virtual Card,Description,User,Updated,Sent to gateway,Confirmed by gateway,Gateway Reference,Settled Amount,Settled Date,Card,Cash / Bank,Vouchers,Total Paid,OTA,eviivo,Total,09/09/2026 17:20,51139702,ALESSANDRA SCANNELLA,,,Hotel Orlando by PLI,S Room 21 GF - SofaBed,OVC-826-542,205-608-814,,Pre-arrival,09/09/2026 17:20,13-Nov-2026,16-Nov-2026,Booking.com,6409401013,Payment,Pre-Paid via OTA,,,,Prepaid via Booking.com,system@eviivo.com,09-Sep-26 17:20:05.843,,09-Sep-26 17:20:05.380,,,,,,,£ 0.00,£ 527.80,,,£ 527.80,Total Paid,,"£ 3,165.10",£ 15.00,£ 229.54,"£ 3,409.64","£ 127,447.80","£ 29,248.56",-£ 260.00,"£ 159,846.00"
Payments,Balance Transfers - to be paid by:,Payment Date,Payment ID,Guest Name,Group,Company,Property,Room,Order Ref.,Booking Ref,Booked On,Check-In,Check-Out,Channel,OTA Reference,Type,Payment Method,Card Type,Last 4 Digits,Virtual Card,Description,User,Updated,Sent to gateway,Confirmed by gateway,Gateway Reference,Settled Amount,Settled Date,Card,Cash / Bank,Vouchers,Total Paid,OTA,eviivo,Total,,51139702,ALESSANDRA SCANNELLA,,,Hotel Orlando by PLI,S Room 30 2nd F - W/Fridge,OVC-826-542,222-896-841,,On Account,09/09/2026 17:20,13-Nov-2026,16-Nov-2026,Booking.com,6409401013,(see above/below),(see above/below),,,,,system@eviivo.com,,,,,,,,,,£ 0.00,,,,,Total Paid,,"£ 3,165.10",£ 15.00,£ 229.54,"£ 3,409.64","£ 127,447.80","£ 29,248.56",-£ 260.00,"£ 159,846.00"
Payments,Balance Transfers - to be paid by:,Payment Date,Payment ID,Guest Name,Group,Company,Property,Room,Order Ref.,Booking Ref,Booked On,Check-In,Check-Out,Channel,OTA Reference,Type,Payment Method,Card Type,Last 4 Digits,Virtual Card,Description,User,Updated,Sent to gateway,Confirmed by gateway,Gateway Reference,Settled Amount,Settled Date,Card,Cash / Bank,Vouchers,Total Paid,OTA,eviivo,Total,09/09/2026 17:26,51139828,María Fernández de la Portilla,,,Hotel Orlando by PLI,Room 14 2nd Floor,YJC-908-694,299-550-312,,On Account,09/09/2026 17:26,05-Dec-2026,08-Dec-2026,Expedia & Affiliate Network,2554882371,Payment,Pre-Paid via OTA,,,,Extras prepaid via Expedia,system@eviivo.com,09-Sep-26 17:26:15.733,,09-Sep-26 17:26:15.113,,,,,,,£ 0.00,,£ 268.38,,£ 268.38,Total Paid,,"£ 3,165.10",£ 15.00,£ 229.54,"£ 3,409.64","£ 127,447.80","£ 29,248.56",-£ 260.00,"£ 159,846.00"
Payments,Balance Transfers - to be paid by:,Payment Date,Payment ID,Guest Name,Group,Company,Property,Room,Order Ref.,Booking Ref,Booked On,Check-In,Check-Out,Channel,OTA Reference,Type,Payment Method,Card Type,Last 4 Digits,Virtual Card,Description,User,Updated,Sent to gateway,Confirmed by gateway,Gateway Reference,Settled Amount,Settled Date,Card,Cash / Bank,Vouchers,Total Paid,OTA,eviivo,Total,09/09/2026 18:54,51141405,Paula Gardi,,,Hotel Orlando by PLI,S Room 29 Mid 2nd F,XMK-943-395,863-992-232,,Pre-arrival,09/09/2026 18:54,16-Oct-2026,18-Oct-2026,Booking.com,5368994651,Payment,Pre-Paid via OTA,,,,Prepaid via Booking.com,system@eviivo.com,09-Sep-26 18:54:09.000,,09-Sep-26 18:54:08.703,,,,,,,£ 0.00,£ 188.30,,,£ 188.30,Total Paid,,"£ 3,165.10",£ 15.00,£ 229.54,"£ 3,409.64","£ 127,447.80","£ 29,248.56",-£ 260.00,"£ 159,846.00"
Payments,Balance Transfers - to be paid by:,Payment Date,Payment ID,Guest Name,Group,Company,Property,Room,Order Ref.,Booking Ref,Booked On,Check-In,Check-Out,Channel,OTA Reference,Type,Payment Method,Card Type,Last 4 Digits,Virtual Card,Description,User,Updated,Sent to gateway,Confirmed by gateway,Gateway Reference,Settled Amount,Settled Date,Card,Cash / Bank,Vouchers,Total Paid,OTA,eviivo,Total,09/09/2026 19:21,51141834,Naraporn Kanhale,,,Hotel Orlando by PLI,Room 3 BF W/Microwave,FJQ-745-492,324-006-812,,Pre-arrival,09/09/2026 19:21,06-Nov-2026,09-Nov-2026,Booking.com,5302497014,Payment,Pre-Paid via OTA,,,,Prepaid via Booking.com,system@eviivo.com,09-Sep-26 19:21:51.432,,09-Sep-26 19:21:51.203,,,,,,,£ 0.00,£ 281.00,,,£ 281.00,Total Paid,,"£ 3,165.10",£ 15.00,£ 229.54,"£ 3,409.64","£ 127,447.80","£ 29,248.56",-£ 260.00,"£ 159,846.00"
Payments,Balance Transfers - to be paid by:,Payment Date,Payment ID,Guest Name,Group,Company,Property,Room,Order Ref.,Booking Ref,Booked On,Check-In,Check-Out,Channel,OTA Reference,Type,Payment Method,Card Type,Last 4 Digits,Virtual Card,Description,User,Updated,Sent to gateway,Confirmed by gateway,Gateway Reference,Settled Amount,Settled Date,Card,Cash / Bank,Vouchers,Total Paid,OTA,eviivo,Total,09/09/2026 19:30,51141960,Joanne Gale,,,Hotel Orlando by PLI,S Room 23 GF,AHZ-687-733,691-689-224,,Pre-arrival,09/09/2026 19:30,25-Nov-2026,29-Nov-2026,Booking.com,5739531681,Payment,Pre-Paid via OTA,,,,Prepaid via Booking.com,system@eviivo.com,09-Sep-26 19:30:35.902,,09-Sep-26 19:30:35.540,,,,,,,£ 0.00,£ 353.90,,,£ 353.90,Total Paid,,"£ 3,165.10",£ 15.00,£ 229.54,"£ 3,409.64","£ 127,447.80","£ 29,248.56",-£ 260.00,"£ 159,846.00"
Payments,Balance Transfers - to be paid by:,Payment Date,Payment ID,Guest Name,Group,Company,Property,Room,Order Ref.,Booking Ref,Booked On,Check-In,Check-Out,Channel,OTA Reference,Type,Payment Method,Card Type,Last 4 Digits,Virtual Card,Description,User,Updated,Sent to gateway,Confirmed by gateway,Gateway Reference,Settled Amount,Settled Date,Card,Cash / Bank,Vouchers,Total Paid,OTA,eviivo,Total,09/09/2026 19:31,51141977,Fatima Ahmed,,,Hotel Orlando by PLI,S Room 28 1st F,BRD-085-135,380-193-082,,Pre-arrival,09/09/2026 19:31,16-Nov-2026,23-Nov-2026,Booking.com,5302445647,Payment,Pre-Paid via OTA,,,,Prepaid via Booking.com,system@eviivo.com,09-Sep-26 19:31:41.950,,09-Sep-26 19:31:41.566,,,,,,,£ 0.00,£ 529.40,,,£ 529.40,Total Paid,,"£ 3,165.10",£ 15.00,£ 229.54,"£ 3,409.64","£ 127,447.80","£ 29,248.56",-£ 260.00,"£ 159,846.00"
Payments,Balance Transfers - to be paid by:,Payment Date,Payment ID,Guest Name,Group,Company,Property,Room,Order Ref.,Booking Ref,Booked On,Check-In,Check-Out,Channel,OTA Reference,Type,Payment Method,Card Type,Last 4 Digits,Virtual Card,Description,User,Updated,Sent to gateway,Confirmed by gateway,Gateway Reference,Settled Amount,Settled Date,Card,Cash / Bank,Vouchers,Total Paid,OTA,eviivo,Total,09/09/2026 20:46,51143161,Ramon Ribera Moreno,,,Hotel Orlando by PLI,S Room 29 Mid 2nd F,WOA-188-566,401-268-692,,Pre-arrival,09/09/2026 20:46,08-Oct-2026,11-Oct-2026,Booking.com,6409457136,Payment,Pre-Paid via OTA,,,,Prepaid via Booking.com,system@eviivo.com,09-Sep-26 20:46:09.565,,09-Sep-26 20:46:09.346,,,,,,,£ 0.00,£ 278.30,,,£ 278.30,Total Paid,,"£ 3,165.10",£ 15.00,£ 229.54,"£ 3,409.64","£ 127,447.80","£ 29,248.56",-£ 260.00,"£ 159,846.00"
Payments,Balance Transfers - to be paid by:,Payment Date,Payment ID,Guest Name,Group,Company,Property,Room,Order Ref.,Booking Ref,Booked On,Check-In,Check-Out,Channel,OTA Reference,Type,Payment Method,Card Type,Last 4 Digits,Virtual Card,Description,User,Updated,Sent to gateway,Confirmed by gateway,Gateway Reference,Settled Amount,Settled Date,Card,Cash / Bank,Vouchers,Total Paid,OTA,eviivo,Total,09/09/2026 21:00,51143374,Kassandra Mc Conell,,,Hotel Orlando by PLI,Room 16 3rd Floor,RMQ-292-246,490-116-941,,Pre-arrival,01/09/2026 16:28,25-Sep-2026,27-Sep-2026,Airbnb,HMD4DPEFPS,Payment,Pre-Paid via OTA,,,,Prepaid via OTA,system@eviivo.com,09-Sep-26 21:00:33.478,,09-Sep-26 21:00:33.293,,,,,,,£ 0.00,£ 111.00,,,£ 111.00,Total Paid,,"£ 3,165.10",£ 15.00,£ 229.54,"£ 3,409.64","£ 127,447.80","£ 29,248.56",-£ 260.00,"£ 159,846.00"
Payments,Balance Transfers - to be paid by:,Payment Date,Payment ID,Guest Name,Group,Company,Property,Room,Order Ref.,Booking Ref,Booked On,Check-In,Check-Out,Channel,OTA Reference,Type,Payment Method,Card Type,Last 4 Digits,Virtual Card,Description,User,Updated,Sent to gateway,Confirmed by gateway,Gateway Reference,Settled Amount,Settled Date,Card,Cash / Bank,Vouchers,Total Paid,OTA,eviivo,Total,09/09/2026 21:10,51143540,Lesley Kerr,,,Hotel Orlando by PLI,S Room 18 BF,OOA-506-878,463-165-382,,Pre-arrival,09/09/2026 21:10,04-Nov-2027,06-Nov-2027,Booking.com,6744987822,Payment,Pre-Paid via OTA,,,,Prepaid via Booking.com,system@eviivo.com,09-Sep-26 21:10:38.540,,09-Sep-26 21:10:38.216,,,,,,,£ 0.00,£ 165.80,,,£ 165.80,Total Paid,,"£ 3,165.10",£ 15.00,£ 229.54,"£ 3,409.64","£ 127,447.80","£ 29,248.56",-£ 260.00,"£ 159,846.00"
Payments,Balance Transfers - to be paid by:,Payment Date,Payment ID,Guest Name,Group,Company,Property,Room,Order Ref.,Booking Ref,Booked On,Check-In,Check-Out,Channel,OTA Reference,Type,Payment Method,Card Type,Last 4 Digits,Virtual Card,Description,User,Updated,Sent to gateway,Confirmed by gateway,Gateway Reference,Settled Amount,Settled Date,Card,Cash / Bank,Vouchers,Total Paid,OTA,eviivo,Total,09/09/2026 21:41,51143989,GISELI ELISAMA ESTAEL DE OLIVEIRA,,,Hotel Orlando by PLI,Room 7 Mid-First Floor,SYW-477-232,959-133-242,,On Account,09/09/2026 21:41,30-Apr-2027,01-May-2027,Expedia & Affiliate Network,2555060278,Payment,Pre-Paid via OTA,,,,Extras prepaid via Expedia Affiliate Network,system@eviivo.com,09-Sep-26 21:41:06.066,,09-Sep-26 21:41:05.406,,,,,,,£ 0.00,,£ 87.49,,£ 87.49,Total Paid,,"£ 3,165.10",£ 15.00,£ 229.54,"£ 3,409.64","£ 127,447.80","£ 29,248.56",-£ 260.00,"£ 159,846.00"
Payments,Balance Transfers - to be paid by:,Payment Date,Payment ID,Guest Name,Group,Company,Property,Room,Order Ref.,Booking Ref,Booked On,Check-In,Check-Out,Channel,OTA Reference,Type,Payment Method,Card Type,Last 4 Digits,Virtual Card,Description,User,Updated,Sent to gateway,Confirmed by gateway,Gateway Reference,Settled Amount,Settled Date,Card,Cash / Bank,Vouchers,Total Paid,OTA,eviivo,Total,09/09/2026 21:42,51144018,Kayleigh Langley,,,Hotel Orlando by PLI,S Room 19 BF - W/Sofa bed ,PCN-815-952,565-540-624,,Pre-arrival,09/09/2026 21:42,16-Feb-2027,18-Feb-2027,Booking.com,5265131290,Payment,Pre-Paid via OTA,,,,Prepaid via Booking.com,system@eviivo.com,09-Sep-26 21:42:56.813,,09-Sep-26 21:42:56.543,,,,,,,£ 0.00,£ 128.00,,,£ 128.00,Total Paid,,"£ 3,165.10",£ 15.00,£ 229.54,"£ 3,409.64","£ 127,447.80","£ 29,248.56",-£ 260.00,"£ 159,846.00"
Payments,Balance Transfers - to be paid by:,Payment Date,Payment ID,Guest Name,Group,Company,Property,Room,Order Ref.,Booking Ref,Booked On,Check-In,Check-Out,Channel,OTA Reference,Type,Payment Method,Card Type,Last 4 Digits,Virtual Card,Description,User,Updated,Sent to gateway,Confirmed by gateway,Gateway Reference,Settled Amount,Settled Date,Card,Cash / Bank,Vouchers,Total Paid,OTA,eviivo,Total,09/09/2026 22:26,51144537,Rajiv Paswan,,,Hotel Orlando by PLI,Room 3 BF W/Microwave,UZC-630-868,633-913-291,,Pre-arrival,09/09/2026 22:26,10-Sep-2026,11-Sep-2026,Booking.com,6409489340,Payment,Pre-Paid via OTA,,,,Prepaid via Booking.com,system@eviivo.com,09-Sep-26 22:26:24.745,,09-Sep-26 22:26:24.446,,,,,,,£ 0.00,£ 66.80,,,£ 66.80,Total Paid,,"£ 3,165.10",£ 15.00,£ 229.54,"£ 3,409.64","£ 127,447.80","£ 29,248.56",-£ 260.00,"£ 159,846.00"
Payments,Balance Transfers - to be paid by:,Payment Date,Payment ID,Guest Name,Group,Company,Property,Room,Order Ref.,Booking Ref,Booked On,Check-In,Check-Out,Channel,OTA Reference,Type,Payment Method,Card Type,Last 4 Digits,Virtual Card,Description,User,Updated,Sent to gateway,Confirmed by gateway,Gateway Reference,Settled Amount,Settled Date,Card,Cash / Bank,Vouchers,Total Paid,OTA,eviivo,Total,09/09/2026 22:41,51144676,Anh Tran,,,Hotel Orlando by PLI,Room 8 1st Floor,QJW-814-654,241-381-324,,On Account,09/09/2026 22:41,03-Oct-2026,06-Oct-2026,Expedia & Affiliate Network,2555099498,Payment,Pre-Paid via OTA,,,,Extras prepaid via Expedia Affiliate Network,system@eviivo.com,09-Sep-26 22:41:52.121,,09-Sep-26 22:41:51.636,,,,,,,£ 0.00,,£ 248.61,,£ 248.61,Total Paid,,"£ 3,165.10",£ 15.00,£ 229.54,"£ 3,409.64","£ 127,447.80","£ 29,248.56",-£ 260.00,"£ 159,846.00"
Payments,Balance Transfers - to be paid by:,Payment Date,Payment ID,Guest Name,Group,Company,Property,Room,Order Ref.,Booking Ref,Booked On,Check-In,Check-Out,Channel,OTA Reference,Type,Payment Method,Card Type,Last 4 Digits,Virtual Card,Description,User,Updated,Sent to gateway,Confirmed by gateway,Gateway Reference,Settled Amount,Settled Date,Card,Cash / Bank,Vouchers,Total Paid,OTA,eviivo,Total,10/09/2026 07:00,51147094,Louise Eaton,,,Hotel Orlando by PLI,Room 9 1st Floor,VCG-869-835,035-245-252,,Pre-arrival,10/09/2026 07:00,10-Dec-2026,11-Dec-2026,Booking.com,6255389809,Payment,Pre-Paid via OTA,,,,Prepaid via Booking.com,system@eviivo.com,10-Sep-26 07:00:56.273,,10-Sep-26 07:00:55.910,,,,,,,£ 0.00,£ 110.90,,,£ 110.90,Total Paid,,"£ 3,165.10",£ 15.00,£ 229.54,"£ 3,409.64","£ 127,447.80","£ 29,248.56",-£ 260.00,"£ 159,846.00"
Payments,Balance Transfers - to be paid by:,Payment Date,Payment ID,Guest Name,Group,Company,Property,Room,Order Ref.,Booking Ref,Booked On,Check-In,Check-Out,Channel,OTA Reference,Type,Payment Method,Card Type,Last 4 Digits,Virtual Card,Description,User,Updated,Sent to gateway,Confirmed by gateway,Gateway Reference,Settled Amount,Settled Date,Card,Cash / Bank,Vouchers,Total Paid,OTA,eviivo,Total,10/09/2026 08:27,51148429,Biniam Estifanos,,,Hotel Orlando by PLI,S Room 19 BF - W/Sofa bed ,UHN-910-520,694-463-881,,In House,10/09/2026 08:27,10-Sep-2026,11-Sep-2026,Booking.com,5937438560,Payment,Pre-Paid via OTA,,,,Prepaid via Booking.com,system@eviivo.com,10-Sep-26 08:27:43.609,,10-Sep-26 08:27:43.416,,,,,,,£ 0.00,£ 66.80,,,£ 66.80,Total Paid,,"£ 3,165.10",£ 15.00,£ 229.54,"£ 3,409.64","£ 127,447.80","£ 29,248.56",-£ 260.00,"£ 159,846.00"
Payments,Balance Transfers - to be paid by:,Payment Date,Payment ID,Guest Name,Group,Company,Property,Room,Order Ref.,Booking Ref,Booked On,Check-In,Check-Out,Channel,OTA Reference,Type,Payment Method,Card Type,Last 4 Digits,Virtual Card,Description,User,Updated,Sent to gateway,Confirmed by gateway,Gateway Reference,Settled Amount,Settled Date,Card,Cash / Bank,Vouchers,Total Paid,OTA,eviivo,Total,10/09/2026 09:32,51149711,ALICE GIROMETTI,,,Hotel Orlando by PLI,Room 11 2nd Floor,JUX-357-416,385-863-512,,Pre-arrival,10/09/2026 09:32,17-Sep-2026,22-Sep-2026,Booking.com,6577843951,Payment,Pre-Paid via OTA,,,,Prepaid via Booking.com,system@eviivo.com,10-Sep-26 09:32:50.239,,10-Sep-26 09:32:50.040,,,,,,,£ 0.00,£ 323.30,,,£ 323.30,Total Paid,,"£ 3,165.10",£ 15.00,£ 229.54,"£ 3,409.64","£ 127,447.80","£ 29,248.56",-£ 260.00,"£ 159,846.00"
Payments,Balance Transfers - to be paid by:,Payment Date,Payment ID,Guest Name,Group,Company,Property,Room,Order Ref.,Booking Ref,Booked On,Check-In,Check-Out,Channel,OTA Reference,Type,Payment Method,Card Type,Last 4 Digits,Virtual Card,Description,User,Updated,Sent to gateway,Confirmed by gateway,Gateway Reference,Settled Amount,Settled Date,Card,Cash / Bank,Vouchers,Total Paid,OTA,eviivo,Total,10/09/2026 10:03,51150398,Roger Arola Marti,,,Hotel Orlando by PLI,Flat 5 ( GF Orlando ) -  Studio,PFL-903-394,465-280-351,,On Account,10/09/2026 10:03,19-Sep-2026,21-Sep-2026,Expedia & Affiliate Network,2555450007,Payment,Pre-Paid via OTA,,,,Extras prepaid via Expedia Affiliate Network,system@eviivo.com,10-Sep-26 10:03:56.759,,10-Sep-26 10:03:56.156,,,,,,,£ 0.00,,£ 174.80,,£ 174.80,Total Paid,,"£ 3,165.10",£ 15.00,£ 229.54,"£ 3,409.64","£ 127,447.80","£ 29,248.56",-£ 260.00,"£ 159,846.00"
Payments,Balance Transfers - to be paid by:,Payment Date,Payment ID,Guest Name,Group,Company,Property,Room,Order Ref.,Booking Ref,Booked On,Check-In,Check-Out,Channel,OTA Reference,Type,Payment Method,Card Type,Last 4 Digits,Virtual Card,Description,User,Updated,Sent to gateway,Confirmed by gateway,Gateway Reference,Settled Amount,Settled Date,Card,Cash / Bank,Vouchers,Total Paid,OTA,eviivo,Total,10/09/2026 10:07,51150467,Salomé Tolila,,,Hotel Orlando by PLI,Room 1 BF,WLY-568-164,393-940-632,,Pre-arrival,10/09/2026 10:06,24-Oct-2026,25-Oct-2026,Booking.com,6890882132,Payment,Pre-Paid via OTA,,,,Prepaid via Booking.com,system@eviivo.com,10-Sep-26 10:07:03.373,,10-Sep-26 10:07:03.050,,,,,,,£ 0.00,£ 117.20,,,£ 117.20,Total Paid,,"£ 3,165.10",£ 15.00,£ 229.54,"£ 3,409.64","£ 127,447.80","£ 29,248.56",-£ 260.00,"£ 159,846.00"
Payments,Balance Transfers - to be paid by:,Payment Date,Payment ID,Guest Name,Group,Company,Property,Room,Order Ref.,Booking Ref,Booked On,Check-In,Check-Out,Channel,OTA Reference,Type,Payment Method,Card Type,Last 4 Digits,Virtual Card,Description,User,Updated,Sent to gateway,Confirmed by gateway,Gateway Reference,Settled Amount,Settled Date,Card,Cash / Bank,Vouchers,Total Paid,OTA,eviivo,Total,10/09/2026 10:19,51150706,Roger Arola Marti,,,Hotel Orlando by PLI,Flat 5 ( GF Orlando ) -  Studio,PFL-903-394,465-280-351,,Pre-arrival,10/09/2026 10:03,19-Sep-2026,21-Sep-2026,Expedia & Affiliate Network,2555450007,Payment,Card/VCC via the System,Visa,2668,0,Guest Paid Online,eviivo suite,10-Sep-26 10:19:04.624,10-Sep-26 10:19:01.537,10-Sep-26 10:19:04.183,pi_3UE48HR78xpaffA00RLa086i,,,£ 100.00,,,£ 100.00,,,,£ 100.00,Total Paid,,"£ 3,165.10",£ 15.00,£ 229.54,"£ 3,409.64","£ 127,447.80","£ 29,248.56",-£ 260.00,"£ 159,846.00"
Payments,Balance Transfers - to be paid by:,Payment Date,Payment ID,Guest Name,Group,Company,Property,Room,Order Ref.,Booking Ref,Booked On,Check-In,Check-Out,Channel,OTA Reference,Type,Payment Method,Card Type,Last 4 Digits,Virtual Card,Description,User,Updated,Sent to gateway,Confirmed by gateway,Gateway Reference,Settled Amount,Settled Date,Card,Cash / Bank,Vouchers,Total Paid,OTA,eviivo,Total,10/09/2026 10:39,51151077,Edward Shrimpton,,,Hotel Orlando by PLI,S Room 23 GF,TNI-157-369,838-011-554,,In House,10/09/2026 10:39,10-Sep-2026,11-Sep-2026,Booking.com,5248536042,Payment,Pre-Paid via OTA,,,,Prepaid via Booking.com,system@eviivo.com,10-Sep-26 10:39:03.240,,10-Sep-26 10:39:02.493,,,,,,,£ 0.00,£ 66.80,,,£ 66.80,Total Paid,,"£ 3,165.10",£ 15.00,£ 229.54,"£ 3,409.64","£ 127,447.80","£ 29,248.56",-£ 260.00,"£ 159,846.00"
Payments,Balance Transfers - to be paid by:,Payment Date,Payment ID,Guest Name,Group,Company,Property,Room,Order Ref.,Booking Ref,Booked On,Check-In,Check-Out,Channel,OTA Reference,Type,Payment Method,Card Type,Last 4 Digits,Virtual Card,Description,User,Updated,Sent to gateway,Confirmed by gateway,Gateway Reference,Settled Amount,Settled Date,Card,Cash / Bank,Vouchers,Total Paid,OTA,eviivo,Total,10/09/2026 12:44,51153239,Sana Ali,,,Hotel Orlando by PLI,Room 6 GF,ECL-412-667,094-119-522,,On Account,10/09/2026 12:44,13-Sep-2026,15-Sep-2026,Expedia & Affiliate Network,2555527726,Payment,Pre-Paid via OTA,,,,Extras prepaid via Expedia,system@eviivo.com,10-Sep-26 12:45:00.085,,10-Sep-26 12:44:59.533,,,,,,,£ 0.00,,£ 111.77,,£ 111.77,Total Paid,,"£ 3,165.10",£ 15.00,£ 229.54,"£ 3,409.64","£ 127,447.80","£ 29,248.56",-£ 260.00,"£ 159,846.00"
Payments,Balance Transfers - to be paid by:,Payment Date,Payment ID,Guest Name,Group,Company,Property,Room,Order Ref.,Booking Ref,Booked On,Check-In,Check-Out,Channel,OTA Reference,Type,Payment Method,Card Type,Last 4 Digits,Virtual Card,Description,User,Updated,Sent to gateway,Confirmed by gateway,Gateway Reference,Settled Amount,Settled Date,Card,Cash / Bank,Vouchers,Total Paid,OTA,eviivo,Total,10/09/2026 12:52,51153363,Pablo Martinez Bellido,,,Hotel Orlando by PLI,Room 10 1st Floor,XGI-525-352,546-866-682,,On Account,10/09/2026 12:52,15-Oct-2026,20-Oct-2026,Expedia & Affiliate Network,2555531861,Payment,Pre-Paid via OTA,,,,Extras prepaid via Expedia,system@eviivo.com,10-Sep-26 12:52:47.807,,10-Sep-26 12:52:46.953,,,,,,,£ 0.00,,£ 417.80,,£ 417.80,Total Paid,,"£ 3,165.10",£ 15.00,£ 229.54,"£ 3,409.64","£ 127,447.80","£ 29,248.56",-£ 260.00,"£ 159,846.00"
Payments,Balance Transfers - to be paid by:,Payment Date,Payment ID,Guest Name,Group,Company,Property,Room,Order Ref.,Booking Ref,Booked On,Check-In,Check-Out,Channel,OTA Reference,Type,Payment Method,Card Type,Last 4 Digits,Virtual Card,Description,User,Updated,Sent to gateway,Confirmed by gateway,Gateway Reference,Settled Amount,Settled Date,Card,Cash / Bank,Vouchers,Total Paid,OTA,eviivo,Total,,51153615,Michelle Yilmaz,,,Hotel Orlando by PLI,S Room 19 BF - W/Sofa bed ,CGL-024-318,415-656-591,,On Account,10/09/2026 13:09,25-Aug-2027,29-Aug-2027,Booking.com,5762090411,(see above/below),(see above/below),,,,,system@eviivo.com,,,,,,,,,,£ 0.00,,,,,Total Paid,,"£ 3,165.10",£ 15.00,£ 229.54,"£ 3,409.64","£ 127,447.80","£ 29,248.56",-£ 260.00,"£ 159,846.00"
Payments,Balance Transfers - to be paid by:,Payment Date,Payment ID,Guest Name,Group,Company,Property,Room,Order Ref.,Booking Ref,Booked On,Check-In,Check-Out,Channel,OTA Reference,Type,Payment Method,Card Type,Last 4 Digits,Virtual Card,Description,User,Updated,Sent to gateway,Confirmed by gateway,Gateway Reference,Settled Amount,Settled Date,Card,Cash / Bank,Vouchers,Total Paid,OTA,eviivo,Total,10/09/2026 13:09,51153615,Michelle Yilmaz,,,Hotel Orlando by PLI,Room 3 BF W/Microwave,CGL-024-318,461-515-944,,Pre-arrival,10/09/2026 13:09,25-Aug-2027,29-Aug-2027,Booking.com,5762090411,Payment,Pre-Paid via OTA,,,,Prepaid via Booking.com,system@eviivo.com,10-Sep-26 13:09:24.700,,10-Sep-26 13:09:24.226,,,,,,,£ 0.00,£ 639.40,,,£ 639.40,Total Paid,,"£ 3,165.10",£ 15.00,£ 229.54,"£ 3,409.64","£ 127,447.80","£ 29,248.56",-£ 260.00,"£ 159,846.00"
Payments,Balance Transfers - to be paid by:,Payment Date,Payment ID,Guest Name,Group,Company,Property,Room,Order Ref.,Booking Ref,Booked On,Check-In,Check-Out,Channel,OTA Reference,Type,Payment Method,Card Type,Last 4 Digits,Virtual Card,Description,User,Updated,Sent to gateway,Confirmed by gateway,Gateway Reference,Settled Amount,Settled Date,Card,Cash / Bank,Vouchers,Total Paid,OTA,eviivo,Total,10/09/2026 13:09,51153618,Di Giovanni Andrea,,,Hotel Orlando by PLI,S Room 18 BF,BTZ-526-981,388-832-164,,Post Checkout,07/09/2026 17:26,08-Sep-2026,09-Sep-2026,Booking.com,6240578690,Refund,Card/VCC via the System,Mastercard,4843,0,,mohammed.samy@crownbs.com,10-Sep-26 13:09:32.286,10-Sep-26 13:09:31.060,10-Sep-26 13:09:32.120,re_3UDOw5R78xpaffA00QvInyQc,,,-£ 100.00,,,-£ 100.00,,,,- £ 100.00,Total Paid,,"£ 3,165.10",£ 15.00,£ 229.54,"£ 3,409.64","£ 127,447.80","£ 29,248.56",-£ 260.00,"£ 159,846.00"
Payments,Balance Transfers - to be paid by:,Payment Date,Payment ID,Guest Name,Group,Company,Property,Room,Order Ref.,Booking Ref,Booked On,Check-In,Check-Out,Channel,OTA Reference,Type,Payment Method,Card Type,Last 4 Digits,Virtual Card,Description,User,Updated,Sent to gateway,Confirmed by gateway,Gateway Reference,Settled Amount,Settled Date,Card,Cash / Bank,Vouchers,Total Paid,OTA,eviivo,Total,10/09/2026 13:09,51153623,Callum Gooding-Jones,,,Hotel Orlando by PLI,S Room 17 BF,ZHB-094-121,936-298-014,,Post Checkout,07/09/2026 16:21,08-Sep-2026,09-Sep-2026,Expedia & Affiliate Network,2553124145,Refund,Card/VCC via the System,Visa,2543,0,,mohammed.samy@crownbs.com,10-Sep-26 13:09:46.742,10-Sep-26 13:09:45.273,10-Sep-26 13:09:46.493,re_3UDNSZR78xpaffA00Q1ZJffR,,,-£ 100.00,,,-£ 100.00,,,,- £ 100.00,Total Paid,,"£ 3,165.10",£ 15.00,£ 229.54,"£ 3,409.64","£ 127,447.80","£ 29,248.56",-£ 260.00,"£ 159,846.00"
Payments,Balance Transfers - to be paid by:,Payment Date,Payment ID,Guest Name,Group,Company,Property,Room,Order Ref.,Booking Ref,Booked On,Check-In,Check-Out,Channel,OTA Reference,Type,Payment Method,Card Type,Last 4 Digits,Virtual Card,Description,User,Updated,Sent to gateway,Confirmed by gateway,Gateway Reference,Settled Amount,Settled Date,Card,Cash / Bank,Vouchers,Total Paid,OTA,eviivo,Total,10/09/2026 13:10,51153632,Eugenie Sourial,,,Hotel Orlando by PLI,S Room 28 1st F,KSS-428-191,088-131-341,,Post Checkout,04/09/2026 11:44,08-Sep-2026,09-Sep-2026,Booking.com,6780645883,Refund,Card/VCC via the System,Mastercard,1733,0,,mohammed.samy@crownbs.com,10-Sep-26 13:10:03.279,10-Sep-26 13:10:01.807,10-Sep-26 13:10:02.957,re_3UDKsSR78xpaffA00Frcd2tw,,,-£ 100.00,,,-£ 100.00,,,,- £ 100.00,Total Paid,,"£ 3,165.10",£ 15.00,£ 229.54,"£ 3,409.64","£ 127,447.80","£ 29,248.56",-£ 260.00,"£ 159,846.00"
Payments,Balance Transfers - to be paid by:,Payment Date,Payment ID,Guest Name,Group,Company,Property,Room,Order Ref.,Booking Ref,Booked On,Check-In,Check-Out,Channel,OTA Reference,Type,Payment Method,Card Type,Last 4 Digits,Virtual Card,Description,User,Updated,Sent to gateway,Confirmed by gateway,Gateway Reference,Settled Amount,Settled Date,Card,Cash / Bank,Vouchers,Total Paid,OTA,eviivo,Total,10/09/2026 13:10,51153638,Oliwia Szczepaniak,,,Hotel Orlando by PLI,S Room 22 GF -2Ds W/Microwave &Fridge,DLG-751-458,248-295-892,,Pre-arrival,10/09/2026 13:10,26-Aug-2027,29-Aug-2027,Booking.com,5302440662,Payment,Pre-Paid via OTA,,,,Prepaid via Booking.com,system@eviivo.com,10-Sep-26 13:10:18.434,,10-Sep-26 13:10:17.923,,,,,,,£ 0.00,£ 244.10,,,£ 244.10,Total Paid,,"£ 3,165.10",£ 15.00,£ 229.54,"£ 3,409.64","£ 127,447.80","£ 29,248.56",-£ 260.00,"£ 159,846.00"
Payments,Balance Transfers - to be paid by:,Payment Date,Payment ID,Guest Name,Group,Company,Property,Room,Order Ref.,Booking Ref,Booked On,Check-In,Check-Out,Channel,OTA Reference,Type,Payment Method,Card Type,Last 4 Digits,Virtual Card,Description,User,Updated,Sent to gateway,Confirmed by gateway,Gateway Reference,Settled Amount,Settled Date,Card,Cash / Bank,Vouchers,Total Paid,OTA,eviivo,Total,10/09/2026 13:10,51153645,Michaela Pitcairn,,,Hotel Orlando by PLI,Flat 20 ( Basement sino ),ARF-116-926,265-688-142,,Pre-arrival,10/09/2026 13:10,02-Aug-2027,05-Aug-2027,Booking.com,6890869952,Payment,Pre-Paid via OTA,,,,Prepaid via Booking.com,system@eviivo.com,10-Sep-26 13:10:34.553,,10-Sep-26 13:10:34.186,,,,,,,£ 0.00,£ 240.50,,,£ 240.50,Total Paid,,"£ 3,165.10",£ 15.00,£ 229.54,"£ 3,409.64","£ 127,447.80","£ 29,248.56",-£ 260.00,"£ 159,846.00"
Payments,Balance Transfers - to be paid by:,Payment Date,Payment ID,Guest Name,Group,Company,Property,Room,Order Ref.,Booking Ref,Booked On,Check-In,Check-Out,Channel,OTA Reference,Type,Payment Method,Card Type,Last 4 Digits,Virtual Card,Description,User,Updated,Sent to gateway,Confirmed by gateway,Gateway Reference,Settled Amount,Settled Date,Card,Cash / Bank,Vouchers,Total Paid,OTA,eviivo,Total,10/09/2026 13:18,51153819,Oliwia Szczepaniak,,,Hotel Orlando by PLI,Flat 20 ( Basement sino ),IMX-629-666,819-310-032,,Pre-arrival,10/09/2026 13:18,26-Aug-2027,29-Aug-2027,Booking.com,6550203981,Payment,Pre-Paid via OTA,,,,Prepaid via Booking.com,system@eviivo.com,10-Sep-26 13:18:56.699,,10-Sep-26 13:18:56.436,,,,,,,£ 0.00,£ 260.30,,,£ 260.30,Total Paid,,"£ 3,165.10",£ 15.00,£ 229.54,"£ 3,409.64","£ 127,447.80","£ 29,248.56",-£ 260.00,"£ 159,846.00"
Payments,Balance Transfers - to be paid by:,Payment Date,Payment ID,Guest Name,Group,Company,Property,Room,Order Ref.,Booking Ref,Booked On,Check-In,Check-Out,Channel,OTA Reference,Type,Payment Method,Card Type,Last 4 Digits,Virtual Card,Description,User,Updated,Sent to gateway,Confirmed by gateway,Gateway Reference,Settled Amount,Settled Date,Card,Cash / Bank,Vouchers,Total Paid,OTA,eviivo,Total,10/09/2026 13:27,51153987,Dina Schrenk,,,Hotel Orlando by PLI,Room 12 2nd Floor,ZEK-584-463,621-621-112,,Pre-arrival,10/09/2026 13:27,27-Aug-2027,29-Aug-2027,Booking.com,6647437929,Payment,Pre-Paid via OTA,,,,Prepaid via Booking.com,system@eviivo.com,10-Sep-26 13:27:51.147,,10-Sep-26 13:27:50.923,,,,,,,£ 0.00,£ 169.40,,,£ 169.40,Total Paid,,"£ 3,165.10",£ 15.00,£ 229.54,"£ 3,409.64","£ 127,447.80","£ 29,248.56",-£ 260.00,"£ 159,846.00"
Payments,Balance Transfers - to be paid by:,Payment Date,Payment ID,Guest Name,Group,Company,Property,Room,Order Ref.,Booking Ref,Booked On,Check-In,Check-Out,Channel,OTA Reference,Type,Payment Method,Card Type,Last 4 Digits,Virtual Card,Description,User,Updated,Sent to gateway,Confirmed by gateway,Gateway Reference,Settled Amount,Settled Date,Card,Cash / Bank,Vouchers,Total Paid,OTA,eviivo,Total,10/09/2026 13:33,51154103,Naomi Rump,,,Hotel Orlando by PLI,S Room 34 3rd F,CDI-398-195,344-193-562,,Pre-arrival,10/09/2026 13:33,24-Aug-2027,30-Aug-2027,Booking.com,6647405815,Payment,Pre-Paid via OTA,,,,Prepaid via Booking.com,system@eviivo.com,10-Sep-26 13:33:33.242,,10-Sep-26 13:33:32.600,,,,,,,£ 0.00,£ 830.20,,,£ 830.20,Total Paid,,"£ 3,165.10",£ 15.00,£ 229.54,"£ 3,409.64","£ 127,447.80","£ 29,248.56",-£ 260.00,"£ 159,846.00"
Payments,Balance Transfers - to be paid by:,Payment Date,Payment ID,Guest Name,Group,Company,Property,Room,Order Ref.,Booking Ref,Booked On,Check-In,Check-Out,Channel,OTA Reference,Type,Payment Method,Card Type,Last 4 Digits,Virtual Card,Description,User,Updated,Sent to gateway,Confirmed by gateway,Gateway Reference,Settled Amount,Settled Date,Card,Cash / Bank,Vouchers,Total Paid,OTA,eviivo,Total,,51154103,Naomi Rump,,,Hotel Orlando by PLI,Flat 24  ( GF Sino ) - Studio,CDI-398-195,961-546-084,,On Account,10/09/2026 13:33,24-Aug-2027,30-Aug-2027,Booking.com,6647405815,(see above/below),(see above/below),,,,,system@eviivo.com,,,,,,,,,,£ 0.00,,,,,Total Paid,,"£ 3,165.10",£ 15.00,£ 229.54,"£ 3,409.64","£ 127,447.80","£ 29,248.56",-£ 260.00,"£ 159,846.00"
Payments,Balance Transfers - to be paid by:,Payment Date,Payment ID,Guest Name,Group,Company,Property,Room,Order Ref.,Booking Ref,Booked On,Check-In,Check-Out,Channel,OTA Reference,Type,Payment Method,Card Type,Last 4 Digits,Virtual Card,Description,User,Updated,Sent to gateway,Confirmed by gateway,Gateway Reference,Settled Amount,Settled Date,Card,Cash / Bank,Vouchers,Total Paid,OTA,eviivo,Total,10/09/2026 13:35,51154153,Katherine Ferris,,,Hotel Orlando by PLI,Room 10 1st Floor,UGA-134-900,203-953-654,,On Account,10/09/2026 13:35,23-Sep-2026,24-Sep-2026,Expedia & Affiliate Network,2555556403,Payment,Pre-Paid via OTA,,,,Extras prepaid via Expedia Affiliate Network,system@eviivo.com,10-Sep-26 13:35:59.341,,10-Sep-26 13:35:58.763,,,,,,,£ 0.00,,£ 102.01,,£ 102.01,Total Paid,,"£ 3,165.10",£ 15.00,£ 229.54,"£ 3,409.64","£ 127,447.80","£ 29,248.56",-£ 260.00,"£ 159,846.00"
Payments,Balance Transfers - to be paid by:,Payment Date,Payment ID,Guest Name,Group,Company,Property,Room,Order Ref.,Booking Ref,Booked On,Check-In,Check-Out,Channel,OTA Reference,Type,Payment Method,Card Type,Last 4 Digits,Virtual Card,Description,User,Updated,Sent to gateway,Confirmed by gateway,Gateway Reference,Settled Amount,Settled Date,Card,Cash / Bank,Vouchers,Total Paid,OTA,eviivo,Total,10/09/2026 13:39,51154231,Alicia Williams,,,Hotel Orlando by PLI,Room 9 1st Floor,KVW-353-639,005-152-462,,Pre-arrival,10/09/2026 13:39,25-Aug-2027,29-Aug-2027,Booking.com,5302416825,Payment,Pre-Paid via OTA,,,,Prepaid via Booking.com,system@eviivo.com,10-Sep-26 13:39:11.451,,10-Sep-26 13:39:11.036,,,,,,,£ 0.00,£ 326.00,,,£ 326.00,Total Paid,,"£ 3,165.10",£ 15.00,£ 229.54,"£ 3,409.64","£ 127,447.80","£ 29,248.56",-£ 260.00,"£ 159,846.00"
Payments,Balance Transfers - to be paid by:,Payment Date,Payment ID,Guest Name,Group,Company,Property,Room,Order Ref.,Booking Ref,Booked On,Check-In,Check-Out,Channel,OTA Reference,Type,Payment Method,Card Type,Last 4 Digits,Virtual Card,Description,User,Updated,Sent to gateway,Confirmed by gateway,Gateway Reference,Settled Amount,Settled Date,Card,Cash / Bank,Vouchers,Total Paid,OTA,eviivo,Total,10/09/2026 13:46,51154352,Plass Moniek,,,Hotel Orlando by PLI,Room 4 GF,TFQ-454-129,099-986-534,,Pre-arrival,10/09/2026 13:46,25-Aug-2027,30-Aug-2027,Booking.com,6744977766,Payment,Pre-Paid via OTA,,,,Prepaid via Booking.com,system@eviivo.com,10-Sep-26 13:46:20.879,,10-Sep-26 13:46:20.606,,,,,,,£ 0.00,£ 395.30,,,£ 395.30,Total Paid,,"£ 3,165.10",£ 15.00,£ 229.54,"£ 3,409.64","£ 127,447.80","£ 29,248.56",-£ 260.00,"£ 159,846.00"
Payments,Balance Transfers - to be paid by:,Payment Date,Payment ID,Guest Name,Group,Company,Property,Room,Order Ref.,Booking Ref,Booked On,Check-In,Check-Out,Channel,OTA Reference,Type,Payment Method,Card Type,Last 4 Digits,Virtual Card,Description,User,Updated,Sent to gateway,Confirmed by gateway,Gateway Reference,Settled Amount,Settled Date,Card,Cash / Bank,Vouchers,Total Paid,OTA,eviivo,Total,10/09/2026 13:49,51154413, Sana Ali,,,Hotel Orlando by PLI,Room 6 GF,BCD-954-633,684-041-112,,Pre-arrival,10/09/2026 13:27,12-Sep-2026,13-Sep-2026,,,Payment,Card/VCC via the System,Mastercard,4941,0,Guest Paid Online,eviivo suite,10-Sep-26 13:49:19.812,10-Sep-26 13:49:16.427,10-Sep-26 13:49:19.470,pi_3UE7PkR78xpaffA02TcitVmB,,,£ 80.00,,,£ 80.00,,,,£ 80.00,Total Paid,,"£ 3,165.10",£ 15.00,£ 229.54,"£ 3,409.64","£ 127,447.80","£ 29,248.56",-£ 260.00,"£ 159,846.00"
Payments,Balance Transfers - to be paid by:,Payment Date,Payment ID,Guest Name,Group,Company,Property,Room,Order Ref.,Booking Ref,Booked On,Check-In,Check-Out,Channel,OTA Reference,Type,Payment Method,Card Type,Last 4 Digits,Virtual Card,Description,User,Updated,Sent to gateway,Confirmed by gateway,Gateway Reference,Settled Amount,Settled Date,Card,Cash / Bank,Vouchers,Total Paid,OTA,eviivo,Total,10/09/2026 15:18,51156213,Adele GOOLEN,,,Hotel Orlando by PLI,S Room 17 BF,GIW-912-880,246-814-614,,On Account,10/09/2026 15:18,15-Sep-2026,19-Sep-2026,Expedia & Affiliate Network,2555627690,Payment,Pre-Paid via OTA,,,,Extras prepaid via Expedia Affiliate Network,system@eviivo.com,10-Sep-26 15:18:40.130,,10-Sep-26 15:18:39.520,,,,,,,£ 0.00,,£ 276.00,,£ 276.00,Total Paid,,"£ 3,165.10",£ 15.00,£ 229.54,"£ 3,409.64","£ 127,447.80","£ 29,248.56",-£ 260.00,"£ 159,846.00"
Payments,Balance Transfers - to be paid by:,Payment Date,Payment ID,Guest Name,Group,Company,Property,Room,Order Ref.,Booking Ref,Booked On,Check-In,Check-Out,Channel,OTA Reference,Type,Payment Method,Card Type,Last 4 Digits,Virtual Card,Description,User,Updated,Sent to gateway,Confirmed by gateway,Gateway Reference,Settled Amount,Settled Date,Card,Cash / Bank,Vouchers,Total Paid,OTA,eviivo,Total,10/09/2026 15:25,51156358,ABDULRAHMAN ALSHEHRI,,,Hotel Orlando by PLI,S Room 28 1st F,FFN-551-532,601-228-352,,Pre-arrival,10/09/2026 15:25,19-Sep-2026,23-Sep-2026,Booking.com,6550252282,Payment,Pre-Paid via OTA,,,,Prepaid via Booking.com,system@eviivo.com,10-Sep-26 15:25:52.587,,10-Sep-26 15:25:52.216,,,,,,,£ 0.00,£ 270.20,,,£ 270.20,Total Paid,,"£ 3,165.10",£ 15.00,£ 229.54,"£ 3,409.64","£ 127,447.80","£ 29,248.56",-£ 260.00,"£ 159,846.00"
Payments,Balance Transfers - to be paid by:,Payment Date,Payment ID,Guest Name,Group,Company,Property,Room,Order Ref.,Booking Ref,Booked On,Check-In,Check-Out,Channel,OTA Reference,Type,Payment Method,Card Type,Last 4 Digits,Virtual Card,Description,User,Updated,Sent to gateway,Confirmed by gateway,Gateway Reference,Settled Amount,Settled Date,Card,Cash / Bank,Vouchers,Total Paid,OTA,eviivo,Total,10/09/2026 15:58,51157066,James Doherty,,,Hotel Orlando by PLI,Room 16 3rd Floor,GCK-747-653,866-316-351,,Pre-arrival,10/09/2026 15:58,14-Sep-2026,18-Sep-2026,Booking.com,5692282662,Payment,Pre-Paid via OTA,,,,Prepaid via Booking.com,system@eviivo.com,10-Sep-26 15:58:50.948,,10-Sep-26 15:58:50.653,,,,,,,£ 0.00,£ 227.00,,,£ 227.00,Total Paid,,"£ 3,165.10",£ 15.00,£ 229.54,"£ 3,409.64","£ 127,447.80","£ 29,248.56",-£ 260.00,"£ 159,846.00"
Payments,Balance Transfers - to be paid by:,Payment Date,Payment ID,Guest Name,Group,Company,Property,Room,Order Ref.,Booking Ref,Booked On,Check-In,Check-Out,Channel,OTA Reference,Type,Payment Method,Card Type,Last 4 Digits,Virtual Card,Description,User,Updated,Sent to gateway,Confirmed by gateway,Gateway Reference,Settled Amount,Settled Date,Card,Cash / Bank,Vouchers,Total Paid,OTA,eviivo,Total,10/09/2026 16:00,51157096,James Doherty,,,Hotel Orlando by PLI,Room 1 BF,YBI-827-474,329-642-442,,Pre-arrival,10/09/2026 16:00,14-Sep-2026,18-Sep-2026,Booking.com,5368973353,Payment,Pre-Paid via OTA,,,,Prepaid via Booking.com,system@eviivo.com,10-Sep-26 16:00:10.770,,10-Sep-26 16:00:10.370,,,,,,,£ 0.00,£ 231.50,,,£ 231.50,Total Paid,,"£ 3,165.10",£ 15.00,£ 229.54,"£ 3,409.64","£ 127,447.80","£ 29,248.56",-£ 260.00,"£ 159,846.00"
Payments,Balance Transfers - to be paid by:,Payment Date,Payment ID,Guest Name,Group,Company,Property,Room,Order Ref.,Booking Ref,Booked On,Check-In,Check-Out,Channel,OTA Reference,Type,Payment Method,Card Type,Last 4 Digits,Virtual Card,Description,User,Updated,Sent to gateway,Confirmed by gateway,Gateway Reference,Settled Amount,Settled Date,Card,Cash / Bank,Vouchers,Total Paid,OTA,eviivo,Total,10/09/2026 16:20,51157543,Elise Loison,,,Hotel Orlando by PLI,Room 1 BF,LMJ-626-479,435-864-634,,On Account,10/09/2026 16:20,28-Nov-2026,05-Dec-2026,Expedia & Affiliate Network,2555676585,Payment,Pre-Paid via OTA,,,,Extras prepaid via Expedia,system@eviivo.com,10-Sep-26 16:20:38.756,,10-Sep-26 16:20:38.176,,,,,,,£ 0.00,,£ 551.86,,£ 551.86,Total Paid,,"£ 3,165.10",£ 15.00,£ 229.54,"£ 3,409.64","£ 127,447.80","£ 29,248.56",-£ 260.00,"£ 159,846.00"
Payments,Balance Transfers - to be paid by:,Payment Date,Payment ID,Guest Name,Group,Company,Property,Room,Order Ref.,Booking Ref,Booked On,Check-In,Check-Out,Channel,OTA Reference,Type,Payment Method,Card Type,Last 4 Digits,Virtual Card,Description,User,Updated,Sent to gateway,Confirmed by gateway,Gateway Reference,Settled Amount,Settled Date,Card,Cash / Bank,Vouchers,Total Paid,OTA,eviivo,Total,10/09/2026 16:49,51158109,Nikola Kowalska,,,Hotel Orlando by PLI,S Room 27 1st F  W/Fridge,HIY-922-688,918-206-202,,Pre-arrival,10/09/2026 16:49,23-Aug-2027,29-Aug-2027,Booking.com,6409425602,Payment,Pre-Paid via OTA,,,,Prepaid via Booking.com,system@eviivo.com,10-Sep-26 16:49:22.904,,10-Sep-26 16:49:22.586,,,,,,,£ 0.00,£ 503.30,,,£ 503.30,Total Paid,,"£ 3,165.10",£ 15.00,£ 229.54,"£ 3,409.64","£ 127,447.80","£ 29,248.56",-£ 260.00,"£ 159,846.00"
Payments,Balance Transfers - to be paid by:,Payment Date,Payment ID,Guest Name,Group,Company,Property,Room,Order Ref.,Booking Ref,Booked On,Check-In,Check-Out,Channel,OTA Reference,Type,Payment Method,Card Type,Last 4 Digits,Virtual Card,Description,User,Updated,Sent to gateway,Confirmed by gateway,Gateway Reference,Settled Amount,Settled Date,Card,Cash / Bank,Vouchers,Total Paid,OTA,eviivo,Total,10/09/2026 17:18,51158718,Edward Shrimpton,,,Hotel Orlando by PLI,S Room 23 GF,TNI-157-369,838-011-554,,In House,10/09/2026 10:39,10-Sep-2026,11-Sep-2026,Booking.com,5248536042,Payment,Card/VCC via the System,Mastercard,6058,0,Guest Paid Online,eviivo suite,10-Sep-26 17:18:24.388,10-Sep-26 17:18:20.900,10-Sep-26 17:18:23.947,pi_3UEAg5R78xpaffA01bRDqxx7,,,£ 100.00,,,£ 100.00,,,,£ 100.00,Total Paid,,"£ 3,165.10",£ 15.00,£ 229.54,"£ 3,409.64","£ 127,447.80","£ 29,248.56",-£ 260.00,"£ 159,846.00"
Payments,Balance Transfers - to be paid by:,Payment Date,Payment ID,Guest Name,Group,Company,Property,Room,Order Ref.,Booking Ref,Booked On,Check-In,Check-Out,Channel,OTA Reference,Type,Payment Method,Card Type,Last 4 Digits,Virtual Card,Description,User,Updated,Sent to gateway,Confirmed by gateway,Gateway Reference,Settled Amount,Settled Date,Card,Cash / Bank,Vouchers,Total Paid,OTA,eviivo,Total,10/09/2026 17:43,51159298,Westerman Rose,,,Hotel Orlando by PLI,Flat 20 ( Basement sino ),BQX-059-553,180-615-004,,Pre-arrival,10/09/2026 17:43,10-Oct-2026,11-Oct-2026,Booking.com,6409438468,Payment,Pre-Paid via OTA,,,,Prepaid via Booking.com,system@eviivo.com,10-Sep-26 17:43:33.469,,10-Sep-26 17:43:33.160,,,,,,,£ 0.00,£ 152.00,,,£ 152.00,Total Paid,,"£ 3,165.10",£ 15.00,£ 229.54,"£ 3,409.64","£ 127,447.80","£ 29,248.56",-£ 260.00,"£ 159,846.00"
Payments,Balance Transfers - to be paid by:,Payment Date,Payment ID,Guest Name,Group,Company,Property,Room,Order Ref.,Booking Ref,Booked On,Check-In,Check-Out,Channel,OTA Reference,Type,Payment Method,Card Type,Last 4 Digits,Virtual Card,Description,User,Updated,Sent to gateway,Confirmed by gateway,Gateway Reference,Settled Amount,Settled Date,Card,Cash / Bank,Vouchers,Total Paid,OTA,eviivo,Total,10/09/2026 18:10,51159848,Fotiadis Anna-Lena,,,Hotel Orlando by PLI,S Room 33 3rd F - W/Microwave &Fridge,BLM-128-858,040-051-994,,Pre-arrival,10/09/2026 18:10,26-Aug-2027,29-Aug-2027,Booking.com,6550231174,Payment,Pre-Paid via OTA,,,,Prepaid via Booking.com,system@eviivo.com,10-Sep-26 18:10:59.778,,10-Sep-26 18:10:59.490,,,,,,,£ 0.00,£ 275.60,,,£ 275.60,Total Paid,,"£ 3,165.10",£ 15.00,£ 229.54,"£ 3,409.64","£ 127,447.80","£ 29,248.56",-£ 260.00,"£ 159,846.00"
Payments,Balance Transfers - to be paid by:,Payment Date,Payment ID,Guest Name,Group,Company,Property,Room,Order Ref.,Booking Ref,Booked On,Check-In,Check-Out,Channel,OTA Reference,Type,Payment Method,Card Type,Last 4 Digits,Virtual Card,Description,User,Updated,Sent to gateway,Confirmed by gateway,Gateway Reference,Settled Amount,Settled Date,Card,Cash / Bank,Vouchers,Total Paid,OTA,eviivo,Total,10/09/2026 19:46,51161370,javier muñoz catalán,,,Hotel Orlando by PLI,S Room 31 2nd FF,MKG-556-024,854-925-844,,Pre-arrival,10/09/2026 19:46,18-Sep-2026,21-Sep-2026,Booking.com,5368900374,Payment,Pre-Paid via OTA,,,,Prepaid via Booking.com,system@eviivo.com,10-Sep-26 19:46:38.858,,10-Sep-26 19:46:38.646,,,,,,,£ 0.00,£ 252.20,,,£ 252.20,Total Paid,,"£ 3,165.10",£ 15.00,£ 229.54,"£ 3,409.64","£ 127,447.80","£ 29,248.56",-£ 260.00,"£ 159,846.00"
Payments,Balance Transfers - to be paid by:,Payment Date,Payment ID,Guest Name,Group,Company,Property,Room,Order Ref.,Booking Ref,Booked On,Check-In,Check-Out,Channel,OTA Reference,Type,Payment Method,Card Type,Last 4 Digits,Virtual Card,Description,User,Updated,Sent to gateway,Confirmed by gateway,Gateway Reference,Settled Amount,Settled Date,Card,Cash / Bank,Vouchers,Total Paid,OTA,eviivo,Total,10/09/2026 20:50,51162360,Rajiv Paswan,,,Hotel Orlando by PLI,Room 3 BF W/Microwave,UZC-630-868,633-913-291,,In House,09/09/2026 22:26,10-Sep-2026,11-Sep-2026,Booking.com,6409489340,Payment,Card/VCC via the System,Visa,6822,0,Guest Paid Online,eviivo suite,10-Sep-26 20:50:05.727,10-Sep-26 20:50:03.437,10-Sep-26 20:50:05.173,pi_3UEDyxR78xpaffA00OGsQKm2,,,£ 100.00,,,£ 100.00,,,,£ 100.00,Total Paid,,"£ 3,165.10",£ 15.00,£ 229.54,"£ 3,409.64","£ 127,447.80","£ 29,248.56",-£ 260.00,"£ 159,846.00"
Payments,Balance Transfers - to be paid by:,Payment Date,Payment ID,Guest Name,Group,Company,Property,Room,Order Ref.,Booking Ref,Booked On,Check-In,Check-Out,Channel,OTA Reference,Type,Payment Method,Card Type,Last 4 Digits,Virtual Card,Description,User,Updated,Sent to gateway,Confirmed by gateway,Gateway Reference,Settled Amount,Settled Date,Card,Cash / Bank,Vouchers,Total Paid,OTA,eviivo,Total,10/09/2026 21:06,51162616,Claire Robinson,,,Hotel Orlando by PLI,Room 12 2nd Floor,SXW-383-091,912-188-601,,Pre-arrival,10/09/2026 21:06,11-Dec-2026,12-Dec-2026,Booking.com,5591393488,Payment,Pre-Paid via OTA,,,,Prepaid via Booking.com,system@eviivo.com,10-Sep-26 21:06:28.684,,10-Sep-26 21:06:28.443,,,,,,,£ 0.00,£ 118.10,,,£ 118.10,Total Paid,,"£ 3,165.10",£ 15.00,£ 229.54,"£ 3,409.64","£ 127,447.80","£ 29,248.56",-£ 260.00,"£ 159,846.00"
Payments,Balance Transfers - to be paid by:,Payment Date,Payment ID,Guest Name,Group,Company,Property,Room,Order Ref.,Booking Ref,Booked On,Check-In,Check-Out,Channel,OTA Reference,Type,Payment Method,Card Type,Last 4 Digits,Virtual Card,Description,User,Updated,Sent to gateway,Confirmed by gateway,Gateway Reference,Settled Amount,Settled Date,Card,Cash / Bank,Vouchers,Total Paid,OTA,eviivo,Total,,51162632,Stina Neldemark,,,Hotel Orlando by PLI,S Room 30 2nd F - W/Fridge,CDZ-594-237,532-616-284,,On Account,10/09/2026 21:07,27-Aug-2027,30-Aug-2027,Booking.com,6695894476,(see above/below),(see above/below),,,,,system@eviivo.com,,,,,,,,,,£ 0.00,,,,,Total Paid,,"£ 3,165.10",£ 15.00,£ 229.54,"£ 3,409.64","£ 127,447.80","£ 29,248.56",-£ 260.00,"£ 159,846.00"
Payments,Balance Transfers - to be paid by:,Payment Date,Payment ID,Guest Name,Group,Company,Property,Room,Order Ref.,Booking Ref,Booked On,Check-In,Check-Out,Channel,OTA Reference,Type,Payment Method,Card Type,Last 4 Digits,Virtual Card,Description,User,Updated,Sent to gateway,Confirmed by gateway,Gateway Reference,Settled Amount,Settled Date,Card,Cash / Bank,Vouchers,Total Paid,OTA,eviivo,Total,10/09/2026 21:07,51162632,Enya Lydahl,,,Hotel Orlando by PLI,S Room 21 GF - SofaBed,CDZ-594-237,542-641-541,,Pre-arrival,10/09/2026 21:07,27-Aug-2027,30-Aug-2027,Booking.com,6695894476,Payment,Pre-Paid via OTA,,,,Prepaid via Booking.com,system@eviivo.com,10-Sep-26 21:07:21.546,,10-Sep-26 21:07:20.976,,,,,,,£ 0.00,£ 578.20,,,£ 578.20,Total Paid,,"£ 3,165.10",£ 15.00,£ 229.54,"£ 3,409.64","£ 127,447.80","£ 29,248.56",-£ 260.00,"£ 159,846.00"
Payments,Balance Transfers - to be paid by:,Payment Date,Payment ID,Guest Name,Group,Company,Property,Room,Order Ref.,Booking Ref,Booked On,Check-In,Check-Out,Channel,OTA Reference,Type,Payment Method,Card Type,Last 4 Digits,Virtual Card,Description,User,Updated,Sent to gateway,Confirmed by gateway,Gateway Reference,Settled Amount,Settled Date,Card,Cash / Bank,Vouchers,Total Paid,OTA,eviivo,Total,10/09/2026 21:25,51162905,Aitana Arcaz Díaz,,,Hotel Orlando by PLI,S Room 19 BF - W/Sofa bed ,XOY-142-030,865-232-602,,On Account,10/09/2026 21:25,02-Oct-2026,06-Oct-2026,Expedia & Affiliate Network,2555895655,Payment,Pre-Paid via OTA,,,,Extras prepaid via Expedia Affiliate Network,system@eviivo.com,10-Sep-26 21:25:35.711,,10-Sep-26 21:25:35.196,,,,,,,£ 0.00,,£ 394.41,,£ 394.41,Total Paid,,"£ 3,165.10",£ 15.00,£ 229.54,"£ 3,409.64","£ 127,447.80","£ 29,248.56",-£ 260.00,"£ 159,846.00"
Payments,Balance Transfers - to be paid by:,Payment Date,Payment ID,Guest Name,Group,Company,Property,Room,Order Ref.,Booking Ref,Booked On,Check-In,Check-Out,Channel,OTA Reference,Type,Payment Method,Card Type,Last 4 Digits,Virtual Card,Description,User,Updated,Sent to gateway,Confirmed by gateway,Gateway Reference,Settled Amount,Settled Date,Card,Cash / Bank,Vouchers,Total Paid,OTA,eviivo,Total,10/09/2026 21:31,51162991,King Jennifer,,,Hotel Orlando by PLI,Room 10 1st Floor,BUV-195-006,639-813-552,,Pre-arrival,10/09/2026 21:31,11-Sep-2026,12-Sep-2026,Booking.com,5123112138,Payment,Pre-Paid via OTA,,,,Prepaid via Booking.com,system@eviivo.com,10-Sep-26 21:31:34.020,,10-Sep-26 21:31:33.773,,,,,,,£ 0.00,£ 97.40,,,£ 97.40,Total Paid,,"£ 3,165.10",£ 15.00,£ 229.54,"£ 3,409.64","£ 127,447.80","£ 29,248.56",-£ 260.00,"£ 159,846.00"
Payments,Balance Transfers - to be paid by:,Payment Date,Payment ID,Guest Name,Group,Company,Property,Room,Order Ref.,Booking Ref,Booked On,Check-In,Check-Out,Channel,OTA Reference,Type,Payment Method,Card Type,Last 4 Digits,Virtual Card,Description,User,Updated,Sent to gateway,Confirmed by gateway,Gateway Reference,Settled Amount,Settled Date,Card,Cash / Bank,Vouchers,Total Paid,OTA,eviivo,Total,10/09/2026 22:38,51163797,Caroline Jimenez Chavez,,,Hotel Orlando by PLI,S Room 23 GF,AGG-724-757,502-019-184,,On Account,10/09/2026 22:38,12-Feb-2027,14-Feb-2027,Expedia & Affiliate Network,2555942236,Payment,Pre-Paid via OTA,,,,Extras prepaid via Expedia,system@eviivo.com,10-Sep-26 22:38:15.468,,10-Sep-26 22:38:14.840,,,,,,,£ 0.00,,£ 113.59,,£ 113.59,Total Paid,,"£ 3,165.10",£ 15.00,£ 229.54,"£ 3,409.64","£ 127,447.80","£ 29,248.56",-£ 260.00,"£ 159,846.00"
Payments,Balance Transfers - to be paid by:,Payment Date,Payment ID,Guest Name,Group,Company,Property,Room,Order Ref.,Booking Ref,Booked On,Check-In,Check-Out,Channel,OTA Reference,Type,Payment Method,Card Type,Last 4 Digits,Virtual Card,Description,User,Updated,Sent to gateway,Confirmed by gateway,Gateway Reference,Settled Amount,Settled Date,Card,Cash / Bank,Vouchers,Total Paid,OTA,eviivo,Total,10/09/2026 23:03,51164067,Samuel Barcos ballesteros,,,Hotel Orlando by PLI,Room 16 3rd Floor,IZC-539-591,822-036-151,,On Account,10/09/2026 23:03,12-Feb-2027,14-Feb-2027,Expedia & Affiliate Network,2555957569,Payment,Pre-Paid via OTA,,,,Extras prepaid via Expedia,system@eviivo.com,10-Sep-26 23:03:31.847,,10-Sep-26 23:03:31.150,,,,,,,£ 0.00,,£ 106.41,,£ 106.41,Total Paid,,"£ 3,165.10",£ 15.00,£ 229.54,"£ 3,409.64","£ 127,447.80","£ 29,248.56",-£ 260.00,"£ 159,846.00"
Payments,Balance Transfers - to be paid by:,Payment Date,Payment ID,Guest Name,Group,Company,Property,Room,Order Ref.,Booking Ref,Booked On,Check-In,Check-Out,Channel,OTA Reference,Type,Payment Method,Card Type,Last 4 Digits,Virtual Card,Description,User,Updated,Sent to gateway,Confirmed by gateway,Gateway Reference,Settled Amount,Settled Date,Card,Cash / Bank,Vouchers,Total Paid,OTA,eviivo,Total,10/09/2026 23:22,51164212,Tasmin Wellington,,,Hotel Orlando by PLI,Room 12 2nd Floor,RCL-545-704,853-416-624,,In House,10/09/2026 23:22,10-Sep-2026,11-Sep-2026,Booking.com,6320018930,Payment,Pre-Paid via OTA,,,,Prepaid via Booking.com,system@eviivo.com,10-Sep-26 23:22:40.296,,10-Sep-26 23:22:40.080,,,,,,,£ 0.00,£ 66.80,,,£ 66.80,Total Paid,,"£ 3,165.10",£ 15.00,£ 229.54,"£ 3,409.64","£ 127,447.80","£ 29,248.56",-£ 260.00,"£ 159,846.00"
Payments,Balance Transfers - to be paid by:,Payment Date,Payment ID,Guest Name,Group,Company,Property,Room,Order Ref.,Booking Ref,Booked On,Check-In,Check-Out,Channel,OTA Reference,Type,Payment Method,Card Type,Last 4 Digits,Virtual Card,Description,User,Updated,Sent to gateway,Confirmed by gateway,Gateway Reference,Settled Amount,Settled Date,Card,Cash / Bank,Vouchers,Total Paid,OTA,eviivo,Total,10/09/2026 23:48,51164355,Davide Speranza,,,Hotel Orlando by PLI,Room 16 3rd Floor,CPJ-087-203,404-321-841,,On Account,10/09/2026 23:48,15-Oct-2026,19-Oct-2026,Expedia & Affiliate Network,2555983165,Payment,Pre-Paid via OTA,,,,Extras prepaid via Expedia,system@eviivo.com,10-Sep-26 23:48:28.614,,10-Sep-26 23:48:28.046,,,,,,,£ 0.00,,£ 334.10,,£ 334.10,Total Paid,,"£ 3,165.10",£ 15.00,£ 229.54,"£ 3,409.64","£ 127,447.80","£ 29,248.56",-£ 260.00,"£ 159,846.00"
Payments,Balance Transfers - to be paid by:,Payment Date,Payment ID,Guest Name,Group,Company,Property,Room,Order Ref.,Booking Ref,Booked On,Check-In,Check-Out,Channel,OTA Reference,Type,Payment Method,Card Type,Last 4 Digits,Virtual Card,Description,User,Updated,Sent to gateway,Confirmed by gateway,Gateway Reference,Settled Amount,Settled Date,Card,Cash / Bank,Vouchers,Total Paid,OTA,eviivo,Total,10/09/2026 23:58,51164390,Tasmin Wellington,,,Hotel Orlando by PLI,Room 12 2nd Floor,RCL-545-704,853-416-624,,In House,10/09/2026 23:22,10-Sep-2026,11-Sep-2026,Booking.com,6320018930,Payment,Card/VCC via the System,Visa,8971,0,Guest Paid Online,eviivo suite,10-Sep-26 23:58:04.621,10-Sep-26 23:58:02.253,10-Sep-26 23:58:04.093,pi_3UEGusR78xpaffA01aknK1xk,,,£ 100.00,,,£ 100.00,,,,£ 100.00,Total Paid,,"£ 3,165.10",£ 15.00,£ 229.54,"£ 3,409.64","£ 127,447.80","£ 29,248.56",-£ 260.00,"£ 159,846.00"
Payments,Balance Transfers - to be paid by:,Payment Date,Payment ID,Guest Name,Group,Company,Property,Room,Order Ref.,Booking Ref,Booked On,Check-In,Check-Out,Channel,OTA Reference,Type,Payment Method,Card Type,Last 4 Digits,Virtual Card,Description,User,Updated,Sent to gateway,Confirmed by gateway,Gateway Reference,Settled Amount,Settled Date,Card,Cash / Bank,Vouchers,Total Paid,OTA,eviivo,Total,11/09/2026 08:30,51167867,Belinda Diers-Hahn,,,Hotel Orlando by PLI,Room 11 2nd Floor,ZWK-904-109,133-219-521,,Pre-arrival,11/09/2026 08:30,16-Nov-2026,20-Nov-2026,Booking.com,6847606170,Payment,Pre-Paid via OTA,,,,Prepaid via Booking.com,system@eviivo.com,11-Sep-26 08:30:48.078,,11-Sep-26 08:30:47.716,,,,,,,£ 0.00,£ 312.50,,,£ 312.50,Total Paid,,"£ 3,165.10",£ 15.00,£ 229.54,"£ 3,409.64","£ 127,447.80","£ 29,248.56",-£ 260.00,"£ 159,846.00"
Payments,Balance Transfers - to be paid by:,Payment Date,Payment ID,Guest Name,Group,Company,Property,Room,Order Ref.,Booking Ref,Booked On,Check-In,Check-Out,Channel,OTA Reference,Type,Payment Method,Card Type,Last 4 Digits,Virtual Card,Description,User,Updated,Sent to gateway,Confirmed by gateway,Gateway Reference,Settled Amount,Settled Date,Card,Cash / Bank,Vouchers,Total Paid,OTA,eviivo,Total,11/09/2026 09:41,51169280,Dasser Diana,,,Hotel Orlando by PLI,Room 14 2nd Floor,JPS-323-537,320-822-894,,Pre-arrival,11/09/2026 09:41,18-Nov-2026,22-Nov-2026,Booking.com,6719634923,Payment,Pre-Paid via OTA,,,,Prepaid via Booking.com,system@eviivo.com,11-Sep-26 09:41:11.338,,11-Sep-26 09:41:11.116,,,,,,,£ 0.00,£ 326.00,,,£ 326.00,Total Paid,,"£ 3,165.10",£ 15.00,£ 229.54,"£ 3,409.64","£ 127,447.80","£ 29,248.56",-£ 260.00,"£ 159,846.00"
Payments,Balance Transfers - to be paid by:,Payment Date,Payment ID,Guest Name,Group,Company,Property,Room,Order Ref.,Booking Ref,Booked On,Check-In,Check-Out,Channel,OTA Reference,Type,Payment Method,Card Type,Last 4 Digits,Virtual Card,Description,User,Updated,Sent to gateway,Confirmed by gateway,Gateway Reference,Settled Amount,Settled Date,Card,Cash / Bank,Vouchers,Total Paid,OTA,eviivo,Total,11/09/2026 09:43,51169329,Henriett Major,,,Hotel Orlando by PLI,S Room 30 2nd F - W/Fridge,PNF-228-162,198-888-031,,Pre-arrival,11/09/2026 09:43,18-Sep-2026,22-Sep-2026,Booking.com,6548954362,Payment,Pre-Paid via OTA,,,,Prepaid via Booking.com,system@eviivo.com,11-Sep-26 09:43:58.925,,11-Sep-26 09:43:58.560,,,,,,,£ 0.00,£ 334.10,,,£ 334.10,Total Paid,,"£ 3,165.10",£ 15.00,£ 229.54,"£ 3,409.64","£ 127,447.80","£ 29,248.56",-£ 260.00,"£ 159,846.00"
Payments,Balance Transfers - to be paid by:,Payment Date,Payment ID,Guest Name,Group,Company,Property,Room,Order Ref.,Booking Ref,Booked On,Check-In,Check-Out,Channel,OTA Reference,Type,Payment Method,Card Type,Last 4 Digits,Virtual Card,Description,User,Updated,Sent to gateway,Confirmed by gateway,Gateway Reference,Settled Amount,Settled Date,Card,Cash / Bank,Vouchers,Total Paid,OTA,eviivo,Total,11/09/2026 11:28,51171455,ALEJANDRO REBOLLO DE LA FUENTE,,,Hotel Orlando by PLI,Room 11 2nd Floor,YBN-072-828,948-048-934,,On Account,11/09/2026 11:28,08-Oct-2026,12-Oct-2026,Expedia & Affiliate Network,2556334717,Payment,Pre-Paid via OTA,,,,Extras prepaid via Expedia,system@eviivo.com,11-Sep-26 11:28:22.881,,11-Sep-26 11:28:22.193,,,,,,,£ 0.00,,£ 353.89,,£ 353.89,Total Paid,,"£ 3,165.10",£ 15.00,£ 229.54,"£ 3,409.64","£ 127,447.80","£ 29,248.56",-£ 260.00,"£ 159,846.00"
Payments,Balance Transfers - to be paid by:,Payment Date,Payment ID,Guest Name,Group,Company,Property,Room,Order Ref.,Booking Ref,Booked On,Check-In,Check-Out,Channel,OTA Reference,Type,Payment Method,Card Type,Last 4 Digits,Virtual Card,Description,User,Updated,Sent to gateway,Confirmed by gateway,Gateway Reference,Settled Amount,Settled Date,Card,Cash / Bank,Vouchers,Total Paid,OTA,eviivo,Total,11/09/2026 11:32,51171525,Maria Holck Olesen,,,Hotel Orlando by PLI,S Room 31 2nd FF,SKY-927-071,315-433-991,,Pre-arrival,11/09/2026 11:31,27-Aug-2027,29-Aug-2027,Booking.com,6719677158,Payment,Pre-Paid via OTA,,,,Prepaid via Booking.com,system@eviivo.com,11-Sep-26 11:32:06.373,,11-Sep-26 11:32:05.066,,,,,,,£ 0.00,£ 223.40,,,£ 223.40,Total Paid,,"£ 3,165.10",£ 15.00,£ 229.54,"£ 3,409.64","£ 127,447.80","£ 29,248.56",-£ 260.00,"£ 159,846.00"
Payments,Balance Transfers - to be paid by:,Payment Date,Payment ID,Guest Name,Group,Company,Property,Room,Order Ref.,Booking Ref,Booked On,Check-In,Check-Out,Channel,OTA Reference,Type,Payment Method,Card Type,Last 4 Digits,Virtual Card,Description,User,Updated,Sent to gateway,Confirmed by gateway,Gateway Reference,Settled Amount,Settled Date,Card,Cash / Bank,Vouchers,Total Paid,OTA,eviivo,Total,11/09/2026 11:44,51171820,Yehor Vysotskyi,,,Hotel Orlando by PLI,Flat 2 ( Basement Orlando ),GVS-599-312,193-399-191,,Pre-arrival,07/09/2026 15:12,12-Sep-2026,13-Sep-2026,Booking.com,6509933963,Payment,Card/VCC via the System,Mastercard,6210,0,Guest Paid Online,eviivo suite,11-Sep-26 11:44:58.004,11-Sep-26 11:44:55.713,11-Sep-26 11:44:57.483,pi_3UERwxR78xpaffA01ehT5aVF,,,£ 100.00,,,£ 100.00,,,,£ 100.00,Total Paid,,"£ 3,165.10",£ 15.00,£ 229.54,"£ 3,409.64","£ 127,447.80","£ 29,248.56",-£ 260.00,"£ 159,846.00"
Payments,Balance Transfers - to be paid by:,Payment Date,Payment ID,Guest Name,Group,Company,Property,Room,Order Ref.,Booking Ref,Booked On,Check-In,Check-Out,Channel,OTA Reference,Type,Payment Method,Card Type,Last 4 Digits,Virtual Card,Description,User,Updated,Sent to gateway,Confirmed by gateway,Gateway Reference,Settled Amount,Settled Date,Card,Cash / Bank,Vouchers,Total Paid,OTA,eviivo,Total,11/09/2026 12:11,51172238,Devon Wise,,,Hotel Orlando by PLI,Room 8 1st Floor,CPB-173-120,859-024-622,,Post Checkout,04/09/2026 17:51,09-Sep-2026,10-Sep-2026,Booking.com,6388390672,Refund,Card/VCC via the System,Visa,2539,0,,mohammed.samy@crownbs.com,11-Sep-26 12:11:40.078,11-Sep-26 12:11:38.563,11-Sep-26 12:11:39.643,re_3UDgY3R78xpaffA00q0Gl7Wb,,,-£ 100.00,,,-£ 100.00,,,,- £ 100.00,Total Paid,,"£ 3,165.10",£ 15.00,£ 229.54,"£ 3,409.64","£ 127,447.80","£ 29,248.56",-£ 260.00,"£ 159,846.00"
Payments,Balance Transfers - to be paid by:,Payment Date,Payment ID,Guest Name,Group,Company,Property,Room,Order Ref.,Booking Ref,Booked On,Check-In,Check-Out,Channel,OTA Reference,Type,Payment Method,Card Type,Last 4 Digits,Virtual Card,Description,User,Updated,Sent to gateway,Confirmed by gateway,Gateway Reference,Settled Amount,Settled Date,Card,Cash / Bank,Vouchers,Total Paid,OTA,eviivo,Total,11/09/2026 12:11,51172248,Amelie IBOUADILENE,,,Hotel Orlando by PLI,Room 14 2nd Floor,JEA-989-195,669-326-861,,Post Checkout,04/09/2026 16:27,09-Sep-2026,10-Sep-2026,Booking.com,6399357083,Refund,Card/VCC via the System,Mastercard,6461,0,,mohammed.samy@crownbs.com,11-Sep-26 12:11:55.829,11-Sep-26 12:11:54.207,11-Sep-26 12:11:55.470,re_3UDhKGR78xpaffA02n1CohIK,,,-£ 100.00,,,-£ 100.00,,,,- £ 100.00,Total Paid,,"£ 3,165.10",£ 15.00,£ 229.54,"£ 3,409.64","£ 127,447.80","£ 29,248.56",-£ 260.00,"£ 159,846.00"
Payments,Balance Transfers - to be paid by:,Payment Date,Payment ID,Guest Name,Group,Company,Property,Room,Order Ref.,Booking Ref,Booked On,Check-In,Check-Out,Channel,OTA Reference,Type,Payment Method,Card Type,Last 4 Digits,Virtual Card,Description,User,Updated,Sent to gateway,Confirmed by gateway,Gateway Reference,Settled Amount,Settled Date,Card,Cash / Bank,Vouchers,Total Paid,OTA,eviivo,Total,11/09/2026 12:47,51172844,taylor cable,,,Hotel Orlando by PLI,S Room 27 1st F  W/Fridge,HDW-140-985,610-583-261,,Pre-arrival,11/09/2026 12:47,16-Sep-2026,17-Sep-2026,Booking.com,5083382873,Payment,Pre-Paid via OTA,,,,Prepaid via Booking.com,system@eviivo.com,11-Sep-26 12:47:41.742,,11-Sep-26 12:47:41.460,,,,,,,£ 0.00,£ 83.00,,,£ 83.00,Total Paid,,"£ 3,165.10",£ 15.00,£ 229.54,"£ 3,409.64","£ 127,447.80","£ 29,248.56",-£ 260.00,"£ 159,846.00"
Payments,Balance Transfers - to be paid by:,Payment Date,Payment ID,Guest Name,Group,Company,Property,Room,Order Ref.,Booking Ref,Booked On,Check-In,Check-Out,Channel,OTA Reference,Type,Payment Method,Card Type,Last 4 Digits,Virtual Card,Description,User,Updated,Sent to gateway,Confirmed by gateway,Gateway Reference,Settled Amount,Settled Date,Card,Cash / Bank,Vouchers,Total Paid,OTA,eviivo,Total,11/09/2026 13:04,51173201, Biniam Estifanos,,,Hotel Orlando by PLI,Flat 5 ( GF Orlando ) -  Studio,UNE-602-113,840-112-862,,Pre-arrival,11/09/2026 11:12,14-Sep-2026,16-Sep-2026,,,Payment,Card/VCC via the System,Mastercard,6767,0,Guest Paid Online,eviivo suite,11-Sep-26 13:04:47.844,11-Sep-26 13:04:44.380,11-Sep-26 13:04:47.430,pi_3UETCCR78xpaffA00st1JDv9,,,£ 139.00,,,£ 139.00,,,,£ 139.00,Total Paid,,"£ 3,165.10",£ 15.00,£ 229.54,"£ 3,409.64","£ 127,447.80","£ 29,248.56",-£ 260.00,"£ 159,846.00"
Payments,Balance Transfers - to be paid by:,Payment Date,Payment ID,Guest Name,Group,Company,Property,Room,Order Ref.,Booking Ref,Booked On,Check-In,Check-Out,Channel,OTA Reference,Type,Payment Method,Card Type,Last 4 Digits,Virtual Card,Description,User,Updated,Sent to gateway,Confirmed by gateway,Gateway Reference,Settled Amount,Settled Date,Card,Cash / Bank,Vouchers,Total Paid,OTA,eviivo,Total,11/09/2026 13:05,51173232, Biniam Estifanos,,,Hotel Orlando by PLI,Room 12 2nd Floor,BHX-678-227,941-560-242,,In House,11/09/2026 12:20,11-Sep-2026,13-Sep-2026,,,Payment,Card/VCC via the System,Mastercard,6767,0,Guest Paid Online,eviivo suite,11-Sep-26 13:05:59.128,11-Sep-26 13:05:56.350,11-Sep-26 13:05:58.617,pi_3UETDMR78xpaffA02Cel56on,,,£ 170.00,,,£ 170.00,,,,£ 170.00,Total Paid,,"£ 3,165.10",£ 15.00,£ 229.54,"£ 3,409.64","£ 127,447.80","£ 29,248.56",-£ 260.00,"£ 159,846.00"
Payments,Balance Transfers - to be paid by:,Payment Date,Payment ID,Guest Name,Group,Company,Property,Room,Order Ref.,Booking Ref,Booked On,Check-In,Check-Out,Channel,OTA Reference,Type,Payment Method,Card Type,Last 4 Digits,Virtual Card,Description,User,Updated,Sent to gateway,Confirmed by gateway,Gateway Reference,Settled Amount,Settled Date,Card,Cash / Bank,Vouchers,Total Paid,OTA,eviivo,Total,11/09/2026 13:06,51173264, Biniam Estifanos,,,Hotel Orlando by PLI,Room 12 2nd Floor,SEA-912-058,368-381-932,,Pre-arrival,11/09/2026 11:23,13-Sep-2026,14-Sep-2026,,,Payment,Card/VCC via the System,Mastercard,6767,0,Guest Paid Online,eviivo suite,11-Sep-26 13:06:54.756,11-Sep-26 13:06:52.063,11-Sep-26 13:06:54.197,pi_3UETEGR78xpaffA00JhS7cko,,,£ 70.00,,,£ 70.00,,,,£ 70.00,Total Paid,,"£ 3,165.10",£ 15.00,£ 229.54,"£ 3,409.64","£ 127,447.80","£ 29,248.56",-£ 260.00,"£ 159,846.00"
Payments,Balance Transfers - to be paid by:,Payment Date,Payment ID,Guest Name,Group,Company,Property,Room,Order Ref.,Booking Ref,Booked On,Check-In,Check-Out,Channel,OTA Reference,Type,Payment Method,Card Type,Last 4 Digits,Virtual Card,Description,User,Updated,Sent to gateway,Confirmed by gateway,Gateway Reference,Settled Amount,Settled Date,Card,Cash / Bank,Vouchers,Total Paid,OTA,eviivo,Total,11/09/2026 14:46,51175209,Esa Halojoki,,,Hotel Orlando by PLI,Flat 2 ( Basement Orlando ),IAG-107-948,625-819-442,,Pre-arrival,11/09/2026 14:46,25-Feb-2027,02-Mar-2027,Booking.com,6740412812,Payment,Pre-Paid via OTA,,,,Prepaid via Booking.com,system@eviivo.com,11-Sep-26 14:46:32.099,,11-Sep-26 14:46:31.840,,,,,,,£ 0.00,£ 313.40,,,£ 313.40,Total Paid,,"£ 3,165.10",£ 15.00,£ 229.54,"£ 3,409.64","£ 127,447.80","£ 29,248.56",-£ 260.00,"£ 159,846.00"
Payments,Balance Transfers - to be paid by:,Payment Date,Payment ID,Guest Name,Group,Company,Property,Room,Order Ref.,Booking Ref,Booked On,Check-In,Check-Out,Channel,OTA Reference,Type,Payment Method,Card Type,Last 4 Digits,Virtual Card,Description,User,Updated,Sent to gateway,Confirmed by gateway,Gateway Reference,Settled Amount,Settled Date,Card,Cash / Bank,Vouchers,Total Paid,OTA,eviivo,Total,11/09/2026 15:08,51175667,Fadela Abir,,,Hotel Orlando by PLI,Flat 2 ( Basement Orlando ),XKZ-370-836,900-224-054,,In House,08/09/2026 21:52,11-Sep-2026,12-Sep-2026,Booking.com,5106909119,Payment,Card/VCC via the System,Visa,9905,0,Guest Paid Online,eviivo suite,11-Sep-26 15:08:44.544,11-Sep-26 15:08:41.623,11-Sep-26 15:08:43.933,pi_3UEV89R78xpaffA02gcDrVxb,,,£ 100.00,,,£ 100.00,,,,£ 100.00,Total Paid,,"£ 3,165.10",£ 15.00,£ 229.54,"£ 3,409.64","£ 127,447.80","£ 29,248.56",-£ 260.00,"£ 159,846.00"
Payments,Balance Transfers - to be paid by:,Payment Date,Payment ID,Guest Name,Group,Company,Property,Room,Order Ref.,Booking Ref,Booked On,Check-In,Check-Out,Channel,OTA Reference,Type,Payment Method,Card Type,Last 4 Digits,Virtual Card,Description,User,Updated,Sent to gateway,Confirmed by gateway,Gateway Reference,Settled Amount,Settled Date,Card,Cash / Bank,Vouchers,Total Paid,OTA,eviivo,Total,11/09/2026 16:29,51177462,Mariana Luncasu,,,Hotel Orlando by PLI,Room 7 Mid-First Floor,JST-820-910,521-492-844,,Pre-arrival,07/09/2026 20:18,12-Sep-2026,13-Sep-2026,Booking.com,5635037069,Payment,Card/VCC via the System,Mastercard,7216,0,Guest Paid Online,eviivo suite,11-Sep-26 16:29:13.349,11-Sep-26 16:29:10.880,11-Sep-26 16:29:12.847,pi_3UEWO3R78xpaffA02PCVmluD,,,£ 100.00,,,£ 100.00,,,,£ 100.00,Total Paid,,"£ 3,165.10",£ 15.00,£ 229.54,"£ 3,409.64","£ 127,447.80","£ 29,248.56",-£ 260.00,"£ 159,846.00"
Payments,Balance Transfers - to be paid by:,Payment Date,Payment ID,Guest Name,Group,Company,Property,Room,Order Ref.,Booking Ref,Booked On,Check-In,Check-Out,Channel,OTA Reference,Type,Payment Method,Card Type,Last 4 Digits,Virtual Card,Description,User,Updated,Sent to gateway,Confirmed by gateway,Gateway Reference,Settled Amount,Settled Date,Card,Cash / Bank,Vouchers,Total Paid,OTA,eviivo,Total,11/09/2026 16:33,51177568,Julia Pisarek,,,Hotel Orlando by PLI,Flat 5 ( GF Orlando ) -  Studio,LPC-828-106,899-648-191,,Pre-arrival,11/09/2026 16:33,27-Aug-2027,29-Aug-2027,Booking.com,5123116083,Payment,Pre-Paid via OTA,,,,Prepaid via Booking.com,system@eviivo.com,11-Sep-26 16:33:42.138,,11-Sep-26 16:33:41.816,,,,,,,£ 0.00,£ 241.40,,,£ 241.40,Total Paid,,"£ 3,165.10",£ 15.00,£ 229.54,"£ 3,409.64","£ 127,447.80","£ 29,248.56",-£ 260.00,"£ 159,846.00"
Payments,Balance Transfers - to be paid by:,Payment Date,Payment ID,Guest Name,Group,Company,Property,Room,Order Ref.,Booking Ref,Booked On,Check-In,Check-Out,Channel,OTA Reference,Type,Payment Method,Card Type,Last 4 Digits,Virtual Card,Description,User,Updated,Sent to gateway,Confirmed by gateway,Gateway Reference,Settled Amount,Settled Date,Card,Cash / Bank,Vouchers,Total Paid,OTA,eviivo,Total,11/09/2026 17:41,51179044,danielle bond,,,Hotel Orlando by PLI,S Room 25 Mid 1st F,MCT-737-832,323-514-964,,Pre-arrival,11/09/2026 17:41,11-Dec-2026,12-Dec-2026,Booking.com,6847650188,Payment,Pre-Paid via OTA,,,,Prepaid via Booking.com,system@eviivo.com,11-Sep-26 17:41:06.987,,11-Sep-26 17:41:06.720,,,,,,,£ 0.00,£ 101.90,,,£ 101.90,Total Paid,,"£ 3,165.10",£ 15.00,£ 229.54,"£ 3,409.64","£ 127,447.80","£ 29,248.56",-£ 260.00,"£ 159,846.00"
Payments,Balance Transfers - to be paid by:,Payment Date,Payment ID,Guest Name,Group,Company,Property,Room,Order Ref.,Booking Ref,Booked On,Check-In,Check-Out,Channel,OTA Reference,Type,Payment Method,Card Type,Last 4 Digits,Virtual Card,Description,User,Updated,Sent to gateway,Confirmed by gateway,Gateway Reference,Settled Amount,Settled Date,Card,Cash / Bank,Vouchers,Total Paid,OTA,eviivo,Total,11/09/2026 17:47,51179149,Hope Shooter,,,Hotel Orlando by PLI,Flat 24  ( GF Sino ) - Studio,TJJ-929-129,819-161-041,,Pre-arrival,11/09/2026 17:46,20-Sep-2026,21-Sep-2026,Airbnb,HM2JPK4NN4,Payment,Pre-Paid via OTA,,,,Extras prepaid via Airbnb,system@eviivo.com,11-Sep-26 17:47:00.907,,11-Sep-26 17:47:00.106,,,,,,,£ 0.00,£ 83.00,,,£ 83.00,Total Paid,,"£ 3,165.10",£ 15.00,£ 229.54,"£ 3,409.64","£ 127,447.80","£ 29,248.56",-£ 260.00,"£ 159,846.00"
Payments,Balance Transfers - to be paid by:,Payment Date,Payment ID,Guest Name,Group,Company,Property,Room,Order Ref.,Booking Ref,Booked On,Check-In,Check-Out,Channel,OTA Reference,Type,Payment Method,Card Type,Last 4 Digits,Virtual Card,Description,User,Updated,Sent to gateway,Confirmed by gateway,Gateway Reference,Settled Amount,Settled Date,Card,Cash / Bank,Vouchers,Total Paid,OTA,eviivo,Total,11/09/2026 17:48,51179182,Marina Valencia,,,Hotel Orlando by PLI,S Room 26 1st F - W/Fridge,SLD-694-834,608-844-634,,Pre-arrival,11/09/2026 17:48,27-Aug-2027,29-Aug-2027,Booking.com,6320010968,Payment,Pre-Paid via OTA,,,,Prepaid via Booking.com,system@eviivo.com,11-Sep-26 17:48:40.762,,11-Sep-26 17:48:40.513,,,,,,,£ 0.00,£ 228.80,,,£ 228.80,Total Paid,,"£ 3,165.10",£ 15.00,£ 229.54,"£ 3,409.64","£ 127,447.80","£ 29,248.56",-£ 260.00,"£ 159,846.00"
Payments,Balance Transfers - to be paid by:,Payment Date,Payment ID,Guest Name,Group,Company,Property,Room,Order Ref.,Booking Ref,Booked On,Check-In,Check-Out,Channel,OTA Reference,Type,Payment Method,Card Type,Last 4 Digits,Virtual Card,Description,User,Updated,Sent to gateway,Confirmed by gateway,Gateway Reference,Settled Amount,Settled Date,Card,Cash / Bank,Vouchers,Total Paid,OTA,eviivo,Total,11/09/2026 17:58,51179362,King Jennifer,,,Hotel Orlando by PLI,Room 10 1st Floor,BUV-195-006,639-813-552,,In House,10/09/2026 21:31,11-Sep-2026,12-Sep-2026,Booking.com,5123112138,Payment,Card/VCC via the System,Mastercard,0547,0,Guest Paid Online,eviivo suite,11-Sep-26 17:58:46.552,11-Sep-26 17:58:43.587,11-Sep-26 17:58:45.583,pi_3UEXmhR78xpaffA00ZcaNNh0,,,£ 100.00,,,£ 100.00,,,,£ 100.00,Total Paid,,"£ 3,165.10",£ 15.00,£ 229.54,"£ 3,409.64","£ 127,447.80","£ 29,248.56",-£ 260.00,"£ 159,846.00"
Payments,Balance Transfers - to be paid by:,Payment Date,Payment ID,Guest Name,Group,Company,Property,Room,Order Ref.,Booking Ref,Booked On,Check-In,Check-Out,Channel,OTA Reference,Type,Payment Method,Card Type,Last 4 Digits,Virtual Card,Description,User,Updated,Sent to gateway,Confirmed by gateway,Gateway Reference,Settled Amount,Settled Date,Card,Cash / Bank,Vouchers,Total Paid,OTA,eviivo,Total,11/09/2026 18:18,51179719,Ruquayah Belgacemi,,,Hotel Orlando by PLI,Room 9 1st Floor,NSB-625-979,639-651-542,,Pre-arrival,11/09/2026 18:18,14-Nov-2026,15-Nov-2026,Airbnb,HME5NZK4MJ,Payment,Pre-Paid via OTA,,,,Extras prepaid via Airbnb,system@eviivo.com,11-Sep-26 18:18:26.911,,11-Sep-26 18:18:26.270,,,,,,,£ 0.00,£ 126.00,,,£ 126.00,Total Paid,,"£ 3,165.10",£ 15.00,£ 229.54,"£ 3,409.64","£ 127,447.80","£ 29,248.56",-£ 260.00,"£ 159,846.00"
Payments,Balance Transfers - to be paid by:,Payment Date,Payment ID,Guest Name,Group,Company,Property,Room,Order Ref.,Booking Ref,Booked On,Check-In,Check-Out,Channel,OTA Reference,Type,Payment Method,Card Type,Last 4 Digits,Virtual Card,Description,User,Updated,Sent to gateway,Confirmed by gateway,Gateway Reference,Settled Amount,Settled Date,Card,Cash / Bank,Vouchers,Total Paid,OTA,eviivo,Total,11/09/2026 20:10,51181540,Madighi Blessed,,,Hotel Orlando by PLI,S Room 28 1st F,LRN-968-918,649-560-392,,In House,11/09/2026 20:10,11-Sep-2026,12-Sep-2026,Booking.com,6548936842,Payment,Pre-Paid via OTA,,,,Prepaid via Booking.com,system@eviivo.com,11-Sep-26 20:10:56.510,,11-Sep-26 20:10:56.170,,,,,,,£ 0.00,£ 85.70,,,£ 85.70,Total Paid,,"£ 3,165.10",£ 15.00,£ 229.54,"£ 3,409.64","£ 127,447.80","£ 29,248.56",-£ 260.00,"£ 159,846.00"
Payments,Balance Transfers - to be paid by:,Payment Date,Payment ID,Guest Name,Group,Company,Property,Room,Order Ref.,Booking Ref,Booked On,Check-In,Check-Out,Channel,OTA Reference,Type,Payment Method,Card Type,Last 4 Digits,Virtual Card,Description,User,Updated,Sent to gateway,Confirmed by gateway,Gateway Reference,Settled Amount,Settled Date,Card,Cash / Bank,Vouchers,Total Paid,OTA,eviivo,Total,11/09/2026 20:35,51181891,Danduprolu Ajay Raghava,,,Hotel Orlando by PLI,Room 12 2nd Floor,INL-334-580,461-618-852,,Pre-arrival,11/09/2026 20:35,14-Sep-2026,17-Sep-2026,Booking.com,6548921457,Payment,Pre-Paid via OTA,,,,Prepaid via Booking.com,system@eviivo.com,11-Sep-26 20:35:32.463,,11-Sep-26 20:35:32.233,,,,,,,£ 0.00,£ 192.80,,,£ 192.80,Total Paid,,"£ 3,165.10",£ 15.00,£ 229.54,"£ 3,409.64","£ 127,447.80","£ 29,248.56",-£ 260.00,"£ 159,846.00"
Payments,Balance Transfers - to be paid by:,Payment Date,Payment ID,Guest Name,Group,Company,Property,Room,Order Ref.,Booking Ref,Booked On,Check-In,Check-Out,Channel,OTA Reference,Type,Payment Method,Card Type,Last 4 Digits,Virtual Card,Description,User,Updated,Sent to gateway,Confirmed by gateway,Gateway Reference,Settled Amount,Settled Date,Card,Cash / Bank,Vouchers,Total Paid,OTA,eviivo,Total,11/09/2026 20:48,51182067,Shakila Delsoz,,,Hotel Orlando by PLI,S Room 31 2nd FF,KVM-451-072,449-390-484,,Pre-arrival,11/09/2026 20:48,04-Dec-2026,06-Dec-2026,Booking.com,5315515258,Payment,Pre-Paid via OTA,,,,Prepaid via Booking.com,system@eviivo.com,11-Sep-26 20:48:23.635,,11-Sep-26 20:48:23.363,,,,,,,£ 0.00,£ 263.00,,,£ 263.00,Total Paid,,"£ 3,165.10",£ 15.00,£ 229.54,"£ 3,409.64","£ 127,447.80","£ 29,248.56",-£ 260.00,"£ 159,846.00"
Payments,Balance Transfers - to be paid by:,Payment Date,Payment ID,Guest Name,Group,Company,Property,Room,Order Ref.,Booking Ref,Booked On,Check-In,Check-Out,Channel,OTA Reference,Type,Payment Method,Card Type,Last 4 Digits,Virtual Card,Description,User,Updated,Sent to gateway,Confirmed by gateway,Gateway Reference,Settled Amount,Settled Date,Card,Cash / Bank,Vouchers,Total Paid,OTA,eviivo,Total,11/09/2026 20:57,51182198,Madighi Blessed,,,Hotel Orlando by PLI,S Room 28 1st F,LRN-968-918,649-560-392,,In House,11/09/2026 20:10,11-Sep-2026,12-Sep-2026,Booking.com,6548936842,Payment,Card/VCC via the System,Mastercard,5555,0,Guest Paid Online,eviivo suite,11-Sep-26 20:57:22.602,11-Sep-26 20:57:19.483,11-Sep-26 20:57:22.297,pi_3UEaZXR78xpaffA01iGjlNRy,,,£ 100.00,,,£ 100.00,,,,£ 100.00,Total Paid,,"£ 3,165.10",£ 15.00,£ 229.54,"£ 3,409.64","£ 127,447.80","£ 29,248.56",-£ 260.00,"£ 159,846.00"
Payments,Balance Transfers - to be paid by:,Payment Date,Payment ID,Guest Name,Group,Company,Property,Room,Order Ref.,Booking Ref,Booked On,Check-In,Check-Out,Channel,OTA Reference,Type,Payment Method,Card Type,Last 4 Digits,Virtual Card,Description,User,Updated,Sent to gateway,Confirmed by gateway,Gateway Reference,Settled Amount,Settled Date,Card,Cash / Bank,Vouchers,Total Paid,OTA,eviivo,Total,11/09/2026 23:54,51184075,YESSICA GUTIERREZ ORTEGA,,,Hotel Orlando by PLI,S Room 21 GF - SofaBed,KTH-608-805,501-354-662,,Pre-arrival,11/09/2026 23:54,26-Nov-2026,29-Nov-2026,Booking.com,6719648476,Payment,Pre-Paid via OTA,,,,Prepaid via Booking.com,system@eviivo.com,11-Sep-26 23:54:42.066,,11-Sep-26 23:54:41.723,,,,,,,£ 0.00,£ 305.30,,,£ 305.30,Total Paid,,"£ 3,165.10",£ 15.00,£ 229.54,"£ 3,409.64","£ 127,447.80","£ 29,248.56",-£ 260.00,"£ 159,846.00"
Payments,Balance Transfers - to be paid by:,Payment Date,Payment ID,Guest Name,Group,Company,Property,Room,Order Ref.,Booking Ref,Booked On,Check-In,Check-Out,Channel,OTA Reference,Type,Payment Method,Card Type,Last 4 Digits,Virtual Card,Description,User,Updated,Sent to gateway,Confirmed by gateway,Gateway Reference,Settled Amount,Settled Date,Card,Cash / Bank,Vouchers,Total Paid,OTA,eviivo,Total,11/09/2026 23:55,51184085,YESSICA GUTIERREZ ORTEGA,,,Hotel Orlando by PLI,Room 11 2nd Floor,ROM-773-449,346-569-984,,Pre-arrival,11/09/2026 23:55,26-Nov-2026,29-Nov-2026,Booking.com,5083383216,Payment,Pre-Paid via OTA,,,,Prepaid via Booking.com,system@eviivo.com,11-Sep-26 23:55:16.082,,11-Sep-26 23:55:15.753,,,,,,,£ 0.00,£ 268.40,,,£ 268.40,Total Paid,,"£ 3,165.10",£ 15.00,£ 229.54,"£ 3,409.64","£ 127,447.80","£ 29,248.56",-£ 260.00,"£ 159,846.00"
Payments,Balance Transfers - to be paid by:,Payment Date,Payment ID,Guest Name,Group,Company,Property,Room,Order Ref.,Booking Ref,Booked On,Check-In,Check-Out,Channel,OTA Reference,Type,Payment Method,Card Type,Last 4 Digits,Virtual Card,Description,User,Updated,Sent to gateway,Confirmed by gateway,Gateway Reference,Settled Amount,Settled Date,Card,Cash / Bank,Vouchers,Total Paid,OTA,eviivo,Total,12/09/2026 08:13,51189981,Dara Tawfeeq Kaka Amin,,,Hotel Orlando by PLI,S Room 30 2nd F - W/Fridge,ZLC-300-446,051-993-061,,Pre-arrival,12/09/2026 08:13,07-Nov-2026,13-Nov-2026,Booking.com,5036645866,Payment,Pre-Paid via OTA,,,,Prepaid via Booking.com,system@eviivo.com,12-Sep-26 11:25:07.700,,12-Sep-26 08:13:37.600,,,,,,,£ 0.00,£ 518.00,,,£ 518.00,Total Paid,,"£ 3,165.10",£ 15.00,£ 229.54,"£ 3,409.64","£ 127,447.80","£ 29,248.56",-£ 260.00,"£ 159,846.00"
Payments,Balance Transfers - to be paid by:,Payment Date,Payment ID,Guest Name,Group,Company,Property,Room,Order Ref.,Booking Ref,Booked On,Check-In,Check-Out,Channel,OTA Reference,Type,Payment Method,Card Type,Last 4 Digits,Virtual Card,Description,User,Updated,Sent to gateway,Confirmed by gateway,Gateway Reference,Settled Amount,Settled Date,Card,Cash / Bank,Vouchers,Total Paid,OTA,eviivo,Total,12/09/2026 08:29,51186794,Carl Sales,,,Hotel Orlando by PLI,S Room 23 GF,BYU-219-549,330-166-184,,Pre-arrival,12/09/2026 08:29,20-Sep-2026,21-Sep-2026,Booking.com,5123106523,Payment,Pre-Paid via OTA,,,,Prepaid via Booking.com,system@eviivo.com,12-Sep-26 08:29:55.063,,12-Sep-26 08:29:54.770,,,,,,,£ 0.00,£ 73.10,,,£ 73.10,Total Paid,,"£ 3,165.10",£ 15.00,£ 229.54,"£ 3,409.64","£ 127,447.80","£ 29,248.56",-£ 260.00,"£ 159,846.00"
Payments,Balance Transfers - to be paid by:,Payment Date,Payment ID,Guest Name,Group,Company,Property,Room,Order Ref.,Booking Ref,Booked On,Check-In,Check-Out,Channel,OTA Reference,Type,Payment Method,Card Type,Last 4 Digits,Virtual Card,Description,User,Updated,Sent to gateway,Confirmed by gateway,Gateway Reference,Settled Amount,Settled Date,Card,Cash / Bank,Vouchers,Total Paid,OTA,eviivo,Total,12/09/2026 09:29,51187867,Anna Mazur,,,Hotel Orlando by PLI,Room 3 BF W/Microwave,EEQ-403-161,001-236-911,,In House,12/07/2026 17:56,12-Sep-2026,13-Sep-2026,Booking.com,6390547756,Payment,Card/VCC via the System,Visa,4839,0,Guest Paid Online,eviivo suite,12-Sep-26 09:29:28.960,12-Sep-26 09:29:26.737,12-Sep-26 09:29:28.520,pi_3UEmJOR78xpaffA00Cwnx7ty,,,£ 100.00,,,£ 100.00,,,,£ 100.00,Total Paid,,"£ 3,165.10",£ 15.00,£ 229.54,"£ 3,409.64","£ 127,447.80","£ 29,248.56",-£ 260.00,"£ 159,846.00"
Payments,Balance Transfers - to be paid by:,Payment Date,Payment ID,Guest Name,Group,Company,Property,Room,Order Ref.,Booking Ref,Booked On,Check-In,Check-Out,Channel,OTA Reference,Type,Payment Method,Card Type,Last 4 Digits,Virtual Card,Description,User,Updated,Sent to gateway,Confirmed by gateway,Gateway Reference,Settled Amount,Settled Date,Card,Cash / Bank,Vouchers,Total Paid,OTA,eviivo,Total,12/09/2026 09:35,51187978,Massimiliano De Sanctis,,,Hotel Orlando by PLI,Room 10 1st Floor,AZG-385-010,509-699-642,,In House,06/09/2026 21:39,12-Sep-2026,13-Sep-2026,Booking.com,5565346329,Payment,Card/VCC via the System,Visa,9733,0,Guest Paid Online,eviivo suite,12-Sep-26 09:35:38.678,12-Sep-26 09:35:36.237,12-Sep-26 09:35:38.200,pi_3UEmPMR78xpaffA02g22VTNh,,,£ 100.00,,,£ 100.00,,,,£ 100.00,Total Paid,,"£ 3,165.10",£ 15.00,£ 229.54,"£ 3,409.64","£ 127,447.80","£ 29,248.56",-£ 260.00,"£ 159,846.00"
Payments,Balance Transfers - to be paid by:,Payment Date,Payment ID,Guest Name,Group,Company,Property,Room,Order Ref.,Booking Ref,Booked On,Check-In,Check-Out,Channel,OTA Reference,Type,Payment Method,Card Type,Last 4 Digits,Virtual Card,Description,User,Updated,Sent to gateway,Confirmed by gateway,Gateway Reference,Settled Amount,Settled Date,Card,Cash / Bank,Vouchers,Total Paid,OTA,eviivo,Total,12/09/2026 11:41,51190288,Mohammed al haj ali,,,Hotel Orlando by PLI,S Room 25 Mid 1st F,UEJ-217-525,824-024-832,,Pre-arrival,12/09/2026 11:41,13-Sep-2026,19-Sep-2026,Booking.com,6249236444,Payment,Pre-Paid via OTA,,,,Prepaid via Booking.com,system@eviivo.com,12-Sep-26 11:41:55.896,,12-Sep-26 11:41:55.626,,,,,,,£ 0.00,£ 353.90,,,£ 353.90,Total Paid,,"£ 3,165.10",£ 15.00,£ 229.54,"£ 3,409.64","£ 127,447.80","£ 29,248.56",-£ 260.00,"£ 159,846.00"
Payments,Balance Transfers - to be paid by:,Payment Date,Payment ID,Guest Name,Group,Company,Property,Room,Order Ref.,Booking Ref,Booked On,Check-In,Check-Out,Channel,OTA Reference,Type,Payment Method,Card Type,Last 4 Digits,Virtual Card,Description,User,Updated,Sent to gateway,Confirmed by gateway,Gateway Reference,Settled Amount,Settled Date,Card,Cash / Bank,Vouchers,Total Paid,OTA,eviivo,Total,12/09/2026 11:45,51190528,Joshua Vega Lujan,,,Hotel Orlando by PLI,S Room 22 GF -2Ds W/Microwave &Fridge,LWK-360-615,159-251-854,,Pre-arrival,12/09/2026 11:45,12-Dec-2026,15-Dec-2026,Booking.com,5276212682,Payment,Pre-Paid via OTA,,,,Prepaid via Booking.com,system@eviivo.com,12-Sep-26 11:56:16.902,,12-Sep-26 11:45:33.373,,,,,,,£ 0.00,£ 263.00,,,£ 263.00,Total Paid,,"£ 3,165.10",£ 15.00,£ 229.54,"£ 3,409.64","£ 127,447.80","£ 29,248.56",-£ 260.00,"£ 159,846.00"
Payments,Balance Transfers - to be paid by:,Payment Date,Payment ID,Guest Name,Group,Company,Property,Room,Order Ref.,Booking Ref,Booked On,Check-In,Check-Out,Channel,OTA Reference,Type,Payment Method,Card Type,Last 4 Digits,Virtual Card,Description,User,Updated,Sent to gateway,Confirmed by gateway,Gateway Reference,Settled Amount,Settled Date,Card,Cash / Bank,Vouchers,Total Paid,OTA,eviivo,Total,12/09/2026 13:47,51192192,Fadela Abir,,,Hotel Orlando by PLI,Flat 2 ( Basement Orlando ),XKZ-370-836,900-224-054,,Post Checkout,08/09/2026 21:52,11-Sep-2026,12-Sep-2026,Booking.com,5106909119,Refund,Card/VCC via the System,Visa,9905,0,,mohammed.samy@crownbs.com,12-Sep-26 13:47:16.840,12-Sep-26 13:47:15.307,12-Sep-26 13:47:16.557,re_3UEV89R78xpaffA021XjD1qZ,,,-£ 100.00,,,-£ 100.00,,,,- £ 100.00,Total Paid,,"£ 3,165.10",£ 15.00,£ 229.54,"£ 3,409.64","£ 127,447.80","£ 29,248.56",-£ 260.00,"£ 159,846.00"
Payments,Balance Transfers - to be paid by:,Payment Date,Payment ID,Guest Name,Group,Company,Property,Room,Order Ref.,Booking Ref,Booked On,Check-In,Check-Out,Channel,OTA Reference,Type,Payment Method,Card Type,Last 4 Digits,Virtual Card,Description,User,Updated,Sent to gateway,Confirmed by gateway,Gateway Reference,Settled Amount,Settled Date,Card,Cash / Bank,Vouchers,Total Paid,OTA,eviivo,Total,12/09/2026 13:49,51192216,Madighi Blessed,,,Hotel Orlando by PLI,S Room 28 1st F,LRN-968-918,649-560-392,,Post Checkout,11/09/2026 20:10,11-Sep-2026,12-Sep-2026,Booking.com,6548936842,Refund,Card/VCC via the System,Mastercard,5555,0,,mohammed.samy@crownbs.com,12-Sep-26 13:49:04.682,12-Sep-26 13:49:03.203,12-Sep-26 13:49:04.357,re_3UEaZXR78xpaffA01OeoMg1Z,,,-£ 100.00,,,-£ 100.00,,,,- £ 100.00,Total Paid,,"£ 3,165.10",£ 15.00,£ 229.54,"£ 3,409.64","£ 127,447.80","£ 29,248.56",-£ 260.00,"£ 159,846.00"
Payments,Balance Transfers - to be paid by:,Payment Date,Payment ID,Guest Name,Group,Company,Property,Room,Order Ref.,Booking Ref,Booked On,Check-In,Check-Out,Channel,OTA Reference,Type,Payment Method,Card Type,Last 4 Digits,Virtual Card,Description,User,Updated,Sent to gateway,Confirmed by gateway,Gateway Reference,Settled Amount,Settled Date,Card,Cash / Bank,Vouchers,Total Paid,OTA,eviivo,Total,12/09/2026 15:11,51193603, Nerea,,,Hotel Orlando by PLI,S Room 25 Mid 1st F,VEG-179-995,500-204-841,,Pre-arrival,12/09/2026 15:11,10-Oct-2026,12-Oct-2026,Booking.com,6424550052,Payment,Pre-Paid via OTA,,,,Prepaid via Booking.com,system@eviivo.com,12-Sep-26 15:11:02.551,,12-Sep-26 15:11:02.310,,,,,,,£ 0.00,£ 184.70,,,£ 184.70,Total Paid,,"£ 3,165.10",£ 15.00,£ 229.54,"£ 3,409.64","£ 127,447.80","£ 29,248.56",-£ 260.00,"£ 159,846.00"
Payments,Balance Transfers - to be paid by:,Payment Date,Payment ID,Guest Name,Group,Company,Property,Room,Order Ref.,Booking Ref,Booked On,Check-In,Check-Out,Channel,OTA Reference,Type,Payment Method,Card Type,Last 4 Digits,Virtual Card,Description,User,Updated,Sent to gateway,Confirmed by gateway,Gateway Reference,Settled Amount,Settled Date,Card,Cash / Bank,Vouchers,Total Paid,OTA,eviivo,Total,12/09/2026 15:27,51193842,chloé monteil,,,Hotel Orlando by PLI,Room 12 2nd Floor,SFK-015-299,944-381-624,,Pre-arrival,12/09/2026 15:27,16-Oct-2026,20-Oct-2026,Booking.com,6249200694,Payment,Pre-Paid via OTA,,,,Prepaid via Booking.com,system@eviivo.com,12-Sep-26 15:27:16.918,,12-Sep-26 15:27:16.746,,,,,,,£ 0.00,£ 358.40,,,£ 358.40,Total Paid,,"£ 3,165.10",£ 15.00,£ 229.54,"£ 3,409.64","£ 127,447.80","£ 29,248.56",-£ 260.00,"£ 159,846.00"
Payments,Balance Transfers - to be paid by:,Payment Date,Payment ID,Guest Name,Group,Company,Property,Room,Order Ref.,Booking Ref,Booked On,Check-In,Check-Out,Channel,OTA Reference,Type,Payment Method,Card Type,Last 4 Digits,Virtual Card,Description,User,Updated,Sent to gateway,Confirmed by gateway,Gateway Reference,Settled Amount,Settled Date,Card,Cash / Bank,Vouchers,Total Paid,OTA,eviivo,Total,12/09/2026 15:41,51194113,Sara Carolina Grisales Palacio,,,Hotel Orlando by PLI,Room 13 2nd Floor,LYF-130-024,036-325-912,,Pre-arrival,12/09/2026 15:41,22-Mar-2027,26-Mar-2027,Booking.com,6795775394,Payment,Pre-Paid via OTA,,,,Prepaid via Booking.com,system@eviivo.com,12-Sep-26 15:41:53.670,,12-Sep-26 15:41:53.423,,,,,,,£ 0.00,£ 291.80,,,£ 291.80,Total Paid,,"£ 3,165.10",£ 15.00,£ 229.54,"£ 3,409.64","£ 127,447.80","£ 29,248.56",-£ 260.00,"£ 159,846.00"
Payments,Balance Transfers - to be paid by:,Payment Date,Payment ID,Guest Name,Group,Company,Property,Room,Order Ref.,Booking Ref,Booked On,Check-In,Check-Out,Channel,OTA Reference,Type,Payment Method,Card Type,Last 4 Digits,Virtual Card,Description,User,Updated,Sent to gateway,Confirmed by gateway,Gateway Reference,Settled Amount,Settled Date,Card,Cash / Bank,Vouchers,Total Paid,OTA,eviivo,Total,12/09/2026 15:41,51194115,Melina Skandami,,,Hotel Orlando by PLI,S Room 30 2nd F - W/Fridge,JXA-902-773,992-261-424,,Pre-arrival,12/09/2026 15:41,26-Dec-2026,31-Dec-2026,Booking.com,5897975912,Payment,Pre-Paid via OTA,,,,Prepaid via Booking.com,system@eviivo.com,12-Sep-26 15:41:56.144,,12-Sep-26 15:41:55.973,,,,,,,£ 0.00,£ 534.80,,,£ 534.80,Total Paid,,"£ 3,165.10",£ 15.00,£ 229.54,"£ 3,409.64","£ 127,447.80","£ 29,248.56",-£ 260.00,"£ 159,846.00"
Payments,Balance Transfers - to be paid by:,Payment Date,Payment ID,Guest Name,Group,Company,Property,Room,Order Ref.,Booking Ref,Booked On,Check-In,Check-Out,Channel,OTA Reference,Type,Payment Method,Card Type,Last 4 Digits,Virtual Card,Description,User,Updated,Sent to gateway,Confirmed by gateway,Gateway Reference,Settled Amount,Settled Date,Card,Cash / Bank,Vouchers,Total Paid,OTA,eviivo,Total,12/09/2026 15:47,51194207,Mahesh kumara Ekanayaka,,,Hotel Orlando by PLI,S Room 22 GF -2Ds W/Microwave &Fridge,KSS-747-316,694-864-612,,Pre-arrival,12/09/2026 15:47,01-Dec-2026,07-Dec-2026,Booking.com,5931180159,Payment,Pre-Paid via OTA,,,,Prepaid via Booking.com,system@eviivo.com,12-Sep-26 15:47:17.134,,12-Sep-26 15:47:16.793,,,,,,,£ 0.00,£ 589.70,,,£ 589.70,Total Paid,,"£ 3,165.10",£ 15.00,£ 229.54,"£ 3,409.64","£ 127,447.80","£ 29,248.56",-£ 260.00,"£ 159,846.00"
Payments,Balance Transfers - to be paid by:,Payment Date,Payment ID,Guest Name,Group,Company,Property,Room,Order Ref.,Booking Ref,Booked On,Check-In,Check-Out,Channel,OTA Reference,Type,Payment Method,Card Type,Last 4 Digits,Virtual Card,Description,User,Updated,Sent to gateway,Confirmed by gateway,Gateway Reference,Settled Amount,Settled Date,Card,Cash / Bank,Vouchers,Total Paid,OTA,eviivo,Total,12/09/2026 16:39,51222354,Patricia Briggs,,,Hotel Orlando by PLI,S Room 26 1st F - W/Fridge,OXK-311-340,232-505-621,,Pre-arrival,12/09/2026 16:39,16-Sep-2026,21-Sep-2026,Booking.com,5791999697,Payment,Pre-Paid via OTA,,,,Prepaid via Booking.com,system@eviivo.com,14-Sep-26 09:35:51.067,,12-Sep-26 16:39:57.726,,,,,,,£ 0.00,£ 401.60,,,£ 401.60,Total Paid,,"£ 3,165.10",£ 15.00,£ 229.54,"£ 3,409.64","£ 127,447.80","£ 29,248.56",-£ 260.00,"£ 159,846.00"
Payments,Balance Transfers - to be paid by:,Payment Date,Payment ID,Guest Name,Group,Company,Property,Room,Order Ref.,Booking Ref,Booked On,Check-In,Check-Out,Channel,OTA Reference,Type,Payment Method,Card Type,Last 4 Digits,Virtual Card,Description,User,Updated,Sent to gateway,Confirmed by gateway,Gateway Reference,Settled Amount,Settled Date,Card,Cash / Bank,Vouchers,Total Paid,OTA,eviivo,Total,12/09/2026 17:43,51196285,Riveros Florencia Micol,,,Hotel Orlando by PLI,S Room 21 GF - SofaBed,KKH-342-420,382-293-112,,Pre-arrival,12/09/2026 17:43,15-Oct-2026,19-Oct-2026,Booking.com,5879060081,Payment,Pre-Paid via OTA,,,,Prepaid via Booking.com,system@eviivo.com,12-Sep-26 17:43:33.770,,12-Sep-26 17:43:33.533,,,,,,,£ 0.00,£ 402.50,,,£ 402.50,Total Paid,,"£ 3,165.10",£ 15.00,£ 229.54,"£ 3,409.64","£ 127,447.80","£ 29,248.56",-£ 260.00,"£ 159,846.00"
Payments,Balance Transfers - to be paid by:,Payment Date,Payment ID,Guest Name,Group,Company,Property,Room,Order Ref.,Booking Ref,Booked On,Check-In,Check-Out,Channel,OTA Reference,Type,Payment Method,Card Type,Last 4 Digits,Virtual Card,Description,User,Updated,Sent to gateway,Confirmed by gateway,Gateway Reference,Settled Amount,Settled Date,Card,Cash / Bank,Vouchers,Total Paid,OTA,eviivo,Total,12/09/2026 19:19,51197793,NICHOLAS ROBINSON,,,Hotel Orlando by PLI,S Room 22 GF -2Ds W/Microwave &Fridge,MSX-612-082,489-008-331,,In House,12/09/2026 19:19,12-Sep-2026,13-Sep-2026,Booking.com,6785376755,Payment,Pre-Paid via OTA,,,,Prepaid via Booking.com,system@eviivo.com,12-Sep-26 19:19:29.833,,12-Sep-26 19:19:29.666,,,,,,,£ 0.00,£ 115.40,,,£ 115.40,Total Paid,,"£ 3,165.10",£ 15.00,£ 229.54,"£ 3,409.64","£ 127,447.80","£ 29,248.56",-£ 260.00,"£ 159,846.00"
Payments,Balance Transfers - to be paid by:,Payment Date,Payment ID,Guest Name,Group,Company,Property,Room,Order Ref.,Booking Ref,Booked On,Check-In,Check-Out,Channel,OTA Reference,Type,Payment Method,Card Type,Last 4 Digits,Virtual Card,Description,User,Updated,Sent to gateway,Confirmed by gateway,Gateway Reference,Settled Amount,Settled Date,Card,Cash / Bank,Vouchers,Total Paid,OTA,eviivo,Total,12/09/2026 20:19,51198477,NICHOLAS ROBINSON,,,Hotel Orlando by PLI,S Room 22 GF -2Ds W/Microwave &Fridge,MSX-612-082,489-008-331,,In House,12/09/2026 19:19,12-Sep-2026,13-Sep-2026,Booking.com,6785376755,Payment,Card/VCC via the System,Visa,6155,0,Guest Paid Online,eviivo suite,12-Sep-26 20:19:53.842,12-Sep-26 20:19:51.190,12-Sep-26 20:19:53.447,pi_3UEwSpR78xpaffA00aRZ4Cf2,,,£ 100.00,,,£ 100.00,,,,£ 100.00,Total Paid,,"£ 3,165.10",£ 15.00,£ 229.54,"£ 3,409.64","£ 127,447.80","£ 29,248.56",-£ 260.00,"£ 159,846.00"
Payments,Balance Transfers - to be paid by:,Payment Date,Payment ID,Guest Name,Group,Company,Property,Room,Order Ref.,Booking Ref,Booked On,Check-In,Check-Out,Channel,OTA Reference,Type,Payment Method,Card Type,Last 4 Digits,Virtual Card,Description,User,Updated,Sent to gateway,Confirmed by gateway,Gateway Reference,Settled Amount,Settled Date,Card,Cash / Bank,Vouchers,Total Paid,OTA,eviivo,Total,12/09/2026 20:41,51198752,Irune Mira Sirvent,,,Hotel Orlando by PLI,Room 13 2nd Floor,RXM-450-739,192-319-862,,Pre-arrival,12/09/2026 20:41,05-Oct-2027,10-Oct-2027,Booking.com,6424572107,Payment,Pre-Paid via OTA,,,,Prepaid via Booking.com,system@eviivo.com,12-Sep-26 20:41:29.566,,12-Sep-26 20:41:29.100,,,,,,,£ 0.00,£ 735.00,,,£ 735.00,Total Paid,,"£ 3,165.10",£ 15.00,£ 229.54,"£ 3,409.64","£ 127,447.80","£ 29,248.56",-£ 260.00,"£ 159,846.00"
Payments,Balance Transfers - to be paid by:,Payment Date,Payment ID,Guest Name,Group,Company,Property,Room,Order Ref.,Booking Ref,Booked On,Check-In,Check-Out,Channel,OTA Reference,Type,Payment Method,Card Type,Last 4 Digits,Virtual Card,Description,User,Updated,Sent to gateway,Confirmed by gateway,Gateway Reference,Settled Amount,Settled Date,Card,Cash / Bank,Vouchers,Total Paid,OTA,eviivo,Total,,51198752,Irune Mira Sirvent,,,Hotel Orlando by PLI,Room 8 1st Floor,RXM-450-739,489-336-862,,On Account,12/09/2026 20:41,05-Oct-2027,10-Oct-2027,Booking.com,6424572107,(see above/below),(see above/below),,,,,system@eviivo.com,,,,,,,,,,£ 0.00,,,,,Total Paid,,"£ 3,165.10",£ 15.00,£ 229.54,"£ 3,409.64","£ 127,447.80","£ 29,248.56",-£ 260.00,"£ 159,846.00"
Payments,Balance Transfers - to be paid by:,Payment Date,Payment ID,Guest Name,Group,Company,Property,Room,Order Ref.,Booking Ref,Booked On,Check-In,Check-Out,Channel,OTA Reference,Type,Payment Method,Card Type,Last 4 Digits,Virtual Card,Description,User,Updated,Sent to gateway,Confirmed by gateway,Gateway Reference,Settled Amount,Settled Date,Card,Cash / Bank,Vouchers,Total Paid,OTA,eviivo,Total,,51198752,Irune Mira Sirvent,,,Hotel Orlando by PLI,Room 12 2nd Floor,RXM-450-739,990-028-382,,On Account,12/09/2026 20:41,05-Oct-2027,10-Oct-2027,Booking.com,6424572107,(see above/below),(see above/below),,,,,system@eviivo.com,,,,,,,,,,£ 0.00,,,,,Total Paid,,"£ 3,165.10",£ 15.00,£ 229.54,"£ 3,409.64","£ 127,447.80","£ 29,248.56",-£ 260.00,"£ 159,846.00"
Payments,Balance Transfers - to be paid by:,Payment Date,Payment ID,Guest Name,Group,Company,Property,Room,Order Ref.,Booking Ref,Booked On,Check-In,Check-Out,Channel,OTA Reference,Type,Payment Method,Card Type,Last 4 Digits,Virtual Card,Description,User,Updated,Sent to gateway,Confirmed by gateway,Gateway Reference,Settled Amount,Settled Date,Card,Cash / Bank,Vouchers,Total Paid,OTA,eviivo,Total,12/09/2026 22:18,51199782,YESSICA GUTIERREZ ORTEGA,,,Hotel Orlando by PLI,Room 13 2nd Floor,YEB-851-162,206-994-804,,Pre-arrival,12/09/2026 22:18,26-Nov-2026,29-Nov-2026,Booking.com,5553850439,Payment,Pre-Paid via OTA,,,,Prepaid via Booking.com,system@eviivo.com,12-Sep-26 22:18:41.719,,12-Sep-26 22:18:41.323,,,,,,,£ 0.00,£ 299.90,,,£ 299.90,Total Paid,,"£ 3,165.10",£ 15.00,£ 229.54,"£ 3,409.64","£ 127,447.80","£ 29,248.56",-£ 260.00,"£ 159,846.00"
Payments,Balance Transfers - to be paid by:,Payment Date,Payment ID,Guest Name,Group,Company,Property,Room,Order Ref.,Booking Ref,Booked On,Check-In,Check-Out,Channel,OTA Reference,Type,Payment Method,Card Type,Last 4 Digits,Virtual Card,Description,User,Updated,Sent to gateway,Confirmed by gateway,Gateway Reference,Settled Amount,Settled Date,Card,Cash / Bank,Vouchers,Total Paid,OTA,eviivo,Total,13/09/2026 00:18,51247970,Juan Pedro Montavez Cazorla,,,Hotel Orlando by PLI,Room 16 3rd Floor,NIM-328-477,346-833-412,,Pre-arrival,13/09/2026 00:18,25-Dec-2026,30-Dec-2026,Booking.com,5897989273,Payment,Pre-Paid via OTA,,,,Prepaid via Booking.com,system@eviivo.com,15-Sep-26 14:31:46.262,,13-Sep-26 00:18:39.913,,,,,,,£ 0.00,£ 470.90,,,£ 470.90,Total Paid,,"£ 3,165.10",£ 15.00,£ 229.54,"£ 3,409.64","£ 127,447.80","£ 29,248.56",-£ 260.00,"£ 159,846.00"
Payments,Balance Transfers - to be paid by:,Payment Date,Payment ID,Guest Name,Group,Company,Property,Room,Order Ref.,Booking Ref,Booked On,Check-In,Check-Out,Channel,OTA Reference,Type,Payment Method,Card Type,Last 4 Digits,Virtual Card,Description,User,Updated,Sent to gateway,Confirmed by gateway,Gateway Reference,Settled Amount,Settled Date,Card,Cash / Bank,Vouchers,Total Paid,OTA,eviivo,Total,13/09/2026 03:07,51201318,Yousuf Azeem,,,Hotel Orlando by PLI,S Room 17 BF,TMD-121-970,339-439-321,,Pre-arrival,13/09/2026 03:07,14-Sep-2026,15-Sep-2026,Booking.com,5525616086,Payment,Pre-Paid via OTA,,,,Prepaid via Booking.com,system@eviivo.com,13-Sep-26 03:07:38.753,,13-Sep-26 03:07:38.553,,,,,,,£ 0.00,£ 66.80,,,£ 66.80,Total Paid,,"£ 3,165.10",£ 15.00,£ 229.54,"£ 3,409.64","£ 127,447.80","£ 29,248.56",-£ 260.00,"£ 159,846.00"
Payments,Balance Transfers - to be paid by:,Payment Date,Payment ID,Guest Name,Group,Company,Property,Room,Order Ref.,Booking Ref,Booked On,Check-In,Check-Out,Channel,OTA Reference,Type,Payment Method,Card Type,Last 4 Digits,Virtual Card,Description,User,Updated,Sent to gateway,Confirmed by gateway,Gateway Reference,Settled Amount,Settled Date,Card,Cash / Bank,Vouchers,Total Paid,OTA,eviivo,Total,13/09/2026 06:56,51201887,Ranyee Lee,,,Hotel Orlando by PLI,Flat 20 ( Basement sino ),ODS-863-018,166-684-902,,In House,13/09/2026 06:56,13-Sep-2026,14-Sep-2026,Booking.com,5525641931,Payment,Pre-Paid via OTA,,,,Prepaid via Booking.com,system@eviivo.com,13-Sep-26 06:56:12.144,,13-Sep-26 06:56:11.756,,,,,,,£ 0.00,£ 56.00,,,£ 56.00,Total Paid,,"£ 3,165.10",£ 15.00,£ 229.54,"£ 3,409.64","£ 127,447.80","£ 29,248.56",-£ 260.00,"£ 159,846.00"
Payments,Balance Transfers - to be paid by:,Payment Date,Payment ID,Guest Name,Group,Company,Property,Room,Order Ref.,Booking Ref,Booked On,Check-In,Check-Out,Channel,OTA Reference,Type,Payment Method,Card Type,Last 4 Digits,Virtual Card,Description,User,Updated,Sent to gateway,Confirmed by gateway,Gateway Reference,Settled Amount,Settled Date,Card,Cash / Bank,Vouchers,Total Paid,OTA,eviivo,Total,13/09/2026 07:28,51202161,Louise Hatch,,,Hotel Orlando by PLI,S Room 22 GF -2Ds W/Microwave &Fridge,ZJP-778-205,342-534-032,,Pre-arrival,13/09/2026 07:28,11-Dec-2026,12-Dec-2026,Booking.com,5839349831,Payment,Pre-Paid via OTA,,,,Prepaid via Booking.com,system@eviivo.com,13-Sep-26 07:28:48.311,,13-Sep-26 07:28:47.986,,,,,,,£ 0.00,£ 121.70,,,£ 121.70,Total Paid,,"£ 3,165.10",£ 15.00,£ 229.54,"£ 3,409.64","£ 127,447.80","£ 29,248.56",-£ 260.00,"£ 159,846.00"
Payments,Balance Transfers - to be paid by:,Payment Date,Payment ID,Guest Name,Group,Company,Property,Room,Order Ref.,Booking Ref,Booked On,Check-In,Check-Out,Channel,OTA Reference,Type,Payment Method,Card Type,Last 4 Digits,Virtual Card,Description,User,Updated,Sent to gateway,Confirmed by gateway,Gateway Reference,Settled Amount,Settled Date,Card,Cash / Bank,Vouchers,Total Paid,OTA,eviivo,Total,13/09/2026 09:50,51204831,Gabriela Spasova,,,Hotel Orlando by PLI,Flat 5 ( GF Orlando ) -  Studio,JSL-709-211,924-819-281,,Pre-arrival,13/09/2026 09:50,25-Sep-2026,28-Sep-2026,Booking.com,5275914332,Payment,Pre-Paid via OTA,,,,Prepaid via Booking.com,system@eviivo.com,13-Sep-26 09:50:08.778,,13-Sep-26 09:50:08.266,,,,,,,£ 0.00,£ 337.00,,,£ 337.00,Total Paid,,"£ 3,165.10",£ 15.00,£ 229.54,"£ 3,409.64","£ 127,447.80","£ 29,248.56",-£ 260.00,"£ 159,846.00"
Payments,Balance Transfers - to be paid by:,Payment Date,Payment ID,Guest Name,Group,Company,Property,Room,Order Ref.,Booking Ref,Booked On,Check-In,Check-Out,Channel,OTA Reference,Type,Payment Method,Card Type,Last 4 Digits,Virtual Card,Description,User,Updated,Sent to gateway,Confirmed by gateway,Gateway Reference,Settled Amount,Settled Date,Card,Cash / Bank,Vouchers,Total Paid,OTA,eviivo,Total,13/09/2026 10:20,51205574,Caroline Aba Ofosu-Hene,,,Hotel Orlando by PLI,S Room 35 3rd F,ZHP-500-475,133-506-452,,Pre-arrival,13/09/2026 10:20,14-Sep-2026,17-Sep-2026,Booking.com,6727315887,Payment,Pre-Paid via OTA,,,,Prepaid via Booking.com,system@eviivo.com,13-Sep-26 10:20:58.004,,13-Sep-26 10:20:57.730,,,,,,,£ 0.00,£ 144.20,,,£ 144.20,Total Paid,,"£ 3,165.10",£ 15.00,£ 229.54,"£ 3,409.64","£ 127,447.80","£ 29,248.56",-£ 260.00,"£ 159,846.00"
Payments,Balance Transfers - to be paid by:,Payment Date,Payment ID,Guest Name,Group,Company,Property,Room,Order Ref.,Booking Ref,Booked On,Check-In,Check-Out,Channel,OTA Reference,Type,Payment Method,Card Type,Last 4 Digits,Virtual Card,Description,User,Updated,Sent to gateway,Confirmed by gateway,Gateway Reference,Settled Amount,Settled Date,Card,Cash / Bank,Vouchers,Total Paid,OTA,eviivo,Total,13/09/2026 10:28,51205736,James O'Malley,,,Hotel Orlando by PLI,S Room 22 GF -2Ds W/Microwave &Fridge,GMF-118-194,261-138-931,,In House,13/09/2026 10:28,13-Sep-2026,19-Sep-2026,Booking.com,5505332840,Payment,Pre-Paid via OTA,,,,Prepaid via Booking.com,system@eviivo.com,13-Sep-26 10:28:40.507,,13-Sep-26 10:28:40.196,,,,,,,£ 0.00,£ 373.70,,,£ 373.70,Total Paid,,"£ 3,165.10",£ 15.00,£ 229.54,"£ 3,409.64","£ 127,447.80","£ 29,248.56",-£ 260.00,"£ 159,846.00"
Payments,Balance Transfers - to be paid by:,Payment Date,Payment ID,Guest Name,Group,Company,Property,Room,Order Ref.,Booking Ref,Booked On,Check-In,Check-Out,Channel,OTA Reference,Type,Payment Method,Card Type,Last 4 Digits,Virtual Card,Description,User,Updated,Sent to gateway,Confirmed by gateway,Gateway Reference,Settled Amount,Settled Date,Card,Cash / Bank,Vouchers,Total Paid,OTA,eviivo,Total,13/09/2026 10:34,51205833,Dary Alexis Gil Cepeda,,,Hotel Orlando by PLI,S Room 31 2nd FF,WRX-993-203,040-941-154,,Pre-arrival,13/09/2026 10:33,14-Nov-2026,16-Nov-2026,Booking.com,6727335486,Payment,Pre-Paid via OTA,,,,Prepaid via Booking.com,system@eviivo.com,13-Sep-26 10:34:00.548,,13-Sep-26 10:34:00.300,,,,,,,£ 0.00,£ 181.10,,,£ 181.10,Total Paid,,"£ 3,165.10",£ 15.00,£ 229.54,"£ 3,409.64","£ 127,447.80","£ 29,248.56",-£ 260.00,"£ 159,846.00"
Payments,Balance Transfers - to be paid by:,Payment Date,Payment ID,Guest Name,Group,Company,Property,Room,Order Ref.,Booking Ref,Booked On,Check-In,Check-Out,Channel,OTA Reference,Type,Payment Method,Card Type,Last 4 Digits,Virtual Card,Description,User,Updated,Sent to gateway,Confirmed by gateway,Gateway Reference,Settled Amount,Settled Date,Card,Cash / Bank,Vouchers,Total Paid,OTA,eviivo,Total,13/09/2026 10:35,51205871,Raasia Janbaz,,,Hotel Orlando by PLI,S Room 31 2nd FF,HRE-230-707,168-852-014,,On Account,13/09/2026 10:35,29-Dec-2026,04-Jan-2027,Expedia & Affiliate Network,2557662788,Payment,Pre-Paid via OTA,,,,Extras prepaid via Expedia Affiliate Network,system@eviivo.com,13-Sep-26 10:35:25.195,,13-Sep-26 10:35:24.393,,,,,,,£ 0.00,,£ 684.15,,£ 684.15,Total Paid,,"£ 3,165.10",£ 15.00,£ 229.54,"£ 3,409.64","£ 127,447.80","£ 29,248.56",-£ 260.00,"£ 159,846.00"
Payments,Balance Transfers - to be paid by:,Payment Date,Payment ID,Guest Name,Group,Company,Property,Room,Order Ref.,Booking Ref,Booked On,Check-In,Check-Out,Channel,OTA Reference,Type,Payment Method,Card Type,Last 4 Digits,Virtual Card,Description,User,Updated,Sent to gateway,Confirmed by gateway,Gateway Reference,Settled Amount,Settled Date,Card,Cash / Bank,Vouchers,Total Paid,OTA,eviivo,Total,13/09/2026 11:49,51207225,James O'Malley,,,Hotel Orlando by PLI,S Room 22 GF -2Ds W/Microwave &Fridge,GMF-118-194,261-138-931,,In House,13/09/2026 10:28,13-Sep-2026,19-Sep-2026,Booking.com,5505332840,Payment,Card/VCC via the System,Visa,0972,0,Guest Paid Online,eviivo suite,13-Sep-26 11:49:59.250,13-Sep-26 11:49:56.867,13-Sep-26 11:49:58.790,pi_3UFAyvR78xpaffA00KdNyyw9,,,£ 15.00,,,£ 15.00,,,,£ 15.00,Total Paid,,"£ 3,165.10",£ 15.00,£ 229.54,"£ 3,409.64","£ 127,447.80","£ 29,248.56",-£ 260.00,"£ 159,846.00"
Payments,Balance Transfers - to be paid by:,Payment Date,Payment ID,Guest Name,Group,Company,Property,Room,Order Ref.,Booking Ref,Booked On,Check-In,Check-Out,Channel,OTA Reference,Type,Payment Method,Card Type,Last 4 Digits,Virtual Card,Description,User,Updated,Sent to gateway,Confirmed by gateway,Gateway Reference,Settled Amount,Settled Date,Card,Cash / Bank,Vouchers,Total Paid,OTA,eviivo,Total,13/09/2026 13:59,51209293,King Jennifer,,,Hotel Orlando by PLI,Room 10 1st Floor,BUV-195-006,639-813-552,,Post Checkout,10/09/2026 21:31,11-Sep-2026,12-Sep-2026,Booking.com,5123112138,Refund,Card/VCC via the System,Mastercard,0547,0,,mohammed.samy@crownbs.com,13-Sep-26 13:59:56.309,13-Sep-26 13:59:55.040,13-Sep-26 13:59:56.153,re_3UEXmhR78xpaffA008X8KI4E,,,-£ 100.00,,,-£ 100.00,,,,- £ 100.00,Total Paid,,"£ 3,165.10",£ 15.00,£ 229.54,"£ 3,409.64","£ 127,447.80","£ 29,248.56",-£ 260.00,"£ 159,846.00"
Payments,Balance Transfers - to be paid by:,Payment Date,Payment ID,Guest Name,Group,Company,Property,Room,Order Ref.,Booking Ref,Booked On,Check-In,Check-Out,Channel,OTA Reference,Type,Payment Method,Card Type,Last 4 Digits,Virtual Card,Description,User,Updated,Sent to gateway,Confirmed by gateway,Gateway Reference,Settled Amount,Settled Date,Card,Cash / Bank,Vouchers,Total Paid,OTA,eviivo,Total,13/09/2026 14:00,51209297,Edward Shrimpton,,,Hotel Orlando by PLI,S Room 23 GF,TNI-157-369,838-011-554,,Post Checkout,10/09/2026 10:39,10-Sep-2026,11-Sep-2026,Booking.com,5248536042,Refund,Card/VCC via the System,Mastercard,6058,0,,mohammed.samy@crownbs.com,13-Sep-26 14:00:09.455,13-Sep-26 14:00:07.987,13-Sep-26 14:00:09.130,re_3UEAg5R78xpaffA01Z8W6U0h,,,-£ 100.00,,,-£ 100.00,,,,- £ 100.00,Total Paid,,"£ 3,165.10",£ 15.00,£ 229.54,"£ 3,409.64","£ 127,447.80","£ 29,248.56",-£ 260.00,"£ 159,846.00"
Payments,Balance Transfers - to be paid by:,Payment Date,Payment ID,Guest Name,Group,Company,Property,Room,Order Ref.,Booking Ref,Booked On,Check-In,Check-Out,Channel,OTA Reference,Type,Payment Method,Card Type,Last 4 Digits,Virtual Card,Description,User,Updated,Sent to gateway,Confirmed by gateway,Gateway Reference,Settled Amount,Settled Date,Card,Cash / Bank,Vouchers,Total Paid,OTA,eviivo,Total,13/09/2026 14:07,51209413,Rajiv Paswan,,,Hotel Orlando by PLI,Room 3 BF W/Microwave,UZC-630-868,633-913-291,,Post Checkout,09/09/2026 22:26,10-Sep-2026,11-Sep-2026,Booking.com,6409489340,Refund,Card/VCC via the System,Visa,6822,0,,mohammed.samy@crownbs.com,13-Sep-26 14:07:42.737,13-Sep-26 14:07:41.517,13-Sep-26 14:07:42.533,re_3UEDyxR78xpaffA00jPuxV9E,,,-£ 100.00,,,-£ 100.00,,,,- £ 100.00,Total Paid,,"£ 3,165.10",£ 15.00,£ 229.54,"£ 3,409.64","£ 127,447.80","£ 29,248.56",-£ 260.00,"£ 159,846.00"
Payments,Balance Transfers - to be paid by:,Payment Date,Payment ID,Guest Name,Group,Company,Property,Room,Order Ref.,Booking Ref,Booked On,Check-In,Check-Out,Channel,OTA Reference,Type,Payment Method,Card Type,Last 4 Digits,Virtual Card,Description,User,Updated,Sent to gateway,Confirmed by gateway,Gateway Reference,Settled Amount,Settled Date,Card,Cash / Bank,Vouchers,Total Paid,OTA,eviivo,Total,13/09/2026 14:07,51209418,Tasmin Wellington,,,Hotel Orlando by PLI,Room 12 2nd Floor,RCL-545-704,853-416-624,,Post Checkout,10/09/2026 23:22,10-Sep-2026,11-Sep-2026,Booking.com,6320018930,Refund,Card/VCC via the System,Visa,8971,0,,mohammed.samy@crownbs.com,13-Sep-26 14:07:59.875,13-Sep-26 14:07:58.700,13-Sep-26 14:07:59.700,re_3UEGusR78xpaffA01TfrsFgx,,,-£ 100.00,,,-£ 100.00,,,,- £ 100.00,Total Paid,,"£ 3,165.10",£ 15.00,£ 229.54,"£ 3,409.64","£ 127,447.80","£ 29,248.56",-£ 260.00,"£ 159,846.00"
Payments,Balance Transfers - to be paid by:,Payment Date,Payment ID,Guest Name,Group,Company,Property,Room,Order Ref.,Booking Ref,Booked On,Check-In,Check-Out,Channel,OTA Reference,Type,Payment Method,Card Type,Last 4 Digits,Virtual Card,Description,User,Updated,Sent to gateway,Confirmed by gateway,Gateway Reference,Settled Amount,Settled Date,Card,Cash / Bank,Vouchers,Total Paid,OTA,eviivo,Total,13/09/2026 14:24,51209692,Casey Miles,,,Hotel Orlando by PLI,Flat 20 ( Basement sino ),IJJ-064-826,035-650-124,,Pre-arrival,13/09/2026 14:24,29-Aug-2027,30-Aug-2027,Booking.com,5525650646,Payment,Pre-Paid via OTA,,,,Prepaid via Booking.com,system@eviivo.com,13-Sep-26 14:24:35.965,,13-Sep-26 14:24:35.783,,,,,,,£ 0.00,£ 100.10,,,£ 100.10,Total Paid,,"£ 3,165.10",£ 15.00,£ 229.54,"£ 3,409.64","£ 127,447.80","£ 29,248.56",-£ 260.00,"£ 159,846.00"
Payments,Balance Transfers - to be paid by:,Payment Date,Payment ID,Guest Name,Group,Company,Property,Room,Order Ref.,Booking Ref,Booked On,Check-In,Check-Out,Channel,OTA Reference,Type,Payment Method,Card Type,Last 4 Digits,Virtual Card,Description,User,Updated,Sent to gateway,Confirmed by gateway,Gateway Reference,Settled Amount,Settled Date,Card,Cash / Bank,Vouchers,Total Paid,OTA,eviivo,Total,13/09/2026 15:35,51210862,Phillip Dixon,,,Hotel Orlando by PLI,S Room 29 Mid 2nd F,CHU-017-944,095-193-381,,Pre-arrival,13/09/2026 15:35,14-Sep-2026,16-Sep-2026,Booking.com,5879045736,Payment,Pre-Paid via OTA,,,,Prepaid via Booking.com,system@eviivo.com,13-Sep-26 15:35:44.669,,13-Sep-26 15:35:44.456,,,,,,,£ 0.00,£ 105.50,,,£ 105.50,Total Paid,,"£ 3,165.10",£ 15.00,£ 229.54,"£ 3,409.64","£ 127,447.80","£ 29,248.56",-£ 260.00,"£ 159,846.00"
Payments,Balance Transfers - to be paid by:,Payment Date,Payment ID,Guest Name,Group,Company,Property,Room,Order Ref.,Booking Ref,Booked On,Check-In,Check-Out,Channel,OTA Reference,Type,Payment Method,Card Type,Last 4 Digits,Virtual Card,Description,User,Updated,Sent to gateway,Confirmed by gateway,Gateway Reference,Settled Amount,Settled Date,Card,Cash / Bank,Vouchers,Total Paid,OTA,eviivo,Total,13/09/2026 16:23,51211694,Fadela Abir,,,Hotel Orlando by PLI,Room 3 BF W/Microwave,SEB-451-884,324-685-261,,In House,13/09/2026 16:23,13-Sep-2026,14-Sep-2026,Booking.com,6581771467,Payment,Pre-Paid via OTA,,,,Prepaid via Booking.com,system@eviivo.com,13-Sep-26 16:23:25.747,,13-Sep-26 16:23:25.390,,,,,,,£ 0.00,£ 63.20,,,£ 63.20,Total Paid,,"£ 3,165.10",£ 15.00,£ 229.54,"£ 3,409.64","£ 127,447.80","£ 29,248.56",-£ 260.00,"£ 159,846.00"
Payments,Balance Transfers - to be paid by:,Payment Date,Payment ID,Guest Name,Group,Company,Property,Room,Order Ref.,Booking Ref,Booked On,Check-In,Check-Out,Channel,OTA Reference,Type,Payment Method,Card Type,Last 4 Digits,Virtual Card,Description,User,Updated,Sent to gateway,Confirmed by gateway,Gateway Reference,Settled Amount,Settled Date,Card,Cash / Bank,Vouchers,Total Paid,OTA,eviivo,Total,13/09/2026 16:23,51211702,Claudio Di Resta,,,Hotel Orlando by PLI,Flat 20 ( Basement sino ),FAS-163-196,123-846-452,,Pre-arrival,13/09/2026 16:23,16-Aug-2027,20-Aug-2027,Booking.com,6795792579,Payment,Pre-Paid via OTA,,,,Prepaid via Booking.com,system@eviivo.com,13-Sep-26 16:23:58.326,,13-Sep-26 16:23:58.133,,,,,,,£ 0.00,£ 313.40,,,£ 313.40,Total Paid,,"£ 3,165.10",£ 15.00,£ 229.54,"£ 3,409.64","£ 127,447.80","£ 29,248.56",-£ 260.00,"£ 159,846.00"
Payments,Balance Transfers - to be paid by:,Payment Date,Payment ID,Guest Name,Group,Company,Property,Room,Order Ref.,Booking Ref,Booked On,Check-In,Check-Out,Channel,OTA Reference,Type,Payment Method,Card Type,Last 4 Digits,Virtual Card,Description,User,Updated,Sent to gateway,Confirmed by gateway,Gateway Reference,Settled Amount,Settled Date,Card,Cash / Bank,Vouchers,Total Paid,OTA,eviivo,Total,13/09/2026 16:24,51211716,Hugo Noel,,,Hotel Orlando by PLI,S Room 26 1st F - W/Fridge,ZBT-227-962,208-212-082,,Pre-arrival,13/09/2026 16:24,27-Dec-2026,01-Jan-2027,Booking.com,5791977757,Payment,Pre-Paid via OTA,,,,Prepaid via Booking.com,system@eviivo.com,13-Sep-26 16:24:53.006,,13-Sep-26 16:24:52.763,,,,,,,£ 0.00,£ 579.80,,,£ 579.80,Total Paid,,"£ 3,165.10",£ 15.00,£ 229.54,"£ 3,409.64","£ 127,447.80","£ 29,248.56",-£ 260.00,"£ 159,846.00"
Payments,Balance Transfers - to be paid by:,Payment Date,Payment ID,Guest Name,Group,Company,Property,Room,Order Ref.,Booking Ref,Booked On,Check-In,Check-Out,Channel,OTA Reference,Type,Payment Method,Card Type,Last 4 Digits,Virtual Card,Description,User,Updated,Sent to gateway,Confirmed by gateway,Gateway Reference,Settled Amount,Settled Date,Card,Cash / Bank,Vouchers,Total Paid,OTA,eviivo,Total,13/09/2026 16:43,51212130,jenifer gil jimenez,,,Hotel Orlando by PLI,Room 4 GF,QHF-576-440,356-834-392,,Pre-arrival,13/09/2026 16:43,27-Nov-2026,30-Nov-2026,Booking.com,5978888487,Payment,Pre-Paid via OTA,,,,Prepaid via Booking.com,system@eviivo.com,13-Sep-26 16:43:47.217,,13-Sep-26 16:43:47.006,,,,,,,£ 0.00,£ 314.30,,,£ 314.30,Total Paid,,"£ 3,165.10",£ 15.00,£ 229.54,"£ 3,409.64","£ 127,447.80","£ 29,248.56",-£ 260.00,"£ 159,846.00"
Payments,Balance Transfers - to be paid by:,Payment Date,Payment ID,Guest Name,Group,Company,Property,Room,Order Ref.,Booking Ref,Booked On,Check-In,Check-Out,Channel,OTA Reference,Type,Payment Method,Card Type,Last 4 Digits,Virtual Card,Description,User,Updated,Sent to gateway,Confirmed by gateway,Gateway Reference,Settled Amount,Settled Date,Card,Cash / Bank,Vouchers,Total Paid,OTA,eviivo,Total,13/09/2026 16:46,51212183,unurbold boldbaatar,,,Hotel Orlando by PLI,Room 13 2nd Floor,MGD-413-646,102-005-234,,In House,13/09/2026 16:46,13-Sep-2026,14-Sep-2026,Booking.com,6057371598,Payment,Pre-Paid via OTA,,,,Prepaid via Booking.com,system@eviivo.com,13-Sep-26 16:46:13.449,,13-Sep-26 16:46:13.273,,,,,,,£ 0.00,£ 57.80,,,£ 57.80,Total Paid,,"£ 3,165.10",£ 15.00,£ 229.54,"£ 3,409.64","£ 127,447.80","£ 29,248.56",-£ 260.00,"£ 159,846.00"
Payments,Balance Transfers - to be paid by:,Payment Date,Payment ID,Guest Name,Group,Company,Property,Room,Order Ref.,Booking Ref,Booked On,Check-In,Check-Out,Channel,OTA Reference,Type,Payment Method,Card Type,Last 4 Digits,Virtual Card,Description,User,Updated,Sent to gateway,Confirmed by gateway,Gateway Reference,Settled Amount,Settled Date,Card,Cash / Bank,Vouchers,Total Paid,OTA,eviivo,Total,13/09/2026 16:46,51212190,Julianna Chodor,,,Hotel Orlando by PLI,Room 6 GF,BEX-377-824,802-042-831,,Pre-arrival,13/09/2026 16:46,08-Oct-2026,11-Oct-2026,Booking.com,6727326859,Payment,Pre-Paid via OTA,,,,Prepaid via Booking.com,system@eviivo.com,13-Sep-26 16:46:52.536,,13-Sep-26 16:46:52.313,,,,,,,£ 0.00,£ 281.90,,,£ 281.90,Total Paid,,"£ 3,165.10",£ 15.00,£ 229.54,"£ 3,409.64","£ 127,447.80","£ 29,248.56",-£ 260.00,"£ 159,846.00"
Payments,Balance Transfers - to be paid by:,Payment Date,Payment ID,Guest Name,Group,Company,Property,Room,Order Ref.,Booking Ref,Booked On,Check-In,Check-Out,Channel,OTA Reference,Type,Payment Method,Card Type,Last 4 Digits,Virtual Card,Description,User,Updated,Sent to gateway,Confirmed by gateway,Gateway Reference,Settled Amount,Settled Date,Card,Cash / Bank,Vouchers,Total Paid,OTA,eviivo,Total,13/09/2026 17:23,51212868,Fadela Abir,,,Hotel Orlando by PLI,Room 3 BF W/Microwave,SEB-451-884,324-685-261,,In House,13/09/2026 16:23,13-Sep-2026,14-Sep-2026,Booking.com,6581771467,Payment,Card/VCC via the System,Visa,9905,0,Guest Paid Online,eviivo suite,13-Sep-26 17:23:07.741,13-Sep-26 17:23:05.457,13-Sep-26 17:23:07.523,pi_3UFGBJR78xpaffA00gpTrZcr,,,£ 100.00,,,£ 100.00,,,,£ 100.00,Total Paid,,"£ 3,165.10",£ 15.00,£ 229.54,"£ 3,409.64","£ 127,447.80","£ 29,248.56",-£ 260.00,"£ 159,846.00"
Payments,Balance Transfers - to be paid by:,Payment Date,Payment ID,Guest Name,Group,Company,Property,Room,Order Ref.,Booking Ref,Booked On,Check-In,Check-Out,Channel,OTA Reference,Type,Payment Method,Card Type,Last 4 Digits,Virtual Card,Description,User,Updated,Sent to gateway,Confirmed by gateway,Gateway Reference,Settled Amount,Settled Date,Card,Cash / Bank,Vouchers,Total Paid,OTA,eviivo,Total,13/09/2026 17:41,51213177,Mezhnun Demir,,,Hotel Orlando by PLI,Room 1 BF,SGQ-196-213,934-340-444,,In House,13/09/2026 17:41,13-Sep-2026,14-Sep-2026,Booking.com,6785374896,Payment,Pre-Paid via OTA,,,,Prepaid via Booking.com,system@eviivo.com,13-Sep-26 17:41:51.765,,13-Sep-26 17:41:51.513,,,,,,,£ 0.00,£ 54.20,,,£ 54.20,Total Paid,,"£ 3,165.10",£ 15.00,£ 229.54,"£ 3,409.64","£ 127,447.80","£ 29,248.56",-£ 260.00,"£ 159,846.00"
Payments,Balance Transfers - to be paid by:,Payment Date,Payment ID,Guest Name,Group,Company,Property,Room,Order Ref.,Booking Ref,Booked On,Check-In,Check-Out,Channel,OTA Reference,Type,Payment Method,Card Type,Last 4 Digits,Virtual Card,Description,User,Updated,Sent to gateway,Confirmed by gateway,Gateway Reference,Settled Amount,Settled Date,Card,Cash / Bank,Vouchers,Total Paid,OTA,eviivo,Total,13/09/2026 17:43,51213203,unurbold boldbaatar,,,Hotel Orlando by PLI,Room 13 2nd Floor,MGD-413-646,102-005-234,,In House,13/09/2026 16:46,13-Sep-2026,14-Sep-2026,Booking.com,6057371598,Payment,Card/VCC via the System,Mastercard,7768,0,Guest Paid Online,eviivo suite,13-Sep-26 17:43:21.123,13-Sep-26 17:43:20.297,13-Sep-26 17:43:20.497,pi_3UFGNKR78xpaffA00pwdXY5T,,,£ 100.00,,,£ 100.00,,,,£ 100.00,Total Paid,,"£ 3,165.10",£ 15.00,£ 229.54,"£ 3,409.64","£ 127,447.80","£ 29,248.56",-£ 260.00,"£ 159,846.00"
Payments,Balance Transfers - to be paid by:,Payment Date,Payment ID,Guest Name,Group,Company,Property,Room,Order Ref.,Booking Ref,Booked On,Check-In,Check-Out,Channel,OTA Reference,Type,Payment Method,Card Type,Last 4 Digits,Virtual Card,Description,User,Updated,Sent to gateway,Confirmed by gateway,Gateway Reference,Settled Amount,Settled Date,Card,Cash / Bank,Vouchers,Total Paid,OTA,eviivo,Total,13/09/2026 17:49,51213307,Cindy Velez,,,Hotel Orlando by PLI,Flat 24  ( GF Sino ) - Studio,XXR-330-833,033-995-462,,In House,13/09/2026 17:49,13-Sep-2026,14-Sep-2026,Airbnb,HM55W99QF5,Payment,Pre-Paid via OTA,,,,Extras prepaid via Airbnb,system@eviivo.com,13-Sep-26 17:49:10.861,,13-Sep-26 17:49:10.266,,,,,,,£ 0.00,£ 64.00,,,£ 64.00,Total Paid,,"£ 3,165.10",£ 15.00,£ 229.54,"£ 3,409.64","£ 127,447.80","£ 29,248.56",-£ 260.00,"£ 159,846.00"
Payments,Balance Transfers - to be paid by:,Payment Date,Payment ID,Guest Name,Group,Company,Property,Room,Order Ref.,Booking Ref,Booked On,Check-In,Check-Out,Channel,OTA Reference,Type,Payment Method,Card Type,Last 4 Digits,Virtual Card,Description,User,Updated,Sent to gateway,Confirmed by gateway,Gateway Reference,Settled Amount,Settled Date,Card,Cash / Bank,Vouchers,Total Paid,OTA,eviivo,Total,13/09/2026 17:54,51213389,Mezhnun Demir,,,Hotel Orlando by PLI,Room 1 BF,SGQ-196-213,934-340-444,,In House,13/09/2026 17:41,13-Sep-2026,14-Sep-2026,Booking.com,6785374896,Payment,Card/VCC via the System,Visa,6295,0,Guest Paid Online,eviivo suite,13-Sep-26 17:54:29.922,13-Sep-26 17:54:27.587,13-Sep-26 17:54:29.547,pi_3UFGffR78xpaffA01WYrC6Kv,,,£ 100.00,,,£ 100.00,,,,£ 100.00,Total Paid,,"£ 3,165.10",£ 15.00,£ 229.54,"£ 3,409.64","£ 127,447.80","£ 29,248.56",-£ 260.00,"£ 159,846.00"
Payments,Balance Transfers - to be paid by:,Payment Date,Payment ID,Guest Name,Group,Company,Property,Room,Order Ref.,Booking Ref,Booked On,Check-In,Check-Out,Channel,OTA Reference,Type,Payment Method,Card Type,Last 4 Digits,Virtual Card,Description,User,Updated,Sent to gateway,Confirmed by gateway,Gateway Reference,Settled Amount,Settled Date,Card,Cash / Bank,Vouchers,Total Paid,OTA,eviivo,Total,13/09/2026 18:26,51213926,Llorente Bujanda Carlota,,,Hotel Orlando by PLI,S Room 17 BF,JQC-583-060,411-663-691,,Pre-arrival,13/09/2026 18:26,17-Feb-2027,21-Feb-2027,Booking.com,5839314878,Payment,Pre-Paid via OTA,,,,Prepaid via Booking.com,system@eviivo.com,13-Sep-26 18:26:41.108,,13-Sep-26 18:26:40.886,,,,,,,£ 0.00,£ 192.80,,,£ 192.80,Total Paid,,"£ 3,165.10",£ 15.00,£ 229.54,"£ 3,409.64","£ 127,447.80","£ 29,248.56",-£ 260.00,"£ 159,846.00"
Payments,Balance Transfers - to be paid by:,Payment Date,Payment ID,Guest Name,Group,Company,Property,Room,Order Ref.,Booking Ref,Booked On,Check-In,Check-Out,Channel,OTA Reference,Type,Payment Method,Card Type,Last 4 Digits,Virtual Card,Description,User,Updated,Sent to gateway,Confirmed by gateway,Gateway Reference,Settled Amount,Settled Date,Card,Cash / Bank,Vouchers,Total Paid,OTA,eviivo,Total,13/09/2026 18:32,51214031,Zahra Davies,,,Hotel Orlando by PLI,Room 15 3rd Floor,UZT-040-569,265-691-864,,On Account,13/09/2026 18:32,30-Sep-2026,01-Oct-2026,Expedia & Affiliate Network,2557879613,Payment,Pre-Paid via OTA,,,,Extras prepaid via Expedia,system@eviivo.com,13-Sep-26 18:32:50.360,,13-Sep-26 18:32:49.760,,,,,,,£ 0.00,,£ 77.59,,£ 77.59,Total Paid,,"£ 3,165.10",£ 15.00,£ 229.54,"£ 3,409.64","£ 127,447.80","£ 29,248.56",-£ 260.00,"£ 159,846.00"
Payments,Balance Transfers - to be paid by:,Payment Date,Payment ID,Guest Name,Group,Company,Property,Room,Order Ref.,Booking Ref,Booked On,Check-In,Check-Out,Channel,OTA Reference,Type,Payment Method,Card Type,Last 4 Digits,Virtual Card,Description,User,Updated,Sent to gateway,Confirmed by gateway,Gateway Reference,Settled Amount,Settled Date,Card,Cash / Bank,Vouchers,Total Paid,OTA,eviivo,Total,13/09/2026 19:25,51214859,Joseph Fleming,,,Hotel Orlando by PLI,Flat 2 ( Basement Orlando ),VKM-165-337,639-354-982,,In House,13/09/2026 19:25,13-Sep-2026,14-Sep-2026,Booking.com,6344525892,Payment,Pre-Paid via OTA,,,,Prepaid via Booking.com,system@eviivo.com,13-Sep-26 19:25:17.200,,13-Sep-26 19:25:16.973,,,,,,,£ 0.00,£ 64.10,,,£ 64.10,Total Paid,,"£ 3,165.10",£ 15.00,£ 229.54,"£ 3,409.64","£ 127,447.80","£ 29,248.56",-£ 260.00,"£ 159,846.00"
Payments,Balance Transfers - to be paid by:,Payment Date,Payment ID,Guest Name,Group,Company,Property,Room,Order Ref.,Booking Ref,Booked On,Check-In,Check-Out,Channel,OTA Reference,Type,Payment Method,Card Type,Last 4 Digits,Virtual Card,Description,User,Updated,Sent to gateway,Confirmed by gateway,Gateway Reference,Settled Amount,Settled Date,Card,Cash / Bank,Vouchers,Total Paid,OTA,eviivo,Total,13/09/2026 20:07,51215517,Joseph Fleming,,,Hotel Orlando by PLI,Flat 2 ( Basement Orlando ),VKM-165-337,639-354-982,,In House,13/09/2026 19:25,13-Sep-2026,14-Sep-2026,Booking.com,6344525892,Payment,Card/VCC via the System,Mastercard,0026,0,Guest Paid Online,eviivo suite,13-Sep-26 20:07:08.508,13-Sep-26 20:07:06.683,13-Sep-26 20:07:08.343,pi_3UFIk2R78xpaffA01gMq2PVJ,,,£ 100.00,,,£ 100.00,,,,£ 100.00,Total Paid,,"£ 3,165.10",£ 15.00,£ 229.54,"£ 3,409.64","£ 127,447.80","£ 29,248.56",-£ 260.00,"£ 159,846.00"
Payments,Balance Transfers - to be paid by:,Payment Date,Payment ID,Guest Name,Group,Company,Property,Room,Order Ref.,Booking Ref,Booked On,Check-In,Check-Out,Channel,OTA Reference,Type,Payment Method,Card Type,Last 4 Digits,Virtual Card,Description,User,Updated,Sent to gateway,Confirmed by gateway,Gateway Reference,Settled Amount,Settled Date,Card,Cash / Bank,Vouchers,Total Paid,OTA,eviivo,Total,13/09/2026 20:56,51216216,Lea Berglund,,,Hotel Orlando by PLI,Room 10 1st Floor,DMA-760-937,042-833-161,,In House,13/09/2026 20:56,13-Sep-2026,15-Sep-2026,Booking.com,5296916922,Payment,Pre-Paid via OTA,,,,Prepaid via Booking.com,system@eviivo.com,13-Sep-26 20:56:26.518,,13-Sep-26 20:56:26.256,,,,,,,£ 0.00,£ 92.90,,,£ 92.90,Total Paid,,"£ 3,165.10",£ 15.00,£ 229.54,"£ 3,409.64","£ 127,447.80","£ 29,248.56",-£ 260.00,"£ 159,846.00"
Payments,Balance Transfers - to be paid by:,Payment Date,Payment ID,Guest Name,Group,Company,Property,Room,Order Ref.,Booking Ref,Booked On,Check-In,Check-Out,Channel,OTA Reference,Type,Payment Method,Card Type,Last 4 Digits,Virtual Card,Description,User,Updated,Sent to gateway,Confirmed by gateway,Gateway Reference,Settled Amount,Settled Date,Card,Cash / Bank,Vouchers,Total Paid,OTA,eviivo,Total,13/09/2026 21:25,51216634,Simon Capell,,,Hotel Orlando by PLI,Room 11 2nd Floor,SQW-462-973,143-665-914,,Pre-arrival,13/09/2026 21:25,15-Sep-2026,16-Sep-2026,Booking.com,5371699860,Payment,Pre-Paid via OTA,,,,Prepaid via Booking.com,system@eviivo.com,13-Sep-26 21:25:49.176,,13-Sep-26 21:25:48.976,,,,,,,£ 0.00,£ 66.80,,,£ 66.80,Total Paid,,"£ 3,165.10",£ 15.00,£ 229.54,"£ 3,409.64","£ 127,447.80","£ 29,248.56",-£ 260.00,"£ 159,846.00"
Payments,Balance Transfers - to be paid by:,Payment Date,Payment ID,Guest Name,Group,Company,Property,Room,Order Ref.,Booking Ref,Booked On,Check-In,Check-Out,Channel,OTA Reference,Type,Payment Method,Card Type,Last 4 Digits,Virtual Card,Description,User,Updated,Sent to gateway,Confirmed by gateway,Gateway Reference,Settled Amount,Settled Date,Card,Cash / Bank,Vouchers,Total Paid,OTA,eviivo,Total,13/09/2026 22:31,51217370,Athavan Premaruban,,,Hotel Orlando by PLI,S Room 26 1st F - W/Fridge,NZD-108-507,883-916-381,,On Account,13/09/2026 22:31,15-Sep-2026,16-Sep-2026,Expedia & Affiliate Network,2558020862,Payment,Pre-Paid via OTA,,,,Extras prepaid via Expedia,system@eviivo.com,13-Sep-26 22:31:39.070,,13-Sep-26 22:31:38.616,,,,,,,£ 0.00,,£ 76.70,,£ 76.70,Total Paid,,"£ 3,165.10",£ 15.00,£ 229.54,"£ 3,409.64","£ 127,447.80","£ 29,248.56",-£ 260.00,"£ 159,846.00"
Payments,Balance Transfers - to be paid by:,Payment Date,Payment ID,Guest Name,Group,Company,Property,Room,Order Ref.,Booking Ref,Booked On,Check-In,Check-Out,Channel,OTA Reference,Type,Payment Method,Card Type,Last 4 Digits,Virtual Card,Description,User,Updated,Sent to gateway,Confirmed by gateway,Gateway Reference,Settled Amount,Settled Date,Card,Cash / Bank,Vouchers,Total Paid,OTA,eviivo,Total,13/09/2026 23:22,51217837,Italo Oliveira Rodrigues,,,Hotel Orlando by PLI,S Room 34 3rd F,YBR-173-638,814-228-341,,On Account,13/09/2026 23:22,07-Jul-2027,15-Jul-2027,Expedia & Affiliate Network,2558048628,Payment,Pre-Paid via OTA,,,,Extras prepaid via Expedia,system@eviivo.com,13-Sep-26 23:22:34.809,,13-Sep-26 23:22:34.046,,,,,,,£ 0.00,,£ 658.08,,£ 658.08,Total Paid,,"£ 3,165.10",£ 15.00,£ 229.54,"£ 3,409.64","£ 127,447.80","£ 29,248.56",-£ 260.00,"£ 159,846.00"
Payments,Balance Transfers - to be paid by:,Payment Date,Payment ID,Guest Name,Group,Company,Property,Room,Order Ref.,Booking Ref,Booked On,Check-In,Check-Out,Channel,OTA Reference,Type,Payment Method,Card Type,Last 4 Digits,Virtual Card,Description,User,Updated,Sent to gateway,Confirmed by gateway,Gateway Reference,Settled Amount,Settled Date,Card,Cash / Bank,Vouchers,Total Paid,OTA,eviivo,Total,14/09/2026 00:58,51218432,Alegria Martinez Luna,,,Hotel Orlando by PLI,Room 11 2nd Floor,HGP-271-958,910-111-441,,Pre-arrival,14/09/2026 00:58,27-Aug-2027,30-Aug-2027,Booking.com,5790383930,Payment,Pre-Paid via OTA,,,,Prepaid via Booking.com,system@eviivo.com,14-Sep-26 00:58:50.203,,14-Sep-26 00:58:49.863,,,,,,,£ 0.00,£ 274.70,,,£ 274.70,Total Paid,,"£ 3,165.10",£ 15.00,£ 229.54,"£ 3,409.64","£ 127,447.80","£ 29,248.56",-£ 260.00,"£ 159,846.00"
Payments,Balance Transfers - to be paid by:,Payment Date,Payment ID,Guest Name,Group,Company,Property,Room,Order Ref.,Booking Ref,Booked On,Check-In,Check-Out,Channel,OTA Reference,Type,Payment Method,Card Type,Last 4 Digits,Virtual Card,Description,User,Updated,Sent to gateway,Confirmed by gateway,Gateway Reference,Settled Amount,Settled Date,Card,Cash / Bank,Vouchers,Total Paid,OTA,eviivo,Total,14/09/2026 01:22,51218643,Ana Karoline Silva Leao,,,Hotel Orlando by PLI,Room 3 BF W/Microwave,HPQ-939-474,324-056-884,,Pre-arrival,14/09/2026 01:22,28-Jan-2027,01-Feb-2027,Booking.com,5264098056,Payment,Pre-Paid via OTA,,,,Prepaid via Booking.com,system@eviivo.com,14-Sep-26 01:22:19.887,,14-Sep-26 01:22:19.600,,,,,,,£ 0.00,£ 236.00,,,£ 236.00,Total Paid,,"£ 3,165.10",£ 15.00,£ 229.54,"£ 3,409.64","£ 127,447.80","£ 29,248.56",-£ 260.00,"£ 159,846.00"
Payments,Balance Transfers - to be paid by:,Payment Date,Payment ID,Guest Name,Group,Company,Property,Room,Order Ref.,Booking Ref,Booked On,Check-In,Check-Out,Channel,OTA Reference,Type,Payment Method,Card Type,Last 4 Digits,Virtual Card,Description,User,Updated,Sent to gateway,Confirmed by gateway,Gateway Reference,Settled Amount,Settled Date,Card,Cash / Bank,Vouchers,Total Paid,OTA,eviivo,Total,14/09/2026 08:20,51220820,Bradley Nikki,,,Hotel Orlando by PLI,Flat 2 ( Basement Orlando ),HOR-867-229,594-619-911,,Pre-arrival,14/09/2026 08:20,10-Dec-2026,11-Dec-2026,Booking.com,6692210494,Payment,Pre-Paid via OTA,,,,Prepaid via Booking.com,system@eviivo.com,14-Sep-26 08:20:04.344,,14-Sep-26 08:20:04.043,,,,,,,£ 0.00,£ 112.70,,,£ 112.70,Total Paid,,"£ 3,165.10",£ 15.00,£ 229.54,"£ 3,409.64","£ 127,447.80","£ 29,248.56",-£ 260.00,"£ 159,846.00"
Payments,Balance Transfers - to be paid by:,Payment Date,Payment ID,Guest Name,Group,Company,Property,Room,Order Ref.,Booking Ref,Booked On,Check-In,Check-Out,Channel,OTA Reference,Type,Payment Method,Card Type,Last 4 Digits,Virtual Card,Description,User,Updated,Sent to gateway,Confirmed by gateway,Gateway Reference,Settled Amount,Settled Date,Card,Cash / Bank,Vouchers,Total Paid,OTA,eviivo,Total,14/09/2026 10:03,51222997,Paul Geoghan,,,Hotel Orlando by PLI,S Room 31 2nd FF,HNK-534-514,396-298-812,,In House,14/09/2026 10:03,14-Sep-2026,18-Sep-2026,Booking.com,6168273126,Payment,Pre-Paid via OTA,,,,Prepaid via Booking.com,system@eviivo.com,14-Sep-26 10:03:13.092,,14-Sep-26 10:03:12.623,,,,,,,£ 0.00,£ 240.50,,,£ 240.50,Total Paid,,"£ 3,165.10",£ 15.00,£ 229.54,"£ 3,409.64","£ 127,447.80","£ 29,248.56",-£ 260.00,"£ 159,846.00"
Payments,Balance Transfers - to be paid by:,Payment Date,Payment ID,Guest Name,Group,Company,Property,Room,Order Ref.,Booking Ref,Booked On,Check-In,Check-Out,Channel,OTA Reference,Type,Payment Method,Card Type,Last 4 Digits,Virtual Card,Description,User,Updated,Sent to gateway,Confirmed by gateway,Gateway Reference,Settled Amount,Settled Date,Card,Cash / Bank,Vouchers,Total Paid,OTA,eviivo,Total,14/09/2026 10:16,51223281,Theo Lind,,,Hotel Orlando by PLI,S Room 27 1st F  W/Fridge,KPN-505-875,881-699-411,,In House,14/09/2026 10:16,14-Sep-2026,16-Sep-2026,Booking.com,6998128120,Payment,Pre-Paid via OTA,,,,Prepaid via Booking.com,system@eviivo.com,14-Sep-26 10:16:19.754,,14-Sep-26 10:16:19.296,,,,,,,£ 0.00,£ 118.10,,,£ 118.10,Total Paid,,"£ 3,165.10",£ 15.00,£ 229.54,"£ 3,409.64","£ 127,447.80","£ 29,248.56",-£ 260.00,"£ 159,846.00"
Payments,Balance Transfers - to be paid by:,Payment Date,Payment ID,Guest Name,Group,Company,Property,Room,Order Ref.,Booking Ref,Booked On,Check-In,Check-Out,Channel,OTA Reference,Type,Payment Method,Card Type,Last 4 Digits,Virtual Card,Description,User,Updated,Sent to gateway,Confirmed by gateway,Gateway Reference,Settled Amount,Settled Date,Card,Cash / Bank,Vouchers,Total Paid,OTA,eviivo,Total,14/09/2026 12:16,51225736,Flavie Plessier,,,Hotel Orlando by PLI,Room 15 3rd Floor,LWZ-990-805,602-552-444,,Pre-arrival,14/09/2026 12:16,13-Dec-2026,19-Dec-2026,Booking.com,6372737352,Payment,Pre-Paid via OTA,,,,Prepaid via Booking.com,system@eviivo.com,14-Sep-26 12:16:24.166,,14-Sep-26 12:16:23.780,,,,,,,£ 0.00,£ 374.60,,,£ 374.60,Total Paid,,"£ 3,165.10",£ 15.00,£ 229.54,"£ 3,409.64","£ 127,447.80","£ 29,248.56",-£ 260.00,"£ 159,846.00"
Payments,Balance Transfers - to be paid by:,Payment Date,Payment ID,Guest Name,Group,Company,Property,Room,Order Ref.,Booking Ref,Booked On,Check-In,Check-Out,Channel,OTA Reference,Type,Payment Method,Card Type,Last 4 Digits,Virtual Card,Description,User,Updated,Sent to gateway,Confirmed by gateway,Gateway Reference,Settled Amount,Settled Date,Card,Cash / Bank,Vouchers,Total Paid,OTA,eviivo,Total,14/09/2026 12:43,51226261,Neve Hawking,,,Hotel Orlando by PLI,Flat 20 ( Basement sino ),VIK-750-130,404-018-834,,Pre-arrival,14/09/2026 12:43,18-Nov-2026,19-Nov-2026,Airbnb,HMBHTTE3PM,Payment,Pre-Paid via OTA,,,,Extras prepaid via Airbnb,system@eviivo.com,14-Sep-26 12:43:44.453,,14-Sep-26 12:43:43.726,,,,,,,£ 0.00,£ 130.00,,,£ 130.00,Total Paid,,"£ 3,165.10",£ 15.00,£ 229.54,"£ 3,409.64","£ 127,447.80","£ 29,248.56",-£ 260.00,"£ 159,846.00"
Payments,Balance Transfers - to be paid by:,Payment Date,Payment ID,Guest Name,Group,Company,Property,Room,Order Ref.,Booking Ref,Booked On,Check-In,Check-Out,Channel,OTA Reference,Type,Payment Method,Card Type,Last 4 Digits,Virtual Card,Description,User,Updated,Sent to gateway,Confirmed by gateway,Gateway Reference,Settled Amount,Settled Date,Card,Cash / Bank,Vouchers,Total Paid,OTA,eviivo,Total,14/09/2026 15:02,51229196,Maciej Dziwak,,,Hotel Orlando by PLI,Room 3 BF W/Microwave,CRH-311-712,028-046-634,,On Account,14/09/2026 15:02,14-Sep-2026,15-Sep-2026,Expedia & Affiliate Network,2558527888,Payment,Pre-Paid via OTA,,,,Extras prepaid via Expedia,system@eviivo.com,14-Sep-26 15:02:49.118,,14-Sep-26 15:02:48.403,,,,,,,£ 0.00,,£ 73.00,,£ 73.00,Total Paid,,"£ 3,165.10",£ 15.00,£ 229.54,"£ 3,409.64","£ 127,447.80","£ 29,248.56",-£ 260.00,"£ 159,846.00"
Payments,Balance Transfers - to be paid by:,Payment Date,Payment ID,Guest Name,Group,Company,Property,Room,Order Ref.,Booking Ref,Booked On,Check-In,Check-Out,Channel,OTA Reference,Type,Payment Method,Card Type,Last 4 Digits,Virtual Card,Description,User,Updated,Sent to gateway,Confirmed by gateway,Gateway Reference,Settled Amount,Settled Date,Card,Cash / Bank,Vouchers,Total Paid,OTA,eviivo,Total,14/09/2026 16:30,51231315,Storm Gabriel Grøtta,,,Hotel Orlando by PLI,Room 16 3rd Floor,KEK-346-425,133-896-502,,Pre-arrival,14/09/2026 16:30,17-Sep-2027,20-Sep-2027,Booking.com,6194921458,Payment,Pre-Paid via OTA,,,,Prepaid via Booking.com,system@eviivo.com,14-Sep-26 16:30:50.265,,14-Sep-26 16:30:49.906,,,,,,,£ 0.00,£ 128.00,,,£ 128.00,Total Paid,,"£ 3,165.10",£ 15.00,£ 229.54,"£ 3,409.64","£ 127,447.80","£ 29,248.56",-£ 260.00,"£ 159,846.00"
Payments,Balance Transfers - to be paid by:,Payment Date,Payment ID,Guest Name,Group,Company,Property,Room,Order Ref.,Booking Ref,Booked On,Check-In,Check-Out,Channel,OTA Reference,Type,Payment Method,Card Type,Last 4 Digits,Virtual Card,Description,User,Updated,Sent to gateway,Confirmed by gateway,Gateway Reference,Settled Amount,Settled Date,Card,Cash / Bank,Vouchers,Total Paid,OTA,eviivo,Total,14/09/2026 16:35,51231427,Bernadette Turner,,,Hotel Orlando by PLI,Room 12 2nd Floor,ZPR-047-525,345-682-804,,Pre-arrival,14/09/2026 16:35,29-Sep-2026,02-Oct-2026,Booking.com,5576286599,Payment,Pre-Paid via OTA,,,,Prepaid via Booking.com,system@eviivo.com,14-Sep-26 16:35:30.089,,14-Sep-26 16:35:29.620,,,,,,,£ 0.00,£ 242.30,,,£ 242.30,Total Paid,,"£ 3,165.10",£ 15.00,£ 229.54,"£ 3,409.64","£ 127,447.80","£ 29,248.56",-£ 260.00,"£ 159,846.00"
Payments,Balance Transfers - to be paid by:,Payment Date,Payment ID,Guest Name,Group,Company,Property,Room,Order Ref.,Booking Ref,Booked On,Check-In,Check-Out,Channel,OTA Reference,Type,Payment Method,Card Type,Last 4 Digits,Virtual Card,Description,User,Updated,Sent to gateway,Confirmed by gateway,Gateway Reference,Settled Amount,Settled Date,Card,Cash / Bank,Vouchers,Total Paid,OTA,eviivo,Total,14/09/2026 16:44,51231644,Maciej Dziwak,,,Hotel Orlando by PLI,Room 3 BF W/Microwave,CRH-311-712,028-046-634,,In House,14/09/2026 15:02,14-Sep-2026,15-Sep-2026,Expedia & Affiliate Network,2558527888,Payment,Card/VCC via the System,Mastercard,5106,0,Guest Paid Online,eviivo suite,14-Sep-26 16:45:02.478,14-Sep-26 16:44:59.143,14-Sep-26 16:45:01.223,pi_3UFc3zR78xpaffA01gUIGWDz,,,£ 100.00,,,£ 100.00,,,,£ 100.00,Total Paid,,"£ 3,165.10",£ 15.00,£ 229.54,"£ 3,409.64","£ 127,447.80","£ 29,248.56",-£ 260.00,"£ 159,846.00"
Payments,Balance Transfers - to be paid by:,Payment Date,Payment ID,Guest Name,Group,Company,Property,Room,Order Ref.,Booking Ref,Booked On,Check-In,Check-Out,Channel,OTA Reference,Type,Payment Method,Card Type,Last 4 Digits,Virtual Card,Description,User,Updated,Sent to gateway,Confirmed by gateway,Gateway Reference,Settled Amount,Settled Date,Card,Cash / Bank,Vouchers,Total Paid,OTA,eviivo,Total,14/09/2026 16:50,51231786,Todea Anamaria,,,Hotel Orlando by PLI,Room 8 1st Floor,PRI-757-371,666-568-802,,Pre-arrival,14/09/2026 16:50,20-Sep-2026,22-Sep-2026,Booking.com,5264077549,Payment,Pre-Paid via OTA,,,,Prepaid via Booking.com,system@eviivo.com,14-Sep-26 16:50:27.787,,14-Sep-26 16:50:27.400,,,,,,,£ 0.00,£ 256.90,,,£ 256.90,Total Paid,,"£ 3,165.10",£ 15.00,£ 229.54,"£ 3,409.64","£ 127,447.80","£ 29,248.56",-£ 260.00,"£ 159,846.00"
Payments,Balance Transfers - to be paid by:,Payment Date,Payment ID,Guest Name,Group,Company,Property,Room,Order Ref.,Booking Ref,Booked On,Check-In,Check-Out,Channel,OTA Reference,Type,Payment Method,Card Type,Last 4 Digits,Virtual Card,Description,User,Updated,Sent to gateway,Confirmed by gateway,Gateway Reference,Settled Amount,Settled Date,Card,Cash / Bank,Vouchers,Total Paid,OTA,eviivo,Total,,51231786,Todea Anamaria,,,Hotel Orlando by PLI,Flat 20 ( Basement sino ),PRI-757-371,989-844-851,,On Account,14/09/2026 16:50,20-Sep-2026,22-Sep-2026,Booking.com,5264077549,(see above/below),(see above/below),,,,,system@eviivo.com,,,,,,,,,,£ 0.00,,,,,Total Paid,,"£ 3,165.10",£ 15.00,£ 229.54,"£ 3,409.64","£ 127,447.80","£ 29,248.56",-£ 260.00,"£ 159,846.00"
Payments,Balance Transfers - to be paid by:,Payment Date,Payment ID,Guest Name,Group,Company,Property,Room,Order Ref.,Booking Ref,Booked On,Check-In,Check-Out,Channel,OTA Reference,Type,Payment Method,Card Type,Last 4 Digits,Virtual Card,Description,User,Updated,Sent to gateway,Confirmed by gateway,Gateway Reference,Settled Amount,Settled Date,Card,Cash / Bank,Vouchers,Total Paid,OTA,eviivo,Total,14/09/2026 16:59,51231977,Meddah Anass,,,Hotel Orlando by PLI,Room 6 GF,AXB-477-223,848-834-421,,Pre-arrival,14/09/2026 16:59,15-Sep-2026,19-Sep-2026,Booking.com,5362664682,Payment,Pre-Paid via OTA,,,,Prepaid via Booking.com,system@eviivo.com,14-Sep-26 16:59:31.577,,14-Sep-26 16:59:31.130,,,,,,,£ 0.00,£ 241.40,,,£ 241.40,Total Paid,,"£ 3,165.10",£ 15.00,£ 229.54,"£ 3,409.64","£ 127,447.80","£ 29,248.56",-£ 260.00,"£ 159,846.00"
Payments,Balance Transfers - to be paid by:,Payment Date,Payment ID,Guest Name,Group,Company,Property,Room,Order Ref.,Booking Ref,Booked On,Check-In,Check-Out,Channel,OTA Reference,Type,Payment Method,Card Type,Last 4 Digits,Virtual Card,Description,User,Updated,Sent to gateway,Confirmed by gateway,Gateway Reference,Settled Amount,Settled Date,Card,Cash / Bank,Vouchers,Total Paid,OTA,eviivo,Total,14/09/2026 19:01,51234452,Yousuf Azeem,,,Hotel Orlando by PLI,S Room 17 BF,TMD-121-970,339-439-321,,In House,13/09/2026 03:07,14-Sep-2026,15-Sep-2026,Booking.com,5525616086,Payment,Card/VCC via the System,Mastercard,5544,0,Guest Paid Online,eviivo suite,14-Sep-26 19:01:51.004,14-Sep-26 19:01:47.793,14-Sep-26 19:01:50.477,pi_3UFeCNR78xpaffA02qkbOY77,,,£ 100.00,,,£ 100.00,,,,£ 100.00,Total Paid,,"£ 3,165.10",£ 15.00,£ 229.54,"£ 3,409.64","£ 127,447.80","£ 29,248.56",-£ 260.00,"£ 159,846.00"
Payments,Balance Transfers - to be paid by:,Payment Date,Payment ID,Guest Name,Group,Company,Property,Room,Order Ref.,Booking Ref,Booked On,Check-In,Check-Out,Channel,OTA Reference,Type,Payment Method,Card Type,Last 4 Digits,Virtual Card,Description,User,Updated,Sent to gateway,Confirmed by gateway,Gateway Reference,Settled Amount,Settled Date,Card,Cash / Bank,Vouchers,Total Paid,OTA,eviivo,Total,14/09/2026 19:16,51234679,Alejandro Granados Chinchilla,,,Hotel Orlando by PLI,S Room 18 BF,SCW-564-085,592-523-641,,On Account,14/09/2026 19:16,05-Oct-2026,10-Oct-2026,Expedia & Affiliate Network,2558728242,Payment,Pre-Paid via OTA,,,,Extras prepaid via Expedia,system@eviivo.com,14-Sep-26 19:16:57.266,,14-Sep-26 19:16:56.780,,,,,,,£ 0.00,,£ 384.48,,£ 384.48,Total Paid,,"£ 3,165.10",£ 15.00,£ 229.54,"£ 3,409.64","£ 127,447.80","£ 29,248.56",-£ 260.00,"£ 159,846.00"
Payments,Balance Transfers - to be paid by:,Payment Date,Payment ID,Guest Name,Group,Company,Property,Room,Order Ref.,Booking Ref,Booked On,Check-In,Check-Out,Channel,OTA Reference,Type,Payment Method,Card Type,Last 4 Digits,Virtual Card,Description,User,Updated,Sent to gateway,Confirmed by gateway,Gateway Reference,Settled Amount,Settled Date,Card,Cash / Bank,Vouchers,Total Paid,OTA,eviivo,Total,14/09/2026 19:19,51234725,Burcu Oflaz,,,Hotel Orlando by PLI,Room 16 3rd Floor,SMB-488-993,254-560-332,,Pre-arrival,14/09/2026 19:19,08-Oct-2026,12-Oct-2026,Booking.com,6692282242,Payment,Pre-Paid via OTA,,,,Prepaid via Booking.com,system@eviivo.com,14-Sep-26 19:19:44.314,,14-Sep-26 19:19:44.106,,,,,,,£ 0.00,£ 372.80,,,£ 372.80,Total Paid,,"£ 3,165.10",£ 15.00,£ 229.54,"£ 3,409.64","£ 127,447.80","£ 29,248.56",-£ 260.00,"£ 159,846.00"
Payments,Balance Transfers - to be paid by:,Payment Date,Payment ID,Guest Name,Group,Company,Property,Room,Order Ref.,Booking Ref,Booked On,Check-In,Check-Out,Channel,OTA Reference,Type,Payment Method,Card Type,Last 4 Digits,Virtual Card,Description,User,Updated,Sent to gateway,Confirmed by gateway,Gateway Reference,Settled Amount,Settled Date,Card,Cash / Bank,Vouchers,Total Paid,OTA,eviivo,Total,14/09/2026 22:09,51237445,Lopez Alba,,,Hotel Orlando by PLI,S Room 35 3rd F,HYD-939-069,260-498-992,,Pre-arrival,14/09/2026 22:09,25-Sep-2026,27-Sep-2026,Booking.com,5147737825,Payment,Pre-Paid via OTA,,,,Prepaid via Booking.com,system@eviivo.com,14-Sep-26 22:09:35.797,,14-Sep-26 22:09:35.593,,,,,,,£ 0.00,£ 186.50,,,£ 186.50,Total Paid,,"£ 3,165.10",£ 15.00,£ 229.54,"£ 3,409.64","£ 127,447.80","£ 29,248.56",-£ 260.00,"£ 159,846.00"
Payments,Balance Transfers - to be paid by:,Payment Date,Payment ID,Guest Name,Group,Company,Property,Room,Order Ref.,Booking Ref,Booked On,Check-In,Check-Out,Channel,OTA Reference,Type,Payment Method,Card Type,Last 4 Digits,Virtual Card,Description,User,Updated,Sent to gateway,Confirmed by gateway,Gateway Reference,Settled Amount,Settled Date,Card,Cash / Bank,Vouchers,Total Paid,OTA,eviivo,Total,14/09/2026 22:26,51237627,Lukasz Jankowski,,,Hotel Orlando by PLI,Room 14 2nd Floor,VEP-957-386,866-099-221,,Pre-arrival,14/09/2026 22:26,15-Sep-2026,16-Sep-2026,Booking.com,5811321375,Payment,Pre-Paid via OTA,,,,Prepaid via Booking.com,system@eviivo.com,14-Sep-26 22:26:34.333,,14-Sep-26 22:26:34.166,,,,,,,£ 0.00,£ 66.80,,,£ 66.80,Total Paid,,"£ 3,165.10",£ 15.00,£ 229.54,"£ 3,409.64","£ 127,447.80","£ 29,248.56",-£ 260.00,"£ 159,846.00"
Payments,Balance Transfers - to be paid by:,Payment Date,Payment ID,Guest Name,Group,Company,Property,Room,Order Ref.,Booking Ref,Booked On,Check-In,Check-Out,Channel,OTA Reference,Type,Payment Method,Card Type,Last 4 Digits,Virtual Card,Description,User,Updated,Sent to gateway,Confirmed by gateway,Gateway Reference,Settled Amount,Settled Date,Card,Cash / Bank,Vouchers,Total Paid,OTA,eviivo,Total,14/09/2026 22:45,51237769,Ondrej Wimmer,,,Hotel Orlando by PLI,Room 10 1st Floor,RPT-772-454,605-686-664,,Pre-arrival,14/09/2026 22:45,15-Sep-2026,18-Sep-2026,Booking.com,6194919775,Payment,Pre-Paid via OTA,,,,Prepaid via Booking.com,system@eviivo.com,14-Sep-26 22:45:39.362,,14-Sep-26 22:45:39.096,,,,,,,£ 0.00,£ 169.40,,,£ 169.40,Total Paid,,"£ 3,165.10",£ 15.00,£ 229.54,"£ 3,409.64","£ 127,447.80","£ 29,248.56",-£ 260.00,"£ 159,846.00"
Payments,Balance Transfers - to be paid by:,Payment Date,Payment ID,Guest Name,Group,Company,Property,Room,Order Ref.,Booking Ref,Booked On,Check-In,Check-Out,Channel,OTA Reference,Type,Payment Method,Card Type,Last 4 Digits,Virtual Card,Description,User,Updated,Sent to gateway,Confirmed by gateway,Gateway Reference,Settled Amount,Settled Date,Card,Cash / Bank,Vouchers,Total Paid,OTA,eviivo,Total,15/09/2026 00:57,51238652,Tomasz Kukier,,,Hotel Orlando by PLI,S Room 29 Mid 2nd F,SRV-687-001,534-369-832,,Pre-arrival,15/09/2026 00:57,16-Sep-2026,17-Sep-2026,Booking.com,6194973405,Payment,Pre-Paid via OTA,,,,Prepaid via Booking.com,system@eviivo.com,15-Sep-26 00:57:40.268,,15-Sep-26 00:57:39.923,,,,,,,£ 0.00,£ 71.30,,,£ 71.30,Total Paid,,"£ 3,165.10",£ 15.00,£ 229.54,"£ 3,409.64","£ 127,447.80","£ 29,248.56",-£ 260.00,"£ 159,846.00"
Payments,Balance Transfers - to be paid by:,Payment Date,Payment ID,Guest Name,Group,Company,Property,Room,Order Ref.,Booking Ref,Booked On,Check-In,Check-Out,Channel,OTA Reference,Type,Payment Method,Card Type,Last 4 Digits,Virtual Card,Description,User,Updated,Sent to gateway,Confirmed by gateway,Gateway Reference,Settled Amount,Settled Date,Card,Cash / Bank,Vouchers,Total Paid,OTA,eviivo,Total,15/09/2026 02:30,51239081,Caden Massarella,,,Hotel Orlando by PLI,S Room 22 GF -2Ds W/Microwave &Fridge,YHM-655-159,280-395-321,,Pre-arrival,15/09/2026 02:30,19-Sep-2026,22-Sep-2026,Booking.com,5647670488,Payment,Pre-Paid via OTA,,,,Prepaid via Booking.com,system@eviivo.com,15-Sep-26 02:30:33.287,,15-Sep-26 02:30:33.026,,,,,,,£ 0.00,£ 215.30,,,£ 215.30,Total Paid,,"£ 3,165.10",£ 15.00,£ 229.54,"£ 3,409.64","£ 127,447.80","£ 29,248.56",-£ 260.00,"£ 159,846.00"
Payments,Balance Transfers - to be paid by:,Payment Date,Payment ID,Guest Name,Group,Company,Property,Room,Order Ref.,Booking Ref,Booked On,Check-In,Check-Out,Channel,OTA Reference,Type,Payment Method,Card Type,Last 4 Digits,Virtual Card,Description,User,Updated,Sent to gateway,Confirmed by gateway,Gateway Reference,Settled Amount,Settled Date,Card,Cash / Bank,Vouchers,Total Paid,OTA,eviivo,Total,15/09/2026 06:09,51239819,Oladayo Aboyeji,,,Hotel Orlando by PLI,S Room 30 2nd F - W/Fridge,FVK-010-498,001-060-821,,In House,15/09/2026 06:09,15-Sep-2026,17-Sep-2026,Booking.com,6387949959,Payment,Pre-Paid via OTA,,,,Prepaid via Booking.com,system@eviivo.com,15-Sep-26 06:09:02.177,,15-Sep-26 06:09:01.870,,,,,,,£ 0.00,£ 137.90,,,£ 137.90,Total Paid,,"£ 3,165.10",£ 15.00,£ 229.54,"£ 3,409.64","£ 127,447.80","£ 29,248.56",-£ 260.00,"£ 159,846.00"
Payments,Balance Transfers - to be paid by:,Payment Date,Payment ID,Guest Name,Group,Company,Property,Room,Order Ref.,Booking Ref,Booked On,Check-In,Check-Out,Channel,OTA Reference,Type,Payment Method,Card Type,Last 4 Digits,Virtual Card,Description,User,Updated,Sent to gateway,Confirmed by gateway,Gateway Reference,Settled Amount,Settled Date,Card,Cash / Bank,Vouchers,Total Paid,OTA,eviivo,Total,15/09/2026 08:14,51241171,Theodosia Maria Kantimoiri,,,Hotel Orlando by PLI,Room 11 2nd Floor,DVT-090-031,531-145-491,,Pre-arrival,15/09/2026 08:14,09-Feb-2027,16-Feb-2027,Booking.com,6958863272,Payment,Pre-Paid via OTA,,,,Prepaid via Booking.com,system@eviivo.com,15-Sep-26 08:14:25.235,,15-Sep-26 08:14:24.823,,,,,,,£ 0.00,£ 335.00,,,£ 335.00,Total Paid,,"£ 3,165.10",£ 15.00,£ 229.54,"£ 3,409.64","£ 127,447.80","£ 29,248.56",-£ 260.00,"£ 159,846.00"
Payments,Balance Transfers - to be paid by:,Payment Date,Payment ID,Guest Name,Group,Company,Property,Room,Order Ref.,Booking Ref,Booked On,Check-In,Check-Out,Channel,OTA Reference,Type,Payment Method,Card Type,Last 4 Digits,Virtual Card,Description,User,Updated,Sent to gateway,Confirmed by gateway,Gateway Reference,Settled Amount,Settled Date,Card,Cash / Bank,Vouchers,Total Paid,OTA,eviivo,Total,15/09/2026 08:28,51241420,Enya Belsué Comas,,,Hotel Orlando by PLI,Room 15 3rd Floor,PFW-104-690,006-058-554,,Pre-arrival,15/09/2026 08:28,05-Dec-2026,08-Dec-2026,Booking.com,6219154108,Payment,Pre-Paid via OTA,,,,Prepaid via Booking.com,system@eviivo.com,15-Sep-26 08:28:21.121,,15-Sep-26 08:28:20.523,,,,,,,£ 0.00,£ 510.70,,,£ 510.70,Total Paid,,"£ 3,165.10",£ 15.00,£ 229.54,"£ 3,409.64","£ 127,447.80","£ 29,248.56",-£ 260.00,"£ 159,846.00"
Payments,Balance Transfers - to be paid by:,Payment Date,Payment ID,Guest Name,Group,Company,Property,Room,Order Ref.,Booking Ref,Booked On,Check-In,Check-Out,Channel,OTA Reference,Type,Payment Method,Card Type,Last 4 Digits,Virtual Card,Description,User,Updated,Sent to gateway,Confirmed by gateway,Gateway Reference,Settled Amount,Settled Date,Card,Cash / Bank,Vouchers,Total Paid,OTA,eviivo,Total,,51241420,Enya Belsué Comas,,,Hotel Orlando by PLI,S Room 25 Mid 1st F,PFW-104-690,544-165-154,,On Account,15/09/2026 08:28,05-Dec-2026,08-Dec-2026,Booking.com,6219154108,(see above/below),(see above/below),,,,,system@eviivo.com,,,,,,,,,,£ 0.00,,,,,Total Paid,,"£ 3,165.10",£ 15.00,£ 229.54,"£ 3,409.64","£ 127,447.80","£ 29,248.56",-£ 260.00,"£ 159,846.00"
Payments,Balance Transfers - to be paid by:,Payment Date,Payment ID,Guest Name,Group,Company,Property,Room,Order Ref.,Booking Ref,Booked On,Check-In,Check-Out,Channel,OTA Reference,Type,Payment Method,Card Type,Last 4 Digits,Virtual Card,Description,User,Updated,Sent to gateway,Confirmed by gateway,Gateway Reference,Settled Amount,Settled Date,Card,Cash / Bank,Vouchers,Total Paid,OTA,eviivo,Total,15/09/2026 09:19,51242339,ONYINYE MAUREEN EZECHIEDO,,,Hotel Orlando by PLI,Flat 24  ( GF Sino ) - Studio,HTI-628-598,018-498-342,,Pre-arrival,15/09/2026 09:19,29-Jan-2027,06-Feb-2027,Booking.com,5249967366,Payment,Pre-Paid via OTA,,,,Prepaid via Booking.com,system@eviivo.com,15-Sep-26 09:19:04.956,,15-Sep-26 09:19:04.713,,,,,,,£ 0.00,£ 422.30,,,£ 422.30,Total Paid,,"£ 3,165.10",£ 15.00,£ 229.54,"£ 3,409.64","£ 127,447.80","£ 29,248.56",-£ 260.00,"£ 159,846.00"
Payments,Balance Transfers - to be paid by:,Payment Date,Payment ID,Guest Name,Group,Company,Property,Room,Order Ref.,Booking Ref,Booked On,Check-In,Check-Out,Channel,OTA Reference,Type,Payment Method,Card Type,Last 4 Digits,Virtual Card,Description,User,Updated,Sent to gateway,Confirmed by gateway,Gateway Reference,Settled Amount,Settled Date,Card,Cash / Bank,Vouchers,Total Paid,OTA,eviivo,Total,15/09/2026 09:39,51242675,Martin Jump,,,Hotel Orlando by PLI,Room 7 Mid-First Floor,KKE-294-681,440-350-181,,Pre-arrival,15/09/2026 09:39,21-Sep-2026,23-Sep-2026,Booking.com,6958823093,Payment,Pre-Paid via OTA,,,,Prepaid via Booking.com,system@eviivo.com,15-Sep-26 09:39:07.681,,15-Sep-26 09:39:07.416,,,,,,,£ 0.00,£ 137.00,,,£ 137.00,Total Paid,,"£ 3,165.10",£ 15.00,£ 229.54,"£ 3,409.64","£ 127,447.80","£ 29,248.56",-£ 260.00,"£ 159,846.00"
Payments,Balance Transfers - to be paid by:,Payment Date,Payment ID,Guest Name,Group,Company,Property,Room,Order Ref.,Booking Ref,Booked On,Check-In,Check-Out,Channel,OTA Reference,Type,Payment Method,Card Type,Last 4 Digits,Virtual Card,Description,User,Updated,Sent to gateway,Confirmed by gateway,Gateway Reference,Settled Amount,Settled Date,Card,Cash / Bank,Vouchers,Total Paid,OTA,eviivo,Total,15/09/2026 10:05,51243210,Patrycja Ciupak,,,Hotel Orlando by PLI,S Room 18 BF,IGD-891-650,080-369-692,,Pre-arrival,15/09/2026 10:05,21-Aug-2027,26-Aug-2027,Booking.com,6254547356,Payment,Pre-Paid via OTA,,,,Prepaid via Booking.com,system@eviivo.com,15-Sep-26 10:05:38.024,,15-Sep-26 10:05:37.673,,,,,,,£ 0.00,£ 311.60,,,£ 311.60,Total Paid,,"£ 3,165.10",£ 15.00,£ 229.54,"£ 3,409.64","£ 127,447.80","£ 29,248.56",-£ 260.00,"£ 159,846.00"
Payments,Balance Transfers - to be paid by:,Payment Date,Payment ID,Guest Name,Group,Company,Property,Room,Order Ref.,Booking Ref,Booked On,Check-In,Check-Out,Channel,OTA Reference,Type,Payment Method,Card Type,Last 4 Digits,Virtual Card,Description,User,Updated,Sent to gateway,Confirmed by gateway,Gateway Reference,Settled Amount,Settled Date,Card,Cash / Bank,Vouchers,Total Paid,OTA,eviivo,Total,15/09/2026 10:28,51243650,Biniam  Estifanos,,,Hotel Orlando by PLI,Flat 5 ( GF Orlando ) -  Studio,QSZ-422-787,944-944-032,,Pre-arrival,14/09/2026 21:39,16-Sep-2026,19-Sep-2026,,,Payment,Card/VCC via the System,Mastercard,6767,0,Guest Paid Online,eviivo suite,15-Sep-26 10:28:12.961,15-Sep-26 10:28:11.070,15-Sep-26 10:28:12.573,pi_3UFsetR78xpaffA01g678mpN,,,£ 250.00,,,£ 250.00,,,,£ 250.00,Total Paid,,"£ 3,165.10",£ 15.00,£ 229.54,"£ 3,409.64","£ 127,447.80","£ 29,248.56",-£ 260.00,"£ 159,846.00"
Payments,Balance Transfers - to be paid by:,Payment Date,Payment ID,Guest Name,Group,Company,Property,Room,Order Ref.,Booking Ref,Booked On,Check-In,Check-Out,Channel,OTA Reference,Type,Payment Method,Card Type,Last 4 Digits,Virtual Card,Description,User,Updated,Sent to gateway,Confirmed by gateway,Gateway Reference,Settled Amount,Settled Date,Card,Cash / Bank,Vouchers,Total Paid,OTA,eviivo,Total,15/09/2026 12:47,51246104,Hannah Martin,,,Hotel Orlando by PLI,Flat 2 ( Basement Orlando ),EIL-298-652,828-246-594,,In House,15/09/2026 12:47,15-Sep-2026,16-Sep-2026,Booking.com,6958881377,Payment,Pre-Paid via OTA,,,,Prepaid via Booking.com,system@eviivo.com,15-Sep-26 12:47:16.139,,15-Sep-26 12:47:15.883,,,,,,,£ 0.00,£ 81.20,,,£ 81.20,Total Paid,,"£ 3,165.10",£ 15.00,£ 229.54,"£ 3,409.64","£ 127,447.80","£ 29,248.56",-£ 260.00,"£ 159,846.00"
Payments,Balance Transfers - to be paid by:,Payment Date,Payment ID,Guest Name,Group,Company,Property,Room,Order Ref.,Booking Ref,Booked On,Check-In,Check-Out,Channel,OTA Reference,Type,Payment Method,Card Type,Last 4 Digits,Virtual Card,Description,User,Updated,Sent to gateway,Confirmed by gateway,Gateway Reference,Settled Amount,Settled Date,Card,Cash / Bank,Vouchers,Total Paid,OTA,eviivo,Total,15/09/2026 13:30,51246822,Orla McGreevy,,,Hotel Orlando by PLI,Room 9 1st Floor,XYH-522-450,429-888-632,,On Account,15/09/2026 13:30,15-Sep-2026,16-Sep-2026,Expedia & Affiliate Network,2559337929,Payment,Pre-Paid via OTA,,,,Extras prepaid via Expedia,system@eviivo.com,15-Sep-26 13:30:35.917,,15-Sep-26 13:30:35.000,,,,,,,£ 0.00,,£ 83.00,,£ 83.00,Total Paid,,"£ 3,165.10",£ 15.00,£ 229.54,"£ 3,409.64","£ 127,447.80","£ 29,248.56",-£ 260.00,"£ 159,846.00"
Payments,Balance Transfers - to be paid by:,Payment Date,Payment ID,Guest Name,Group,Company,Property,Room,Order Ref.,Booking Ref,Booked On,Check-In,Check-Out,Channel,OTA Reference,Type,Payment Method,Card Type,Last 4 Digits,Virtual Card,Description,User,Updated,Sent to gateway,Confirmed by gateway,Gateway Reference,Settled Amount,Settled Date,Card,Cash / Bank,Vouchers,Total Paid,OTA,eviivo,Total,15/09/2026 14:23,51247791,Omar Davis,,,Hotel Orlando by PLI,Room 4 GF,JHM-093-851,014-250-582,,In House,15/09/2026 14:23,15-Sep-2026,16-Sep-2026,Booking.com,6285781588,Payment,Pre-Paid via OTA,,,,Prepaid via Booking.com,system@eviivo.com,15-Sep-26 14:23:35.338,,15-Sep-26 14:23:35.106,,,,,,,£ 0.00,£ 76.70,,,£ 76.70,Total Paid,,"£ 3,165.10",£ 15.00,£ 229.54,"£ 3,409.64","£ 127,447.80","£ 29,248.56",-£ 260.00,"£ 159,846.00"
Payments,Balance Transfers - to be paid by:,Payment Date,Payment ID,Guest Name,Group,Company,Property,Room,Order Ref.,Booking Ref,Booked On,Check-In,Check-Out,Channel,OTA Reference,Type,Payment Method,Card Type,Last 4 Digits,Virtual Card,Description,User,Updated,Sent to gateway,Confirmed by gateway,Gateway Reference,Settled Amount,Settled Date,Card,Cash / Bank,Vouchers,Total Paid,OTA,eviivo,Total,15/09/2026 14:39,51248127,Megan Bradley,,,Hotel Orlando by PLI,Room 7 Mid-First Floor,MQA-863-755,646-366-802,,Pre-arrival,15/09/2026 14:39,20-Sep-2026,21-Sep-2026,Booking.com,6865900945,Payment,Pre-Paid via OTA,,,,Prepaid via Booking.com,system@eviivo.com,15-Sep-26 14:39:20.938,,15-Sep-26 14:39:20.756,,,,,,,£ 0.00,£ 58.70,,,£ 58.70,Total Paid,,"£ 3,165.10",£ 15.00,£ 229.54,"£ 3,409.64","£ 127,447.80","£ 29,248.56",-£ 260.00,"£ 159,846.00"
Payments,Balance Transfers - to be paid by:,Payment Date,Payment ID,Guest Name,Group,Company,Property,Room,Order Ref.,Booking Ref,Booked On,Check-In,Check-Out,Channel,OTA Reference,Type,Payment Method,Card Type,Last 4 Digits,Virtual Card,Description,User,Updated,Sent to gateway,Confirmed by gateway,Gateway Reference,Settled Amount,Settled Date,Card,Cash / Bank,Vouchers,Total Paid,OTA,eviivo,Total,15/09/2026 15:04,51248578,YAN Xinkeyi,,,Hotel Orlando by PLI,Room 11 2nd Floor,LSD-628-954,691-099-352,,Pre-arrival,15/09/2026 15:04,16-Sep-2026,17-Sep-2026,Booking.com,6254563765,Payment,Pre-Paid via OTA,,,,Prepaid via Booking.com,system@eviivo.com,15-Sep-26 15:04:55.057,,15-Sep-26 15:04:54.773,,,,,,,£ 0.00,£ 71.30,,,£ 71.30,Total Paid,,"£ 3,165.10",£ 15.00,£ 229.54,"£ 3,409.64","£ 127,447.80","£ 29,248.56",-£ 260.00,"£ 159,846.00"
Payments,Balance Transfers - to be paid by:,Payment Date,Payment ID,Guest Name,Group,Company,Property,Room,Order Ref.,Booking Ref,Booked On,Check-In,Check-Out,Channel,OTA Reference,Type,Payment Method,Card Type,Last 4 Digits,Virtual Card,Description,User,Updated,Sent to gateway,Confirmed by gateway,Gateway Reference,Settled Amount,Settled Date,Card,Cash / Bank,Vouchers,Total Paid,OTA,eviivo,Total,15/09/2026 15:12,51248706,Orla McGreevy,,,Hotel Orlando by PLI,Room 9 1st Floor,XYH-522-450,429-888-632,,In House,15/09/2026 13:30,15-Sep-2026,16-Sep-2026,Expedia & Affiliate Network,2559337929,Payment,Card/VCC via the System,Visa,6951,0, Guest pre-authorised online,tamer.elhashmi@crownbs.com,15-Sep-26 15:12:20.356,15-Sep-26 15:12:19.260,15-Sep-26 15:12:20.177,pi_3UFx3JR78xpaffA0029zp7RM,,,£ 100.00,,,£ 100.00,,,,£ 100.00,Total Paid,,"£ 3,165.10",£ 15.00,£ 229.54,"£ 3,409.64","£ 127,447.80","£ 29,248.56",-£ 260.00,"£ 159,846.00"
Payments,Balance Transfers - to be paid by:,Payment Date,Payment ID,Guest Name,Group,Company,Property,Room,Order Ref.,Booking Ref,Booked On,Check-In,Check-Out,Channel,OTA Reference,Type,Payment Method,Card Type,Last 4 Digits,Virtual Card,Description,User,Updated,Sent to gateway,Confirmed by gateway,Gateway Reference,Settled Amount,Settled Date,Card,Cash / Bank,Vouchers,Total Paid,OTA,eviivo,Total,15/09/2026 15:23,51248962,Omar Davis,,,Hotel Orlando by PLI,Room 4 GF,JHM-093-851,014-250-582,,In House,15/09/2026 14:23,15-Sep-2026,16-Sep-2026,Booking.com,6285781588,Payment,Card/VCC via the System,Mastercard,3207,0,Guest Paid Online,eviivo suite,15-Sep-26 15:23:57.034,15-Sep-26 15:23:53.477,15-Sep-26 15:23:56.383,pi_3UFxH3R78xpaffA01aoyznaz,,,£ 100.00,,,£ 100.00,,,,£ 100.00,Total Paid,,"£ 3,165.10",£ 15.00,£ 229.54,"£ 3,409.64","£ 127,447.80","£ 29,248.56",-£ 260.00,"£ 159,846.00"
Payments,Balance Transfers - to be paid by:,Payment Date,Payment ID,Guest Name,Group,Company,Property,Room,Order Ref.,Booking Ref,Booked On,Check-In,Check-Out,Channel,OTA Reference,Type,Payment Method,Card Type,Last 4 Digits,Virtual Card,Description,User,Updated,Sent to gateway,Confirmed by gateway,Gateway Reference,Settled Amount,Settled Date,Card,Cash / Bank,Vouchers,Total Paid,OTA,eviivo,Total,15/09/2026 15:59,51249712,Rewi Newnham,,,Hotel Orlando by PLI,S Room 18 BF,MSE-274-711,229-934-131,,In House,08/09/2026 17:38,15-Sep-2026,16-Sep-2026,Expedia & Affiliate Network,2554016761,Payment,Card/VCC via the System,Visa,3658,0,Guest Paid Online,eviivo suite,15-Sep-26 15:59:37.649,15-Sep-26 15:59:35.757,15-Sep-26 15:59:37.050,pi_3UFxpbR78xpaffA01vbsTOpW,,,£ 100.00,,,£ 100.00,,,,£ 100.00,Total Paid,,"£ 3,165.10",£ 15.00,£ 229.54,"£ 3,409.64","£ 127,447.80","£ 29,248.56",-£ 260.00,"£ 159,846.00"
Payments,Balance Transfers - to be paid by:,Payment Date,Payment ID,Guest Name,Group,Company,Property,Room,Order Ref.,Booking Ref,Booked On,Check-In,Check-Out,Channel,OTA Reference,Type,Payment Method,Card Type,Last 4 Digits,Virtual Card,Description,User,Updated,Sent to gateway,Confirmed by gateway,Gateway Reference,Settled Amount,Settled Date,Card,Cash / Bank,Vouchers,Total Paid,OTA,eviivo,Total,15/09/2026 15:59,51249722,Rewi Newnham,,,Hotel Orlando by PLI,S Room 18 BF,MSE-274-711,229-934-131,,In House,08/09/2026 17:38,15-Sep-2026,16-Sep-2026,Expedia & Affiliate Network,2554016761,Payment,Card/VCC via the System,Visa,3658,0,Guest Paid Online,eviivo suite,15-Sep-26 15:59:43.352,15-Sep-26 15:59:40.480,15-Sep-26 15:59:42.710,pi_3UFxpgR78xpaffA01JWFZeMg,,,£ 100.00,,,£ 100.00,,,,£ 100.00,Total Paid,,"£ 3,165.10",£ 15.00,£ 229.54,"£ 3,409.64","£ 127,447.80","£ 29,248.56",-£ 260.00,"£ 159,846.00"
Payments,Balance Transfers - to be paid by:,Payment Date,Payment ID,Guest Name,Group,Company,Property,Room,Order Ref.,Booking Ref,Booked On,Check-In,Check-Out,Channel,OTA Reference,Type,Payment Method,Card Type,Last 4 Digits,Virtual Card,Description,User,Updated,Sent to gateway,Confirmed by gateway,Gateway Reference,Settled Amount,Settled Date,Card,Cash / Bank,Vouchers,Total Paid,OTA,eviivo,Total,15/09/2026 17:36,51251755,Hannah Martin,,,Hotel Orlando by PLI,Flat 2 ( Basement Orlando ),EIL-298-652,828-246-594,,In House,15/09/2026 12:47,15-Sep-2026,16-Sep-2026,Booking.com,6958881377,Payment,Card/VCC via the System,Visa,2456,0,Guest Paid Online,eviivo suite,15-Sep-26 17:36:52.202,15-Sep-26 17:36:51.557,15-Sep-26 17:36:51.797,pi_3UFzKLR78xpaffA01dtuZSzz,,,£ 100.00,,,£ 100.00,,,,£ 100.00,Total Paid,,"£ 3,165.10",£ 15.00,£ 229.54,"£ 3,409.64","£ 127,447.80","£ 29,248.56",-£ 260.00,"£ 159,846.00"
Payments,Balance Transfers - to be paid by:,Payment Date,Payment ID,Guest Name,Group,Company,Property,Room,Order Ref.,Booking Ref,Booked On,Check-In,Check-Out,Channel,OTA Reference,Type,Payment Method,Card Type,Last 4 Digits,Virtual Card,Description,User,Updated,Sent to gateway,Confirmed by gateway,Gateway Reference,Settled Amount,Settled Date,Card,Cash / Bank,Vouchers,Total Paid,OTA,eviivo,Total,15/09/2026 17:42,51252726,Maximilian Brodda,,,Hotel Orlando by PLI,Room 7 Mid-First Floor,USK-331-614,354-616-441,,Pre-arrival,15/09/2026 17:42,27-Aug-2027,29-Aug-2027,Booking.com,6367794460,Payment,Pre-Paid via OTA,,,,Prepaid via Booking.com,system@eviivo.com,15-Sep-26 18:29:03.156,,15-Sep-26 17:42:14.806,,,,,,,£ 0.00,£ 213.50,,,£ 213.50,Total Paid,,"£ 3,165.10",£ 15.00,£ 229.54,"£ 3,409.64","£ 127,447.80","£ 29,248.56",-£ 260.00,"£ 159,846.00"
Payments,Balance Transfers - to be paid by:,Payment Date,Payment ID,Guest Name,Group,Company,Property,Room,Order Ref.,Booking Ref,Booked On,Check-In,Check-Out,Channel,OTA Reference,Type,Payment Method,Card Type,Last 4 Digits,Virtual Card,Description,User,Updated,Sent to gateway,Confirmed by gateway,Gateway Reference,Settled Amount,Settled Date,Card,Cash / Bank,Vouchers,Total Paid,OTA,eviivo,Total,15/09/2026 18:22,51252619,Abdulsamed Mohamed,,,Hotel Orlando by PLI,Room 14 2nd Floor,HIA-976-163,450-120-182,,Pre-arrival,15/09/2026 18:22,16-Sep-2026,17-Sep-2026,Booking.com,5529206542,Payment,Pre-Paid via OTA,,,,Prepaid via Booking.com,system@eviivo.com,15-Sep-26 18:22:20.153,,15-Sep-26 18:22:19.906,,,,,,,£ 0.00,£ 71.30,,,£ 71.30,Total Paid,,"£ 3,165.10",£ 15.00,£ 229.54,"£ 3,409.64","£ 127,447.80","£ 29,248.56",-£ 260.00,"£ 159,846.00"
Payments,Balance Transfers - to be paid by:,Payment Date,Payment ID,Guest Name,Group,Company,Property,Room,Order Ref.,Booking Ref,Booked On,Check-In,Check-Out,Channel,OTA Reference,Type,Payment Method,Card Type,Last 4 Digits,Virtual Card,Description,User,Updated,Sent to gateway,Confirmed by gateway,Gateway Reference,Settled Amount,Settled Date,Card,Cash / Bank,Vouchers,Total Paid,OTA,eviivo,Total,15/09/2026 18:28,51252709,Simon Capell,,,Hotel Orlando by PLI,Room 11 2nd Floor,SQW-462-973,143-665-914,,In House,13/09/2026 21:25,15-Sep-2026,16-Sep-2026,Booking.com,5371699860,Payment,Card/VCC via the System,Mastercard,6037,0,Guest Paid Online,eviivo suite,15-Sep-26 18:28:18.856,15-Sep-26 18:28:15.603,15-Sep-26 18:28:18.307,pi_3UG09TR78xpaffA004jgR2gI,,,£ 100.00,,,£ 100.00,,,,£ 100.00,Total Paid,,"£ 3,165.10",£ 15.00,£ 229.54,"£ 3,409.64","£ 127,447.80","£ 29,248.56",-£ 260.00,"£ 159,846.00"
Payments,Balance Transfers - to be paid by:,Payment Date,Payment ID,Guest Name,Group,Company,Property,Room,Order Ref.,Booking Ref,Booked On,Check-In,Check-Out,Channel,OTA Reference,Type,Payment Method,Card Type,Last 4 Digits,Virtual Card,Description,User,Updated,Sent to gateway,Confirmed by gateway,Gateway Reference,Settled Amount,Settled Date,Card,Cash / Bank,Vouchers,Total Paid,OTA,eviivo,Total,15/09/2026 19:24,51253663,Lukasz Jankowski,,,Hotel Orlando by PLI,Room 14 2nd Floor,VEP-957-386,866-099-221,,In House,14/09/2026 22:26,15-Sep-2026,16-Sep-2026,Booking.com,5811321375,Payment,Card/VCC via the System,Visa,8234,0,Guest Paid Online,eviivo suite,15-Sep-26 19:24:46.882,15-Sep-26 19:24:44.600,15-Sep-26 19:24:46.673,pi_3UG128R78xpaffA024abSUNB,,,£ 100.00,,,£ 100.00,,,,£ 100.00,Total Paid,,"£ 3,165.10",£ 15.00,£ 229.54,"£ 3,409.64","£ 127,447.80","£ 29,248.56",-£ 260.00,"£ 159,846.00"
Payments,Balance Transfers - to be paid by:,Payment Date,Payment ID,Guest Name,Group,Company,Property,Room,Order Ref.,Booking Ref,Booked On,Check-In,Check-Out,Channel,OTA Reference,Type,Payment Method,Card Type,Last 4 Digits,Virtual Card,Description,User,Updated,Sent to gateway,Confirmed by gateway,Gateway Reference,Settled Amount,Settled Date,Card,Cash / Bank,Vouchers,Total Paid,OTA,eviivo,Total,15/09/2026 20:29,51254697,Victor Odendo,,,Hotel Orlando by PLI,S Room 34 3rd F,KXB-334-021,814-914-291,,Pre-arrival,15/09/2026 20:29,16-Sep-2026,17-Sep-2026,Booking.com,5647676029,Payment,Pre-Paid via OTA,,,,Prepaid via Booking.com,system@eviivo.com,15-Sep-26 20:29:41.024,,15-Sep-26 20:29:40.810,,,,,,,£ 0.00,£ 76.70,,,£ 76.70,Total Paid,,"£ 3,165.10",£ 15.00,£ 229.54,"£ 3,409.64","£ 127,447.80","£ 29,248.56",-£ 260.00,"£ 159,846.00"
Payments,Balance Transfers - to be paid by:,Payment Date,Payment ID,Guest Name,Group,Company,Property,Room,Order Ref.,Booking Ref,Booked On,Check-In,Check-Out,Channel,OTA Reference,Type,Payment Method,Card Type,Last 4 Digits,Virtual Card,Description,User,Updated,Sent to gateway,Confirmed by gateway,Gateway Reference,Settled Amount,Settled Date,Card,Cash / Bank,Vouchers,Total Paid,OTA,eviivo,Total,15/09/2026 22:22,51256274,Aylin tamer,,,Hotel Orlando by PLI,Room 12 2nd Floor,CRK-643-044,109-255-981,,Pre-arrival,15/09/2026 22:22,24-Dec-2026,01-Jan-2027,Booking.com,5988498517,Payment,Pre-Paid via OTA,,,,Prepaid via Booking.com,system@eviivo.com,15-Sep-26 22:22:44.986,,15-Sep-26 22:22:44.670,,,,,,,£ 0.00,£ 863.30,,,£ 863.30,Total Paid,,"£ 3,165.10",£ 15.00,£ 229.54,"£ 3,409.64","£ 127,447.80","£ 29,248.56",-£ 260.00,"£ 159,846.00"
Payments,Balance Transfers - to be paid by:,Payment Date,Payment ID,Guest Name,Group,Company,Property,Room,Order Ref.,Booking Ref,Booked On,Check-In,Check-Out,Channel,OTA Reference,Type,Payment Method,Card Type,Last 4 Digits,Virtual Card,Description,User,Updated,Sent to gateway,Confirmed by gateway,Gateway Reference,Settled Amount,Settled Date,Card,Cash / Bank,Vouchers,Total Paid,OTA,eviivo,Total,16/09/2026 00:08,51257095,MIQUEL BADIA PUJOL,,,Hotel Orlando by PLI,Room 16 3rd Floor,TFK-988-886,594-266-492,,Pre-arrival,16/09/2026 00:08,30-Dec-2027,09-Jan-2028,Booking.com,6958822458,Payment,Pre-Paid via OTA,,,,Prepaid via Booking.com,system@eviivo.com,16-Sep-26 00:08:48.155,,16-Sep-26 00:08:47.916,,,,,,,£ 0.00,£ 380.00,,,£ 380.00,Total Paid,,"£ 3,165.10",£ 15.00,£ 229.54,"£ 3,409.64","£ 127,447.80","£ 29,248.56",-£ 260.00,"£ 159,846.00"
Payments,Balance Transfers - to be paid by:,Payment Date,Payment ID,Guest Name,Group,Company,Property,Room,Order Ref.,Booking Ref,Booked On,Check-In,Check-Out,Channel,OTA Reference,Type,Payment Method,Card Type,Last 4 Digits,Virtual Card,Description,User,Updated,Sent to gateway,Confirmed by gateway,Gateway Reference,Settled Amount,Settled Date,Card,Cash / Bank,Vouchers,Total Paid,OTA,eviivo,Total,16/09/2026 00:31,51257201,Athavan Premaruban,,,Hotel Orlando by PLI,S Room 26 1st F - W/Fridge,NZD-108-507,883-916-381,,Post Checkout,13/09/2026 22:31,15-Sep-2026,16-Sep-2026,Expedia & Affiliate Network,2558020862,Payment,Card/VCC via the System,Mastercard,9951,0,Guest Paid Online,eviivo suite,16-Sep-26 00:31:31.426,16-Sep-26 00:31:26.207,16-Sep-26 00:31:28.447,pi_3UG5owR78xpaffA02W7eSY8j,,,£ 100.00,,,£ 100.00,,,,£ 100.00,Total Paid,,"£ 3,165.10",£ 15.00,£ 229.54,"£ 3,409.64","£ 127,447.80","£ 29,248.56",-£ 260.00,"£ 159,846.00"
Payments,Balance Transfers - to be paid by:,Payment Date,Payment ID,Guest Name,Group,Company,Property,Room,Order Ref.,Booking Ref,Booked On,Check-In,Check-Out,Channel,OTA Reference,Type,Payment Method,Card Type,Last 4 Digits,Virtual Card,Description,User,Updated,Sent to gateway,Confirmed by gateway,Gateway Reference,Settled Amount,Settled Date,Card,Cash / Bank,Vouchers,Total Paid,OTA,eviivo,Total,16/09/2026 05:03,51258212,Carlos Staley,,,Hotel Orlando by PLI,Room 6 GF,ZFB-577-746,423-883-682,,On Account,16/09/2026 05:03,21-Oct-2026,25-Oct-2026,Expedia & Affiliate Network,2559980017,Payment,Pre-Paid via OTA,,,,Extras prepaid via Expedia Affiliate Network,system@eviivo.com,16-Sep-26 05:03:33.635,,16-Sep-26 05:03:33.070,,,,,,,£ 0.00,,£ 350.30,,£ 350.30,Total Paid,,"£ 3,165.10",£ 15.00,£ 229.54,"£ 3,409.64","£ 127,447.80","£ 29,248.56",-£ 260.00,"£ 159,846.00"
Payments,Balance Transfers - to be paid by:,Payment Date,Payment ID,Guest Name,Group,Company,Property,Room,Order Ref.,Booking Ref,Booked On,Check-In,Check-Out,Channel,OTA Reference,Type,Payment Method,Card Type,Last 4 Digits,Virtual Card,Description,User,Updated,Sent to gateway,Confirmed by gateway,Gateway Reference,Settled Amount,Settled Date,Card,Cash / Bank,Vouchers,Total Paid,OTA,eviivo,Total,16/09/2026 08:16,51259989,Luigi Bidello,,,Hotel Orlando by PLI,S Room 22 GF -2Ds W/Microwave &Fridge,ECE-338-512,641-803-014,,Pre-arrival,16/09/2026 08:16,27-Sep-2026,01-Oct-2026,Booking.com,6865987036,Payment,Pre-Paid via OTA,,,,Prepaid via Booking.com,system@eviivo.com,16-Sep-26 08:16:57.094,,16-Sep-26 08:16:56.770,,,,,,,£ 0.00,£ 285.50,,,£ 285.50,Total Paid,,"£ 3,165.10",£ 15.00,£ 229.54,"£ 3,409.64","£ 127,447.80","£ 29,248.56",-£ 260.00,"£ 159,846.00"
Payments,Balance Transfers - to be paid by:,Payment Date,Payment ID,Guest Name,Group,Company,Property,Room,Order Ref.,Booking Ref,Booked On,Check-In,Check-Out,Channel,OTA Reference,Type,Payment Method,Card Type,Last 4 Digits,Virtual Card,Description,User,Updated,Sent to gateway,Confirmed by gateway,Gateway Reference,Settled Amount,Settled Date,Card,Cash / Bank,Vouchers,Total Paid,OTA,eviivo,Total,16/09/2026 11:29,51263674,Lucy Jackson,,,Hotel Orlando by PLI,Flat 2 ( Basement Orlando ),DEW-977-587,315-912-052,,Pre-arrival,16/09/2026 11:29,27-Aug-2027,29-Aug-2027,Booking.com,6387971006,Payment,Pre-Paid via OTA,,,,Prepaid via Booking.com,system@eviivo.com,16-Sep-26 11:29:36.799,,16-Sep-26 11:29:36.553,,,,,,,£ 0.00,£ 259.40,,,£ 259.40,Total Paid,,"£ 3,165.10",£ 15.00,£ 229.54,"£ 3,409.64","£ 127,447.80","£ 29,248.56",-£ 260.00,"£ 159,846.00"
Payments,Balance Transfers - to be paid by:,Payment Date,Payment ID,Guest Name,Group,Company,Property,Room,Order Ref.,Booking Ref,Booked On,Check-In,Check-Out,Channel,OTA Reference,Type,Payment Method,Card Type,Last 4 Digits,Virtual Card,Description,User,Updated,Sent to gateway,Confirmed by gateway,Gateway Reference,Settled Amount,Settled Date,Card,Cash / Bank,Vouchers,Total Paid,OTA,eviivo,Total,16/09/2026 11:40,51263869,Linda Barrack,,,Hotel Orlando by PLI,S Room 19 BF - W/Sofa bed ,ZAG-425-056,995-443-984,,Pre-arrival,16/09/2026 11:40,13-Feb-2027,15-Feb-2027,Booking.com,5372698678,Payment,Pre-Paid via OTA,,,,Prepaid via Booking.com,system@eviivo.com,16-Sep-26 11:40:42.155,,16-Sep-26 11:40:41.926,,,,,,,£ 0.00,£ 128.00,,,£ 128.00,Total Paid,,"£ 3,165.10",£ 15.00,£ 229.54,"£ 3,409.64","£ 127,447.80","£ 29,248.56",-£ 260.00,"£ 159,846.00"
Payments,Balance Transfers - to be paid by:,Payment Date,Payment ID,Guest Name,Group,Company,Property,Room,Order Ref.,Booking Ref,Booked On,Check-In,Check-Out,Channel,OTA Reference,Type,Payment Method,Card Type,Last 4 Digits,Virtual Card,Description,User,Updated,Sent to gateway,Confirmed by gateway,Gateway Reference,Settled Amount,Settled Date,Card,Cash / Bank,Vouchers,Total Paid,OTA,eviivo,Total,16/09/2026 15:23,51267893,Abdulsamed Mohamed,,,Hotel Orlando by PLI,Room 14 2nd Floor,HIA-976-163,450-120-182,,In House,15/09/2026 18:22,16-Sep-2026,17-Sep-2026,Booking.com,5529206542,Payment,Card/VCC via the System,Mastercard,4262,0,Guest Paid Online,eviivo suite,16-Sep-26 15:23:09.197,16-Sep-26 15:23:06.807,16-Sep-26 15:23:08.970,pi_3UGJjqR78xpaffA00WIsMzTS,,,£ 100.00,,,£ 100.00,,,,£ 100.00,Total Paid,,"£ 3,165.10",£ 15.00,£ 229.54,"£ 3,409.64","£ 127,447.80","£ 29,248.56",-£ 260.00,"£ 159,846.00"
Payments,Balance Transfers - to be paid by:,Payment Date,Payment ID,Guest Name,Group,Company,Property,Room,Order Ref.,Booking Ref,Booked On,Check-In,Check-Out,Channel,OTA Reference,Type,Payment Method,Card Type,Last 4 Digits,Virtual Card,Description,User,Updated,Sent to gateway,Confirmed by gateway,Gateway Reference,Settled Amount,Settled Date,Card,Cash / Bank,Vouchers,Total Paid,OTA,eviivo,Total,,51268247,Marcin Nowak,,KM Expo sp z oo,Hotel Orlando by PLI,S Room 31 2nd FF,NUN-345-583,546-428-114,,On Account,16/09/2026 15:41,26-Sep-2026,01-Oct-2026,Booking.com,6612314137,(see above/below),(see above/below),,,,,system@eviivo.com,,,,,,,,,,£ 0.00,,,,,Total Paid,,"£ 3,165.10",£ 15.00,£ 229.54,"£ 3,409.64","£ 127,447.80","£ 29,248.56",-£ 260.00,"£ 159,846.00"
Payments,Balance Transfers - to be paid by:,Payment Date,Payment ID,Guest Name,Group,Company,Property,Room,Order Ref.,Booking Ref,Booked On,Check-In,Check-Out,Channel,OTA Reference,Type,Payment Method,Card Type,Last 4 Digits,Virtual Card,Description,User,Updated,Sent to gateway,Confirmed by gateway,Gateway Reference,Settled Amount,Settled Date,Card,Cash / Bank,Vouchers,Total Paid,OTA,eviivo,Total,16/09/2026 15:41,51268247,Marcin Nowak,,,Hotel Orlando by PLI,Room 13 2nd Floor,NUN-345-583,868-011-282,,Pre-arrival,16/09/2026 15:41,26-Sep-2026,01-Oct-2026,Booking.com,6612314137,Payment,Pre-Paid via OTA,,,,Prepaid via Booking.com,system@eviivo.com,16-Sep-26 15:41:51.382,,16-Sep-26 15:41:50.810,,,,,,,£ 0.00,£ 733.90,,,£ 733.90,Total Paid,,"£ 3,165.10",£ 15.00,£ 229.54,"£ 3,409.64","£ 127,447.80","£ 29,248.56",-£ 260.00,"£ 159,846.00"
Payments,Balance Transfers - to be paid by:,Payment Date,Payment ID,Guest Name,Group,Company,Property,Room,Order Ref.,Booking Ref,Booked On,Check-In,Check-Out,Channel,OTA Reference,Type,Payment Method,Card Type,Last 4 Digits,Virtual Card,Description,User,Updated,Sent to gateway,Confirmed by gateway,Gateway Reference,Settled Amount,Settled Date,Card,Cash / Bank,Vouchers,Total Paid,OTA,eviivo,Total,16/09/2026 16:10,51268877,Maria Rosalia Donatini,,,Hotel Orlando by PLI,S Room 23 GF,REF-156-384,851-361-351,,On Account,16/09/2026 16:10,12-Oct-2026,16-Oct-2026,Expedia & Affiliate Network,2560324177,Payment,Pre-Paid via OTA,,,,Extras prepaid via Expedia Affiliate Network,system@eviivo.com,16-Sep-26 16:10:37.202,,16-Sep-26 16:10:36.560,,,,,,,£ 0.00,,£ 338.59,,£ 338.59,Total Paid,,"£ 3,165.10",£ 15.00,£ 229.54,"£ 3,409.64","£ 127,447.80","£ 29,248.56",-£ 260.00,"£ 159,846.00"
Payments,Balance Transfers - to be paid by:,Payment Date,Payment ID,Guest Name,Group,Company,Property,Room,Order Ref.,Booking Ref,Booked On,Check-In,Check-Out,Channel,OTA Reference,Type,Payment Method,Card Type,Last 4 Digits,Virtual Card,Description,User,Updated,Sent to gateway,Confirmed by gateway,Gateway Reference,Settled Amount,Settled Date,Card,Cash / Bank,Vouchers,Total Paid,OTA,eviivo,Total,16/09/2026 16:52,51269775,Tomasz Kukier,,,Hotel Orlando by PLI,S Room 29 Mid 2nd F,SRV-687-001,534-369-832,,In House,15/09/2026 00:57,16-Sep-2026,17-Sep-2026,Booking.com,6194973405,Payment,Card/VCC via the System,Visa,2997,0,Guest Paid Online,eviivo suite,16-Sep-26 16:52:17.553,16-Sep-26 16:52:14.703,16-Sep-26 16:52:16.993,pi_3UGL86R78xpaffA02pPOOV2L,,,£ 100.00,,,£ 100.00,,,,£ 100.00,Total Paid,,"£ 3,165.10",£ 15.00,£ 229.54,"£ 3,409.64","£ 127,447.80","£ 29,248.56",-£ 260.00,"£ 159,846.00"
Payments,Balance Transfers - to be paid by:,Payment Date,Payment ID,Guest Name,Group,Company,Property,Room,Order Ref.,Booking Ref,Booked On,Check-In,Check-Out,Channel,OTA Reference,Type,Payment Method,Card Type,Last 4 Digits,Virtual Card,Description,User,Updated,Sent to gateway,Confirmed by gateway,Gateway Reference,Settled Amount,Settled Date,Card,Cash / Bank,Vouchers,Total Paid,OTA,eviivo,Total,16/09/2026 17:22,51270423,YAN Xinkeyi,,,Hotel Orlando by PLI,Room 11 2nd Floor,LSD-628-954,691-099-352,,In House,15/09/2026 15:04,16-Sep-2026,17-Sep-2026,Booking.com,6254563765,Payment,Card/VCC via the System,Mastercard,9382,0,Guest Paid Online,eviivo suite,16-Sep-26 17:22:40.236,16-Sep-26 17:22:37.723,16-Sep-26 17:22:39.793,pi_3UGLbWR78xpaffA02i4Yx8WR,,,£ 100.00,,,£ 100.00,,,,£ 100.00,Total Paid,,"£ 3,165.10",£ 15.00,£ 229.54,"£ 3,409.64","£ 127,447.80","£ 29,248.56",-£ 260.00,"£ 159,846.00"
Payments,Balance Transfers - to be paid by:,Payment Date,Payment ID,Guest Name,Group,Company,Property,Room,Order Ref.,Booking Ref,Booked On,Check-In,Check-Out,Channel,OTA Reference,Type,Payment Method,Card Type,Last 4 Digits,Virtual Card,Description,User,Updated,Sent to gateway,Confirmed by gateway,Gateway Reference,Settled Amount,Settled Date,Card,Cash / Bank,Vouchers,Total Paid,OTA,eviivo,Total,16/09/2026 17:40,51270728,MELIE PAGE,,,Hotel Orlando by PLI,Room 9 1st Floor,RPA-169-713,854-644-684,,On Account,16/09/2026 17:40,09-Oct-2026,12-Oct-2026,Expedia & Affiliate Network,2560389549,Payment,Pre-Paid via OTA,,,,Extras prepaid via Expedia Affiliate Network,system@eviivo.com,16-Sep-26 17:40:10.225,,16-Sep-26 17:40:08.793,,,,,,,£ 0.00,,£ 332.29,,£ 332.29,Total Paid,,"£ 3,165.10",£ 15.00,£ 229.54,"£ 3,409.64","£ 127,447.80","£ 29,248.56",-£ 260.00,"£ 159,846.00"
Payments,Balance Transfers - to be paid by:,Payment Date,Payment ID,Guest Name,Group,Company,Property,Room,Order Ref.,Booking Ref,Booked On,Check-In,Check-Out,Channel,OTA Reference,Type,Payment Method,Card Type,Last 4 Digits,Virtual Card,Description,User,Updated,Sent to gateway,Confirmed by gateway,Gateway Reference,Settled Amount,Settled Date,Card,Cash / Bank,Vouchers,Total Paid,OTA,eviivo,Total,16/09/2026 17:47,51270856,ΕΥΑΓΓΕΛΟΣ ΤΣΑΠΑΡΗΣ,,,Hotel Orlando by PLI,S Room 21 GF - SofaBed,GUA-235-669,226-580-432,,Pre-arrival,16/09/2026 17:47,10-Oct-2026,15-Oct-2026,Booking.com,6886219236,Payment,Pre-Paid via OTA,,,,Prepaid via Booking.com,system@eviivo.com,16-Sep-26 17:47:54.487,,16-Sep-26 17:47:54.310,,,,,,,£ 0.00,£ 479.00,,,£ 479.00,Total Paid,,"£ 3,165.10",£ 15.00,£ 229.54,"£ 3,409.64","£ 127,447.80","£ 29,248.56",-£ 260.00,"£ 159,846.00"
Payments,Balance Transfers - to be paid by:,Payment Date,Payment ID,Guest Name,Group,Company,Property,Room,Order Ref.,Booking Ref,Booked On,Check-In,Check-Out,Channel,OTA Reference,Type,Payment Method,Card Type,Last 4 Digits,Virtual Card,Description,User,Updated,Sent to gateway,Confirmed by gateway,Gateway Reference,Settled Amount,Settled Date,Card,Cash / Bank,Vouchers,Total Paid,OTA,eviivo,Total,16/09/2026 18:01,51271117,Klaudia Berent,,,Hotel Orlando by PLI,Room 9 1st Floor,BZW-009-366,832-944-394,,Pre-arrival,16/09/2026 18:01,27-Feb-2027,28-Feb-2027,Booking.com,5684152810,Payment,Pre-Paid via OTA,,,,Prepaid via Booking.com,system@eviivo.com,16-Sep-26 18:01:29.253,,16-Sep-26 18:01:28.956,,,,,,,£ 0.00,£ 74.00,,,£ 74.00,Total Paid,,"£ 3,165.10",£ 15.00,£ 229.54,"£ 3,409.64","£ 127,447.80","£ 29,248.56",-£ 260.00,"£ 159,846.00"
Payments,Balance Transfers - to be paid by:,Payment Date,Payment ID,Guest Name,Group,Company,Property,Room,Order Ref.,Booking Ref,Booked On,Check-In,Check-Out,Channel,OTA Reference,Type,Payment Method,Card Type,Last 4 Digits,Virtual Card,Description,User,Updated,Sent to gateway,Confirmed by gateway,Gateway Reference,Settled Amount,Settled Date,Card,Cash / Bank,Vouchers,Total Paid,OTA,eviivo,Total,16/09/2026 18:14,51271383,Agustin Scalisi,,,Hotel Orlando by PLI,Flat 20 ( Basement sino ),ZAN-739-278,938-222-194,,Pre-arrival,16/09/2026 18:14,02-Feb-2027,06-Feb-2027,Booking.com,6747436514,Payment,Pre-Paid via OTA,,,,Prepaid via Booking.com,system@eviivo.com,16-Sep-26 18:14:52.208,,16-Sep-26 18:14:51.873,,,,,,,£ 0.00,£ 268.00,,,£ 268.00,Total Paid,,"£ 3,165.10",£ 15.00,£ 229.54,"£ 3,409.64","£ 127,447.80","£ 29,248.56",-£ 260.00,"£ 159,846.00"
Payments,Balance Transfers - to be paid by:,Payment Date,Payment ID,Guest Name,Group,Company,Property,Room,Order Ref.,Booking Ref,Booked On,Check-In,Check-Out,Channel,OTA Reference,Type,Payment Method,Card Type,Last 4 Digits,Virtual Card,Description,User,Updated,Sent to gateway,Confirmed by gateway,Gateway Reference,Settled Amount,Settled Date,Card,Cash / Bank,Vouchers,Total Paid,OTA,eviivo,Total,16/09/2026 18:17,51271433,taylor cable,,,Hotel Orlando by PLI,S Room 27 1st F  W/Fridge,HDW-140-985,610-583-261,,In House,11/09/2026 12:47,16-Sep-2026,17-Sep-2026,Booking.com,5083382873,Payment,Card/VCC via the System,Mastercard,3689,0,Guest Paid Online,eviivo suite,16-Sep-26 18:17:38.664,16-Sep-26 18:17:35.217,16-Sep-26 18:17:38.267,pi_3UGMShR78xpaffA00bw0unnj,,,£ 100.00,,,£ 100.00,,,,£ 100.00,Total Paid,,"£ 3,165.10",£ 15.00,£ 229.54,"£ 3,409.64","£ 127,447.80","£ 29,248.56",-£ 260.00,"£ 159,846.00"
Payments,Balance Transfers - to be paid by:,Payment Date,Payment ID,Guest Name,Group,Company,Property,Room,Order Ref.,Booking Ref,Booked On,Check-In,Check-Out,Channel,OTA Reference,Type,Payment Method,Card Type,Last 4 Digits,Virtual Card,Description,User,Updated,Sent to gateway,Confirmed by gateway,Gateway Reference,Settled Amount,Settled Date,Card,Cash / Bank,Vouchers,Total Paid,OTA,eviivo,Total,16/09/2026 18:49,51271999,PAOLO AMENTA,,,Hotel Orlando by PLI,Room 13 2nd Floor,UXR-880-767,540-484-234,,On Account,16/09/2026 18:49,03-Nov-2026,09-Nov-2026,Expedia & Affiliate Network,2560439796,Payment,Pre-Paid via OTA,,,,Extras prepaid via Expedia Affiliate Network,system@eviivo.com,16-Sep-26 18:49:30.605,,16-Sep-26 18:49:30.156,,,,,,,£ 0.00,,£ 511.39,,£ 511.39,Total Paid,,"£ 3,165.10",£ 15.00,£ 229.54,"£ 3,409.64","£ 127,447.80","£ 29,248.56",-£ 260.00,"£ 159,846.00"
Payments,Balance Transfers - to be paid by:,Payment Date,Payment ID,Guest Name,Group,Company,Property,Room,Order Ref.,Booking Ref,Booked On,Check-In,Check-Out,Channel,OTA Reference,Type,Payment Method,Card Type,Last 4 Digits,Virtual Card,Description,User,Updated,Sent to gateway,Confirmed by gateway,Gateway Reference,Settled Amount,Settled Date,Card,Cash / Bank,Vouchers,Total Paid,OTA,eviivo,Total,16/09/2026 19:21,51272467,Svetlana Brincat Muscat,,,Hotel Orlando by PLI,Room 9 1st Floor,KNR-410-538,404-316-854,,In House,22/07/2025 22:25,16-Sep-2026,17-Sep-2026,Booking.com,5573386077,Payment,Pre-Paid via OTA,,,,Prepaid via OTA,system@eviivo.com,16-Sep-26 19:21:23.174,,16-Sep-26 19:21:23.056,,,,,,,£ 0.00,£ 47.50,,,£ 47.50,Total Paid,,"£ 3,165.10",£ 15.00,£ 229.54,"£ 3,409.64","£ 127,447.80","£ 29,248.56",-£ 260.00,"£ 159,846.00"
Payments,Balance Transfers - to be paid by:,Payment Date,Payment ID,Guest Name,Group,Company,Property,Room,Order Ref.,Booking Ref,Booked On,Check-In,Check-Out,Channel,OTA Reference,Type,Payment Method,Card Type,Last 4 Digits,Virtual Card,Description,User,Updated,Sent to gateway,Confirmed by gateway,Gateway Reference,Settled Amount,Settled Date,Card,Cash / Bank,Vouchers,Total Paid,OTA,eviivo,Total,16/09/2026 19:27,51272563,Steve Dumbrell,,,Hotel Orlando by PLI,Room 9 1st Floor,RIQ-356-741,102-033-321,,In House,16/09/2026 19:27,16-Sep-2026,17-Sep-2026,Booking.com,6196292044,Payment,Pre-Paid via OTA,,,,Prepaid via Booking.com,system@eviivo.com,16-Sep-26 19:27:58.362,,16-Sep-26 19:27:58.180,,,,,,,£ 0.00,£ 81.20,,,£ 81.20,Total Paid,,"£ 3,165.10",£ 15.00,£ 229.54,"£ 3,409.64","£ 127,447.80","£ 29,248.56",-£ 260.00,"£ 159,846.00"
Payments,Balance Transfers - to be paid by:,Payment Date,Payment ID,Guest Name,Group,Company,Property,Room,Order Ref.,Booking Ref,Booked On,Check-In,Check-Out,Channel,OTA Reference,Type,Payment Method,Card Type,Last 4 Digits,Virtual Card,Description,User,Updated,Sent to gateway,Confirmed by gateway,Gateway Reference,Settled Amount,Settled Date,Card,Cash / Bank,Vouchers,Total Paid,OTA,eviivo,Total,16/09/2026 19:32,51272610,Marina Valencia,,,Hotel Orlando by PLI,Room 16 3rd Floor,GMZ-966-562,285-446-394,,Pre-arrival,16/09/2026 19:32,28-Aug-2027,29-Aug-2027,Booking.com,6347108044,Payment,Pre-Paid via OTA,,,,Prepaid via Booking.com,system@eviivo.com,16-Sep-26 19:32:20.458,,16-Sep-26 19:32:20.283,,,,,,,£ 0.00,£ 118.10,,,£ 118.10,Total Paid,,"£ 3,165.10",£ 15.00,£ 229.54,"£ 3,409.64","£ 127,447.80","£ 29,248.56",-£ 260.00,"£ 159,846.00"
Payments,Balance Transfers - to be paid by:,Payment Date,Payment ID,Guest Name,Group,Company,Property,Room,Order Ref.,Booking Ref,Booked On,Check-In,Check-Out,Channel,OTA Reference,Type,Payment Method,Card Type,Last 4 Digits,Virtual Card,Description,User,Updated,Sent to gateway,Confirmed by gateway,Gateway Reference,Settled Amount,Settled Date,Card,Cash / Bank,Vouchers,Total Paid,OTA,eviivo,Total,16/09/2026 19:58,51273071,Steve Dumbrell,,,Hotel Orlando by PLI,Room 9 1st Floor,RIQ-356-741,102-033-321,,In House,16/09/2026 19:27,16-Sep-2026,17-Sep-2026,Booking.com,6196292044,Payment,Card/VCC via the System,Visa,2675,0,Guest Paid Online,eviivo suite,16-Sep-26 19:58:27.017,16-Sep-26 19:58:24.910,16-Sep-26 19:58:26.647,pi_3UGO2HR78xpaffA00NOzjWvX,,,£ 100.00,,,£ 100.00,,,,£ 100.00,Total Paid,,"£ 3,165.10",£ 15.00,£ 229.54,"£ 3,409.64","£ 127,447.80","£ 29,248.56",-£ 260.00,"£ 159,846.00"
Payments,Balance Transfers - to be paid by:,Payment Date,Payment ID,Guest Name,Group,Company,Property,Room,Order Ref.,Booking Ref,Booked On,Check-In,Check-Out,Channel,OTA Reference,Type,Payment Method,Card Type,Last 4 Digits,Virtual Card,Description,User,Updated,Sent to gateway,Confirmed by gateway,Gateway Reference,Settled Amount,Settled Date,Card,Cash / Bank,Vouchers,Total Paid,OTA,eviivo,Total,16/09/2026 20:47,51273894,Oluseun Abraham,,,Hotel Orlando by PLI,Room 11 2nd Floor,VAJ-086-048,951-130-124,,Pre-arrival,16/09/2026 20:47,26-Sep-2026,27-Sep-2026,Booking.com,5005268283,Payment,Pre-Paid via OTA,,,,Prepaid via Booking.com,system@eviivo.com,16-Sep-26 20:47:54.201,,16-Sep-26 20:47:53.880,,,,,,,£ 0.00,£ 99.20,,,£ 99.20,Total Paid,,"£ 3,165.10",£ 15.00,£ 229.54,"£ 3,409.64","£ 127,447.80","£ 29,248.56",-£ 260.00,"£ 159,846.00"
Payments,Balance Transfers - to be paid by:,Payment Date,Payment ID,Guest Name,Group,Company,Property,Room,Order Ref.,Booking Ref,Booked On,Check-In,Check-Out,Channel,OTA Reference,Type,Payment Method,Card Type,Last 4 Digits,Virtual Card,Description,User,Updated,Sent to gateway,Confirmed by gateway,Gateway Reference,Settled Amount,Settled Date,Card,Cash / Bank,Vouchers,Total Paid,OTA,eviivo,Total,16/09/2026 21:25,51274462,Valentina-Maria Badea,,,Hotel Orlando by PLI,Room 1 BF,MKL-717-005,303-813-104,,Pre-arrival,16/09/2026 21:25,03-Oct-2026,05-Oct-2026,Booking.com,5466035798,Payment,Pre-Paid via OTA,,,,Prepaid via Booking.com,system@eviivo.com,16-Sep-26 21:25:21.816,,16-Sep-26 21:25:21.513,,,,,,,£ 0.00,£ 165.80,,,£ 165.80,Total Paid,,"£ 3,165.10",£ 15.00,£ 229.54,"£ 3,409.64","£ 127,447.80","£ 29,248.56",-£ 260.00,"£ 159,846.00"
Payments,Balance Transfers - to be paid by:,Payment Date,Payment ID,Guest Name,Group,Company,Property,Room,Order Ref.,Booking Ref,Booked On,Check-In,Check-Out,Channel,OTA Reference,Type,Payment Method,Card Type,Last 4 Digits,Virtual Card,Description,User,Updated,Sent to gateway,Confirmed by gateway,Gateway Reference,Settled Amount,Settled Date,Card,Cash / Bank,Vouchers,Total Paid,OTA,eviivo,Total,16/09/2026 21:56,51274896,Bruna Gaspar,,,Hotel Orlando by PLI,Flat 5 ( GF Orlando ) -  Studio,DZI-162-134,521-390-432,,Pre-arrival,16/09/2026 21:56,22-Aug-2027,27-Aug-2027,Booking.com,6950135295,Payment,Pre-Paid via OTA,,,,Prepaid via Booking.com,system@eviivo.com,16-Sep-26 21:56:12.912,,16-Sep-26 21:56:12.666,,,,,,,£ 0.00,£ 418.70,,,£ 418.70,Total Paid,,"£ 3,165.10",£ 15.00,£ 229.54,"£ 3,409.64","£ 127,447.80","£ 29,248.56",-£ 260.00,"£ 159,846.00"
Payments,Balance Transfers - to be paid by:,Payment Date,Payment ID,Guest Name,Group,Company,Property,Room,Order Ref.,Booking Ref,Booked On,Check-In,Check-Out,Channel,OTA Reference,Type,Payment Method,Card Type,Last 4 Digits,Virtual Card,Description,User,Updated,Sent to gateway,Confirmed by gateway,Gateway Reference,Settled Amount,Settled Date,Card,Cash / Bank,Vouchers,Total Paid,OTA,eviivo,Total,16/09/2026 21:58,51274928,Kaylia Seraline,,,Hotel Orlando by PLI,S Room 31 2nd FF,WGH-850-947,102-332-212,,On Account,16/09/2026 21:58,16-Oct-2026,18-Oct-2026,Expedia & Affiliate Network,2560568354,Payment,Pre-Paid via OTA,,,,Extras prepaid via Expedia Affiliate Network,system@eviivo.com,16-Sep-26 21:58:51.561,,16-Sep-26 21:58:50.666,,,,,,,£ 0.00,,£ 235.11,,£ 235.11,Total Paid,,"£ 3,165.10",£ 15.00,£ 229.54,"£ 3,409.64","£ 127,447.80","£ 29,248.56",-£ 260.00,"£ 159,846.00"
Payments,Balance Transfers - to be paid by:,Payment Date,Payment ID,Guest Name,Group,Company,Property,Room,Order Ref.,Booking Ref,Booked On,Check-In,Check-Out,Channel,OTA Reference,Type,Payment Method,Card Type,Last 4 Digits,Virtual Card,Description,User,Updated,Sent to gateway,Confirmed by gateway,Gateway Reference,Settled Amount,Settled Date,Card,Cash / Bank,Vouchers,Total Paid,OTA,eviivo,Total,16/09/2026 23:29,51275781,Abdulsamed Mohamed,,,Hotel Orlando by PLI,Room 13 2nd Floor,GDM-444-760,298-183-291,,Pre-arrival,16/09/2026 23:29,17-Sep-2026,18-Sep-2026,Booking.com,6934459450,Payment,Pre-Paid via OTA,,,,Prepaid via Booking.com,system@eviivo.com,16-Sep-26 23:29:01.980,,16-Sep-26 23:29:01.780,,,,,,,£ 0.00,£ 76.70,,,£ 76.70,Total Paid,,"£ 3,165.10",£ 15.00,£ 229.54,"£ 3,409.64","£ 127,447.80","£ 29,248.56",-£ 260.00,"£ 159,846.00"
Payments,Balance Transfers - to be paid by:,Payment Date,Payment ID,Guest Name,Group,Company,Property,Room,Order Ref.,Booking Ref,Booked On,Check-In,Check-Out,Channel,OTA Reference,Type,Payment Method,Card Type,Last 4 Digits,Virtual Card,Description,User,Updated,Sent to gateway,Confirmed by gateway,Gateway Reference,Settled Amount,Settled Date,Card,Cash / Bank,Vouchers,Total Paid,OTA,eviivo,Total,17/09/2026 00:05,51276073,Daniel Tellez,,,Hotel Orlando by PLI,Flat 20 ( Basement sino ),HDS-126-195,842-181-512,,On Account,17/09/2026 00:05,29-Sep-2026,30-Sep-2026,Expedia & Affiliate Network,2560643673,Payment,Pre-Paid via OTA,,,,Extras prepaid via Expedia,system@eviivo.com,17-Sep-26 00:05:21.240,,17-Sep-26 00:05:20.603,,,,,,,£ 0.00,,£ 109.00,,£ 109.00,Total Paid,,"£ 3,165.10",£ 15.00,£ 229.54,"£ 3,409.64","£ 127,447.80","£ 29,248.56",-£ 260.00,"£ 159,846.00"
Payments,Balance Transfers - to be paid by:,Payment Date,Payment ID,Guest Name,Group,Company,Property,Room,Order Ref.,Booking Ref,Booked On,Check-In,Check-Out,Channel,OTA Reference,Type,Payment Method,Card Type,Last 4 Digits,Virtual Card,Description,User,Updated,Sent to gateway,Confirmed by gateway,Gateway Reference,Settled Amount,Settled Date,Card,Cash / Bank,Vouchers,Total Paid,OTA,eviivo,Total,17/09/2026 00:27,51276214,Armando Pou Díaz,,,Hotel Orlando by PLI,Room 8 1st Floor,NCE-200-120,809-811-344,,On Account,17/09/2026 00:27,23-Sep-2026,26-Sep-2026,Expedia & Affiliate Network,2560656325,Payment,Pre-Paid via OTA,,,,Extras prepaid via Expedia,system@eviivo.com,17-Sep-26 00:27:56.526,,17-Sep-26 00:27:56.210,,,,,,,£ 0.00,,£ 305.00,,£ 305.00,Total Paid,,"£ 3,165.10",£ 15.00,£ 229.54,"£ 3,409.64","£ 127,447.80","£ 29,248.56",-£ 260.00,"£ 159,846.00"
Payments,Balance Transfers - to be paid by:,Payment Date,Payment ID,Guest Name,Group,Company,Property,Room,Order Ref.,Booking Ref,Booked On,Check-In,Check-Out,Channel,OTA Reference,Type,Payment Method,Card Type,Last 4 Digits,Virtual Card,Description,User,Updated,Sent to gateway,Confirmed by gateway,Gateway Reference,Settled Amount,Settled Date,Card,Cash / Bank,Vouchers,Total Paid,OTA,eviivo,Total,17/09/2026 00:54,51276309,Armando Pou Díaz,,,Hotel Orlando by PLI,Room 8 1st Floor,NCE-200-120,809-811-344,,Pre-arrival,17/09/2026 00:27,23-Sep-2026,26-Sep-2026,Expedia & Affiliate Network,2560656325,Payment,Card/VCC via the System,Mastercard,7368,0,Guest Paid Online,eviivo suite,17-Sep-26 00:54:37.068,17-Sep-26 00:54:34.613,17-Sep-26 00:54:36.750,pi_3UGSesR78xpaffA01InsjxZ4,,,£ 100.00,,,£ 100.00,,,,£ 100.00,Total Paid,,"£ 3,165.10",£ 15.00,£ 229.54,"£ 3,409.64","£ 127,447.80","£ 29,248.56",-£ 260.00,"£ 159,846.00"
Payments,Balance Transfers - to be paid by:,Payment Date,Payment ID,Guest Name,Group,Company,Property,Room,Order Ref.,Booking Ref,Booked On,Check-In,Check-Out,Channel,OTA Reference,Type,Payment Method,Card Type,Last 4 Digits,Virtual Card,Description,User,Updated,Sent to gateway,Confirmed by gateway,Gateway Reference,Settled Amount,Settled Date,Card,Cash / Bank,Vouchers,Total Paid,OTA,eviivo,Total,17/09/2026 04:36,51277201,Sarah Quainoo,,,Hotel Orlando by PLI,Room 6 GF,UMB-487-883,109-056-364,,Pre-arrival,17/09/2026 04:36,13-Nov-2026,16-Nov-2026,Booking.com,6934493629,Payment,Pre-Paid via OTA,,,,Prepaid via Booking.com,system@eviivo.com,17-Sep-26 04:36:46.638,,17-Sep-26 04:36:46.470,,,,,,,£ 0.00,£ 252.20,,,£ 252.20,Total Paid,,"£ 3,165.10",£ 15.00,£ 229.54,"£ 3,409.64","£ 127,447.80","£ 29,248.56",-£ 260.00,"£ 159,846.00"
Payments,Balance Transfers - to be paid by:,Payment Date,Payment ID,Guest Name,Group,Company,Property,Room,Order Ref.,Booking Ref,Booked On,Check-In,Check-Out,Channel,OTA Reference,Type,Payment Method,Card Type,Last 4 Digits,Virtual Card,Description,User,Updated,Sent to gateway,Confirmed by gateway,Gateway Reference,Settled Amount,Settled Date,Card,Cash / Bank,Vouchers,Total Paid,OTA,eviivo,Total,17/09/2026 08:55,51279729,OLADAYO ABOYEJI,,,Hotel Orlando by PLI,S Room 30 2nd F - W/Fridge,LRC-775-898,084-503-244,,In House,17/09/2026 08:55,17-Sep-2026,18-Sep-2026,Booking.com,5587416059,Payment,Pre-Paid via OTA,,,,Prepaid via Booking.com,system@eviivo.com,17-Sep-26 08:55:47.649,,17-Sep-26 08:55:47.390,,,,,,,£ 0.00,£ 71.30,,,£ 71.30,Total Paid,,"£ 3,165.10",£ 15.00,£ 229.54,"£ 3,409.64","£ 127,447.80","£ 29,248.56",-£ 260.00,"£ 159,846.00"
Payments,Balance Transfers - to be paid by:,Payment Date,Payment ID,Guest Name,Group,Company,Property,Room,Order Ref.,Booking Ref,Booked On,Check-In,Check-Out,Channel,OTA Reference,Type,Payment Method,Card Type,Last 4 Digits,Virtual Card,Description,User,Updated,Sent to gateway,Confirmed by gateway,Gateway Reference,Settled Amount,Settled Date,Card,Cash / Bank,Vouchers,Total Paid,OTA,eviivo,Total,17/09/2026 10:40,51281825,Stephen Dodd,,,Hotel Orlando by PLI,Room 9 1st Floor,HMR-183-886,998-393-944,,Pre-arrival,17/09/2026 10:40,25-Sep-2026,28-Sep-2026,Booking.com,5976143733,Payment,Pre-Paid via OTA,,,,Prepaid via Booking.com,system@eviivo.com,17-Sep-26 10:40:15.056,,17-Sep-26 10:40:14.813,,,,,,,£ 0.00,£ 260.30,,,£ 260.30,Total Paid,,"£ 3,165.10",£ 15.00,£ 229.54,"£ 3,409.64","£ 127,447.80","£ 29,248.56",-£ 260.00,"£ 159,846.00"
Payments,Balance Transfers - to be paid by:,Payment Date,Payment ID,Guest Name,Group,Company,Property,Room,Order Ref.,Booking Ref,Booked On,Check-In,Check-Out,Channel,OTA Reference,Type,Payment Method,Card Type,Last 4 Digits,Virtual Card,Description,User,Updated,Sent to gateway,Confirmed by gateway,Gateway Reference,Settled Amount,Settled Date,Card,Cash / Bank,Vouchers,Total Paid,OTA,eviivo,Total,17/09/2026 11:22,51282515,ALEJANDRO REBOLLO DE LA FUENTE,,,Hotel Orlando by PLI,Room 11 2nd Floor,YBN-072-828,948-048-934,,Pre-arrival,11/09/2026 11:28,08-Oct-2026,12-Oct-2026,Expedia & Affiliate Network,2556334717,Payment,Card/VCC via the System,Visa,5481,0,Guest Paid Online,eviivo suite,17-Sep-26 11:22:56.261,17-Sep-26 11:22:53.200,17-Sep-26 11:22:55.783,pi_3UGcSvR78xpaffA02GcDMWAR,,,£ 100.00,,,£ 100.00,,,,£ 100.00,Total Paid,,"£ 3,165.10",£ 15.00,£ 229.54,"£ 3,409.64","£ 127,447.80","£ 29,248.56",-£ 260.00,"£ 159,846.00"
Payments,Balance Transfers - to be paid by:,Payment Date,Payment ID,Guest Name,Group,Company,Property,Room,Order Ref.,Booking Ref,Booked On,Check-In,Check-Out,Channel,OTA Reference,Type,Payment Method,Card Type,Last 4 Digits,Virtual Card,Description,User,Updated,Sent to gateway,Confirmed by gateway,Gateway Reference,Settled Amount,Settled Date,Card,Cash / Bank,Vouchers,Total Paid,OTA,eviivo,Total,17/09/2026 11:28,51282597,Omar Davis,,,Hotel Orlando by PLI,Room 4 GF,JHM-093-851,014-250-582,,Post Checkout,15/09/2026 14:23,15-Sep-2026,16-Sep-2026,Booking.com,6285781588,Refund,Card/VCC via the System,Mastercard,3207,0,,sara.allam@crownbs.com,17-Sep-26 11:28:25.143,17-Sep-26 11:28:23.910,17-Sep-26 11:28:24.983,re_3UFxH3R78xpaffA013orXWcu,,,-£ 100.00,,,-£ 100.00,,,,- £ 100.00,Total Paid,,"£ 3,165.10",£ 15.00,£ 229.54,"£ 3,409.64","£ 127,447.80","£ 29,248.56",-£ 260.00,"£ 159,846.00"
Payments,Balance Transfers - to be paid by:,Payment Date,Payment ID,Guest Name,Group,Company,Property,Room,Order Ref.,Booking Ref,Booked On,Check-In,Check-Out,Channel,OTA Reference,Type,Payment Method,Card Type,Last 4 Digits,Virtual Card,Description,User,Updated,Sent to gateway,Confirmed by gateway,Gateway Reference,Settled Amount,Settled Date,Card,Cash / Bank,Vouchers,Total Paid,OTA,eviivo,Total,17/09/2026 11:50,51282993,Rachael White,,,Hotel Orlando by PLI,Flat 20 ( Basement sino ),CLJ-356-097,848-669-034,,Pre-arrival,17/09/2026 11:50,25-Aug-2027,26-Aug-2027,Booking.com,5824265460,Payment,Pre-Paid via OTA,,,,Prepaid via Booking.com,system@eviivo.com,17-Sep-26 11:50:56.844,,17-Sep-26 11:50:56.573,,,,,,,£ 0.00,£ 111.80,,,£ 111.80,Total Paid,,"£ 3,165.10",£ 15.00,£ 229.54,"£ 3,409.64","£ 127,447.80","£ 29,248.56",-£ 260.00,"£ 159,846.00"
Payments,Balance Transfers - to be paid by:,Payment Date,Payment ID,Guest Name,Group,Company,Property,Room,Order Ref.,Booking Ref,Booked On,Check-In,Check-Out,Channel,OTA Reference,Type,Payment Method,Card Type,Last 4 Digits,Virtual Card,Description,User,Updated,Sent to gateway,Confirmed by gateway,Gateway Reference,Settled Amount,Settled Date,Card,Cash / Bank,Vouchers,Total Paid,OTA,eviivo,Total,,51283396,Cristina Ana Fornieles Berenguel,,,Hotel Orlando by PLI,S Room 33 3rd F - W/Microwave &Fridge,LBE-664-291,261-305-822,,On Account,17/09/2026 12:16,12-Dec-2026,16-Dec-2026,Booking.com,6747415080,(see above/below),(see above/below),,,,,system@eviivo.com,,,,,,,,,,£ 0.00,,,,,Total Paid,,"£ 3,165.10",£ 15.00,£ 229.54,"£ 3,409.64","£ 127,447.80","£ 29,248.56",-£ 260.00,"£ 159,846.00"
Payments,Balance Transfers - to be paid by:,Payment Date,Payment ID,Guest Name,Group,Company,Property,Room,Order Ref.,Booking Ref,Booked On,Check-In,Check-Out,Channel,OTA Reference,Type,Payment Method,Card Type,Last 4 Digits,Virtual Card,Description,User,Updated,Sent to gateway,Confirmed by gateway,Gateway Reference,Settled Amount,Settled Date,Card,Cash / Bank,Vouchers,Total Paid,OTA,eviivo,Total,17/09/2026 12:16,51283396,Cristina Ana Fornieles Berenguel,,,Hotel Orlando by PLI,Room 12 2nd Floor,LBE-664-291,950-604-451,,Pre-arrival,17/09/2026 12:16,12-Dec-2026,16-Dec-2026,Booking.com,6747415080,Payment,Pre-Paid via OTA,,,,Prepaid via Booking.com,system@eviivo.com,17-Sep-26 12:16:03.923,,17-Sep-26 12:16:03.590,,,,,,,£ 0.00,£ 637.60,,,£ 637.60,Total Paid,,"£ 3,165.10",£ 15.00,£ 229.54,"£ 3,409.64","£ 127,447.80","£ 29,248.56",-£ 260.00,"£ 159,846.00"
Payments,Balance Transfers - to be paid by:,Payment Date,Payment ID,Guest Name,Group,Company,Property,Room,Order Ref.,Booking Ref,Booked On,Check-In,Check-Out,Channel,OTA Reference,Type,Payment Method,Card Type,Last 4 Digits,Virtual Card,Description,User,Updated,Sent to gateway,Confirmed by gateway,Gateway Reference,Settled Amount,Settled Date,Card,Cash / Bank,Vouchers,Total Paid,OTA,eviivo,Total,17/09/2026 12:32,51283643,Abdulsamed Mohamed,,,Hotel Orlando by PLI,Room 14 2nd Floor,HIA-976-163,450-120-182,,Post Checkout,15/09/2026 18:22,16-Sep-2026,17-Sep-2026,Booking.com,5529206542,Refund,Card/VCC via the System,Mastercard,4262,0,,mohammed.samy@crownbs.com,17-Sep-26 12:32:25.452,17-Sep-26 12:32:24.220,17-Sep-26 12:32:25.250,re_3UGJjqR78xpaffA00dpmiowK,,,-£ 100.00,,,-£ 100.00,,,,- £ 100.00,Total Paid,,"£ 3,165.10",£ 15.00,£ 229.54,"£ 3,409.64","£ 127,447.80","£ 29,248.56",-£ 260.00,"£ 159,846.00"
Payments,Balance Transfers - to be paid by:,Payment Date,Payment ID,Guest Name,Group,Company,Property,Room,Order Ref.,Booking Ref,Booked On,Check-In,Check-Out,Channel,OTA Reference,Type,Payment Method,Card Type,Last 4 Digits,Virtual Card,Description,User,Updated,Sent to gateway,Confirmed by gateway,Gateway Reference,Settled Amount,Settled Date,Card,Cash / Bank,Vouchers,Total Paid,OTA,eviivo,Total,17/09/2026 12:38,51283756,Nabil Hadji,,,Hotel Orlando by PLI,S Room 30 2nd F - W/Fridge,MFF-159-945,253-196-182,,Pre-arrival,17/09/2026 12:38,26-Oct-2026,02-Nov-2026,Booking.com,6196275652,Payment,Pre-Paid via OTA,,,,Prepaid via Booking.com,system@eviivo.com,17-Sep-26 12:38:59.952,,17-Sep-26 12:38:59.533,,,,,,,£ 0.00,£ 648.20,,,£ 648.20,Total Paid,,"£ 3,165.10",£ 15.00,£ 229.54,"£ 3,409.64","£ 127,447.80","£ 29,248.56",-£ 260.00,"£ 159,846.00"
Payments,Balance Transfers - to be paid by:,Payment Date,Payment ID,Guest Name,Group,Company,Property,Room,Order Ref.,Booking Ref,Booked On,Check-In,Check-Out,Channel,OTA Reference,Type,Payment Method,Card Type,Last 4 Digits,Virtual Card,Description,User,Updated,Sent to gateway,Confirmed by gateway,Gateway Reference,Settled Amount,Settled Date,Card,Cash / Bank,Vouchers,Total Paid,OTA,eviivo,Total,17/09/2026 12:39,51283761,Mariana Luncasu,,,Hotel Orlando by PLI,Room 7 Mid-First Floor,JST-820-910,521-492-844,,Post Checkout,07/09/2026 20:18,12-Sep-2026,13-Sep-2026,Booking.com,5635037069,Refund,Card/VCC via the System,Mastercard,7216,0,,mohammed.samy@crownbs.com,17-Sep-26 12:39:20.735,17-Sep-26 12:39:19.217,17-Sep-26 12:39:20.360,re_3UEWO3R78xpaffA02YBGgsbh,,,-£ 100.00,,,-£ 100.00,,,,- £ 100.00,Total Paid,,"£ 3,165.10",£ 15.00,£ 229.54,"£ 3,409.64","£ 127,447.80","£ 29,248.56",-£ 260.00,"£ 159,846.00"
Payments,Balance Transfers - to be paid by:,Payment Date,Payment ID,Guest Name,Group,Company,Property,Room,Order Ref.,Booking Ref,Booked On,Check-In,Check-Out,Channel,OTA Reference,Type,Payment Method,Card Type,Last 4 Digits,Virtual Card,Description,User,Updated,Sent to gateway,Confirmed by gateway,Gateway Reference,Settled Amount,Settled Date,Card,Cash / Bank,Vouchers,Total Paid,OTA,eviivo,Total,17/09/2026 12:39,51283766,Massimiliano De Sanctis,,,Hotel Orlando by PLI,Room 10 1st Floor,AZG-385-010,509-699-642,,Post Checkout,06/09/2026 21:39,12-Sep-2026,13-Sep-2026,Booking.com,5565346329,Refund,Card/VCC via the System,Visa,9733,0,,mohammed.samy@crownbs.com,17-Sep-26 12:39:31.935,17-Sep-26 12:39:30.590,17-Sep-26 12:39:31.700,re_3UEmPMR78xpaffA02luCFtmJ,,,-£ 100.00,,,-£ 100.00,,,,- £ 100.00,Total Paid,,"£ 3,165.10",£ 15.00,£ 229.54,"£ 3,409.64","£ 127,447.80","£ 29,248.56",-£ 260.00,"£ 159,846.00"
Payments,Balance Transfers - to be paid by:,Payment Date,Payment ID,Guest Name,Group,Company,Property,Room,Order Ref.,Booking Ref,Booked On,Check-In,Check-Out,Channel,OTA Reference,Type,Payment Method,Card Type,Last 4 Digits,Virtual Card,Description,User,Updated,Sent to gateway,Confirmed by gateway,Gateway Reference,Settled Amount,Settled Date,Card,Cash / Bank,Vouchers,Total Paid,OTA,eviivo,Total,17/09/2026 12:39,51283769,Anna Mazur,,,Hotel Orlando by PLI,Room 3 BF W/Microwave,EEQ-403-161,001-236-911,,Post Checkout,12/07/2026 17:56,12-Sep-2026,13-Sep-2026,Booking.com,6390547756,Refund,Card/VCC via the System,Visa,4839,0,,mohammed.samy@crownbs.com,17-Sep-26 12:39:43.810,17-Sep-26 12:39:42.443,17-Sep-26 12:39:43.613,re_3UEmJOR78xpaffA00uwfwHYp,,,-£ 100.00,,,-£ 100.00,,,,- £ 100.00,Total Paid,,"£ 3,165.10",£ 15.00,£ 229.54,"£ 3,409.64","£ 127,447.80","£ 29,248.56",-£ 260.00,"£ 159,846.00"
Payments,Balance Transfers - to be paid by:,Payment Date,Payment ID,Guest Name,Group,Company,Property,Room,Order Ref.,Booking Ref,Booked On,Check-In,Check-Out,Channel,OTA Reference,Type,Payment Method,Card Type,Last 4 Digits,Virtual Card,Description,User,Updated,Sent to gateway,Confirmed by gateway,Gateway Reference,Settled Amount,Settled Date,Card,Cash / Bank,Vouchers,Total Paid,OTA,eviivo,Total,17/09/2026 12:39,51283776,Yehor Vysotskyi,,,Hotel Orlando by PLI,Flat 2 ( Basement Orlando ),GVS-599-312,193-399-191,,Post Checkout,07/09/2026 15:12,12-Sep-2026,13-Sep-2026,Booking.com,6509933963,Refund,Card/VCC via the System,Mastercard,6210,0,,mohammed.samy@crownbs.com,17-Sep-26 12:39:56.516,17-Sep-26 12:39:55.407,17-Sep-26 12:39:56.343,re_3UERwxR78xpaffA01gV5WOwy,,,-£ 100.00,,,-£ 100.00,,,,- £ 100.00,Total Paid,,"£ 3,165.10",£ 15.00,£ 229.54,"£ 3,409.64","£ 127,447.80","£ 29,248.56",-£ 260.00,"£ 159,846.00"
Payments,Balance Transfers - to be paid by:,Payment Date,Payment ID,Guest Name,Group,Company,Property,Room,Order Ref.,Booking Ref,Booked On,Check-In,Check-Out,Channel,OTA Reference,Type,Payment Method,Card Type,Last 4 Digits,Virtual Card,Description,User,Updated,Sent to gateway,Confirmed by gateway,Gateway Reference,Settled Amount,Settled Date,Card,Cash / Bank,Vouchers,Total Paid,OTA,eviivo,Total,17/09/2026 12:40,51283779,NICHOLAS ROBINSON,,,Hotel Orlando by PLI,S Room 22 GF -2Ds W/Microwave &Fridge,MSX-612-082,489-008-331,,Post Checkout,12/09/2026 19:19,12-Sep-2026,13-Sep-2026,Booking.com,6785376755,Refund,Card/VCC via the System,Visa,6155,0,,mohammed.samy@crownbs.com,17-Sep-26 12:40:07.649,17-Sep-26 12:40:06.447,17-Sep-26 12:40:07.410,re_3UEwSpR78xpaffA00dcJPYnK,,,-£ 100.00,,,-£ 100.00,,,,- £ 100.00,Total Paid,,"£ 3,165.10",£ 15.00,£ 229.54,"£ 3,409.64","£ 127,447.80","£ 29,248.56",-£ 260.00,"£ 159,846.00"
Payments,Balance Transfers - to be paid by:,Payment Date,Payment ID,Guest Name,Group,Company,Property,Room,Order Ref.,Booking Ref,Booked On,Check-In,Check-Out,Channel,OTA Reference,Type,Payment Method,Card Type,Last 4 Digits,Virtual Card,Description,User,Updated,Sent to gateway,Confirmed by gateway,Gateway Reference,Settled Amount,Settled Date,Card,Cash / Bank,Vouchers,Total Paid,OTA,eviivo,Total,17/09/2026 12:40,51283787,Mezhnun Demir,,,Hotel Orlando by PLI,Room 1 BF,SGQ-196-213,934-340-444,,Post Checkout,13/09/2026 17:41,13-Sep-2026,14-Sep-2026,Booking.com,6785374896,Refund,Card/VCC via the System,Visa,6295,0,,mohammed.samy@crownbs.com,17-Sep-26 12:40:21.208,17-Sep-26 12:40:19.963,17-Sep-26 12:40:21.020,re_3UFGffR78xpaffA01N8mAQWD,,,-£ 100.00,,,-£ 100.00,,,,- £ 100.00,Total Paid,,"£ 3,165.10",£ 15.00,£ 229.54,"£ 3,409.64","£ 127,447.80","£ 29,248.56",-£ 260.00,"£ 159,846.00"
Payments,Balance Transfers - to be paid by:,Payment Date,Payment ID,Guest Name,Group,Company,Property,Room,Order Ref.,Booking Ref,Booked On,Check-In,Check-Out,Channel,OTA Reference,Type,Payment Method,Card Type,Last 4 Digits,Virtual Card,Description,User,Updated,Sent to gateway,Confirmed by gateway,Gateway Reference,Settled Amount,Settled Date,Card,Cash / Bank,Vouchers,Total Paid,OTA,eviivo,Total,17/09/2026 12:40,51283791,unurbold boldbaatar,,,Hotel Orlando by PLI,Room 13 2nd Floor,MGD-413-646,102-005-234,,Post Checkout,13/09/2026 16:46,13-Sep-2026,14-Sep-2026,Booking.com,6057371598,Refund,Card/VCC via the System,Mastercard,7768,0,,mohammed.samy@crownbs.com,17-Sep-26 12:40:36.420,17-Sep-26 12:40:34.430,17-Sep-26 12:40:36.150,re_1UGdg6R78xpaffA08JJL1rm6,,,-£ 100.00,,,-£ 100.00,,,,- £ 100.00,Total Paid,,"£ 3,165.10",£ 15.00,£ 229.54,"£ 3,409.64","£ 127,447.80","£ 29,248.56",-£ 260.00,"£ 159,846.00"
Payments,Balance Transfers - to be paid by:,Payment Date,Payment ID,Guest Name,Group,Company,Property,Room,Order Ref.,Booking Ref,Booked On,Check-In,Check-Out,Channel,OTA Reference,Type,Payment Method,Card Type,Last 4 Digits,Virtual Card,Description,User,Updated,Sent to gateway,Confirmed by gateway,Gateway Reference,Settled Amount,Settled Date,Card,Cash / Bank,Vouchers,Total Paid,OTA,eviivo,Total,17/09/2026 12:40,51283794,Fadela Abir,,,Hotel Orlando by PLI,Room 3 BF W/Microwave,SEB-451-884,324-685-261,,Post Checkout,13/09/2026 16:23,13-Sep-2026,14-Sep-2026,Booking.com,6581771467,Refund,Card/VCC via the System,Visa,9905,0,,mohammed.samy@crownbs.com,17-Sep-26 12:40:48.659,17-Sep-26 12:40:47.527,17-Sep-26 12:40:48.467,re_3UFGBJR78xpaffA00AnC6lLJ,,,-£ 100.00,,,-£ 100.00,,,,- £ 100.00,Total Paid,,"£ 3,165.10",£ 15.00,£ 229.54,"£ 3,409.64","£ 127,447.80","£ 29,248.56",-£ 260.00,"£ 159,846.00"
Payments,Balance Transfers - to be paid by:,Payment Date,Payment ID,Guest Name,Group,Company,Property,Room,Order Ref.,Booking Ref,Booked On,Check-In,Check-Out,Channel,OTA Reference,Type,Payment Method,Card Type,Last 4 Digits,Virtual Card,Description,User,Updated,Sent to gateway,Confirmed by gateway,Gateway Reference,Settled Amount,Settled Date,Card,Cash / Bank,Vouchers,Total Paid,OTA,eviivo,Total,17/09/2026 12:41,51283804,Joseph Fleming,,,Hotel Orlando by PLI,Flat 2 ( Basement Orlando ),VKM-165-337,639-354-982,,Post Checkout,13/09/2026 19:25,13-Sep-2026,14-Sep-2026,Booking.com,6344525892,Refund,Card/VCC via the System,Mastercard,0026,0,,mohammed.samy@crownbs.com,17-Sep-26 12:41:03.015,17-Sep-26 12:41:01.557,17-Sep-26 12:41:02.797,re_3UFIk2R78xpaffA01NagaZH5,,,-£ 100.00,,,-£ 100.00,,,,- £ 100.00,Total Paid,,"£ 3,165.10",£ 15.00,£ 229.54,"£ 3,409.64","£ 127,447.80","£ 29,248.56",-£ 260.00,"£ 159,846.00"
Payments,Balance Transfers - to be paid by:,Payment Date,Payment ID,Guest Name,Group,Company,Property,Room,Order Ref.,Booking Ref,Booked On,Check-In,Check-Out,Channel,OTA Reference,Type,Payment Method,Card Type,Last 4 Digits,Virtual Card,Description,User,Updated,Sent to gateway,Confirmed by gateway,Gateway Reference,Settled Amount,Settled Date,Card,Cash / Bank,Vouchers,Total Paid,OTA,eviivo,Total,17/09/2026 12:41,51283815,Maciej Dziwak,,,Hotel Orlando by PLI,Room 3 BF W/Microwave,CRH-311-712,028-046-634,,Post Checkout,14/09/2026 15:02,14-Sep-2026,15-Sep-2026,Expedia & Affiliate Network,2558527888,Refund,Card/VCC via the System,Mastercard,5106,0,,mohammed.samy@crownbs.com,17-Sep-26 12:41:24.418,17-Sep-26 12:41:22.527,17-Sep-26 12:41:24.213,re_3UFc3zR78xpaffA01mLAob9l,,,-£ 100.00,,,-£ 100.00,,,,- £ 100.00,Total Paid,,"£ 3,165.10",£ 15.00,£ 229.54,"£ 3,409.64","£ 127,447.80","£ 29,248.56",-£ 260.00,"£ 159,846.00"
Payments,Balance Transfers - to be paid by:,Payment Date,Payment ID,Guest Name,Group,Company,Property,Room,Order Ref.,Booking Ref,Booked On,Check-In,Check-Out,Channel,OTA Reference,Type,Payment Method,Card Type,Last 4 Digits,Virtual Card,Description,User,Updated,Sent to gateway,Confirmed by gateway,Gateway Reference,Settled Amount,Settled Date,Card,Cash / Bank,Vouchers,Total Paid,OTA,eviivo,Total,17/09/2026 12:41,51283820,Yousuf Azeem,,,Hotel Orlando by PLI,S Room 17 BF,TMD-121-970,339-439-321,,Post Checkout,13/09/2026 03:07,14-Sep-2026,15-Sep-2026,Booking.com,5525616086,Refund,Card/VCC via the System,Mastercard,5544,0,,mohammed.samy@crownbs.com,17-Sep-26 12:41:38.200,17-Sep-26 12:41:36.080,17-Sep-26 12:41:37.843,re_3UFeCNR78xpaffA02VZvLK8h,,,-£ 100.00,,,-£ 100.00,,,,- £ 100.00,Total Paid,,"£ 3,165.10",£ 15.00,£ 229.54,"£ 3,409.64","£ 127,447.80","£ 29,248.56",-£ 260.00,"£ 159,846.00"
Payments,Balance Transfers - to be paid by:,Payment Date,Payment ID,Guest Name,Group,Company,Property,Room,Order Ref.,Booking Ref,Booked On,Check-In,Check-Out,Channel,OTA Reference,Type,Payment Method,Card Type,Last 4 Digits,Virtual Card,Description,User,Updated,Sent to gateway,Confirmed by gateway,Gateway Reference,Settled Amount,Settled Date,Card,Cash / Bank,Vouchers,Total Paid,OTA,eviivo,Total,17/09/2026 12:41,51283828,Simon Capell,,,Hotel Orlando by PLI,Room 11 2nd Floor,SQW-462-973,143-665-914,,Post Checkout,13/09/2026 21:25,15-Sep-2026,16-Sep-2026,Booking.com,5371699860,Refund,Card/VCC via the System,Mastercard,6037,0,,mohammed.samy@crownbs.com,17-Sep-26 12:41:58.890,17-Sep-26 12:41:57.073,17-Sep-26 12:41:58.713,re_3UG09TR78xpaffA00ZtBVi1l,,,-£ 100.00,,,-£ 100.00,,,,- £ 100.00,Total Paid,,"£ 3,165.10",£ 15.00,£ 229.54,"£ 3,409.64","£ 127,447.80","£ 29,248.56",-£ 260.00,"£ 159,846.00"
Payments,Balance Transfers - to be paid by:,Payment Date,Payment ID,Guest Name,Group,Company,Property,Room,Order Ref.,Booking Ref,Booked On,Check-In,Check-Out,Channel,OTA Reference,Type,Payment Method,Card Type,Last 4 Digits,Virtual Card,Description,User,Updated,Sent to gateway,Confirmed by gateway,Gateway Reference,Settled Amount,Settled Date,Card,Cash / Bank,Vouchers,Total Paid,OTA,eviivo,Total,17/09/2026 12:42,51283834,Lukasz Jankowski,,,Hotel Orlando by PLI,Room 14 2nd Floor,VEP-957-386,866-099-221,,Post Checkout,14/09/2026 22:26,15-Sep-2026,16-Sep-2026,Booking.com,5811321375,Refund,Card/VCC via the System,Visa,8234,0,,mohammed.samy@crownbs.com,17-Sep-26 12:42:10.469,17-Sep-26 12:42:09.103,17-Sep-26 12:42:10.230,re_3UG128R78xpaffA02dReUSon,,,-£ 100.00,,,-£ 100.00,,,,- £ 100.00,Total Paid,,"£ 3,165.10",£ 15.00,£ 229.54,"£ 3,409.64","£ 127,447.80","£ 29,248.56",-£ 260.00,"£ 159,846.00"
Payments,Balance Transfers - to be paid by:,Payment Date,Payment ID,Guest Name,Group,Company,Property,Room,Order Ref.,Booking Ref,Booked On,Check-In,Check-Out,Channel,OTA Reference,Type,Payment Method,Card Type,Last 4 Digits,Virtual Card,Description,User,Updated,Sent to gateway,Confirmed by gateway,Gateway Reference,Settled Amount,Settled Date,Card,Cash / Bank,Vouchers,Total Paid,OTA,eviivo,Total,17/09/2026 12:42,51283844,Orla McGreevy,,,Hotel Orlando by PLI,Room 9 1st Floor,XYH-522-450,429-888-632,,Post Checkout,15/09/2026 13:30,15-Sep-2026,16-Sep-2026,Expedia & Affiliate Network,2559337929,Refund,Card/VCC via the System,Visa,6951,0,,mohammed.samy@crownbs.com,17-Sep-26 12:42:30.172,17-Sep-26 12:42:28.613,17-Sep-26 12:42:29.880,re_3UFx3JR78xpaffA00PMeYo09,,,-£ 100.00,,,-£ 100.00,,,,- £ 100.00,Total Paid,,"£ 3,165.10",£ 15.00,£ 229.54,"£ 3,409.64","£ 127,447.80","£ 29,248.56",-£ 260.00,"£ 159,846.00"
Payments,Balance Transfers - to be paid by:,Payment Date,Payment ID,Guest Name,Group,Company,Property,Room,Order Ref.,Booking Ref,Booked On,Check-In,Check-Out,Channel,OTA Reference,Type,Payment Method,Card Type,Last 4 Digits,Virtual Card,Description,User,Updated,Sent to gateway,Confirmed by gateway,Gateway Reference,Settled Amount,Settled Date,Card,Cash / Bank,Vouchers,Total Paid,OTA,eviivo,Total,17/09/2026 12:42,51283855,Hannah Martin,,,Hotel Orlando by PLI,Flat 2 ( Basement Orlando ),EIL-298-652,828-246-594,,Post Checkout,15/09/2026 12:47,15-Sep-2026,16-Sep-2026,Booking.com,6958881377,Refund,Card/VCC via the System,Visa,2456,0,,mohammed.samy@crownbs.com,17-Sep-26 12:42:53.684,17-Sep-26 12:42:52.233,17-Sep-26 12:42:53.373,re_1UGdiKR78xpaffA0iRwEjRj0,,,-£ 100.00,,,-£ 100.00,,,,- £ 100.00,Total Paid,,"£ 3,165.10",£ 15.00,£ 229.54,"£ 3,409.64","£ 127,447.80","£ 29,248.56",-£ 260.00,"£ 159,846.00"
Payments,Balance Transfers - to be paid by:,Payment Date,Payment ID,Guest Name,Group,Company,Property,Room,Order Ref.,Booking Ref,Booked On,Check-In,Check-Out,Channel,OTA Reference,Type,Payment Method,Card Type,Last 4 Digits,Virtual Card,Description,User,Updated,Sent to gateway,Confirmed by gateway,Gateway Reference,Settled Amount,Settled Date,Card,Cash / Bank,Vouchers,Total Paid,OTA,eviivo,Total,17/09/2026 12:43,51283867,Athavan Premaruban,,,Hotel Orlando by PLI,S Room 26 1st F - W/Fridge,NZD-108-507,883-916-381,,Post Checkout,13/09/2026 22:31,15-Sep-2026,16-Sep-2026,Expedia & Affiliate Network,2558020862,Refund,Card/VCC via the System,Mastercard,9951,0,,mohammed.samy@crownbs.com,17-Sep-26 12:43:10.075,17-Sep-26 12:43:08.080,17-Sep-26 12:43:09.503,re_3UG5owR78xpaffA0297BCd8r,,,-£ 100.00,,,-£ 100.00,,,,- £ 100.00,Total Paid,,"£ 3,165.10",£ 15.00,£ 229.54,"£ 3,409.64","£ 127,447.80","£ 29,248.56",-£ 260.00,"£ 159,846.00"
Payments,Balance Transfers - to be paid by:,Payment Date,Payment ID,Guest Name,Group,Company,Property,Room,Order Ref.,Booking Ref,Booked On,Check-In,Check-Out,Channel,OTA Reference,Type,Payment Method,Card Type,Last 4 Digits,Virtual Card,Description,User,Updated,Sent to gateway,Confirmed by gateway,Gateway Reference,Settled Amount,Settled Date,Card,Cash / Bank,Vouchers,Total Paid,OTA,eviivo,Total,17/09/2026 12:43,51283878,Rewi Newnham,,,Hotel Orlando by PLI,S Room 18 BF,MSE-274-711,229-934-131,,Post Checkout,08/09/2026 17:38,15-Sep-2026,16-Sep-2026,Expedia & Affiliate Network,2554016761,Refund,Card/VCC via the System,Visa,3658,0,,mohammed.samy@crownbs.com,17-Sep-26 12:43:45.631,17-Sep-26 12:43:44.033,17-Sep-26 12:43:45.363,re_3UFxpgR78xpaffA01nbq01Cf,,,-£ 100.00,,,-£ 100.00,,,,- £ 100.00,Total Paid,,"£ 3,165.10",£ 15.00,£ 229.54,"£ 3,409.64","£ 127,447.80","£ 29,248.56",-£ 260.00,"£ 159,846.00"
Payments,Balance Transfers - to be paid by:,Payment Date,Payment ID,Guest Name,Group,Company,Property,Room,Order Ref.,Booking Ref,Booked On,Check-In,Check-Out,Channel,OTA Reference,Type,Payment Method,Card Type,Last 4 Digits,Virtual Card,Description,User,Updated,Sent to gateway,Confirmed by gateway,Gateway Reference,Settled Amount,Settled Date,Card,Cash / Bank,Vouchers,Total Paid,OTA,eviivo,Total,17/09/2026 12:56,51284111,Solomon Weres,,,Hotel Orlando by PLI,Room 12 2nd Floor,IQB-812-225,439-228-901,,In House,17/09/2026 12:56,17-Sep-2026,19-Sep-2026,Booking.com,6747408318,Payment,Pre-Paid via OTA,,,,Prepaid via Booking.com,system@eviivo.com,17-Sep-26 12:56:18.247,,17-Sep-26 12:56:17.986,,,,,,,£ 0.00,£ 155.00,,,£ 155.00,Total Paid,,"£ 3,165.10",£ 15.00,£ 229.54,"£ 3,409.64","£ 127,447.80","£ 29,248.56",-£ 260.00,"£ 159,846.00"
Payments,Balance Transfers - to be paid by:,Payment Date,Payment ID,Guest Name,Group,Company,Property,Room,Order Ref.,Booking Ref,Booked On,Check-In,Check-Out,Channel,OTA Reference,Type,Payment Method,Card Type,Last 4 Digits,Virtual Card,Description,User,Updated,Sent to gateway,Confirmed by gateway,Gateway Reference,Settled Amount,Settled Date,Card,Cash / Bank,Vouchers,Total Paid,OTA,eviivo,Total,17/09/2026 13:20,51284499,Caoimhe Doyle,,,Hotel Orlando by PLI,S Room 27 1st F  W/Fridge,YDV-546-840,562-849-864,,Pre-arrival,17/09/2026 13:20,16-Oct-2026,18-Oct-2026,Booking.com,6950198093,Payment,Pre-Paid via OTA,,,,Prepaid via Booking.com,system@eviivo.com,17-Sep-26 13:20:23.561,,17-Sep-26 13:20:23.400,,,,,,,£ 0.00,£ 234.20,,,£ 234.20,Total Paid,,"£ 3,165.10",£ 15.00,£ 229.54,"£ 3,409.64","£ 127,447.80","£ 29,248.56",-£ 260.00,"£ 159,846.00"
Payments,Balance Transfers - to be paid by:,Payment Date,Payment ID,Guest Name,Group,Company,Property,Room,Order Ref.,Booking Ref,Booked On,Check-In,Check-Out,Channel,OTA Reference,Type,Payment Method,Card Type,Last 4 Digits,Virtual Card,Description,User,Updated,Sent to gateway,Confirmed by gateway,Gateway Reference,Settled Amount,Settled Date,Card,Cash / Bank,Vouchers,Total Paid,OTA,eviivo,Total,17/09/2026 14:04,51285212,Atif Hamid,,,Hotel Orlando by PLI,S Room 25 Mid 1st F,BEA-921-393,682-611-951,,Pre-arrival,16/09/2026 08:03,21-Sep-2026,22-Sep-2026,Expedia & Affiliate Network,2560051726,Payment,Card/VCC via the System,Mastercard,2904,0,,mohammed.samy@crownbs.com,17-Sep-26 14:04:06.101,17-Sep-26 14:04:04.543,17-Sep-26 14:04:05.857,pi_3UGeyuR78xpaffA01hIBaaYu,,,£ 20.00,,,£ 20.00,,,,£ 20.00,Total Paid,,"£ 3,165.10",£ 15.00,£ 229.54,"£ 3,409.64","£ 127,447.80","£ 29,248.56",-£ 260.00,"£ 159,846.00"
Payments,Balance Transfers - to be paid by:,Payment Date,Payment ID,Guest Name,Group,Company,Property,Room,Order Ref.,Booking Ref,Booked On,Check-In,Check-Out,Channel,OTA Reference,Type,Payment Method,Card Type,Last 4 Digits,Virtual Card,Description,User,Updated,Sent to gateway,Confirmed by gateway,Gateway Reference,Settled Amount,Settled Date,Card,Cash / Bank,Vouchers,Total Paid,OTA,eviivo,Total,17/09/2026 14:04,51285217,Atif Hamid,,,Hotel Orlando by PLI,S Room 25 Mid 1st F,BEA-921-393,682-611-951,,Pre-arrival,16/09/2026 08:03,21-Sep-2026,22-Sep-2026,Expedia & Affiliate Network,2560051726,Payment,Card/VCC via the System,Mastercard,2904,0,,mohammed.samy@crownbs.com,17-Sep-26 14:04:29.195,17-Sep-26 14:04:27.730,17-Sep-26 14:04:28.997,pi_3UGezHR78xpaffA00zgDppuQ,,,£ 57.00,,,£ 57.00,,,,£ 57.00,Total Paid,,"£ 3,165.10",£ 15.00,£ 229.54,"£ 3,409.64","£ 127,447.80","£ 29,248.56",-£ 260.00,"£ 159,846.00"
Payments,Balance Transfers - to be paid by:,Payment Date,Payment ID,Guest Name,Group,Company,Property,Room,Order Ref.,Booking Ref,Booked On,Check-In,Check-Out,Channel,OTA Reference,Type,Payment Method,Card Type,Last 4 Digits,Virtual Card,Description,User,Updated,Sent to gateway,Confirmed by gateway,Gateway Reference,Settled Amount,Settled Date,Card,Cash / Bank,Vouchers,Total Paid,OTA,eviivo,Total,17/09/2026 14:05,51285232,christopher mckee,,,Hotel Orlando by PLI,S Room 18 BF,BFH-651-039,418-520-654,,Pre-arrival,28/08/2026 20:35,21-Sep-2026,23-Sep-2026,Expedia & Affiliate Network,2545491478,Payment,Card/VCC via the System,Mastercard,1071,0, ,mohammed.samy@crownbs.com,17-Sep-26 14:05:32.613,17-Sep-26 14:05:31.550,17-Sep-26 14:05:32.300,pi_3UFit0R78xpaffA00o26zwgT,,,£ 144.90,,,£ 144.90,,,,£ 144.90,Total Paid,,"£ 3,165.10",£ 15.00,£ 229.54,"£ 3,409.64","£ 127,447.80","£ 29,248.56",-£ 260.00,"£ 159,846.00"
Payments,Balance Transfers - to be paid by:,Payment Date,Payment ID,Guest Name,Group,Company,Property,Room,Order Ref.,Booking Ref,Booked On,Check-In,Check-Out,Channel,OTA Reference,Type,Payment Method,Card Type,Last 4 Digits,Virtual Card,Description,User,Updated,Sent to gateway,Confirmed by gateway,Gateway Reference,Settled Amount,Settled Date,Card,Cash / Bank,Vouchers,Total Paid,OTA,eviivo,Total,17/09/2026 14:05,51285239,christopher mckee,,,Hotel Orlando by PLI,S Room 18 BF,BFH-651-039,418-520-654,,Pre-arrival,28/08/2026 20:35,21-Sep-2026,23-Sep-2026,Expedia & Affiliate Network,2545491478,Payment,Card/VCC via the System,Mastercard,1071,0,,mohammed.samy@crownbs.com,17-Sep-26 14:05:38.411,17-Sep-26 14:05:37.107,17-Sep-26 14:05:38.047,pi_3UGf02R78xpaffA02SBQtXZn,,,£ 20.00,,,£ 20.00,,,,£ 20.00,Total Paid,,"£ 3,165.10",£ 15.00,£ 229.54,"£ 3,409.64","£ 127,447.80","£ 29,248.56",-£ 260.00,"£ 159,846.00"
Payments,Balance Transfers - to be paid by:,Payment Date,Payment ID,Guest Name,Group,Company,Property,Room,Order Ref.,Booking Ref,Booked On,Check-In,Check-Out,Channel,OTA Reference,Type,Payment Method,Card Type,Last 4 Digits,Virtual Card,Description,User,Updated,Sent to gateway,Confirmed by gateway,Gateway Reference,Settled Amount,Settled Date,Card,Cash / Bank,Vouchers,Total Paid,OTA,eviivo,Total,17/09/2026 14:05,51285241,Saadallah Haidar,,,Hotel Orlando by PLI,Room 6 GF,FOU-664-795,549-559-241,,Pre-arrival,07/03/2026 11:26,21-Sep-2026,25-Sep-2026,Expedia & Affiliate Network,2409334496,Payment,Card/VCC via the System,Visa,4731,0, ,mohammed.samy@crownbs.com,17-Sep-26 14:05:56.995,17-Sep-26 14:05:55.607,17-Sep-26 14:05:56.593,pi_3UGf0hR78xpaffA01KiBrCi2,,,£ 277.20,,,£ 277.20,,,,£ 277.20,Total Paid,,"£ 3,165.10",£ 15.00,£ 229.54,"£ 3,409.64","£ 127,447.80","£ 29,248.56",-£ 260.00,"£ 159,846.00"
Payments,Balance Transfers - to be paid by:,Payment Date,Payment ID,Guest Name,Group,Company,Property,Room,Order Ref.,Booking Ref,Booked On,Check-In,Check-Out,Channel,OTA Reference,Type,Payment Method,Card Type,Last 4 Digits,Virtual Card,Description,User,Updated,Sent to gateway,Confirmed by gateway,Gateway Reference,Settled Amount,Settled Date,Card,Cash / Bank,Vouchers,Total Paid,OTA,eviivo,Total,17/09/2026 14:06,51285243,Saadallah Haidar,,,Hotel Orlando by PLI,Room 6 GF,FOU-664-795,549-559-241,,Pre-arrival,07/03/2026 11:26,21-Sep-2026,25-Sep-2026,Expedia & Affiliate Network,2409334496,Payment,Card/VCC via the System,Visa,4731,0,,mohammed.samy@crownbs.com,17-Sep-26 14:06:04.496,17-Sep-26 14:06:03.060,17-Sep-26 14:06:04.297,pi_3UGf0pR78xpaffA02PHNCFMS,,,£ 20.00,,,£ 20.00,,,,£ 20.00,Total Paid,,"£ 3,165.10",£ 15.00,£ 229.54,"£ 3,409.64","£ 127,447.80","£ 29,248.56",-£ 260.00,"£ 159,846.00"
Payments,Balance Transfers - to be paid by:,Payment Date,Payment ID,Guest Name,Group,Company,Property,Room,Order Ref.,Booking Ref,Booked On,Check-In,Check-Out,Channel,OTA Reference,Type,Payment Method,Card Type,Last 4 Digits,Virtual Card,Description,User,Updated,Sent to gateway,Confirmed by gateway,Gateway Reference,Settled Amount,Settled Date,Card,Cash / Bank,Vouchers,Total Paid,OTA,eviivo,Total,17/09/2026 14:07,51285259,Khitish Mohanty,,,Hotel Orlando by PLI,S Room 33 3rd F - W/Microwave &Fridge,NFR-446-703,920-025-042,,Pre-arrival,13/09/2026 15:23,21-Sep-2026,23-Sep-2026,Expedia & Affiliate Network,2557771277,Payment,Card/VCC via the System,Visa,6684,0, ,mohammed.samy@crownbs.com,17-Sep-26 14:07:10.242,17-Sep-26 14:07:09.057,17-Sep-26 14:07:09.840,pi_3UFitdR78xpaffA02JEZwFdl,,,£ 144.00,,,£ 144.00,,,,£ 144.00,Total Paid,,"£ 3,165.10",£ 15.00,£ 229.54,"£ 3,409.64","£ 127,447.80","£ 29,248.56",-£ 260.00,"£ 159,846.00"
Payments,Balance Transfers - to be paid by:,Payment Date,Payment ID,Guest Name,Group,Company,Property,Room,Order Ref.,Booking Ref,Booked On,Check-In,Check-Out,Channel,OTA Reference,Type,Payment Method,Card Type,Last 4 Digits,Virtual Card,Description,User,Updated,Sent to gateway,Confirmed by gateway,Gateway Reference,Settled Amount,Settled Date,Card,Cash / Bank,Vouchers,Total Paid,OTA,eviivo,Total,17/09/2026 14:07,51285260,Khitish Mohanty,,,Hotel Orlando by PLI,S Room 33 3rd F - W/Microwave &Fridge,NFR-446-703,920-025-042,,Pre-arrival,13/09/2026 15:23,21-Sep-2026,23-Sep-2026,Expedia & Affiliate Network,2557771277,Payment,Card/VCC via the System,Visa,6684,0,,mohammed.samy@crownbs.com,17-Sep-26 14:07:18.136,17-Sep-26 14:07:16.993,17-Sep-26 14:07:17.923,pi_3UGf21R78xpaffA01Y4EvLXY,,,£ 20.00,,,£ 20.00,,,,£ 20.00,Total Paid,,"£ 3,165.10",£ 15.00,£ 229.54,"£ 3,409.64","£ 127,447.80","£ 29,248.56",-£ 260.00,"£ 159,846.00"
Payments,Balance Transfers - to be paid by:,Payment Date,Payment ID,Guest Name,Group,Company,Property,Room,Order Ref.,Booking Ref,Booked On,Check-In,Check-Out,Channel,OTA Reference,Type,Payment Method,Card Type,Last 4 Digits,Virtual Card,Description,User,Updated,Sent to gateway,Confirmed by gateway,Gateway Reference,Settled Amount,Settled Date,Card,Cash / Bank,Vouchers,Total Paid,OTA,eviivo,Total,17/09/2026 14:09,51285304,Jonathan Loughead,,,Hotel Orlando by PLI,Room 16 3rd Floor,TFP-570-700,358-249-601,,Pre-arrival,13/08/2026 16:19,22-Sep-2026,24-Sep-2026,Expedia & Affiliate Network,2533783906,Payment,Card/VCC via the System,Visa,3143,0, ,mohammed.samy@crownbs.com,17-Sep-26 14:09:17.675,17-Sep-26 14:09:16.540,17-Sep-26 14:09:17.427,pi_3UG5N0R78xpaffA01C0hkgZM,,,£ 168.00,,,£ 168.00,,,,£ 168.00,Total Paid,,"£ 3,165.10",£ 15.00,£ 229.54,"£ 3,409.64","£ 127,447.80","£ 29,248.56",-£ 260.00,"£ 159,846.00"
Payments,Balance Transfers - to be paid by:,Payment Date,Payment ID,Guest Name,Group,Company,Property,Room,Order Ref.,Booking Ref,Booked On,Check-In,Check-Out,Channel,OTA Reference,Type,Payment Method,Card Type,Last 4 Digits,Virtual Card,Description,User,Updated,Sent to gateway,Confirmed by gateway,Gateway Reference,Settled Amount,Settled Date,Card,Cash / Bank,Vouchers,Total Paid,OTA,eviivo,Total,17/09/2026 14:09,51285309,Jonathan Loughead,,,Hotel Orlando by PLI,Room 16 3rd Floor,TFP-570-700,358-249-601,,Pre-arrival,13/08/2026 16:19,22-Sep-2026,24-Sep-2026,Expedia & Affiliate Network,2533783906,Payment,Card/VCC via the System,Visa,3143,0,,mohammed.samy@crownbs.com,17-Sep-26 14:09:28.628,17-Sep-26 14:09:27.337,17-Sep-26 14:09:28.430,pi_3UGf47R78xpaffA02FgPKUfk,,,£ 20.00,,,£ 20.00,,,,£ 20.00,Total Paid,,"£ 3,165.10",£ 15.00,£ 229.54,"£ 3,409.64","£ 127,447.80","£ 29,248.56",-£ 260.00,"£ 159,846.00"
Payments,Balance Transfers - to be paid by:,Payment Date,Payment ID,Guest Name,Group,Company,Property,Room,Order Ref.,Booking Ref,Booked On,Check-In,Check-Out,Channel,OTA Reference,Type,Payment Method,Card Type,Last 4 Digits,Virtual Card,Description,User,Updated,Sent to gateway,Confirmed by gateway,Gateway Reference,Settled Amount,Settled Date,Card,Cash / Bank,Vouchers,Total Paid,OTA,eviivo,Total,17/09/2026 15:06,51286362,Barry Weir,,,Hotel Orlando by PLI,S Room 29 Mid 2nd F,BQL-906-013,290-536-134,,In House,17/09/2026 15:06,17-Sep-2026,18-Sep-2026,Booking.com,6546253164,Payment,Pre-Paid via OTA,,,,Prepaid via Booking.com,system@eviivo.com,17-Sep-26 15:06:17.106,,17-Sep-26 15:06:16.800,,,,,,,£ 0.00,£ 71.30,,,£ 71.30,Total Paid,,"£ 3,165.10",£ 15.00,£ 229.54,"£ 3,409.64","£ 127,447.80","£ 29,248.56",-£ 260.00,"£ 159,846.00"
Payments,Balance Transfers - to be paid by:,Payment Date,Payment ID,Guest Name,Group,Company,Property,Room,Order Ref.,Booking Ref,Booked On,Check-In,Check-Out,Channel,OTA Reference,Type,Payment Method,Card Type,Last 4 Digits,Virtual Card,Description,User,Updated,Sent to gateway,Confirmed by gateway,Gateway Reference,Settled Amount,Settled Date,Card,Cash / Bank,Vouchers,Total Paid,OTA,eviivo,Total,17/09/2026 15:22,51286696,Barry Weir,,,Hotel Orlando by PLI,S Room 29 Mid 2nd F,BQL-906-013,290-536-134,,In House,17/09/2026 15:06,17-Sep-2026,18-Sep-2026,Booking.com,6546253164,Payment,Card/VCC via the System,Visa,9901,0,Guest Paid Online,eviivo suite,17-Sep-26 15:22:30.268,17-Sep-26 15:22:27.973,17-Sep-26 15:22:29.877,pi_3UGgCmR78xpaffA00Ia6CkF2,,,£ 100.00,,,£ 100.00,,,,£ 100.00,Total Paid,,"£ 3,165.10",£ 15.00,£ 229.54,"£ 3,409.64","£ 127,447.80","£ 29,248.56",-£ 260.00,"£ 159,846.00"
Payments,Balance Transfers - to be paid by:,Payment Date,Payment ID,Guest Name,Group,Company,Property,Room,Order Ref.,Booking Ref,Booked On,Check-In,Check-Out,Channel,OTA Reference,Type,Payment Method,Card Type,Last 4 Digits,Virtual Card,Description,User,Updated,Sent to gateway,Confirmed by gateway,Gateway Reference,Settled Amount,Settled Date,Card,Cash / Bank,Vouchers,Total Paid,OTA,eviivo,Total,17/09/2026 15:27,51286782,Miguel Cores,,,Hotel Orlando by PLI,S Room 35 3rd F,YFE-641-382,481-124-044,,In House,17/09/2026 15:27,17-Sep-2026,18-Sep-2026,Booking.com,6347198986,Payment,Pre-Paid via OTA,,,,Prepaid via Booking.com,system@eviivo.com,17-Sep-26 15:27:19.346,,17-Sep-26 15:27:19.073,,,,,,,£ 0.00,£ 71.30,,,£ 71.30,Total Paid,,"£ 3,165.10",£ 15.00,£ 229.54,"£ 3,409.64","£ 127,447.80","£ 29,248.56",-£ 260.00,"£ 159,846.00"
Payments,Balance Transfers - to be paid by:,Payment Date,Payment ID,Guest Name,Group,Company,Property,Room,Order Ref.,Booking Ref,Booked On,Check-In,Check-Out,Channel,OTA Reference,Type,Payment Method,Card Type,Last 4 Digits,Virtual Card,Description,User,Updated,Sent to gateway,Confirmed by gateway,Gateway Reference,Settled Amount,Settled Date,Card,Cash / Bank,Vouchers,Total Paid,OTA,eviivo,Total,17/09/2026 16:33,51288173,Graham Myers,,,Hotel Orlando by PLI,S Room 23 GF,MWE-482-917,253-163-001,,Pre-arrival,17/09/2026 16:33,23-Sep-2026,24-Sep-2026,Booking.com,6612300151,Payment,Pre-Paid via OTA,,,,Prepaid via Booking.com,system@eviivo.com,17-Sep-26 16:33:45.008,,17-Sep-26 16:33:44.803,,,,,,,£ 0.00,£ 98.30,,,£ 98.30,Total Paid,,"£ 3,165.10",£ 15.00,£ 229.54,"£ 3,409.64","£ 127,447.80","£ 29,248.56",-£ 260.00,"£ 159,846.00"
Payments,Balance Transfers - to be paid by:,Payment Date,Payment ID,Guest Name,Group,Company,Property,Room,Order Ref.,Booking Ref,Booked On,Check-In,Check-Out,Channel,OTA Reference,Type,Payment Method,Card Type,Last 4 Digits,Virtual Card,Description,User,Updated,Sent to gateway,Confirmed by gateway,Gateway Reference,Settled Amount,Settled Date,Card,Cash / Bank,Vouchers,Total Paid,OTA,eviivo,Total,17/09/2026 16:50,51288509,Maria Rega Posada,,,Hotel Orlando by PLI,Room 16 3rd Floor,MVR-649-726,808-158-831,,Pre-arrival,17/09/2026 16:50,25-Sep-2026,27-Sep-2026,Booking.com,6747402929,Payment,Pre-Paid via OTA,,,,Prepaid via Booking.com,system@eviivo.com,17-Sep-26 16:50:50.832,,17-Sep-26 16:50:50.656,,,,,,,£ 0.00,£ 176.60,,,£ 176.60,Total Paid,,"£ 3,165.10",£ 15.00,£ 229.54,"£ 3,409.64","£ 127,447.80","£ 29,248.56",-£ 260.00,"£ 159,846.00"
Payments,Balance Transfers - to be paid by:,Payment Date,Payment ID,Guest Name,Group,Company,Property,Room,Order Ref.,Booking Ref,Booked On,Check-In,Check-Out,Channel,OTA Reference,Type,Payment Method,Card Type,Last 4 Digits,Virtual Card,Description,User,Updated,Sent to gateway,Confirmed by gateway,Gateway Reference,Settled Amount,Settled Date,Card,Cash / Bank,Vouchers,Total Paid,OTA,eviivo,Total,17/09/2026 17:06,51288850,Naiara Nevado,,,Hotel Orlando by PLI,S Room 19 BF - W/Sofa bed ,FFY-357-307,416-881-211,,Pre-arrival,17/09/2026 17:06,02-Feb-2027,06-Feb-2027,Booking.com,6957575251,Payment,Pre-Paid via OTA,,,,Prepaid via Booking.com,system@eviivo.com,17-Sep-26 17:06:49.207,,17-Sep-26 17:06:48.940,,,,,,,£ 0.00,£ 236.00,,,£ 236.00,Total Paid,,"£ 3,165.10",£ 15.00,£ 229.54,"£ 3,409.64","£ 127,447.80","£ 29,248.56",-£ 260.00,"£ 159,846.00"
Payments,Balance Transfers - to be paid by:,Payment Date,Payment ID,Guest Name,Group,Company,Property,Room,Order Ref.,Booking Ref,Booked On,Check-In,Check-Out,Channel,OTA Reference,Type,Payment Method,Card Type,Last 4 Digits,Virtual Card,Description,User,Updated,Sent to gateway,Confirmed by gateway,Gateway Reference,Settled Amount,Settled Date,Card,Cash / Bank,Vouchers,Total Paid,OTA,eviivo,Total,17/09/2026 19:29,51291172,Miguel Cores,,,Hotel Orlando by PLI,S Room 35 3rd F,YFE-641-382,481-124-044,,In House,17/09/2026 15:27,17-Sep-2026,18-Sep-2026,Booking.com,6347198986,Payment,Card/VCC via the System,Visa,3042,0,Guest Paid Online,eviivo suite,17-Sep-26 19:29:22.444,17-Sep-26 19:29:20.023,17-Sep-26 19:29:22.033,pi_3UGk3gR78xpaffA01sIArZhb,,,£ 100.00,,,£ 100.00,,,,£ 100.00,Total Paid,,"£ 3,165.10",£ 15.00,£ 229.54,"£ 3,409.64","£ 127,447.80","£ 29,248.56",-£ 260.00,"£ 159,846.00"
Payments,Balance Transfers - to be paid by:,Payment Date,Payment ID,Guest Name,Group,Company,Property,Room,Order Ref.,Booking Ref,Booked On,Check-In,Check-Out,Channel,OTA Reference,Type,Payment Method,Card Type,Last 4 Digits,Virtual Card,Description,User,Updated,Sent to gateway,Confirmed by gateway,Gateway Reference,Settled Amount,Settled Date,Card,Cash / Bank,Vouchers,Total Paid,OTA,eviivo,Total,17/09/2026 21:14,51292712,ISMAIL ILGUZ,,,Hotel Orlando by PLI,S Room 28 1st F,ASU-790-265,996-245-281,,On Account,17/09/2026 21:14,02-Nov-2026,04-Nov-2026,Expedia & Affiliate Network,2561386378,Payment,Pre-Paid via OTA,,,,Extras prepaid via Expedia Affiliate Network,system@eviivo.com,17-Sep-26 21:14:50.801,,17-Sep-26 21:14:50.133,,,,,,,£ 0.00,,£ 151.42,,£ 151.42,Total Paid,,"£ 3,165.10",£ 15.00,£ 229.54,"£ 3,409.64","£ 127,447.80","£ 29,248.56",-£ 260.00,"£ 159,846.00"
Payments,Balance Transfers - to be paid by:,Payment Date,Payment ID,Guest Name,Group,Company,Property,Room,Order Ref.,Booking Ref,Booked On,Check-In,Check-Out,Channel,OTA Reference,Type,Payment Method,Card Type,Last 4 Digits,Virtual Card,Description,User,Updated,Sent to gateway,Confirmed by gateway,Gateway Reference,Settled Amount,Settled Date,Card,Cash / Bank,Vouchers,Total Paid,OTA,eviivo,Total,17/09/2026 21:42,51293084,Mere Adri,,,Hotel Orlando by PLI,Room 7 Mid-First Floor,PHF-486-605,084-398-364,,Pre-arrival,17/09/2026 21:42,26-Sep-2026,28-Sep-2026,Booking.com,6261540014,Payment,Pre-Paid via OTA,,,,Prepaid via Booking.com,system@eviivo.com,17-Sep-26 21:42:41.430,,17-Sep-26 21:42:41.260,,,,,,,£ 0.00,£ 147.80,,,£ 147.80,Total Paid,,"£ 3,165.10",£ 15.00,£ 229.54,"£ 3,409.64","£ 127,447.80","£ 29,248.56",-£ 260.00,"£ 159,846.00"
Payments,Balance Transfers - to be paid by:,Payment Date,Payment ID,Guest Name,Group,Company,Property,Room,Order Ref.,Booking Ref,Booked On,Check-In,Check-Out,Channel,OTA Reference,Type,Payment Method,Card Type,Last 4 Digits,Virtual Card,Description,User,Updated,Sent to gateway,Confirmed by gateway,Gateway Reference,Settled Amount,Settled Date,Card,Cash / Bank,Vouchers,Total Paid,OTA,eviivo,Total,17/09/2026 23:44,51294210,GARETH HOWARD,,,Hotel Orlando by PLI,S Room 18 BF,XLE-283-210,313-200-522,,Pre-arrival,17/09/2026 23:44,25-Oct-2027,26-Oct-2027,Booking.com,6716673759,Payment,Pre-Paid via OTA,,,,Prepaid via Booking.com,system@eviivo.com,17-Sep-26 23:44:39.386,,17-Sep-26 23:44:38.983,,,,,,,£ 0.00,£ 92.90,,,£ 92.90,Total Paid,,"£ 3,165.10",£ 15.00,£ 229.54,"£ 3,409.64","£ 127,447.80","£ 29,248.56",-£ 260.00,"£ 159,846.00"
Payments,Balance Transfers - to be paid by:,Payment Date,Payment ID,Guest Name,Group,Company,Property,Room,Order Ref.,Booking Ref,Booked On,Check-In,Check-Out,Channel,OTA Reference,Type,Payment Method,Card Type,Last 4 Digits,Virtual Card,Description,User,Updated,Sent to gateway,Confirmed by gateway,Gateway Reference,Settled Amount,Settled Date,Card,Cash / Bank,Vouchers,Total Paid,OTA,eviivo,Total,18/09/2026 00:29,51294514,Imran Khan,,,Hotel Orlando by PLI,S Room 33 3rd F - W/Microwave &Fridge,MBR-079-882,262-381-824,,On Account,18/09/2026 00:29,23-Sep-2026,24-Sep-2026,Expedia & Affiliate Network,2561501618,Payment,Pre-Paid via OTA,,,,Extras prepaid via Expedia Affiliate Network,system@eviivo.com,18-Sep-26 00:29:51.703,,18-Sep-26 00:29:51.300,,,,,,,£ 0.00,,£ 101.00,,£ 101.00,Total Paid,,"£ 3,165.10",£ 15.00,£ 229.54,"£ 3,409.64","£ 127,447.80","£ 29,248.56",-£ 260.00,"£ 159,846.00"
Payments,Balance Transfers - to be paid by:,Payment Date,Payment ID,Guest Name,Group,Company,Property,Room,Order Ref.,Booking Ref,Booked On,Check-In,Check-Out,Channel,OTA Reference,Type,Payment Method,Card Type,Last 4 Digits,Virtual Card,Description,User,Updated,Sent to gateway,Confirmed by gateway,Gateway Reference,Settled Amount,Settled Date,Card,Cash / Bank,Vouchers,Total Paid,OTA,eviivo,Total,18/09/2026 09:36,51469599,Aurora Ruiz,,,Hotel Orlando by PLI,Room 3 BF W/Microwave,YKG-523-931,596-825-812,,Pre-arrival,18/09/2026 09:36,29-Apr-2027,03-May-2027,Booking.com,6691209045,Payment,Pre-Paid via OTA,,,,Prepaid via Booking.com,system@eviivo.com,28-Sep-26 07:44:59.688,,18-Sep-26 09:36:14.090,,,,,,,£ 0.00,£ 366.50,,,£ 366.50,Total Paid,,"£ 3,165.10",£ 15.00,£ 229.54,"£ 3,409.64","£ 127,447.80","£ 29,248.56",-£ 260.00,"£ 159,846.00"
Payments,Balance Transfers - to be paid by:,Payment Date,Payment ID,Guest Name,Group,Company,Property,Room,Order Ref.,Booking Ref,Booked On,Check-In,Check-Out,Channel,OTA Reference,Type,Payment Method,Card Type,Last 4 Digits,Virtual Card,Description,User,Updated,Sent to gateway,Confirmed by gateway,Gateway Reference,Settled Amount,Settled Date,Card,Cash / Bank,Vouchers,Total Paid,OTA,eviivo,Total,18/09/2026 10:58,51300524,Yeshwanth Meadipudi,,,Hotel Orlando by PLI,S Room 17 BF,BDN-582-081,160-624-451,,On Account,18/09/2026 10:58,27-Sep-2026,01-Oct-2026,Expedia & Affiliate Network,2561801510,Payment,Pre-Paid via OTA,,,,Extras prepaid via Expedia,system@eviivo.com,18-Sep-26 10:58:29.104,,18-Sep-26 10:58:28.296,,,,,,,£ 0.00,,£ 241.39,,£ 241.39,Total Paid,,"£ 3,165.10",£ 15.00,£ 229.54,"£ 3,409.64","£ 127,447.80","£ 29,248.56",-£ 260.00,"£ 159,846.00"
Payments,Balance Transfers - to be paid by:,Payment Date,Payment ID,Guest Name,Group,Company,Property,Room,Order Ref.,Booking Ref,Booked On,Check-In,Check-Out,Channel,OTA Reference,Type,Payment Method,Card Type,Last 4 Digits,Virtual Card,Description,User,Updated,Sent to gateway,Confirmed by gateway,Gateway Reference,Settled Amount,Settled Date,Card,Cash / Bank,Vouchers,Total Paid,OTA,eviivo,Total,18/09/2026 11:29,51301154,Wesley Gibbs,,,Hotel Orlando by PLI,S Room 21 GF - SofaBed,ZQL-396-815,609-135-801,,Pre-arrival,18/09/2026 11:29,20-Sep-2026,25-Sep-2026,Booking.com,5308874064,Payment,Pre-Paid via OTA,,,,Prepaid via Booking.com,system@eviivo.com,18-Sep-26 11:29:20.339,,18-Sep-26 11:29:20.063,,,,,,,£ 0.00,£ 364.70,,,£ 364.70,Total Paid,,"£ 3,165.10",£ 15.00,£ 229.54,"£ 3,409.64","£ 127,447.80","£ 29,248.56",-£ 260.00,"£ 159,846.00"
Payments,Balance Transfers - to be paid by:,Payment Date,Payment ID,Guest Name,Group,Company,Property,Room,Order Ref.,Booking Ref,Booked On,Check-In,Check-Out,Channel,OTA Reference,Type,Payment Method,Card Type,Last 4 Digits,Virtual Card,Description,User,Updated,Sent to gateway,Confirmed by gateway,Gateway Reference,Settled Amount,Settled Date,Card,Cash / Bank,Vouchers,Total Paid,OTA,eviivo,Total,18/09/2026 11:36,51301259,Laney Haywood,,,Hotel Orlando by PLI,Room 15 3rd Floor,ALI-495-359,320-884-991,,On Account,18/09/2026 11:36,19-Sep-2026,20-Sep-2026,Expedia & Affiliate Network,2561826393,Payment,Pre-Paid via OTA,,,,Extras prepaid via Expedia Affiliate Network,system@eviivo.com,18-Sep-26 11:36:16.840,,18-Sep-26 11:36:16.156,,,,,,,£ 0.00,,£ 92.00,,£ 92.00,Total Paid,,"£ 3,165.10",£ 15.00,£ 229.54,"£ 3,409.64","£ 127,447.80","£ 29,248.56",-£ 260.00,"£ 159,846.00"
Payments,Balance Transfers - to be paid by:,Payment Date,Payment ID,Guest Name,Group,Company,Property,Room,Order Ref.,Booking Ref,Booked On,Check-In,Check-Out,Channel,OTA Reference,Type,Payment Method,Card Type,Last 4 Digits,Virtual Card,Description,User,Updated,Sent to gateway,Confirmed by gateway,Gateway Reference,Settled Amount,Settled Date,Card,Cash / Bank,Vouchers,Total Paid,OTA,eviivo,Total,18/09/2026 11:42,51301366, Biniam Estifanos,,,Hotel Orlando by PLI,Flat 5 ( GF Orlando ) -  Studio,JYV-854-702,856-855-294,,Pre-arrival,16/09/2026 21:50,21-Sep-2026,25-Sep-2026,,,Payment,Card/VCC via the System,Mastercard,6767,0,Guest Paid Online,eviivo suite,18-Sep-26 11:42:15.907,18-Sep-26 11:42:12.777,18-Sep-26 11:42:15.523,pi_3UGzFAR78xpaffA00vpomF5k,,,£ 355.00,,,£ 355.00,,,,£ 355.00,Total Paid,,"£ 3,165.10",£ 15.00,£ 229.54,"£ 3,409.64","£ 127,447.80","£ 29,248.56",-£ 260.00,"£ 159,846.00"
Payments,Balance Transfers - to be paid by:,Payment Date,Payment ID,Guest Name,Group,Company,Property,Room,Order Ref.,Booking Ref,Booked On,Check-In,Check-Out,Channel,OTA Reference,Type,Payment Method,Card Type,Last 4 Digits,Virtual Card,Description,User,Updated,Sent to gateway,Confirmed by gateway,Gateway Reference,Settled Amount,Settled Date,Card,Cash / Bank,Vouchers,Total Paid,OTA,eviivo,Total,18/09/2026 11:43,51301378, Biniam Estifanos,,,Hotel Orlando by PLI,S Room 19 BF - W/Sofa bed ,OCB-614-725,333-199-852,,Pre-arrival,16/09/2026 16:29,20-Sep-2026,21-Sep-2026,,,Payment,Card/VCC via the System,Mastercard,6767,0,Guest Paid Online,eviivo suite,18-Sep-26 11:43:14.904,18-Sep-26 11:43:12.233,18-Sep-26 11:43:14.430,pi_3UGzG8R78xpaffA00SCtp9fQ,,,£ 76.00,,,£ 76.00,,,,£ 76.00,Total Paid,,"£ 3,165.10",£ 15.00,£ 229.54,"£ 3,409.64","£ 127,447.80","£ 29,248.56",-£ 260.00,"£ 159,846.00"
Payments,Balance Transfers - to be paid by:,Payment Date,Payment ID,Guest Name,Group,Company,Property,Room,Order Ref.,Booking Ref,Booked On,Check-In,Check-Out,Channel,OTA Reference,Type,Payment Method,Card Type,Last 4 Digits,Virtual Card,Description,User,Updated,Sent to gateway,Confirmed by gateway,Gateway Reference,Settled Amount,Settled Date,Card,Cash / Bank,Vouchers,Total Paid,OTA,eviivo,Total,18/09/2026 12:47,51302521,Marta Callejo de Angulo,,,Hotel Orlando by PLI,Room 11 2nd Floor,HYH-478-762,093-423-201,,Pre-arrival,18/09/2026 12:47,17-Feb-2027,21-Feb-2027,Booking.com,5308808324,Payment,Pre-Paid via OTA,,,,Prepaid via Booking.com,system@eviivo.com,18-Sep-26 12:47:17.900,,18-Sep-26 12:47:17.506,,,,,,,£ 0.00,£ 400.00,,,£ 400.00,Total Paid,,"£ 3,165.10",£ 15.00,£ 229.54,"£ 3,409.64","£ 127,447.80","£ 29,248.56",-£ 260.00,"£ 159,846.00"
Payments,Balance Transfers - to be paid by:,Payment Date,Payment ID,Guest Name,Group,Company,Property,Room,Order Ref.,Booking Ref,Booked On,Check-In,Check-Out,Channel,OTA Reference,Type,Payment Method,Card Type,Last 4 Digits,Virtual Card,Description,User,Updated,Sent to gateway,Confirmed by gateway,Gateway Reference,Settled Amount,Settled Date,Card,Cash / Bank,Vouchers,Total Paid,OTA,eviivo,Total,,51302521,Claudia Fernández Zarallo,,,Hotel Orlando by PLI,Room 1 BF,HYH-478-762,916-518-384,,On Account,18/09/2026 12:47,17-Feb-2027,21-Feb-2027,Booking.com,5308808324,(see above/below),(see above/below),,,,,system@eviivo.com,,,,,,,,,,£ 0.00,,,,,Total Paid,,"£ 3,165.10",£ 15.00,£ 229.54,"£ 3,409.64","£ 127,447.80","£ 29,248.56",-£ 260.00,"£ 159,846.00"
Payments,Balance Transfers - to be paid by:,Payment Date,Payment ID,Guest Name,Group,Company,Property,Room,Order Ref.,Booking Ref,Booked On,Check-In,Check-Out,Channel,OTA Reference,Type,Payment Method,Card Type,Last 4 Digits,Virtual Card,Description,User,Updated,Sent to gateway,Confirmed by gateway,Gateway Reference,Settled Amount,Settled Date,Card,Cash / Bank,Vouchers,Total Paid,OTA,eviivo,Total,18/09/2026 13:39,51303412,Katie Mason,,,Hotel Orlando by PLI,Room 1 BF,XCI-906-556,046-468-251,,Pre-arrival,18/09/2026 13:39,27-Aug-2027,29-Aug-2027,Booking.com,6856657168,Payment,Pre-Paid via OTA,,,,Prepaid via Booking.com,system@eviivo.com,18-Sep-26 13:39:03.742,,18-Sep-26 13:39:03.263,,,,,,,£ 0.00,£ 213.50,,,£ 213.50,Total Paid,,"£ 3,165.10",£ 15.00,£ 229.54,"£ 3,409.64","£ 127,447.80","£ 29,248.56",-£ 260.00,"£ 159,846.00"
Payments,Balance Transfers - to be paid by:,Payment Date,Payment ID,Guest Name,Group,Company,Property,Room,Order Ref.,Booking Ref,Booked On,Check-In,Check-Out,Channel,OTA Reference,Type,Payment Method,Card Type,Last 4 Digits,Virtual Card,Description,User,Updated,Sent to gateway,Confirmed by gateway,Gateway Reference,Settled Amount,Settled Date,Card,Cash / Bank,Vouchers,Total Paid,OTA,eviivo,Total,18/09/2026 14:55,51304985,DARREN CASTLE,,,Hotel Orlando by PLI,Room 9 1st Floor,YNU-746-735,409-403-262,,On Account,18/09/2026 14:55,21-Sep-2026,24-Sep-2026,Expedia & Affiliate Network,2561935802,Payment,Pre-Paid via OTA,,,,Extras prepaid via Expedia Affiliate Network,system@eviivo.com,18-Sep-26 14:55:11.637,,18-Sep-26 14:55:08.960,,,,,,,£ 0.00,,£ 244.09,,£ 244.09,Total Paid,,"£ 3,165.10",£ 15.00,£ 229.54,"£ 3,409.64","£ 127,447.80","£ 29,248.56",-£ 260.00,"£ 159,846.00"
Payments,Balance Transfers - to be paid by:,Payment Date,Payment ID,Guest Name,Group,Company,Property,Room,Order Ref.,Booking Ref,Booked On,Check-In,Check-Out,Channel,OTA Reference,Type,Payment Method,Card Type,Last 4 Digits,Virtual Card,Description,User,Updated,Sent to gateway,Confirmed by gateway,Gateway Reference,Settled Amount,Settled Date,Card,Cash / Bank,Vouchers,Total Paid,OTA,eviivo,Total,18/09/2026 17:44,51308442,mohib jaffer,,,Hotel Orlando by PLI,S Room 31 2nd FF,LZQ-356-718,954-413-884,,Pre-arrival,18/09/2026 15:17,23-Sep-2026,24-Sep-2026,Booking.com,5134508965,Payment,Pre-Paid via OTA,,,,Prepaid via OTA,system@eviivo.com,18-Sep-26 17:44:37.686,,18-Sep-26 17:44:37.680,,,,,,,£ 0.00,£ 85.50,,,£ 85.50,Total Paid,,"£ 3,165.10",£ 15.00,£ 229.54,"£ 3,409.64","£ 127,447.80","£ 29,248.56",-£ 260.00,"£ 159,846.00"
Payments,Balance Transfers - to be paid by:,Payment Date,Payment ID,Guest Name,Group,Company,Property,Room,Order Ref.,Booking Ref,Booked On,Check-In,Check-Out,Channel,OTA Reference,Type,Payment Method,Card Type,Last 4 Digits,Virtual Card,Description,User,Updated,Sent to gateway,Confirmed by gateway,Gateway Reference,Settled Amount,Settled Date,Card,Cash / Bank,Vouchers,Total Paid,OTA,eviivo,Total,18/09/2026 18:46,51309480,tucson vero,,,Hotel Orlando by PLI,S Room 30 2nd F - W/Fridge,QHH-185-978,154-868-184,,Pre-arrival,18/09/2026 18:46,06-Oct-2026,11-Oct-2026,Booking.com,6261505486,Payment,Pre-Paid via OTA,,,,Prepaid via Booking.com,system@eviivo.com,18-Sep-26 18:46:45.882,,18-Sep-26 18:46:45.626,,,,,,,£ 0.00,£ 506.90,,,£ 506.90,Total Paid,,"£ 3,165.10",£ 15.00,£ 229.54,"£ 3,409.64","£ 127,447.80","£ 29,248.56",-£ 260.00,"£ 159,846.00"
Payments,Balance Transfers - to be paid by:,Payment Date,Payment ID,Guest Name,Group,Company,Property,Room,Order Ref.,Booking Ref,Booked On,Check-In,Check-Out,Channel,OTA Reference,Type,Payment Method,Card Type,Last 4 Digits,Virtual Card,Description,User,Updated,Sent to gateway,Confirmed by gateway,Gateway Reference,Settled Amount,Settled Date,Card,Cash / Bank,Vouchers,Total Paid,OTA,eviivo,Total,18/09/2026 18:54,51309609,Omeramoye Ubor,,,Hotel Orlando by PLI,Room 15 3rd Floor,YOJ-899-562,843-968-452,,In House,18/09/2026 18:54,18-Sep-2026,19-Sep-2026,Airbnb,HMZXRTJB3N,Payment,Pre-Paid via OTA,,,,Extras prepaid via Airbnb,system@eviivo.com,18-Sep-26 18:54:08.356,,18-Sep-26 18:54:07.736,,,,,,,£ 0.00,£ 71.00,,,£ 71.00,Total Paid,,"£ 3,165.10",£ 15.00,£ 229.54,"£ 3,409.64","£ 127,447.80","£ 29,248.56",-£ 260.00,"£ 159,846.00"
Payments,Balance Transfers - to be paid by:,Payment Date,Payment ID,Guest Name,Group,Company,Property,Room,Order Ref.,Booking Ref,Booked On,Check-In,Check-Out,Channel,OTA Reference,Type,Payment Method,Card Type,Last 4 Digits,Virtual Card,Description,User,Updated,Sent to gateway,Confirmed by gateway,Gateway Reference,Settled Amount,Settled Date,Card,Cash / Bank,Vouchers,Total Paid,OTA,eviivo,Total,18/09/2026 19:06,51309795,Natasha Webster,,,Hotel Orlando by PLI,S Room 34 3rd F,DJV-895-148,222-383-391,,Pre-arrival,18/09/2026 19:06,19-Feb-2027,20-Feb-2027,Booking.com,5308877461,Payment,Pre-Paid via OTA,,,,Prepaid via Booking.com,system@eviivo.com,18-Sep-26 19:06:55.525,,18-Sep-26 19:06:55.350,,,,,,,£ 0.00,£ 66.80,,,£ 66.80,Total Paid,,"£ 3,165.10",£ 15.00,£ 229.54,"£ 3,409.64","£ 127,447.80","£ 29,248.56",-£ 260.00,"£ 159,846.00"
Payments,Balance Transfers - to be paid by:,Payment Date,Payment ID,Guest Name,Group,Company,Property,Room,Order Ref.,Booking Ref,Booked On,Check-In,Check-Out,Channel,OTA Reference,Type,Payment Method,Card Type,Last 4 Digits,Virtual Card,Description,User,Updated,Sent to gateway,Confirmed by gateway,Gateway Reference,Settled Amount,Settled Date,Card,Cash / Bank,Vouchers,Total Paid,OTA,eviivo,Total,18/09/2026 21:39,51311751,Maria CG,,,Hotel Orlando by PLI,Flat 5 ( GF Orlando ) -  Studio,FDM-045-007,498-031-961,,Pre-arrival,18/09/2026 21:39,02-Dec-2026,06-Dec-2026,Booking.com,5308801222,Payment,Pre-Paid via OTA,,,,Prepaid via Booking.com,system@eviivo.com,18-Sep-26 21:39:47.549,,18-Sep-26 21:39:47.370,,,,,,,£ 0.00,£ 453.80,,,£ 453.80,Total Paid,,"£ 3,165.10",£ 15.00,£ 229.54,"£ 3,409.64","£ 127,447.80","£ 29,248.56",-£ 260.00,"£ 159,846.00"
Payments,Balance Transfers - to be paid by:,Payment Date,Payment ID,Guest Name,Group,Company,Property,Room,Order Ref.,Booking Ref,Booked On,Check-In,Check-Out,Channel,OTA Reference,Type,Payment Method,Card Type,Last 4 Digits,Virtual Card,Description,User,Updated,Sent to gateway,Confirmed by gateway,Gateway Reference,Settled Amount,Settled Date,Card,Cash / Bank,Vouchers,Total Paid,OTA,eviivo,Total,18/09/2026 22:18,51312175,fabiana Fusco,,,Hotel Orlando by PLI,Room 14 2nd Floor,BEY-631-030,111-164-594,,Pre-arrival,18/09/2026 22:18,01-Feb-2027,05-Feb-2027,Booking.com,5134524835,Payment,Pre-Paid via OTA,,,,Prepaid via Booking.com,system@eviivo.com,18-Sep-26 22:18:29.271,,18-Sep-26 22:18:28.950,,,,,,,£ 0.00,£ 385.60,,,£ 385.60,Total Paid,,"£ 3,165.10",£ 15.00,£ 229.54,"£ 3,409.64","£ 127,447.80","£ 29,248.56",-£ 260.00,"£ 159,846.00"
Payments,Balance Transfers - to be paid by:,Payment Date,Payment ID,Guest Name,Group,Company,Property,Room,Order Ref.,Booking Ref,Booked On,Check-In,Check-Out,Channel,OTA Reference,Type,Payment Method,Card Type,Last 4 Digits,Virtual Card,Description,User,Updated,Sent to gateway,Confirmed by gateway,Gateway Reference,Settled Amount,Settled Date,Card,Cash / Bank,Vouchers,Total Paid,OTA,eviivo,Total,,51312175,Emanuela Di vaio,,,Hotel Orlando by PLI,Room 10 1st Floor,BEY-631-030,815-834-312,,On Account,18/09/2026 22:18,01-Feb-2027,05-Feb-2027,Booking.com,5134524835,(see above/below),(see above/below),,,,,system@eviivo.com,,,,,,,,,,£ 0.00,,,,,Total Paid,,"£ 3,165.10",£ 15.00,£ 229.54,"£ 3,409.64","£ 127,447.80","£ 29,248.56",-£ 260.00,"£ 159,846.00"
Payments,Balance Transfers - to be paid by:,Payment Date,Payment ID,Guest Name,Group,Company,Property,Room,Order Ref.,Booking Ref,Booked On,Check-In,Check-Out,Channel,OTA Reference,Type,Payment Method,Card Type,Last 4 Digits,Virtual Card,Description,User,Updated,Sent to gateway,Confirmed by gateway,Gateway Reference,Settled Amount,Settled Date,Card,Cash / Bank,Vouchers,Total Paid,OTA,eviivo,Total,18/09/2026 22:30,51312302,Paolo Fubini,,,Hotel Orlando by PLI,Room 15 3rd Floor,EVY-759-521,922-183-331,,On Account,18/09/2026 22:30,21-Sep-2026,23-Sep-2026,Expedia & Affiliate Network,2562244982,Payment,Pre-Paid via OTA,,,,Extras prepaid via Expedia,system@eviivo.com,18-Sep-26 22:30:05.802,,18-Sep-26 22:30:04.636,,,,,,,£ 0.00,,£ 125.28,,£ 125.28,Total Paid,,"£ 3,165.10",£ 15.00,£ 229.54,"£ 3,409.64","£ 127,447.80","£ 29,248.56",-£ 260.00,"£ 159,846.00"
Payments,Balance Transfers - to be paid by:,Payment Date,Payment ID,Guest Name,Group,Company,Property,Room,Order Ref.,Booking Ref,Booked On,Check-In,Check-Out,Channel,OTA Reference,Type,Payment Method,Card Type,Last 4 Digits,Virtual Card,Description,User,Updated,Sent to gateway,Confirmed by gateway,Gateway Reference,Settled Amount,Settled Date,Card,Cash / Bank,Vouchers,Total Paid,OTA,eviivo,Total,18/09/2026 23:25,51312828,Nerea Pérez Penagos,,,Hotel Orlando by PLI,S Room 31 2nd FF,BFT-934-167,851-908-091,,Pre-arrival,18/09/2026 23:24,21-Sep-2026,26-Sep-2026,Booking.com,5291492991,Payment,Pre-Paid via OTA,,,,Prepaid via Booking.com,system@eviivo.com,18-Sep-26 23:25:01.965,,18-Sep-26 23:25:01.586,,,,,,,£ 0.00,£ 420.50,,,£ 420.50,Total Paid,,"£ 3,165.10",£ 15.00,£ 229.54,"£ 3,409.64","£ 127,447.80","£ 29,248.56",-£ 260.00,"£ 159,846.00"
Payments,Balance Transfers - to be paid by:,Payment Date,Payment ID,Guest Name,Group,Company,Property,Room,Order Ref.,Booking Ref,Booked On,Check-In,Check-Out,Channel,OTA Reference,Type,Payment Method,Card Type,Last 4 Digits,Virtual Card,Description,User,Updated,Sent to gateway,Confirmed by gateway,Gateway Reference,Settled Amount,Settled Date,Card,Cash / Bank,Vouchers,Total Paid,OTA,eviivo,Total,18/09/2026 23:37,51312908,Andrew Shipway,,,Hotel Orlando by PLI,S Room 27 1st F  W/Fridge,ATQ-978-235,591-044-301,,Pre-arrival,18/09/2026 23:37,03-Oct-2026,04-Oct-2026,Booking.com,6224911096,Payment,Pre-Paid via OTA,,,,Prepaid via Booking.com,system@eviivo.com,18-Sep-26 23:37:43.211,,18-Sep-26 23:37:42.906,,,,,,,£ 0.00,£ 122.60,,,£ 122.60,Total Paid,,"£ 3,165.10",£ 15.00,£ 229.54,"£ 3,409.64","£ 127,447.80","£ 29,248.56",-£ 260.00,"£ 159,846.00"
Payments,Balance Transfers - to be paid by:,Payment Date,Payment ID,Guest Name,Group,Company,Property,Room,Order Ref.,Booking Ref,Booked On,Check-In,Check-Out,Channel,OTA Reference,Type,Payment Method,Card Type,Last 4 Digits,Virtual Card,Description,User,Updated,Sent to gateway,Confirmed by gateway,Gateway Reference,Settled Amount,Settled Date,Card,Cash / Bank,Vouchers,Total Paid,OTA,eviivo,Total,19/09/2026 08:06,51315357,Maria Jesus de Prado,,,Hotel Orlando by PLI,Room 14 2nd Floor,MJE-687-736,264-953-121,,Pre-arrival,19/09/2026 08:06,05-Feb-2027,09-Feb-2027,Booking.com,6138220181,Payment,Pre-Paid via OTA,,,,Prepaid via Booking.com,system@eviivo.com,19-Sep-26 08:06:06.127,,19-Sep-26 08:06:05.886,,,,,,,£ 0.00,£ 210.80,,,£ 210.80,Total Paid,,"£ 3,165.10",£ 15.00,£ 229.54,"£ 3,409.64","£ 127,447.80","£ 29,248.56",-£ 260.00,"£ 159,846.00"
Payments,Balance Transfers - to be paid by:,Payment Date,Payment ID,Guest Name,Group,Company,Property,Room,Order Ref.,Booking Ref,Booked On,Check-In,Check-Out,Channel,OTA Reference,Type,Payment Method,Card Type,Last 4 Digits,Virtual Card,Description,User,Updated,Sent to gateway,Confirmed by gateway,Gateway Reference,Settled Amount,Settled Date,Card,Cash / Bank,Vouchers,Total Paid,OTA,eviivo,Total,19/09/2026 09:10,51316336,Samuel Anyanwu,,,Hotel Orlando by PLI,S Room 27 1st F  W/Fridge,OZZ-311-763,544-191-292,,Pre-arrival,19/09/2026 09:10,23-Sep-2026,24-Sep-2026,Booking.com,6138272407,Payment,Pre-Paid via OTA,,,,Prepaid via Booking.com,system@eviivo.com,19-Sep-26 09:10:39.343,,19-Sep-26 09:10:38.986,,,,,,,£ 0.00,£ 108.20,,,£ 108.20,Total Paid,,"£ 3,165.10",£ 15.00,£ 229.54,"£ 3,409.64","£ 127,447.80","£ 29,248.56",-£ 260.00,"£ 159,846.00"
Payments,Balance Transfers - to be paid by:,Payment Date,Payment ID,Guest Name,Group,Company,Property,Room,Order Ref.,Booking Ref,Booked On,Check-In,Check-Out,Channel,OTA Reference,Type,Payment Method,Card Type,Last 4 Digits,Virtual Card,Description,User,Updated,Sent to gateway,Confirmed by gateway,Gateway Reference,Settled Amount,Settled Date,Card,Cash / Bank,Vouchers,Total Paid,OTA,eviivo,Total,19/09/2026 09:43,51316946,Enriqueta Bartolome Protasio,,,Hotel Orlando by PLI,Room 15 3rd Floor,FUJ-142-134,224-922-292,,Pre-arrival,19/09/2026 09:43,05-Feb-2027,09-Feb-2027,Booking.com,6936294867,Payment,Pre-Paid via OTA,,,,Prepaid via Booking.com,system@eviivo.com,19-Sep-26 09:43:01.878,,19-Sep-26 09:43:01.600,,,,,,,£ 0.00,£ 174.80,,,£ 174.80,Total Paid,,"£ 3,165.10",£ 15.00,£ 229.54,"£ 3,409.64","£ 127,447.80","£ 29,248.56",-£ 260.00,"£ 159,846.00"
Payments,Balance Transfers - to be paid by:,Payment Date,Payment ID,Guest Name,Group,Company,Property,Room,Order Ref.,Booking Ref,Booked On,Check-In,Check-Out,Channel,OTA Reference,Type,Payment Method,Card Type,Last 4 Digits,Virtual Card,Description,User,Updated,Sent to gateway,Confirmed by gateway,Gateway Reference,Settled Amount,Settled Date,Card,Cash / Bank,Vouchers,Total Paid,OTA,eviivo,Total,19/09/2026 09:54,51317159,Luis Carlos Izquierdo Izquierdo,,,Hotel Orlando by PLI,S Room 18 BF,KEY-137-242,136-149-212,,Pre-arrival,19/09/2026 09:54,05-Feb-2027,09-Feb-2027,Booking.com,5904141540,Payment,Pre-Paid via OTA,,,,Prepaid via Booking.com,system@eviivo.com,19-Sep-26 09:54:33.336,,19-Sep-26 09:54:32.996,,,,,,,£ 0.00,£ 192.80,,,£ 192.80,Total Paid,,"£ 3,165.10",£ 15.00,£ 229.54,"£ 3,409.64","£ 127,447.80","£ 29,248.56",-£ 260.00,"£ 159,846.00"
Payments,Balance Transfers - to be paid by:,Payment Date,Payment ID,Guest Name,Group,Company,Property,Room,Order Ref.,Booking Ref,Booked On,Check-In,Check-Out,Channel,OTA Reference,Type,Payment Method,Card Type,Last 4 Digits,Virtual Card,Description,User,Updated,Sent to gateway,Confirmed by gateway,Gateway Reference,Settled Amount,Settled Date,Card,Cash / Bank,Vouchers,Total Paid,OTA,eviivo,Total,19/09/2026 10:02,51317357,Thomas Befroy,,,Hotel Orlando by PLI,S Room 21 GF - SofaBed,VIF-398-669,689-430-531,,In House,07/09/2026 19:27,19-Sep-2026,20-Sep-2026,Booking.com,6873342061,Payment,Card/VCC via the System,Visa,9003,0,Guest Paid Online,eviivo suite,19-Sep-26 10:03:00.272,19-Sep-26 10:02:58.017,19-Sep-26 10:02:59.900,pi_3UHKAgR78xpaffA02BXVLsAF,,,£ 100.00,,,£ 100.00,,,,£ 100.00,Total Paid,,"£ 3,165.10",£ 15.00,£ 229.54,"£ 3,409.64","£ 127,447.80","£ 29,248.56",-£ 260.00,"£ 159,846.00"
Payments,Balance Transfers - to be paid by:,Payment Date,Payment ID,Guest Name,Group,Company,Property,Room,Order Ref.,Booking Ref,Booked On,Check-In,Check-Out,Channel,OTA Reference,Type,Payment Method,Card Type,Last 4 Digits,Virtual Card,Description,User,Updated,Sent to gateway,Confirmed by gateway,Gateway Reference,Settled Amount,Settled Date,Card,Cash / Bank,Vouchers,Total Paid,OTA,eviivo,Total,19/09/2026 11:11,51318504,Rosie Carr,,,Hotel Orlando by PLI,Room 3 BF W/Microwave,FRI-342-992,059-659-961,,Pre-arrival,19/09/2026 11:11,23-Sep-2026,24-Sep-2026,Booking.com,5454561229,Payment,Pre-Paid via OTA,,,,Prepaid via Booking.com,system@eviivo.com,19-Sep-26 11:11:51.352,,19-Sep-26 11:11:51.143,,,,,,,£ 0.00,£ 114.50,,,£ 114.50,Total Paid,,"£ 3,165.10",£ 15.00,£ 229.54,"£ 3,409.64","£ 127,447.80","£ 29,248.56",-£ 260.00,"£ 159,846.00"
Payments,Balance Transfers - to be paid by:,Payment Date,Payment ID,Guest Name,Group,Company,Property,Room,Order Ref.,Booking Ref,Booked On,Check-In,Check-Out,Channel,OTA Reference,Type,Payment Method,Card Type,Last 4 Digits,Virtual Card,Description,User,Updated,Sent to gateway,Confirmed by gateway,Gateway Reference,Settled Amount,Settled Date,Card,Cash / Bank,Vouchers,Total Paid,OTA,eviivo,Total,19/09/2026 11:52,51319157,David Pope,,,Hotel Orlando by PLI,Room 16 3rd Floor,IUJ-939-218,463-468-331,,Pre-arrival,19/09/2026 11:52,25-Oct-2027,26-Oct-2027,Booking.com,5770834085,Payment,Pre-Paid via OTA,,,,Prepaid via Booking.com,system@eviivo.com,19-Sep-26 11:52:23.020,,19-Sep-26 11:52:22.800,,,,,,,£ 0.00,£ 56.00,,,£ 56.00,Total Paid,,"£ 3,165.10",£ 15.00,£ 229.54,"£ 3,409.64","£ 127,447.80","£ 29,248.56",-£ 260.00,"£ 159,846.00"
Payments,Balance Transfers - to be paid by:,Payment Date,Payment ID,Guest Name,Group,Company,Property,Room,Order Ref.,Booking Ref,Booked On,Check-In,Check-Out,Channel,OTA Reference,Type,Payment Method,Card Type,Last 4 Digits,Virtual Card,Description,User,Updated,Sent to gateway,Confirmed by gateway,Gateway Reference,Settled Amount,Settled Date,Card,Cash / Bank,Vouchers,Total Paid,OTA,eviivo,Total,19/09/2026 12:29,51319721,Ben Day,,,Hotel Orlando by PLI,Flat 20 ( Basement sino ),FCZ-770-456,632-311-961,,On Account,19/09/2026 12:29,23-Sep-2026,24-Sep-2026,Expedia & Affiliate Network,2562587527,Payment,Pre-Paid via OTA,,,,Extras prepaid via Expedia Affiliate Network,system@eviivo.com,19-Sep-26 12:29:37.497,,19-Sep-26 12:29:36.820,,,,,,,£ 0.00,,£ 131.00,,£ 131.00,Total Paid,,"£ 3,165.10",£ 15.00,£ 229.54,"£ 3,409.64","£ 127,447.80","£ 29,248.56",-£ 260.00,"£ 159,846.00"
Payments,Balance Transfers - to be paid by:,Payment Date,Payment ID,Guest Name,Group,Company,Property,Room,Order Ref.,Booking Ref,Booked On,Check-In,Check-Out,Channel,OTA Reference,Type,Payment Method,Card Type,Last 4 Digits,Virtual Card,Description,User,Updated,Sent to gateway,Confirmed by gateway,Gateway Reference,Settled Amount,Settled Date,Card,Cash / Bank,Vouchers,Total Paid,OTA,eviivo,Total,19/09/2026 12:35,51319790,Mitchell Seng,,,Hotel Orlando by PLI,S Room 26 1st F - W/Fridge,INF-721-537,113-484-994,,Pre-arrival,19/09/2026 12:35,10-Oct-2026,11-Oct-2026,Booking.com,5683041078,Payment,Pre-Paid via OTA,,,,Prepaid via Booking.com,system@eviivo.com,19-Sep-26 12:35:26.229,,19-Sep-26 12:35:26.046,,,,,,,£ 0.00,£ 134.30,,,£ 134.30,Total Paid,,"£ 3,165.10",£ 15.00,£ 229.54,"£ 3,409.64","£ 127,447.80","£ 29,248.56",-£ 260.00,"£ 159,846.00"
Payments,Balance Transfers - to be paid by:,Payment Date,Payment ID,Guest Name,Group,Company,Property,Room,Order Ref.,Booking Ref,Booked On,Check-In,Check-Out,Channel,OTA Reference,Type,Payment Method,Card Type,Last 4 Digits,Virtual Card,Description,User,Updated,Sent to gateway,Confirmed by gateway,Gateway Reference,Settled Amount,Settled Date,Card,Cash / Bank,Vouchers,Total Paid,OTA,eviivo,Total,19/09/2026 13:31,51320724,Cicha Olga,,,Hotel Orlando by PLI,Room 6 GF,NIN-928-292,423-482-441,,In House,12/03/2026 18:39,19-Sep-2026,20-Sep-2026,Booking.com,6370722291,Payment,Card/VCC via the System,Visa,1102,0,Guest Paid Online,eviivo suite,19-Sep-26 13:31:07.294,19-Sep-26 13:31:05.280,19-Sep-26 13:31:06.963,pi_3UHNQ5R78xpaffA00zqZpOYV,,,£ 100.00,,,£ 100.00,,,,£ 100.00,Total Paid,,"£ 3,165.10",£ 15.00,£ 229.54,"£ 3,409.64","£ 127,447.80","£ 29,248.56",-£ 260.00,"£ 159,846.00"
Payments,Balance Transfers - to be paid by:,Payment Date,Payment ID,Guest Name,Group,Company,Property,Room,Order Ref.,Booking Ref,Booked On,Check-In,Check-Out,Channel,OTA Reference,Type,Payment Method,Card Type,Last 4 Digits,Virtual Card,Description,User,Updated,Sent to gateway,Confirmed by gateway,Gateway Reference,Settled Amount,Settled Date,Card,Cash / Bank,Vouchers,Total Paid,OTA,eviivo,Total,19/09/2026 13:31,51320733,Cicha Olga,,,Hotel Orlando by PLI,S Room 19 BF - W/Sofa bed ,RCW-759-819,195-199-092,,In House,12/03/2026 19:47,19-Sep-2026,20-Sep-2026,Booking.com,6513238857,Payment,Card/VCC via the System,Visa,1102,0,Guest Paid Online,eviivo suite,19-Sep-26 13:31:53.304,19-Sep-26 13:31:51.260,19-Sep-26 13:31:52.903,pi_3UHNQpR78xpaffA00chRlFAN,,,£ 100.00,,,£ 100.00,,,,£ 100.00,Total Paid,,"£ 3,165.10",£ 15.00,£ 229.54,"£ 3,409.64","£ 127,447.80","£ 29,248.56",-£ 260.00,"£ 159,846.00"
Payments,Balance Transfers - to be paid by:,Payment Date,Payment ID,Guest Name,Group,Company,Property,Room,Order Ref.,Booking Ref,Booked On,Check-In,Check-Out,Channel,OTA Reference,Type,Payment Method,Card Type,Last 4 Digits,Virtual Card,Description,User,Updated,Sent to gateway,Confirmed by gateway,Gateway Reference,Settled Amount,Settled Date,Card,Cash / Bank,Vouchers,Total Paid,OTA,eviivo,Total,19/09/2026 15:27,51322678,Jessica Love,,,Hotel Orlando by PLI,S Room 33 3rd F - W/Microwave &Fridge,MHB-434-161,114-912-262,,In House,09/09/2026 07:29,19-Sep-2026,20-Sep-2026,Booking.com,5974497100,Payment,Card/VCC via the System,Mastercard,1489,0,Guest Paid Online,eviivo suite,19-Sep-26 15:27:35.789,19-Sep-26 15:27:32.983,19-Sep-26 15:27:35.443,pi_3UHPEnR78xpaffA010QoUNHm,,,£ 100.00,,,£ 100.00,,,,£ 100.00,Total Paid,,"£ 3,165.10",£ 15.00,£ 229.54,"£ 3,409.64","£ 127,447.80","£ 29,248.56",-£ 260.00,"£ 159,846.00"
Payments,Balance Transfers - to be paid by:,Payment Date,Payment ID,Guest Name,Group,Company,Property,Room,Order Ref.,Booking Ref,Booked On,Check-In,Check-Out,Channel,OTA Reference,Type,Payment Method,Card Type,Last 4 Digits,Virtual Card,Description,User,Updated,Sent to gateway,Confirmed by gateway,Gateway Reference,Settled Amount,Settled Date,Card,Cash / Bank,Vouchers,Total Paid,OTA,eviivo,Total,19/09/2026 15:33,51322797,Unyime Iniobong,,,Hotel Orlando by PLI,Room 3 BF W/Microwave,ZJB-789-252,539-285-934,,Pre-arrival,16/09/2026 13:49,20-Sep-2026,23-Sep-2026,Booking.com,5126065531,Payment,Pre-Paid via OTA,,,,Prepaid via OTA,system@eviivo.com,19-Sep-26 15:33:26.520,,19-Sep-26 15:33:26.406,,,,,,,£ 0.00,£ 217.00,,,£ 217.00,Total Paid,,"£ 3,165.10",£ 15.00,£ 229.54,"£ 3,409.64","£ 127,447.80","£ 29,248.56",-£ 260.00,"£ 159,846.00"
Payments,Balance Transfers - to be paid by:,Payment Date,Payment ID,Guest Name,Group,Company,Property,Room,Order Ref.,Booking Ref,Booked On,Check-In,Check-Out,Channel,OTA Reference,Type,Payment Method,Card Type,Last 4 Digits,Virtual Card,Description,User,Updated,Sent to gateway,Confirmed by gateway,Gateway Reference,Settled Amount,Settled Date,Card,Cash / Bank,Vouchers,Total Paid,OTA,eviivo,Total,19/09/2026 15:35,51322817,Steve Dumbrell,,,Hotel Orlando by PLI,Room 9 1st Floor,RIQ-356-741,102-033-321,,Post Checkout,16/09/2026 19:27,16-Sep-2026,17-Sep-2026,Booking.com,6196292044,Refund,Card/VCC via the System,Visa,2675,0,,mohammed.samy@crownbs.com,19-Sep-26 15:35:21.328,19-Sep-26 15:35:19.887,19-Sep-26 15:35:20.980,re_3UGO2HR78xpaffA00WkgCUpH,,,-£ 100.00,,,-£ 100.00,,,,- £ 100.00,Total Paid,,"£ 3,165.10",£ 15.00,£ 229.54,"£ 3,409.64","£ 127,447.80","£ 29,248.56",-£ 260.00,"£ 159,846.00"
Payments,Balance Transfers - to be paid by:,Payment Date,Payment ID,Guest Name,Group,Company,Property,Room,Order Ref.,Booking Ref,Booked On,Check-In,Check-Out,Channel,OTA Reference,Type,Payment Method,Card Type,Last 4 Digits,Virtual Card,Description,User,Updated,Sent to gateway,Confirmed by gateway,Gateway Reference,Settled Amount,Settled Date,Card,Cash / Bank,Vouchers,Total Paid,OTA,eviivo,Total,19/09/2026 15:35,51322822,YAN Xinkeyi,,,Hotel Orlando by PLI,Room 11 2nd Floor,LSD-628-954,691-099-352,,Post Checkout,15/09/2026 15:04,16-Sep-2026,17-Sep-2026,Booking.com,6254563765,Refund,Card/VCC via the System,Mastercard,9382,0,,mohammed.samy@crownbs.com,19-Sep-26 15:35:36.820,19-Sep-26 15:35:35.500,19-Sep-26 15:35:36.593,re_3UGLbWR78xpaffA02QWQXhlT,,,-£ 100.00,,,-£ 100.00,,,,- £ 100.00,Total Paid,,"£ 3,165.10",£ 15.00,£ 229.54,"£ 3,409.64","£ 127,447.80","£ 29,248.56",-£ 260.00,"£ 159,846.00"
Payments,Balance Transfers - to be paid by:,Payment Date,Payment ID,Guest Name,Group,Company,Property,Room,Order Ref.,Booking Ref,Booked On,Check-In,Check-Out,Channel,OTA Reference,Type,Payment Method,Card Type,Last 4 Digits,Virtual Card,Description,User,Updated,Sent to gateway,Confirmed by gateway,Gateway Reference,Settled Amount,Settled Date,Card,Cash / Bank,Vouchers,Total Paid,OTA,eviivo,Total,19/09/2026 15:35,51322824,taylor cable,,,Hotel Orlando by PLI,S Room 27 1st F  W/Fridge,HDW-140-985,610-583-261,,Post Checkout,11/09/2026 12:47,16-Sep-2026,17-Sep-2026,Booking.com,5083382873,Refund,Card/VCC via the System,Mastercard,3689,0,,mohammed.samy@crownbs.com,19-Sep-26 15:35:51.743,19-Sep-26 15:35:50.440,19-Sep-26 15:35:51.580,re_3UGMShR78xpaffA00dy38JiT,,,-£ 100.00,,,-£ 100.00,,,,- £ 100.00,Total Paid,,"£ 3,165.10",£ 15.00,£ 229.54,"£ 3,409.64","£ 127,447.80","£ 29,248.56",-£ 260.00,"£ 159,846.00"
Payments,Balance Transfers - to be paid by:,Payment Date,Payment ID,Guest Name,Group,Company,Property,Room,Order Ref.,Booking Ref,Booked On,Check-In,Check-Out,Channel,OTA Reference,Type,Payment Method,Card Type,Last 4 Digits,Virtual Card,Description,User,Updated,Sent to gateway,Confirmed by gateway,Gateway Reference,Settled Amount,Settled Date,Card,Cash / Bank,Vouchers,Total Paid,OTA,eviivo,Total,19/09/2026 15:36,51322831,Tomasz Kukier,,,Hotel Orlando by PLI,S Room 29 Mid 2nd F,SRV-687-001,534-369-832,,Post Checkout,15/09/2026 00:57,16-Sep-2026,17-Sep-2026,Booking.com,6194973405,Refund,Card/VCC via the System,Visa,2997,0,,mohammed.samy@crownbs.com,19-Sep-26 15:36:04.519,19-Sep-26 15:36:03.347,19-Sep-26 15:36:04.330,re_3UGL86R78xpaffA02j9rPPu2,,,-£ 100.00,,,-£ 100.00,,,,- £ 100.00,Total Paid,,"£ 3,165.10",£ 15.00,£ 229.54,"£ 3,409.64","£ 127,447.80","£ 29,248.56",-£ 260.00,"£ 159,846.00"
Payments,Balance Transfers - to be paid by:,Payment Date,Payment ID,Guest Name,Group,Company,Property,Room,Order Ref.,Booking Ref,Booked On,Check-In,Check-Out,Channel,OTA Reference,Type,Payment Method,Card Type,Last 4 Digits,Virtual Card,Description,User,Updated,Sent to gateway,Confirmed by gateway,Gateway Reference,Settled Amount,Settled Date,Card,Cash / Bank,Vouchers,Total Paid,OTA,eviivo,Total,19/09/2026 15:36,51322836,Barry Weir,,,Hotel Orlando by PLI,S Room 29 Mid 2nd F,BQL-906-013,290-536-134,,Post Checkout,17/09/2026 15:06,17-Sep-2026,18-Sep-2026,Booking.com,6546253164,Refund,Card/VCC via the System,Visa,9901,0,,mohammed.samy@crownbs.com,19-Sep-26 15:36:22.150,19-Sep-26 15:36:20.947,19-Sep-26 15:36:21.917,re_3UGgCmR78xpaffA00kaQUHdV,,,-£ 100.00,,,-£ 100.00,,,,- £ 100.00,Total Paid,,"£ 3,165.10",£ 15.00,£ 229.54,"£ 3,409.64","£ 127,447.80","£ 29,248.56",-£ 260.00,"£ 159,846.00"
Payments,Balance Transfers - to be paid by:,Payment Date,Payment ID,Guest Name,Group,Company,Property,Room,Order Ref.,Booking Ref,Booked On,Check-In,Check-Out,Channel,OTA Reference,Type,Payment Method,Card Type,Last 4 Digits,Virtual Card,Description,User,Updated,Sent to gateway,Confirmed by gateway,Gateway Reference,Settled Amount,Settled Date,Card,Cash / Bank,Vouchers,Total Paid,OTA,eviivo,Total,19/09/2026 15:36,51322843,Miguel Cores,,,Hotel Orlando by PLI,S Room 35 3rd F,YFE-641-382,481-124-044,,Post Checkout,17/09/2026 15:27,17-Sep-2026,18-Sep-2026,Booking.com,6347198986,Refund,Card/VCC via the System,Visa,3042,0,,mohammed.samy@crownbs.com,19-Sep-26 15:36:35.082,19-Sep-26 15:36:33.773,19-Sep-26 15:36:34.703,re_3UGk3gR78xpaffA01hEhMZQ9,,,-£ 100.00,,,-£ 100.00,,,,- £ 100.00,Total Paid,,"£ 3,165.10",£ 15.00,£ 229.54,"£ 3,409.64","£ 127,447.80","£ 29,248.56",-£ 260.00,"£ 159,846.00"
Payments,Balance Transfers - to be paid by:,Payment Date,Payment ID,Guest Name,Group,Company,Property,Room,Order Ref.,Booking Ref,Booked On,Check-In,Check-Out,Channel,OTA Reference,Type,Payment Method,Card Type,Last 4 Digits,Virtual Card,Description,User,Updated,Sent to gateway,Confirmed by gateway,Gateway Reference,Settled Amount,Settled Date,Card,Cash / Bank,Vouchers,Total Paid,OTA,eviivo,Total,19/09/2026 17:09,51324501,Laney Haywood,,,Hotel Orlando by PLI,Room 15 3rd Floor,ALI-495-359,320-884-991,,In House,18/09/2026 11:36,19-Sep-2026,20-Sep-2026,Expedia & Affiliate Network,2561826393,Payment,Card/VCC via the System,Mastercard,6429,0,Guest Paid Online,eviivo suite,19-Sep-26 17:09:13.782,19-Sep-26 17:09:11.343,19-Sep-26 17:09:13.483,pi_3UHQp9R78xpaffA008C7ENEk,,,£ 100.00,,,£ 100.00,,,,£ 100.00,Total Paid,,"£ 3,165.10",£ 15.00,£ 229.54,"£ 3,409.64","£ 127,447.80","£ 29,248.56",-£ 260.00,"£ 159,846.00"
Payments,Balance Transfers - to be paid by:,Payment Date,Payment ID,Guest Name,Group,Company,Property,Room,Order Ref.,Booking Ref,Booked On,Check-In,Check-Out,Channel,OTA Reference,Type,Payment Method,Card Type,Last 4 Digits,Virtual Card,Description,User,Updated,Sent to gateway,Confirmed by gateway,Gateway Reference,Settled Amount,Settled Date,Card,Cash / Bank,Vouchers,Total Paid,OTA,eviivo,Total,19/09/2026 17:23,51324773,Nemia Dagaga,,,Hotel Orlando by PLI,S Room 23 GF,SGH-395-029,406-224-641,,Pre-arrival,19/09/2026 17:23,16-Oct-2026,18-Oct-2026,Booking.com,5904110836,Payment,Pre-Paid via OTA,,,,Prepaid via Booking.com,system@eviivo.com,19-Sep-26 17:23:31.094,,19-Sep-26 17:23:30.873,,,,,,,£ 0.00,£ 218.00,,,£ 218.00,Total Paid,,"£ 3,165.10",£ 15.00,£ 229.54,"£ 3,409.64","£ 127,447.80","£ 29,248.56",-£ 260.00,"£ 159,846.00"
Payments,Balance Transfers - to be paid by:,Payment Date,Payment ID,Guest Name,Group,Company,Property,Room,Order Ref.,Booking Ref,Booked On,Check-In,Check-Out,Channel,OTA Reference,Type,Payment Method,Card Type,Last 4 Digits,Virtual Card,Description,User,Updated,Sent to gateway,Confirmed by gateway,Gateway Reference,Settled Amount,Settled Date,Card,Cash / Bank,Vouchers,Total Paid,OTA,eviivo,Total,19/09/2026 17:55,51325283,Wadii TAHRI Tahri,,,Hotel Orlando by PLI,Room 15 3rd Floor,XHM-049-826,020-110-941,,Pre-arrival,19/09/2026 17:55,20-Sep-2026,21-Sep-2026,Airbnb,HMWAPDRMEN,Payment,Pre-Paid via OTA,,,,Extras prepaid via Airbnb,system@eviivo.com,19-Sep-26 17:55:50.422,,19-Sep-26 17:55:49.826,,,,,,,£ 0.00,£ 59.00,,,£ 59.00,Total Paid,,"£ 3,165.10",£ 15.00,£ 229.54,"£ 3,409.64","£ 127,447.80","£ 29,248.56",-£ 260.00,"£ 159,846.00"
Payments,Balance Transfers - to be paid by:,Payment Date,Payment ID,Guest Name,Group,Company,Property,Room,Order Ref.,Booking Ref,Booked On,Check-In,Check-Out,Channel,OTA Reference,Type,Payment Method,Card Type,Last 4 Digits,Virtual Card,Description,User,Updated,Sent to gateway,Confirmed by gateway,Gateway Reference,Settled Amount,Settled Date,Card,Cash / Bank,Vouchers,Total Paid,OTA,eviivo,Total,19/09/2026 22:15,51328387,Amina Belghomari,,,Hotel Orlando by PLI,Room 6 GF,PRG-396-493,530-380-154,,On Account,19/09/2026 22:15,25-Sep-2026,28-Sep-2026,Expedia & Affiliate Network,2562881720,Payment,Pre-Paid via OTA,,,,Extras prepaid via Expedia,system@eviivo.com,19-Sep-26 22:15:22.676,,19-Sep-26 22:15:22.116,,,,,,,£ 0.00,,£ 226.09,,£ 226.09,Total Paid,,"£ 3,165.10",£ 15.00,£ 229.54,"£ 3,409.64","£ 127,447.80","£ 29,248.56",-£ 260.00,"£ 159,846.00"
Payments,Balance Transfers - to be paid by:,Payment Date,Payment ID,Guest Name,Group,Company,Property,Room,Order Ref.,Booking Ref,Booked On,Check-In,Check-Out,Channel,OTA Reference,Type,Payment Method,Card Type,Last 4 Digits,Virtual Card,Description,User,Updated,Sent to gateway,Confirmed by gateway,Gateway Reference,Settled Amount,Settled Date,Card,Cash / Bank,Vouchers,Total Paid,OTA,eviivo,Total,20/09/2026 04:28,51330075,Gurung Amit,,,Hotel Orlando by PLI,S Room 27 1st F  W/Fridge,YBM-152-776,843-928-814,,In House,20/09/2026 04:27,20-Sep-2026,22-Sep-2026,Booking.com,5188691857,Payment,Pre-Paid via OTA,,,,Prepaid via Booking.com,system@eviivo.com,20-Sep-26 04:28:00.984,,20-Sep-26 04:28:00.766,,,,,,,£ 0.00,£ 127.10,,,£ 127.10,Total Paid,,"£ 3,165.10",£ 15.00,£ 229.54,"£ 3,409.64","£ 127,447.80","£ 29,248.56",-£ 260.00,"£ 159,846.00"
Payments,Balance Transfers - to be paid by:,Payment Date,Payment ID,Guest Name,Group,Company,Property,Room,Order Ref.,Booking Ref,Booked On,Check-In,Check-Out,Channel,OTA Reference,Type,Payment Method,Card Type,Last 4 Digits,Virtual Card,Description,User,Updated,Sent to gateway,Confirmed by gateway,Gateway Reference,Settled Amount,Settled Date,Card,Cash / Bank,Vouchers,Total Paid,OTA,eviivo,Total,20/09/2026 10:17,51334054,Christian Buckow,,,Hotel Orlando by PLI,S Room 27 1st F  W/Fridge,LBZ-983-028,402-242-161,,Pre-arrival,20/09/2026 10:17,11-Dec-2026,14-Dec-2026,Booking.com,6608259654,Payment,Pre-Paid via OTA,,,,Prepaid via Booking.com,system@eviivo.com,20-Sep-26 10:17:31.502,,20-Sep-26 10:17:31.200,,,,,,,£ 0.00,£ 299.00,,,£ 299.00,Total Paid,,"£ 3,165.10",£ 15.00,£ 229.54,"£ 3,409.64","£ 127,447.80","£ 29,248.56",-£ 260.00,"£ 159,846.00"
Payments,Balance Transfers - to be paid by:,Payment Date,Payment ID,Guest Name,Group,Company,Property,Room,Order Ref.,Booking Ref,Booked On,Check-In,Check-Out,Channel,OTA Reference,Type,Payment Method,Card Type,Last 4 Digits,Virtual Card,Description,User,Updated,Sent to gateway,Confirmed by gateway,Gateway Reference,Settled Amount,Settled Date,Card,Cash / Bank,Vouchers,Total Paid,OTA,eviivo,Total,20/09/2026 11:43,51335549,tomomi yasuda,,,Hotel Orlando by PLI,Flat 24  ( GF Sino ) - Studio,CZS-350-877,410-206-811,,In House,11/07/2026 13:07,18-Sep-2026,22-Sep-2026,Booking.com,5758546705,Payment,Pre-Paid via OTA,,,,Prepaid via OTA,system@eviivo.com,20-Sep-26 11:43:17.897,,20-Sep-26 11:43:17.740,,,,,,,£ 0.00,£ 270.00,,,£ 270.00,Total Paid,,"£ 3,165.10",£ 15.00,£ 229.54,"£ 3,409.64","£ 127,447.80","£ 29,248.56",-£ 260.00,"£ 159,846.00"
Payments,Balance Transfers - to be paid by:,Payment Date,Payment ID,Guest Name,Group,Company,Property,Room,Order Ref.,Booking Ref,Booked On,Check-In,Check-Out,Channel,OTA Reference,Type,Payment Method,Card Type,Last 4 Digits,Virtual Card,Description,User,Updated,Sent to gateway,Confirmed by gateway,Gateway Reference,Settled Amount,Settled Date,Card,Cash / Bank,Vouchers,Total Paid,OTA,eviivo,Total,20/09/2026 11:43,51335553,Jessica Love,,,Hotel Orlando by PLI,S Room 33 3rd F - W/Microwave &Fridge,MHB-434-161,114-912-262,,Post Checkout,09/09/2026 07:29,19-Sep-2026,20-Sep-2026,Booking.com,5974497100,Refund,Card/VCC via the System,Mastercard,1489,0,,mohammed.samy@crownbs.com,20-Sep-26 11:43:26.504,20-Sep-26 11:43:25.293,20-Sep-26 11:43:26.293,re_3UHPEnR78xpaffA01r0bofxd,,,-£ 100.00,,,-£ 100.00,,,,- £ 100.00,Total Paid,,"£ 3,165.10",£ 15.00,£ 229.54,"£ 3,409.64","£ 127,447.80","£ 29,248.56",-£ 260.00,"£ 159,846.00"
Payments,Balance Transfers - to be paid by:,Payment Date,Payment ID,Guest Name,Group,Company,Property,Room,Order Ref.,Booking Ref,Booked On,Check-In,Check-Out,Channel,OTA Reference,Type,Payment Method,Card Type,Last 4 Digits,Virtual Card,Description,User,Updated,Sent to gateway,Confirmed by gateway,Gateway Reference,Settled Amount,Settled Date,Card,Cash / Bank,Vouchers,Total Paid,OTA,eviivo,Total,20/09/2026 12:20,51336037,Aimee Lythgoe,,,Hotel Orlando by PLI,Flat 2 ( Basement Orlando ),AGA-896-113,454-223-482,,Pre-arrival,10/05/2025 22:25,21-Sep-2026,24-Sep-2026,,,Refund,On Account,,,,Payout Correction,tamer.elhashmi@crownbs.com,20-Sep-26 12:20:22.987,,20-Sep-26 12:20:22.866,,,,,,,£ 0.00,,,-£ 260.00,- £ 260.00,Total Paid,,"£ 3,165.10",£ 15.00,£ 229.54,"£ 3,409.64","£ 127,447.80","£ 29,248.56",-£ 260.00,"£ 159,846.00"
Payments,Balance Transfers - to be paid by:,Payment Date,Payment ID,Guest Name,Group,Company,Property,Room,Order Ref.,Booking Ref,Booked On,Check-In,Check-Out,Channel,OTA Reference,Type,Payment Method,Card Type,Last 4 Digits,Virtual Card,Description,User,Updated,Sent to gateway,Confirmed by gateway,Gateway Reference,Settled Amount,Settled Date,Card,Cash / Bank,Vouchers,Total Paid,OTA,eviivo,Total,20/09/2026 12:22,51336069,Ranya iCal,,,Hotel Orlando by PLI,Flat 24  ( GF Sino ) - Studio,ANL-512-905,521-993-442,,Pre-arrival,19/09/2026 05:42,24-Sep-2026,26-Sep-2026,,1418fb94e984-dcc7e47f22a0f2f5aba8e7d505e40d00@airbnb.com,Payment,Voucher,,,,,tamer.elhashmi@crownbs.com,20-Sep-26 12:22:16.325,,20-Sep-26 12:22:16.220,,,,,,£ 143.18,£ 143.18,,,,£ 143.18,Total Paid,,"£ 3,165.10",£ 15.00,£ 229.54,"£ 3,409.64","£ 127,447.80","£ 29,248.56",-£ 260.00,"£ 159,846.00"
Payments,Balance Transfers - to be paid by:,Payment Date,Payment ID,Guest Name,Group,Company,Property,Room,Order Ref.,Booking Ref,Booked On,Check-In,Check-Out,Channel,OTA Reference,Type,Payment Method,Card Type,Last 4 Digits,Virtual Card,Description,User,Updated,Sent to gateway,Confirmed by gateway,Gateway Reference,Settled Amount,Settled Date,Card,Cash / Bank,Vouchers,Total Paid,OTA,eviivo,Total,20/09/2026 13:13,51336735,TAMMY BRIGGS,,,Hotel Orlando by PLI,S Room 26 1st F - W/Fridge,HIZ-310-332,225-819-962,,Pre-arrival,20/09/2026 13:13,21-Sep-2026,25-Sep-2026,Booking.com,5188602055,Payment,Pre-Paid via OTA,,,,Prepaid via Booking.com,system@eviivo.com,20-Sep-26 13:13:11.331,,20-Sep-26 13:13:11.056,,,,,,,£ 0.00,£ 353.90,,,£ 353.90,Total Paid,,"£ 3,165.10",£ 15.00,£ 229.54,"£ 3,409.64","£ 127,447.80","£ 29,248.56",-£ 260.00,"£ 159,846.00"
Payments,Balance Transfers - to be paid by:,Payment Date,Payment ID,Guest Name,Group,Company,Property,Room,Order Ref.,Booking Ref,Booked On,Check-In,Check-Out,Channel,OTA Reference,Type,Payment Method,Card Type,Last 4 Digits,Virtual Card,Description,User,Updated,Sent to gateway,Confirmed by gateway,Gateway Reference,Settled Amount,Settled Date,Card,Cash / Bank,Vouchers,Total Paid,OTA,eviivo,Total,20/09/2026 14:40,51338013,Tufis Raluca-Claudia,,,Hotel Orlando by PLI,S Room 29 Mid 2nd F,TNS-861-801,866-069-142,,In House,20/09/2026 14:40,20-Sep-2026,21-Sep-2026,Booking.com,6113660363,Payment,Pre-Paid via OTA,,,,Prepaid via Booking.com,system@eviivo.com,20-Sep-26 14:40:20.160,,20-Sep-26 14:40:19.906,,,,,,,£ 0.00,£ 54.20,,,£ 54.20,Total Paid,,"£ 3,165.10",£ 15.00,£ 229.54,"£ 3,409.64","£ 127,447.80","£ 29,248.56",-£ 260.00,"£ 159,846.00"
Payments,Balance Transfers - to be paid by:,Payment Date,Payment ID,Guest Name,Group,Company,Property,Room,Order Ref.,Booking Ref,Booked On,Check-In,Check-Out,Channel,OTA Reference,Type,Payment Method,Card Type,Last 4 Digits,Virtual Card,Description,User,Updated,Sent to gateway,Confirmed by gateway,Gateway Reference,Settled Amount,Settled Date,Card,Cash / Bank,Vouchers,Total Paid,OTA,eviivo,Total,20/09/2026 15:08,51338448,Tufis Raluca-Claudia,,,Hotel Orlando by PLI,S Room 29 Mid 2nd F,TNS-861-801,866-069-142,,In House,20/09/2026 14:40,20-Sep-2026,21-Sep-2026,Booking.com,6113660363,Payment,Card/VCC via the System,Visa,9025,0,Guest Paid Online,eviivo suite,20-Sep-26 15:08:16.302,20-Sep-26 15:08:13.790,20-Sep-26 15:08:16.090,pi_3UHlPdR78xpaffA01UfrI4CJ,,,£ 100.00,,,£ 100.00,,,,£ 100.00,Total Paid,,"£ 3,165.10",£ 15.00,£ 229.54,"£ 3,409.64","£ 127,447.80","£ 29,248.56",-£ 260.00,"£ 159,846.00"
Payments,Balance Transfers - to be paid by:,Payment Date,Payment ID,Guest Name,Group,Company,Property,Room,Order Ref.,Booking Ref,Booked On,Check-In,Check-Out,Channel,OTA Reference,Type,Payment Method,Card Type,Last 4 Digits,Virtual Card,Description,User,Updated,Sent to gateway,Confirmed by gateway,Gateway Reference,Settled Amount,Settled Date,Card,Cash / Bank,Vouchers,Total Paid,OTA,eviivo,Total,20/09/2026 15:38,51338929,Judith Muñoz,,,Hotel Orlando by PLI,Room 16 3rd Floor,SEF-398-440,435-598-132,,Pre-arrival,20/09/2026 15:38,18-Dec-2027,21-Dec-2027,Booking.com,5875737185,Payment,Pre-Paid via OTA,,,,Prepaid via Booking.com,system@eviivo.com,20-Sep-26 15:38:46.739,,20-Sep-26 15:38:46.500,,,,,,,£ 0.00,£ 128.00,,,£ 128.00,Total Paid,,"£ 3,165.10",£ 15.00,£ 229.54,"£ 3,409.64","£ 127,447.80","£ 29,248.56",-£ 260.00,"£ 159,846.00"
Payments,Balance Transfers - to be paid by:,Payment Date,Payment ID,Guest Name,Group,Company,Property,Room,Order Ref.,Booking Ref,Booked On,Check-In,Check-Out,Channel,OTA Reference,Type,Payment Method,Card Type,Last 4 Digits,Virtual Card,Description,User,Updated,Sent to gateway,Confirmed by gateway,Gateway Reference,Settled Amount,Settled Date,Card,Cash / Bank,Vouchers,Total Paid,OTA,eviivo,Total,20/09/2026 16:10,51339444,yahia boulahdjilet,,,Hotel Orlando by PLI,S Room 32 2nd F,DJL-015-168,158-264-531,,Pre-arrival,20/09/2026 16:10,08-Nov-2026,15-Nov-2026,Booking.com,6504015845,Payment,Pre-Paid via OTA,,,,Prepaid via Booking.com,system@eviivo.com,20-Sep-26 16:10:13.503,,20-Sep-26 16:10:13.233,,,,,,,£ 0.00,£ 447.50,,,£ 447.50,Total Paid,,"£ 3,165.10",£ 15.00,£ 229.54,"£ 3,409.64","£ 127,447.80","£ 29,248.56",-£ 260.00,"£ 159,846.00"
Payments,Balance Transfers - to be paid by:,Payment Date,Payment ID,Guest Name,Group,Company,Property,Room,Order Ref.,Booking Ref,Booked On,Check-In,Check-Out,Channel,OTA Reference,Type,Payment Method,Card Type,Last 4 Digits,Virtual Card,Description,User,Updated,Sent to gateway,Confirmed by gateway,Gateway Reference,Settled Amount,Settled Date,Card,Cash / Bank,Vouchers,Total Paid,OTA,eviivo,Total,20/09/2026 16:10,51339455,Megan Bradley,,,Hotel Orlando by PLI,Room 7 Mid-First Floor,MQA-863-755,646-366-802,,In House,15/09/2026 14:39,20-Sep-2026,21-Sep-2026,Booking.com,6865900945,Payment,Card/VCC via the System,Visa,8339,0,Guest Paid Online,eviivo suite,20-Sep-26 16:10:59.016,20-Sep-26 16:10:56.923,20-Sep-26 16:10:58.770,pi_3UHmOKR78xpaffA01eLhmFWw,,,£ 100.00,,,£ 100.00,,,,£ 100.00,Total Paid,,"£ 3,165.10",£ 15.00,£ 229.54,"£ 3,409.64","£ 127,447.80","£ 29,248.56",-£ 260.00,"£ 159,846.00"
Payments,Balance Transfers - to be paid by:,Payment Date,Payment ID,Guest Name,Group,Company,Property,Room,Order Ref.,Booking Ref,Booked On,Check-In,Check-Out,Channel,OTA Reference,Type,Payment Method,Card Type,Last 4 Digits,Virtual Card,Description,User,Updated,Sent to gateway,Confirmed by gateway,Gateway Reference,Settled Amount,Settled Date,Card,Cash / Bank,Vouchers,Total Paid,OTA,eviivo,Total,20/09/2026 16:35,51339821,Carl Sales,,,Hotel Orlando by PLI,S Room 23 GF,BYU-219-549,330-166-184,,In House,12/09/2026 08:29,20-Sep-2026,21-Sep-2026,Booking.com,5123106523,Payment,Card/VCC via the System,Visa,8412,0,Guest Paid Online,eviivo suite,20-Sep-26 16:35:22.973,20-Sep-26 16:35:20.730,20-Sep-26 16:35:22.500,pi_3UHmlwR78xpaffA00y7zUFXa,,,£ 100.00,,,£ 100.00,,,,£ 100.00,Total Paid,,"£ 3,165.10",£ 15.00,£ 229.54,"£ 3,409.64","£ 127,447.80","£ 29,248.56",-£ 260.00,"£ 159,846.00"
Payments,Balance Transfers - to be paid by:,Payment Date,Payment ID,Guest Name,Group,Company,Property,Room,Order Ref.,Booking Ref,Booked On,Check-In,Check-Out,Channel,OTA Reference,Type,Payment Method,Card Type,Last 4 Digits,Virtual Card,Description,User,Updated,Sent to gateway,Confirmed by gateway,Gateway Reference,Settled Amount,Settled Date,Card,Cash / Bank,Vouchers,Total Paid,OTA,eviivo,Total,20/09/2026 17:14,51340444,juan manuel velazquez garcia,,,Hotel Orlando by PLI,Room 1 BF,DIN-742-456,451-513-392,,Pre-arrival,20/09/2026 17:14,26-Sep-2026,28-Sep-2026,Booking.com,5775695259,Payment,Pre-Paid via OTA,,,,Prepaid via Booking.com,system@eviivo.com,20-Sep-26 17:14:47.952,,20-Sep-26 17:14:47.653,,,,,,,£ 0.00,£ 150.50,,,£ 150.50,Total Paid,,"£ 3,165.10",£ 15.00,£ 229.54,"£ 3,409.64","£ 127,447.80","£ 29,248.56",-£ 260.00,"£ 159,846.00"
Payments,Balance Transfers - to be paid by:,Payment Date,Payment ID,Guest Name,Group,Company,Property,Room,Order Ref.,Booking Ref,Booked On,Check-In,Check-Out,Channel,OTA Reference,Type,Payment Method,Card Type,Last 4 Digits,Virtual Card,Description,User,Updated,Sent to gateway,Confirmed by gateway,Gateway Reference,Settled Amount,Settled Date,Card,Cash / Bank,Vouchers,Total Paid,OTA,eviivo,Total,20/09/2026 17:37,51340857,Waleed Backler,,,Hotel Orlando by PLI,S Room 35 3rd F,WQP-675-765,182-316-612,,In House,20/09/2026 17:37,20-Sep-2026,21-Sep-2026,Booking.com,5421441747,Payment,Pre-Paid via OTA,,,,Prepaid via Booking.com,system@eviivo.com,20-Sep-26 17:37:31.401,,20-Sep-26 17:37:31.090,,,,,,,£ 0.00,£ 54.20,,,£ 54.20,Total Paid,,"£ 3,165.10",£ 15.00,£ 229.54,"£ 3,409.64","£ 127,447.80","£ 29,248.56",-£ 260.00,"£ 159,846.00"
Payments,Balance Transfers - to be paid by:,Payment Date,Payment ID,Guest Name,Group,Company,Property,Room,Order Ref.,Booking Ref,Booked On,Check-In,Check-Out,Channel,OTA Reference,Type,Payment Method,Card Type,Last 4 Digits,Virtual Card,Description,User,Updated,Sent to gateway,Confirmed by gateway,Gateway Reference,Settled Amount,Settled Date,Card,Cash / Bank,Vouchers,Total Paid,OTA,eviivo,Total,20/09/2026 17:44,51340994,Waleed Backler,,,Hotel Orlando by PLI,S Room 35 3rd F,WQP-675-765,182-316-612,,In House,20/09/2026 17:37,20-Sep-2026,21-Sep-2026,Booking.com,5421441747,Payment,Card/VCC via the System,Visa,9862,0,Guest Paid Online,eviivo suite,20-Sep-26 17:44:21.221,20-Sep-26 17:44:18.647,20-Sep-26 17:44:20.723,pi_3UHnqgR78xpaffA02LYaAeTP,,,£ 100.00,,,£ 100.00,,,,£ 100.00,Total Paid,,"£ 3,165.10",£ 15.00,£ 229.54,"£ 3,409.64","£ 127,447.80","£ 29,248.56",-£ 260.00,"£ 159,846.00"
Payments,Balance Transfers - to be paid by:,Payment Date,Payment ID,Guest Name,Group,Company,Property,Room,Order Ref.,Booking Ref,Booked On,Check-In,Check-Out,Channel,OTA Reference,Type,Payment Method,Card Type,Last 4 Digits,Virtual Card,Description,User,Updated,Sent to gateway,Confirmed by gateway,Gateway Reference,Settled Amount,Settled Date,Card,Cash / Bank,Vouchers,Total Paid,OTA,eviivo,Total,20/09/2026 18:30,51341722,Serhat Ersoy,,,Hotel Orlando by PLI,S Room 26 1st F - W/Fridge,TFC-144-531,853-206-391,,Pre-arrival,20/09/2026 18:30,14-Nov-2026,20-Nov-2026,Booking.com,6806710951,Payment,Pre-Paid via OTA,,,,Prepaid via Booking.com,system@eviivo.com,20-Sep-26 18:30:12.971,,20-Sep-26 18:30:12.723,,,,,,,£ 0.00,£ 618.00,,,£ 618.00,Total Paid,,"£ 3,165.10",£ 15.00,£ 229.54,"£ 3,409.64","£ 127,447.80","£ 29,248.56",-£ 260.00,"£ 159,846.00"
Payments,Balance Transfers - to be paid by:,Payment Date,Payment ID,Guest Name,Group,Company,Property,Room,Order Ref.,Booking Ref,Booked On,Check-In,Check-Out,Channel,OTA Reference,Type,Payment Method,Card Type,Last 4 Digits,Virtual Card,Description,User,Updated,Sent to gateway,Confirmed by gateway,Gateway Reference,Settled Amount,Settled Date,Card,Cash / Bank,Vouchers,Total Paid,OTA,eviivo,Total,20/09/2026 18:31,51341730,Savarese Antonietta,,,Hotel Orlando by PLI,S Room 26 1st F - W/Fridge,WNH-163-872,929-835-132,,Pre-arrival,20/09/2026 18:31,03-Dec-2026,07-Dec-2026,Booking.com,5421416785,Payment,Pre-Paid via OTA,,,,Prepaid via Booking.com,system@eviivo.com,20-Sep-26 18:31:12.080,,20-Sep-26 18:31:11.880,,,,,,,£ 0.00,£ 420.50,,,£ 420.50,Total Paid,,"£ 3,165.10",£ 15.00,£ 229.54,"£ 3,409.64","£ 127,447.80","£ 29,248.56",-£ 260.00,"£ 159,846.00"
Payments,Balance Transfers - to be paid by:,Payment Date,Payment ID,Guest Name,Group,Company,Property,Room,Order Ref.,Booking Ref,Booked On,Check-In,Check-Out,Channel,OTA Reference,Type,Payment Method,Card Type,Last 4 Digits,Virtual Card,Description,User,Updated,Sent to gateway,Confirmed by gateway,Gateway Reference,Settled Amount,Settled Date,Card,Cash / Bank,Vouchers,Total Paid,OTA,eviivo,Total,20/09/2026 19:52,51342972,Elias Gaveriaux,,,Hotel Orlando by PLI,S Room 17 BF,SFR-812-574,392-385-041,,Pre-arrival,20/09/2026 19:52,24-Sep-2026,26-Sep-2026,Booking.com,6599659823,Payment,Pre-Paid via OTA,,,,Prepaid via Booking.com,system@eviivo.com,20-Sep-26 19:52:34.941,,20-Sep-26 19:52:34.650,,,,,,,£ 0.00,£ 155.00,,,£ 155.00,Total Paid,,"£ 3,165.10",£ 15.00,£ 229.54,"£ 3,409.64","£ 127,447.80","£ 29,248.56",-£ 260.00,"£ 159,846.00"
Payments,Balance Transfers - to be paid by:,Payment Date,Payment ID,Guest Name,Group,Company,Property,Room,Order Ref.,Booking Ref,Booked On,Check-In,Check-Out,Channel,OTA Reference,Type,Payment Method,Card Type,Last 4 Digits,Virtual Card,Description,User,Updated,Sent to gateway,Confirmed by gateway,Gateway Reference,Settled Amount,Settled Date,Card,Cash / Bank,Vouchers,Total Paid,OTA,eviivo,Total,20/09/2026 20:23,51343462,Robert John Ball,,,Hotel Orlando by PLI,Flat 20 ( Basement sino ),ZTD-504-375,991-559-464,,Pre-arrival,20/09/2026 20:23,22-Oct-2026,23-Oct-2026,Airbnb,HMA2DM244K,Payment,Pre-Paid via OTA,,,,Extras prepaid via Airbnb,system@eviivo.com,20-Sep-26 20:23:31.083,,20-Sep-26 20:23:30.476,,,,,,,£ 0.00,£ 128.00,,,£ 128.00,Total Paid,,"£ 3,165.10",£ 15.00,£ 229.54,"£ 3,409.64","£ 127,447.80","£ 29,248.56",-£ 260.00,"£ 159,846.00"
Payments,Balance Transfers - to be paid by:,Payment Date,Payment ID,Guest Name,Group,Company,Property,Room,Order Ref.,Booking Ref,Booked On,Check-In,Check-Out,Channel,OTA Reference,Type,Payment Method,Card Type,Last 4 Digits,Virtual Card,Description,User,Updated,Sent to gateway,Confirmed by gateway,Gateway Reference,Settled Amount,Settled Date,Card,Cash / Bank,Vouchers,Total Paid,OTA,eviivo,Total,20/09/2026 22:03,51344706,Viviana Nelida Pognodeo,,,Hotel Orlando by PLI,Room 10 1st Floor,ERL-162-416,821-112-561,,Pre-arrival,20/09/2026 22:03,24-Sep-2026,02-Oct-2026,Booking.com,5405043709,Payment,Pre-Paid via OTA,,,,Prepaid via Booking.com,system@eviivo.com,20-Sep-26 22:03:11.655,,20-Sep-26 22:03:11.473,,,,,,,£ 0.00,£ 537.50,,,£ 537.50,Total Paid,,"£ 3,165.10",£ 15.00,£ 229.54,"£ 3,409.64","£ 127,447.80","£ 29,248.56",-£ 260.00,"£ 159,846.00"
Payments,Balance Transfers - to be paid by:,Payment Date,Payment ID,Guest Name,Group,Company,Property,Room,Order Ref.,Booking Ref,Booked On,Check-In,Check-Out,Channel,OTA Reference,Type,Payment Method,Card Type,Last 4 Digits,Virtual Card,Description,User,Updated,Sent to gateway,Confirmed by gateway,Gateway Reference,Settled Amount,Settled Date,Card,Cash / Bank,Vouchers,Total Paid,OTA,eviivo,Total,21/09/2026 06:21,51347048,Morun Loredana,,,Hotel Orlando by PLI,S Room 18 BF,AGI-914-987,433-248-181,,Pre-arrival,21/09/2026 06:21,27-Dec-2026,30-Dec-2026,Booking.com,5115094476,Payment,Pre-Paid via OTA,,,,Prepaid via Booking.com,system@eviivo.com,21-Sep-26 06:21:56.849,,21-Sep-26 06:21:56.676,,,,,,,£ 0.00,£ 266.60,,,£ 266.60,Total Paid,,"£ 3,165.10",£ 15.00,£ 229.54,"£ 3,409.64","£ 127,447.80","£ 29,248.56",-£ 260.00,"£ 159,846.00"
Payments,Balance Transfers - to be paid by:,Payment Date,Payment ID,Guest Name,Group,Company,Property,Room,Order Ref.,Booking Ref,Booked On,Check-In,Check-Out,Channel,OTA Reference,Type,Payment Method,Card Type,Last 4 Digits,Virtual Card,Description,User,Updated,Sent to gateway,Confirmed by gateway,Gateway Reference,Settled Amount,Settled Date,Card,Cash / Bank,Vouchers,Total Paid,OTA,eviivo,Total,21/09/2026 09:43,51349865,marin iancu,,,Hotel Orlando by PLI,Room 14 2nd Floor,MAO-980-292,639-363-452,,Pre-arrival,21/09/2026 09:43,26-Sep-2026,28-Sep-2026,Booking.com,5937807779,Payment,Pre-Paid via OTA,,,,Prepaid via Booking.com,system@eviivo.com,21-Sep-26 09:43:24.857,,21-Sep-26 09:43:24.653,,,,,,,£ 0.00,£ 147.80,,,£ 147.80,Total Paid,,"£ 3,165.10",£ 15.00,£ 229.54,"£ 3,409.64","£ 127,447.80","£ 29,248.56",-£ 260.00,"£ 159,846.00"
Payments,Balance Transfers - to be paid by:,Payment Date,Payment ID,Guest Name,Group,Company,Property,Room,Order Ref.,Booking Ref,Booked On,Check-In,Check-Out,Channel,OTA Reference,Type,Payment Method,Card Type,Last 4 Digits,Virtual Card,Description,User,Updated,Sent to gateway,Confirmed by gateway,Gateway Reference,Settled Amount,Settled Date,Card,Cash / Bank,Vouchers,Total Paid,OTA,eviivo,Total,21/09/2026 10:25,51350721,LEVENT AKARSLAN,,,Hotel Orlando by PLI,S Room 34 3rd F,JWE-225-354,409-482-864,,On Account,21/09/2026 10:25,10-Oct-2026,13-Oct-2026,Expedia & Affiliate Network,2563843518,Payment,Pre-Paid via OTA,,,,Extras prepaid via Expedia Affiliate Network,system@eviivo.com,21-Sep-26 10:25:51.367,,21-Sep-26 10:25:50.146,,,,,,,£ 0.00,,£ 275.58,,£ 275.58,Total Paid,,"£ 3,165.10",£ 15.00,£ 229.54,"£ 3,409.64","£ 127,447.80","£ 29,248.56",-£ 260.00,"£ 159,846.00"
Payments,Balance Transfers - to be paid by:,Payment Date,Payment ID,Guest Name,Group,Company,Property,Room,Order Ref.,Booking Ref,Booked On,Check-In,Check-Out,Channel,OTA Reference,Type,Payment Method,Card Type,Last 4 Digits,Virtual Card,Description,User,Updated,Sent to gateway,Confirmed by gateway,Gateway Reference,Settled Amount,Settled Date,Card,Cash / Bank,Vouchers,Total Paid,OTA,eviivo,Total,21/09/2026 10:56,51351315,James Bertrand,,,Hotel Orlando by PLI,Room 16 3rd Floor,QAC-981-946,161-943-512,,In House,08/09/2026 16:11,21-Sep-2026,22-Sep-2026,Booking.com,5917284801,Payment,Card/VCC via the System,Mastercard,8991,0,Guest Paid Online,eviivo suite,21-Sep-26 10:56:03.302,21-Sep-26 10:56:00.853,21-Sep-26 10:56:02.970,pi_3UI3x7R78xpaffA00UCen5Nf,,,£ 100.00,,,£ 100.00,,,,£ 100.00,Total Paid,,"£ 3,165.10",£ 15.00,£ 229.54,"£ 3,409.64","£ 127,447.80","£ 29,248.56",-£ 260.00,"£ 159,846.00"
Payments,Balance Transfers - to be paid by:,Payment Date,Payment ID,Guest Name,Group,Company,Property,Room,Order Ref.,Booking Ref,Booked On,Check-In,Check-Out,Channel,OTA Reference,Type,Payment Method,Card Type,Last 4 Digits,Virtual Card,Description,User,Updated,Sent to gateway,Confirmed by gateway,Gateway Reference,Settled Amount,Settled Date,Card,Cash / Bank,Vouchers,Total Paid,OTA,eviivo,Total,21/09/2026 11:20,51351717,Rosa Caliani,,,Hotel Orlando by PLI,S Room 17 BF,LQK-935-900,605-295-201,,Pre-arrival,21/09/2026 11:20,04-Oct-2026,08-Oct-2026,Booking.com,6599608416,Payment,Pre-Paid via OTA,,,,Prepaid via Booking.com,system@eviivo.com,21-Sep-26 11:20:48.360,,21-Sep-26 11:20:48.120,,,,,,,£ 0.00,£ 276.50,,,£ 276.50,Total Paid,,"£ 3,165.10",£ 15.00,£ 229.54,"£ 3,409.64","£ 127,447.80","£ 29,248.56",-£ 260.00,"£ 159,846.00"
Payments,Balance Transfers - to be paid by:,Payment Date,Payment ID,Guest Name,Group,Company,Property,Room,Order Ref.,Booking Ref,Booked On,Check-In,Check-Out,Channel,OTA Reference,Type,Payment Method,Card Type,Last 4 Digits,Virtual Card,Description,User,Updated,Sent to gateway,Confirmed by gateway,Gateway Reference,Settled Amount,Settled Date,Card,Cash / Bank,Vouchers,Total Paid,OTA,eviivo,Total,21/09/2026 13:12,51353755,Champion Kaossa Nikita,,,Hotel Orlando by PLI,Room 15 3rd Floor,ZVI-012-090,651-933-934,,Pre-arrival,21/09/2026 13:12,20-Dec-2027,29-Dec-2027,Booking.com,6261896494,Payment,Pre-Paid via OTA,,,,Prepaid via Booking.com,system@eviivo.com,21-Sep-26 13:12:45.802,,21-Sep-26 13:12:45.513,,,,,,,£ 0.00,£ 384.50,,,£ 384.50,Total Paid,,"£ 3,165.10",£ 15.00,£ 229.54,"£ 3,409.64","£ 127,447.80","£ 29,248.56",-£ 260.00,"£ 159,846.00"
Payments,Balance Transfers - to be paid by:,Payment Date,Payment ID,Guest Name,Group,Company,Property,Room,Order Ref.,Booking Ref,Booked On,Check-In,Check-Out,Channel,OTA Reference,Type,Payment Method,Card Type,Last 4 Digits,Virtual Card,Description,User,Updated,Sent to gateway,Confirmed by gateway,Gateway Reference,Settled Amount,Settled Date,Card,Cash / Bank,Vouchers,Total Paid,OTA,eviivo,Total,21/09/2026 13:40,51354272,daniele pimentel,,,Hotel Orlando by PLI,S Room 19 BF - W/Sofa bed ,GZS-371-082,031-542-842,,In House,26/04/2026 17:59,21-Sep-2026,29-Sep-2026,Expedia & Affiliate Network,2446809673,Payment,Bank Transfer,,,,,mohammed.samy@crownbs.com,21-Sep-26 13:40:17.227,,21-Sep-26 13:40:17.026,,,,,£ 15.00,,£ 15.00,,,,£ 15.00,Total Paid,,"£ 3,165.10",£ 15.00,£ 229.54,"£ 3,409.64","£ 127,447.80","£ 29,248.56",-£ 260.00,"£ 159,846.00"
Payments,Balance Transfers - to be paid by:,Payment Date,Payment ID,Guest Name,Group,Company,Property,Room,Order Ref.,Booking Ref,Booked On,Check-In,Check-Out,Channel,OTA Reference,Type,Payment Method,Card Type,Last 4 Digits,Virtual Card,Description,User,Updated,Sent to gateway,Confirmed by gateway,Gateway Reference,Settled Amount,Settled Date,Card,Cash / Bank,Vouchers,Total Paid,OTA,eviivo,Total,21/09/2026 15:15,51356350,Sato Nana,,,Hotel Orlando by PLI,S Room 32 2nd F,KAC-075-918,069-150-514,,Pre-arrival,21/09/2026 15:15,27-Sep-2026,28-Sep-2026,Booking.com,6657739573,Payment,Pre-Paid via OTA,,,,Prepaid via Booking.com,system@eviivo.com,21-Sep-26 15:15:17.391,,21-Sep-26 15:15:17.160,,,,,,,£ 0.00,£ 58.70,,,£ 58.70,Total Paid,,"£ 3,165.10",£ 15.00,£ 229.54,"£ 3,409.64","£ 127,447.80","£ 29,248.56",-£ 260.00,"£ 159,846.00"
Payments,Balance Transfers - to be paid by:,Payment Date,Payment ID,Guest Name,Group,Company,Property,Room,Order Ref.,Booking Ref,Booked On,Check-In,Check-Out,Channel,OTA Reference,Type,Payment Method,Card Type,Last 4 Digits,Virtual Card,Description,User,Updated,Sent to gateway,Confirmed by gateway,Gateway Reference,Settled Amount,Settled Date,Card,Cash / Bank,Vouchers,Total Paid,OTA,eviivo,Total,21/09/2026 15:33,51356669,Motoyama Maho,,,Hotel Orlando by PLI,S Room 17 BF,QXE-973-354,510-042-611,,Pre-arrival,21/09/2026 15:33,26-Sep-2026,27-Sep-2026,Booking.com,6797499459,Payment,Pre-Paid via OTA,,,,Prepaid via Booking.com,system@eviivo.com,21-Sep-26 15:33:38.041,,21-Sep-26 15:33:37.656,,,,,,,£ 0.00,£ 115.40,,,£ 115.40,Total Paid,,"£ 3,165.10",£ 15.00,£ 229.54,"£ 3,409.64","£ 127,447.80","£ 29,248.56",-£ 260.00,"£ 159,846.00"
Payments,Balance Transfers - to be paid by:,Payment Date,Payment ID,Guest Name,Group,Company,Property,Room,Order Ref.,Booking Ref,Booked On,Check-In,Check-Out,Channel,OTA Reference,Type,Payment Method,Card Type,Last 4 Digits,Virtual Card,Description,User,Updated,Sent to gateway,Confirmed by gateway,Gateway Reference,Settled Amount,Settled Date,Card,Cash / Bank,Vouchers,Total Paid,OTA,eviivo,Total,21/09/2026 16:02,51357277,Iván Gimenez,,,Hotel Orlando by PLI,S Room 28 1st F,GUQ-064-723,861-123-231,,On Account,21/09/2026 16:02,04-Dec-2026,07-Dec-2026,Expedia & Affiliate Network,2564037797,Payment,Pre-Paid via OTA,,,,Extras prepaid via Expedia Affiliate Network,system@eviivo.com,21-Sep-26 16:02:35.851,,21-Sep-26 16:02:35.123,,,,,,,£ 0.00,,£ 274.70,,£ 274.70,Total Paid,,"£ 3,165.10",£ 15.00,£ 229.54,"£ 3,409.64","£ 127,447.80","£ 29,248.56",-£ 260.00,"£ 159,846.00"
Payments,Balance Transfers - to be paid by:,Payment Date,Payment ID,Guest Name,Group,Company,Property,Room,Order Ref.,Booking Ref,Booked On,Check-In,Check-Out,Channel,OTA Reference,Type,Payment Method,Card Type,Last 4 Digits,Virtual Card,Description,User,Updated,Sent to gateway,Confirmed by gateway,Gateway Reference,Settled Amount,Settled Date,Card,Cash / Bank,Vouchers,Total Paid,OTA,eviivo,Total,21/09/2026 16:29,51357911,Elena Dirzu,,,Hotel Orlando by PLI,S Room 28 1st F,WLK-226-801,600-804-691,,Pre-arrival,21/09/2026 16:29,23-Sep-2026,24-Sep-2026,Booking.com,6590216215,Payment,Pre-Paid via OTA,,,,Prepaid via Booking.com,system@eviivo.com,21-Sep-26 16:29:54.401,,21-Sep-26 16:29:54.083,,,,,,,£ 0.00,£ 110.00,,,£ 110.00,Total Paid,,"£ 3,165.10",£ 15.00,£ 229.54,"£ 3,409.64","£ 127,447.80","£ 29,248.56",-£ 260.00,"£ 159,846.00"
Payments,Balance Transfers - to be paid by:,Payment Date,Payment ID,Guest Name,Group,Company,Property,Room,Order Ref.,Booking Ref,Booked On,Check-In,Check-Out,Channel,OTA Reference,Type,Payment Method,Card Type,Last 4 Digits,Virtual Card,Description,User,Updated,Sent to gateway,Confirmed by gateway,Gateway Reference,Settled Amount,Settled Date,Card,Cash / Bank,Vouchers,Total Paid,OTA,eviivo,Total,21/09/2026 17:05,51358711,Frode Werner,,,Hotel Orlando by PLI,Room 7 Mid-First Floor,AKQ-048-933,806-086-932,,On Account,21/09/2026 17:05,30-Sep-2026,02-Oct-2026,Expedia & Affiliate Network,2564089082,Payment,Pre-Paid via OTA,,,,Extras prepaid via Expedia,system@eviivo.com,21-Sep-26 17:05:05.949,,21-Sep-26 17:05:04.960,,,,,,,£ 0.00,,£ 107.32,,£ 107.32,Total Paid,,"£ 3,165.10",£ 15.00,£ 229.54,"£ 3,409.64","£ 127,447.80","£ 29,248.56",-£ 260.00,"£ 159,846.00"
Payments,Balance Transfers - to be paid by:,Payment Date,Payment ID,Guest Name,Group,Company,Property,Room,Order Ref.,Booking Ref,Booked On,Check-In,Check-Out,Channel,OTA Reference,Type,Payment Method,Card Type,Last 4 Digits,Virtual Card,Description,User,Updated,Sent to gateway,Confirmed by gateway,Gateway Reference,Settled Amount,Settled Date,Card,Cash / Bank,Vouchers,Total Paid,OTA,eviivo,Total,21/09/2026 17:05,51358736,Atif Hamid,,,Hotel Orlando by PLI,S Room 25 Mid 1st F,BEA-921-393,682-611-951,,In House,16/09/2026 08:03,21-Sep-2026,22-Sep-2026,Expedia & Affiliate Network,2560051726,Payment,Card/VCC via the System,Mastercard,0395,0,Guest Paid Online,eviivo suite,21-Sep-26 17:06:00.532,21-Sep-26 17:05:57.327,21-Sep-26 17:06:00.133,pi_3UI9j7R78xpaffA02Xq1pixD,,,£ 100.00,,,£ 100.00,,,,£ 100.00,Total Paid,,"£ 3,165.10",£ 15.00,£ 229.54,"£ 3,409.64","£ 127,447.80","£ 29,248.56",-£ 260.00,"£ 159,846.00"
Payments,Balance Transfers - to be paid by:,Payment Date,Payment ID,Guest Name,Group,Company,Property,Room,Order Ref.,Booking Ref,Booked On,Check-In,Check-Out,Channel,OTA Reference,Type,Payment Method,Card Type,Last 4 Digits,Virtual Card,Description,User,Updated,Sent to gateway,Confirmed by gateway,Gateway Reference,Settled Amount,Settled Date,Card,Cash / Bank,Vouchers,Total Paid,OTA,eviivo,Total,21/09/2026 18:14,51360062,Angel Esteban de Fez,,,Hotel Orlando by PLI,S Room 28 1st F,GYA-788-928,405-553-632,,Pre-arrival,21/09/2026 18:14,25-Sep-2026,01-Oct-2026,Booking.com,6697974743,Payment,Pre-Paid via OTA,,,,Prepaid via Booking.com,system@eviivo.com,21-Sep-26 18:14:34.468,,21-Sep-26 18:14:34.306,,,,,,,£ 0.00,£ 362.00,,,£ 362.00,Total Paid,,"£ 3,165.10",£ 15.00,£ 229.54,"£ 3,409.64","£ 127,447.80","£ 29,248.56",-£ 260.00,"£ 159,846.00"
Payments,Balance Transfers - to be paid by:,Payment Date,Payment ID,Guest Name,Group,Company,Property,Room,Order Ref.,Booking Ref,Booked On,Check-In,Check-Out,Channel,OTA Reference,Type,Payment Method,Card Type,Last 4 Digits,Virtual Card,Description,User,Updated,Sent to gateway,Confirmed by gateway,Gateway Reference,Settled Amount,Settled Date,Card,Cash / Bank,Vouchers,Total Paid,OTA,eviivo,Total,21/09/2026 19:52,51361817,Broadhead Thomas,,,Hotel Orlando by PLI,S Room 35 3rd F,VVZ-287-275,995-313-994,,Pre-arrival,21/09/2026 19:52,16-Oct-2026,18-Oct-2026,Booking.com,5421476724,Payment,Pre-Paid via OTA,,,,Prepaid via Booking.com,system@eviivo.com,21-Sep-26 19:52:13.442,,21-Sep-26 19:52:13.026,,,,,,,£ 0.00,£ 201.80,,,£ 201.80,Total Paid,,"£ 3,165.10",£ 15.00,£ 229.54,"£ 3,409.64","£ 127,447.80","£ 29,248.56",-£ 260.00,"£ 159,846.00"
Payments,Balance Transfers - to be paid by:,Payment Date,Payment ID,Guest Name,Group,Company,Property,Room,Order Ref.,Booking Ref,Booked On,Check-In,Check-Out,Channel,OTA Reference,Type,Payment Method,Card Type,Last 4 Digits,Virtual Card,Description,User,Updated,Sent to gateway,Confirmed by gateway,Gateway Reference,Settled Amount,Settled Date,Card,Cash / Bank,Vouchers,Total Paid,OTA,eviivo,Total,21/09/2026 20:19,51362269,Brennda Mello de Oliveira Stachin,,,Hotel Orlando by PLI,Room 11 2nd Floor,HXX-824-108,245-165-154,,On Account,21/09/2026 20:19,19-Oct-2026,21-Oct-2026,Expedia & Affiliate Network,2564233331,Payment,Pre-Paid via OTA,,,,Extras prepaid via Expedia,system@eviivo.com,21-Sep-26 20:19:16.370,,21-Sep-26 20:19:15.926,,,,,,,£ 0.00,,£ 165.78,,£ 165.78,Total Paid,,"£ 3,165.10",£ 15.00,£ 229.54,"£ 3,409.64","£ 127,447.80","£ 29,248.56",-£ 260.00,"£ 159,846.00"
Payments,Balance Transfers - to be paid by:,Payment Date,Payment ID,Guest Name,Group,Company,Property,Room,Order Ref.,Booking Ref,Booked On,Check-In,Check-Out,Channel,OTA Reference,Type,Payment Method,Card Type,Last 4 Digits,Virtual Card,Description,User,Updated,Sent to gateway,Confirmed by gateway,Gateway Reference,Settled Amount,Settled Date,Card,Cash / Bank,Vouchers,Total Paid,OTA,eviivo,Total,21/09/2026 20:47,51362707,Isabel Maria Requena Ripoll,,,Hotel Orlando by PLI,Room 16 3rd Floor,BBP-306-904,651-042-292,,Pre-arrival,21/09/2026 20:47,06-Nov-2026,09-Nov-2026,Booking.com,5115013974,Payment,Pre-Paid via OTA,,,,Prepaid via Booking.com,system@eviivo.com,21-Sep-26 20:47:10.132,,21-Sep-26 20:47:09.713,,,,,,,£ 0.00,£ 253.10,,,£ 253.10,Total Paid,,"£ 3,165.10",£ 15.00,£ 229.54,"£ 3,409.64","£ 127,447.80","£ 29,248.56",-£ 260.00,"£ 159,846.00"
Payments,Balance Transfers - to be paid by:,Payment Date,Payment ID,Guest Name,Group,Company,Property,Room,Order Ref.,Booking Ref,Booked On,Check-In,Check-Out,Channel,OTA Reference,Type,Payment Method,Card Type,Last 4 Digits,Virtual Card,Description,User,Updated,Sent to gateway,Confirmed by gateway,Gateway Reference,Settled Amount,Settled Date,Card,Cash / Bank,Vouchers,Total Paid,OTA,eviivo,Total,21/09/2026 21:44,51363514,Noura Bedreddine,,,Hotel Orlando by PLI,S Room 33 3rd F - W/Microwave &Fridge,IQD-620-072,616-866-084,,On Account,21/09/2026 21:44,19-Nov-2026,23-Nov-2026,Expedia & Affiliate Network,2564295774,Payment,Pre-Paid via OTA,,,,Extras prepaid via Expedia Affiliate Network,system@eviivo.com,21-Sep-26 21:44:35.455,,21-Sep-26 21:44:35.030,,,,,,,£ 0.00,,£ 388.71,,£ 388.71,Total Paid,,"£ 3,165.10",£ 15.00,£ 229.54,"£ 3,409.64","£ 127,447.80","£ 29,248.56",-£ 260.00,"£ 159,846.00"
Payments,Balance Transfers - to be paid by:,Payment Date,Payment ID,Guest Name,Group,Company,Property,Room,Order Ref.,Booking Ref,Booked On,Check-In,Check-Out,Channel,OTA Reference,Type,Payment Method,Card Type,Last 4 Digits,Virtual Card,Description,User,Updated,Sent to gateway,Confirmed by gateway,Gateway Reference,Settled Amount,Settled Date,Card,Cash / Bank,Vouchers,Total Paid,OTA,eviivo,Total,21/09/2026 22:10,51363825,Denis Shakir,,,Hotel Orlando by PLI,Room 13 2nd Floor,QWD-849-926,260-468-641,,Pre-arrival,21/09/2026 22:09,02-Oct-2026,04-Oct-2026,Booking.com,5159966810,Payment,Pre-Paid via OTA,,,,Prepaid via Booking.com,system@eviivo.com,21-Sep-26 22:10:06.650,,21-Sep-26 22:10:06.320,,,,,,,£ 0.00,£ 394.60,,,£ 394.60,Total Paid,,"£ 3,165.10",£ 15.00,£ 229.54,"£ 3,409.64","£ 127,447.80","£ 29,248.56",-£ 260.00,"£ 159,846.00"
Payments,Balance Transfers - to be paid by:,Payment Date,Payment ID,Guest Name,Group,Company,Property,Room,Order Ref.,Booking Ref,Booked On,Check-In,Check-Out,Channel,OTA Reference,Type,Payment Method,Card Type,Last 4 Digits,Virtual Card,Description,User,Updated,Sent to gateway,Confirmed by gateway,Gateway Reference,Settled Amount,Settled Date,Card,Cash / Bank,Vouchers,Total Paid,OTA,eviivo,Total,,51363825,Denis Shakir,,,Hotel Orlando by PLI,Room 16 3rd Floor,QWD-849-926,328-941-922,,On Account,21/09/2026 22:09,02-Oct-2026,04-Oct-2026,Booking.com,5159966810,(see above/below),(see above/below),,,,,system@eviivo.com,,,,,,,,,,£ 0.00,,,,,Total Paid,,"£ 3,165.10",£ 15.00,£ 229.54,"£ 3,409.64","£ 127,447.80","£ 29,248.56",-£ 260.00,"£ 159,846.00"
Payments,Balance Transfers - to be paid by:,Payment Date,Payment ID,Guest Name,Group,Company,Property,Room,Order Ref.,Booking Ref,Booked On,Check-In,Check-Out,Channel,OTA Reference,Type,Payment Method,Card Type,Last 4 Digits,Virtual Card,Description,User,Updated,Sent to gateway,Confirmed by gateway,Gateway Reference,Settled Amount,Settled Date,Card,Cash / Bank,Vouchers,Total Paid,OTA,eviivo,Total,22/09/2026 08:31,51367487,Chloe Wilks,,,Hotel Orlando by PLI,Flat 20 ( Basement sino ),ZPC-164-549,580-292-024,,In House,22/09/2026 08:31,22-Sep-2026,23-Sep-2026,Airbnb,HMFQ8BA48B,Payment,Pre-Paid via OTA,,,,Extras prepaid via Airbnb,system@eviivo.com,22-Sep-26 08:31:40.243,,22-Sep-26 08:31:39.486,,,,,,,£ 0.00,£ 101.00,,,£ 101.00,Total Paid,,"£ 3,165.10",£ 15.00,£ 229.54,"£ 3,409.64","£ 127,447.80","£ 29,248.56",-£ 260.00,"£ 159,846.00"
Payments,Balance Transfers - to be paid by:,Payment Date,Payment ID,Guest Name,Group,Company,Property,Room,Order Ref.,Booking Ref,Booked On,Check-In,Check-Out,Channel,OTA Reference,Type,Payment Method,Card Type,Last 4 Digits,Virtual Card,Description,User,Updated,Sent to gateway,Confirmed by gateway,Gateway Reference,Settled Amount,Settled Date,Card,Cash / Bank,Vouchers,Total Paid,OTA,eviivo,Total,22/09/2026 09:38,51368595,Hansa Perera,,,Hotel Orlando by PLI,Room 8 1st Floor,OCR-921-250,313-159-314,,In House,22/09/2026 09:38,22-Sep-2026,23-Sep-2026,Booking.com,6338410755,Payment,Pre-Paid via OTA,,,,Prepaid via Booking.com,system@eviivo.com,22-Sep-26 09:38:06.391,,22-Sep-26 09:38:06.113,,,,,,,£ 0.00,£ 82.10,,,£ 82.10,Total Paid,,"£ 3,165.10",£ 15.00,£ 229.54,"£ 3,409.64","£ 127,447.80","£ 29,248.56",-£ 260.00,"£ 159,846.00"
Payments,Balance Transfers - to be paid by:,Payment Date,Payment ID,Guest Name,Group,Company,Property,Room,Order Ref.,Booking Ref,Booked On,Check-In,Check-Out,Channel,OTA Reference,Type,Payment Method,Card Type,Last 4 Digits,Virtual Card,Description,User,Updated,Sent to gateway,Confirmed by gateway,Gateway Reference,Settled Amount,Settled Date,Card,Cash / Bank,Vouchers,Total Paid,OTA,eviivo,Total,22/09/2026 09:52,51368862,Monika Sieradzka,,,Hotel Orlando by PLI,S Room 23 GF,UGD-048-790,865-933-112,,On Account,22/09/2026 09:52,22-Sep-2026,23-Sep-2026,Expedia & Affiliate Network,2564674542,Payment,Pre-Paid via OTA,,,,Extras prepaid via Expedia,system@eviivo.com,22-Sep-26 09:52:17.493,,22-Sep-26 09:52:16.960,,,,,,,£ 0.00,,£ 82.10,,£ 82.10,Total Paid,,"£ 3,165.10",£ 15.00,£ 229.54,"£ 3,409.64","£ 127,447.80","£ 29,248.56",-£ 260.00,"£ 159,846.00"
Payments,Balance Transfers - to be paid by:,Payment Date,Payment ID,Guest Name,Group,Company,Property,Room,Order Ref.,Booking Ref,Booked On,Check-In,Check-Out,Channel,OTA Reference,Type,Payment Method,Card Type,Last 4 Digits,Virtual Card,Description,User,Updated,Sent to gateway,Confirmed by gateway,Gateway Reference,Settled Amount,Settled Date,Card,Cash / Bank,Vouchers,Total Paid,OTA,eviivo,Total,22/09/2026 10:13,51369210,KEERATI PLOYCHAISRI,,,Hotel Orlando by PLI,Room 15 3rd Floor,HLM-710-342,402-683-162,,Pre-arrival,22/09/2026 10:13,13-Oct-2026,19-Oct-2026,Booking.com,5121723364,Payment,Pre-Paid via OTA,,,,Prepaid via Booking.com,system@eviivo.com,22-Sep-26 10:13:26.367,,22-Sep-26 10:13:26.110,,,,,,,£ 0.00,£ 485.00,,,£ 485.00,Total Paid,,"£ 3,165.10",£ 15.00,£ 229.54,"£ 3,409.64","£ 127,447.80","£ 29,248.56",-£ 260.00,"£ 159,846.00"
Payments,Balance Transfers - to be paid by:,Payment Date,Payment ID,Guest Name,Group,Company,Property,Room,Order Ref.,Booking Ref,Booked On,Check-In,Check-Out,Channel,OTA Reference,Type,Payment Method,Card Type,Last 4 Digits,Virtual Card,Description,User,Updated,Sent to gateway,Confirmed by gateway,Gateway Reference,Settled Amount,Settled Date,Card,Cash / Bank,Vouchers,Total Paid,OTA,eviivo,Total,22/09/2026 10:24,51369392,Emma GUIGONIS,,,Hotel Orlando by PLI,Room 8 1st Floor,EOO-968-121,053-214-411,,Post Checkout,13/07/2026 15:42,16-Sep-2026,20-Sep-2026,Expedia & Affiliate Network,2508399842,Refund,Card/VCC via the System,Visa,5106,0,,mohammed.samy@crownbs.com,22-Sep-26 10:24:07.853,22-Sep-26 10:24:06.467,22-Sep-26 10:24:07.627,re_3TslzGR78xpaffA0029kcVXD,,,-£ 100.00,,,-£ 100.00,,,,- £ 100.00,Total Paid,,"£ 3,165.10",£ 15.00,£ 229.54,"£ 3,409.64","£ 127,447.80","£ 29,248.56",-£ 260.00,"£ 159,846.00"
Payments,Balance Transfers - to be paid by:,Payment Date,Payment ID,Guest Name,Group,Company,Property,Room,Order Ref.,Booking Ref,Booked On,Check-In,Check-Out,Channel,OTA Reference,Type,Payment Method,Card Type,Last 4 Digits,Virtual Card,Description,User,Updated,Sent to gateway,Confirmed by gateway,Gateway Reference,Settled Amount,Settled Date,Card,Cash / Bank,Vouchers,Total Paid,OTA,eviivo,Total,22/09/2026 10:24,51369400,Thomas Befroy,,,Hotel Orlando by PLI,S Room 21 GF - SofaBed,VIF-398-669,689-430-531,,Post Checkout,07/09/2026 19:27,19-Sep-2026,20-Sep-2026,Booking.com,6873342061,Refund,Card/VCC via the System,Visa,9003,0,,mohammed.samy@crownbs.com,22-Sep-26 10:24:38.243,22-Sep-26 10:24:36.790,22-Sep-26 10:24:38.057,re_3UHKAgR78xpaffA02MJNzPsQ,,,-£ 100.00,,,-£ 100.00,,,,- £ 100.00,Total Paid,,"£ 3,165.10",£ 15.00,£ 229.54,"£ 3,409.64","£ 127,447.80","£ 29,248.56",-£ 260.00,"£ 159,846.00"
Payments,Balance Transfers - to be paid by:,Payment Date,Payment ID,Guest Name,Group,Company,Property,Room,Order Ref.,Booking Ref,Booked On,Check-In,Check-Out,Channel,OTA Reference,Type,Payment Method,Card Type,Last 4 Digits,Virtual Card,Description,User,Updated,Sent to gateway,Confirmed by gateway,Gateway Reference,Settled Amount,Settled Date,Card,Cash / Bank,Vouchers,Total Paid,OTA,eviivo,Total,22/09/2026 10:25,51369411,Laney Haywood,,,Hotel Orlando by PLI,Room 15 3rd Floor,ALI-495-359,320-884-991,,Post Checkout,18/09/2026 11:36,19-Sep-2026,20-Sep-2026,Expedia & Affiliate Network,2561826393,Refund,Card/VCC via the System,Mastercard,6429,0,,mohammed.samy@crownbs.com,22-Sep-26 10:25:03.884,22-Sep-26 10:25:02.443,22-Sep-26 10:25:03.427,re_3UHQp9R78xpaffA00FvgdvOS,,,-£ 100.00,,,-£ 100.00,,,,- £ 100.00,Total Paid,,"£ 3,165.10",£ 15.00,£ 229.54,"£ 3,409.64","£ 127,447.80","£ 29,248.56",-£ 260.00,"£ 159,846.00"
Payments,Balance Transfers - to be paid by:,Payment Date,Payment ID,Guest Name,Group,Company,Property,Room,Order Ref.,Booking Ref,Booked On,Check-In,Check-Out,Channel,OTA Reference,Type,Payment Method,Card Type,Last 4 Digits,Virtual Card,Description,User,Updated,Sent to gateway,Confirmed by gateway,Gateway Reference,Settled Amount,Settled Date,Card,Cash / Bank,Vouchers,Total Paid,OTA,eviivo,Total,22/09/2026 10:25,51369418,Roger Arola Marti,,,Hotel Orlando by PLI,Flat 5 ( GF Orlando ) -  Studio,PFL-903-394,465-280-351,,Post Checkout,10/09/2026 10:03,19-Sep-2026,21-Sep-2026,Expedia & Affiliate Network,2555450007,Refund,Card/VCC via the System,Visa,2668,0,,mohammed.samy@crownbs.com,22-Sep-26 10:25:24.915,22-Sep-26 10:25:23.680,22-Sep-26 10:25:24.727,re_3UE48HR78xpaffA00cPmKXjO,,,-£ 100.00,,,-£ 100.00,,,,- £ 100.00,Total Paid,,"£ 3,165.10",£ 15.00,£ 229.54,"£ 3,409.64","£ 127,447.80","£ 29,248.56",-£ 260.00,"£ 159,846.00"
Payments,Balance Transfers - to be paid by:,Payment Date,Payment ID,Guest Name,Group,Company,Property,Room,Order Ref.,Booking Ref,Booked On,Check-In,Check-Out,Channel,OTA Reference,Type,Payment Method,Card Type,Last 4 Digits,Virtual Card,Description,User,Updated,Sent to gateway,Confirmed by gateway,Gateway Reference,Settled Amount,Settled Date,Card,Cash / Bank,Vouchers,Total Paid,OTA,eviivo,Total,22/09/2026 10:25,51369425,Megan Bradley,,,Hotel Orlando by PLI,Room 7 Mid-First Floor,MQA-863-755,646-366-802,,Post Checkout,15/09/2026 14:39,20-Sep-2026,21-Sep-2026,Booking.com,6865900945,Refund,Card/VCC via the System,Visa,8339,0,,mohammed.samy@crownbs.com,22-Sep-26 10:25:44.412,22-Sep-26 10:25:43.107,22-Sep-26 10:25:44.233,re_3UHmOKR78xpaffA01OehoxyN,,,-£ 100.00,,,-£ 100.00,,,,- £ 100.00,Total Paid,,"£ 3,165.10",£ 15.00,£ 229.54,"£ 3,409.64","£ 127,447.80","£ 29,248.56",-£ 260.00,"£ 159,846.00"
Payments,Balance Transfers - to be paid by:,Payment Date,Payment ID,Guest Name,Group,Company,Property,Room,Order Ref.,Booking Ref,Booked On,Check-In,Check-Out,Channel,OTA Reference,Type,Payment Method,Card Type,Last 4 Digits,Virtual Card,Description,User,Updated,Sent to gateway,Confirmed by gateway,Gateway Reference,Settled Amount,Settled Date,Card,Cash / Bank,Vouchers,Total Paid,OTA,eviivo,Total,22/09/2026 10:26,51369429,Carl Sales,,,Hotel Orlando by PLI,S Room 23 GF,BYU-219-549,330-166-184,,Post Checkout,12/09/2026 08:29,20-Sep-2026,21-Sep-2026,Booking.com,5123106523,Refund,Card/VCC via the System,Visa,8412,0,,mohammed.samy@crownbs.com,22-Sep-26 10:26:08.913,22-Sep-26 10:26:07.797,22-Sep-26 10:26:08.730,re_3UHmlwR78xpaffA00HC8slLn,,,-£ 100.00,,,-£ 100.00,,,,- £ 100.00,Total Paid,,"£ 3,165.10",£ 15.00,£ 229.54,"£ 3,409.64","£ 127,447.80","£ 29,248.56",-£ 260.00,"£ 159,846.00"
Payments,Balance Transfers - to be paid by:,Payment Date,Payment ID,Guest Name,Group,Company,Property,Room,Order Ref.,Booking Ref,Booked On,Check-In,Check-Out,Channel,OTA Reference,Type,Payment Method,Card Type,Last 4 Digits,Virtual Card,Description,User,Updated,Sent to gateway,Confirmed by gateway,Gateway Reference,Settled Amount,Settled Date,Card,Cash / Bank,Vouchers,Total Paid,OTA,eviivo,Total,22/09/2026 10:26,51369436,Tufis Raluca-Claudia,,,Hotel Orlando by PLI,S Room 29 Mid 2nd F,TNS-861-801,866-069-142,,Post Checkout,20/09/2026 14:40,20-Sep-2026,21-Sep-2026,Booking.com,6113660363,Refund,Card/VCC via the System,Visa,9025,0,,mohammed.samy@crownbs.com,22-Sep-26 10:26:27.071,22-Sep-26 10:26:26.023,22-Sep-26 10:26:26.900,re_3UHlPdR78xpaffA01h2F3FQi,,,-£ 100.00,,,-£ 100.00,,,,- £ 100.00,Total Paid,,"£ 3,165.10",£ 15.00,£ 229.54,"£ 3,409.64","£ 127,447.80","£ 29,248.56",-£ 260.00,"£ 159,846.00"
Payments,Balance Transfers - to be paid by:,Payment Date,Payment ID,Guest Name,Group,Company,Property,Room,Order Ref.,Booking Ref,Booked On,Check-In,Check-Out,Channel,OTA Reference,Type,Payment Method,Card Type,Last 4 Digits,Virtual Card,Description,User,Updated,Sent to gateway,Confirmed by gateway,Gateway Reference,Settled Amount,Settled Date,Card,Cash / Bank,Vouchers,Total Paid,OTA,eviivo,Total,22/09/2026 10:26,51369447,Waleed Backler,,,Hotel Orlando by PLI,S Room 35 3rd F,WQP-675-765,182-316-612,,Post Checkout,20/09/2026 17:37,20-Sep-2026,21-Sep-2026,Booking.com,5421441747,Refund,Card/VCC via the System,Visa,9862,0,,mohammed.samy@crownbs.com,22-Sep-26 10:26:43.336,22-Sep-26 10:26:42.117,22-Sep-26 10:26:43.150,re_3UHnqgR78xpaffA02o7s3TlR,,,-£ 100.00,,,-£ 100.00,,,,- £ 100.00,Total Paid,,"£ 3,165.10",£ 15.00,£ 229.54,"£ 3,409.64","£ 127,447.80","£ 29,248.56",-£ 260.00,"£ 159,846.00"
Payments,Balance Transfers - to be paid by:,Payment Date,Payment ID,Guest Name,Group,Company,Property,Room,Order Ref.,Booking Ref,Booked On,Check-In,Check-Out,Channel,OTA Reference,Type,Payment Method,Card Type,Last 4 Digits,Virtual Card,Description,User,Updated,Sent to gateway,Confirmed by gateway,Gateway Reference,Settled Amount,Settled Date,Card,Cash / Bank,Vouchers,Total Paid,OTA,eviivo,Total,22/09/2026 10:46,51369809,Ana PUENTES,,,Hotel Orlando by PLI,Room 4 GF,GNI-924-170,698-653-461,,Pre-arrival,22/09/2026 10:46,03-Oct-2026,04-Oct-2026,Booking.com,5888701150,Payment,Pre-Paid via OTA,,,,Prepaid via Booking.com,system@eviivo.com,22-Sep-26 10:46:15.741,,22-Sep-26 10:46:15.203,,,,,,,£ 0.00,£ 233.50,,,£ 233.50,Total Paid,,"£ 3,165.10",£ 15.00,£ 229.54,"£ 3,409.64","£ 127,447.80","£ 29,248.56",-£ 260.00,"£ 159,846.00"
Payments,Balance Transfers - to be paid by:,Payment Date,Payment ID,Guest Name,Group,Company,Property,Room,Order Ref.,Booking Ref,Booked On,Check-In,Check-Out,Channel,OTA Reference,Type,Payment Method,Card Type,Last 4 Digits,Virtual Card,Description,User,Updated,Sent to gateway,Confirmed by gateway,Gateway Reference,Settled Amount,Settled Date,Card,Cash / Bank,Vouchers,Total Paid,OTA,eviivo,Total,,51369809,Ana PUENTES,,,Hotel Orlando by PLI,S Room 18 BF,GNI-924-170,941-215-254,,On Account,22/09/2026 10:46,03-Oct-2026,04-Oct-2026,Booking.com,5888701150,(see above/below),(see above/below),,,,,system@eviivo.com,,,,,,,,,,£ 0.00,,,,,Total Paid,,"£ 3,165.10",£ 15.00,£ 229.54,"£ 3,409.64","£ 127,447.80","£ 29,248.56",-£ 260.00,"£ 159,846.00"
Payments,Balance Transfers - to be paid by:,Payment Date,Payment ID,Guest Name,Group,Company,Property,Room,Order Ref.,Booking Ref,Booked On,Check-In,Check-Out,Channel,OTA Reference,Type,Payment Method,Card Type,Last 4 Digits,Virtual Card,Description,User,Updated,Sent to gateway,Confirmed by gateway,Gateway Reference,Settled Amount,Settled Date,Card,Cash / Bank,Vouchers,Total Paid,OTA,eviivo,Total,22/09/2026 11:04,51370096,Tom Holland,,,Hotel Orlando by PLI,Flat 24  ( GF Sino ) - Studio,VAB-667-561,316-406-291,,Pre-arrival,22/09/2026 11:04,29-Sep-2026,30-Sep-2026,Airbnb,HMM4PBP5A5,Payment,Pre-Paid via OTA,,,,Extras prepaid via Airbnb,system@eviivo.com,22-Sep-26 11:04:03.376,,22-Sep-26 11:04:02.950,,,,,,,£ 0.00,£ 77.00,,,£ 77.00,Total Paid,,"£ 3,165.10",£ 15.00,£ 229.54,"£ 3,409.64","£ 127,447.80","£ 29,248.56",-£ 260.00,"£ 159,846.00"
Payments,Balance Transfers - to be paid by:,Payment Date,Payment ID,Guest Name,Group,Company,Property,Room,Order Ref.,Booking Ref,Booked On,Check-In,Check-Out,Channel,OTA Reference,Type,Payment Method,Card Type,Last 4 Digits,Virtual Card,Description,User,Updated,Sent to gateway,Confirmed by gateway,Gateway Reference,Settled Amount,Settled Date,Card,Cash / Bank,Vouchers,Total Paid,OTA,eviivo,Total,22/09/2026 11:07,51370174,James Montgomery,,,Hotel Orlando by PLI,Room 11 2nd Floor,NUZ-342-947,452-392-642,,On Account,07/09/2026 09:44,22-Sep-2026,24-Sep-2026,Expedia & Affiliate Network,2552891182,Payment,Pre-Paid via OTA,,,,Prepaid via OTA,system@eviivo.com,22-Sep-26 11:07:58.628,,22-Sep-26 11:07:58.550,,,,,,,£ 0.00,,£ 150.00,,£ 150.00,Total Paid,,"£ 3,165.10",£ 15.00,£ 229.54,"£ 3,409.64","£ 127,447.80","£ 29,248.56",-£ 260.00,"£ 159,846.00"
Payments,Balance Transfers - to be paid by:,Payment Date,Payment ID,Guest Name,Group,Company,Property,Room,Order Ref.,Booking Ref,Booked On,Check-In,Check-Out,Channel,OTA Reference,Type,Payment Method,Card Type,Last 4 Digits,Virtual Card,Description,User,Updated,Sent to gateway,Confirmed by gateway,Gateway Reference,Settled Amount,Settled Date,Card,Cash / Bank,Vouchers,Total Paid,OTA,eviivo,Total,22/09/2026 11:39,51370741,Christian Chimezie,,,Hotel Orlando by PLI,Room 11 2nd Floor,ZET-160-666,656-096-614,,On Account,22/09/2026 11:39,23-Sep-2026,24-Sep-2026,Expedia & Affiliate Network,2564725697,Payment,Pre-Paid via OTA,,,,Extras prepaid via Expedia Affiliate Network,system@eviivo.com,22-Sep-26 11:39:54.772,,22-Sep-26 11:39:54.246,,,,,,,£ 0.00,,£ 117.00,,£ 117.00,Total Paid,,"£ 3,165.10",£ 15.00,£ 229.54,"£ 3,409.64","£ 127,447.80","£ 29,248.56",-£ 260.00,"£ 159,846.00"
Payments,Balance Transfers - to be paid by:,Payment Date,Payment ID,Guest Name,Group,Company,Property,Room,Order Ref.,Booking Ref,Booked On,Check-In,Check-Out,Channel,OTA Reference,Type,Payment Method,Card Type,Last 4 Digits,Virtual Card,Description,User,Updated,Sent to gateway,Confirmed by gateway,Gateway Reference,Settled Amount,Settled Date,Card,Cash / Bank,Vouchers,Total Paid,OTA,eviivo,Total,22/09/2026 12:35,51371594,MAHMOUD TANKO IBRAHIM,,,Hotel Orlando by PLI,S Room 32 2nd F,XDY-759-530,504-960-412,,Pre-arrival,22/09/2026 12:35,20-Oct-2026,03-Nov-2026,Booking.com,6901121000,Payment,Pre-Paid via OTA,,,,Prepaid via Booking.com,system@eviivo.com,22-Sep-26 12:35:27.286,,22-Sep-26 12:35:27.023,,,,,,,£ 0.00,"£ 1,060.00",,,"£ 1,060.00",Total Paid,,"£ 3,165.10",£ 15.00,£ 229.54,"£ 3,409.64","£ 127,447.80","£ 29,248.56",-£ 260.00,"£ 159,846.00"
Payments,Balance Transfers - to be paid by:,Payment Date,Payment ID,Guest Name,Group,Company,Property,Room,Order Ref.,Booking Ref,Booked On,Check-In,Check-Out,Channel,OTA Reference,Type,Payment Method,Card Type,Last 4 Digits,Virtual Card,Description,User,Updated,Sent to gateway,Confirmed by gateway,Gateway Reference,Settled Amount,Settled Date,Card,Cash / Bank,Vouchers,Total Paid,OTA,eviivo,Total,22/09/2026 12:40,51371679,IBRAHIM BELLO ABUBAKAR,,,Hotel Orlando by PLI,S Room 18 BF,SUM-561-642,684-196-802,,Pre-arrival,22/09/2026 12:40,20-Oct-2026,03-Nov-2026,Booking.com,6623150943,Payment,Pre-Paid via OTA,,,,Prepaid via Booking.com,system@eviivo.com,22-Sep-26 12:40:51.862,,22-Sep-26 12:40:51.603,,,,,,,£ 0.00,"£ 1,176.00",,,"£ 1,176.00",Total Paid,,"£ 3,165.10",£ 15.00,£ 229.54,"£ 3,409.64","£ 127,447.80","£ 29,248.56",-£ 260.00,"£ 159,846.00"
Payments,Balance Transfers - to be paid by:,Payment Date,Payment ID,Guest Name,Group,Company,Property,Room,Order Ref.,Booking Ref,Booked On,Check-In,Check-Out,Channel,OTA Reference,Type,Payment Method,Card Type,Last 4 Digits,Virtual Card,Description,User,Updated,Sent to gateway,Confirmed by gateway,Gateway Reference,Settled Amount,Settled Date,Card,Cash / Bank,Vouchers,Total Paid,OTA,eviivo,Total,22/09/2026 12:57,51371947,Vanessa Lucas,,,Hotel Orlando by PLI,S Room 17 BF,KNN-168-822,222-040-002,,Pre-arrival,12/12/2025 17:46,23-Sep-2026,24-Sep-2026,Booking.com,6417147704,Payment,Pre-Paid via OTA,,,,Prepaid via OTA,system@eviivo.com,22-Sep-26 12:57:56.938,,22-Sep-26 12:57:56.813,,,,,,,£ 0.00,£ 68.85,,,£ 68.85,Total Paid,,"£ 3,165.10",£ 15.00,£ 229.54,"£ 3,409.64","£ 127,447.80","£ 29,248.56",-£ 260.00,"£ 159,846.00"
Payments,Balance Transfers - to be paid by:,Payment Date,Payment ID,Guest Name,Group,Company,Property,Room,Order Ref.,Booking Ref,Booked On,Check-In,Check-Out,Channel,OTA Reference,Type,Payment Method,Card Type,Last 4 Digits,Virtual Card,Description,User,Updated,Sent to gateway,Confirmed by gateway,Gateway Reference,Settled Amount,Settled Date,Card,Cash / Bank,Vouchers,Total Paid,OTA,eviivo,Total,22/09/2026 13:45,51372733,Naomi Ennis,,,Hotel Orlando by PLI,S Room 17 BF,MUE-819-453,302-300-682,,Pre-arrival,22/09/2026 13:45,23-Sep-2026,24-Sep-2026,Booking.com,5050289077,Payment,Pre-Paid via OTA,,,,Prepaid via Booking.com,system@eviivo.com,22-Sep-26 13:45:20.766,,22-Sep-26 13:45:20.506,,,,,,,£ 0.00,£ 107.30,,,£ 107.30,Total Paid,,"£ 3,165.10",£ 15.00,£ 229.54,"£ 3,409.64","£ 127,447.80","£ 29,248.56",-£ 260.00,"£ 159,846.00"
Payments,Balance Transfers - to be paid by:,Payment Date,Payment ID,Guest Name,Group,Company,Property,Room,Order Ref.,Booking Ref,Booked On,Check-In,Check-Out,Channel,OTA Reference,Type,Payment Method,Card Type,Last 4 Digits,Virtual Card,Description,User,Updated,Sent to gateway,Confirmed by gateway,Gateway Reference,Settled Amount,Settled Date,Card,Cash / Bank,Vouchers,Total Paid,OTA,eviivo,Total,22/09/2026 14:13,51373233,Kadiatou Diawara,,,Hotel Orlando by PLI,Room 3 BF W/Microwave,DWD-884-018,069-842-831,,Pre-arrival,22/09/2026 14:13,13-Apr-2027,15-Apr-2027,Booking.com,6623157399,Payment,Pre-Paid via OTA,,,,Prepaid via Booking.com,system@eviivo.com,22-Sep-26 14:13:12.606,,22-Sep-26 14:13:12.313,,,,,,,£ 0.00,£ 178.40,,,£ 178.40,Total Paid,,"£ 3,165.10",£ 15.00,£ 229.54,"£ 3,409.64","£ 127,447.80","£ 29,248.56",-£ 260.00,"£ 159,846.00"
Payments,Balance Transfers - to be paid by:,Payment Date,Payment ID,Guest Name,Group,Company,Property,Room,Order Ref.,Booking Ref,Booked On,Check-In,Check-Out,Channel,OTA Reference,Type,Payment Method,Card Type,Last 4 Digits,Virtual Card,Description,User,Updated,Sent to gateway,Confirmed by gateway,Gateway Reference,Settled Amount,Settled Date,Card,Cash / Bank,Vouchers,Total Paid,OTA,eviivo,Total,22/09/2026 14:21,51373389,Alex Dasse,,,Hotel Orlando by PLI,S Room 30 2nd F - W/Fridge,AAJ-344-747,533-524-802,,In House,22/09/2026 14:21,22-Sep-2026,23-Sep-2026,Booking.com,5297954607,Payment,Pre-Paid via OTA,,,,Prepaid via Booking.com,system@eviivo.com,22-Sep-26 14:21:20.810,,22-Sep-26 14:21:20.486,,,,,,,£ 0.00,£ 92.00,,,£ 92.00,Total Paid,,"£ 3,165.10",£ 15.00,£ 229.54,"£ 3,409.64","£ 127,447.80","£ 29,248.56",-£ 260.00,"£ 159,846.00"
Payments,Balance Transfers - to be paid by:,Payment Date,Payment ID,Guest Name,Group,Company,Property,Room,Order Ref.,Booking Ref,Booked On,Check-In,Check-Out,Channel,OTA Reference,Type,Payment Method,Card Type,Last 4 Digits,Virtual Card,Description,User,Updated,Sent to gateway,Confirmed by gateway,Gateway Reference,Settled Amount,Settled Date,Card,Cash / Bank,Vouchers,Total Paid,OTA,eviivo,Total,22/09/2026 14:57,51374069,James Pomeroy,,,Hotel Orlando by PLI,Room 11 2nd Floor,ETO-524-770,965-943-902,,Pre-arrival,22/09/2026 14:57,30-Sep-2026,01-Oct-2026,Booking.com,6338486665,Payment,Pre-Paid via OTA,,,,Prepaid via Booking.com,system@eviivo.com,22-Sep-26 14:57:39.233,,22-Sep-26 14:57:39.043,,,,,,,£ 0.00,£ 65.90,,,£ 65.90,Total Paid,,"£ 3,165.10",£ 15.00,£ 229.54,"£ 3,409.64","£ 127,447.80","£ 29,248.56",-£ 260.00,"£ 159,846.00"
Payments,Balance Transfers - to be paid by:,Payment Date,Payment ID,Guest Name,Group,Company,Property,Room,Order Ref.,Booking Ref,Booked On,Check-In,Check-Out,Channel,OTA Reference,Type,Payment Method,Card Type,Last 4 Digits,Virtual Card,Description,User,Updated,Sent to gateway,Confirmed by gateway,Gateway Reference,Settled Amount,Settled Date,Card,Cash / Bank,Vouchers,Total Paid,OTA,eviivo,Total,22/09/2026 15:22,51374511,GURUNG AMIT,,,Hotel Orlando by PLI,S Room 27 1st F  W/Fridge,GLZ-730-837,544-834-092,,In House,22/09/2026 15:22,22-Sep-2026,23-Sep-2026,Booking.com,5121706381,Payment,Pre-Paid via OTA,,,,Prepaid via Booking.com,system@eviivo.com,22-Sep-26 15:22:30.626,,22-Sep-26 15:22:30.296,,,,,,,£ 0.00,£ 96.50,,,£ 96.50,Total Paid,,"£ 3,165.10",£ 15.00,£ 229.54,"£ 3,409.64","£ 127,447.80","£ 29,248.56",-£ 260.00,"£ 159,846.00"
Payments,Balance Transfers - to be paid by:,Payment Date,Payment ID,Guest Name,Group,Company,Property,Room,Order Ref.,Booking Ref,Booked On,Check-In,Check-Out,Channel,OTA Reference,Type,Payment Method,Card Type,Last 4 Digits,Virtual Card,Description,User,Updated,Sent to gateway,Confirmed by gateway,Gateway Reference,Settled Amount,Settled Date,Card,Cash / Bank,Vouchers,Total Paid,OTA,eviivo,Total,22/09/2026 15:30,51374649,Gareth Mills,,,Hotel Orlando by PLI,Flat 2 ( Basement Orlando ),EJF-448-623,306-449-242,,In House,22/09/2026 15:30,22-Sep-2026,23-Sep-2026,Booking.com,6412310830,Payment,Pre-Paid via OTA,,,,Prepaid via Booking.com,system@eviivo.com,22-Sep-26 15:30:24.318,,22-Sep-26 15:30:23.946,,,,,,,£ 0.00,£ 98.30,,,£ 98.30,Total Paid,,"£ 3,165.10",£ 15.00,£ 229.54,"£ 3,409.64","£ 127,447.80","£ 29,248.56",-£ 260.00,"£ 159,846.00"
Payments,Balance Transfers - to be paid by:,Payment Date,Payment ID,Guest Name,Group,Company,Property,Room,Order Ref.,Booking Ref,Booked On,Check-In,Check-Out,Channel,OTA Reference,Type,Payment Method,Card Type,Last 4 Digits,Virtual Card,Description,User,Updated,Sent to gateway,Confirmed by gateway,Gateway Reference,Settled Amount,Settled Date,Card,Cash / Bank,Vouchers,Total Paid,OTA,eviivo,Total,22/09/2026 15:43,51374894,Hansa Perera,,,Hotel Orlando by PLI,Room 8 1st Floor,OCR-921-250,313-159-314,,In House,22/09/2026 09:38,22-Sep-2026,23-Sep-2026,Booking.com,6338410755,Payment,Card/VCC via the System,Mastercard,4280,0,Guest Paid Online,eviivo suite,22-Sep-26 15:44:03.006,22-Sep-26 15:43:59.780,22-Sep-26 15:44:02.493,pi_3UIUvMR78xpaffA00Lcyept6,,,£ 100.00,,,£ 100.00,,,,£ 100.00,Total Paid,,"£ 3,165.10",£ 15.00,£ 229.54,"£ 3,409.64","£ 127,447.80","£ 29,248.56",-£ 260.00,"£ 159,846.00"
Payments,Balance Transfers - to be paid by:,Payment Date,Payment ID,Guest Name,Group,Company,Property,Room,Order Ref.,Booking Ref,Booked On,Check-In,Check-Out,Channel,OTA Reference,Type,Payment Method,Card Type,Last 4 Digits,Virtual Card,Description,User,Updated,Sent to gateway,Confirmed by gateway,Gateway Reference,Settled Amount,Settled Date,Card,Cash / Bank,Vouchers,Total Paid,OTA,eviivo,Total,22/09/2026 15:59,51375185,Musah Mustapha Fauziya,,,Hotel Orlando by PLI,S Room 27 1st F  W/Fridge,IMG-299-550,416-498-851,,Pre-arrival,22/09/2026 15:59,30-Sep-2026,02-Oct-2026,Booking.com,6953356913,Payment,Pre-Paid via OTA,,,,Prepaid via Booking.com,system@eviivo.com,22-Sep-26 15:59:26.091,,22-Sep-26 15:59:25.913,,,,,,,£ 0.00,£ 128.90,,,£ 128.90,Total Paid,,"£ 3,165.10",£ 15.00,£ 229.54,"£ 3,409.64","£ 127,447.80","£ 29,248.56",-£ 260.00,"£ 159,846.00"
Payments,Balance Transfers - to be paid by:,Payment Date,Payment ID,Guest Name,Group,Company,Property,Room,Order Ref.,Booking Ref,Booked On,Check-In,Check-Out,Channel,OTA Reference,Type,Payment Method,Card Type,Last 4 Digits,Virtual Card,Description,User,Updated,Sent to gateway,Confirmed by gateway,Gateway Reference,Settled Amount,Settled Date,Card,Cash / Bank,Vouchers,Total Paid,OTA,eviivo,Total,22/09/2026 16:22,51375655,Samuel Anyanwu,,,Hotel Orlando by PLI,S Room 27 1st F  W/Fridge,OZZ-311-763,544-191-292,,Pre-arrival,19/09/2026 09:10,23-Sep-2026,24-Sep-2026,Booking.com,6138272407,Payment,Card/VCC via the System,Visa,6004,0,Guest Paid Online,eviivo suite,22-Sep-26 16:22:14.828,22-Sep-26 16:22:13.050,22-Sep-26 16:22:14.350,pi_3UIVWLR78xpaffA003Aajmh0,,,£ 100.00,,,£ 100.00,,,,£ 100.00,Total Paid,,"£ 3,165.10",£ 15.00,£ 229.54,"£ 3,409.64","£ 127,447.80","£ 29,248.56",-£ 260.00,"£ 159,846.00"
Payments,Balance Transfers - to be paid by:,Payment Date,Payment ID,Guest Name,Group,Company,Property,Room,Order Ref.,Booking Ref,Booked On,Check-In,Check-Out,Channel,OTA Reference,Type,Payment Method,Card Type,Last 4 Digits,Virtual Card,Description,User,Updated,Sent to gateway,Confirmed by gateway,Gateway Reference,Settled Amount,Settled Date,Card,Cash / Bank,Vouchers,Total Paid,OTA,eviivo,Total,22/09/2026 17:00,51376412,Alex Dasse,,,Hotel Orlando by PLI,S Room 30 2nd F - W/Fridge,AAJ-344-747,533-524-802,,In House,22/09/2026 14:21,22-Sep-2026,23-Sep-2026,Booking.com,5297954607,Payment,Card/VCC via the System,Visa,8022,0,Guest Paid Online,eviivo suite,22-Sep-26 17:00:45.962,22-Sep-26 17:00:43.043,22-Sep-26 17:00:45.597,pi_3UIW7bR78xpaffA01eDbBKW0,,,£ 100.00,,,£ 100.00,,,,£ 100.00,Total Paid,,"£ 3,165.10",£ 15.00,£ 229.54,"£ 3,409.64","£ 127,447.80","£ 29,248.56",-£ 260.00,"£ 159,846.00"
Payments,Balance Transfers - to be paid by:,Payment Date,Payment ID,Guest Name,Group,Company,Property,Room,Order Ref.,Booking Ref,Booked On,Check-In,Check-Out,Channel,OTA Reference,Type,Payment Method,Card Type,Last 4 Digits,Virtual Card,Description,User,Updated,Sent to gateway,Confirmed by gateway,Gateway Reference,Settled Amount,Settled Date,Card,Cash / Bank,Vouchers,Total Paid,OTA,eviivo,Total,22/09/2026 20:10,51379581,Jordan Sheridan,,,Hotel Orlando by PLI,Room 14 2nd Floor,XZG-492-216,434-530-331,,Pre-arrival,22/09/2026 20:10,28-Sep-2026,01-Oct-2026,Booking.com,5903468752,Payment,Pre-Paid via OTA,,,,Prepaid via Booking.com,system@eviivo.com,22-Sep-26 20:10:25.032,,22-Sep-26 20:10:24.783,,,,,,,£ 0.00,£ 154.10,,,£ 154.10,Total Paid,,"£ 3,165.10",£ 15.00,£ 229.54,"£ 3,409.64","£ 127,447.80","£ 29,248.56",-£ 260.00,"£ 159,846.00"
Payments,Balance Transfers - to be paid by:,Payment Date,Payment ID,Guest Name,Group,Company,Property,Room,Order Ref.,Booking Ref,Booked On,Check-In,Check-Out,Channel,OTA Reference,Type,Payment Method,Card Type,Last 4 Digits,Virtual Card,Description,User,Updated,Sent to gateway,Confirmed by gateway,Gateway Reference,Settled Amount,Settled Date,Card,Cash / Bank,Vouchers,Total Paid,OTA,eviivo,Total,22/09/2026 20:14,51379642,Gareth Mills,,,Hotel Orlando by PLI,Flat 2 ( Basement Orlando ),EJF-448-623,306-449-242,,In House,22/09/2026 15:30,22-Sep-2026,23-Sep-2026,Booking.com,6412310830,Payment,Card/VCC via the System,Visa,6027,0,Guest Paid Online,eviivo suite,22-Sep-26 20:14:39.406,22-Sep-26 20:14:38.947,22-Sep-26 20:14:39.143,pi_3UIZ94R78xpaffA00w8U6qTC,,,£ 100.00,,,£ 100.00,,,,£ 100.00,Total Paid,,"£ 3,165.10",£ 15.00,£ 229.54,"£ 3,409.64","£ 127,447.80","£ 29,248.56",-£ 260.00,"£ 159,846.00"
Payments,Balance Transfers - to be paid by:,Payment Date,Payment ID,Guest Name,Group,Company,Property,Room,Order Ref.,Booking Ref,Booked On,Check-In,Check-Out,Channel,OTA Reference,Type,Payment Method,Card Type,Last 4 Digits,Virtual Card,Description,User,Updated,Sent to gateway,Confirmed by gateway,Gateway Reference,Settled Amount,Settled Date,Card,Cash / Bank,Vouchers,Total Paid,OTA,eviivo,Total,22/09/2026 20:19,51379718,Simon Heinzl,,,Hotel Orlando by PLI,S Room 33 3rd F - W/Microwave &Fridge,SMZ-427-311,295-235-564,,Pre-arrival,22/09/2026 20:19,27-Dec-2026,02-Jan-2027,Airbnb,HMDJ3PES4N,Payment,Pre-Paid via OTA,,,,Extras prepaid via Airbnb,system@eviivo.com,22-Sep-26 20:19:31.455,,22-Sep-26 20:19:30.946,,,,,,,£ 0.00,£ 698.00,,,£ 698.00,Total Paid,,"£ 3,165.10",£ 15.00,£ 229.54,"£ 3,409.64","£ 127,447.80","£ 29,248.56",-£ 260.00,"£ 159,846.00"
Payments,Balance Transfers - to be paid by:,Payment Date,Payment ID,Guest Name,Group,Company,Property,Room,Order Ref.,Booking Ref,Booked On,Check-In,Check-Out,Channel,OTA Reference,Type,Payment Method,Card Type,Last 4 Digits,Virtual Card,Description,User,Updated,Sent to gateway,Confirmed by gateway,Gateway Reference,Settled Amount,Settled Date,Card,Cash / Bank,Vouchers,Total Paid,OTA,eviivo,Total,22/09/2026 21:29,51380767,Jan Morales Araez,,,Hotel Orlando by PLI,Room 6 GF,NRN-619-085,283-810-602,,On Account,22/09/2026 21:29,03-Dec-2026,06-Dec-2026,Expedia & Affiliate Network,2565117254,Payment,Pre-Paid via OTA,,,,Extras prepaid via Expedia,system@eviivo.com,22-Sep-26 21:29:39.940,,22-Sep-26 21:29:39.500,,,,,,,£ 0.00,,£ 289.08,,£ 289.08,Total Paid,,"£ 3,165.10",£ 15.00,£ 229.54,"£ 3,409.64","£ 127,447.80","£ 29,248.56",-£ 260.00,"£ 159,846.00"
Payments,Balance Transfers - to be paid by:,Payment Date,Payment ID,Guest Name,Group,Company,Property,Room,Order Ref.,Booking Ref,Booked On,Check-In,Check-Out,Channel,OTA Reference,Type,Payment Method,Card Type,Last 4 Digits,Virtual Card,Description,User,Updated,Sent to gateway,Confirmed by gateway,Gateway Reference,Settled Amount,Settled Date,Card,Cash / Bank,Vouchers,Total Paid,OTA,eviivo,Total,22/09/2026 22:04,51381213,Sandra Nashi,,,Hotel Orlando by PLI,S Room 22 GF -2Ds W/Microwave &Fridge,WRR-241-575,156-620-094,,Pre-arrival,22/09/2026 22:04,16-Dec-2026,19-Dec-2026,Booking.com,5353681585,Payment,Pre-Paid via OTA,,,,Prepaid via Booking.com,system@eviivo.com,22-Sep-26 22:04:12.918,,22-Sep-26 22:04:12.483,,,,,,,£ 0.00,£ 272.90,,,£ 272.90,Total Paid,,"£ 3,165.10",£ 15.00,£ 229.54,"£ 3,409.64","£ 127,447.80","£ 29,248.56",-£ 260.00,"£ 159,846.00"
Payments,Balance Transfers - to be paid by:,Payment Date,Payment ID,Guest Name,Group,Company,Property,Room,Order Ref.,Booking Ref,Booked On,Check-In,Check-Out,Channel,OTA Reference,Type,Payment Method,Card Type,Last 4 Digits,Virtual Card,Description,User,Updated,Sent to gateway,Confirmed by gateway,Gateway Reference,Settled Amount,Settled Date,Card,Cash / Bank,Vouchers,Total Paid,OTA,eviivo,Total,22/09/2026 23:31,51382019,Touria Bennai,,,Hotel Orlando by PLI,Room 12 2nd Floor,XPV-424-849,881-198-982,,Pre-arrival,22/09/2026 23:31,06-Nov-2027,12-Nov-2027,Booking.com,6003641379,Payment,Pre-Paid via OTA,,,,Prepaid via Booking.com,system@eviivo.com,22-Sep-26 23:31:26.015,,22-Sep-26 23:31:25.666,,,,,,,£ 0.00,£ 290.00,,,£ 290.00,Total Paid,,"£ 3,165.10",£ 15.00,£ 229.54,"£ 3,409.64","£ 127,447.80","£ 29,248.56",-£ 260.00,"£ 159,846.00"
Payments,Balance Transfers - to be paid by:,Payment Date,Payment ID,Guest Name,Group,Company,Property,Room,Order Ref.,Booking Ref,Booked On,Check-In,Check-Out,Channel,OTA Reference,Type,Payment Method,Card Type,Last 4 Digits,Virtual Card,Description,User,Updated,Sent to gateway,Confirmed by gateway,Gateway Reference,Settled Amount,Settled Date,Card,Cash / Bank,Vouchers,Total Paid,OTA,eviivo,Total,22/09/2026 23:47,51382103,Kisho Sivarajah,,,Hotel Orlando by PLI,S Room 35 3rd F,PKT-656-807,143-250-214,,On Account,22/09/2026 23:47,19-Oct-2026,25-Oct-2026,Expedia & Affiliate Network,2565199965,Payment,Pre-Paid via OTA,,,,Extras prepaid via Expedia Affiliate Network,system@eviivo.com,22-Sep-26 23:47:17.908,,22-Sep-26 23:47:17.386,,,,,,,£ 0.00,,£ 495.18,,£ 495.18,Total Paid,,"£ 3,165.10",£ 15.00,£ 229.54,"£ 3,409.64","£ 127,447.80","£ 29,248.56",-£ 260.00,"£ 159,846.00"
Payments,Balance Transfers - to be paid by:,Payment Date,Payment ID,Guest Name,Group,Company,Property,Room,Order Ref.,Booking Ref,Booked On,Check-In,Check-Out,Channel,OTA Reference,Type,Payment Method,Card Type,Last 4 Digits,Virtual Card,Description,User,Updated,Sent to gateway,Confirmed by gateway,Gateway Reference,Settled Amount,Settled Date,Card,Cash / Bank,Vouchers,Total Paid,OTA,eviivo,Total,23/09/2026 00:03,51382194,angela di flavia,,,Hotel Orlando by PLI,Room 10 1st Floor,HBH-472-169,604-446-481,,Pre-arrival,23/09/2026 00:03,26-Nov-2026,03-Dec-2026,Booking.com,6122678854,Payment,Pre-Paid via OTA,,,,Prepaid via Booking.com,system@eviivo.com,23-Sep-26 00:03:16.442,,23-Sep-26 00:03:16.210,,,,,,,£ 0.00,£ 585.20,,,£ 585.20,Total Paid,,"£ 3,165.10",£ 15.00,£ 229.54,"£ 3,409.64","£ 127,447.80","£ 29,248.56",-£ 260.00,"£ 159,846.00"
Payments,Balance Transfers - to be paid by:,Payment Date,Payment ID,Guest Name,Group,Company,Property,Room,Order Ref.,Booking Ref,Booked On,Check-In,Check-Out,Channel,OTA Reference,Type,Payment Method,Card Type,Last 4 Digits,Virtual Card,Description,User,Updated,Sent to gateway,Confirmed by gateway,Gateway Reference,Settled Amount,Settled Date,Card,Cash / Bank,Vouchers,Total Paid,OTA,eviivo,Total,23/09/2026 01:21,51382686,MIQUEL BADIA PUJOL,,,Hotel Orlando by PLI,Room 16 3rd Floor,EQB-557-185,235-955-324,,Pre-arrival,23/09/2026 01:21,09-Jan-2028,16-Jan-2028,Booking.com,5888783699,Payment,Pre-Paid via OTA,,,,Prepaid via Booking.com,system@eviivo.com,23-Sep-26 01:21:16.211,,23-Sep-26 01:21:15.986,,,,,,,£ 0.00,£ 272.00,,,£ 272.00,Total Paid,,"£ 3,165.10",£ 15.00,£ 229.54,"£ 3,409.64","£ 127,447.80","£ 29,248.56",-£ 260.00,"£ 159,846.00"
Payments,Balance Transfers - to be paid by:,Payment Date,Payment ID,Guest Name,Group,Company,Property,Room,Order Ref.,Booking Ref,Booked On,Check-In,Check-Out,Channel,OTA Reference,Type,Payment Method,Card Type,Last 4 Digits,Virtual Card,Description,User,Updated,Sent to gateway,Confirmed by gateway,Gateway Reference,Settled Amount,Settled Date,Card,Cash / Bank,Vouchers,Total Paid,OTA,eviivo,Total,23/09/2026 08:39,51385447,Assil Abichou,,,Hotel Orlando by PLI,S Room 29 Mid 2nd F,LDF-970-591,864-620-991,,On Account,23/09/2026 08:39,28-Nov-2026,30-Nov-2026,Expedia & Affiliate Network,2565462411,Payment,Pre-Paid via OTA,,,,Extras prepaid via Expedia,system@eviivo.com,23-Sep-26 08:39:47.283,,23-Sep-26 08:39:46.636,,,,,,,£ 0.00,,£ 179.29,,£ 179.29,Total Paid,,"£ 3,165.10",£ 15.00,£ 229.54,"£ 3,409.64","£ 127,447.80","£ 29,248.56",-£ 260.00,"£ 159,846.00"
Payments,Balance Transfers - to be paid by:,Payment Date,Payment ID,Guest Name,Group,Company,Property,Room,Order Ref.,Booking Ref,Booked On,Check-In,Check-Out,Channel,OTA Reference,Type,Payment Method,Card Type,Last 4 Digits,Virtual Card,Description,User,Updated,Sent to gateway,Confirmed by gateway,Gateway Reference,Settled Amount,Settled Date,Card,Cash / Bank,Vouchers,Total Paid,OTA,eviivo,Total,23/09/2026 09:17,51386062,Rosie Carr,,,Hotel Orlando by PLI,Room 3 BF W/Microwave,FRI-342-992,059-659-961,,In House,19/09/2026 11:11,23-Sep-2026,24-Sep-2026,Booking.com,5454561229,Payment,Card/VCC via the System,Mastercard,5433,0,Guest Paid Online,eviivo suite,23-Sep-26 09:17:41.661,23-Sep-26 09:17:39.063,23-Sep-26 09:17:41.123,pi_3UIlN1R78xpaffA0223JdIlh,,,£ 100.00,,,£ 100.00,,,,£ 100.00,Total Paid,,"£ 3,165.10",£ 15.00,£ 229.54,"£ 3,409.64","£ 127,447.80","£ 29,248.56",-£ 260.00,"£ 159,846.00"
Payments,Balance Transfers - to be paid by:,Payment Date,Payment ID,Guest Name,Group,Company,Property,Room,Order Ref.,Booking Ref,Booked On,Check-In,Check-Out,Channel,OTA Reference,Type,Payment Method,Card Type,Last 4 Digits,Virtual Card,Description,User,Updated,Sent to gateway,Confirmed by gateway,Gateway Reference,Settled Amount,Settled Date,Card,Cash / Bank,Vouchers,Total Paid,OTA,eviivo,Total,23/09/2026 10:50,51387602,Krzysztof Molski,,,Hotel Orlando by PLI,Room 8 1st Floor,QXU-341-174,980-603-611,,Pre-arrival,23/09/2026 10:50,26-Dec-2027,03-Jan-2028,Booking.com,5930158377,Payment,Pre-Paid via OTA,,,,Prepaid via Booking.com,system@eviivo.com,23-Sep-26 10:50:18.589,,23-Sep-26 10:50:17.920,,,,,,,£ 0.00,£ 380.00,,,£ 380.00,Total Paid,,"£ 3,165.10",£ 15.00,£ 229.54,"£ 3,409.64","£ 127,447.80","£ 29,248.56",-£ 260.00,"£ 159,846.00"
Payments,Balance Transfers - to be paid by:,Payment Date,Payment ID,Guest Name,Group,Company,Property,Room,Order Ref.,Booking Ref,Booked On,Check-In,Check-Out,Channel,OTA Reference,Type,Payment Method,Card Type,Last 4 Digits,Virtual Card,Description,User,Updated,Sent to gateway,Confirmed by gateway,Gateway Reference,Settled Amount,Settled Date,Card,Cash / Bank,Vouchers,Total Paid,OTA,eviivo,Total,23/09/2026 11:00,51387739,Hansa Perera,,,Hotel Orlando by PLI,Room 8 1st Floor,OCR-921-250,313-159-314,,Post Checkout,22/09/2026 09:38,22-Sep-2026,23-Sep-2026,Booking.com,6338410755,Refund,Card/VCC via the System,Mastercard,4280,0,,shams.ihab@crownbs.com,23-Sep-26 11:00:19.154,23-Sep-26 11:00:17.720,23-Sep-26 11:00:18.760,re_3UIUvMR78xpaffA00G0BnHHO,,,-£ 100.00,,,-£ 100.00,,,,- £ 100.00,Total Paid,,"£ 3,165.10",£ 15.00,£ 229.54,"£ 3,409.64","£ 127,447.80","£ 29,248.56",-£ 260.00,"£ 159,846.00"
Payments,Balance Transfers - to be paid by:,Payment Date,Payment ID,Guest Name,Group,Company,Property,Room,Order Ref.,Booking Ref,Booked On,Check-In,Check-Out,Channel,OTA Reference,Type,Payment Method,Card Type,Last 4 Digits,Virtual Card,Description,User,Updated,Sent to gateway,Confirmed by gateway,Gateway Reference,Settled Amount,Settled Date,Card,Cash / Bank,Vouchers,Total Paid,OTA,eviivo,Total,23/09/2026 11:08,51387872,Alex Dasse,,,Hotel Orlando by PLI,S Room 30 2nd F - W/Fridge,AAJ-344-747,533-524-802,,Post Checkout,22/09/2026 14:21,22-Sep-2026,23-Sep-2026,Booking.com,5297954607,Refund,Card/VCC via the System,Visa,8022,0,,shams.ihab@crownbs.com,23-Sep-26 11:08:38.294,23-Sep-26 11:08:36.973,23-Sep-26 11:08:38.077,re_3UIW7bR78xpaffA01FDogS33,,,-£ 100.00,,,-£ 100.00,,,,- £ 100.00,Total Paid,,"£ 3,165.10",£ 15.00,£ 229.54,"£ 3,409.64","£ 127,447.80","£ 29,248.56",-£ 260.00,"£ 159,846.00"
Payments,Balance Transfers - to be paid by:,Payment Date,Payment ID,Guest Name,Group,Company,Property,Room,Order Ref.,Booking Ref,Booked On,Check-In,Check-Out,Channel,OTA Reference,Type,Payment Method,Card Type,Last 4 Digits,Virtual Card,Description,User,Updated,Sent to gateway,Confirmed by gateway,Gateway Reference,Settled Amount,Settled Date,Card,Cash / Bank,Vouchers,Total Paid,OTA,eviivo,Total,23/09/2026 11:31,51388243,Margarita Hens adame,,,Hotel Orlando by PLI,S Room 22 GF -2Ds W/Microwave &Fridge,MIO-155-676,895-352-492,,On Account,23/09/2026 11:31,05-Nov-2026,08-Nov-2026,Expedia & Affiliate Network,2565538665,Payment,Pre-Paid via OTA,,,,Extras prepaid via Expedia Affiliate Network,system@eviivo.com,23-Sep-26 11:31:13.394,,23-Sep-26 11:31:12.633,,,,,,,£ 0.00,,£ 296.30,,£ 296.30,Total Paid,,"£ 3,165.10",£ 15.00,£ 229.54,"£ 3,409.64","£ 127,447.80","£ 29,248.56",-£ 260.00,"£ 159,846.00"
Payments,Balance Transfers - to be paid by:,Payment Date,Payment ID,Guest Name,Group,Company,Property,Room,Order Ref.,Booking Ref,Booked On,Check-In,Check-Out,Channel,OTA Reference,Type,Payment Method,Card Type,Last 4 Digits,Virtual Card,Description,User,Updated,Sent to gateway,Confirmed by gateway,Gateway Reference,Settled Amount,Settled Date,Card,Cash / Bank,Vouchers,Total Paid,OTA,eviivo,Total,23/09/2026 11:31,51388245,Margarita Hens adame,,,Hotel Orlando by PLI,S Room 26 1st F - W/Fridge,FQO-046-463,299-136-292,,On Account,23/09/2026 11:31,05-Nov-2026,08-Nov-2026,Expedia & Affiliate Network,2565538663,Payment,Pre-Paid via OTA,,,,Extras prepaid via Expedia Affiliate Network,system@eviivo.com,23-Sep-26 11:31:14.257,,23-Sep-26 11:31:13.510,,,,,,,£ 0.00,,£ 296.30,,£ 296.30,Total Paid,,"£ 3,165.10",£ 15.00,£ 229.54,"£ 3,409.64","£ 127,447.80","£ 29,248.56",-£ 260.00,"£ 159,846.00"
Payments,Balance Transfers - to be paid by:,Payment Date,Payment ID,Guest Name,Group,Company,Property,Room,Order Ref.,Booking Ref,Booked On,Check-In,Check-Out,Channel,OTA Reference,Type,Payment Method,Card Type,Last 4 Digits,Virtual Card,Description,User,Updated,Sent to gateway,Confirmed by gateway,Gateway Reference,Settled Amount,Settled Date,Card,Cash / Bank,Vouchers,Total Paid,OTA,eviivo,Total,23/09/2026 11:31,51388249,Margarita Hens adame,,,Hotel Orlando by PLI,S Room 31 2nd FF,VKD-847-873,598-943-121,,On Account,23/09/2026 11:31,05-Nov-2026,08-Nov-2026,Expedia & Affiliate Network,2565538666,Payment,Pre-Paid via OTA,,,,Extras prepaid via Expedia Affiliate Network,system@eviivo.com,23-Sep-26 11:31:18.560,,23-Sep-26 11:31:17.740,,,,,,,£ 0.00,,£ 296.30,,£ 296.30,Total Paid,,"£ 3,165.10",£ 15.00,£ 229.54,"£ 3,409.64","£ 127,447.80","£ 29,248.56",-£ 260.00,"£ 159,846.00"
Payments,Balance Transfers - to be paid by:,Payment Date,Payment ID,Guest Name,Group,Company,Property,Room,Order Ref.,Booking Ref,Booked On,Check-In,Check-Out,Channel,OTA Reference,Type,Payment Method,Card Type,Last 4 Digits,Virtual Card,Description,User,Updated,Sent to gateway,Confirmed by gateway,Gateway Reference,Settled Amount,Settled Date,Card,Cash / Bank,Vouchers,Total Paid,OTA,eviivo,Total,23/09/2026 11:53,51388594,Kamlesh Ramchurn,,,Hotel Orlando by PLI,S Room 34 3rd F,XBY-543-959,464-882-011,,Pre-arrival,23/09/2026 11:53,05-Jun-2027,25-Jun-2027,Booking.com,5670259511,Payment,Pre-Paid via OTA,,,,Prepaid via Booking.com,system@eviivo.com,23-Sep-26 11:53:12.306,,23-Sep-26 11:53:12.100,,,,,,,£ 0.00,"£ 1,551.80",,,"£ 1,551.80",Total Paid,,"£ 3,165.10",£ 15.00,£ 229.54,"£ 3,409.64","£ 127,447.80","£ 29,248.56",-£ 260.00,"£ 159,846.00"
Payments,Balance Transfers - to be paid by:,Payment Date,Payment ID,Guest Name,Group,Company,Property,Room,Order Ref.,Booking Ref,Booked On,Check-In,Check-Out,Channel,OTA Reference,Type,Payment Method,Card Type,Last 4 Digits,Virtual Card,Description,User,Updated,Sent to gateway,Confirmed by gateway,Gateway Reference,Settled Amount,Settled Date,Card,Cash / Bank,Vouchers,Total Paid,OTA,eviivo,Total,23/09/2026 13:32,51390191,Gareth Mills,,,Hotel Orlando by PLI,Flat 2 ( Basement Orlando ),EJF-448-623,306-449-242,,Post Checkout,22/09/2026 15:30,22-Sep-2026,23-Sep-2026,Booking.com,6412310830,Refund,Card/VCC via the System,Visa,6027,0,,sara.allam@crownbs.com,23-Sep-26 13:32:07.269,23-Sep-26 13:32:05.647,23-Sep-26 13:32:06.973,re_1UIpLGR78xpaffA0slYBtbMn,,,-£ 100.00,,,-£ 100.00,,,,- £ 100.00,Total Paid,,"£ 3,165.10",£ 15.00,£ 229.54,"£ 3,409.64","£ 127,447.80","£ 29,248.56",-£ 260.00,"£ 159,846.00"
Payments,Balance Transfers - to be paid by:,Payment Date,Payment ID,Guest Name,Group,Company,Property,Room,Order Ref.,Booking Ref,Booked On,Check-In,Check-Out,Channel,OTA Reference,Type,Payment Method,Card Type,Last 4 Digits,Virtual Card,Description,User,Updated,Sent to gateway,Confirmed by gateway,Gateway Reference,Settled Amount,Settled Date,Card,Cash / Bank,Vouchers,Total Paid,OTA,eviivo,Total,23/09/2026 13:32,51390201,James Bertrand,,,Hotel Orlando by PLI,Room 16 3rd Floor,QAC-981-946,161-943-512,,Post Checkout,08/09/2026 16:11,21-Sep-2026,22-Sep-2026,Booking.com,5917284801,Refund,Card/VCC via the System,Mastercard,8991,0,,shams.ihab@crownbs.com,23-Sep-26 13:32:44.251,23-Sep-26 13:32:42.947,23-Sep-26 13:32:43.917,re_3UI3x7R78xpaffA00uZr9N7m,,,-£ 100.00,,,-£ 100.00,,,,- £ 100.00,Total Paid,,"£ 3,165.10",£ 15.00,£ 229.54,"£ 3,409.64","£ 127,447.80","£ 29,248.56",-£ 260.00,"£ 159,846.00"
Payments,Balance Transfers - to be paid by:,Payment Date,Payment ID,Guest Name,Group,Company,Property,Room,Order Ref.,Booking Ref,Booked On,Check-In,Check-Out,Channel,OTA Reference,Type,Payment Method,Card Type,Last 4 Digits,Virtual Card,Description,User,Updated,Sent to gateway,Confirmed by gateway,Gateway Reference,Settled Amount,Settled Date,Card,Cash / Bank,Vouchers,Total Paid,OTA,eviivo,Total,23/09/2026 13:34,51390227,Atif Hamid,,,Hotel Orlando by PLI,S Room 25 Mid 1st F,BEA-921-393,682-611-951,,Post Checkout,16/09/2026 08:03,21-Sep-2026,22-Sep-2026,Expedia & Affiliate Network,2560051726,Refund,Card/VCC via the System,Mastercard,0395,0,,shams.ihab@crownbs.com,23-Sep-26 13:34:58.250,23-Sep-26 13:34:56.873,23-Sep-26 13:34:58.000,re_3UI9j7R78xpaffA02E1Kjhtb,,,-£ 100.00,,,-£ 100.00,,,,- £ 100.00,Total Paid,,"£ 3,165.10",£ 15.00,£ 229.54,"£ 3,409.64","£ 127,447.80","£ 29,248.56",-£ 260.00,"£ 159,846.00"
Payments,Balance Transfers - to be paid by:,Payment Date,Payment ID,Guest Name,Group,Company,Property,Room,Order Ref.,Booking Ref,Booked On,Check-In,Check-Out,Channel,OTA Reference,Type,Payment Method,Card Type,Last 4 Digits,Virtual Card,Description,User,Updated,Sent to gateway,Confirmed by gateway,Gateway Reference,Settled Amount,Settled Date,Card,Cash / Bank,Vouchers,Total Paid,OTA,eviivo,Total,23/09/2026 13:44,51390391,Warren Bickley,,,Hotel Orlando by PLI,Room 4 GF,LMY-071-944,192-551-984,,In House,18/09/2026 10:02,23-Sep-2026,24-Sep-2026,Booking.com,5656034122,Payment,Pre-Paid via OTA,,,,Prepaid via OTA,system@eviivo.com,23-Sep-26 13:44:55.291,,23-Sep-26 13:44:55.116,,,,,,,£ 0.00,£ 160.20,,,£ 160.20,Total Paid,,"£ 3,165.10",£ 15.00,£ 229.54,"£ 3,409.64","£ 127,447.80","£ 29,248.56",-£ 260.00,"£ 159,846.00"
Payments,Balance Transfers - to be paid by:,Payment Date,Payment ID,Guest Name,Group,Company,Property,Room,Order Ref.,Booking Ref,Booked On,Check-In,Check-Out,Channel,OTA Reference,Type,Payment Method,Card Type,Last 4 Digits,Virtual Card,Description,User,Updated,Sent to gateway,Confirmed by gateway,Gateway Reference,Settled Amount,Settled Date,Card,Cash / Bank,Vouchers,Total Paid,OTA,eviivo,Total,,51390391,Max Lloyd,,,Hotel Orlando by PLI,Flat 2 ( Basement Orlando ),LMY-071-944,590-895-384,,On Account,18/09/2026 10:02,23-Sep-2026,24-Sep-2026,Booking.com,5656034122,(see above/below),(see above/below),,,,,system@eviivo.com,,,,,,,,,,£ 0.00,,,,,Total Paid,,"£ 3,165.10",£ 15.00,£ 229.54,"£ 3,409.64","£ 127,447.80","£ 29,248.56",-£ 260.00,"£ 159,846.00"
Payments,Balance Transfers - to be paid by:,Payment Date,Payment ID,Guest Name,Group,Company,Property,Room,Order Ref.,Booking Ref,Booked On,Check-In,Check-Out,Channel,OTA Reference,Type,Payment Method,Card Type,Last 4 Digits,Virtual Card,Description,User,Updated,Sent to gateway,Confirmed by gateway,Gateway Reference,Settled Amount,Settled Date,Card,Cash / Bank,Vouchers,Total Paid,OTA,eviivo,Total,23/09/2026 13:47,51390442,Cicha Olga,,,Hotel Orlando by PLI,S Room 19 BF - W/Sofa bed ,RCW-759-819,195-199-092,,Post Checkout,12/03/2026 19:47,19-Sep-2026,20-Sep-2026,Booking.com,6513238857,Refund,Card/VCC via the System,Visa,1102,0,,shams.ihab@crownbs.com,23-Sep-26 13:47:42.606,23-Sep-26 13:47:41.273,23-Sep-26 13:47:42.383,re_3UHNQpR78xpaffA00niNW8Ja,,,-£ 100.00,,,-£ 100.00,,,,- £ 100.00,Total Paid,,"£ 3,165.10",£ 15.00,£ 229.54,"£ 3,409.64","£ 127,447.80","£ 29,248.56",-£ 260.00,"£ 159,846.00"
Payments,Balance Transfers - to be paid by:,Payment Date,Payment ID,Guest Name,Group,Company,Property,Room,Order Ref.,Booking Ref,Booked On,Check-In,Check-Out,Channel,OTA Reference,Type,Payment Method,Card Type,Last 4 Digits,Virtual Card,Description,User,Updated,Sent to gateway,Confirmed by gateway,Gateway Reference,Settled Amount,Settled Date,Card,Cash / Bank,Vouchers,Total Paid,OTA,eviivo,Total,23/09/2026 14:02,51390689,Melanie Etti,,,Hotel Orlando by PLI,Flat 2 ( Basement Orlando ),SCD-330-951,364-234-151,,In House,23/09/2026 14:02,23-Sep-2026,24-Sep-2026,Booking.com,6025818234,Payment,Pre-Paid via OTA,,,,Prepaid via Booking.com,system@eviivo.com,23-Sep-26 14:02:31.925,,23-Sep-26 14:02:31.400,,,,,,,£ 0.00,£ 128.90,,,£ 128.90,Total Paid,,"£ 3,165.10",£ 15.00,£ 229.54,"£ 3,409.64","£ 127,447.80","£ 29,248.56",-£ 260.00,"£ 159,846.00"
Payments,Balance Transfers - to be paid by:,Payment Date,Payment ID,Guest Name,Group,Company,Property,Room,Order Ref.,Booking Ref,Booked On,Check-In,Check-Out,Channel,OTA Reference,Type,Payment Method,Card Type,Last 4 Digits,Virtual Card,Description,User,Updated,Sent to gateway,Confirmed by gateway,Gateway Reference,Settled Amount,Settled Date,Card,Cash / Bank,Vouchers,Total Paid,OTA,eviivo,Total,23/09/2026 15:32,51392349,Ben Day,,,Hotel Orlando by PLI,Flat 20 ( Basement sino ),FCZ-770-456,632-311-961,,In House,19/09/2026 12:29,23-Sep-2026,24-Sep-2026,Expedia & Affiliate Network,2562587527,Payment,Card/VCC via the System,Mastercard,5331,0,Guest Paid Online,eviivo suite,23-Sep-26 15:32:58.300,23-Sep-26 15:32:55.927,23-Sep-26 15:32:58.017,pi_3UIrECR78xpaffA02XtbUct6,,,£ 100.00,,,£ 100.00,,,,£ 100.00,Total Paid,,"£ 3,165.10",£ 15.00,£ 229.54,"£ 3,409.64","£ 127,447.80","£ 29,248.56",-£ 260.00,"£ 159,846.00"
Payments,Balance Transfers - to be paid by:,Payment Date,Payment ID,Guest Name,Group,Company,Property,Room,Order Ref.,Booking Ref,Booked On,Check-In,Check-Out,Channel,OTA Reference,Type,Payment Method,Card Type,Last 4 Digits,Virtual Card,Description,User,Updated,Sent to gateway,Confirmed by gateway,Gateway Reference,Settled Amount,Settled Date,Card,Cash / Bank,Vouchers,Total Paid,OTA,eviivo,Total,23/09/2026 15:45,51392720,Najmi Mehran,,,Hotel Orlando by PLI,Flat 20 ( Basement sino ),EEA-221-173,192-509-862,,Pre-arrival,23/09/2026 15:45,27-Sep-2026,28-Sep-2026,Booking.com,5015477423,Payment,Pre-Paid via OTA,,,,Prepaid via Booking.com,system@eviivo.com,23-Sep-26 15:45:32.796,,23-Sep-26 15:45:32.593,,,,,,,£ 0.00,£ 74.90,,,£ 74.90,Total Paid,,"£ 3,165.10",£ 15.00,£ 229.54,"£ 3,409.64","£ 127,447.80","£ 29,248.56",-£ 260.00,"£ 159,846.00"
Payments,Balance Transfers - to be paid by:,Payment Date,Payment ID,Guest Name,Group,Company,Property,Room,Order Ref.,Booking Ref,Booked On,Check-In,Check-Out,Channel,OTA Reference,Type,Payment Method,Card Type,Last 4 Digits,Virtual Card,Description,User,Updated,Sent to gateway,Confirmed by gateway,Gateway Reference,Settled Amount,Settled Date,Card,Cash / Bank,Vouchers,Total Paid,OTA,eviivo,Total,23/09/2026 16:06,51393066,Adeleke Pitan,,,Hotel Orlando by PLI,S Room 30 2nd F - W/Fridge,KXM-644-333,085-116-012,,Pre-arrival,23/09/2026 16:06,27-Sep-2026,04-Oct-2026,Booking.com,5449319971,Payment,Pre-Paid via OTA,,,,Prepaid via Booking.com,system@eviivo.com,23-Sep-26 16:06:13.088,,23-Sep-26 16:06:12.796,,,,,,,£ 0.00,£ 536.00,,,£ 536.00,Total Paid,,"£ 3,165.10",£ 15.00,£ 229.54,"£ 3,409.64","£ 127,447.80","£ 29,248.56",-£ 260.00,"£ 159,846.00"
Payments,Balance Transfers - to be paid by:,Payment Date,Payment ID,Guest Name,Group,Company,Property,Room,Order Ref.,Booking Ref,Booked On,Check-In,Check-Out,Channel,OTA Reference,Type,Payment Method,Card Type,Last 4 Digits,Virtual Card,Description,User,Updated,Sent to gateway,Confirmed by gateway,Gateway Reference,Settled Amount,Settled Date,Card,Cash / Bank,Vouchers,Total Paid,OTA,eviivo,Total,23/09/2026 16:15,51393258,Graham Myers,,,Hotel Orlando by PLI,S Room 23 GF,MWE-482-917,253-163-001,,In House,17/09/2026 16:33,23-Sep-2026,24-Sep-2026,Booking.com,6612300151,Payment,Card/VCC via the System,Mastercard,3407,0,Guest Paid Online,eviivo suite,23-Sep-26 16:15:26.081,23-Sep-26 16:15:23.417,23-Sep-26 16:15:25.467,pi_3UIrtHR78xpaffA02rXy0kbU,,,£ 100.00,,,£ 100.00,,,,£ 100.00,Total Paid,,"£ 3,165.10",£ 15.00,£ 229.54,"£ 3,409.64","£ 127,447.80","£ 29,248.56",-£ 260.00,"£ 159,846.00"
Payments,Balance Transfers - to be paid by:,Payment Date,Payment ID,Guest Name,Group,Company,Property,Room,Order Ref.,Booking Ref,Booked On,Check-In,Check-Out,Channel,OTA Reference,Type,Payment Method,Card Type,Last 4 Digits,Virtual Card,Description,User,Updated,Sent to gateway,Confirmed by gateway,Gateway Reference,Settled Amount,Settled Date,Card,Cash / Bank,Vouchers,Total Paid,OTA,eviivo,Total,23/09/2026 16:32,51393624,Christian Chimezie,,,Hotel Orlando by PLI,Room 11 2nd Floor,ZET-160-666,656-096-614,,In House,22/09/2026 11:39,23-Sep-2026,24-Sep-2026,Expedia & Affiliate Network,2564725697,Payment,Card/VCC via the System,Mastercard,0926,0,Guest Paid Online,eviivo suite,23-Sep-26 16:32:08.304,23-Sep-26 16:32:05.637,23-Sep-26 16:32:07.917,pi_3UIs9RR78xpaffA00fXAqbOV,,,£ 100.00,,,£ 100.00,,,,£ 100.00,Total Paid,,"£ 3,165.10",£ 15.00,£ 229.54,"£ 3,409.64","£ 127,447.80","£ 29,248.56",-£ 260.00,"£ 159,846.00"
Payments,Balance Transfers - to be paid by:,Payment Date,Payment ID,Guest Name,Group,Company,Property,Room,Order Ref.,Booking Ref,Booked On,Check-In,Check-Out,Channel,OTA Reference,Type,Payment Method,Card Type,Last 4 Digits,Virtual Card,Description,User,Updated,Sent to gateway,Confirmed by gateway,Gateway Reference,Settled Amount,Settled Date,Card,Cash / Bank,Vouchers,Total Paid,OTA,eviivo,Total,23/09/2026 16:38,51393741,Katherine Ferris,,,Hotel Orlando by PLI,Room 10 1st Floor,UGA-134-900,203-953-654,,In House,10/09/2026 13:35,23-Sep-2026,24-Sep-2026,Expedia & Affiliate Network,2555556403,Payment,Card/VCC via the System,Visa,5662,0,Guest Paid Online,eviivo suite,23-Sep-26 16:38:20.270,23-Sep-26 16:38:18.107,23-Sep-26 16:38:19.887,pi_3UIsFSR78xpaffA01ucjiNFf,,,£ 100.00,,,£ 100.00,,,,£ 100.00,Total Paid,,"£ 3,165.10",£ 15.00,£ 229.54,"£ 3,409.64","£ 127,447.80","£ 29,248.56",-£ 260.00,"£ 159,846.00"
Payments,Balance Transfers - to be paid by:,Payment Date,Payment ID,Guest Name,Group,Company,Property,Room,Order Ref.,Booking Ref,Booked On,Check-In,Check-Out,Channel,OTA Reference,Type,Payment Method,Card Type,Last 4 Digits,Virtual Card,Description,User,Updated,Sent to gateway,Confirmed by gateway,Gateway Reference,Settled Amount,Settled Date,Card,Cash / Bank,Vouchers,Total Paid,OTA,eviivo,Total,23/09/2026 17:17,51394454,naidine palmer,,,Hotel Orlando by PLI,Room 4 GF,SGF-926-411,591-515-134,,In House,23/09/2026 17:17,23-Sep-2026,24-Sep-2026,Booking.com,5520442370,Payment,Pre-Paid via OTA,,,,Prepaid via Booking.com,system@eviivo.com,23-Sep-26 17:17:09.412,,23-Sep-26 17:17:09.220,,,,,,,£ 0.00,£ 119.00,,,£ 119.00,Total Paid,,"£ 3,165.10",£ 15.00,£ 229.54,"£ 3,409.64","£ 127,447.80","£ 29,248.56",-£ 260.00,"£ 159,846.00"
Payments,Balance Transfers - to be paid by:,Payment Date,Payment ID,Guest Name,Group,Company,Property,Room,Order Ref.,Booking Ref,Booked On,Check-In,Check-Out,Channel,OTA Reference,Type,Payment Method,Card Type,Last 4 Digits,Virtual Card,Description,User,Updated,Sent to gateway,Confirmed by gateway,Gateway Reference,Settled Amount,Settled Date,Card,Cash / Bank,Vouchers,Total Paid,OTA,eviivo,Total,23/09/2026 18:04,51395322,Gareth Lennox,,,Hotel Orlando by PLI,Flat 24  ( GF Sino ) - Studio,AJR-122-942,145-135-331,,Pre-arrival,23/09/2026 18:04,11-Jan-2027,13-Jan-2027,Airbnb,HMTTJ3ZRY2,Payment,Pre-Paid via OTA,,,,Extras prepaid via Airbnb,system@eviivo.com,23-Sep-26 18:04:59.802,,23-Sep-26 18:04:58.953,,,,,,,£ 0.00,£ 125.00,,,£ 125.00,Total Paid,,"£ 3,165.10",£ 15.00,£ 229.54,"£ 3,409.64","£ 127,447.80","£ 29,248.56",-£ 260.00,"£ 159,846.00"
Payments,Balance Transfers - to be paid by:,Payment Date,Payment ID,Guest Name,Group,Company,Property,Room,Order Ref.,Booking Ref,Booked On,Check-In,Check-Out,Channel,OTA Reference,Type,Payment Method,Card Type,Last 4 Digits,Virtual Card,Description,User,Updated,Sent to gateway,Confirmed by gateway,Gateway Reference,Settled Amount,Settled Date,Card,Cash / Bank,Vouchers,Total Paid,OTA,eviivo,Total,23/09/2026 18:13,51395463,Naomi Ennis,,,Hotel Orlando by PLI,S Room 17 BF,MUE-819-453,302-300-682,,In House,22/09/2026 13:45,23-Sep-2026,24-Sep-2026,Booking.com,5050289077,Payment,Card/VCC via the System,Visa,4375,0,Guest Paid Online,eviivo suite,23-Sep-26 18:13:58.486,23-Sep-26 18:13:55.810,23-Sep-26 18:13:57.993,pi_3UItk0R78xpaffA02KowVnh4,,,£ 100.00,,,£ 100.00,,,,£ 100.00,Total Paid,,"£ 3,165.10",£ 15.00,£ 229.54,"£ 3,409.64","£ 127,447.80","£ 29,248.56",-£ 260.00,"£ 159,846.00"
Payments,Balance Transfers - to be paid by:,Payment Date,Payment ID,Guest Name,Group,Company,Property,Room,Order Ref.,Booking Ref,Booked On,Check-In,Check-Out,Channel,OTA Reference,Type,Payment Method,Card Type,Last 4 Digits,Virtual Card,Description,User,Updated,Sent to gateway,Confirmed by gateway,Gateway Reference,Settled Amount,Settled Date,Card,Cash / Bank,Vouchers,Total Paid,OTA,eviivo,Total,23/09/2026 18:41,51395976,Tejaswi Bommireddy,,,Hotel Orlando by PLI,S Room 29 Mid 2nd F,CRM-816-554,052-444-622,,In House,21/09/2026 12:32,22-Sep-2026,25-Sep-2026,Booking.com,6657739094,Payment,Pre-Paid via OTA,,,,Prepaid via OTA,system@eviivo.com,23-Sep-26 18:41:52.423,,23-Sep-26 18:41:52.250,,,,,,,£ 0.00,£ 211.50,,,£ 211.50,Total Paid,,"£ 3,165.10",£ 15.00,£ 229.54,"£ 3,409.64","£ 127,447.80","£ 29,248.56",-£ 260.00,"£ 159,846.00"
Payments,Balance Transfers - to be paid by:,Payment Date,Payment ID,Guest Name,Group,Company,Property,Room,Order Ref.,Booking Ref,Booked On,Check-In,Check-Out,Channel,OTA Reference,Type,Payment Method,Card Type,Last 4 Digits,Virtual Card,Description,User,Updated,Sent to gateway,Confirmed by gateway,Gateway Reference,Settled Amount,Settled Date,Card,Cash / Bank,Vouchers,Total Paid,OTA,eviivo,Total,23/09/2026 18:52,51396138,GERTO ABRAM,,,Hotel Orlando by PLI,S Room 29 Mid 2nd F,BHV-240-635,553-128-224,,On Account,23/09/2026 18:52,23-Sep-2026,24-Sep-2026,Expedia & Affiliate Network,2565813458,Payment,Pre-Paid via OTA,,,,Extras prepaid via Expedia Affiliate Network,system@eviivo.com,23-Sep-26 18:52:07.937,,23-Sep-26 18:52:07.333,,,,,,,£ 0.00,,£ 102.80,,£ 102.80,Total Paid,,"£ 3,165.10",£ 15.00,£ 229.54,"£ 3,409.64","£ 127,447.80","£ 29,248.56",-£ 260.00,"£ 159,846.00"
Payments,Balance Transfers - to be paid by:,Payment Date,Payment ID,Guest Name,Group,Company,Property,Room,Order Ref.,Booking Ref,Booked On,Check-In,Check-Out,Channel,OTA Reference,Type,Payment Method,Card Type,Last 4 Digits,Virtual Card,Description,User,Updated,Sent to gateway,Confirmed by gateway,Gateway Reference,Settled Amount,Settled Date,Card,Cash / Bank,Vouchers,Total Paid,OTA,eviivo,Total,23/09/2026 18:57,51396216,Melanie Etti,,,Hotel Orlando by PLI,Flat 2 ( Basement Orlando ),SCD-330-951,364-234-151,,In House,23/09/2026 14:02,23-Sep-2026,24-Sep-2026,Booking.com,6025818234,Payment,Card/VCC via the System,Mastercard,8692,0,Guest Paid Online,eviivo suite,23-Sep-26 18:57:12.047,23-Sep-26 18:57:08.907,23-Sep-26 18:57:11.687,pi_3UIuPpR78xpaffA00Ln8uia9,,,£ 100.00,,,£ 100.00,,,,£ 100.00,Total Paid,,"£ 3,165.10",£ 15.00,£ 229.54,"£ 3,409.64","£ 127,447.80","£ 29,248.56",-£ 260.00,"£ 159,846.00"
Payments,Balance Transfers - to be paid by:,Payment Date,Payment ID,Guest Name,Group,Company,Property,Room,Order Ref.,Booking Ref,Booked On,Check-In,Check-Out,Channel,OTA Reference,Type,Payment Method,Card Type,Last 4 Digits,Virtual Card,Description,User,Updated,Sent to gateway,Confirmed by gateway,Gateway Reference,Settled Amount,Settled Date,Card,Cash / Bank,Vouchers,Total Paid,OTA,eviivo,Total,23/09/2026 19:20,51396616,Imran Khan,,,Hotel Orlando by PLI,S Room 33 3rd F - W/Microwave &Fridge,MBR-079-882,262-381-824,,In House,18/09/2026 00:29,23-Sep-2026,24-Sep-2026,Expedia & Affiliate Network,2561501618,Payment,Card/VCC via the System,Visa,9015,0,Guest Paid Online,eviivo suite,23-Sep-26 19:20:42.836,23-Sep-26 19:20:40.113,23-Sep-26 19:20:42.473,pi_3UIumaR78xpaffA00Obcnoa9,,,£ 100.00,,,£ 100.00,,,,£ 100.00,Total Paid,,"£ 3,165.10",£ 15.00,£ 229.54,"£ 3,409.64","£ 127,447.80","£ 29,248.56",-£ 260.00,"£ 159,846.00"
Payments,Balance Transfers - to be paid by:,Payment Date,Payment ID,Guest Name,Group,Company,Property,Room,Order Ref.,Booking Ref,Booked On,Check-In,Check-Out,Channel,OTA Reference,Type,Payment Method,Card Type,Last 4 Digits,Virtual Card,Description,User,Updated,Sent to gateway,Confirmed by gateway,Gateway Reference,Settled Amount,Settled Date,Card,Cash / Bank,Vouchers,Total Paid,OTA,eviivo,Total,23/09/2026 19:32,51396774,Maren Elis Putnik,,,Hotel Orlando by PLI,Room 13 2nd Floor,HCJ-475-179,023-335-262,,Pre-arrival,23/09/2026 19:32,23-Aug-2027,27-Aug-2027,Booking.com,6989760401,Payment,Pre-Paid via OTA,,,,Prepaid via Booking.com,system@eviivo.com,23-Sep-26 19:32:08.621,,23-Sep-26 19:32:08.460,,,,,,,£ 0.00,£ 325.10,,,£ 325.10,Total Paid,,"£ 3,165.10",£ 15.00,£ 229.54,"£ 3,409.64","£ 127,447.80","£ 29,248.56",-£ 260.00,"£ 159,846.00"
Payments,Balance Transfers - to be paid by:,Payment Date,Payment ID,Guest Name,Group,Company,Property,Room,Order Ref.,Booking Ref,Booked On,Check-In,Check-Out,Channel,OTA Reference,Type,Payment Method,Card Type,Last 4 Digits,Virtual Card,Description,User,Updated,Sent to gateway,Confirmed by gateway,Gateway Reference,Settled Amount,Settled Date,Card,Cash / Bank,Vouchers,Total Paid,OTA,eviivo,Total,23/09/2026 19:52,51397085,GERTO ABRAM,,,Hotel Orlando by PLI,S Room 29 Mid 2nd F,BHV-240-635,553-128-224,,In House,23/09/2026 18:52,23-Sep-2026,24-Sep-2026,Expedia & Affiliate Network,2565813458,Payment,Card/VCC via the System,Visa,1180,0,Guest Paid Online,eviivo suite,23-Sep-26 19:52:56.445,23-Sep-26 19:52:53.763,23-Sep-26 19:52:56.213,pi_3UIvHlR78xpaffA01hmuFUTx,,,£ 100.00,,,£ 100.00,,,,£ 100.00,Total Paid,,"£ 3,165.10",£ 15.00,£ 229.54,"£ 3,409.64","£ 127,447.80","£ 29,248.56",-£ 260.00,"£ 159,846.00"
Payments,Balance Transfers - to be paid by:,Payment Date,Payment ID,Guest Name,Group,Company,Property,Room,Order Ref.,Booking Ref,Booked On,Check-In,Check-Out,Channel,OTA Reference,Type,Payment Method,Card Type,Last 4 Digits,Virtual Card,Description,User,Updated,Sent to gateway,Confirmed by gateway,Gateway Reference,Settled Amount,Settled Date,Card,Cash / Bank,Vouchers,Total Paid,OTA,eviivo,Total,23/09/2026 20:19,51397473,Rodrigues Susan,,,Hotel Orlando by PLI,Room 13 2nd Floor,AQL-773-236,068-119-984,,Pre-arrival,23/09/2026 20:19,24-Oct-2026,28-Oct-2026,Booking.com,5015451292,Payment,Pre-Paid via OTA,,,,Prepaid via Booking.com,system@eviivo.com,23-Sep-26 20:19:17.555,,23-Sep-26 20:19:17.283,,,,,,,£ 0.00,£ 378.20,,,£ 378.20,Total Paid,,"£ 3,165.10",£ 15.00,£ 229.54,"£ 3,409.64","£ 127,447.80","£ 29,248.56",-£ 260.00,"£ 159,846.00"
Payments,Balance Transfers - to be paid by:,Payment Date,Payment ID,Guest Name,Group,Company,Property,Room,Order Ref.,Booking Ref,Booked On,Check-In,Check-Out,Channel,OTA Reference,Type,Payment Method,Card Type,Last 4 Digits,Virtual Card,Description,User,Updated,Sent to gateway,Confirmed by gateway,Gateway Reference,Settled Amount,Settled Date,Card,Cash / Bank,Vouchers,Total Paid,OTA,eviivo,Total,23/09/2026 20:22,51397527,López Moreno Juan Carlos,,,Hotel Orlando by PLI,Flat 20 ( Basement sino ),XFC-857-665,504-920-292,,Pre-arrival,23/09/2026 20:22,23-Nov-2026,25-Nov-2026,Booking.com,5029633852,Payment,Pre-Paid via OTA,,,,Prepaid via Booking.com,system@eviivo.com,23-Sep-26 20:22:17.301,,23-Sep-26 20:22:17.033,,,,,,,£ 0.00,£ 221.00,,,£ 221.00,Total Paid,,"£ 3,165.10",£ 15.00,£ 229.54,"£ 3,409.64","£ 127,447.80","£ 29,248.56",-£ 260.00,"£ 159,846.00"
Payments,Balance Transfers - to be paid by:,Payment Date,Payment ID,Guest Name,Group,Company,Property,Room,Order Ref.,Booking Ref,Booked On,Check-In,Check-Out,Channel,OTA Reference,Type,Payment Method,Card Type,Last 4 Digits,Virtual Card,Description,User,Updated,Sent to gateway,Confirmed by gateway,Gateway Reference,Settled Amount,Settled Date,Card,Cash / Bank,Vouchers,Total Paid,OTA,eviivo,Total,23/09/2026 20:49,51397936,Maya Hassan,,,Hotel Orlando by PLI,Room 16 3rd Floor,RNL-071-377,328-810-392,,Pre-arrival,23/09/2026 20:49,31-Oct-2026,03-Nov-2026,Booking.com,6629284152,Payment,Pre-Paid via OTA,,,,Prepaid via Booking.com,system@eviivo.com,23-Sep-26 20:49:58.995,,23-Sep-26 20:49:58.736,,,,,,,£ 0.00,£ 238.70,,,£ 238.70,Total Paid,,"£ 3,165.10",£ 15.00,£ 229.54,"£ 3,409.64","£ 127,447.80","£ 29,248.56",-£ 260.00,"£ 159,846.00"
Payments,Balance Transfers - to be paid by:,Payment Date,Payment ID,Guest Name,Group,Company,Property,Room,Order Ref.,Booking Ref,Booked On,Check-In,Check-Out,Channel,OTA Reference,Type,Payment Method,Card Type,Last 4 Digits,Virtual Card,Description,User,Updated,Sent to gateway,Confirmed by gateway,Gateway Reference,Settled Amount,Settled Date,Card,Cash / Bank,Vouchers,Total Paid,OTA,eviivo,Total,23/09/2026 21:24,51398459,James Keeley,,,Hotel Orlando by PLI,Room 14 2nd Floor,PRY-670-253,353-699-302,,Pre-arrival,23/09/2026 21:24,10-Oct-2026,11-Oct-2026,Booking.com,6202968454,Payment,Pre-Paid via OTA,,,,Prepaid via Booking.com,system@eviivo.com,23-Sep-26 21:24:16.833,,23-Sep-26 21:24:16.573,,,,,,,£ 0.00,£ 126.20,,,£ 126.20,Total Paid,,"£ 3,165.10",£ 15.00,£ 229.54,"£ 3,409.64","£ 127,447.80","£ 29,248.56",-£ 260.00,"£ 159,846.00"
Payments,Balance Transfers - to be paid by:,Payment Date,Payment ID,Guest Name,Group,Company,Property,Room,Order Ref.,Booking Ref,Booked On,Check-In,Check-Out,Channel,OTA Reference,Type,Payment Method,Card Type,Last 4 Digits,Virtual Card,Description,User,Updated,Sent to gateway,Confirmed by gateway,Gateway Reference,Settled Amount,Settled Date,Card,Cash / Bank,Vouchers,Total Paid,OTA,eviivo,Total,23/09/2026 21:33,51398579,GERTO ABRAM,,,Hotel Orlando by PLI,S Room 29 Mid 2nd F,BHV-240-635,553-128-224,,In House,23/09/2026 18:52,23-Sep-2026,24-Sep-2026,Expedia & Affiliate Network,2565813458,Refund,Card/VCC via the System,Visa,1180,0,,mohammed.samy@crownbs.com,23-Sep-26 21:33:15.489,23-Sep-26 21:33:14.100,23-Sep-26 21:33:15.280,re_3UIvHlR78xpaffA01rFn0QfT,,,-£ 100.00,,,-£ 100.00,,,,- £ 100.00,Total Paid,,"£ 3,165.10",£ 15.00,£ 229.54,"£ 3,409.64","£ 127,447.80","£ 29,248.56",-£ 260.00,"£ 159,846.00"
Payments,Balance Transfers - to be paid by:,Payment Date,Payment ID,Guest Name,Group,Company,Property,Room,Order Ref.,Booking Ref,Booked On,Check-In,Check-Out,Channel,OTA Reference,Type,Payment Method,Card Type,Last 4 Digits,Virtual Card,Description,User,Updated,Sent to gateway,Confirmed by gateway,Gateway Reference,Settled Amount,Settled Date,Card,Cash / Bank,Vouchers,Total Paid,OTA,eviivo,Total,23/09/2026 21:41,51398674,Filippo Pullara,,,Hotel Orlando by PLI,Room 7 Mid-First Floor,BNT-800-123,638-524-201,,In House,14/07/2026 20:27,23-Sep-2026,24-Sep-2026,Expedia & Affiliate Network,2509546981,Payment,Card/VCC via the System,Mastercard,3042,0,Guest Paid Online,eviivo suite,23-Sep-26 21:41:34.856,23-Sep-26 21:41:33.367,23-Sep-26 21:41:34.553,pi_3UIwyvR78xpaffA02MaJkbnY,,,£ 100.00,,,£ 100.00,,,,£ 100.00,Total Paid,,"£ 3,165.10",£ 15.00,£ 229.54,"£ 3,409.64","£ 127,447.80","£ 29,248.56",-£ 260.00,"£ 159,846.00"
Payments,Balance Transfers - to be paid by:,Payment Date,Payment ID,Guest Name,Group,Company,Property,Room,Order Ref.,Booking Ref,Booked On,Check-In,Check-Out,Channel,OTA Reference,Type,Payment Method,Card Type,Last 4 Digits,Virtual Card,Description,User,Updated,Sent to gateway,Confirmed by gateway,Gateway Reference,Settled Amount,Settled Date,Card,Cash / Bank,Vouchers,Total Paid,OTA,eviivo,Total,23/09/2026 22:13,51399047,Lidia Molina Tornero,,,Hotel Orlando by PLI,Room 14 2nd Floor,HVD-276-701,198-309-081,,On Account,23/09/2026 22:13,04-Nov-2026,08-Nov-2026,Expedia & Affiliate Network,2565944918,Payment,Pre-Paid via OTA,,,,Extras prepaid via Expedia Affiliate Network,system@eviivo.com,23-Sep-26 22:13:24.364,,23-Sep-26 22:13:23.776,,,,,,,£ 0.00,,£ 342.19,,£ 342.19,Total Paid,,"£ 3,165.10",£ 15.00,£ 229.54,"£ 3,409.64","£ 127,447.80","£ 29,248.56",-£ 260.00,"£ 159,846.00"
Payments,Balance Transfers - to be paid by:,Payment Date,Payment ID,Guest Name,Group,Company,Property,Room,Order Ref.,Booking Ref,Booked On,Check-In,Check-Out,Channel,OTA Reference,Type,Payment Method,Card Type,Last 4 Digits,Virtual Card,Description,User,Updated,Sent to gateway,Confirmed by gateway,Gateway Reference,Settled Amount,Settled Date,Card,Cash / Bank,Vouchers,Total Paid,OTA,eviivo,Total,23/09/2026 22:28,51399201,naidine palmer,,,Hotel Orlando by PLI,Room 4 GF,SGF-926-411,591-515-134,,In House,23/09/2026 17:17,23-Sep-2026,24-Sep-2026,Booking.com,5520442370,Payment,Card/VCC via the System,Mastercard,6883,0,Guest Paid Online,eviivo suite,23-Sep-26 22:28:35.490,23-Sep-26 22:28:32.873,23-Sep-26 22:28:35.013,pi_3UIxiPR78xpaffA02cGOTjs8,,,£ 100.00,,,£ 100.00,,,,£ 100.00,Total Paid,,"£ 3,165.10",£ 15.00,£ 229.54,"£ 3,409.64","£ 127,447.80","£ 29,248.56",-£ 260.00,"£ 159,846.00"
Payments,Balance Transfers - to be paid by:,Payment Date,Payment ID,Guest Name,Group,Company,Property,Room,Order Ref.,Booking Ref,Booked On,Check-In,Check-Out,Channel,OTA Reference,Type,Payment Method,Card Type,Last 4 Digits,Virtual Card,Description,User,Updated,Sent to gateway,Confirmed by gateway,Gateway Reference,Settled Amount,Settled Date,Card,Cash / Bank,Vouchers,Total Paid,OTA,eviivo,Total,24/09/2026 04:23,51400861,KAMONLAK AUNKAMON,,,Hotel Orlando by PLI,S Room 25 Mid 1st F,QYG-143-460,311-448-531,,Pre-arrival,24/09/2026 04:23,28-Dec-2026,01-Jan-2027,Booking.com,5476781302,Payment,Pre-Paid via OTA,,,,Prepaid via Booking.com,system@eviivo.com,24-Sep-26 04:23:26.589,,24-Sep-26 04:23:26.313,,,,,,,£ 0.00,£ 455.00,,,£ 455.00,Total Paid,,"£ 3,165.10",£ 15.00,£ 229.54,"£ 3,409.64","£ 127,447.80","£ 29,248.56",-£ 260.00,"£ 159,846.00"
Payments,Balance Transfers - to be paid by:,Payment Date,Payment ID,Guest Name,Group,Company,Property,Room,Order Ref.,Booking Ref,Booked On,Check-In,Check-Out,Channel,OTA Reference,Type,Payment Method,Card Type,Last 4 Digits,Virtual Card,Description,User,Updated,Sent to gateway,Confirmed by gateway,Gateway Reference,Settled Amount,Settled Date,Card,Cash / Bank,Vouchers,Total Paid,OTA,eviivo,Total,24/09/2026 06:25,51401247,Helena Trautmann,,,Hotel Orlando by PLI,S Room 19 BF - W/Sofa bed ,WAG-248-400,062-055-634,,Pre-arrival,24/09/2026 06:25,26-Oct-2026,29-Oct-2026,Booking.com,6202949629,Payment,Pre-Paid via OTA,,,,Prepaid via Booking.com,system@eviivo.com,24-Sep-26 06:25:44.926,,24-Sep-26 06:25:44.663,,,,,,,£ 0.00,£ 299.90,,,£ 299.90,Total Paid,,"£ 3,165.10",£ 15.00,£ 229.54,"£ 3,409.64","£ 127,447.80","£ 29,248.56",-£ 260.00,"£ 159,846.00"
Payments,Balance Transfers - to be paid by:,Payment Date,Payment ID,Guest Name,Group,Company,Property,Room,Order Ref.,Booking Ref,Booked On,Check-In,Check-Out,Channel,OTA Reference,Type,Payment Method,Card Type,Last 4 Digits,Virtual Card,Description,User,Updated,Sent to gateway,Confirmed by gateway,Gateway Reference,Settled Amount,Settled Date,Card,Cash / Bank,Vouchers,Total Paid,OTA,eviivo,Total,24/09/2026 07:03,51401573,Ashidqi Dzaky,,,Hotel Orlando by PLI,Room 4 GF,NUR-683-860,550-205-504,,Pre-arrival,24/09/2026 07:03,27-Sep-2026,01-Oct-2026,Booking.com,6209879515,Payment,Pre-Paid via OTA,,,,Prepaid via Booking.com,system@eviivo.com,24-Sep-26 07:03:56.718,,24-Sep-26 07:03:56.516,,,,,,,£ 0.00,£ 229.70,,,£ 229.70,Total Paid,,"£ 3,165.10",£ 15.00,£ 229.54,"£ 3,409.64","£ 127,447.80","£ 29,248.56",-£ 260.00,"£ 159,846.00"
Payments,Balance Transfers - to be paid by:,Payment Date,Payment ID,Guest Name,Group,Company,Property,Room,Order Ref.,Booking Ref,Booked On,Check-In,Check-Out,Channel,OTA Reference,Type,Payment Method,Card Type,Last 4 Digits,Virtual Card,Description,User,Updated,Sent to gateway,Confirmed by gateway,Gateway Reference,Settled Amount,Settled Date,Card,Cash / Bank,Vouchers,Total Paid,OTA,eviivo,Total,24/09/2026 09:47,51404239,Stephanie Nathalia Angulo Obando,,,Hotel Orlando by PLI,S Room 30 2nd F - W/Fridge,FHH-563-520,080-026-814,,Pre-arrival,24/09/2026 09:47,26-Nov-2026,29-Nov-2026,Booking.com,5860051058,Payment,Pre-Paid via OTA,,,,Prepaid via Booking.com,system@eviivo.com,24-Sep-26 09:47:47.679,,24-Sep-26 09:47:47.496,,,,,,,£ 0.00,£ 329.60,,,£ 329.60,Total Paid,,"£ 3,165.10",£ 15.00,£ 229.54,"£ 3,409.64","£ 127,447.80","£ 29,248.56",-£ 260.00,"£ 159,846.00"
Payments,Balance Transfers - to be paid by:,Payment Date,Payment ID,Guest Name,Group,Company,Property,Room,Order Ref.,Booking Ref,Booked On,Check-In,Check-Out,Channel,OTA Reference,Type,Payment Method,Card Type,Last 4 Digits,Virtual Card,Description,User,Updated,Sent to gateway,Confirmed by gateway,Gateway Reference,Settled Amount,Settled Date,Card,Cash / Bank,Vouchers,Total Paid,OTA,eviivo,Total,24/09/2026 09:54,51404396,Mae Lord Jennyvie Villar,,,Hotel Orlando by PLI,Flat 20 ( Basement sino ),IPD-273-868,249-385-614,,In House,24/09/2026 09:54,24-Sep-2026,25-Sep-2026,Airbnb,HMMWQF2W2S,Payment,Pre-Paid via OTA,,,,Extras prepaid via Airbnb,system@eviivo.com,24-Sep-26 09:54:25.278,,24-Sep-26 09:54:24.486,,,,,,,£ 0.00,£ 106.00,,,£ 106.00,Total Paid,,"£ 3,165.10",£ 15.00,£ 229.54,"£ 3,409.64","£ 127,447.80","£ 29,248.56",-£ 260.00,"£ 159,846.00"
Payments,Balance Transfers - to be paid by:,Payment Date,Payment ID,Guest Name,Group,Company,Property,Room,Order Ref.,Booking Ref,Booked On,Check-In,Check-Out,Channel,OTA Reference,Type,Payment Method,Card Type,Last 4 Digits,Virtual Card,Description,User,Updated,Sent to gateway,Confirmed by gateway,Gateway Reference,Settled Amount,Settled Date,Card,Cash / Bank,Vouchers,Total Paid,OTA,eviivo,Total,24/09/2026 11:25,51405934,Darren Leiser,,,Hotel Orlando by PLI,Room 7 Mid-First Floor,YAA-282-027,408-140-451,,Pre-arrival,24/09/2026 11:25,11-Oct-2026,15-Oct-2026,Booking.com,5015424810,Payment,Pre-Paid via OTA,,,,Prepaid via Booking.com,system@eviivo.com,24-Sep-26 11:25:06.965,,24-Sep-26 11:25:06.720,,,,,,,£ 0.00,£ 297.20,,,£ 297.20,Total Paid,,"£ 3,165.10",£ 15.00,£ 229.54,"£ 3,409.64","£ 127,447.80","£ 29,248.56",-£ 260.00,"£ 159,846.00"
Payments,Balance Transfers - to be paid by:,Payment Date,Payment ID,Guest Name,Group,Company,Property,Room,Order Ref.,Booking Ref,Booked On,Check-In,Check-Out,Channel,OTA Reference,Type,Payment Method,Card Type,Last 4 Digits,Virtual Card,Description,User,Updated,Sent to gateway,Confirmed by gateway,Gateway Reference,Settled Amount,Settled Date,Card,Cash / Bank,Vouchers,Total Paid,OTA,eviivo,Total,24/09/2026 11:28,51405986,Marta Vicente,,,Hotel Orlando by PLI,S Room 33 3rd F - W/Microwave &Fridge,CRQ-973-418,252-239-122,,Pre-arrival,24/09/2026 11:28,28-Oct-2026,01-Nov-2026,Booking.com,5847573368,Payment,Pre-Paid via OTA,,,,Prepaid via Booking.com,system@eviivo.com,24-Sep-26 11:28:47.662,,24-Sep-26 11:28:47.433,,,,,,,£ 0.00,£ 368.30,,,£ 368.30,Total Paid,,"£ 3,165.10",£ 15.00,£ 229.54,"£ 3,409.64","£ 127,447.80","£ 29,248.56",-£ 260.00,"£ 159,846.00"
Payments,Balance Transfers - to be paid by:,Payment Date,Payment ID,Guest Name,Group,Company,Property,Room,Order Ref.,Booking Ref,Booked On,Check-In,Check-Out,Channel,OTA Reference,Type,Payment Method,Card Type,Last 4 Digits,Virtual Card,Description,User,Updated,Sent to gateway,Confirmed by gateway,Gateway Reference,Settled Amount,Settled Date,Card,Cash / Bank,Vouchers,Total Paid,OTA,eviivo,Total,24/09/2026 11:34,51406075,Stuart Lloyd,,,Hotel Orlando by PLI,Room 3 BF W/Microwave,NIM-832-036,081-424-932,,Post Checkout,22/09/2026 12:35,22-Sep-2026,23-Sep-2026,Booking.com,6901115506,Payment,Pre-Paid via OTA,,,,Prepaid via OTA,system@eviivo.com,24-Sep-26 11:34:28.425,,24-Sep-26 11:34:28.313,,,,,,,£ 0.00,£ 68.40,,,£ 68.40,Total Paid,,"£ 3,165.10",£ 15.00,£ 229.54,"£ 3,409.64","£ 127,447.80","£ 29,248.56",-£ 260.00,"£ 159,846.00"
Payments,Balance Transfers - to be paid by:,Payment Date,Payment ID,Guest Name,Group,Company,Property,Room,Order Ref.,Booking Ref,Booked On,Check-In,Check-Out,Channel,OTA Reference,Type,Payment Method,Card Type,Last 4 Digits,Virtual Card,Description,User,Updated,Sent to gateway,Confirmed by gateway,Gateway Reference,Settled Amount,Settled Date,Card,Cash / Bank,Vouchers,Total Paid,OTA,eviivo,Total,24/09/2026 11:36,51406121,Amanda Mann,,,Hotel Orlando by PLI,Room 4 GF,XAI-332-417,532-322-681,,Post Checkout,22/09/2026 12:46,22-Sep-2026,23-Sep-2026,Booking.com,6939210911,Payment,Pre-Paid via OTA,,,,Prepaid via OTA,system@eviivo.com,24-Sep-26 11:36:37.822,,24-Sep-26 11:36:37.620,,,,,,,£ 0.00,£ 76.00,,,£ 76.00,Total Paid,,"£ 3,165.10",£ 15.00,£ 229.54,"£ 3,409.64","£ 127,447.80","£ 29,248.56",-£ 260.00,"£ 159,846.00"
Payments,Balance Transfers - to be paid by:,Payment Date,Payment ID,Guest Name,Group,Company,Property,Room,Order Ref.,Booking Ref,Booked On,Check-In,Check-Out,Channel,OTA Reference,Type,Payment Method,Card Type,Last 4 Digits,Virtual Card,Description,User,Updated,Sent to gateway,Confirmed by gateway,Gateway Reference,Settled Amount,Settled Date,Card,Cash / Bank,Vouchers,Total Paid,OTA,eviivo,Total,24/09/2026 11:37,51406132,Melanie Vargas,,,Hotel Orlando by PLI,Room 11 2nd Floor,JDE-469-389,154-145-914,,Post Checkout,22/09/2026 12:23,22-Sep-2026,23-Sep-2026,Booking.com,6152701133,Payment,Pre-Paid via OTA,,,,Prepaid via OTA,system@eviivo.com,24-Sep-26 11:37:04.711,,24-Sep-26 11:37:04.563,,,,,,,£ 0.00,£ 57.60,,,£ 57.60,Total Paid,,"£ 3,165.10",£ 15.00,£ 229.54,"£ 3,409.64","£ 127,447.80","£ 29,248.56",-£ 260.00,"£ 159,846.00"
Payments,Balance Transfers - to be paid by:,Payment Date,Payment ID,Guest Name,Group,Company,Property,Room,Order Ref.,Booking Ref,Booked On,Check-In,Check-Out,Channel,OTA Reference,Type,Payment Method,Card Type,Last 4 Digits,Virtual Card,Description,User,Updated,Sent to gateway,Confirmed by gateway,Gateway Reference,Settled Amount,Settled Date,Card,Cash / Bank,Vouchers,Total Paid,OTA,eviivo,Total,24/09/2026 11:51,51406370,Aga Nasiadka,,,Hotel Orlando by PLI,S Room 25 Mid 1st F,KUO-703-617,346-488-542,,In House,10/07/2026 10:04,22-Sep-2026,30-Sep-2026,Booking.com,5803509314,Payment,Pre-Paid via OTA,,,,Prepaid via OTA,system@eviivo.com,24-Sep-26 11:51:51.603,,24-Sep-26 11:51:51.510,,,,,,,£ 0.00,£ 594.00,,,£ 594.00,Total Paid,,"£ 3,165.10",£ 15.00,£ 229.54,"£ 3,409.64","£ 127,447.80","£ 29,248.56",-£ 260.00,"£ 159,846.00"
Payments,Balance Transfers - to be paid by:,Payment Date,Payment ID,Guest Name,Group,Company,Property,Room,Order Ref.,Booking Ref,Booked On,Check-In,Check-Out,Channel,OTA Reference,Type,Payment Method,Card Type,Last 4 Digits,Virtual Card,Description,User,Updated,Sent to gateway,Confirmed by gateway,Gateway Reference,Settled Amount,Settled Date,Card,Cash / Bank,Vouchers,Total Paid,OTA,eviivo,Total,24/09/2026 11:53,51406403, Biniam Estifanos,,,Hotel Orlando by PLI,Flat 5 ( GF Orlando ) -  Studio,PAT-783-919,480-132-092,,Pre-arrival,24/09/2026 11:30,28-Sep-2026,05-Oct-2026,,,Payment,Card/VCC via the System,Visa,7810,0,Guest Paid Online,eviivo suite,24-Sep-26 11:53:10.815,24-Sep-26 11:53:08.440,24-Sep-26 11:53:10.520,pi_3UJAH2R78xpaffA02am0KKND,,,£ 460.00,,,£ 460.00,,,,£ 460.00,Total Paid,,"£ 3,165.10",£ 15.00,£ 229.54,"£ 3,409.64","£ 127,447.80","£ 29,248.56",-£ 260.00,"£ 159,846.00"
Payments,Balance Transfers - to be paid by:,Payment Date,Payment ID,Guest Name,Group,Company,Property,Room,Order Ref.,Booking Ref,Booked On,Check-In,Check-Out,Channel,OTA Reference,Type,Payment Method,Card Type,Last 4 Digits,Virtual Card,Description,User,Updated,Sent to gateway,Confirmed by gateway,Gateway Reference,Settled Amount,Settled Date,Card,Cash / Bank,Vouchers,Total Paid,OTA,eviivo,Total,24/09/2026 12:18,51406799,Terri Innes,,,Hotel Orlando by PLI,S Room 18 BF,HUL-903-895,634-225-121,,Post Checkout,28/09/2025 02:53,23-Sep-2026,24-Sep-2026,Booking.com,5836548072,Payment,Pre-Paid via OTA,,,,Prepaid via OTA,system@eviivo.com,24-Sep-26 12:18:44.509,,24-Sep-26 12:18:44.410,,,,,,,£ 0.00,£ 68.85,,,£ 68.85,Total Paid,,"£ 3,165.10",£ 15.00,£ 229.54,"£ 3,409.64","£ 127,447.80","£ 29,248.56",-£ 260.00,"£ 159,846.00"
Payments,Balance Transfers - to be paid by:,Payment Date,Payment ID,Guest Name,Group,Company,Property,Room,Order Ref.,Booking Ref,Booked On,Check-In,Check-Out,Channel,OTA Reference,Type,Payment Method,Card Type,Last 4 Digits,Virtual Card,Description,User,Updated,Sent to gateway,Confirmed by gateway,Gateway Reference,Settled Amount,Settled Date,Card,Cash / Bank,Vouchers,Total Paid,OTA,eviivo,Total,24/09/2026 12:22,51406839,Valeria Medina,,,Hotel Orlando by PLI,S Room 30 2nd F - W/Fridge,DXT-134-925,946-602-981,,On Account,17/07/2026 00:41,23-Sep-2026,25-Sep-2026,Expedia & Affiliate Network,2511463614,Payment,Pre-Paid via OTA,,,,Prepaid via OTA,mohammed.samy@crownbs.com,24-Sep-26 12:22:00.893,,24-Sep-26 12:22:00.693,,,,,,,£ 0.00,,£ 178.18,,£ 178.18,Total Paid,,"£ 3,165.10",£ 15.00,£ 229.54,"£ 3,409.64","£ 127,447.80","£ 29,248.56",-£ 260.00,"£ 159,846.00"
Payments,Balance Transfers - to be paid by:,Payment Date,Payment ID,Guest Name,Group,Company,Property,Room,Order Ref.,Booking Ref,Booked On,Check-In,Check-Out,Channel,OTA Reference,Type,Payment Method,Card Type,Last 4 Digits,Virtual Card,Description,User,Updated,Sent to gateway,Confirmed by gateway,Gateway Reference,Settled Amount,Settled Date,Card,Cash / Bank,Vouchers,Total Paid,OTA,eviivo,Total,24/09/2026 12:25,51406888,Danzey Kevin,,,Hotel Orlando by PLI,Room 8 1st Floor,JCL-468-563,602-325-884,,Pre-arrival,24/09/2026 12:25,10-Oct-2026,11-Oct-2026,Booking.com,6202942369,Payment,Pre-Paid via OTA,,,,Prepaid via Booking.com,system@eviivo.com,24-Sep-26 12:25:23.318,,24-Sep-26 12:25:23.000,,,,,,,£ 0.00,£ 131.60,,,£ 131.60,Total Paid,,"£ 3,165.10",£ 15.00,£ 229.54,"£ 3,409.64","£ 127,447.80","£ 29,248.56",-£ 260.00,"£ 159,846.00"
Payments,Balance Transfers - to be paid by:,Payment Date,Payment ID,Guest Name,Group,Company,Property,Room,Order Ref.,Booking Ref,Booked On,Check-In,Check-Out,Channel,OTA Reference,Type,Payment Method,Card Type,Last 4 Digits,Virtual Card,Description,User,Updated,Sent to gateway,Confirmed by gateway,Gateway Reference,Settled Amount,Settled Date,Card,Cash / Bank,Vouchers,Total Paid,OTA,eviivo,Total,24/09/2026 13:20,51407682,Leonardo Sansoni,,,Hotel Orlando by PLI,S Room 30 2nd F - W/Fridge,DUZ-656-263,495-296-522,,On Account,24/09/2026 13:19,17-Oct-2026,20-Oct-2026,Expedia & Affiliate Network,2566390809,Payment,Pre-Paid via OTA,,,,Extras prepaid via Expedia Affiliate Network,system@eviivo.com,24-Sep-26 13:20:01.089,,24-Sep-26 13:20:00.376,,,,,,,£ 0.00,,£ 294.49,,£ 294.49,Total Paid,,"£ 3,165.10",£ 15.00,£ 229.54,"£ 3,409.64","£ 127,447.80","£ 29,248.56",-£ 260.00,"£ 159,846.00"
Payments,Balance Transfers - to be paid by:,Payment Date,Payment ID,Guest Name,Group,Company,Property,Room,Order Ref.,Booking Ref,Booked On,Check-In,Check-Out,Channel,OTA Reference,Type,Payment Method,Card Type,Last 4 Digits,Virtual Card,Description,User,Updated,Sent to gateway,Confirmed by gateway,Gateway Reference,Settled Amount,Settled Date,Card,Cash / Bank,Vouchers,Total Paid,OTA,eviivo,Total,24/09/2026 13:49,51408169,Teresa Gutierrez Sanchez,,,Hotel Orlando by PLI,S Room 23 GF,CFH-867-605,650-642-111,,Pre-arrival,24/09/2026 13:49,04-Dec-2026,08-Dec-2026,Booking.com,6403295547,Payment,Pre-Paid via OTA,,,,Prepaid via Booking.com,system@eviivo.com,24-Sep-26 13:49:36.475,,24-Sep-26 13:49:36.176,,,,,,,£ 0.00,£ 383.60,,,£ 383.60,Total Paid,,"£ 3,165.10",£ 15.00,£ 229.54,"£ 3,409.64","£ 127,447.80","£ 29,248.56",-£ 260.00,"£ 159,846.00"
Payments,Balance Transfers - to be paid by:,Payment Date,Payment ID,Guest Name,Group,Company,Property,Room,Order Ref.,Booking Ref,Booked On,Check-In,Check-Out,Channel,OTA Reference,Type,Payment Method,Card Type,Last 4 Digits,Virtual Card,Description,User,Updated,Sent to gateway,Confirmed by gateway,Gateway Reference,Settled Amount,Settled Date,Card,Cash / Bank,Vouchers,Total Paid,OTA,eviivo,Total,24/09/2026 14:12,51408604,Bigué THIONE,,,Hotel Orlando by PLI,Room 13 2nd Floor,PBR-202-257,592-135-491,,Pre-arrival,24/09/2026 14:12,24-Jul-2027,27-Jul-2027,Booking.com,5029651764,Payment,Pre-Paid via OTA,,,,Prepaid via Booking.com,system@eviivo.com,24-Sep-26 14:12:40.507,,24-Sep-26 14:12:40.270,,,,,,,£ 0.00,£ 269.30,,,£ 269.30,Total Paid,,"£ 3,165.10",£ 15.00,£ 229.54,"£ 3,409.64","£ 127,447.80","£ 29,248.56",-£ 260.00,"£ 159,846.00"
Payments,Balance Transfers - to be paid by:,Payment Date,Payment ID,Guest Name,Group,Company,Property,Room,Order Ref.,Booking Ref,Booked On,Check-In,Check-Out,Channel,OTA Reference,Type,Payment Method,Card Type,Last 4 Digits,Virtual Card,Description,User,Updated,Sent to gateway,Confirmed by gateway,Gateway Reference,Settled Amount,Settled Date,Card,Cash / Bank,Vouchers,Total Paid,OTA,eviivo,Total,24/09/2026 14:31,51408902,Jeanette Meyer,,,Hotel Orlando by PLI,Room 1 BF,VNL-522-207,889-532-562,,On Account,24/09/2026 14:31,06-Nov-2026,09-Nov-2026,Expedia & Affiliate Network,2566433353,Payment,Pre-Paid via OTA,,,,Extras prepaid via Expedia,system@eviivo.com,24-Sep-26 14:31:03.437,,24-Sep-26 14:31:02.643,,,,,,,£ 0.00,,£ 264.78,,£ 264.78,Total Paid,,"£ 3,165.10",£ 15.00,£ 229.54,"£ 3,409.64","£ 127,447.80","£ 29,248.56",-£ 260.00,"£ 159,846.00"
Payments,Balance Transfers - to be paid by:,Payment Date,Payment ID,Guest Name,Group,Company,Property,Room,Order Ref.,Booking Ref,Booked On,Check-In,Check-Out,Channel,OTA Reference,Type,Payment Method,Card Type,Last 4 Digits,Virtual Card,Description,User,Updated,Sent to gateway,Confirmed by gateway,Gateway Reference,Settled Amount,Settled Date,Card,Cash / Bank,Vouchers,Total Paid,OTA,eviivo,Total,24/09/2026 14:34,51408973, Biniam Estifanos,,,Hotel Orlando by PLI,S Room 25 Mid 1st F,ZGC-077-383,009-003-652,,Pre-arrival,24/09/2026 13:31,25-Sep-2026,28-Sep-2026,,,Payment,Card/VCC via the System,Visa,7810,0,Guest Paid Online,eviivo suite,24-Sep-26 14:34:58.614,24-Sep-26 14:34:55.513,24-Sep-26 14:34:58.260,pi_3UJCnbR78xpaffA012m62zQn,,,£ 228.00,,,£ 228.00,,,,£ 228.00,Total Paid,,"£ 3,165.10",£ 15.00,£ 229.54,"£ 3,409.64","£ 127,447.80","£ 29,248.56",-£ 260.00,"£ 159,846.00"
Payments,Balance Transfers - to be paid by:,Payment Date,Payment ID,Guest Name,Group,Company,Property,Room,Order Ref.,Booking Ref,Booked On,Check-In,Check-Out,Channel,OTA Reference,Type,Payment Method,Card Type,Last 4 Digits,Virtual Card,Description,User,Updated,Sent to gateway,Confirmed by gateway,Gateway Reference,Settled Amount,Settled Date,Card,Cash / Bank,Vouchers,Total Paid,OTA,eviivo,Total,24/09/2026 14:58,51409360,ELVIRA RAFIKOVA,,,Hotel Orlando by PLI,Room 16 3rd Floor,MXZ-965-643,098-430-042,,On Account,24/09/2026 14:58,24-Sep-2026,25-Sep-2026,Expedia & Affiliate Network,2566440874,Payment,Pre-Paid via OTA,,,,Extras prepaid via Expedia Affiliate Network,system@eviivo.com,24-Sep-26 14:58:45.146,,24-Sep-26 14:58:44.423,,,,,,,£ 0.00,,£ 74.91,,£ 74.91,Total Paid,,"£ 3,165.10",£ 15.00,£ 229.54,"£ 3,409.64","£ 127,447.80","£ 29,248.56",-£ 260.00,"£ 159,846.00"
Payments,Balance Transfers - to be paid by:,Payment Date,Payment ID,Guest Name,Group,Company,Property,Room,Order Ref.,Booking Ref,Booked On,Check-In,Check-Out,Channel,OTA Reference,Type,Payment Method,Card Type,Last 4 Digits,Virtual Card,Description,User,Updated,Sent to gateway,Confirmed by gateway,Gateway Reference,Settled Amount,Settled Date,Card,Cash / Bank,Vouchers,Total Paid,OTA,eviivo,Total,24/09/2026 16:20,51410903,Aurélia Kopou,,,Hotel Orlando by PLI,Flat 20 ( Basement sino ),OWA-011-111,125-329-122,,On Account,24/09/2026 16:20,04-Oct-2026,05-Oct-2026,Expedia & Affiliate Network,2566509797,Payment,Pre-Paid via OTA,,,,Extras prepaid via Expedia Affiliate Network,system@eviivo.com,24-Sep-26 16:20:22.030,,24-Sep-26 16:20:20.606,,,,,,,£ 0.00,,£ 97.39,,£ 97.39,Total Paid,,"£ 3,165.10",£ 15.00,£ 229.54,"£ 3,409.64","£ 127,447.80","£ 29,248.56",-£ 260.00,"£ 159,846.00"
Payments,Balance Transfers - to be paid by:,Payment Date,Payment ID,Guest Name,Group,Company,Property,Room,Order Ref.,Booking Ref,Booked On,Check-In,Check-Out,Channel,OTA Reference,Type,Payment Method,Card Type,Last 4 Digits,Virtual Card,Description,User,Updated,Sent to gateway,Confirmed by gateway,Gateway Reference,Settled Amount,Settled Date,Card,Cash / Bank,Vouchers,Total Paid,OTA,eviivo,Total,24/09/2026 16:31,51411066, TAMMY BRIGGS,,,Hotel Orlando by PLI,S Room 26 1st F - W/Fridge,MED-686-049,842-912-901,,Pre-arrival,24/09/2026 14:14,27-Sep-2026,01-Oct-2026,,,Payment,Card/VCC via the System,Visa,6213,0,Guest Paid Online,eviivo suite,24-Sep-26 16:31:28.293,24-Sep-26 16:31:25.917,24-Sep-26 16:31:27.767,pi_3UJEcMR78xpaffA02ACzz8WF,,,£ 218.00,,,£ 218.00,,,,£ 218.00,Total Paid,,"£ 3,165.10",£ 15.00,£ 229.54,"£ 3,409.64","£ 127,447.80","£ 29,248.56",-£ 260.00,"£ 159,846.00"
Payments,Balance Transfers - to be paid by:,Payment Date,Payment ID,Guest Name,Group,Company,Property,Room,Order Ref.,Booking Ref,Booked On,Check-In,Check-Out,Channel,OTA Reference,Type,Payment Method,Card Type,Last 4 Digits,Virtual Card,Description,User,Updated,Sent to gateway,Confirmed by gateway,Gateway Reference,Settled Amount,Settled Date,Card,Cash / Bank,Vouchers,Total Paid,OTA,eviivo,Total,24/09/2026 16:33,51411095, TAMMY BRIGGS,,,Hotel Orlando by PLI,S Room 26 1st F - W/Fridge,FAU-099-566,830-624-192,,Pre-arrival,24/09/2026 15:21,01-Oct-2026,07-Oct-2026,,,Payment,Card/VCC via the System,Visa,6213,0,Guest Paid Online,eviivo suite,24-Sep-26 16:33:50.573,24-Sep-26 16:33:49.820,24-Sep-26 16:33:50.073,pi_3UJEdjR78xpaffA00S0yD4lX,,,£ 480.00,,,£ 480.00,,,,£ 480.00,Total Paid,,"£ 3,165.10",£ 15.00,£ 229.54,"£ 3,409.64","£ 127,447.80","£ 29,248.56",-£ 260.00,"£ 159,846.00"
Payments,Balance Transfers - to be paid by:,Payment Date,Payment ID,Guest Name,Group,Company,Property,Room,Order Ref.,Booking Ref,Booked On,Check-In,Check-Out,Channel,OTA Reference,Type,Payment Method,Card Type,Last 4 Digits,Virtual Card,Description,User,Updated,Sent to gateway,Confirmed by gateway,Gateway Reference,Settled Amount,Settled Date,Card,Cash / Bank,Vouchers,Total Paid,OTA,eviivo,Total,24/09/2026 17:04,51411687,Oruma Ibrahim musa,,,Hotel Orlando by PLI,S Room 25 Mid 1st F,RXC-918-993,558-219-922,,Pre-arrival,24/09/2026 17:04,28-Sep-2026,30-Sep-2026,Booking.com,5860085546,Payment,Pre-Paid via OTA,,,,Prepaid via Booking.com,system@eviivo.com,24-Sep-26 17:04:39.135,,24-Sep-26 17:04:38.743,,,,,,,£ 0.00,£ 105.50,,,£ 105.50,Total Paid,,"£ 3,165.10",£ 15.00,£ 229.54,"£ 3,409.64","£ 127,447.80","£ 29,248.56",-£ 260.00,"£ 159,846.00"
Payments,Balance Transfers - to be paid by:,Payment Date,Payment ID,Guest Name,Group,Company,Property,Room,Order Ref.,Booking Ref,Booked On,Check-In,Check-Out,Channel,OTA Reference,Type,Payment Method,Card Type,Last 4 Digits,Virtual Card,Description,User,Updated,Sent to gateway,Confirmed by gateway,Gateway Reference,Settled Amount,Settled Date,Card,Cash / Bank,Vouchers,Total Paid,OTA,eviivo,Total,24/09/2026 19:33,51414072,Cait Clarke,,,Hotel Orlando by PLI,Room 6 GF,AXW-727-065,529-522-002,,Pre-arrival,24/09/2026 19:33,30-Sep-2026,01-Oct-2026,Booking.com,5199715835,Payment,Pre-Paid via OTA,,,,Prepaid via Booking.com,system@eviivo.com,24-Sep-26 19:33:33.621,,24-Sep-26 19:33:33.343,,,,,,,£ 0.00,£ 74.00,,,£ 74.00,Total Paid,,"£ 3,165.10",£ 15.00,£ 229.54,"£ 3,409.64","£ 127,447.80","£ 29,248.56",-£ 260.00,"£ 159,846.00"
Payments,Balance Transfers - to be paid by:,Payment Date,Payment ID,Guest Name,Group,Company,Property,Room,Order Ref.,Booking Ref,Booked On,Check-In,Check-Out,Channel,OTA Reference,Type,Payment Method,Card Type,Last 4 Digits,Virtual Card,Description,User,Updated,Sent to gateway,Confirmed by gateway,Gateway Reference,Settled Amount,Settled Date,Card,Cash / Bank,Vouchers,Total Paid,OTA,eviivo,Total,24/09/2026 19:42,51414226,Albani veronica Osuna ibarria,,,Hotel Orlando by PLI,S Room 18 BF,INR-013-613,555-202-324,,Pre-arrival,24/09/2026 19:42,28-Nov-2026,01-Dec-2026,Booking.com,5396139598,Payment,Pre-Paid via OTA,,,,Prepaid via Booking.com,system@eviivo.com,24-Sep-26 19:42:21.895,,24-Sep-26 19:42:21.296,,,,,,,£ 0.00,£ 250.40,,,£ 250.40,Total Paid,,"£ 3,165.10",£ 15.00,£ 229.54,"£ 3,409.64","£ 127,447.80","£ 29,248.56",-£ 260.00,"£ 159,846.00"
Payments,Balance Transfers - to be paid by:,Payment Date,Payment ID,Guest Name,Group,Company,Property,Room,Order Ref.,Booking Ref,Booked On,Check-In,Check-Out,Channel,OTA Reference,Type,Payment Method,Card Type,Last 4 Digits,Virtual Card,Description,User,Updated,Sent to gateway,Confirmed by gateway,Gateway Reference,Settled Amount,Settled Date,Card,Cash / Bank,Vouchers,Total Paid,OTA,eviivo,Total,24/09/2026 20:06,51414591,Mustafa Cengiz,,,Hotel Orlando by PLI,Room 11 2nd Floor,SEA-730-407,622-624-162,,In House,24/09/2026 20:06,24-Sep-2026,25-Sep-2026,Booking.com,5136459286,Payment,Pre-Paid via OTA,,,,Prepaid via Booking.com,system@eviivo.com,24-Sep-26 20:06:23.718,,24-Sep-26 20:06:23.366,,,,,,,£ 0.00,£ 74.90,,,£ 74.90,Total Paid,,"£ 3,165.10",£ 15.00,£ 229.54,"£ 3,409.64","£ 127,447.80","£ 29,248.56",-£ 260.00,"£ 159,846.00"
Payments,Balance Transfers - to be paid by:,Payment Date,Payment ID,Guest Name,Group,Company,Property,Room,Order Ref.,Booking Ref,Booked On,Check-In,Check-Out,Channel,OTA Reference,Type,Payment Method,Card Type,Last 4 Digits,Virtual Card,Description,User,Updated,Sent to gateway,Confirmed by gateway,Gateway Reference,Settled Amount,Settled Date,Card,Cash / Bank,Vouchers,Total Paid,OTA,eviivo,Total,24/09/2026 20:09,51414650,ELVIRA RAFIKOVA,,,Hotel Orlando by PLI,Room 16 3rd Floor,MXZ-965-643,098-430-042,,In House,24/09/2026 14:58,24-Sep-2026,25-Sep-2026,Expedia & Affiliate Network,2566440874,Payment,Card/VCC via the System,Visa,4058,0,Guest Paid Online,eviivo suite,24-Sep-26 20:10:01.499,24-Sep-26 20:09:58.790,24-Sep-26 20:10:01.020,pi_3UJI1qR78xpaffA009xLqfZt,,,£ 100.00,,,£ 100.00,,,,£ 100.00,Total Paid,,"£ 3,165.10",£ 15.00,£ 229.54,"£ 3,409.64","£ 127,447.80","£ 29,248.56",-£ 260.00,"£ 159,846.00"
Payments,Balance Transfers - to be paid by:,Payment Date,Payment ID,Guest Name,Group,Company,Property,Room,Order Ref.,Booking Ref,Booked On,Check-In,Check-Out,Channel,OTA Reference,Type,Payment Method,Card Type,Last 4 Digits,Virtual Card,Description,User,Updated,Sent to gateway,Confirmed by gateway,Gateway Reference,Settled Amount,Settled Date,Card,Cash / Bank,Vouchers,Total Paid,OTA,eviivo,Total,24/09/2026 21:38,51415884,Haoqian zhang,,,Hotel Orlando by PLI,S Room 34 3rd F,WXV-217-907,008-688-894,,Pre-arrival,24/09/2026 21:38,01-Oct-2026,03-Oct-2026,Booking.com,6228853556,Payment,Pre-Paid via OTA,,,,Prepaid via Booking.com,system@eviivo.com,24-Sep-26 21:38:26.583,,24-Sep-26 21:38:26.416,,,,,,,£ 0.00,£ 164.90,,,£ 164.90,Total Paid,,"£ 3,165.10",£ 15.00,£ 229.54,"£ 3,409.64","£ 127,447.80","£ 29,248.56",-£ 260.00,"£ 159,846.00"
Payments,Balance Transfers - to be paid by:,Payment Date,Payment ID,Guest Name,Group,Company,Property,Room,Order Ref.,Booking Ref,Booked On,Check-In,Check-Out,Channel,OTA Reference,Type,Payment Method,Card Type,Last 4 Digits,Virtual Card,Description,User,Updated,Sent to gateway,Confirmed by gateway,Gateway Reference,Settled Amount,Settled Date,Card,Cash / Bank,Vouchers,Total Paid,OTA,eviivo,Total,24/09/2026 21:44,51415963,Mustafa Cengiz,,,Hotel Orlando by PLI,Room 11 2nd Floor,SEA-730-407,622-624-162,,In House,24/09/2026 20:06,24-Sep-2026,25-Sep-2026,Booking.com,5136459286,Payment,Card/VCC via the System,Visa,8153,0,Guest Paid Online,eviivo suite,24-Sep-26 21:44:18.788,24-Sep-26 21:44:15.783,24-Sep-26 21:44:18.470,pi_3UJJV6R78xpaffA01rRGTHHK,,,£ 100.00,,,£ 100.00,,,,£ 100.00,Total Paid,,"£ 3,165.10",£ 15.00,£ 229.54,"£ 3,409.64","£ 127,447.80","£ 29,248.56",-£ 260.00,"£ 159,846.00"
Payments,Balance Transfers - to be paid by:,Payment Date,Payment ID,Guest Name,Group,Company,Property,Room,Order Ref.,Booking Ref,Booked On,Check-In,Check-Out,Channel,OTA Reference,Type,Payment Method,Card Type,Last 4 Digits,Virtual Card,Description,User,Updated,Sent to gateway,Confirmed by gateway,Gateway Reference,Settled Amount,Settled Date,Card,Cash / Bank,Vouchers,Total Paid,OTA,eviivo,Total,24/09/2026 22:05,51416209,Youness El Ouariachi,,,Hotel Orlando by PLI,S Room 34 3rd F,HXL-893-650,194-269-981,,Pre-arrival,24/09/2026 22:05,28-Sep-2026,01-Oct-2026,Booking.com,5642468704,Payment,Pre-Paid via OTA,,,,Prepaid via Booking.com,system@eviivo.com,24-Sep-26 22:05:46.185,,24-Sep-26 22:05:45.986,,,,,,,£ 0.00,£ 176.60,,,£ 176.60,Total Paid,,"£ 3,165.10",£ 15.00,£ 229.54,"£ 3,409.64","£ 127,447.80","£ 29,248.56",-£ 260.00,"£ 159,846.00"
Payments,Balance Transfers - to be paid by:,Payment Date,Payment ID,Guest Name,Group,Company,Property,Room,Order Ref.,Booking Ref,Booked On,Check-In,Check-Out,Channel,OTA Reference,Type,Payment Method,Card Type,Last 4 Digits,Virtual Card,Description,User,Updated,Sent to gateway,Confirmed by gateway,Gateway Reference,Settled Amount,Settled Date,Card,Cash / Bank,Vouchers,Total Paid,OTA,eviivo,Total,25/09/2026 03:55,51418105,Satoshi Yamato,,,Hotel Orlando by PLI,S Room 17 BF,VMY-478-273,202-165-412,,On Account,25/09/2026 03:55,25-Nov-2026,01-Dec-2026,Expedia & Affiliate Network,2566927241,Payment,Pre-Paid via OTA,,,,Extras prepaid via Expedia,system@eviivo.com,25-Sep-26 03:55:32.208,,25-Sep-26 03:55:31.650,,,,,,,£ 0.00,,£ 492.51,,£ 492.51,Total Paid,,"£ 3,165.10",£ 15.00,£ 229.54,"£ 3,409.64","£ 127,447.80","£ 29,248.56",-£ 260.00,"£ 159,846.00"
Payments,Balance Transfers - to be paid by:,Payment Date,Payment ID,Guest Name,Group,Company,Property,Room,Order Ref.,Booking Ref,Booked On,Check-In,Check-Out,Channel,OTA Reference,Type,Payment Method,Card Type,Last 4 Digits,Virtual Card,Description,User,Updated,Sent to gateway,Confirmed by gateway,Gateway Reference,Settled Amount,Settled Date,Card,Cash / Bank,Vouchers,Total Paid,OTA,eviivo,Total,25/09/2026 08:35,51420321,Landero Eugenio Isabel,,,Hotel Orlando by PLI,S Room 31 2nd FF,NIE-676-215,396-014-844,,Pre-arrival,25/09/2026 08:35,28-Nov-2026,01-Dec-2026,Booking.com,5797881165,Payment,Pre-Paid via OTA,,,,Prepaid via Booking.com,system@eviivo.com,25-Sep-26 08:35:16.150,,25-Sep-26 08:35:15.793,,,,,,,£ 0.00,£ 296.30,,,£ 296.30,Total Paid,,"£ 3,165.10",£ 15.00,£ 229.54,"£ 3,409.64","£ 127,447.80","£ 29,248.56",-£ 260.00,"£ 159,846.00"
Payments,Balance Transfers - to be paid by:,Payment Date,Payment ID,Guest Name,Group,Company,Property,Room,Order Ref.,Booking Ref,Booked On,Check-In,Check-Out,Channel,OTA Reference,Type,Payment Method,Card Type,Last 4 Digits,Virtual Card,Description,User,Updated,Sent to gateway,Confirmed by gateway,Gateway Reference,Settled Amount,Settled Date,Card,Cash / Bank,Vouchers,Total Paid,OTA,eviivo,Total,25/09/2026 08:44,51420474,Paula Godfrey,,,Hotel Orlando by PLI,Room 7 Mid-First Floor,PXX-486-579,941-492-561,,Pre-arrival,25/09/2026 08:44,02-Oct-2026,05-Oct-2026,Booking.com,5642456049,Payment,Pre-Paid via OTA,,,,Prepaid via Booking.com,system@eviivo.com,25-Sep-26 08:44:33.903,,25-Sep-26 08:44:33.700,,,,,,,£ 0.00,£ 251.30,,,£ 251.30,Total Paid,,"£ 3,165.10",£ 15.00,£ 229.54,"£ 3,409.64","£ 127,447.80","£ 29,248.56",-£ 260.00,"£ 159,846.00"
Payments,Balance Transfers - to be paid by:,Payment Date,Payment ID,Guest Name,Group,Company,Property,Room,Order Ref.,Booking Ref,Booked On,Check-In,Check-Out,Channel,OTA Reference,Type,Payment Method,Card Type,Last 4 Digits,Virtual Card,Description,User,Updated,Sent to gateway,Confirmed by gateway,Gateway Reference,Settled Amount,Settled Date,Card,Cash / Bank,Vouchers,Total Paid,OTA,eviivo,Total,25/09/2026 08:50,51420604,Liam-James Pugsley,,,Hotel Orlando by PLI,Room 14 2nd Floor,SDR-146-099,595-242-481,,Pre-arrival,25/09/2026 08:50,03-Oct-2026,05-Oct-2026,Booking.com,5396132959,Payment,Pre-Paid via OTA,,,,Prepaid via Booking.com,system@eviivo.com,25-Sep-26 08:50:12.085,,25-Sep-26 08:50:11.790,,,,,,,£ 0.00,£ 165.80,,,£ 165.80,Total Paid,,"£ 3,165.10",£ 15.00,£ 229.54,"£ 3,409.64","£ 127,447.80","£ 29,248.56",-£ 260.00,"£ 159,846.00"
Payments,Balance Transfers - to be paid by:,Payment Date,Payment ID,Guest Name,Group,Company,Property,Room,Order Ref.,Booking Ref,Booked On,Check-In,Check-Out,Channel,OTA Reference,Type,Payment Method,Card Type,Last 4 Digits,Virtual Card,Description,User,Updated,Sent to gateway,Confirmed by gateway,Gateway Reference,Settled Amount,Settled Date,Card,Cash / Bank,Vouchers,Total Paid,OTA,eviivo,Total,25/09/2026 09:10,51421018,Stefania Paghera,,,Hotel Orlando by PLI,Flat 24  ( GF Sino ) - Studio,RIG-309-114,120-358-824,,On Account,25/09/2026 09:10,20-Sep-2027,23-Sep-2027,Expedia & Affiliate Network,2567052523,Payment,Pre-Paid via OTA,,,,Extras prepaid via Expedia,system@eviivo.com,25-Sep-26 09:10:36.796,,25-Sep-26 09:10:36.033,,,,,,,£ 0.00,,£ 204.52,,£ 204.52,Total Paid,,"£ 3,165.10",£ 15.00,£ 229.54,"£ 3,409.64","£ 127,447.80","£ 29,248.56",-£ 260.00,"£ 159,846.00"
Payments,Balance Transfers - to be paid by:,Payment Date,Payment ID,Guest Name,Group,Company,Property,Room,Order Ref.,Booking Ref,Booked On,Check-In,Check-Out,Channel,OTA Reference,Type,Payment Method,Card Type,Last 4 Digits,Virtual Card,Description,User,Updated,Sent to gateway,Confirmed by gateway,Gateway Reference,Settled Amount,Settled Date,Card,Cash / Bank,Vouchers,Total Paid,OTA,eviivo,Total,25/09/2026 10:42,51422918,Stephen Dodd,,,Hotel Orlando by PLI,Room 9 1st Floor,HMR-183-886,998-393-944,,In House,17/09/2026 10:40,25-Sep-2026,28-Sep-2026,Booking.com,5976143733,Payment,Card/VCC via the System,Visa,2940,0,Guest Paid Online,eviivo suite,25-Sep-26 10:43:00.682,25-Sep-26 10:42:57.980,25-Sep-26 10:42:59.930,pi_3UJVegR78xpaffA02ORlg7Cp,,,£ 15.00,,,£ 15.00,,,,£ 15.00,Total Paid,,"£ 3,165.10",£ 15.00,£ 229.54,"£ 3,409.64","£ 127,447.80","£ 29,248.56",-£ 260.00,"£ 159,846.00"
Payments,Balance Transfers - to be paid by:,Payment Date,Payment ID,Guest Name,Group,Company,Property,Room,Order Ref.,Booking Ref,Booked On,Check-In,Check-Out,Channel,OTA Reference,Type,Payment Method,Card Type,Last 4 Digits,Virtual Card,Description,User,Updated,Sent to gateway,Confirmed by gateway,Gateway Reference,Settled Amount,Settled Date,Card,Cash / Bank,Vouchers,Total Paid,OTA,eviivo,Total,25/09/2026 11:30,51423770,Gaming Jamdog,,,Hotel Orlando by PLI,S Room 17 BF,NHO-644-714,121-389-361,,Pre-arrival,25/09/2026 11:30,25-Oct-2026,30-Oct-2026,Booking.com,5465009007,Payment,Pre-Paid via OTA,,,,Prepaid via Booking.com,system@eviivo.com,25-Sep-26 11:30:12.143,,25-Sep-26 11:30:11.783,,,,,,,£ 0.00,£ 392.60,,,£ 392.60,Total Paid,,"£ 3,165.10",£ 15.00,£ 229.54,"£ 3,409.64","£ 127,447.80","£ 29,248.56",-£ 260.00,"£ 159,846.00"
Payments,Balance Transfers - to be paid by:,Payment Date,Payment ID,Guest Name,Group,Company,Property,Room,Order Ref.,Booking Ref,Booked On,Check-In,Check-Out,Channel,OTA Reference,Type,Payment Method,Card Type,Last 4 Digits,Virtual Card,Description,User,Updated,Sent to gateway,Confirmed by gateway,Gateway Reference,Settled Amount,Settled Date,Card,Cash / Bank,Vouchers,Total Paid,OTA,eviivo,Total,25/09/2026 11:41,51423970,Filippo Pullara,,,Hotel Orlando by PLI,Room 7 Mid-First Floor,BNT-800-123,638-524-201,,Post Checkout,14/07/2026 20:27,23-Sep-2026,24-Sep-2026,Expedia & Affiliate Network,2509546981,Refund,Card/VCC via the System,Mastercard,3042,0,,mohammed.samy@crownbs.com,25-Sep-26 11:41:30.856,25-Sep-26 11:41:29.617,25-Sep-26 11:41:30.627,re_3UIwyvR78xpaffA02XMbWSMP,,,-£ 100.00,,,-£ 100.00,,,,- £ 100.00,Total Paid,,"£ 3,165.10",£ 15.00,£ 229.54,"£ 3,409.64","£ 127,447.80","£ 29,248.56",-£ 260.00,"£ 159,846.00"
Payments,Balance Transfers - to be paid by:,Payment Date,Payment ID,Guest Name,Group,Company,Property,Room,Order Ref.,Booking Ref,Booked On,Check-In,Check-Out,Channel,OTA Reference,Type,Payment Method,Card Type,Last 4 Digits,Virtual Card,Description,User,Updated,Sent to gateway,Confirmed by gateway,Gateway Reference,Settled Amount,Settled Date,Card,Cash / Bank,Vouchers,Total Paid,OTA,eviivo,Total,25/09/2026 11:41,51423972,Christian Chimezie,,,Hotel Orlando by PLI,Room 11 2nd Floor,ZET-160-666,656-096-614,,Post Checkout,22/09/2026 11:39,23-Sep-2026,24-Sep-2026,Expedia & Affiliate Network,2564725697,Refund,Card/VCC via the System,Mastercard,0926,0,,mohammed.samy@crownbs.com,25-Sep-26 11:41:43.859,25-Sep-26 11:41:42.443,25-Sep-26 11:41:43.637,re_3UIs9RR78xpaffA00Pt1k8wc,,,-£ 100.00,,,-£ 100.00,,,,- £ 100.00,Total Paid,,"£ 3,165.10",£ 15.00,£ 229.54,"£ 3,409.64","£ 127,447.80","£ 29,248.56",-£ 260.00,"£ 159,846.00"
Payments,Balance Transfers - to be paid by:,Payment Date,Payment ID,Guest Name,Group,Company,Property,Room,Order Ref.,Booking Ref,Booked On,Check-In,Check-Out,Channel,OTA Reference,Type,Payment Method,Card Type,Last 4 Digits,Virtual Card,Description,User,Updated,Sent to gateway,Confirmed by gateway,Gateway Reference,Settled Amount,Settled Date,Card,Cash / Bank,Vouchers,Total Paid,OTA,eviivo,Total,25/09/2026 11:41,51423977,Katherine Ferris,,,Hotel Orlando by PLI,Room 10 1st Floor,UGA-134-900,203-953-654,,Post Checkout,10/09/2026 13:35,23-Sep-2026,24-Sep-2026,Expedia & Affiliate Network,2555556403,Refund,Card/VCC via the System,Visa,5662,0,,mohammed.samy@crownbs.com,25-Sep-26 11:41:56.645,25-Sep-26 11:41:55.483,25-Sep-26 11:41:56.427,re_3UIsFSR78xpaffA016aokIw1,,,-£ 100.00,,,-£ 100.00,,,,- £ 100.00,Total Paid,,"£ 3,165.10",£ 15.00,£ 229.54,"£ 3,409.64","£ 127,447.80","£ 29,248.56",-£ 260.00,"£ 159,846.00"
Payments,Balance Transfers - to be paid by:,Payment Date,Payment ID,Guest Name,Group,Company,Property,Room,Order Ref.,Booking Ref,Booked On,Check-In,Check-Out,Channel,OTA Reference,Type,Payment Method,Card Type,Last 4 Digits,Virtual Card,Description,User,Updated,Sent to gateway,Confirmed by gateway,Gateway Reference,Settled Amount,Settled Date,Card,Cash / Bank,Vouchers,Total Paid,OTA,eviivo,Total,25/09/2026 11:42,51423983,naidine palmer,,,Hotel Orlando by PLI,Room 4 GF,SGF-926-411,591-515-134,,Post Checkout,23/09/2026 17:17,23-Sep-2026,24-Sep-2026,Booking.com,5520442370,Refund,Card/VCC via the System,Mastercard,6883,0,,mohammed.samy@crownbs.com,25-Sep-26 11:42:09.714,25-Sep-26 11:42:08.480,25-Sep-26 11:42:09.463,re_3UIxiPR78xpaffA02m4dqYgb,,,-£ 100.00,,,-£ 100.00,,,,- £ 100.00,Total Paid,,"£ 3,165.10",£ 15.00,£ 229.54,"£ 3,409.64","£ 127,447.80","£ 29,248.56",-£ 260.00,"£ 159,846.00"
Payments,Balance Transfers - to be paid by:,Payment Date,Payment ID,Guest Name,Group,Company,Property,Room,Order Ref.,Booking Ref,Booked On,Check-In,Check-Out,Channel,OTA Reference,Type,Payment Method,Card Type,Last 4 Digits,Virtual Card,Description,User,Updated,Sent to gateway,Confirmed by gateway,Gateway Reference,Settled Amount,Settled Date,Card,Cash / Bank,Vouchers,Total Paid,OTA,eviivo,Total,25/09/2026 11:42,51423990,Rosie Carr,,,Hotel Orlando by PLI,Room 3 BF W/Microwave,FRI-342-992,059-659-961,,Post Checkout,19/09/2026 11:11,23-Sep-2026,24-Sep-2026,Booking.com,5454561229,Refund,Card/VCC via the System,Mastercard,5433,0,,mohammed.samy@crownbs.com,25-Sep-26 11:42:22.720,25-Sep-26 11:42:21.407,25-Sep-26 11:42:22.507,re_3UIlN1R78xpaffA027UNBF54,,,-£ 100.00,,,-£ 100.00,,,,- £ 100.00,Total Paid,,"£ 3,165.10",£ 15.00,£ 229.54,"£ 3,409.64","£ 127,447.80","£ 29,248.56",-£ 260.00,"£ 159,846.00"
Payments,Balance Transfers - to be paid by:,Payment Date,Payment ID,Guest Name,Group,Company,Property,Room,Order Ref.,Booking Ref,Booked On,Check-In,Check-Out,Channel,OTA Reference,Type,Payment Method,Card Type,Last 4 Digits,Virtual Card,Description,User,Updated,Sent to gateway,Confirmed by gateway,Gateway Reference,Settled Amount,Settled Date,Card,Cash / Bank,Vouchers,Total Paid,OTA,eviivo,Total,25/09/2026 11:42,51423993,Melanie Etti,,,Hotel Orlando by PLI,Flat 2 ( Basement Orlando ),SCD-330-951,364-234-151,,Post Checkout,23/09/2026 14:02,23-Sep-2026,24-Sep-2026,Booking.com,6025818234,Refund,Card/VCC via the System,Mastercard,8692,0,,mohammed.samy@crownbs.com,25-Sep-26 11:42:36.337,25-Sep-26 11:42:35.163,25-Sep-26 11:42:36.113,re_3UIuPpR78xpaffA00EG6WKhb,,,-£ 100.00,,,-£ 100.00,,,,- £ 100.00,Total Paid,,"£ 3,165.10",£ 15.00,£ 229.54,"£ 3,409.64","£ 127,447.80","£ 29,248.56",-£ 260.00,"£ 159,846.00"
Payments,Balance Transfers - to be paid by:,Payment Date,Payment ID,Guest Name,Group,Company,Property,Room,Order Ref.,Booking Ref,Booked On,Check-In,Check-Out,Channel,OTA Reference,Type,Payment Method,Card Type,Last 4 Digits,Virtual Card,Description,User,Updated,Sent to gateway,Confirmed by gateway,Gateway Reference,Settled Amount,Settled Date,Card,Cash / Bank,Vouchers,Total Paid,OTA,eviivo,Total,25/09/2026 11:42,51423999,Graham Myers,,,Hotel Orlando by PLI,S Room 23 GF,MWE-482-917,253-163-001,,Post Checkout,17/09/2026 16:33,23-Sep-2026,24-Sep-2026,Booking.com,6612300151,Refund,Card/VCC via the System,Mastercard,3407,0,,mohammed.samy@crownbs.com,25-Sep-26 11:42:52.578,25-Sep-26 11:42:51.417,25-Sep-26 11:42:52.343,re_3UIrtHR78xpaffA02P6ATbcM,,,-£ 100.00,,,-£ 100.00,,,,- £ 100.00,Total Paid,,"£ 3,165.10",£ 15.00,£ 229.54,"£ 3,409.64","£ 127,447.80","£ 29,248.56",-£ 260.00,"£ 159,846.00"
Payments,Balance Transfers - to be paid by:,Payment Date,Payment ID,Guest Name,Group,Company,Property,Room,Order Ref.,Booking Ref,Booked On,Check-In,Check-Out,Channel,OTA Reference,Type,Payment Method,Card Type,Last 4 Digits,Virtual Card,Description,User,Updated,Sent to gateway,Confirmed by gateway,Gateway Reference,Settled Amount,Settled Date,Card,Cash / Bank,Vouchers,Total Paid,OTA,eviivo,Total,25/09/2026 11:43,51424002,Imran Khan,,,Hotel Orlando by PLI,S Room 33 3rd F - W/Microwave &Fridge,MBR-079-882,262-381-824,,Post Checkout,18/09/2026 00:29,23-Sep-2026,24-Sep-2026,Expedia & Affiliate Network,2561501618,Refund,Card/VCC via the System,Visa,9015,0,,mohammed.samy@crownbs.com,25-Sep-26 11:43:04.990,25-Sep-26 11:43:03.757,25-Sep-26 11:43:04.677,re_3UIumaR78xpaffA00dELv3AO,,,-£ 100.00,,,-£ 100.00,,,,- £ 100.00,Total Paid,,"£ 3,165.10",£ 15.00,£ 229.54,"£ 3,409.64","£ 127,447.80","£ 29,248.56",-£ 260.00,"£ 159,846.00"
Payments,Balance Transfers - to be paid by:,Payment Date,Payment ID,Guest Name,Group,Company,Property,Room,Order Ref.,Booking Ref,Booked On,Check-In,Check-Out,Channel,OTA Reference,Type,Payment Method,Card Type,Last 4 Digits,Virtual Card,Description,User,Updated,Sent to gateway,Confirmed by gateway,Gateway Reference,Settled Amount,Settled Date,Card,Cash / Bank,Vouchers,Total Paid,OTA,eviivo,Total,25/09/2026 11:43,51424005,Samuel Anyanwu,,,Hotel Orlando by PLI,S Room 27 1st F  W/Fridge,OZZ-311-763,544-191-292,,Post Checkout,19/09/2026 09:10,23-Sep-2026,24-Sep-2026,Booking.com,6138272407,Refund,Card/VCC via the System,Visa,6004,0,,mohammed.samy@crownbs.com,25-Sep-26 11:43:21.265,25-Sep-26 11:43:20.133,25-Sep-26 11:43:21.040,re_3UIVWLR78xpaffA00S57mExR,,,-£ 100.00,,,-£ 100.00,,,,- £ 100.00,Total Paid,,"£ 3,165.10",£ 15.00,£ 229.54,"£ 3,409.64","£ 127,447.80","£ 29,248.56",-£ 260.00,"£ 159,846.00"
Payments,Balance Transfers - to be paid by:,Payment Date,Payment ID,Guest Name,Group,Company,Property,Room,Order Ref.,Booking Ref,Booked On,Check-In,Check-Out,Channel,OTA Reference,Type,Payment Method,Card Type,Last 4 Digits,Virtual Card,Description,User,Updated,Sent to gateway,Confirmed by gateway,Gateway Reference,Settled Amount,Settled Date,Card,Cash / Bank,Vouchers,Total Paid,OTA,eviivo,Total,25/09/2026 11:44,51424032,Naomi Ennis,,,Hotel Orlando by PLI,S Room 17 BF,MUE-819-453,302-300-682,,Post Checkout,22/09/2026 13:45,23-Sep-2026,24-Sep-2026,Booking.com,5050289077,Refund,Card/VCC via the System,Visa,4375,0,,mohammed.samy@crownbs.com,25-Sep-26 11:44:39.890,25-Sep-26 11:44:38.650,25-Sep-26 11:44:39.647,re_3UItk0R78xpaffA02WB6RUtq,,,-£ 100.00,,,-£ 100.00,,,,- £ 100.00,Total Paid,,"£ 3,165.10",£ 15.00,£ 229.54,"£ 3,409.64","£ 127,447.80","£ 29,248.56",-£ 260.00,"£ 159,846.00"
Payments,Balance Transfers - to be paid by:,Payment Date,Payment ID,Guest Name,Group,Company,Property,Room,Order Ref.,Booking Ref,Booked On,Check-In,Check-Out,Channel,OTA Reference,Type,Payment Method,Card Type,Last 4 Digits,Virtual Card,Description,User,Updated,Sent to gateway,Confirmed by gateway,Gateway Reference,Settled Amount,Settled Date,Card,Cash / Bank,Vouchers,Total Paid,OTA,eviivo,Total,25/09/2026 11:46,51424077,Ben Day,,,Hotel Orlando by PLI,Flat 20 ( Basement sino ),FCZ-770-456,632-311-961,,Post Checkout,19/09/2026 12:29,23-Sep-2026,24-Sep-2026,Expedia & Affiliate Network,2562587527,Refund,Card/VCC via the System,Mastercard,5331,0,,mohammed.samy@crownbs.com,25-Sep-26 11:46:19.193,25-Sep-26 11:46:17.723,25-Sep-26 11:46:18.693,re_3UIrECR78xpaffA02NE7TxRn,,,-£ 100.00,,,-£ 100.00,,,,- £ 100.00,Total Paid,,"£ 3,165.10",£ 15.00,£ 229.54,"£ 3,409.64","£ 127,447.80","£ 29,248.56",-£ 260.00,"£ 159,846.00"
Payments,Balance Transfers - to be paid by:,Payment Date,Payment ID,Guest Name,Group,Company,Property,Room,Order Ref.,Booking Ref,Booked On,Check-In,Check-Out,Channel,OTA Reference,Type,Payment Method,Card Type,Last 4 Digits,Virtual Card,Description,User,Updated,Sent to gateway,Confirmed by gateway,Gateway Reference,Settled Amount,Settled Date,Card,Cash / Bank,Vouchers,Total Paid,OTA,eviivo,Total,25/09/2026 11:46,51424086,Mustafa Cengiz,,,Hotel Orlando by PLI,Room 11 2nd Floor,SEA-730-407,622-624-162,,Post Checkout,24/09/2026 20:06,24-Sep-2026,25-Sep-2026,Booking.com,5136459286,Refund,Card/VCC via the System,Visa,8153,0,,mohammed.samy@crownbs.com,25-Sep-26 11:46:35.717,25-Sep-26 11:46:34.377,25-Sep-26 11:46:35.503,re_3UJJV6R78xpaffA017le24wi,,,-£ 100.00,,,-£ 100.00,,,,- £ 100.00,Total Paid,,"£ 3,165.10",£ 15.00,£ 229.54,"£ 3,409.64","£ 127,447.80","£ 29,248.56",-£ 260.00,"£ 159,846.00"
Payments,Balance Transfers - to be paid by:,Payment Date,Payment ID,Guest Name,Group,Company,Property,Room,Order Ref.,Booking Ref,Booked On,Check-In,Check-Out,Channel,OTA Reference,Type,Payment Method,Card Type,Last 4 Digits,Virtual Card,Description,User,Updated,Sent to gateway,Confirmed by gateway,Gateway Reference,Settled Amount,Settled Date,Card,Cash / Bank,Vouchers,Total Paid,OTA,eviivo,Total,25/09/2026 11:46,51424094,ELVIRA RAFIKOVA,,,Hotel Orlando by PLI,Room 16 3rd Floor,MXZ-965-643,098-430-042,,Post Checkout,24/09/2026 14:58,24-Sep-2026,25-Sep-2026,Expedia & Affiliate Network,2566440874,Refund,Card/VCC via the System,Visa,4058,0,,mohammed.samy@crownbs.com,25-Sep-26 11:46:48.750,25-Sep-26 11:46:47.247,25-Sep-26 11:46:48.487,re_3UJI1qR78xpaffA00UzM9Un2,,,-£ 100.00,,,-£ 100.00,,,,- £ 100.00,Total Paid,,"£ 3,165.10",£ 15.00,£ 229.54,"£ 3,409.64","£ 127,447.80","£ 29,248.56",-£ 260.00,"£ 159,846.00"
Payments,Balance Transfers - to be paid by:,Payment Date,Payment ID,Guest Name,Group,Company,Property,Room,Order Ref.,Booking Ref,Booked On,Check-In,Check-Out,Channel,OTA Reference,Type,Payment Method,Card Type,Last 4 Digits,Virtual Card,Description,User,Updated,Sent to gateway,Confirmed by gateway,Gateway Reference,Settled Amount,Settled Date,Card,Cash / Bank,Vouchers,Total Paid,OTA,eviivo,Total,25/09/2026 12:05,51424418,Ivan Tiong,,,Hotel Orlando by PLI,Flat 20 ( Basement sino ),PEH-897-700,680-304-961,,Pre-arrival,25/09/2026 12:05,08-Dec-2026,10-Dec-2026,Airbnb,HMRTFCWCQD,Payment,Pre-Paid via OTA,,,,Extras prepaid via Airbnb,system@eviivo.com,25-Sep-26 12:05:40.001,,25-Sep-26 12:05:39.260,,,,,,,£ 0.00,£ 219.00,,,£ 219.00,Total Paid,,"£ 3,165.10",£ 15.00,£ 229.54,"£ 3,409.64","£ 127,447.80","£ 29,248.56",-£ 260.00,"£ 159,846.00"
Payments,Balance Transfers - to be paid by:,Payment Date,Payment ID,Guest Name,Group,Company,Property,Room,Order Ref.,Booking Ref,Booked On,Check-In,Check-Out,Channel,OTA Reference,Type,Payment Method,Card Type,Last 4 Digits,Virtual Card,Description,User,Updated,Sent to gateway,Confirmed by gateway,Gateway Reference,Settled Amount,Settled Date,Card,Cash / Bank,Vouchers,Total Paid,OTA,eviivo,Total,25/09/2026 12:17,51424620,Cody Fellows,,,Hotel Orlando by PLI,S Room 19 BF - W/Sofa bed ,GTF-287-334,039-162-802,,In House,20/08/2026 16:58,25-Sep-2026,26-Sep-2026,Booking.com,6065335931,Payment,Pre-Paid via OTA,,,,Prepaid via OTA,system@eviivo.com,25-Sep-26 12:17:28.298,,25-Sep-26 12:17:28.170,,,,,,,£ 0.00,£ 81.00,,,£ 81.00,Total Paid,,"£ 3,165.10",£ 15.00,£ 229.54,"£ 3,409.64","£ 127,447.80","£ 29,248.56",-£ 260.00,"£ 159,846.00"
Payments,Balance Transfers - to be paid by:,Payment Date,Payment ID,Guest Name,Group,Company,Property,Room,Order Ref.,Booking Ref,Booked On,Check-In,Check-Out,Channel,OTA Reference,Type,Payment Method,Card Type,Last 4 Digits,Virtual Card,Description,User,Updated,Sent to gateway,Confirmed by gateway,Gateway Reference,Settled Amount,Settled Date,Card,Cash / Bank,Vouchers,Total Paid,OTA,eviivo,Total,25/09/2026 13:03,51425343,said Louddi,,,Hotel Orlando by PLI,Room 7 Mid-First Floor,YUI-310-521,546-616-911,,Post Checkout,24/09/2026 11:19,24-Sep-2026,25-Sep-2026,Booking.com,6989457113,Payment,Pre-Paid via OTA,,,,Prepaid via OTA,system@eviivo.com,25-Sep-26 13:03:41.170,,25-Sep-26 13:03:41.010,,,,,,,£ 0.00,£ 60.30,,,£ 60.30,Total Paid,,"£ 3,165.10",£ 15.00,£ 229.54,"£ 3,409.64","£ 127,447.80","£ 29,248.56",-£ 260.00,"£ 159,846.00"
Payments,Balance Transfers - to be paid by:,Payment Date,Payment ID,Guest Name,Group,Company,Property,Room,Order Ref.,Booking Ref,Booked On,Check-In,Check-Out,Channel,OTA Reference,Type,Payment Method,Card Type,Last 4 Digits,Virtual Card,Description,User,Updated,Sent to gateway,Confirmed by gateway,Gateway Reference,Settled Amount,Settled Date,Card,Cash / Bank,Vouchers,Total Paid,OTA,eviivo,Total,25/09/2026 13:04,51425350,Paweł Świątczak,,,Hotel Orlando by PLI,Room 14 2nd Floor,KVY-626-005,933-695-982,,In House,24/09/2026 21:38,24-Sep-2026,26-Sep-2026,Booking.com,6888040893,Payment,Pre-Paid via OTA,,,,Prepaid via OTA,system@eviivo.com,25-Sep-26 13:04:01.157,,25-Sep-26 13:04:01.070,,,,,,,£ 0.00,£ 129.60,,,£ 129.60,Total Paid,,"£ 3,165.10",£ 15.00,£ 229.54,"£ 3,409.64","£ 127,447.80","£ 29,248.56",-£ 260.00,"£ 159,846.00"
Payments,Balance Transfers - to be paid by:,Payment Date,Payment ID,Guest Name,Group,Company,Property,Room,Order Ref.,Booking Ref,Booked On,Check-In,Check-Out,Channel,OTA Reference,Type,Payment Method,Card Type,Last 4 Digits,Virtual Card,Description,User,Updated,Sent to gateway,Confirmed by gateway,Gateway Reference,Settled Amount,Settled Date,Card,Cash / Bank,Vouchers,Total Paid,OTA,eviivo,Total,,51425476,MEKHMAN KERIMOV MADINA ISKANDAROVA,,,Hotel Orlando by PLI,S Room 35 3rd F,LGN-232-119,465-321-641,,On Account,25/09/2026 13:10,17-Nov-2026,22-Nov-2026,Booking.com,6994036067,(see above/below),(see above/below),,,,,system@eviivo.com,,,,,,,,,,£ 0.00,,,,,Total Paid,,"£ 3,165.10",£ 15.00,£ 229.54,"£ 3,409.64","£ 127,447.80","£ 29,248.56",-£ 260.00,"£ 159,846.00"
Payments,Balance Transfers - to be paid by:,Payment Date,Payment ID,Guest Name,Group,Company,Property,Room,Order Ref.,Booking Ref,Booked On,Check-In,Check-Out,Channel,OTA Reference,Type,Payment Method,Card Type,Last 4 Digits,Virtual Card,Description,User,Updated,Sent to gateway,Confirmed by gateway,Gateway Reference,Settled Amount,Settled Date,Card,Cash / Bank,Vouchers,Total Paid,OTA,eviivo,Total,25/09/2026 13:10,51425476,MEKHMAN KERIMOV,,,Hotel Orlando by PLI,Room 13 2nd Floor,LGN-232-119,536-538-011,,Pre-arrival,25/09/2026 13:10,17-Nov-2026,22-Nov-2026,Booking.com,6994036067,Payment,Pre-Paid via OTA,,,,Prepaid via Booking.com,system@eviivo.com,25-Sep-26 13:10:06.083,,25-Sep-26 13:10:05.790,,,,,,,£ 0.00,£ 923.80,,,£ 923.80,Total Paid,,"£ 3,165.10",£ 15.00,£ 229.54,"£ 3,409.64","£ 127,447.80","£ 29,248.56",-£ 260.00,"£ 159,846.00"
Payments,Balance Transfers - to be paid by:,Payment Date,Payment ID,Guest Name,Group,Company,Property,Room,Order Ref.,Booking Ref,Booked On,Check-In,Check-Out,Channel,OTA Reference,Type,Payment Method,Card Type,Last 4 Digits,Virtual Card,Description,User,Updated,Sent to gateway,Confirmed by gateway,Gateway Reference,Settled Amount,Settled Date,Card,Cash / Bank,Vouchers,Total Paid,OTA,eviivo,Total,25/09/2026 13:32,51425892,Massimo Cesca,,,Hotel Orlando by PLI,Room 8 1st Floor,TZT-405-205,508-269-434,,On Account,25/09/2026 13:32,26-Dec-2026,29-Dec-2026,Expedia & Affiliate Network,2567173698,Payment,Pre-Paid via OTA,,,,Extras prepaid via Expedia Affiliate Network,system@eviivo.com,25-Sep-26 13:32:35.951,,25-Sep-26 13:32:35.370,,,,,,,£ 0.00,,£ 303.51,,£ 303.51,Total Paid,,"£ 3,165.10",£ 15.00,£ 229.54,"£ 3,409.64","£ 127,447.80","£ 29,248.56",-£ 260.00,"£ 159,846.00"
Payments,Balance Transfers - to be paid by:,Payment Date,Payment ID,Guest Name,Group,Company,Property,Room,Order Ref.,Booking Ref,Booked On,Check-In,Check-Out,Channel,OTA Reference,Type,Payment Method,Card Type,Last 4 Digits,Virtual Card,Description,User,Updated,Sent to gateway,Confirmed by gateway,Gateway Reference,Settled Amount,Settled Date,Card,Cash / Bank,Vouchers,Total Paid,OTA,eviivo,Total,25/09/2026 13:33,51425914,Mercedes Rojilla Ramos,,,Hotel Orlando by PLI,Room 9 1st Floor,YWD-958-591,429-961-362,,Pre-arrival,25/09/2026 13:33,15-Oct-2026,19-Oct-2026,Booking.com,6228811245,Payment,Pre-Paid via OTA,,,,Prepaid via Booking.com,system@eviivo.com,25-Sep-26 13:33:29.825,,25-Sep-26 13:33:29.550,,,,,,,£ 0.00,£ 433.10,,,£ 433.10,Total Paid,,"£ 3,165.10",£ 15.00,£ 229.54,"£ 3,409.64","£ 127,447.80","£ 29,248.56",-£ 260.00,"£ 159,846.00"
Payments,Balance Transfers - to be paid by:,Payment Date,Payment ID,Guest Name,Group,Company,Property,Room,Order Ref.,Booking Ref,Booked On,Check-In,Check-Out,Channel,OTA Reference,Type,Payment Method,Card Type,Last 4 Digits,Virtual Card,Description,User,Updated,Sent to gateway,Confirmed by gateway,Gateway Reference,Settled Amount,Settled Date,Card,Cash / Bank,Vouchers,Total Paid,OTA,eviivo,Total,25/09/2026 15:47,51428740,Pratik Ambalkar,,,Hotel Orlando by PLI,S Room 22 GF -2Ds W/Microwave &Fridge,UPE-986-085,448-328-121,,Pre-arrival,25/09/2026 15:47,05-Oct-2026,07-Oct-2026,Booking.com,5756143133,Payment,Pre-Paid via OTA,,,,Prepaid via Booking.com,system@eviivo.com,25-Sep-26 15:47:44.783,,25-Sep-26 15:47:44.590,,,,,,,£ 0.00,£ 168.50,,,£ 168.50,Total Paid,,"£ 3,165.10",£ 15.00,£ 229.54,"£ 3,409.64","£ 127,447.80","£ 29,248.56",-£ 260.00,"£ 159,846.00"
Payments,Balance Transfers - to be paid by:,Payment Date,Payment ID,Guest Name,Group,Company,Property,Room,Order Ref.,Booking Ref,Booked On,Check-In,Check-Out,Channel,OTA Reference,Type,Payment Method,Card Type,Last 4 Digits,Virtual Card,Description,User,Updated,Sent to gateway,Confirmed by gateway,Gateway Reference,Settled Amount,Settled Date,Card,Cash / Bank,Vouchers,Total Paid,OTA,eviivo,Total,25/09/2026 17:33,51431020,Muhammad Babar,,,Hotel Orlando by PLI,S Room 26 1st F - W/Fridge,ROL-897-531,039-606-502,,In House,25/09/2026 17:33,25-Sep-2026,26-Sep-2026,Booking.com,5756109300,Payment,Pre-Paid via OTA,,,,Prepaid via Booking.com,system@eviivo.com,25-Sep-26 17:33:02.718,,25-Sep-26 17:33:02.500,,,,,,,£ 0.00,£ 92.90,,,£ 92.90,Total Paid,,"£ 3,165.10",£ 15.00,£ 229.54,"£ 3,409.64","£ 127,447.80","£ 29,248.56",-£ 260.00,"£ 159,846.00"
Payments,Balance Transfers - to be paid by:,Payment Date,Payment ID,Guest Name,Group,Company,Property,Room,Order Ref.,Booking Ref,Booked On,Check-In,Check-Out,Channel,OTA Reference,Type,Payment Method,Card Type,Last 4 Digits,Virtual Card,Description,User,Updated,Sent to gateway,Confirmed by gateway,Gateway Reference,Settled Amount,Settled Date,Card,Cash / Bank,Vouchers,Total Paid,OTA,eviivo,Total,25/09/2026 17:38,51431150,Veronica Maria Pirciu,,,Hotel Orlando by PLI,Room 7 Mid-First Floor,KMC-490-070,181-910-522,,In House,25/09/2026 17:38,25-Sep-2026,26-Sep-2026,Booking.com,5478274576,Payment,Pre-Paid via OTA,,,,Prepaid via Booking.com,system@eviivo.com,25-Sep-26 17:38:43.941,,25-Sep-26 17:38:43.596,,,,,,,£ 0.00,£ 81.20,,,£ 81.20,Total Paid,,"£ 3,165.10",£ 15.00,£ 229.54,"£ 3,409.64","£ 127,447.80","£ 29,248.56",-£ 260.00,"£ 159,846.00"
Payments,Balance Transfers - to be paid by:,Payment Date,Payment ID,Guest Name,Group,Company,Property,Room,Order Ref.,Booking Ref,Booked On,Check-In,Check-Out,Channel,OTA Reference,Type,Payment Method,Card Type,Last 4 Digits,Virtual Card,Description,User,Updated,Sent to gateway,Confirmed by gateway,Gateway Reference,Settled Amount,Settled Date,Card,Cash / Bank,Vouchers,Total Paid,OTA,eviivo,Total,25/09/2026 18:11,51431816,Oluseun Abraham,,,Hotel Orlando by PLI,Room 11 2nd Floor,VAJ-086-048,951-130-124,,Pre-arrival,16/09/2026 20:47,26-Sep-2026,27-Sep-2026,Booking.com,5005268283,Payment,Card/VCC via the System,Mastercard,6109,0,Guest Paid Online,eviivo suite,25-Sep-26 18:11:14.285,25-Sep-26 18:11:12.130,25-Sep-26 18:11:13.687,pi_3UJceSR78xpaffA00av9Ggma,,,£ 100.00,,,£ 100.00,,,,£ 100.00,Total Paid,,"£ 3,165.10",£ 15.00,£ 229.54,"£ 3,409.64","£ 127,447.80","£ 29,248.56",-£ 260.00,"£ 159,846.00"
Payments,Balance Transfers - to be paid by:,Payment Date,Payment ID,Guest Name,Group,Company,Property,Room,Order Ref.,Booking Ref,Booked On,Check-In,Check-Out,Channel,OTA Reference,Type,Payment Method,Card Type,Last 4 Digits,Virtual Card,Description,User,Updated,Sent to gateway,Confirmed by gateway,Gateway Reference,Settled Amount,Settled Date,Card,Cash / Bank,Vouchers,Total Paid,OTA,eviivo,Total,25/09/2026 18:27,51522819,Lei Xu,,,Hotel Orlando by PLI,Room 3 BF W/Microwave,CKQ-457-670,084-266-531,,Pre-arrival,25/09/2026 18:27,01-Oct-2026,03-Oct-2026,Booking.com,5619031898,Payment,Pre-Paid via OTA,,,,Prepaid via Booking.com,system@eviivo.com,30-Sep-26 23:22:01.193,,25-Sep-26 18:27:21.693,,,,,,,£ 0.00,£ 191.00,,,£ 191.00,Total Paid,,"£ 3,165.10",£ 15.00,£ 229.54,"£ 3,409.64","£ 127,447.80","£ 29,248.56",-£ 260.00,"£ 159,846.00"
Payments,Balance Transfers - to be paid by:,Payment Date,Payment ID,Guest Name,Group,Company,Property,Room,Order Ref.,Booking Ref,Booked On,Check-In,Check-Out,Channel,OTA Reference,Type,Payment Method,Card Type,Last 4 Digits,Virtual Card,Description,User,Updated,Sent to gateway,Confirmed by gateway,Gateway Reference,Settled Amount,Settled Date,Card,Cash / Bank,Vouchers,Total Paid,OTA,eviivo,Total,25/09/2026 19:08,51432751,Cristelle Blanchard,,,Hotel Orlando by PLI,Room 11 2nd Floor,OUZ-203-793,238-615-614,,In House,25/09/2026 19:08,25-Sep-2026,26-Sep-2026,Booking.com,5404482552,Payment,Pre-Paid via OTA,,,,Prepaid via Booking.com,system@eviivo.com,25-Sep-26 19:08:33.572,,25-Sep-26 19:08:33.176,,,,,,,£ 0.00,£ 82.10,,,£ 82.10,Total Paid,,"£ 3,165.10",£ 15.00,£ 229.54,"£ 3,409.64","£ 127,447.80","£ 29,248.56",-£ 260.00,"£ 159,846.00"
Payments,Balance Transfers - to be paid by:,Payment Date,Payment ID,Guest Name,Group,Company,Property,Room,Order Ref.,Booking Ref,Booked On,Check-In,Check-Out,Channel,OTA Reference,Type,Payment Method,Card Type,Last 4 Digits,Virtual Card,Description,User,Updated,Sent to gateway,Confirmed by gateway,Gateway Reference,Settled Amount,Settled Date,Card,Cash / Bank,Vouchers,Total Paid,OTA,eviivo,Total,25/09/2026 19:38,51433132,Cristelle Blanchard,,,Hotel Orlando by PLI,Room 11 2nd Floor,OUZ-203-793,238-615-614,,In House,25/09/2026 19:08,25-Sep-2026,26-Sep-2026,Booking.com,5404482552,Payment,Card/VCC via the System,Visa,3663,0,Guest Paid Online,eviivo suite,25-Sep-26 19:38:03.687,25-Sep-26 19:38:01.103,25-Sep-26 19:38:03.397,pi_3UJe0TR78xpaffA01lgGHaAx,,,£ 100.00,,,£ 100.00,,,,£ 100.00,Total Paid,,"£ 3,165.10",£ 15.00,£ 229.54,"£ 3,409.64","£ 127,447.80","£ 29,248.56",-£ 260.00,"£ 159,846.00"
Payments,Balance Transfers - to be paid by:,Payment Date,Payment ID,Guest Name,Group,Company,Property,Room,Order Ref.,Booking Ref,Booked On,Check-In,Check-Out,Channel,OTA Reference,Type,Payment Method,Card Type,Last 4 Digits,Virtual Card,Description,User,Updated,Sent to gateway,Confirmed by gateway,Gateway Reference,Settled Amount,Settled Date,Card,Cash / Bank,Vouchers,Total Paid,OTA,eviivo,Total,25/09/2026 21:02,51434283,Muhammad Babar,,,Hotel Orlando by PLI,S Room 26 1st F - W/Fridge,ROL-897-531,039-606-502,,In House,25/09/2026 17:33,25-Sep-2026,26-Sep-2026,Booking.com,5756109300,Payment,Card/VCC via the System,Visa,3710,0,Guest Paid Online,eviivo suite,25-Sep-26 21:02:12.301,25-Sep-26 21:02:10.063,25-Sep-26 21:02:11.820,pi_3UJfJuR78xpaffA00uJRHmWR,,,£ 100.00,,,£ 100.00,,,,£ 100.00,Total Paid,,"£ 3,165.10",£ 15.00,£ 229.54,"£ 3,409.64","£ 127,447.80","£ 29,248.56",-£ 260.00,"£ 159,846.00"
Payments,Balance Transfers - to be paid by:,Payment Date,Payment ID,Guest Name,Group,Company,Property,Room,Order Ref.,Booking Ref,Booked On,Check-In,Check-Out,Channel,OTA Reference,Type,Payment Method,Card Type,Last 4 Digits,Virtual Card,Description,User,Updated,Sent to gateway,Confirmed by gateway,Gateway Reference,Settled Amount,Settled Date,Card,Cash / Bank,Vouchers,Total Paid,OTA,eviivo,Total,25/09/2026 21:14,51434442,Habib Nawaz,,,Hotel Orlando by PLI,Room 7 Mid-First Floor,HKZ-119-466,446-988-344,,Pre-arrival,25/09/2026 21:14,06-Nov-2026,08-Nov-2026,Booking.com,5221673003,Payment,Pre-Paid via OTA,,,,Prepaid via Booking.com,system@eviivo.com,25-Sep-26 21:14:06.466,,25-Sep-26 21:14:06.320,,,,,,,£ 0.00,£ 201.80,,,£ 201.80,Total Paid,,"£ 3,165.10",£ 15.00,£ 229.54,"£ 3,409.64","£ 127,447.80","£ 29,248.56",-£ 260.00,"£ 159,846.00"
Payments,Balance Transfers - to be paid by:,Payment Date,Payment ID,Guest Name,Group,Company,Property,Room,Order Ref.,Booking Ref,Booked On,Check-In,Check-Out,Channel,OTA Reference,Type,Payment Method,Card Type,Last 4 Digits,Virtual Card,Description,User,Updated,Sent to gateway,Confirmed by gateway,Gateway Reference,Settled Amount,Settled Date,Card,Cash / Bank,Vouchers,Total Paid,OTA,eviivo,Total,25/09/2026 23:33,51435732,Marcilia Gilana,,,Hotel Orlando by PLI,Flat 2 ( Basement Orlando ),IJT-965-164,200-244-532,,On Account,25/09/2026 23:33,29-Nov-2026,03-Dec-2026,Expedia & Affiliate Network,2567559734,Payment,Pre-Paid via OTA,,,,Extras prepaid via Expedia,system@eviivo.com,25-Sep-26 23:33:55.820,,25-Sep-26 23:33:55.336,,,,,,,£ 0.00,,£ 395.29,,£ 395.29,Total Paid,,"£ 3,165.10",£ 15.00,£ 229.54,"£ 3,409.64","£ 127,447.80","£ 29,248.56",-£ 260.00,"£ 159,846.00"
Payments,Balance Transfers - to be paid by:,Payment Date,Payment ID,Guest Name,Group,Company,Property,Room,Order Ref.,Booking Ref,Booked On,Check-In,Check-Out,Channel,OTA Reference,Type,Payment Method,Card Type,Last 4 Digits,Virtual Card,Description,User,Updated,Sent to gateway,Confirmed by gateway,Gateway Reference,Settled Amount,Settled Date,Card,Cash / Bank,Vouchers,Total Paid,OTA,eviivo,Total,26/09/2026 00:52,51436172,Kara Hook,,,Hotel Orlando by PLI,S Room 23 GF,HAS-372-676,203-338-454,,Pre-arrival,26/09/2026 00:52,11-Jun-2027,13-Jun-2027,Booking.com,5462901495,Payment,Pre-Paid via OTA,,,,Prepaid via Booking.com,system@eviivo.com,26-Sep-26 00:52:12.814,,26-Sep-26 00:52:12.623,,,,,,,£ 0.00,£ 204.50,,,£ 204.50,Total Paid,,"£ 3,165.10",£ 15.00,£ 229.54,"£ 3,409.64","£ 127,447.80","£ 29,248.56",-£ 260.00,"£ 159,846.00"
Payments,Balance Transfers - to be paid by:,Payment Date,Payment ID,Guest Name,Group,Company,Property,Room,Order Ref.,Booking Ref,Booked On,Check-In,Check-Out,Channel,OTA Reference,Type,Payment Method,Card Type,Last 4 Digits,Virtual Card,Description,User,Updated,Sent to gateway,Confirmed by gateway,Gateway Reference,Settled Amount,Settled Date,Card,Cash / Bank,Vouchers,Total Paid,OTA,eviivo,Total,26/09/2026 03:29,51436695,Elisaine Ribeiro Campos,,,Hotel Orlando by PLI,Room 4 GF,BRT-761-342,898-124-021,,Pre-arrival,26/09/2026 03:29,18-Dec-2026,21-Dec-2026,Booking.com,5136481825,Payment,Pre-Paid via OTA,,,,Prepaid via Booking.com,system@eviivo.com,26-Sep-26 03:29:45.858,,26-Sep-26 03:29:45.690,,,,,,,£ 0.00,£ 333.00,,,£ 333.00,Total Paid,,"£ 3,165.10",£ 15.00,£ 229.54,"£ 3,409.64","£ 127,447.80","£ 29,248.56",-£ 260.00,"£ 159,846.00"
Payments,Balance Transfers - to be paid by:,Payment Date,Payment ID,Guest Name,Group,Company,Property,Room,Order Ref.,Booking Ref,Booked On,Check-In,Check-Out,Channel,OTA Reference,Type,Payment Method,Card Type,Last 4 Digits,Virtual Card,Description,User,Updated,Sent to gateway,Confirmed by gateway,Gateway Reference,Settled Amount,Settled Date,Card,Cash / Bank,Vouchers,Total Paid,OTA,eviivo,Total,26/09/2026 08:42,51438585,Xinkeyi YAN,,,Hotel Orlando by PLI,Room 11 2nd Floor,DQF-040-998,086-981-224,,Pre-arrival,26/09/2026 08:42,27-Sep-2026,29-Sep-2026,Booking.com,5089044183,Payment,Pre-Paid via OTA,,,,Prepaid via Booking.com,system@eviivo.com,26-Sep-26 08:42:37.004,,26-Sep-26 08:42:36.800,,,,,,,£ 0.00,£ 103.70,,,£ 103.70,Total Paid,,"£ 3,165.10",£ 15.00,£ 229.54,"£ 3,409.64","£ 127,447.80","£ 29,248.56",-£ 260.00,"£ 159,846.00"
Payments,Balance Transfers - to be paid by:,Payment Date,Payment ID,Guest Name,Group,Company,Property,Room,Order Ref.,Booking Ref,Booked On,Check-In,Check-Out,Channel,OTA Reference,Type,Payment Method,Card Type,Last 4 Digits,Virtual Card,Description,User,Updated,Sent to gateway,Confirmed by gateway,Gateway Reference,Settled Amount,Settled Date,Card,Cash / Bank,Vouchers,Total Paid,OTA,eviivo,Total,26/09/2026 09:44,51439648, Amina Belghomari,,,Hotel Orlando by PLI,Room 6 GF,NXB-082-124,339-522-922,,Pre-arrival,26/09/2026 09:37,28-Sep-2026,29-Sep-2026,,,Payment,Card/VCC via the System,Mastercard,7483,0,Guest Paid Online,eviivo suite,26-Sep-26 09:45:03.062,26-Sep-26 09:44:59.923,26-Sep-26 09:45:02.393,pi_3UJrE8R78xpaffA01n8qACC0,,,£ 60.00,,,£ 60.00,,,,£ 60.00,Total Paid,,"£ 3,165.10",£ 15.00,£ 229.54,"£ 3,409.64","£ 127,447.80","£ 29,248.56",-£ 260.00,"£ 159,846.00"
Payments,Balance Transfers - to be paid by:,Payment Date,Payment ID,Guest Name,Group,Company,Property,Room,Order Ref.,Booking Ref,Booked On,Check-In,Check-Out,Channel,OTA Reference,Type,Payment Method,Card Type,Last 4 Digits,Virtual Card,Description,User,Updated,Sent to gateway,Confirmed by gateway,Gateway Reference,Settled Amount,Settled Date,Card,Cash / Bank,Vouchers,Total Paid,OTA,eviivo,Total,26/09/2026 10:36,51440568,Ainoa Hurtado Del,,,Hotel Orlando by PLI,S Room 27 1st F  W/Fridge,JGP-946-062,900-551-961,,On Account,26/09/2026 10:36,25-Dec-2026,30-Dec-2026,Expedia & Affiliate Network,2567814213,Payment,Pre-Paid via OTA,,,,Extras prepaid via Expedia Affiliate Network,system@eviivo.com,26-Sep-26 10:36:57.964,,26-Sep-26 10:36:56.956,,,,,,,£ 0.00,,£ 561.80,,£ 561.80,Total Paid,,"£ 3,165.10",£ 15.00,£ 229.54,"£ 3,409.64","£ 127,447.80","£ 29,248.56",-£ 260.00,"£ 159,846.00"
Payments,Balance Transfers - to be paid by:,Payment Date,Payment ID,Guest Name,Group,Company,Property,Room,Order Ref.,Booking Ref,Booked On,Check-In,Check-Out,Channel,OTA Reference,Type,Payment Method,Card Type,Last 4 Digits,Virtual Card,Description,User,Updated,Sent to gateway,Confirmed by gateway,Gateway Reference,Settled Amount,Settled Date,Card,Cash / Bank,Vouchers,Total Paid,OTA,eviivo,Total,26/09/2026 11:42,51441677,Yodite Emaha,,,Hotel Orlando by PLI,S Room 31 2nd FF,WSV-107-285,450-196-854,,On Account,25/09/2026 14:13,28-Sep-2026,04-Oct-2026,Expedia & Affiliate Network,2567198273,Payment,Pre-Paid via OTA,,,,Prepaid via OTA,system@eviivo.com,26-Sep-26 11:42:22.428,,26-Sep-26 11:42:22.190,,,,,,,£ 0.00,,£ 428.39,,£ 428.39,Total Paid,,"£ 3,165.10",£ 15.00,£ 229.54,"£ 3,409.64","£ 127,447.80","£ 29,248.56",-£ 260.00,"£ 159,846.00"
Payments,Balance Transfers - to be paid by:,Payment Date,Payment ID,Guest Name,Group,Company,Property,Room,Order Ref.,Booking Ref,Booked On,Check-In,Check-Out,Channel,OTA Reference,Type,Payment Method,Card Type,Last 4 Digits,Virtual Card,Description,User,Updated,Sent to gateway,Confirmed by gateway,Gateway Reference,Settled Amount,Settled Date,Card,Cash / Bank,Vouchers,Total Paid,OTA,eviivo,Total,26/09/2026 11:43,51441698,Michael Stocker,,,Hotel Orlando by PLI,Room 3 BF W/Microwave,MIK-993-206,943-553-061,,In House,04/08/2026 21:31,26-Sep-2026,27-Sep-2026,Expedia & Affiliate Network,2526669160,Payment,Card/VCC via the System,Visa,3026,0,Guest Paid Online,eviivo suite,26-Sep-26 11:43:55.176,26-Sep-26 11:43:52.523,26-Sep-26 11:43:54.997,pi_3UJt5AR78xpaffA0041AhfB3,,,£ 100.00,,,£ 100.00,,,,£ 100.00,Total Paid,,"£ 3,165.10",£ 15.00,£ 229.54,"£ 3,409.64","£ 127,447.80","£ 29,248.56",-£ 260.00,"£ 159,846.00"
Payments,Balance Transfers - to be paid by:,Payment Date,Payment ID,Guest Name,Group,Company,Property,Room,Order Ref.,Booking Ref,Booked On,Check-In,Check-Out,Channel,OTA Reference,Type,Payment Method,Card Type,Last 4 Digits,Virtual Card,Description,User,Updated,Sent to gateway,Confirmed by gateway,Gateway Reference,Settled Amount,Settled Date,Card,Cash / Bank,Vouchers,Total Paid,OTA,eviivo,Total,26/09/2026 12:16,51442156,DANIEL SEDANO,,,Hotel Orlando by PLI,S Room 33 3rd F - W/Microwave &Fridge,DQB-302-882,816-614-292,,In House,20/03/2026 22:19,26-Sep-2026,27-Sep-2026,Booking.com,5669626302,Payment,Card/VCC via the System,Visa,9740,0,Guest Paid Online,eviivo suite,26-Sep-26 12:16:56.511,26-Sep-26 12:16:53.647,26-Sep-26 12:16:56.127,pi_3UJtb7R78xpaffA020B1Qa0w,,,£ 100.00,,,£ 100.00,,,,£ 100.00,Total Paid,,"£ 3,165.10",£ 15.00,£ 229.54,"£ 3,409.64","£ 127,447.80","£ 29,248.56",-£ 260.00,"£ 159,846.00"
Payments,Balance Transfers - to be paid by:,Payment Date,Payment ID,Guest Name,Group,Company,Property,Room,Order Ref.,Booking Ref,Booked On,Check-In,Check-Out,Channel,OTA Reference,Type,Payment Method,Card Type,Last 4 Digits,Virtual Card,Description,User,Updated,Sent to gateway,Confirmed by gateway,Gateway Reference,Settled Amount,Settled Date,Card,Cash / Bank,Vouchers,Total Paid,OTA,eviivo,Total,26/09/2026 13:11,51442894,Teresa Villalba Agustin,,,Hotel Orlando by PLI,S Room 26 1st F - W/Fridge,AXG-541-557,204-049-062,,In House,03/09/2026 19:21,26-Sep-2026,27-Sep-2026,Booking.com,5855109960,Payment,Card/VCC via the System,Mastercard,6174,0,Guest Paid Online,eviivo suite,26-Sep-26 13:11:24.688,26-Sep-26 13:11:22.173,26-Sep-26 13:11:24.533,pi_3UJuRqR78xpaffA01ya3gMkw,,,£ 100.00,,,£ 100.00,,,,£ 100.00,Total Paid,,"£ 3,165.10",£ 15.00,£ 229.54,"£ 3,409.64","£ 127,447.80","£ 29,248.56",-£ 260.00,"£ 159,846.00"
Payments,Balance Transfers - to be paid by:,Payment Date,Payment ID,Guest Name,Group,Company,Property,Room,Order Ref.,Booking Ref,Booked On,Check-In,Check-Out,Channel,OTA Reference,Type,Payment Method,Card Type,Last 4 Digits,Virtual Card,Description,User,Updated,Sent to gateway,Confirmed by gateway,Gateway Reference,Settled Amount,Settled Date,Card,Cash / Bank,Vouchers,Total Paid,OTA,eviivo,Total,26/09/2026 14:51,51444493,Motoyama Maho,,,Hotel Orlando by PLI,S Room 17 BF,QXE-973-354,510-042-611,,In House,21/09/2026 15:33,26-Sep-2026,27-Sep-2026,Booking.com,6797499459,Payment,Card/VCC via the System,Visa,1510,0,Guest Paid Online,eviivo suite,26-Sep-26 14:51:51.406,26-Sep-26 14:51:49.113,26-Sep-26 14:51:51.180,pi_3UJw13R78xpaffA00KGSvE6r,,,£ 100.00,,,£ 100.00,,,,£ 100.00,Total Paid,,"£ 3,165.10",£ 15.00,£ 229.54,"£ 3,409.64","£ 127,447.80","£ 29,248.56",-£ 260.00,"£ 159,846.00"
Payments,Balance Transfers - to be paid by:,Payment Date,Payment ID,Guest Name,Group,Company,Property,Room,Order Ref.,Booking Ref,Booked On,Check-In,Check-Out,Channel,OTA Reference,Type,Payment Method,Card Type,Last 4 Digits,Virtual Card,Description,User,Updated,Sent to gateway,Confirmed by gateway,Gateway Reference,Settled Amount,Settled Date,Card,Cash / Bank,Vouchers,Total Paid,OTA,eviivo,Total,26/09/2026 15:47,51445403,Cristelle Blanchard,,,Hotel Orlando by PLI,Room 11 2nd Floor,OUZ-203-793,238-615-614,,Post Checkout,25/09/2026 19:08,25-Sep-2026,26-Sep-2026,Booking.com,5404482552,Refund,Card/VCC via the System,Visa,3663,0,,mohammed.samy@crownbs.com,26-Sep-26 15:47:13.389,26-Sep-26 15:47:12.110,26-Sep-26 15:47:13.140,re_3UJe0TR78xpaffA01YSQVdPU,,,-£ 100.00,,,-£ 100.00,,,,- £ 100.00,Total Paid,,"£ 3,165.10",£ 15.00,£ 229.54,"£ 3,409.64","£ 127,447.80","£ 29,248.56",-£ 260.00,"£ 159,846.00"
Payments,Balance Transfers - to be paid by:,Payment Date,Payment ID,Guest Name,Group,Company,Property,Room,Order Ref.,Booking Ref,Booked On,Check-In,Check-Out,Channel,OTA Reference,Type,Payment Method,Card Type,Last 4 Digits,Virtual Card,Description,User,Updated,Sent to gateway,Confirmed by gateway,Gateway Reference,Settled Amount,Settled Date,Card,Cash / Bank,Vouchers,Total Paid,OTA,eviivo,Total,26/09/2026 15:47,51445414,Armando Pou Díaz,,,Hotel Orlando by PLI,Room 8 1st Floor,NCE-200-120,809-811-344,,Post Checkout,17/09/2026 00:27,23-Sep-2026,26-Sep-2026,Expedia & Affiliate Network,2560656325,Refund,Card/VCC via the System,Mastercard,7368,0,,mohammed.samy@crownbs.com,26-Sep-26 15:47:34.079,26-Sep-26 15:47:32.810,26-Sep-26 15:47:33.747,re_3UGSesR78xpaffA01PdDg4cd,,,-£ 100.00,,,-£ 100.00,,,,- £ 100.00,Total Paid,,"£ 3,165.10",£ 15.00,£ 229.54,"£ 3,409.64","£ 127,447.80","£ 29,248.56",-£ 260.00,"£ 159,846.00"
Payments,Balance Transfers - to be paid by:,Payment Date,Payment ID,Guest Name,Group,Company,Property,Room,Order Ref.,Booking Ref,Booked On,Check-In,Check-Out,Channel,OTA Reference,Type,Payment Method,Card Type,Last 4 Digits,Virtual Card,Description,User,Updated,Sent to gateway,Confirmed by gateway,Gateway Reference,Settled Amount,Settled Date,Card,Cash / Bank,Vouchers,Total Paid,OTA,eviivo,Total,26/09/2026 15:47,51445423,Muhammad Babar,,,Hotel Orlando by PLI,S Room 26 1st F - W/Fridge,ROL-897-531,039-606-502,,Post Checkout,25/09/2026 17:33,25-Sep-2026,26-Sep-2026,Booking.com,5756109300,Refund,Card/VCC via the System,Visa,3710,0,,mohammed.samy@crownbs.com,26-Sep-26 15:47:51.158,26-Sep-26 15:47:49.963,26-Sep-26 15:47:50.887,re_3UJfJuR78xpaffA00O9TsR0S,,,-£ 100.00,,,-£ 100.00,,,,- £ 100.00,Total Paid,,"£ 3,165.10",£ 15.00,£ 229.54,"£ 3,409.64","£ 127,447.80","£ 29,248.56",-£ 260.00,"£ 159,846.00"
Payments,Balance Transfers - to be paid by:,Payment Date,Payment ID,Guest Name,Group,Company,Property,Room,Order Ref.,Booking Ref,Booked On,Check-In,Check-Out,Channel,OTA Reference,Type,Payment Method,Card Type,Last 4 Digits,Virtual Card,Description,User,Updated,Sent to gateway,Confirmed by gateway,Gateway Reference,Settled Amount,Settled Date,Card,Cash / Bank,Vouchers,Total Paid,OTA,eviivo,Total,26/09/2026 16:19,51445999,Pedro Daniel do Vale Rodrigues Ferreira,,,Hotel Orlando by PLI,Room 4 GF,IRB-961-062,431-123-854,,On Account,26/09/2026 16:19,01-Feb-2027,04-Feb-2027,Expedia & Affiliate Network,2567947441,Payment,Pre-Paid via OTA,,,,Extras prepaid via Expedia,system@eviivo.com,26-Sep-26 16:19:34.433,,26-Sep-26 16:19:33.766,,,,,,,£ 0.00,,£ 182.00,,£ 182.00,Total Paid,,"£ 3,165.10",£ 15.00,£ 229.54,"£ 3,409.64","£ 127,447.80","£ 29,248.56",-£ 260.00,"£ 159,846.00"
Payments,Balance Transfers - to be paid by:,Payment Date,Payment ID,Guest Name,Group,Company,Property,Room,Order Ref.,Booking Ref,Booked On,Check-In,Check-Out,Channel,OTA Reference,Type,Payment Method,Card Type,Last 4 Digits,Virtual Card,Description,User,Updated,Sent to gateway,Confirmed by gateway,Gateway Reference,Settled Amount,Settled Date,Card,Cash / Bank,Vouchers,Total Paid,OTA,eviivo,Total,26/09/2026 18:14,51447876,Leo Cooke,,,Hotel Orlando by PLI,S Room 32 2nd F,DGW-117-637,528-292-601,,In House,05/09/2026 19:23,26-Sep-2026,27-Sep-2026,Booking.com,6358946274,Payment,Card/VCC via the System,Mastercard,8283,0,Guest Paid Online,eviivo suite,26-Sep-26 18:14:44.817,26-Sep-26 18:14:42.170,26-Sep-26 18:14:44.517,pi_3UJzBOR78xpaffA0267ItL8v,,,£ 100.00,,,£ 100.00,,,,£ 100.00,Total Paid,,"£ 3,165.10",£ 15.00,£ 229.54,"£ 3,409.64","£ 127,447.80","£ 29,248.56",-£ 260.00,"£ 159,846.00"
Payments,Balance Transfers - to be paid by:,Payment Date,Payment ID,Guest Name,Group,Company,Property,Room,Order Ref.,Booking Ref,Booked On,Check-In,Check-Out,Channel,OTA Reference,Type,Payment Method,Card Type,Last 4 Digits,Virtual Card,Description,User,Updated,Sent to gateway,Confirmed by gateway,Gateway Reference,Settled Amount,Settled Date,Card,Cash / Bank,Vouchers,Total Paid,OTA,eviivo,Total,26/09/2026 19:13,51448648,Nicholas Adams,,,Hotel Orlando by PLI,Room 7 Mid-First Floor,MBQ-525-448,291-865-641,,Pre-arrival,26/09/2026 19:13,05-Oct-2026,07-Oct-2026,Booking.com,6765187985,Payment,Pre-Paid via OTA,,,,Prepaid via Booking.com,system@eviivo.com,26-Sep-26 19:13:05.276,,26-Sep-26 19:13:05.020,,,,,,,£ 0.00,£ 145.10,,,£ 145.10,Total Paid,,"£ 3,165.10",£ 15.00,£ 229.54,"£ 3,409.64","£ 127,447.80","£ 29,248.56",-£ 260.00,"£ 159,846.00"
Payments,Balance Transfers - to be paid by:,Payment Date,Payment ID,Guest Name,Group,Company,Property,Room,Order Ref.,Booking Ref,Booked On,Check-In,Check-Out,Channel,OTA Reference,Type,Payment Method,Card Type,Last 4 Digits,Virtual Card,Description,User,Updated,Sent to gateway,Confirmed by gateway,Gateway Reference,Settled Amount,Settled Date,Card,Cash / Bank,Vouchers,Total Paid,OTA,eviivo,Total,26/09/2026 19:19,51448727,Timothée De Reynal,,,Hotel Orlando by PLI,S Room 33 3rd F - W/Microwave &Fridge,QYR-960-463,811-469-891,,On Account,26/09/2026 19:19,28-Sep-2026,01-Oct-2026,Expedia & Affiliate Network,2568044213,Payment,Pre-Paid via OTA,,,,Extras prepaid via Expedia Affiliate Network,system@eviivo.com,26-Sep-26 19:19:42.659,,26-Sep-26 19:19:42.163,,,,,,,£ 0.00,,£ 173.89,,£ 173.89,Total Paid,,"£ 3,165.10",£ 15.00,£ 229.54,"£ 3,409.64","£ 127,447.80","£ 29,248.56",-£ 260.00,"£ 159,846.00"
Payments,Balance Transfers - to be paid by:,Payment Date,Payment ID,Guest Name,Group,Company,Property,Room,Order Ref.,Booking Ref,Booked On,Check-In,Check-Out,Channel,OTA Reference,Type,Payment Method,Card Type,Last 4 Digits,Virtual Card,Description,User,Updated,Sent to gateway,Confirmed by gateway,Gateway Reference,Settled Amount,Settled Date,Card,Cash / Bank,Vouchers,Total Paid,OTA,eviivo,Total,26/09/2026 19:36,51448946,Sazana Duma,,,Hotel Orlando by PLI,Room 9 1st Floor,MLY-533-310,115-622-322,,Pre-arrival,26/09/2026 19:36,12-Aug-2027,18-Aug-2027,Booking.com,5647091967,Payment,Pre-Paid via OTA,,,,Prepaid via Booking.com,system@eviivo.com,26-Sep-26 19:36:03.749,,26-Sep-26 19:36:03.433,,,,,,,£ 0.00,£ 506.00,,,£ 506.00,Total Paid,,"£ 3,165.10",£ 15.00,£ 229.54,"£ 3,409.64","£ 127,447.80","£ 29,248.56",-£ 260.00,"£ 159,846.00"
Payments,Balance Transfers - to be paid by:,Payment Date,Payment ID,Guest Name,Group,Company,Property,Room,Order Ref.,Booking Ref,Booked On,Check-In,Check-Out,Channel,OTA Reference,Type,Payment Method,Card Type,Last 4 Digits,Virtual Card,Description,User,Updated,Sent to gateway,Confirmed by gateway,Gateway Reference,Settled Amount,Settled Date,Card,Cash / Bank,Vouchers,Total Paid,OTA,eviivo,Total,26/09/2026 20:07,51449287,nuriyah mirza ahmed,,,Hotel Orlando by PLI,S Room 34 3rd F,PNL-018-726,080-609-432,,Pre-arrival,26/09/2026 20:07,02-Jul-2027,04-Jul-2027,Booking.com,5089099809,Payment,Pre-Paid via OTA,,,,Prepaid via Booking.com,system@eviivo.com,26-Sep-26 20:07:55.757,,26-Sep-26 20:07:55.570,,,,,,,£ 0.00,£ 191.90,,,£ 191.90,Total Paid,,"£ 3,165.10",£ 15.00,£ 229.54,"£ 3,409.64","£ 127,447.80","£ 29,248.56",-£ 260.00,"£ 159,846.00"
Payments,Balance Transfers - to be paid by:,Payment Date,Payment ID,Guest Name,Group,Company,Property,Room,Order Ref.,Booking Ref,Booked On,Check-In,Check-Out,Channel,OTA Reference,Type,Payment Method,Card Type,Last 4 Digits,Virtual Card,Description,User,Updated,Sent to gateway,Confirmed by gateway,Gateway Reference,Settled Amount,Settled Date,Card,Cash / Bank,Vouchers,Total Paid,OTA,eviivo,Total,26/09/2026 21:30,51450141,lucia Pastor,,,Hotel Orlando by PLI,Room 6 GF,LMG-658-518,395-536-204,,Pre-arrival,26/09/2026 21:30,03-Feb-2027,07-Feb-2027,Booking.com,5030620844,Payment,Pre-Paid via OTA,,,,Prepaid via Booking.com,system@eviivo.com,26-Sep-26 21:30:54.861,,26-Sep-26 21:30:54.630,,,,,,,£ 0.00,£ 200.00,,,£ 200.00,Total Paid,,"£ 3,165.10",£ 15.00,£ 229.54,"£ 3,409.64","£ 127,447.80","£ 29,248.56",-£ 260.00,"£ 159,846.00"
Payments,Balance Transfers - to be paid by:,Payment Date,Payment ID,Guest Name,Group,Company,Property,Room,Order Ref.,Booking Ref,Booked On,Check-In,Check-Out,Channel,OTA Reference,Type,Payment Method,Card Type,Last 4 Digits,Virtual Card,Description,User,Updated,Sent to gateway,Confirmed by gateway,Gateway Reference,Settled Amount,Settled Date,Card,Cash / Bank,Vouchers,Total Paid,OTA,eviivo,Total,27/09/2026 08:10,51453381,Guaba Rangel,,,Hotel Orlando by PLI,Room 1 BF,MSY-290-518,862-451-354,,Pre-arrival,27/09/2026 08:10,28-Sep-2026,30-Sep-2026,Booking.com,5719584506,Payment,Pre-Paid via OTA,,,,Prepaid via Booking.com,system@eviivo.com,27-Sep-26 08:10:09.498,,27-Sep-26 08:10:08.533,,,,,,,£ 0.00,£ 107.30,,,£ 107.30,Total Paid,,"£ 3,165.10",£ 15.00,£ 229.54,"£ 3,409.64","£ 127,447.80","£ 29,248.56",-£ 260.00,"£ 159,846.00"
Payments,Balance Transfers - to be paid by:,Payment Date,Payment ID,Guest Name,Group,Company,Property,Room,Order Ref.,Booking Ref,Booked On,Check-In,Check-Out,Channel,OTA Reference,Type,Payment Method,Card Type,Last 4 Digits,Virtual Card,Description,User,Updated,Sent to gateway,Confirmed by gateway,Gateway Reference,Settled Amount,Settled Date,Card,Cash / Bank,Vouchers,Total Paid,OTA,eviivo,Total,27/09/2026 11:18,51457078,Milan Haber,,,Hotel Orlando by PLI,S Room 18 BF,BKF-853-941,051-043-554,,On Account,27/09/2026 11:18,12-Oct-2026,15-Oct-2026,Expedia & Affiliate Network,2568410641,Payment,Pre-Paid via OTA,,,,Extras prepaid via Expedia,system@eviivo.com,27-Sep-26 11:18:55.037,,27-Sep-26 11:18:54.390,,,,,,,£ 0.00,,£ 228.80,,£ 228.80,Total Paid,,"£ 3,165.10",£ 15.00,£ 229.54,"£ 3,409.64","£ 127,447.80","£ 29,248.56",-£ 260.00,"£ 159,846.00"
Payments,Balance Transfers - to be paid by:,Payment Date,Payment ID,Guest Name,Group,Company,Property,Room,Order Ref.,Booking Ref,Booked On,Check-In,Check-Out,Channel,OTA Reference,Type,Payment Method,Card Type,Last 4 Digits,Virtual Card,Description,User,Updated,Sent to gateway,Confirmed by gateway,Gateway Reference,Settled Amount,Settled Date,Card,Cash / Bank,Vouchers,Total Paid,OTA,eviivo,Total,27/09/2026 11:24,51457184,Arig Ali,,,Hotel Orlando by PLI,Room 6 GF,EZH-557-676,516-493-611,,On Account,27/09/2026 11:24,01-Oct-2026,04-Oct-2026,Expedia & Affiliate Network,2568412308,Payment,Pre-Paid via OTA,,,,Extras prepaid via Expedia,system@eviivo.com,27-Sep-26 11:24:29.272,,27-Sep-26 11:24:28.783,,,,,,,£ 0.00,,£ 229.71,,£ 229.71,Total Paid,,"£ 3,165.10",£ 15.00,£ 229.54,"£ 3,409.64","£ 127,447.80","£ 29,248.56",-£ 260.00,"£ 159,846.00"
Payments,Balance Transfers - to be paid by:,Payment Date,Payment ID,Guest Name,Group,Company,Property,Room,Order Ref.,Booking Ref,Booked On,Check-In,Check-Out,Channel,OTA Reference,Type,Payment Method,Card Type,Last 4 Digits,Virtual Card,Description,User,Updated,Sent to gateway,Confirmed by gateway,Gateway Reference,Settled Amount,Settled Date,Card,Cash / Bank,Vouchers,Total Paid,OTA,eviivo,Total,27/09/2026 11:52,51457595,Nathaniel Lewis-Allagoa,,,Hotel Orlando by PLI,Room 7 Mid-First Floor,SOA-481-586,643-105-402,,Pre-arrival,27/09/2026 11:52,28-Sep-2026,29-Sep-2026,Booking.com,5089023325,Payment,Pre-Paid via OTA,,,,Prepaid via Booking.com,system@eviivo.com,27-Sep-26 11:52:27.242,,27-Sep-26 11:52:27.013,,,,,,,£ 0.00,£ 58.70,,,£ 58.70,Total Paid,,"£ 3,165.10",£ 15.00,£ 229.54,"£ 3,409.64","£ 127,447.80","£ 29,248.56",-£ 260.00,"£ 159,846.00"
Payments,Balance Transfers - to be paid by:,Payment Date,Payment ID,Guest Name,Group,Company,Property,Room,Order Ref.,Booking Ref,Booked On,Check-In,Check-Out,Channel,OTA Reference,Type,Payment Method,Card Type,Last 4 Digits,Virtual Card,Description,User,Updated,Sent to gateway,Confirmed by gateway,Gateway Reference,Settled Amount,Settled Date,Card,Cash / Bank,Vouchers,Total Paid,OTA,eviivo,Total,27/09/2026 12:44,51458324,Nurul’s iCal,,,Hotel Orlando by PLI,Flat 24  ( GF Sino ) - Studio,NJH-396-531,161-550-441,,Pre-arrival,04/02/2026 13:08,28-Sep-2026,01-Oct-2026,,1418fb94e984-74ac55bb4938b653cb07872352a14893@airbnb.com,Refund,Voucher,,,,,tamer.elhashmi@crownbs.com,27-Sep-26 12:44:14.180,,27-Sep-26 12:44:13.950,,,,,,-£ 214.06,-£ 214.06,,,,- £ 214.06,Total Paid,,"£ 3,165.10",£ 15.00,£ 229.54,"£ 3,409.64","£ 127,447.80","£ 29,248.56",-£ 260.00,"£ 159,846.00"
Payments,Balance Transfers - to be paid by:,Payment Date,Payment ID,Guest Name,Group,Company,Property,Room,Order Ref.,Booking Ref,Booked On,Check-In,Check-Out,Channel,OTA Reference,Type,Payment Method,Card Type,Last 4 Digits,Virtual Card,Description,User,Updated,Sent to gateway,Confirmed by gateway,Gateway Reference,Settled Amount,Settled Date,Card,Cash / Bank,Vouchers,Total Paid,OTA,eviivo,Total,27/09/2026 13:01,51458564,Lea Marie Seidel,,,Hotel Orlando by PLI,Room 3 BF W/Microwave,MPA-083-204,236-028-492,,Pre-arrival,27/09/2026 13:01,30-Dec-2026,02-Jan-2027,Booking.com,5167522923,Payment,Pre-Paid via OTA,,,,Prepaid via Booking.com,system@eviivo.com,27-Sep-26 13:01:45.769,,27-Sep-26 13:01:45.530,,,,,,,£ 0.00,£ 403.40,,,£ 403.40,Total Paid,,"£ 3,165.10",£ 15.00,£ 229.54,"£ 3,409.64","£ 127,447.80","£ 29,248.56",-£ 260.00,"£ 159,846.00"
Payments,Balance Transfers - to be paid by:,Payment Date,Payment ID,Guest Name,Group,Company,Property,Room,Order Ref.,Booking Ref,Booked On,Check-In,Check-Out,Channel,OTA Reference,Type,Payment Method,Card Type,Last 4 Digits,Virtual Card,Description,User,Updated,Sent to gateway,Confirmed by gateway,Gateway Reference,Settled Amount,Settled Date,Card,Cash / Bank,Vouchers,Total Paid,OTA,eviivo,Total,27/09/2026 13:14,51458769,Jose Oleas,,,Hotel Orlando by PLI,Room 12 2nd Floor,SNH-093-153,483-855-964,,Pre-arrival,27/09/2026 13:14,28-Sep-2026,29-Sep-2026,Booking.com,6600659323,Payment,Pre-Paid via OTA,,,,Prepaid via Booking.com,system@eviivo.com,27-Sep-26 13:14:26.893,,27-Sep-26 13:14:26.603,,,,,,,£ 0.00,£ 63.20,,,£ 63.20,Total Paid,,"£ 3,165.10",£ 15.00,£ 229.54,"£ 3,409.64","£ 127,447.80","£ 29,248.56",-£ 260.00,"£ 159,846.00"
Payments,Balance Transfers - to be paid by:,Payment Date,Payment ID,Guest Name,Group,Company,Property,Room,Order Ref.,Booking Ref,Booked On,Check-In,Check-Out,Channel,OTA Reference,Type,Payment Method,Card Type,Last 4 Digits,Virtual Card,Description,User,Updated,Sent to gateway,Confirmed by gateway,Gateway Reference,Settled Amount,Settled Date,Card,Cash / Bank,Vouchers,Total Paid,OTA,eviivo,Total,27/09/2026 13:41,51459182,Kostiantyn Nikulin,,,Hotel Orlando by PLI,S Room 23 GF,EXF-055-203,248-012-004,,Pre-arrival,27/09/2026 13:41,28-Sep-2026,02-Oct-2026,Booking.com,5292182752,Payment,Pre-Paid via OTA,,,,Prepaid via Booking.com,system@eviivo.com,27-Sep-26 13:41:18.179,,27-Sep-26 13:41:17.693,,,,,,,£ 0.00,£ 209.90,,,£ 209.90,Total Paid,,"£ 3,165.10",£ 15.00,£ 229.54,"£ 3,409.64","£ 127,447.80","£ 29,248.56",-£ 260.00,"£ 159,846.00"
Payments,Balance Transfers - to be paid by:,Payment Date,Payment ID,Guest Name,Group,Company,Property,Room,Order Ref.,Booking Ref,Booked On,Check-In,Check-Out,Channel,OTA Reference,Type,Payment Method,Card Type,Last 4 Digits,Virtual Card,Description,User,Updated,Sent to gateway,Confirmed by gateway,Gateway Reference,Settled Amount,Settled Date,Card,Cash / Bank,Vouchers,Total Paid,OTA,eviivo,Total,27/09/2026 13:45,51459246,Sato Nana,,,Hotel Orlando by PLI,S Room 32 2nd F,KAC-075-918,069-150-514,,In House,21/09/2026 15:15,27-Sep-2026,28-Sep-2026,Booking.com,6657739573,Payment,Card/VCC via the System,Visa,1012,0,Guest Paid Online,eviivo suite,27-Sep-26 13:45:40.934,27-Sep-26 13:45:37.147,27-Sep-26 13:45:40.437,pi_3UKHSXR78xpaffA002gufi8X,,,£ 100.00,,,£ 100.00,,,,£ 100.00,Total Paid,,"£ 3,165.10",£ 15.00,£ 229.54,"£ 3,409.64","£ 127,447.80","£ 29,248.56",-£ 260.00,"£ 159,846.00"
Payments,Balance Transfers - to be paid by:,Payment Date,Payment ID,Guest Name,Group,Company,Property,Room,Order Ref.,Booking Ref,Booked On,Check-In,Check-Out,Channel,OTA Reference,Type,Payment Method,Card Type,Last 4 Digits,Virtual Card,Description,User,Updated,Sent to gateway,Confirmed by gateway,Gateway Reference,Settled Amount,Settled Date,Card,Cash / Bank,Vouchers,Total Paid,OTA,eviivo,Total,27/09/2026 15:06,51460470,abusirrieh montaser,,,Hotel Orlando by PLI,S Room 21 GF - SofaBed,QDI-707-891,052-039-001,,Pre-arrival,27/09/2026 15:06,28-Sep-2026,01-Oct-2026,Booking.com,6246641155,Payment,Pre-Paid via OTA,,,,Prepaid via Booking.com,system@eviivo.com,27-Sep-26 15:06:24.695,,27-Sep-26 15:06:24.413,,,,,,,£ 0.00,£ 176.60,,,£ 176.60,Total Paid,,"£ 3,165.10",£ 15.00,£ 229.54,"£ 3,409.64","£ 127,447.80","£ 29,248.56",-£ 260.00,"£ 159,846.00"
Payments,Balance Transfers - to be paid by:,Payment Date,Payment ID,Guest Name,Group,Company,Property,Room,Order Ref.,Booking Ref,Booked On,Check-In,Check-Out,Channel,OTA Reference,Type,Payment Method,Card Type,Last 4 Digits,Virtual Card,Description,User,Updated,Sent to gateway,Confirmed by gateway,Gateway Reference,Settled Amount,Settled Date,Card,Cash / Bank,Vouchers,Total Paid,OTA,eviivo,Total,27/09/2026 16:33,51461828,ROBERTA MICCOLI,,,Hotel Orlando by PLI,Room 3 BF W/Microwave,LDN-697-497,354-368-024,,Pre-arrival,27/09/2026 16:32,28-May-2027,03-Jun-2027,Booking.com,5437280186,Payment,Pre-Paid via OTA,,,,Prepaid via Booking.com,system@eviivo.com,27-Sep-26 16:33:02.322,,27-Sep-26 16:33:02.170,,,,,,,£ 0.00,£ 519.50,,,£ 519.50,Total Paid,,"£ 3,165.10",£ 15.00,£ 229.54,"£ 3,409.64","£ 127,447.80","£ 29,248.56",-£ 260.00,"£ 159,846.00"
Payments,Balance Transfers - to be paid by:,Payment Date,Payment ID,Guest Name,Group,Company,Property,Room,Order Ref.,Booking Ref,Booked On,Check-In,Check-Out,Channel,OTA Reference,Type,Payment Method,Card Type,Last 4 Digits,Virtual Card,Description,User,Updated,Sent to gateway,Confirmed by gateway,Gateway Reference,Settled Amount,Settled Date,Card,Cash / Bank,Vouchers,Total Paid,OTA,eviivo,Total,27/09/2026 16:47,51462107,Najmi Mehran,,,Hotel Orlando by PLI,Flat 20 ( Basement sino ),EEA-221-173,192-509-862,,In House,23/09/2026 15:45,27-Sep-2026,28-Sep-2026,Booking.com,5015477423,Payment,Card/VCC via the System,Visa,5433,0,Guest Paid Online,eviivo suite,27-Sep-26 16:47:03.951,27-Sep-26 16:47:00.677,27-Sep-26 16:47:03.707,pi_3UKKI5R78xpaffA02dGeTE5q,,,£ 100.00,,,£ 100.00,,,,£ 100.00,Total Paid,,"£ 3,165.10",£ 15.00,£ 229.54,"£ 3,409.64","£ 127,447.80","£ 29,248.56",-£ 260.00,"£ 159,846.00"
Payments,Balance Transfers - to be paid by:,Payment Date,Payment ID,Guest Name,Group,Company,Property,Room,Order Ref.,Booking Ref,Booked On,Check-In,Check-Out,Channel,OTA Reference,Type,Payment Method,Card Type,Last 4 Digits,Virtual Card,Description,User,Updated,Sent to gateway,Confirmed by gateway,Gateway Reference,Settled Amount,Settled Date,Card,Cash / Bank,Vouchers,Total Paid,OTA,eviivo,Total,27/09/2026 16:48,51462140,Ambre Rehaimi,,,Hotel Orlando by PLI,S Room 27 1st F  W/Fridge,KVD-439-768,650-322-991,,On Account,27/09/2026 16:48,19-Dec-2026,24-Dec-2026,Expedia & Affiliate Network,2568548379,Payment,Pre-Paid via OTA,,,,Extras prepaid via Expedia,system@eviivo.com,27-Sep-26 16:48:49.820,,27-Sep-26 16:48:49.213,,,,,,,£ 0.00,,£ 479.90,,£ 479.90,Total Paid,,"£ 3,165.10",£ 15.00,£ 229.54,"£ 3,409.64","£ 127,447.80","£ 29,248.56",-£ 260.00,"£ 159,846.00"
Payments,Balance Transfers - to be paid by:,Payment Date,Payment ID,Guest Name,Group,Company,Property,Room,Order Ref.,Booking Ref,Booked On,Check-In,Check-Out,Channel,OTA Reference,Type,Payment Method,Card Type,Last 4 Digits,Virtual Card,Description,User,Updated,Sent to gateway,Confirmed by gateway,Gateway Reference,Settled Amount,Settled Date,Card,Cash / Bank,Vouchers,Total Paid,OTA,eviivo,Total,27/09/2026 16:53,51462206,CONCEPCION VALVERDE PICAZO,,,Hotel Orlando by PLI,Room 3 BF W/Microwave,XXB-364-902,294-436-862,,Pre-arrival,27/09/2026 16:52,03-Dec-2026,05-Dec-2026,Booking.com,6087414703,Payment,Pre-Paid via OTA,,,,Prepaid via Booking.com,system@eviivo.com,27-Sep-26 16:53:00.677,,27-Sep-26 16:53:00.466,,,,,,,£ 0.00,£ 232.40,,,£ 232.40,Total Paid,,"£ 3,165.10",£ 15.00,£ 229.54,"£ 3,409.64","£ 127,447.80","£ 29,248.56",-£ 260.00,"£ 159,846.00"
Payments,Balance Transfers - to be paid by:,Payment Date,Payment ID,Guest Name,Group,Company,Property,Room,Order Ref.,Booking Ref,Booked On,Check-In,Check-Out,Channel,OTA Reference,Type,Payment Method,Card Type,Last 4 Digits,Virtual Card,Description,User,Updated,Sent to gateway,Confirmed by gateway,Gateway Reference,Settled Amount,Settled Date,Card,Cash / Bank,Vouchers,Total Paid,OTA,eviivo,Total,27/09/2026 18:00,51463242,Olivia Barbosa Waddington,,,Hotel Orlando by PLI,Flat 24  ( GF Sino ) - Studio,TGT-352-534,865-543-244,,In House,27/09/2026 18:00,27-Sep-2026,29-Sep-2026,Airbnb,HMWRQRSNZ2,Payment,Pre-Paid via OTA,,,,Extras prepaid via Airbnb,system@eviivo.com,27-Sep-26 18:00:11.364,,27-Sep-26 18:00:10.463,,,,,,,£ 0.00,£ 120.00,,,£ 120.00,Total Paid,,"£ 3,165.10",£ 15.00,£ 229.54,"£ 3,409.64","£ 127,447.80","£ 29,248.56",-£ 260.00,"£ 159,846.00"
Payments,Balance Transfers - to be paid by:,Payment Date,Payment ID,Guest Name,Group,Company,Property,Room,Order Ref.,Booking Ref,Booked On,Check-In,Check-Out,Channel,OTA Reference,Type,Payment Method,Card Type,Last 4 Digits,Virtual Card,Description,User,Updated,Sent to gateway,Confirmed by gateway,Gateway Reference,Settled Amount,Settled Date,Card,Cash / Bank,Vouchers,Total Paid,OTA,eviivo,Total,27/09/2026 19:06,51464267,Viktoria Zartl,,,Hotel Orlando by PLI,S Room 25 Mid 1st F,RJY-677-534,251-035-414,,Pre-arrival,27/09/2026 19:06,17-Oct-2026,21-Oct-2026,Booking.com,5168875921,Payment,Pre-Paid via OTA,,,,Prepaid via Booking.com,system@eviivo.com,27-Sep-26 19:06:13.786,,27-Sep-26 19:06:13.620,,,,,,,£ 0.00,£ 321.50,,,£ 321.50,Total Paid,,"£ 3,165.10",£ 15.00,£ 229.54,"£ 3,409.64","£ 127,447.80","£ 29,248.56",-£ 260.00,"£ 159,846.00"
Payments,Balance Transfers - to be paid by:,Payment Date,Payment ID,Guest Name,Group,Company,Property,Room,Order Ref.,Booking Ref,Booked On,Check-In,Check-Out,Channel,OTA Reference,Type,Payment Method,Card Type,Last 4 Digits,Virtual Card,Description,User,Updated,Sent to gateway,Confirmed by gateway,Gateway Reference,Settled Amount,Settled Date,Card,Cash / Bank,Vouchers,Total Paid,OTA,eviivo,Total,27/09/2026 19:16,51464394,Armel Larraza,,,Hotel Orlando by PLI,Room 1 BF,IBZ-051-820,035-030-331,,Pre-arrival,27/09/2026 19:16,16-Oct-2026,20-Oct-2026,Booking.com,5929179155,Payment,Pre-Paid via OTA,,,,Prepaid via Booking.com,system@eviivo.com,27-Sep-26 19:16:01.987,,27-Sep-26 19:16:01.790,,,,,,,£ 0.00,£ 342.20,,,£ 342.20,Total Paid,,"£ 3,165.10",£ 15.00,£ 229.54,"£ 3,409.64","£ 127,447.80","£ 29,248.56",-£ 260.00,"£ 159,846.00"
Payments,Balance Transfers - to be paid by:,Payment Date,Payment ID,Guest Name,Group,Company,Property,Room,Order Ref.,Booking Ref,Booked On,Check-In,Check-Out,Channel,OTA Reference,Type,Payment Method,Card Type,Last 4 Digits,Virtual Card,Description,User,Updated,Sent to gateway,Confirmed by gateway,Gateway Reference,Settled Amount,Settled Date,Card,Cash / Bank,Vouchers,Total Paid,OTA,eviivo,Total,27/09/2026 19:35,51464703,Maryam Albalushi,,,Hotel Orlando by PLI,S Room 34 3rd F,CXG-634-957,238-903-121,,Pre-arrival,27/09/2026 19:35,03-Oct-2026,04-Oct-2026,Booking.com,6931453008,Payment,Pre-Paid via OTA,,,,Prepaid via Booking.com,system@eviivo.com,27-Sep-26 19:35:59.149,,27-Sep-26 19:35:58.883,,,,,,,£ 0.00,£ 117.20,,,£ 117.20,Total Paid,,"£ 3,165.10",£ 15.00,£ 229.54,"£ 3,409.64","£ 127,447.80","£ 29,248.56",-£ 260.00,"£ 159,846.00"
Payments,Balance Transfers - to be paid by:,Payment Date,Payment ID,Guest Name,Group,Company,Property,Room,Order Ref.,Booking Ref,Booked On,Check-In,Check-Out,Channel,OTA Reference,Type,Payment Method,Card Type,Last 4 Digits,Virtual Card,Description,User,Updated,Sent to gateway,Confirmed by gateway,Gateway Reference,Settled Amount,Settled Date,Card,Cash / Bank,Vouchers,Total Paid,OTA,eviivo,Total,27/09/2026 19:49,51464944,Callum Roberts,,,Hotel Orlando by PLI,Flat 24  ( GF Sino ) - Studio,QSB-746-346,235-129-331,,Pre-arrival,27/09/2026 19:49,30-Sep-2026,01-Oct-2026,Booking.com,5929181511,Payment,Pre-Paid via OTA,,,,Prepaid via Booking.com,system@eviivo.com,27-Sep-26 19:49:16.273,,27-Sep-26 19:49:16.086,,,,,,,£ 0.00,£ 74.90,,,£ 74.90,Total Paid,,"£ 3,165.10",£ 15.00,£ 229.54,"£ 3,409.64","£ 127,447.80","£ 29,248.56",-£ 260.00,"£ 159,846.00"
Payments,Balance Transfers - to be paid by:,Payment Date,Payment ID,Guest Name,Group,Company,Property,Room,Order Ref.,Booking Ref,Booked On,Check-In,Check-Out,Channel,OTA Reference,Type,Payment Method,Card Type,Last 4 Digits,Virtual Card,Description,User,Updated,Sent to gateway,Confirmed by gateway,Gateway Reference,Settled Amount,Settled Date,Card,Cash / Bank,Vouchers,Total Paid,OTA,eviivo,Total,27/09/2026 21:10,51466201,Alexandra Antonia Moloaga,,,Hotel Orlando by PLI,S Room 17 BF,RTL-981-592,416-119-681,,Pre-arrival,27/09/2026 21:10,01-Oct-2026,04-Oct-2026,Booking.com,5352324190,Payment,Pre-Paid via OTA,,,,Prepaid via Booking.com,system@eviivo.com,27-Sep-26 21:10:29.668,,27-Sep-26 21:10:29.366,,,,,,,£ 0.00,£ 235.10,,,£ 235.10,Total Paid,,"£ 3,165.10",£ 15.00,£ 229.54,"£ 3,409.64","£ 127,447.80","£ 29,248.56",-£ 260.00,"£ 159,846.00"
Payments,Balance Transfers - to be paid by:,Payment Date,Payment ID,Guest Name,Group,Company,Property,Room,Order Ref.,Booking Ref,Booked On,Check-In,Check-Out,Channel,OTA Reference,Type,Payment Method,Card Type,Last 4 Digits,Virtual Card,Description,User,Updated,Sent to gateway,Confirmed by gateway,Gateway Reference,Settled Amount,Settled Date,Card,Cash / Bank,Vouchers,Total Paid,OTA,eviivo,Total,27/09/2026 21:42,51466590,Héctor Ariel Garcia Gomez,,,Hotel Orlando by PLI,S Room 31 2nd FF,UWK-773-584,145-136-134,,Pre-arrival,27/09/2026 21:42,01-Oct-2026,04-Oct-2026,Booking.com,6873023240,Payment,Pre-Paid via OTA,,,,Prepaid via Booking.com,system@eviivo.com,27-Sep-26 21:42:12.610,,27-Sep-26 21:42:12.373,,,,,,,£ 0.00,£ 285.50,,,£ 285.50,Total Paid,,"£ 3,165.10",£ 15.00,£ 229.54,"£ 3,409.64","£ 127,447.80","£ 29,248.56",-£ 260.00,"£ 159,846.00"
Payments,Balance Transfers - to be paid by:,Payment Date,Payment ID,Guest Name,Group,Company,Property,Room,Order Ref.,Booking Ref,Booked On,Check-In,Check-Out,Channel,OTA Reference,Type,Payment Method,Card Type,Last 4 Digits,Virtual Card,Description,User,Updated,Sent to gateway,Confirmed by gateway,Gateway Reference,Settled Amount,Settled Date,Card,Cash / Bank,Vouchers,Total Paid,OTA,eviivo,Total,27/09/2026 21:46,51466646,Selina Kumar,,,Hotel Orlando by PLI,Flat 2 ( Basement Orlando ),RQL-345-936,651-935-924,,On Account,27/09/2026 21:46,28-Sep-2026,01-Oct-2026,Expedia & Affiliate Network,2568716364,Payment,Pre-Paid via OTA,,,,Extras prepaid via Expedia,system@eviivo.com,27-Sep-26 21:46:36.270,,27-Sep-26 21:46:35.886,,,,,,,£ 0.00,,£ 195.47,,£ 195.47,Total Paid,,"£ 3,165.10",£ 15.00,£ 229.54,"£ 3,409.64","£ 127,447.80","£ 29,248.56",-£ 260.00,"£ 159,846.00"
Payments,Balance Transfers - to be paid by:,Payment Date,Payment ID,Guest Name,Group,Company,Property,Room,Order Ref.,Booking Ref,Booked On,Check-In,Check-Out,Channel,OTA Reference,Type,Payment Method,Card Type,Last 4 Digits,Virtual Card,Description,User,Updated,Sent to gateway,Confirmed by gateway,Gateway Reference,Settled Amount,Settled Date,Card,Cash / Bank,Vouchers,Total Paid,OTA,eviivo,Total,27/09/2026 22:33,51467066,Polyakova Anastásia,,,Hotel Orlando by PLI,Room 7 Mid-First Floor,DVJ-945-039,395-381-341,,Pre-arrival,27/09/2026 22:33,01-Sep-2027,05-Sep-2027,Booking.com,6193203123,Payment,Pre-Paid via OTA,,,,Prepaid via Booking.com,system@eviivo.com,27-Sep-26 22:33:49.920,,27-Sep-26 22:33:49.743,,,,,,,£ 0.00,£ 267.50,,,£ 267.50,Total Paid,,"£ 3,165.10",£ 15.00,£ 229.54,"£ 3,409.64","£ 127,447.80","£ 29,248.56",-£ 260.00,"£ 159,846.00"
Payments,Balance Transfers - to be paid by:,Payment Date,Payment ID,Guest Name,Group,Company,Property,Room,Order Ref.,Booking Ref,Booked On,Check-In,Check-Out,Channel,OTA Reference,Type,Payment Method,Card Type,Last 4 Digits,Virtual Card,Description,User,Updated,Sent to gateway,Confirmed by gateway,Gateway Reference,Settled Amount,Settled Date,Card,Cash / Bank,Vouchers,Total Paid,OTA,eviivo,Total,27/09/2026 22:44,51467159,Dia Juliette,,,Hotel Orlando by PLI,Flat 2 ( Basement Orlando ),LPF-902-323,060-182-624,,Pre-arrival,27/09/2026 22:44,05-Feb-2027,10-Feb-2027,Booking.com,6674903513,Payment,Pre-Paid via OTA,,,,Prepaid via Booking.com,system@eviivo.com,27-Sep-26 22:44:51.079,,27-Sep-26 22:44:50.840,,,,,,,£ 0.00,£ 312.50,,,£ 312.50,Total Paid,,"£ 3,165.10",£ 15.00,£ 229.54,"£ 3,409.64","£ 127,447.80","£ 29,248.56",-£ 260.00,"£ 159,846.00"
Payments,Balance Transfers - to be paid by:,Payment Date,Payment ID,Guest Name,Group,Company,Property,Room,Order Ref.,Booking Ref,Booked On,Check-In,Check-Out,Channel,OTA Reference,Type,Payment Method,Card Type,Last 4 Digits,Virtual Card,Description,User,Updated,Sent to gateway,Confirmed by gateway,Gateway Reference,Settled Amount,Settled Date,Card,Cash / Bank,Vouchers,Total Paid,OTA,eviivo,Total,27/09/2026 23:17,51467457,Selina Kumar,,,Hotel Orlando by PLI,Flat 2 ( Basement Orlando ),RQL-345-936,651-935-924,,Pre-arrival,27/09/2026 21:46,28-Sep-2026,01-Oct-2026,Expedia & Affiliate Network,2568716364,Payment,Card/VCC via the System,Visa,5825,0,Guest Paid Online,eviivo suite,27-Sep-26 23:17:17.301,27-Sep-26 23:17:15.137,27-Sep-26 23:17:16.903,pi_3UKQNjR78xpaffA02c8MinIc,,,£ 100.00,,,£ 100.00,,,,£ 100.00,Total Paid,,"£ 3,165.10",£ 15.00,£ 229.54,"£ 3,409.64","£ 127,447.80","£ 29,248.56",-£ 260.00,"£ 159,846.00"
Payments,Balance Transfers - to be paid by:,Payment Date,Payment ID,Guest Name,Group,Company,Property,Room,Order Ref.,Booking Ref,Booked On,Check-In,Check-Out,Channel,OTA Reference,Type,Payment Method,Card Type,Last 4 Digits,Virtual Card,Description,User,Updated,Sent to gateway,Confirmed by gateway,Gateway Reference,Settled Amount,Settled Date,Card,Cash / Bank,Vouchers,Total Paid,OTA,eviivo,Total,28/09/2026 00:18,51467860,Guillermo Calvo Sevilla,,,Hotel Orlando by PLI,S Room 28 1st F,RXD-406-414,321-205-631,,On Account,28/09/2026 00:18,01-Oct-2026,05-Oct-2026,Expedia & Affiliate Network,2568795964,Payment,Pre-Paid via OTA,,,,Extras prepaid via Expedia,system@eviivo.com,28-Sep-26 00:18:10.108,,28-Sep-26 00:18:09.376,,,,,,,£ 0.00,,£ 297.18,,£ 297.18,Total Paid,,"£ 3,165.10",£ 15.00,£ 229.54,"£ 3,409.64","£ 127,447.80","£ 29,248.56",-£ 260.00,"£ 159,846.00"
Payments,Balance Transfers - to be paid by:,Payment Date,Payment ID,Guest Name,Group,Company,Property,Room,Order Ref.,Booking Ref,Booked On,Check-In,Check-Out,Channel,OTA Reference,Type,Payment Method,Card Type,Last 4 Digits,Virtual Card,Description,User,Updated,Sent to gateway,Confirmed by gateway,Gateway Reference,Settled Amount,Settled Date,Card,Cash / Bank,Vouchers,Total Paid,OTA,eviivo,Total,28/09/2026 07:27,51469418,Robin Dennis,,,Hotel Orlando by PLI,Room 7 Mid-First Floor,VNW-082-861,969-864-912,,Pre-arrival,28/09/2026 07:27,29-Sep-2026,30-Sep-2026,Booking.com,6674922638,Payment,Pre-Paid via OTA,,,,Prepaid via Booking.com,system@eviivo.com,28-Sep-26 07:27:25.819,,28-Sep-26 07:27:25.473,,,,,,,£ 0.00,£ 64.10,,,£ 64.10,Total Paid,,"£ 3,165.10",£ 15.00,£ 229.54,"£ 3,409.64","£ 127,447.80","£ 29,248.56",-£ 260.00,"£ 159,846.00"
Payments,Balance Transfers - to be paid by:,Payment Date,Payment ID,Guest Name,Group,Company,Property,Room,Order Ref.,Booking Ref,Booked On,Check-In,Check-Out,Channel,OTA Reference,Type,Payment Method,Card Type,Last 4 Digits,Virtual Card,Description,User,Updated,Sent to gateway,Confirmed by gateway,Gateway Reference,Settled Amount,Settled Date,Card,Cash / Bank,Vouchers,Total Paid,OTA,eviivo,Total,28/09/2026 10:14,51472210,Michael Stocker,,,Hotel Orlando by PLI,Room 3 BF W/Microwave,MIK-993-206,943-553-061,,Post Checkout,04/08/2026 21:31,26-Sep-2026,27-Sep-2026,Expedia & Affiliate Network,2526669160,Refund,Card/VCC via the System,Visa,3026,0,,shams.ihab@crownbs.com,28-Sep-26 10:14:05.097,28-Sep-26 10:14:03.933,28-Sep-26 10:14:04.893,re_3UJt5AR78xpaffA00Y8lsGx7,,,-£ 100.00,,,-£ 100.00,,,,- £ 100.00,Total Paid,,"£ 3,165.10",£ 15.00,£ 229.54,"£ 3,409.64","£ 127,447.80","£ 29,248.56",-£ 260.00,"£ 159,846.00"
Payments,Balance Transfers - to be paid by:,Payment Date,Payment ID,Guest Name,Group,Company,Property,Room,Order Ref.,Booking Ref,Booked On,Check-In,Check-Out,Channel,OTA Reference,Type,Payment Method,Card Type,Last 4 Digits,Virtual Card,Description,User,Updated,Sent to gateway,Confirmed by gateway,Gateway Reference,Settled Amount,Settled Date,Card,Cash / Bank,Vouchers,Total Paid,OTA,eviivo,Total,28/09/2026 10:15,51472237,Oluseun Abraham,,,Hotel Orlando by PLI,Room 11 2nd Floor,VAJ-086-048,951-130-124,,Post Checkout,16/09/2026 20:47,26-Sep-2026,27-Sep-2026,Booking.com,5005268283,Refund,Card/VCC via the System,Mastercard,6109,0,,shams.ihab@crownbs.com,28-Sep-26 10:15:12.539,28-Sep-26 10:15:11.330,28-Sep-26 10:15:12.317,re_3UJceSR78xpaffA00bjXIUaH,,,-£ 100.00,,,-£ 100.00,,,,- £ 100.00,Total Paid,,"£ 3,165.10",£ 15.00,£ 229.54,"£ 3,409.64","£ 127,447.80","£ 29,248.56",-£ 260.00,"£ 159,846.00"
Payments,Balance Transfers - to be paid by:,Payment Date,Payment ID,Guest Name,Group,Company,Property,Room,Order Ref.,Booking Ref,Booked On,Check-In,Check-Out,Channel,OTA Reference,Type,Payment Method,Card Type,Last 4 Digits,Virtual Card,Description,User,Updated,Sent to gateway,Confirmed by gateway,Gateway Reference,Settled Amount,Settled Date,Card,Cash / Bank,Vouchers,Total Paid,OTA,eviivo,Total,28/09/2026 10:16,51472256,Motoyama Maho,,,Hotel Orlando by PLI,S Room 17 BF,QXE-973-354,510-042-611,,Post Checkout,21/09/2026 15:33,26-Sep-2026,27-Sep-2026,Booking.com,6797499459,Refund,Card/VCC via the System,Visa,1510,0,,shams.ihab@crownbs.com,28-Sep-26 10:16:03.809,28-Sep-26 10:16:02.367,28-Sep-26 10:16:03.363,re_3UJw13R78xpaffA00K2Q4YYO,,,-£ 100.00,,,-£ 100.00,,,,- £ 100.00,Total Paid,,"£ 3,165.10",£ 15.00,£ 229.54,"£ 3,409.64","£ 127,447.80","£ 29,248.56",-£ 260.00,"£ 159,846.00"
Payments,Balance Transfers - to be paid by:,Payment Date,Payment ID,Guest Name,Group,Company,Property,Room,Order Ref.,Booking Ref,Booked On,Check-In,Check-Out,Channel,OTA Reference,Type,Payment Method,Card Type,Last 4 Digits,Virtual Card,Description,User,Updated,Sent to gateway,Confirmed by gateway,Gateway Reference,Settled Amount,Settled Date,Card,Cash / Bank,Vouchers,Total Paid,OTA,eviivo,Total,28/09/2026 10:16,51472263,Najmi Mehran,,,Hotel Orlando by PLI,Flat 20 ( Basement sino ),EEA-221-173,192-509-862,,Post Checkout,23/09/2026 15:45,27-Sep-2026,28-Sep-2026,Booking.com,5015477423,Refund,Card/VCC via the System,Visa,5433,0,,shams.ihab@crownbs.com,28-Sep-26 10:16:31.422,28-Sep-26 10:16:30.193,28-Sep-26 10:16:31.143,re_3UKKI5R78xpaffA02GjU4Xyf,,,-£ 100.00,,,-£ 100.00,,,,- £ 100.00,Total Paid,,"£ 3,165.10",£ 15.00,£ 229.54,"£ 3,409.64","£ 127,447.80","£ 29,248.56",-£ 260.00,"£ 159,846.00"
Payments,Balance Transfers - to be paid by:,Payment Date,Payment ID,Guest Name,Group,Company,Property,Room,Order Ref.,Booking Ref,Booked On,Check-In,Check-Out,Channel,OTA Reference,Type,Payment Method,Card Type,Last 4 Digits,Virtual Card,Description,User,Updated,Sent to gateway,Confirmed by gateway,Gateway Reference,Settled Amount,Settled Date,Card,Cash / Bank,Vouchers,Total Paid,OTA,eviivo,Total,28/09/2026 10:17,51472273,Teresa Villalba Agustin,,,Hotel Orlando by PLI,S Room 26 1st F - W/Fridge,AXG-541-557,204-049-062,,Post Checkout,03/09/2026 19:21,26-Sep-2026,27-Sep-2026,Booking.com,5855109960,Refund,Card/VCC via the System,Mastercard,6174,0,,shams.ihab@crownbs.com,28-Sep-26 10:17:16.701,28-Sep-26 10:17:15.490,28-Sep-26 10:17:16.507,re_3UJuRqR78xpaffA01BndE32Z,,,-£ 100.00,,,-£ 100.00,,,,- £ 100.00,Total Paid,,"£ 3,165.10",£ 15.00,£ 229.54,"£ 3,409.64","£ 127,447.80","£ 29,248.56",-£ 260.00,"£ 159,846.00"
Payments,Balance Transfers - to be paid by:,Payment Date,Payment ID,Guest Name,Group,Company,Property,Room,Order Ref.,Booking Ref,Booked On,Check-In,Check-Out,Channel,OTA Reference,Type,Payment Method,Card Type,Last 4 Digits,Virtual Card,Description,User,Updated,Sent to gateway,Confirmed by gateway,Gateway Reference,Settled Amount,Settled Date,Card,Cash / Bank,Vouchers,Total Paid,OTA,eviivo,Total,28/09/2026 10:17,51472292,Sato Nana,,,Hotel Orlando by PLI,S Room 32 2nd F,KAC-075-918,069-150-514,,Post Checkout,21/09/2026 15:15,27-Sep-2026,28-Sep-2026,Booking.com,6657739573,Refund,Card/VCC via the System,Visa,1012,0,,shams.ihab@crownbs.com,28-Sep-26 10:17:58.741,28-Sep-26 10:17:57.590,28-Sep-26 10:17:58.583,re_3UKHSXR78xpaffA00hWPbUmO,,,-£ 100.00,,,-£ 100.00,,,,- £ 100.00,Total Paid,,"£ 3,165.10",£ 15.00,£ 229.54,"£ 3,409.64","£ 127,447.80","£ 29,248.56",-£ 260.00,"£ 159,846.00"
Payments,Balance Transfers - to be paid by:,Payment Date,Payment ID,Guest Name,Group,Company,Property,Room,Order Ref.,Booking Ref,Booked On,Check-In,Check-Out,Channel,OTA Reference,Type,Payment Method,Card Type,Last 4 Digits,Virtual Card,Description,User,Updated,Sent to gateway,Confirmed by gateway,Gateway Reference,Settled Amount,Settled Date,Card,Cash / Bank,Vouchers,Total Paid,OTA,eviivo,Total,28/09/2026 10:20,51472349,Leo Cooke,,,Hotel Orlando by PLI,S Room 32 2nd F,DGW-117-637,528-292-601,,Post Checkout,05/09/2026 19:23,26-Sep-2026,27-Sep-2026,Booking.com,6358946274,Refund,Card/VCC via the System,Mastercard,8283,0,,shams.ihab@crownbs.com,28-Sep-26 10:20:26.036,28-Sep-26 10:20:24.607,28-Sep-26 10:20:25.770,re_3UJzBOR78xpaffA02YBfEMKX,,,-£ 100.00,,,-£ 100.00,,,,- £ 100.00,Total Paid,,"£ 3,165.10",£ 15.00,£ 229.54,"£ 3,409.64","£ 127,447.80","£ 29,248.56",-£ 260.00,"£ 159,846.00"
Payments,Balance Transfers - to be paid by:,Payment Date,Payment ID,Guest Name,Group,Company,Property,Room,Order Ref.,Booking Ref,Booked On,Check-In,Check-Out,Channel,OTA Reference,Type,Payment Method,Card Type,Last 4 Digits,Virtual Card,Description,User,Updated,Sent to gateway,Confirmed by gateway,Gateway Reference,Settled Amount,Settled Date,Card,Cash / Bank,Vouchers,Total Paid,OTA,eviivo,Total,28/09/2026 10:20,51472369,DANIEL SEDANO,,,Hotel Orlando by PLI,S Room 33 3rd F - W/Microwave &Fridge,DQB-302-882,816-614-292,,Post Checkout,20/03/2026 22:19,26-Sep-2026,27-Sep-2026,Booking.com,5669626302,Refund,Card/VCC via the System,Visa,9740,0,,shams.ihab@crownbs.com,28-Sep-26 10:20:57.501,28-Sep-26 10:20:56.407,28-Sep-26 10:20:57.337,re_3UJtb7R78xpaffA02J7LOXGe,,,-£ 100.00,,,-£ 100.00,,,,- £ 100.00,Total Paid,,"£ 3,165.10",£ 15.00,£ 229.54,"£ 3,409.64","£ 127,447.80","£ 29,248.56",-£ 260.00,"£ 159,846.00"
Payments,Balance Transfers - to be paid by:,Payment Date,Payment ID,Guest Name,Group,Company,Property,Room,Order Ref.,Booking Ref,Booked On,Check-In,Check-Out,Channel,OTA Reference,Type,Payment Method,Card Type,Last 4 Digits,Virtual Card,Description,User,Updated,Sent to gateway,Confirmed by gateway,Gateway Reference,Settled Amount,Settled Date,Card,Cash / Bank,Vouchers,Total Paid,OTA,eviivo,Total,,51473312,shayne tregale,,,Hotel Orlando by PLI,S Room 34 3rd F,FSB-396-593,841-820-681,,On Account,28/09/2026 11:12,27-Mar-2027,28-Mar-2027,Booking.com,6217553239,(see above/below),(see above/below),,,,,system@eviivo.com,,,,,,,,,,£ 0.00,,,,,Total Paid,,"£ 3,165.10",£ 15.00,£ 229.54,"£ 3,409.64","£ 127,447.80","£ 29,248.56",-£ 260.00,"£ 159,846.00"
Payments,Balance Transfers - to be paid by:,Payment Date,Payment ID,Guest Name,Group,Company,Property,Room,Order Ref.,Booking Ref,Booked On,Check-In,Check-Out,Channel,OTA Reference,Type,Payment Method,Card Type,Last 4 Digits,Virtual Card,Description,User,Updated,Sent to gateway,Confirmed by gateway,Gateway Reference,Settled Amount,Settled Date,Card,Cash / Bank,Vouchers,Total Paid,OTA,eviivo,Total,28/09/2026 11:12,51473312,Louise wedmore,,,Hotel Orlando by PLI,S Room 18 BF,FSB-396-593,859-328-432,,Pre-arrival,28/09/2026 11:12,27-Mar-2027,28-Mar-2027,Booking.com,6217553239,Payment,Pre-Paid via OTA,,,,Prepaid via Booking.com,system@eviivo.com,28-Sep-26 11:12:15.512,,28-Sep-26 11:12:14.990,,,,,,,£ 0.00,£ 189.40,,,£ 189.40,Total Paid,,"£ 3,165.10",£ 15.00,£ 229.54,"£ 3,409.64","£ 127,447.80","£ 29,248.56",-£ 260.00,"£ 159,846.00"
Payments,Balance Transfers - to be paid by:,Payment Date,Payment ID,Guest Name,Group,Company,Property,Room,Order Ref.,Booking Ref,Booked On,Check-In,Check-Out,Channel,OTA Reference,Type,Payment Method,Card Type,Last 4 Digits,Virtual Card,Description,User,Updated,Sent to gateway,Confirmed by gateway,Gateway Reference,Settled Amount,Settled Date,Card,Cash / Bank,Vouchers,Total Paid,OTA,eviivo,Total,28/09/2026 11:37,51473834,Sam Raymond,,,Hotel Orlando by PLI,Room 9 1st Floor,KCH-830-628,345-213-951,,Pre-arrival,28/09/2026 11:37,29-Sep-2026,01-Oct-2026,Booking.com,5944275716,Payment,Pre-Paid via OTA,,,,Prepaid via Booking.com,system@eviivo.com,28-Sep-26 11:37:33.453,,28-Sep-26 11:37:33.230,,,,,,,£ 0.00,£ 135.20,,,£ 135.20,Total Paid,,"£ 3,165.10",£ 15.00,£ 229.54,"£ 3,409.64","£ 127,447.80","£ 29,248.56",-£ 260.00,"£ 159,846.00"
Payments,Balance Transfers - to be paid by:,Payment Date,Payment ID,Guest Name,Group,Company,Property,Room,Order Ref.,Booking Ref,Booked On,Check-In,Check-Out,Channel,OTA Reference,Type,Payment Method,Card Type,Last 4 Digits,Virtual Card,Description,User,Updated,Sent to gateway,Confirmed by gateway,Gateway Reference,Settled Amount,Settled Date,Card,Cash / Bank,Vouchers,Total Paid,OTA,eviivo,Total,28/09/2026 12:47,51475144,Giada Iachini Coccagna,,,Hotel Orlando by PLI,Room 14 2nd Floor,JML-384-213,665-418-514,,Pre-arrival,28/09/2026 12:47,28-Nov-2026,04-Dec-2026,Booking.com,6634923941,Payment,Pre-Paid via OTA,,,,Prepaid via Booking.com,system@eviivo.com,28-Sep-26 12:47:25.855,,28-Sep-26 12:47:25.450,,,,,,,£ 0.00,£ 504.20,,,£ 504.20,Total Paid,,"£ 3,165.10",£ 15.00,£ 229.54,"£ 3,409.64","£ 127,447.80","£ 29,248.56",-£ 260.00,"£ 159,846.00"
Payments,Balance Transfers - to be paid by:,Payment Date,Payment ID,Guest Name,Group,Company,Property,Room,Order Ref.,Booking Ref,Booked On,Check-In,Check-Out,Channel,OTA Reference,Type,Payment Method,Card Type,Last 4 Digits,Virtual Card,Description,User,Updated,Sent to gateway,Confirmed by gateway,Gateway Reference,Settled Amount,Settled Date,Card,Cash / Bank,Vouchers,Total Paid,OTA,eviivo,Total,28/09/2026 13:27,51475962,Arsen Kotsyuk,,,Hotel Orlando by PLI,Flat 20 ( Basement sino ),YLC-136-552,664-102-084,,Pre-arrival,28/09/2026 13:27,30-Sep-2026,02-Oct-2026,Airbnb,HMEQ2R8YPY,Payment,Pre-Paid via OTA,,,,Extras prepaid via Airbnb,system@eviivo.com,28-Sep-26 13:27:33.007,,28-Sep-26 13:27:32.310,,,,,,,£ 0.00,£ 161.00,,,£ 161.00,Total Paid,,"£ 3,165.10",£ 15.00,£ 229.54,"£ 3,409.64","£ 127,447.80","£ 29,248.56",-£ 260.00,"£ 159,846.00"
Payments,Balance Transfers - to be paid by:,Payment Date,Payment ID,Guest Name,Group,Company,Property,Room,Order Ref.,Booking Ref,Booked On,Check-In,Check-Out,Channel,OTA Reference,Type,Payment Method,Card Type,Last 4 Digits,Virtual Card,Description,User,Updated,Sent to gateway,Confirmed by gateway,Gateway Reference,Settled Amount,Settled Date,Card,Cash / Bank,Vouchers,Total Paid,OTA,eviivo,Total,28/09/2026 13:42,51476272,Ibrahim Karadag,,,Hotel Orlando by PLI,Room 15 3rd Floor,QOT-335-576,308-908-404,,On Account,28/09/2026 13:42,01-Oct-2026,06-Oct-2026,Expedia & Affiliate Network,2569174071,Payment,Pre-Paid via OTA,,,,Extras prepaid via Expedia Affiliate Network,system@eviivo.com,28-Sep-26 13:42:19.459,,28-Sep-26 13:42:17.616,,,,,,,£ 0.00,,£ 364.97,,£ 364.97,Total Paid,,"£ 3,165.10",£ 15.00,£ 229.54,"£ 3,409.64","£ 127,447.80","£ 29,248.56",-£ 260.00,"£ 159,846.00"
Payments,Balance Transfers - to be paid by:,Payment Date,Payment ID,Guest Name,Group,Company,Property,Room,Order Ref.,Booking Ref,Booked On,Check-In,Check-Out,Channel,OTA Reference,Type,Payment Method,Card Type,Last 4 Digits,Virtual Card,Description,User,Updated,Sent to gateway,Confirmed by gateway,Gateway Reference,Settled Amount,Settled Date,Card,Cash / Bank,Vouchers,Total Paid,OTA,eviivo,Total,28/09/2026 15:31,51479650,Žgajnar Tija,,,Hotel Orlando by PLI,Room 1 BF,OKW-551-270,943-905-484,,Pre-arrival,28/09/2026 15:31,06-Jan-2027,13-Jan-2027,Booking.com,6217586838,Payment,Pre-Paid via OTA,,,,Prepaid via Booking.com,system@eviivo.com,28-Sep-26 15:31:08.926,,28-Sep-26 15:31:08.673,,,,,,,£ 0.00,£ 341.30,,,£ 341.30,Total Paid,,"£ 3,165.10",£ 15.00,£ 229.54,"£ 3,409.64","£ 127,447.80","£ 29,248.56",-£ 260.00,"£ 159,846.00"
Payments,Balance Transfers - to be paid by:,Payment Date,Payment ID,Guest Name,Group,Company,Property,Room,Order Ref.,Booking Ref,Booked On,Check-In,Check-Out,Channel,OTA Reference,Type,Payment Method,Card Type,Last 4 Digits,Virtual Card,Description,User,Updated,Sent to gateway,Confirmed by gateway,Gateway Reference,Settled Amount,Settled Date,Card,Cash / Bank,Vouchers,Total Paid,OTA,eviivo,Total,28/09/2026 20:23,51485200,Steve Feugier,,,Hotel Orlando by PLI,S Room 23 GF,LJL-129-128,112-514-322,,On Account,28/09/2026 20:23,21-Nov-2026,24-Nov-2026,Expedia & Affiliate Network,2569466174,Payment,Pre-Paid via OTA,,,,Extras prepaid via Expedia Affiliate Network,system@eviivo.com,28-Sep-26 20:23:57.916,,28-Sep-26 20:23:57.386,,,,,,,£ 0.00,,£ 294.00,,£ 294.00,Total Paid,,"£ 3,165.10",£ 15.00,£ 229.54,"£ 3,409.64","£ 127,447.80","£ 29,248.56",-£ 260.00,"£ 159,846.00"
Payments,Balance Transfers - to be paid by:,Payment Date,Payment ID,Guest Name,Group,Company,Property,Room,Order Ref.,Booking Ref,Booked On,Check-In,Check-Out,Channel,OTA Reference,Type,Payment Method,Card Type,Last 4 Digits,Virtual Card,Description,User,Updated,Sent to gateway,Confirmed by gateway,Gateway Reference,Settled Amount,Settled Date,Card,Cash / Bank,Vouchers,Total Paid,OTA,eviivo,Total,28/09/2026 20:25,51485226,Cicha Olga,,,Hotel Orlando by PLI,Room 6 GF,NIN-928-292,423-482-441,,Post Checkout,12/03/2026 18:39,19-Sep-2026,20-Sep-2026,Booking.com,6370722291,Refund,Card/VCC via the System,Visa,1102,0,,mohammed.samy@crownbs.com,28-Sep-26 20:25:20.858,28-Sep-26 20:25:18.637,28-Sep-26 20:25:20.097,re_3UHNQ5R78xpaffA00Ltx1CEx,,,-£ 100.00,,,-£ 100.00,,,,- £ 100.00,Total Paid,,"£ 3,165.10",£ 15.00,£ 229.54,"£ 3,409.64","£ 127,447.80","£ 29,248.56",-£ 260.00,"£ 159,846.00"
Payments,Balance Transfers - to be paid by:,Payment Date,Payment ID,Guest Name,Group,Company,Property,Room,Order Ref.,Booking Ref,Booked On,Check-In,Check-Out,Channel,OTA Reference,Type,Payment Method,Card Type,Last 4 Digits,Virtual Card,Description,User,Updated,Sent to gateway,Confirmed by gateway,Gateway Reference,Settled Amount,Settled Date,Card,Cash / Bank,Vouchers,Total Paid,OTA,eviivo,Total,28/09/2026 20:42,51485540,Andrea Mordenti,,,Hotel Orlando by PLI,Room 3 BF W/Microwave,UKU-338-753,659-662-684,,Pre-arrival,28/09/2026 20:42,20-Nov-2026,22-Nov-2026,Booking.com,5198942146,Payment,Pre-Paid via OTA,,,,Prepaid via Booking.com,system@eviivo.com,28-Sep-26 20:42:34.131,,28-Sep-26 20:42:33.706,,,,,,,£ 0.00,£ 245.90,,,£ 245.90,Total Paid,,"£ 3,165.10",£ 15.00,£ 229.54,"£ 3,409.64","£ 127,447.80","£ 29,248.56",-£ 260.00,"£ 159,846.00"
Payments,Balance Transfers - to be paid by:,Payment Date,Payment ID,Guest Name,Group,Company,Property,Room,Order Ref.,Booking Ref,Booked On,Check-In,Check-Out,Channel,OTA Reference,Type,Payment Method,Card Type,Last 4 Digits,Virtual Card,Description,User,Updated,Sent to gateway,Confirmed by gateway,Gateway Reference,Settled Amount,Settled Date,Card,Cash / Bank,Vouchers,Total Paid,OTA,eviivo,Total,28/09/2026 20:50,51485646,Amber Oliver,,,Hotel Orlando by PLI,Room 3 BF W/Microwave,KXW-949-182,001-054-462,,On Account,28/09/2026 20:50,03-Oct-2026,04-Oct-2026,Expedia & Affiliate Network,2569484487,Payment,Pre-Paid via OTA,,,,Extras prepaid via Expedia Affiliate Network,system@eviivo.com,28-Sep-26 20:50:22.610,,28-Sep-26 20:50:21.583,,,,,,,£ 0.00,,£ 133.39,,£ 133.39,Total Paid,,"£ 3,165.10",£ 15.00,£ 229.54,"£ 3,409.64","£ 127,447.80","£ 29,248.56",-£ 260.00,"£ 159,846.00"
Payments,Balance Transfers - to be paid by:,Payment Date,Payment ID,Guest Name,Group,Company,Property,Room,Order Ref.,Booking Ref,Booked On,Check-In,Check-Out,Channel,OTA Reference,Type,Payment Method,Card Type,Last 4 Digits,Virtual Card,Description,User,Updated,Sent to gateway,Confirmed by gateway,Gateway Reference,Settled Amount,Settled Date,Card,Cash / Bank,Vouchers,Total Paid,OTA,eviivo,Total,28/09/2026 21:46,51486436,Víctor Chicaiza,,,Hotel Orlando by PLI,Room 11 2nd Floor,YON-488-613,649-043-352,,Pre-arrival,28/09/2026 21:46,29-Sep-2026,30-Sep-2026,Booking.com,6217510762,Payment,Pre-Paid via OTA,,,,Prepaid via Booking.com,system@eviivo.com,28-Sep-26 21:46:28.351,,28-Sep-26 21:46:28.160,,,,,,,£ 0.00,£ 66.80,,,£ 66.80,Total Paid,,"£ 3,165.10",£ 15.00,£ 229.54,"£ 3,409.64","£ 127,447.80","£ 29,248.56",-£ 260.00,"£ 159,846.00"
Payments,Balance Transfers - to be paid by:,Payment Date,Payment ID,Guest Name,Group,Company,Property,Room,Order Ref.,Booking Ref,Booked On,Check-In,Check-Out,Channel,OTA Reference,Type,Payment Method,Card Type,Last 4 Digits,Virtual Card,Description,User,Updated,Sent to gateway,Confirmed by gateway,Gateway Reference,Settled Amount,Settled Date,Card,Cash / Bank,Vouchers,Total Paid,OTA,eviivo,Total,28/09/2026 23:15,51487388, Amina Belghomari,,,Hotel Orlando by PLI,Room 6 GF,ZKN-608-391,225-368-904,,Pre-arrival,28/09/2026 12:05,29-Sep-2026,30-Sep-2026,,,Payment,Card/VCC via the System,Mastercard,7483,0,Guest Paid Online,eviivo suite,28-Sep-26 23:15:45.489,28-Sep-26 23:15:42.417,28-Sep-26 23:15:45.183,pi_3UKmpmR78xpaffA009bsONLp,,,£ 65.00,,,£ 65.00,,,,£ 65.00,Total Paid,,"£ 3,165.10",£ 15.00,£ 229.54,"£ 3,409.64","£ 127,447.80","£ 29,248.56",-£ 260.00,"£ 159,846.00"
Payments,Balance Transfers - to be paid by:,Payment Date,Payment ID,Guest Name,Group,Company,Property,Room,Order Ref.,Booking Ref,Booked On,Check-In,Check-Out,Channel,OTA Reference,Type,Payment Method,Card Type,Last 4 Digits,Virtual Card,Description,User,Updated,Sent to gateway,Confirmed by gateway,Gateway Reference,Settled Amount,Settled Date,Card,Cash / Bank,Vouchers,Total Paid,OTA,eviivo,Total,28/09/2026 23:43,51487550,Erico Daniel Ucles pomares,,,Hotel Orlando by PLI,Flat 20 ( Basement sino ),XWS-010-069,988-623-804,,Pre-arrival,28/09/2026 23:43,26-Feb-2027,01-Mar-2027,Booking.com,6724894551,Payment,Pre-Paid via OTA,,,,Prepaid via Booking.com,system@eviivo.com,28-Sep-26 23:43:01.211,,28-Sep-26 23:43:01.020,,,,,,,£ 0.00,£ 195.50,,,£ 195.50,Total Paid,,"£ 3,165.10",£ 15.00,£ 229.54,"£ 3,409.64","£ 127,447.80","£ 29,248.56",-£ 260.00,"£ 159,846.00"
Payments,Balance Transfers - to be paid by:,Payment Date,Payment ID,Guest Name,Group,Company,Property,Room,Order Ref.,Booking Ref,Booked On,Check-In,Check-Out,Channel,OTA Reference,Type,Payment Method,Card Type,Last 4 Digits,Virtual Card,Description,User,Updated,Sent to gateway,Confirmed by gateway,Gateway Reference,Settled Amount,Settled Date,Card,Cash / Bank,Vouchers,Total Paid,OTA,eviivo,Total,,51488602,Tonantzin Tapia Garduño,,,Hotel Orlando by PLI,Flat 2 ( Basement Orlando ),WOX-882-392,086-568-454,,On Account,29/09/2026 04:25,26-Dec-2026,29-Dec-2026,Booking.com,6259902319,(see above/below),(see above/below),,,,,system@eviivo.com,,,,,,,,,,£ 0.00,,,,,Total Paid,,"£ 3,165.10",£ 15.00,£ 229.54,"£ 3,409.64","£ 127,447.80","£ 29,248.56",-£ 260.00,"£ 159,846.00"
Payments,Balance Transfers - to be paid by:,Payment Date,Payment ID,Guest Name,Group,Company,Property,Room,Order Ref.,Booking Ref,Booked On,Check-In,Check-Out,Channel,OTA Reference,Type,Payment Method,Card Type,Last 4 Digits,Virtual Card,Description,User,Updated,Sent to gateway,Confirmed by gateway,Gateway Reference,Settled Amount,Settled Date,Card,Cash / Bank,Vouchers,Total Paid,OTA,eviivo,Total,,51488602,Tonantzin Tapia Garduño,,,Hotel Orlando by PLI,Room 11 2nd Floor,WOX-882-392,116-523-682,,On Account,29/09/2026 04:25,26-Dec-2026,29-Dec-2026,Booking.com,6259902319,(see above/below),(see above/below),,,,,system@eviivo.com,,,,,,,,,,£ 0.00,,,,,Total Paid,,"£ 3,165.10",£ 15.00,£ 229.54,"£ 3,409.64","£ 127,447.80","£ 29,248.56",-£ 260.00,"£ 159,846.00"
Payments,Balance Transfers - to be paid by:,Payment Date,Payment ID,Guest Name,Group,Company,Property,Room,Order Ref.,Booking Ref,Booked On,Check-In,Check-Out,Channel,OTA Reference,Type,Payment Method,Card Type,Last 4 Digits,Virtual Card,Description,User,Updated,Sent to gateway,Confirmed by gateway,Gateway Reference,Settled Amount,Settled Date,Card,Cash / Bank,Vouchers,Total Paid,OTA,eviivo,Total,,51488602,Tonantzin Tapia Garduño,,,Hotel Orlando by PLI,S Room 31 2nd FF,WOX-882-392,148-150-452,,On Account,29/09/2026 04:25,26-Dec-2026,29-Dec-2026,Booking.com,6259902319,(see above/below),(see above/below),,,,,system@eviivo.com,,,,,,,,,,£ 0.00,,,,,Total Paid,,"£ 3,165.10",£ 15.00,£ 229.54,"£ 3,409.64","£ 127,447.80","£ 29,248.56",-£ 260.00,"£ 159,846.00"
Payments,Balance Transfers - to be paid by:,Payment Date,Payment ID,Guest Name,Group,Company,Property,Room,Order Ref.,Booking Ref,Booked On,Check-In,Check-Out,Channel,OTA Reference,Type,Payment Method,Card Type,Last 4 Digits,Virtual Card,Description,User,Updated,Sent to gateway,Confirmed by gateway,Gateway Reference,Settled Amount,Settled Date,Card,Cash / Bank,Vouchers,Total Paid,OTA,eviivo,Total,29/09/2026 04:26,51488602,Tonantzin Tapia Garduño,,,Hotel Orlando by PLI,Room 7 Mid-First Floor,WOX-882-392,321-924-811,,Pre-arrival,29/09/2026 04:25,26-Dec-2026,29-Dec-2026,Booking.com,6259902319,Payment,Pre-Paid via OTA,,,,Prepaid via Booking.com,system@eviivo.com,29-Sep-26 04:26:08.197,,29-Sep-26 04:26:07.130,,,,,,,£ 0.00,"£ 1,558.00",,,"£ 1,558.00",Total Paid,,"£ 3,165.10",£ 15.00,£ 229.54,"£ 3,409.64","£ 127,447.80","£ 29,248.56",-£ 260.00,"£ 159,846.00"
Payments,Balance Transfers - to be paid by:,Payment Date,Payment ID,Guest Name,Group,Company,Property,Room,Order Ref.,Booking Ref,Booked On,Check-In,Check-Out,Channel,OTA Reference,Type,Payment Method,Card Type,Last 4 Digits,Virtual Card,Description,User,Updated,Sent to gateway,Confirmed by gateway,Gateway Reference,Settled Amount,Settled Date,Card,Cash / Bank,Vouchers,Total Paid,OTA,eviivo,Total,,51488602,Tonantzin Tapia Garduño,,,Hotel Orlando by PLI,Room 1 BF,WOX-882-392,535-263-641,,On Account,29/09/2026 04:25,26-Dec-2026,29-Dec-2026,Booking.com,6259902319,(see above/below),(see above/below),,,,,system@eviivo.com,,,,,,,,,,£ 0.00,,,,,Total Paid,,"£ 3,165.10",£ 15.00,£ 229.54,"£ 3,409.64","£ 127,447.80","£ 29,248.56",-£ 260.00,"£ 159,846.00"
Payments,Balance Transfers - to be paid by:,Payment Date,Payment ID,Guest Name,Group,Company,Property,Room,Order Ref.,Booking Ref,Booked On,Check-In,Check-Out,Channel,OTA Reference,Type,Payment Method,Card Type,Last 4 Digits,Virtual Card,Description,User,Updated,Sent to gateway,Confirmed by gateway,Gateway Reference,Settled Amount,Settled Date,Card,Cash / Bank,Vouchers,Total Paid,OTA,eviivo,Total,29/09/2026 06:45,51489178,Nan Huang,,,Hotel Orlando by PLI,Room 15 3rd Floor,HHV-250-537,989-112-084,,On Account,29/09/2026 06:45,29-Sep-2026,30-Sep-2026,Expedia & Affiliate Network,2569809530,Payment,Pre-Paid via OTA,,,,Extras prepaid via Expedia Affiliate Network,system@eviivo.com,29-Sep-26 06:45:59.735,,29-Sep-26 06:45:58.966,,,,,,,£ 0.00,,£ 63.20,,£ 63.20,Total Paid,,"£ 3,165.10",£ 15.00,£ 229.54,"£ 3,409.64","£ 127,447.80","£ 29,248.56",-£ 260.00,"£ 159,846.00"
Payments,Balance Transfers - to be paid by:,Payment Date,Payment ID,Guest Name,Group,Company,Property,Room,Order Ref.,Booking Ref,Booked On,Check-In,Check-Out,Channel,OTA Reference,Type,Payment Method,Card Type,Last 4 Digits,Virtual Card,Description,User,Updated,Sent to gateway,Confirmed by gateway,Gateway Reference,Settled Amount,Settled Date,Card,Cash / Bank,Vouchers,Total Paid,OTA,eviivo,Total,29/09/2026 06:55,51489234,Julie Julie,,,Hotel Orlando by PLI,Room 7 Mid-First Floor,OCM-989-670,532-694-212,,Pre-arrival,29/09/2026 06:55,29-Dec-2026,02-Jan-2027,Booking.com,6788107508,Payment,Pre-Paid via OTA,,,,Prepaid via Booking.com,system@eviivo.com,29-Sep-26 06:55:47.105,,29-Sep-26 06:55:46.863,,,,,,,£ 0.00,£ 443.90,,,£ 443.90,Total Paid,,"£ 3,165.10",£ 15.00,£ 229.54,"£ 3,409.64","£ 127,447.80","£ 29,248.56",-£ 260.00,"£ 159,846.00"
Payments,Balance Transfers - to be paid by:,Payment Date,Payment ID,Guest Name,Group,Company,Property,Room,Order Ref.,Booking Ref,Booked On,Check-In,Check-Out,Channel,OTA Reference,Type,Payment Method,Card Type,Last 4 Digits,Virtual Card,Description,User,Updated,Sent to gateway,Confirmed by gateway,Gateway Reference,Settled Amount,Settled Date,Card,Cash / Bank,Vouchers,Total Paid,OTA,eviivo,Total,29/09/2026 08:54,51490769,Robin Dennis,,,Hotel Orlando by PLI,Room 7 Mid-First Floor,VNW-082-861,969-864-912,,In House,28/09/2026 07:27,29-Sep-2026,30-Sep-2026,Booking.com,6674922638,Payment,Card/VCC via the System,Visa,2821,0,Guest Paid Online,eviivo suite,29-Sep-26 08:54:04.761,29-Sep-26 08:54:01.387,29-Sep-26 08:54:04.340,pi_3UKvrRR78xpaffA000Xin9gV,,,£ 100.00,,,£ 100.00,,,,£ 100.00,Total Paid,,"£ 3,165.10",£ 15.00,£ 229.54,"£ 3,409.64","£ 127,447.80","£ 29,248.56",-£ 260.00,"£ 159,846.00"
Payments,Balance Transfers - to be paid by:,Payment Date,Payment ID,Guest Name,Group,Company,Property,Room,Order Ref.,Booking Ref,Booked On,Check-In,Check-Out,Channel,OTA Reference,Type,Payment Method,Card Type,Last 4 Digits,Virtual Card,Description,User,Updated,Sent to gateway,Confirmed by gateway,Gateway Reference,Settled Amount,Settled Date,Card,Cash / Bank,Vouchers,Total Paid,OTA,eviivo,Total,29/09/2026 10:31,51492486,Víctor Chicaiza,,,Hotel Orlando by PLI,Room 11 2nd Floor,YON-488-613,649-043-352,,In House,28/09/2026 21:46,29-Sep-2026,30-Sep-2026,Booking.com,6217510762,Payment,Card/VCC via the System,Mastercard,8593,0,Guest Paid Online,eviivo suite,29-Sep-26 10:31:28.494,29-Sep-26 10:31:25.427,29-Sep-26 10:31:28.053,pi_3UKxNhR78xpaffA02S7z11SW,,,£ 100.00,,,£ 100.00,,,,£ 100.00,Total Paid,,"£ 3,165.10",£ 15.00,£ 229.54,"£ 3,409.64","£ 127,447.80","£ 29,248.56",-£ 260.00,"£ 159,846.00"
Payments,Balance Transfers - to be paid by:,Payment Date,Payment ID,Guest Name,Group,Company,Property,Room,Order Ref.,Booking Ref,Booked On,Check-In,Check-Out,Channel,OTA Reference,Type,Payment Method,Card Type,Last 4 Digits,Virtual Card,Description,User,Updated,Sent to gateway,Confirmed by gateway,Gateway Reference,Settled Amount,Settled Date,Card,Cash / Bank,Vouchers,Total Paid,OTA,eviivo,Total,29/09/2026 10:43,51492684,Mathilde Hargreave,,,Hotel Orlando by PLI,Room 7 Mid-First Floor,VTD-011-728,056-343-651,,Pre-arrival,29/09/2026 10:43,02-Jul-2027,04-Jul-2027,Booking.com,5497294308,Payment,Pre-Paid via OTA,,,,Prepaid via Booking.com,system@eviivo.com,29-Sep-26 10:43:04.519,,29-Sep-26 10:43:04.150,,,,,,,£ 0.00,£ 191.00,,,£ 191.00,Total Paid,,"£ 3,165.10",£ 15.00,£ 229.54,"£ 3,409.64","£ 127,447.80","£ 29,248.56",-£ 260.00,"£ 159,846.00"
Payments,Balance Transfers - to be paid by:,Payment Date,Payment ID,Guest Name,Group,Company,Property,Room,Order Ref.,Booking Ref,Booked On,Check-In,Check-Out,Channel,OTA Reference,Type,Payment Method,Card Type,Last 4 Digits,Virtual Card,Description,User,Updated,Sent to gateway,Confirmed by gateway,Gateway Reference,Settled Amount,Settled Date,Card,Cash / Bank,Vouchers,Total Paid,OTA,eviivo,Total,,51492738,Beáta Vajda,,,Hotel Orlando by PLI,S Room 34 3rd F,CRX-635-360,181-325-941,,On Account,29/09/2026 10:45,11-Apr-2027,14-Apr-2027,Booking.com,6477755439,(see above/below),(see above/below),,,,,system@eviivo.com,,,,,,,,,,£ 0.00,,,,,Total Paid,,"£ 3,165.10",£ 15.00,£ 229.54,"£ 3,409.64","£ 127,447.80","£ 29,248.56",-£ 260.00,"£ 159,846.00"
Payments,Balance Transfers - to be paid by:,Payment Date,Payment ID,Guest Name,Group,Company,Property,Room,Order Ref.,Booking Ref,Booked On,Check-In,Check-Out,Channel,OTA Reference,Type,Payment Method,Card Type,Last 4 Digits,Virtual Card,Description,User,Updated,Sent to gateway,Confirmed by gateway,Gateway Reference,Settled Amount,Settled Date,Card,Cash / Bank,Vouchers,Total Paid,OTA,eviivo,Total,29/09/2026 10:45,51492738,Beáta Vajda,,,Hotel Orlando by PLI,Room 9 1st Floor,CRX-635-360,285-101-832,,Pre-arrival,29/09/2026 10:45,11-Apr-2027,14-Apr-2027,Booking.com,6477755439,Payment,Pre-Paid via OTA,,,,Prepaid via Booking.com,system@eviivo.com,29-Sep-26 10:46:00.362,,29-Sep-26 10:45:59.750,,,,,,,£ 0.00,"£ 1,185.40",,,"£ 1,185.40",Total Paid,,"£ 3,165.10",£ 15.00,£ 229.54,"£ 3,409.64","£ 127,447.80","£ 29,248.56",-£ 260.00,"£ 159,846.00"
Payments,Balance Transfers - to be paid by:,Payment Date,Payment ID,Guest Name,Group,Company,Property,Room,Order Ref.,Booking Ref,Booked On,Check-In,Check-Out,Channel,OTA Reference,Type,Payment Method,Card Type,Last 4 Digits,Virtual Card,Description,User,Updated,Sent to gateway,Confirmed by gateway,Gateway Reference,Settled Amount,Settled Date,Card,Cash / Bank,Vouchers,Total Paid,OTA,eviivo,Total,,51492738,Vajda Beáta,,,Hotel Orlando by PLI,S Room 23 GF,CRX-635-360,319-234-562,,On Account,29/09/2026 10:45,11-Apr-2027,14-Apr-2027,Booking.com,6477755439,(see above/below),(see above/below),,,,,system@eviivo.com,,,,,,,,,,£ 0.00,,,,,Total Paid,,"£ 3,165.10",£ 15.00,£ 229.54,"£ 3,409.64","£ 127,447.80","£ 29,248.56",-£ 260.00,"£ 159,846.00"
Payments,Balance Transfers - to be paid by:,Payment Date,Payment ID,Guest Name,Group,Company,Property,Room,Order Ref.,Booking Ref,Booked On,Check-In,Check-Out,Channel,OTA Reference,Type,Payment Method,Card Type,Last 4 Digits,Virtual Card,Description,User,Updated,Sent to gateway,Confirmed by gateway,Gateway Reference,Settled Amount,Settled Date,Card,Cash / Bank,Vouchers,Total Paid,OTA,eviivo,Total,,51492738,Beáta Vajda,,,Hotel Orlando by PLI,Room 4 GF,CRX-635-360,851-804-681,,On Account,29/09/2026 10:45,11-Apr-2027,14-Apr-2027,Booking.com,6477755439,(see above/below),(see above/below),,,,,system@eviivo.com,,,,,,,,,,£ 0.00,,,,,Total Paid,,"£ 3,165.10",£ 15.00,£ 229.54,"£ 3,409.64","£ 127,447.80","£ 29,248.56",-£ 260.00,"£ 159,846.00"
Payments,Balance Transfers - to be paid by:,Payment Date,Payment ID,Guest Name,Group,Company,Property,Room,Order Ref.,Booking Ref,Booked On,Check-In,Check-Out,Channel,OTA Reference,Type,Payment Method,Card Type,Last 4 Digits,Virtual Card,Description,User,Updated,Sent to gateway,Confirmed by gateway,Gateway Reference,Settled Amount,Settled Date,Card,Cash / Bank,Vouchers,Total Paid,OTA,eviivo,Total,,51492738,Beáta Vajda,,,Hotel Orlando by PLI,Flat 20 ( Basement sino ),CRX-635-360,992-838-034,,On Account,29/09/2026 10:45,11-Apr-2027,14-Apr-2027,Booking.com,6477755439,(see above/below),(see above/below),,,,,system@eviivo.com,,,,,,,,,,£ 0.00,,,,,Total Paid,,"£ 3,165.10",£ 15.00,£ 229.54,"£ 3,409.64","£ 127,447.80","£ 29,248.56",-£ 260.00,"£ 159,846.00"
Payments,Balance Transfers - to be paid by:,Payment Date,Payment ID,Guest Name,Group,Company,Property,Room,Order Ref.,Booking Ref,Booked On,Check-In,Check-Out,Channel,OTA Reference,Type,Payment Method,Card Type,Last 4 Digits,Virtual Card,Description,User,Updated,Sent to gateway,Confirmed by gateway,Gateway Reference,Settled Amount,Settled Date,Card,Cash / Bank,Vouchers,Total Paid,OTA,eviivo,Total,,51492839,Karina Kecskeméti,,,Hotel Orlando by PLI,Room 12 2nd Floor,DWR-305-959,322-194-852,,On Account,29/09/2026 10:51,11-Apr-2027,14-Apr-2027,Booking.com,6338022293,(see above/below),(see above/below),,,,,system@eviivo.com,,,,,,,,,,£ 0.00,,,,,Total Paid,,"£ 3,165.10",£ 15.00,£ 229.54,"£ 3,409.64","£ 127,447.80","£ 29,248.56",-£ 260.00,"£ 159,846.00"
Payments,Balance Transfers - to be paid by:,Payment Date,Payment ID,Guest Name,Group,Company,Property,Room,Order Ref.,Booking Ref,Booked On,Check-In,Check-Out,Channel,OTA Reference,Type,Payment Method,Card Type,Last 4 Digits,Virtual Card,Description,User,Updated,Sent to gateway,Confirmed by gateway,Gateway Reference,Settled Amount,Settled Date,Card,Cash / Bank,Vouchers,Total Paid,OTA,eviivo,Total,29/09/2026 10:51,51492839,Karina Kecskeméti,,,Hotel Orlando by PLI,Room 13 2nd Floor,DWR-305-959,453-241-222,,Pre-arrival,29/09/2026 10:51,11-Apr-2027,14-Apr-2027,Booking.com,6338022293,Payment,Pre-Paid via OTA,,,,Prepaid via Booking.com,system@eviivo.com,29-Sep-26 10:51:47.650,,29-Sep-26 10:51:46.740,,,,,,,£ 0.00,"£ 1,423.20",,,"£ 1,423.20",Total Paid,,"£ 3,165.10",£ 15.00,£ 229.54,"£ 3,409.64","£ 127,447.80","£ 29,248.56",-£ 260.00,"£ 159,846.00"
Payments,Balance Transfers - to be paid by:,Payment Date,Payment ID,Guest Name,Group,Company,Property,Room,Order Ref.,Booking Ref,Booked On,Check-In,Check-Out,Channel,OTA Reference,Type,Payment Method,Card Type,Last 4 Digits,Virtual Card,Description,User,Updated,Sent to gateway,Confirmed by gateway,Gateway Reference,Settled Amount,Settled Date,Card,Cash / Bank,Vouchers,Total Paid,OTA,eviivo,Total,,51492839,Karina Kecskeméti,,,Hotel Orlando by PLI,Room 8 1st Floor,DWR-305-959,604-054-121,,On Account,29/09/2026 10:51,11-Apr-2027,14-Apr-2027,Booking.com,6338022293,(see above/below),(see above/below),,,,,system@eviivo.com,,,,,,,,,,£ 0.00,,,,,Total Paid,,"£ 3,165.10",£ 15.00,£ 229.54,"£ 3,409.64","£ 127,447.80","£ 29,248.56",-£ 260.00,"£ 159,846.00"
Payments,Balance Transfers - to be paid by:,Payment Date,Payment ID,Guest Name,Group,Company,Property,Room,Order Ref.,Booking Ref,Booked On,Check-In,Check-Out,Channel,OTA Reference,Type,Payment Method,Card Type,Last 4 Digits,Virtual Card,Description,User,Updated,Sent to gateway,Confirmed by gateway,Gateway Reference,Settled Amount,Settled Date,Card,Cash / Bank,Vouchers,Total Paid,OTA,eviivo,Total,,51492839,Karina Kecskeméti,,,Hotel Orlando by PLI,Flat 2 ( Basement Orlando ),DWR-305-959,615-163-551,,On Account,29/09/2026 10:51,11-Apr-2027,14-Apr-2027,Booking.com,6338022293,(see above/below),(see above/below),,,,,system@eviivo.com,,,,,,,,,,£ 0.00,,,,,Total Paid,,"£ 3,165.10",£ 15.00,£ 229.54,"£ 3,409.64","£ 127,447.80","£ 29,248.56",-£ 260.00,"£ 159,846.00"
Payments,Balance Transfers - to be paid by:,Payment Date,Payment ID,Guest Name,Group,Company,Property,Room,Order Ref.,Booking Ref,Booked On,Check-In,Check-Out,Channel,OTA Reference,Type,Payment Method,Card Type,Last 4 Digits,Virtual Card,Description,User,Updated,Sent to gateway,Confirmed by gateway,Gateway Reference,Settled Amount,Settled Date,Card,Cash / Bank,Vouchers,Total Paid,OTA,eviivo,Total,,51492839,Karina Kecskeméti,,,Hotel Orlando by PLI,Flat 5 ( GF Orlando ) -  Studio,DWR-305-959,629-402-202,,On Account,29/09/2026 10:51,11-Apr-2027,14-Apr-2027,Booking.com,6338022293,(see above/below),(see above/below),,,,,system@eviivo.com,,,,,,,,,,£ 0.00,,,,,Total Paid,,"£ 3,165.10",£ 15.00,£ 229.54,"£ 3,409.64","£ 127,447.80","£ 29,248.56",-£ 260.00,"£ 159,846.00"
Payments,Balance Transfers - to be paid by:,Payment Date,Payment ID,Guest Name,Group,Company,Property,Room,Order Ref.,Booking Ref,Booked On,Check-In,Check-Out,Channel,OTA Reference,Type,Payment Method,Card Type,Last 4 Digits,Virtual Card,Description,User,Updated,Sent to gateway,Confirmed by gateway,Gateway Reference,Settled Amount,Settled Date,Card,Cash / Bank,Vouchers,Total Paid,OTA,eviivo,Total,,51492839,Kecskeméti Karina,,,Hotel Orlando by PLI,S Room 33 3rd F - W/Microwave &Fridge,DWR-305-959,811-445-184,,On Account,29/09/2026 10:51,11-Apr-2027,14-Apr-2027,Booking.com,6338022293,(see above/below),(see above/below),,,,,system@eviivo.com,,,,,,,,,,£ 0.00,,,,,Total Paid,,"£ 3,165.10",£ 15.00,£ 229.54,"£ 3,409.64","£ 127,447.80","£ 29,248.56",-£ 260.00,"£ 159,846.00"
Payments,Balance Transfers - to be paid by:,Payment Date,Payment ID,Guest Name,Group,Company,Property,Room,Order Ref.,Booking Ref,Booked On,Check-In,Check-Out,Channel,OTA Reference,Type,Payment Method,Card Type,Last 4 Digits,Virtual Card,Description,User,Updated,Sent to gateway,Confirmed by gateway,Gateway Reference,Settled Amount,Settled Date,Card,Cash / Bank,Vouchers,Total Paid,OTA,eviivo,Total,29/09/2026 11:09,51493197,Vajda Beáta,,,Hotel Orlando by PLI,Room 7 Mid-First Floor,LID-010-421,033-128-222,,Pre-arrival,29/09/2026 11:09,11-Apr-2027,14-Apr-2027,Booking.com,6338065824,Payment,Pre-Paid via OTA,,,,Prepaid via Booking.com,system@eviivo.com,29-Sep-26 11:09:23.211,,29-Sep-26 11:09:22.160,,,,,,,£ 0.00,"£ 1,470.20",,,"£ 1,470.20",Total Paid,,"£ 3,165.10",£ 15.00,£ 229.54,"£ 3,409.64","£ 127,447.80","£ 29,248.56",-£ 260.00,"£ 159,846.00"
Payments,Balance Transfers - to be paid by:,Payment Date,Payment ID,Guest Name,Group,Company,Property,Room,Order Ref.,Booking Ref,Booked On,Check-In,Check-Out,Channel,OTA Reference,Type,Payment Method,Card Type,Last 4 Digits,Virtual Card,Description,User,Updated,Sent to gateway,Confirmed by gateway,Gateway Reference,Settled Amount,Settled Date,Card,Cash / Bank,Vouchers,Total Paid,OTA,eviivo,Total,,51493197,Beáta Vajda,,,Hotel Orlando by PLI,Room 14 2nd Floor,LID-010-421,081-341-554,,On Account,29/09/2026 11:09,11-Apr-2027,14-Apr-2027,Booking.com,6338065824,(see above/below),(see above/below),,,,,system@eviivo.com,,,,,,,,,,£ 0.00,,,,,Total Paid,,"£ 3,165.10",£ 15.00,£ 229.54,"£ 3,409.64","£ 127,447.80","£ 29,248.56",-£ 260.00,"£ 159,846.00"
Payments,Balance Transfers - to be paid by:,Payment Date,Payment ID,Guest Name,Group,Company,Property,Room,Order Ref.,Booking Ref,Booked On,Check-In,Check-Out,Channel,OTA Reference,Type,Payment Method,Card Type,Last 4 Digits,Virtual Card,Description,User,Updated,Sent to gateway,Confirmed by gateway,Gateway Reference,Settled Amount,Settled Date,Card,Cash / Bank,Vouchers,Total Paid,OTA,eviivo,Total,,51493197,Beáta Vajda,,,Hotel Orlando by PLI,Room 1 BF,LID-010-421,240-200-222,,On Account,29/09/2026 11:09,11-Apr-2027,14-Apr-2027,Booking.com,6338065824,(see above/below),(see above/below),,,,,system@eviivo.com,,,,,,,,,,£ 0.00,,,,,Total Paid,,"£ 3,165.10",£ 15.00,£ 229.54,"£ 3,409.64","£ 127,447.80","£ 29,248.56",-£ 260.00,"£ 159,846.00"
Payments,Balance Transfers - to be paid by:,Payment Date,Payment ID,Guest Name,Group,Company,Property,Room,Order Ref.,Booking Ref,Booked On,Check-In,Check-Out,Channel,OTA Reference,Type,Payment Method,Card Type,Last 4 Digits,Virtual Card,Description,User,Updated,Sent to gateway,Confirmed by gateway,Gateway Reference,Settled Amount,Settled Date,Card,Cash / Bank,Vouchers,Total Paid,OTA,eviivo,Total,,51493197,Beáta Vajda,,,Hotel Orlando by PLI,Room 16 3rd Floor,LID-010-421,294-532-881,,On Account,29/09/2026 11:09,11-Apr-2027,14-Apr-2027,Booking.com,6338065824,(see above/below),(see above/below),,,,,system@eviivo.com,,,,,,,,,,£ 0.00,,,,,Total Paid,,"£ 3,165.10",£ 15.00,£ 229.54,"£ 3,409.64","£ 127,447.80","£ 29,248.56",-£ 260.00,"£ 159,846.00"
Payments,Balance Transfers - to be paid by:,Payment Date,Payment ID,Guest Name,Group,Company,Property,Room,Order Ref.,Booking Ref,Booked On,Check-In,Check-Out,Channel,OTA Reference,Type,Payment Method,Card Type,Last 4 Digits,Virtual Card,Description,User,Updated,Sent to gateway,Confirmed by gateway,Gateway Reference,Settled Amount,Settled Date,Card,Cash / Bank,Vouchers,Total Paid,OTA,eviivo,Total,,51493197,Beáta Vajda,,,Hotel Orlando by PLI,Room 11 2nd Floor,LID-010-421,468-644-152,,On Account,29/09/2026 11:09,11-Apr-2027,14-Apr-2027,Booking.com,6338065824,(see above/below),(see above/below),,,,,system@eviivo.com,,,,,,,,,,£ 0.00,,,,,Total Paid,,"£ 3,165.10",£ 15.00,£ 229.54,"£ 3,409.64","£ 127,447.80","£ 29,248.56",-£ 260.00,"£ 159,846.00"
Payments,Balance Transfers - to be paid by:,Payment Date,Payment ID,Guest Name,Group,Company,Property,Room,Order Ref.,Booking Ref,Booked On,Check-In,Check-Out,Channel,OTA Reference,Type,Payment Method,Card Type,Last 4 Digits,Virtual Card,Description,User,Updated,Sent to gateway,Confirmed by gateway,Gateway Reference,Settled Amount,Settled Date,Card,Cash / Bank,Vouchers,Total Paid,OTA,eviivo,Total,,51493197,Beáta Vajda,,,Hotel Orlando by PLI,Flat 24  ( GF Sino ) - Studio,LID-010-421,809-184-462,,On Account,29/09/2026 11:09,11-Apr-2027,14-Apr-2027,Booking.com,6338065824,(see above/below),(see above/below),,,,,system@eviivo.com,,,,,,,,,,£ 0.00,,,,,Total Paid,,"£ 3,165.10",£ 15.00,£ 229.54,"£ 3,409.64","£ 127,447.80","£ 29,248.56",-£ 260.00,"£ 159,846.00"
Payments,Balance Transfers - to be paid by:,Payment Date,Payment ID,Guest Name,Group,Company,Property,Room,Order Ref.,Booking Ref,Booked On,Check-In,Check-Out,Channel,OTA Reference,Type,Payment Method,Card Type,Last 4 Digits,Virtual Card,Description,User,Updated,Sent to gateway,Confirmed by gateway,Gateway Reference,Settled Amount,Settled Date,Card,Cash / Bank,Vouchers,Total Paid,OTA,eviivo,Total,,51493197,Beáta Vajda,,,Hotel Orlando by PLI,Room 10 1st Floor,LID-010-421,986-295-122,,On Account,29/09/2026 11:09,11-Apr-2027,14-Apr-2027,Booking.com,6338065824,(see above/below),(see above/below),,,,,system@eviivo.com,,,,,,,,,,£ 0.00,,,,,Total Paid,,"£ 3,165.10",£ 15.00,£ 229.54,"£ 3,409.64","£ 127,447.80","£ 29,248.56",-£ 260.00,"£ 159,846.00"
Payments,Balance Transfers - to be paid by:,Payment Date,Payment ID,Guest Name,Group,Company,Property,Room,Order Ref.,Booking Ref,Booked On,Check-In,Check-Out,Channel,OTA Reference,Type,Payment Method,Card Type,Last 4 Digits,Virtual Card,Description,User,Updated,Sent to gateway,Confirmed by gateway,Gateway Reference,Settled Amount,Settled Date,Card,Cash / Bank,Vouchers,Total Paid,OTA,eviivo,Total,29/09/2026 11:26,51493508,Mitchell Cormill,,,Hotel Orlando by PLI,S Room 18 BF,PCE-654-954,443-282-401,,Pre-arrival,29/09/2026 11:26,03-Jul-2027,04-Jul-2027,Booking.com,5658867329,Payment,Pre-Paid via OTA,,,,Prepaid via Booking.com,system@eviivo.com,29-Sep-26 11:26:20.762,,29-Sep-26 11:26:20.526,,,,,,,£ 0.00,£ 103.70,,,£ 103.70,Total Paid,,"£ 3,165.10",£ 15.00,£ 229.54,"£ 3,409.64","£ 127,447.80","£ 29,248.56",-£ 260.00,"£ 159,846.00"
Payments,Balance Transfers - to be paid by:,Payment Date,Payment ID,Guest Name,Group,Company,Property,Room,Order Ref.,Booking Ref,Booked On,Check-In,Check-Out,Channel,OTA Reference,Type,Payment Method,Card Type,Last 4 Digits,Virtual Card,Description,User,Updated,Sent to gateway,Confirmed by gateway,Gateway Reference,Settled Amount,Settled Date,Card,Cash / Bank,Vouchers,Total Paid,OTA,eviivo,Total,29/09/2026 12:50,51495029,Mohmaed Amdouni,,,Hotel Orlando by PLI,S Room 29 Mid 2nd F,QUF-499-536,956-343-224,,In House,29/09/2026 12:50,29-Sep-2026,01-Oct-2026,Booking.com,5859143071,Payment,Pre-Paid via OTA,,,,Prepaid via Booking.com,system@eviivo.com,29-Sep-26 12:50:33.238,,29-Sep-26 12:50:33.010,,,,,,,£ 0.00,£ 116.30,,,£ 116.30,Total Paid,,"£ 3,165.10",£ 15.00,£ 229.54,"£ 3,409.64","£ 127,447.80","£ 29,248.56",-£ 260.00,"£ 159,846.00"
Payments,Balance Transfers - to be paid by:,Payment Date,Payment ID,Guest Name,Group,Company,Property,Room,Order Ref.,Booking Ref,Booked On,Check-In,Check-Out,Channel,OTA Reference,Type,Payment Method,Card Type,Last 4 Digits,Virtual Card,Description,User,Updated,Sent to gateway,Confirmed by gateway,Gateway Reference,Settled Amount,Settled Date,Card,Cash / Bank,Vouchers,Total Paid,OTA,eviivo,Total,29/09/2026 15:30,51497710,Daniel Tellez,,,Hotel Orlando by PLI,Flat 20 ( Basement sino ),HDS-126-195,842-181-512,,In House,17/09/2026 00:05,29-Sep-2026,30-Sep-2026,Expedia & Affiliate Network,2560643673,Payment,Card/VCC via the System,Mastercard,2041,0,Guest Paid Online,eviivo suite,29-Sep-26 15:30:09.998,29-Sep-26 15:30:08.000,29-Sep-26 15:30:09.620,pi_3UL22mR78xpaffA00uaG5G8i,,,£ 100.00,,,£ 100.00,,,,£ 100.00,Total Paid,,"£ 3,165.10",£ 15.00,£ 229.54,"£ 3,409.64","£ 127,447.80","£ 29,248.56",-£ 260.00,"£ 159,846.00"
Payments,Balance Transfers - to be paid by:,Payment Date,Payment ID,Guest Name,Group,Company,Property,Room,Order Ref.,Booking Ref,Booked On,Check-In,Check-Out,Channel,OTA Reference,Type,Payment Method,Card Type,Last 4 Digits,Virtual Card,Description,User,Updated,Sent to gateway,Confirmed by gateway,Gateway Reference,Settled Amount,Settled Date,Card,Cash / Bank,Vouchers,Total Paid,OTA,eviivo,Total,29/09/2026 17:12,51499630,Shun Zhang,,,Hotel Orlando by PLI,S Room 32 2nd F,TFB-225-830,239-805-934,,In House,29/09/2026 17:12,29-Sep-2026,30-Sep-2026,Booking.com,6877945082,Payment,Pre-Paid via OTA,,,,Prepaid via Booking.com,system@eviivo.com,29-Sep-26 17:12:54.739,,29-Sep-26 17:12:54.466,,,,,,,£ 0.00,£ 62.30,,,£ 62.30,Total Paid,,"£ 3,165.10",£ 15.00,£ 229.54,"£ 3,409.64","£ 127,447.80","£ 29,248.56",-£ 260.00,"£ 159,846.00"
Payments,Balance Transfers - to be paid by:,Payment Date,Payment ID,Guest Name,Group,Company,Property,Room,Order Ref.,Booking Ref,Booked On,Check-In,Check-Out,Channel,OTA Reference,Type,Payment Method,Card Type,Last 4 Digits,Virtual Card,Description,User,Updated,Sent to gateway,Confirmed by gateway,Gateway Reference,Settled Amount,Settled Date,Card,Cash / Bank,Vouchers,Total Paid,OTA,eviivo,Total,29/09/2026 17:27,51499910,Waqar Khan,,,Hotel Orlando by PLI,S Room 29 Mid 2nd F,ZFE-665-046,832-883-854,,On Account,29/09/2026 17:27,01-Oct-2026,04-Oct-2026,Expedia & Affiliate Network,2570163862,Payment,Pre-Paid via OTA,,,,Extras prepaid via Expedia Affiliate Network,system@eviivo.com,29-Sep-26 17:27:32.413,,29-Sep-26 17:27:30.636,,,,,,,£ 0.00,,£ 273.00,,£ 273.00,Total Paid,,"£ 3,165.10",£ 15.00,£ 229.54,"£ 3,409.64","£ 127,447.80","£ 29,248.56",-£ 260.00,"£ 159,846.00"
Payments,Balance Transfers - to be paid by:,Payment Date,Payment ID,Guest Name,Group,Company,Property,Room,Order Ref.,Booking Ref,Booked On,Check-In,Check-Out,Channel,OTA Reference,Type,Payment Method,Card Type,Last 4 Digits,Virtual Card,Description,User,Updated,Sent to gateway,Confirmed by gateway,Gateway Reference,Settled Amount,Settled Date,Card,Cash / Bank,Vouchers,Total Paid,OTA,eviivo,Total,29/09/2026 17:37,51500129,David  Lacomba Trujillo,,,Hotel Orlando by PLI,Room 12 2nd Floor,IPA-545-388,965-838-292,,On Account,29/09/2026 17:37,05-Oct-2026,10-Oct-2026,Expedia & Affiliate Network,2570170754,Payment,Pre-Paid via OTA,,,,Extras prepaid via Expedia,system@eviivo.com,29-Sep-26 17:37:28.942,,29-Sep-26 17:37:27.656,,,,,,,£ 0.00,,£ 415.09,,£ 415.09,Total Paid,,"£ 3,165.10",£ 15.00,£ 229.54,"£ 3,409.64","£ 127,447.80","£ 29,248.56",-£ 260.00,"£ 159,846.00"
Payments,Balance Transfers - to be paid by:,Payment Date,Payment ID,Guest Name,Group,Company,Property,Room,Order Ref.,Booking Ref,Booked On,Check-In,Check-Out,Channel,OTA Reference,Type,Payment Method,Card Type,Last 4 Digits,Virtual Card,Description,User,Updated,Sent to gateway,Confirmed by gateway,Gateway Reference,Settled Amount,Settled Date,Card,Cash / Bank,Vouchers,Total Paid,OTA,eviivo,Total,29/09/2026 17:41,51500219,CRISTINA TODIRICA,,,Hotel Orlando by PLI,Room 11 2nd Floor,YOC-376-994,094-696-362,,Pre-arrival,29/09/2026 17:41,07-Nov-2026,09-Nov-2026,Booking.com,5100803119,Payment,Pre-Paid via OTA,,,,Prepaid via Booking.com,system@eviivo.com,29-Sep-26 17:41:27.186,,29-Sep-26 17:41:26.950,,,,,,,£ 0.00,£ 167.60,,,£ 167.60,Total Paid,,"£ 3,165.10",£ 15.00,£ 229.54,"£ 3,409.64","£ 127,447.80","£ 29,248.56",-£ 260.00,"£ 159,846.00"
Payments,Balance Transfers - to be paid by:,Payment Date,Payment ID,Guest Name,Group,Company,Property,Room,Order Ref.,Booking Ref,Booked On,Check-In,Check-Out,Channel,OTA Reference,Type,Payment Method,Card Type,Last 4 Digits,Virtual Card,Description,User,Updated,Sent to gateway,Confirmed by gateway,Gateway Reference,Settled Amount,Settled Date,Card,Cash / Bank,Vouchers,Total Paid,OTA,eviivo,Total,29/09/2026 19:47,51502283,Nienke Koster,,,Hotel Orlando by PLI,Room 16 3rd Floor,SUI-871-891,689-615-111,,Pre-arrival,29/09/2026 19:47,02-Jul-2027,04-Jul-2027,Booking.com,5749906796,Payment,Pre-Paid via OTA,,,,Prepaid via Booking.com,system@eviivo.com,29-Sep-26 19:47:15.215,,29-Sep-26 19:47:15.020,,,,,,,£ 0.00,£ 197.30,,,£ 197.30,Total Paid,,"£ 3,165.10",£ 15.00,£ 229.54,"£ 3,409.64","£ 127,447.80","£ 29,248.56",-£ 260.00,"£ 159,846.00"
Payments,Balance Transfers - to be paid by:,Payment Date,Payment ID,Guest Name,Group,Company,Property,Room,Order Ref.,Booking Ref,Booked On,Check-In,Check-Out,Channel,OTA Reference,Type,Payment Method,Card Type,Last 4 Digits,Virtual Card,Description,User,Updated,Sent to gateway,Confirmed by gateway,Gateway Reference,Settled Amount,Settled Date,Card,Cash / Bank,Vouchers,Total Paid,OTA,eviivo,Total,29/09/2026 20:19,51502799,Laura Livan,,,Hotel Orlando by PLI,S Room 21 GF - SofaBed,NCH-309-118,241-222-402,,Pre-arrival,29/09/2026 20:19,11-Dec-2026,14-Dec-2026,Booking.com,5632909645,Payment,Pre-Paid via OTA,,,,Prepaid via Booking.com,system@eviivo.com,29-Sep-26 20:19:05.456,,29-Sep-26 20:19:05.180,,,,,,,£ 0.00,£ 292.70,,,£ 292.70,Total Paid,,"£ 3,165.10",£ 15.00,£ 229.54,"£ 3,409.64","£ 127,447.80","£ 29,248.56",-£ 260.00,"£ 159,846.00"
Payments,Balance Transfers - to be paid by:,Payment Date,Payment ID,Guest Name,Group,Company,Property,Room,Order Ref.,Booking Ref,Booked On,Check-In,Check-Out,Channel,OTA Reference,Type,Payment Method,Card Type,Last 4 Digits,Virtual Card,Description,User,Updated,Sent to gateway,Confirmed by gateway,Gateway Reference,Settled Amount,Settled Date,Card,Cash / Bank,Vouchers,Total Paid,OTA,eviivo,Total,29/09/2026 20:33,51503024,luis javier Gil Santana,,,Hotel Orlando by PLI,S Room 21 GF - SofaBed,KVK-142-215,234-495-114,,Pre-arrival,29/09/2026 20:33,29-Nov-2026,05-Dec-2026,Booking.com,5859107699,Payment,Pre-Paid via OTA,,,,Prepaid via Booking.com,system@eviivo.com,29-Sep-26 20:33:47.893,,29-Sep-26 20:33:47.573,,,,,,,£ 0.00,£ 568.10,,,£ 568.10,Total Paid,,"£ 3,165.10",£ 15.00,£ 229.54,"£ 3,409.64","£ 127,447.80","£ 29,248.56",-£ 260.00,"£ 159,846.00"
Payments,Balance Transfers - to be paid by:,Payment Date,Payment ID,Guest Name,Group,Company,Property,Room,Order Ref.,Booking Ref,Booked On,Check-In,Check-Out,Channel,OTA Reference,Type,Payment Method,Card Type,Last 4 Digits,Virtual Card,Description,User,Updated,Sent to gateway,Confirmed by gateway,Gateway Reference,Settled Amount,Settled Date,Card,Cash / Bank,Vouchers,Total Paid,OTA,eviivo,Total,29/09/2026 20:57,51503392,George Galloway,,,Hotel Orlando by PLI,Room 3 BF W/Microwave,SSX-324-052,489-425-942,,Pre-arrival,29/09/2026 20:57,02-Jul-2027,04-Jul-2027,Booking.com,6716539101,Payment,Pre-Paid via OTA,,,,Prepaid via Booking.com,system@eviivo.com,29-Sep-26 20:57:34.174,,29-Sep-26 20:57:33.990,,,,,,,£ 0.00,£ 231.50,,,£ 231.50,Total Paid,,"£ 3,165.10",£ 15.00,£ 229.54,"£ 3,409.64","£ 127,447.80","£ 29,248.56",-£ 260.00,"£ 159,846.00"
Payments,Balance Transfers - to be paid by:,Payment Date,Payment ID,Guest Name,Group,Company,Property,Room,Order Ref.,Booking Ref,Booked On,Check-In,Check-Out,Channel,OTA Reference,Type,Payment Method,Card Type,Last 4 Digits,Virtual Card,Description,User,Updated,Sent to gateway,Confirmed by gateway,Gateway Reference,Settled Amount,Settled Date,Card,Cash / Bank,Vouchers,Total Paid,OTA,eviivo,Total,29/09/2026 21:02,51503464,Shun Zhang,,,Hotel Orlando by PLI,S Room 32 2nd F,TFB-225-830,239-805-934,,In House,29/09/2026 17:12,29-Sep-2026,30-Sep-2026,Booking.com,6877945082,Payment,Card/VCC via the System,Visa,0421,0,Guest Paid Online,eviivo suite,29-Sep-26 21:02:35.357,29-Sep-26 21:02:32.760,29-Sep-26 21:02:35.043,pi_3UL7ESR78xpaffA01akHKH3u,,,£ 100.00,,,£ 100.00,,,,£ 100.00,Total Paid,,"£ 3,165.10",£ 15.00,£ 229.54,"£ 3,409.64","£ 127,447.80","£ 29,248.56",-£ 260.00,"£ 159,846.00"
Payments,Balance Transfers - to be paid by:,Payment Date,Payment ID,Guest Name,Group,Company,Property,Room,Order Ref.,Booking Ref,Booked On,Check-In,Check-Out,Channel,OTA Reference,Type,Payment Method,Card Type,Last 4 Digits,Virtual Card,Description,User,Updated,Sent to gateway,Confirmed by gateway,Gateway Reference,Settled Amount,Settled Date,Card,Cash / Bank,Vouchers,Total Paid,OTA,eviivo,Total,,51507463,Martín-Viveros Rosell Carla,,,Hotel Orlando by PLI,Flat 20 ( Basement sino ),NNI-576-589,280-944-582,,On Account,30/09/2026 07:50,29-Jan-2027,31-Jan-2027,Booking.com,6805668840,(see above/below),(see above/below),,,,,system@eviivo.com,,,,,,,,,,£ 0.00,,,,,Total Paid,,"£ 3,165.10",£ 15.00,£ 229.54,"£ 3,409.64","£ 127,447.80","£ 29,248.56",-£ 260.00,"£ 159,846.00"
Payments,Balance Transfers - to be paid by:,Payment Date,Payment ID,Guest Name,Group,Company,Property,Room,Order Ref.,Booking Ref,Booked On,Check-In,Check-Out,Channel,OTA Reference,Type,Payment Method,Card Type,Last 4 Digits,Virtual Card,Description,User,Updated,Sent to gateway,Confirmed by gateway,Gateway Reference,Settled Amount,Settled Date,Card,Cash / Bank,Vouchers,Total Paid,OTA,eviivo,Total,30/09/2026 07:50,51507463,Martín-Viveros Rosell Carla,,,Hotel Orlando by PLI,S Room 22 GF -2Ds W/Microwave &Fridge,NNI-576-589,801-933-412,,Pre-arrival,30/09/2026 07:50,29-Jan-2027,31-Jan-2027,Booking.com,6805668840,Payment,Pre-Paid via OTA,,,,Prepaid via Booking.com,system@eviivo.com,30-Sep-26 07:50:56.292,,30-Sep-26 07:50:56.033,,,,,,,£ 0.00,£ 292.00,,,£ 292.00,Total Paid,,"£ 3,165.10",£ 15.00,£ 229.54,"£ 3,409.64","£ 127,447.80","£ 29,248.56",-£ 260.00,"£ 159,846.00"
Payments,Balance Transfers - to be paid by:,Payment Date,Payment ID,Guest Name,Group,Company,Property,Room,Order Ref.,Booking Ref,Booked On,Check-In,Check-Out,Channel,OTA Reference,Type,Payment Method,Card Type,Last 4 Digits,Virtual Card,Description,User,Updated,Sent to gateway,Confirmed by gateway,Gateway Reference,Settled Amount,Settled Date,Card,Cash / Bank,Vouchers,Total Paid,OTA,eviivo,Total,30/09/2026 09:01,51508567,Lucia Kapitániková,,,Hotel Orlando by PLI,Room 7 Mid-First Floor,GJO-101-591,199-825-441,,Pre-arrival,30/09/2026 09:01,15-Oct-2026,18-Oct-2026,Booking.com,5748181335,Payment,Pre-Paid via OTA,,,,Prepaid via Booking.com,system@eviivo.com,30-Sep-26 09:01:48.412,,30-Sep-26 09:01:47.876,,,,,,,£ 0.00,£ 298.10,,,£ 298.10,Total Paid,,"£ 3,165.10",£ 15.00,£ 229.54,"£ 3,409.64","£ 127,447.80","£ 29,248.56",-£ 260.00,"£ 159,846.00"
Payments,Balance Transfers - to be paid by:,Payment Date,Payment ID,Guest Name,Group,Company,Property,Room,Order Ref.,Booking Ref,Booked On,Check-In,Check-Out,Channel,OTA Reference,Type,Payment Method,Card Type,Last 4 Digits,Virtual Card,Description,User,Updated,Sent to gateway,Confirmed by gateway,Gateway Reference,Settled Amount,Settled Date,Card,Cash / Bank,Vouchers,Total Paid,OTA,eviivo,Total,30/09/2026 12:59,51512560,Jose Manuel Briones Macia,,,Hotel Orlando by PLI,Room 4 GF,IAM-816-463,331-824-402,,Pre-arrival,30/09/2026 12:59,25-Feb-2027,01-Mar-2027,Booking.com,5632976972,Payment,Pre-Paid via OTA,,,,Prepaid via Booking.com,system@eviivo.com,30-Sep-26 12:59:38.463,,30-Sep-26 12:59:38.136,,,,,,,£ 0.00,£ 236.00,,,£ 236.00,Total Paid,,"£ 3,165.10",£ 15.00,£ 229.54,"£ 3,409.64","£ 127,447.80","£ 29,248.56",-£ 260.00,"£ 159,846.00"
Payments,Balance Transfers - to be paid by:,Payment Date,Payment ID,Guest Name,Group,Company,Property,Room,Order Ref.,Booking Ref,Booked On,Check-In,Check-Out,Channel,OTA Reference,Type,Payment Method,Card Type,Last 4 Digits,Virtual Card,Description,User,Updated,Sent to gateway,Confirmed by gateway,Gateway Reference,Settled Amount,Settled Date,Card,Cash / Bank,Vouchers,Total Paid,OTA,eviivo,Total,30/09/2026 13:06,51512676,stacey Earl,,,Hotel Orlando by PLI,Room 12 2nd Floor,IVJ-605-597,468-356-902,,Pre-arrival,30/09/2026 13:06,28-Oct-2026,30-Oct-2026,Booking.com,6323069074,Payment,Pre-Paid via OTA,,,,Prepaid via Booking.com,system@eviivo.com,30-Sep-26 13:06:05.010,,30-Sep-26 13:06:04.750,,,,,,,£ 0.00,£ 204.50,,,£ 204.50,Total Paid,,"£ 3,165.10",£ 15.00,£ 229.54,"£ 3,409.64","£ 127,447.80","£ 29,248.56",-£ 260.00,"£ 159,846.00"
Payments,Balance Transfers - to be paid by:,Payment Date,Payment ID,Guest Name,Group,Company,Property,Room,Order Ref.,Booking Ref,Booked On,Check-In,Check-Out,Channel,OTA Reference,Type,Payment Method,Card Type,Last 4 Digits,Virtual Card,Description,User,Updated,Sent to gateway,Confirmed by gateway,Gateway Reference,Settled Amount,Settled Date,Card,Cash / Bank,Vouchers,Total Paid,OTA,eviivo,Total,30/09/2026 13:50,51513450,Lucy Na Ostrowska,,,Hotel Orlando by PLI,Room 3 BF W/Microwave,ETS-246-221,058-200-282,,Pre-arrival,30/09/2026 13:49,28-Sep-2027,03-Oct-2027,Booking.com,6734732563,Payment,Pre-Paid via OTA,,,,Prepaid via Booking.com,system@eviivo.com,30-Sep-26 13:50:08.112,,30-Sep-26 13:50:07.450,,,,,,,£ 0.00,"£ 2,121.40",,,"£ 2,121.40",Total Paid,,"£ 3,165.10",£ 15.00,£ 229.54,"£ 3,409.64","£ 127,447.80","£ 29,248.56",-£ 260.00,"£ 159,846.00"
Payments,Balance Transfers - to be paid by:,Payment Date,Payment ID,Guest Name,Group,Company,Property,Room,Order Ref.,Booking Ref,Booked On,Check-In,Check-Out,Channel,OTA Reference,Type,Payment Method,Card Type,Last 4 Digits,Virtual Card,Description,User,Updated,Sent to gateway,Confirmed by gateway,Gateway Reference,Settled Amount,Settled Date,Card,Cash / Bank,Vouchers,Total Paid,OTA,eviivo,Total,,51513450,Lucy Na Ostrowska,,,Hotel Orlando by PLI,Room 12 2nd Floor,ETS-246-221,215-396-102,,On Account,30/09/2026 13:49,28-Sep-2027,03-Oct-2027,Booking.com,6734732563,(see above/below),(see above/below),,,,,system@eviivo.com,,,,,,,,,,£ 0.00,,,,,Total Paid,,"£ 3,165.10",£ 15.00,£ 229.54,"£ 3,409.64","£ 127,447.80","£ 29,248.56",-£ 260.00,"£ 159,846.00"
Payments,Balance Transfers - to be paid by:,Payment Date,Payment ID,Guest Name,Group,Company,Property,Room,Order Ref.,Booking Ref,Booked On,Check-In,Check-Out,Channel,OTA Reference,Type,Payment Method,Card Type,Last 4 Digits,Virtual Card,Description,User,Updated,Sent to gateway,Confirmed by gateway,Gateway Reference,Settled Amount,Settled Date,Card,Cash / Bank,Vouchers,Total Paid,OTA,eviivo,Total,,51513450,Lucy Na Ostrowska,,,Hotel Orlando by PLI,S Room 19 BF - W/Sofa bed ,ETS-246-221,366-026-882,,On Account,30/09/2026 13:49,28-Sep-2027,03-Oct-2027,Booking.com,6734732563,(see above/below),(see above/below),,,,,system@eviivo.com,,,,,,,,,,£ 0.00,,,,,Total Paid,,"£ 3,165.10",£ 15.00,£ 229.54,"£ 3,409.64","£ 127,447.80","£ 29,248.56",-£ 260.00,"£ 159,846.00"
Payments,Balance Transfers - to be paid by:,Payment Date,Payment ID,Guest Name,Group,Company,Property,Room,Order Ref.,Booking Ref,Booked On,Check-In,Check-Out,Channel,OTA Reference,Type,Payment Method,Card Type,Last 4 Digits,Virtual Card,Description,User,Updated,Sent to gateway,Confirmed by gateway,Gateway Reference,Settled Amount,Settled Date,Card,Cash / Bank,Vouchers,Total Paid,OTA,eviivo,Total,,51513450,Lucy Na Ostrowska,,,Hotel Orlando by PLI,Flat 20 ( Basement sino ),ETS-246-221,430-324-962,,On Account,30/09/2026 13:49,28-Sep-2027,03-Oct-2027,Booking.com,6734732563,(see above/below),(see above/below),,,,,system@eviivo.com,,,,,,,,,,£ 0.00,,,,,Total Paid,,"£ 3,165.10",£ 15.00,£ 229.54,"£ 3,409.64","£ 127,447.80","£ 29,248.56",-£ 260.00,"£ 159,846.00"
Payments,Balance Transfers - to be paid by:,Payment Date,Payment ID,Guest Name,Group,Company,Property,Room,Order Ref.,Booking Ref,Booked On,Check-In,Check-Out,Channel,OTA Reference,Type,Payment Method,Card Type,Last 4 Digits,Virtual Card,Description,User,Updated,Sent to gateway,Confirmed by gateway,Gateway Reference,Settled Amount,Settled Date,Card,Cash / Bank,Vouchers,Total Paid,OTA,eviivo,Total,,51513450,Lucy Na Ostrowska,,,Hotel Orlando by PLI,S Room 22 GF -2Ds W/Microwave &Fridge,ETS-246-221,554-119-802,,On Account,30/09/2026 13:49,28-Sep-2027,03-Oct-2027,Booking.com,6734732563,(see above/below),(see above/below),,,,,system@eviivo.com,,,,,,,,,,£ 0.00,,,,,Total Paid,,"£ 3,165.10",£ 15.00,£ 229.54,"£ 3,409.64","£ 127,447.80","£ 29,248.56",-£ 260.00,"£ 159,846.00"
Payments,Balance Transfers - to be paid by:,Payment Date,Payment ID,Guest Name,Group,Company,Property,Room,Order Ref.,Booking Ref,Booked On,Check-In,Check-Out,Channel,OTA Reference,Type,Payment Method,Card Type,Last 4 Digits,Virtual Card,Description,User,Updated,Sent to gateway,Confirmed by gateway,Gateway Reference,Settled Amount,Settled Date,Card,Cash / Bank,Vouchers,Total Paid,OTA,eviivo,Total,30/09/2026 13:50,51513458,Giacalone Alicia,,,Hotel Orlando by PLI,Room 16 3rd Floor,IBA-615-858,191-125-894,,Pre-arrival,30/09/2026 13:50,09-Nov-2026,14-Nov-2026,Booking.com,6323056116,Payment,Pre-Paid via OTA,,,,Prepaid via Booking.com,system@eviivo.com,30-Sep-26 13:50:24.695,,30-Sep-26 13:50:24.420,,,,,,,£ 0.00,£ 360.20,,,£ 360.20,Total Paid,,"£ 3,165.10",£ 15.00,£ 229.54,"£ 3,409.64","£ 127,447.80","£ 29,248.56",-£ 260.00,"£ 159,846.00"
Payments,Balance Transfers - to be paid by:,Payment Date,Payment ID,Guest Name,Group,Company,Property,Room,Order Ref.,Booking Ref,Booked On,Check-In,Check-Out,Channel,OTA Reference,Type,Payment Method,Card Type,Last 4 Digits,Virtual Card,Description,User,Updated,Sent to gateway,Confirmed by gateway,Gateway Reference,Settled Amount,Settled Date,Card,Cash / Bank,Vouchers,Total Paid,OTA,eviivo,Total,30/09/2026 14:07,51513754,Amir Saleh,,,Hotel Orlando by PLI,S Room 33 3rd F - W/Microwave &Fridge,GUY-301-762,224-046-882,,Pre-arrival,30/09/2026 14:07,19-Oct-2026,25-Oct-2026,Booking.com,5510555076,Payment,Pre-Paid via OTA,,,,Prepaid via Booking.com,system@eviivo.com,30-Sep-26 14:07:16.779,,30-Sep-26 14:07:16.553,,,,,,,£ 0.00,£ 541.10,,,£ 541.10,Total Paid,,"£ 3,165.10",£ 15.00,£ 229.54,"£ 3,409.64","£ 127,447.80","£ 29,248.56",-£ 260.00,"£ 159,846.00"
Payments,Balance Transfers - to be paid by:,Payment Date,Payment ID,Guest Name,Group,Company,Property,Room,Order Ref.,Booking Ref,Booked On,Check-In,Check-Out,Channel,OTA Reference,Type,Payment Method,Card Type,Last 4 Digits,Virtual Card,Description,User,Updated,Sent to gateway,Confirmed by gateway,Gateway Reference,Settled Amount,Settled Date,Card,Cash / Bank,Vouchers,Total Paid,OTA,eviivo,Total,30/09/2026 14:54,51514526,Callum Roberts,,,Hotel Orlando by PLI,Flat 24  ( GF Sino ) - Studio,QSB-746-346,235-129-331,,In House,27/09/2026 19:49,30-Sep-2026,01-Oct-2026,Booking.com,5929181511,Payment,Card/VCC via the System,Mastercard,4441,0,Guest Paid Online,eviivo suite,30-Sep-26 14:54:40.014,30-Sep-26 14:54:36.283,30-Sep-26 14:54:39.633,pi_3ULNxwR78xpaffA000RNgUDe,,,£ 100.00,,,£ 100.00,,,,£ 100.00,Total Paid,,"£ 3,165.10",£ 15.00,£ 229.54,"£ 3,409.64","£ 127,447.80","£ 29,248.56",-£ 260.00,"£ 159,846.00"
Payments,Balance Transfers - to be paid by:,Payment Date,Payment ID,Guest Name,Group,Company,Property,Room,Order Ref.,Booking Ref,Booked On,Check-In,Check-Out,Channel,OTA Reference,Type,Payment Method,Card Type,Last 4 Digits,Virtual Card,Description,User,Updated,Sent to gateway,Confirmed by gateway,Gateway Reference,Settled Amount,Settled Date,Card,Cash / Bank,Vouchers,Total Paid,OTA,eviivo,Total,30/09/2026 15:13,51514864,Ruby Elam,,,Hotel Orlando by PLI,S Room 23 GF,YTT-652-091,656-362-641,,Pre-arrival,30/09/2026 15:13,01-Jul-2027,04-Jul-2027,Booking.com,5298096951,Payment,Pre-Paid via OTA,,,,Prepaid via Booking.com,system@eviivo.com,30-Sep-26 15:13:13.885,,30-Sep-26 15:13:13.636,,,,,,,£ 0.00,£ 290.00,,,£ 290.00,Total Paid,,"£ 3,165.10",£ 15.00,£ 229.54,"£ 3,409.64","£ 127,447.80","£ 29,248.56",-£ 260.00,"£ 159,846.00"
Payments,Balance Transfers - to be paid by:,Payment Date,Payment ID,Guest Name,Group,Company,Property,Room,Order Ref.,Booking Ref,Booked On,Check-In,Check-Out,Channel,OTA Reference,Type,Payment Method,Card Type,Last 4 Digits,Virtual Card,Description,User,Updated,Sent to gateway,Confirmed by gateway,Gateway Reference,Settled Amount,Settled Date,Card,Cash / Bank,Vouchers,Total Paid,OTA,eviivo,Total,30/09/2026 15:18,51514961,MANEL ROMEO ALGUÉ,,,Hotel Orlando by PLI,S Room 18 BF,GDS-727-139,864-816-412,,Pre-arrival,30/09/2026 15:18,30-Dec-2026,03-Jan-2027,Booking.com,5124612724,Payment,Pre-Paid via OTA,,,,Prepaid via Booking.com,system@eviivo.com,30-Sep-26 15:18:09.291,,30-Sep-26 15:18:08.993,,,,,,,£ 0.00,£ 420.50,,,£ 420.50,Total Paid,,"£ 3,165.10",£ 15.00,£ 229.54,"£ 3,409.64","£ 127,447.80","£ 29,248.56",-£ 260.00,"£ 159,846.00"
Payments,Balance Transfers - to be paid by:,Payment Date,Payment ID,Guest Name,Group,Company,Property,Room,Order Ref.,Booking Ref,Booked On,Check-In,Check-Out,Channel,OTA Reference,Type,Payment Method,Card Type,Last 4 Digits,Virtual Card,Description,User,Updated,Sent to gateway,Confirmed by gateway,Gateway Reference,Settled Amount,Settled Date,Card,Cash / Bank,Vouchers,Total Paid,OTA,eviivo,Total,30/09/2026 15:52,51515539,Alina Sapunaru,,,Hotel Orlando by PLI,Room 11 2nd Floor,IMO-542-119,048-054-341,,Pre-arrival,30/09/2026 15:52,06-Oct-2026,07-Oct-2026,Booking.com,5510599544,Payment,Pre-Paid via OTA,,,,Prepaid via Booking.com,system@eviivo.com,30-Sep-26 15:52:40.822,,30-Sep-26 15:52:40.626,,,,,,,£ 0.00,£ 84.80,,,£ 84.80,Total Paid,,"£ 3,165.10",£ 15.00,£ 229.54,"£ 3,409.64","£ 127,447.80","£ 29,248.56",-£ 260.00,"£ 159,846.00"
Payments,Balance Transfers - to be paid by:,Payment Date,Payment ID,Guest Name,Group,Company,Property,Room,Order Ref.,Booking Ref,Booked On,Check-In,Check-Out,Channel,OTA Reference,Type,Payment Method,Card Type,Last 4 Digits,Virtual Card,Description,User,Updated,Sent to gateway,Confirmed by gateway,Gateway Reference,Settled Amount,Settled Date,Card,Cash / Bank,Vouchers,Total Paid,OTA,eviivo,Total,30/09/2026 16:23,51516177,James Pomeroy,,,Hotel Orlando by PLI,Room 11 2nd Floor,ETO-524-770,965-943-902,,In House,22/09/2026 14:57,30-Sep-2026,01-Oct-2026,Booking.com,6338486665,Payment,Card/VCC via the System,Mastercard,4844,0,Guest Paid Online,eviivo suite,30-Sep-26 16:23:22.381,30-Sep-26 16:23:19.283,30-Sep-26 16:23:22.103,pi_3ULPLnR78xpaffA01VDtuaJq,,,£ 100.00,,,£ 100.00,,,,£ 100.00,Total Paid,,"£ 3,165.10",£ 15.00,£ 229.54,"£ 3,409.64","£ 127,447.80","£ 29,248.56",-£ 260.00,"£ 159,846.00"
Payments,Balance Transfers - to be paid by:,Payment Date,Payment ID,Guest Name,Group,Company,Property,Room,Order Ref.,Booking Ref,Booked On,Check-In,Check-Out,Channel,OTA Reference,Type,Payment Method,Card Type,Last 4 Digits,Virtual Card,Description,User,Updated,Sent to gateway,Confirmed by gateway,Gateway Reference,Settled Amount,Settled Date,Card,Cash / Bank,Vouchers,Total Paid,OTA,eviivo,Total,30/09/2026 16:24,51516194,Citlalli Gonzalez,,,Hotel Orlando by PLI,Room 7 Mid-First Floor,HDZ-552-797,645-112-312,,Pre-arrival,30/09/2026 16:24,11-Dec-2026,13-Dec-2026,Booking.com,5377303060,Payment,Pre-Paid via OTA,,,,Prepaid via Booking.com,system@eviivo.com,30-Sep-26 16:24:10.325,,30-Sep-26 16:24:10.020,,,,,,,£ 0.00,£ 193.70,,,£ 193.70,Total Paid,,"£ 3,165.10",£ 15.00,£ 229.54,"£ 3,409.64","£ 127,447.80","£ 29,248.56",-£ 260.00,"£ 159,846.00"
Payments,Balance Transfers - to be paid by:,Payment Date,Payment ID,Guest Name,Group,Company,Property,Room,Order Ref.,Booking Ref,Booked On,Check-In,Check-Out,Channel,OTA Reference,Type,Payment Method,Card Type,Last 4 Digits,Virtual Card,Description,User,Updated,Sent to gateway,Confirmed by gateway,Gateway Reference,Settled Amount,Settled Date,Card,Cash / Bank,Vouchers,Total Paid,OTA,eviivo,Total,30/09/2026 18:13,51518460,Amina Belghomari,,,Hotel Orlando by PLI,S Room 32 2nd F,GZY-617-748,164-002-932,,In House,30/09/2026 18:04,30-Sep-2026,01-Oct-2026,,,Payment,Card/VCC via the System,Mastercard,7483,0,Guest Paid Online,eviivo suite,30-Sep-26 18:13:04.146,30-Sep-26 18:13:00.840,30-Sep-26 18:13:03.787,pi_3ULR3wR78xpaffA01nllK9oD,,,£ 68.00,,,£ 68.00,,,,£ 68.00,Total Paid,,"£ 3,165.10",£ 15.00,£ 229.54,"£ 3,409.64","£ 127,447.80","£ 29,248.56",-£ 260.00,"£ 159,846.00"
Payments,Balance Transfers - to be paid by:,Payment Date,Payment ID,Guest Name,Group,Company,Property,Room,Order Ref.,Booking Ref,Booked On,Check-In,Check-Out,Channel,OTA Reference,Type,Payment Method,Card Type,Last 4 Digits,Virtual Card,Description,User,Updated,Sent to gateway,Confirmed by gateway,Gateway Reference,Settled Amount,Settled Date,Card,Cash / Bank,Vouchers,Total Paid,OTA,eviivo,Total,30/09/2026 18:56,51519275,Daniel Corbett,,,Hotel Orlando by PLI,S Room 30 2nd F - W/Fridge,BIL-156-877,235-195-252,,In House,29/09/2026 23:20,30-Sep-2026,01-Oct-2026,Booking.com,6965898183,Payment,Pre-Paid via OTA,,,,Prepaid via OTA,system@eviivo.com,30-Sep-26 18:56:45.015,,30-Sep-26 18:56:44.953,,,,,,,£ 0.00,£ 44.10,,,£ 44.10,Total Paid,,"£ 3,165.10",£ 15.00,£ 229.54,"£ 3,409.64","£ 127,447.80","£ 29,248.56",-£ 260.00,"£ 159,846.00"
Payments,Balance Transfers - to be paid by:,Payment Date,Payment ID,Guest Name,Group,Company,Property,Room,Order Ref.,Booking Ref,Booked On,Check-In,Check-Out,Channel,OTA Reference,Type,Payment Method,Card Type,Last 4 Digits,Virtual Card,Description,User,Updated,Sent to gateway,Confirmed by gateway,Gateway Reference,Settled Amount,Settled Date,Card,Cash / Bank,Vouchers,Total Paid,OTA,eviivo,Total,30/09/2026 19:19,51519635,Yoshi Rank,,,Hotel Orlando by PLI,Room 9 1st Floor,LWP-128-130,651-860-101,,Pre-arrival,30/09/2026 19:19,03-Mar-2027,07-Mar-2027,Booking.com,5115539341,Payment,Pre-Paid via OTA,,,,Prepaid via Booking.com,system@eviivo.com,30-Sep-26 19:19:21.311,,30-Sep-26 19:19:20.750,,,,,,,£ 0.00,£ 344.00,,,£ 344.00,Total Paid,,"£ 3,165.10",£ 15.00,£ 229.54,"£ 3,409.64","£ 127,447.80","£ 29,248.56",-£ 260.00,"£ 159,846.00"
Payments,Balance Transfers - to be paid by:,Payment Date,Payment ID,Guest Name,Group,Company,Property,Room,Order Ref.,Booking Ref,Booked On,Check-In,Check-Out,Channel,OTA Reference,Type,Payment Method,Card Type,Last 4 Digits,Virtual Card,Description,User,Updated,Sent to gateway,Confirmed by gateway,Gateway Reference,Settled Amount,Settled Date,Card,Cash / Bank,Vouchers,Total Paid,OTA,eviivo,Total,30/09/2026 19:41,51520009,Belinda Diers-Hahn,,,Hotel Orlando by PLI,S Room 17 BF,HFH-858-141,202-516-502,,Pre-arrival,30/09/2026 19:41,06-Dec-2026,09-Dec-2026,Booking.com,5056898901,Payment,Pre-Paid via OTA,,,,Prepaid via Booking.com,system@eviivo.com,30-Sep-26 19:41:57.998,,30-Sep-26 19:41:57.733,,,,,,,£ 0.00,£ 240.50,,,£ 240.50,Total Paid,,"£ 3,165.10",£ 15.00,£ 229.54,"£ 3,409.64","£ 127,447.80","£ 29,248.56",-£ 260.00,"£ 159,846.00"
Payments,Balance Transfers - to be paid by:,Payment Date,Payment ID,Guest Name,Group,Company,Property,Room,Order Ref.,Booking Ref,Booked On,Check-In,Check-Out,Channel,OTA Reference,Type,Payment Method,Card Type,Last 4 Digits,Virtual Card,Description,User,Updated,Sent to gateway,Confirmed by gateway,Gateway Reference,Settled Amount,Settled Date,Card,Cash / Bank,Vouchers,Total Paid,OTA,eviivo,Total,30/09/2026 19:46,51520084,Gisela Veloso,,,Hotel Orlando by PLI,S Room 30 2nd F - W/Fridge,BYO-910-355,660-136-891,,Pre-arrival,30/09/2026 19:46,10-Dec-2026,14-Dec-2026,Booking.com,6564313616,Payment,Pre-Paid via OTA,,,,Prepaid via Booking.com,system@eviivo.com,30-Sep-26 19:46:49.556,,30-Sep-26 19:46:49.356,,,,,,,£ 0.00,£ 375.50,,,£ 375.50,Total Paid,,"£ 3,165.10",£ 15.00,£ 229.54,"£ 3,409.64","£ 127,447.80","£ 29,248.56",-£ 260.00,"£ 159,846.00"
Payments,Balance Transfers - to be paid by:,Payment Date,Payment ID,Guest Name,Group,Company,Property,Room,Order Ref.,Booking Ref,Booked On,Check-In,Check-Out,Channel,OTA Reference,Type,Payment Method,Card Type,Last 4 Digits,Virtual Card,Description,User,Updated,Sent to gateway,Confirmed by gateway,Gateway Reference,Settled Amount,Settled Date,Card,Cash / Bank,Vouchers,Total Paid,OTA,eviivo,Total,30/09/2026 21:28,51521662,Álex López Serrano,,,Hotel Orlando by PLI,Room 9 1st Floor,ZCS-485-444,648-812-984,,Pre-arrival,30/09/2026 21:28,29-Jan-2027,01-Feb-2027,Booking.com,6283042210,Payment,Pre-Paid via OTA,,,,Prepaid via Booking.com,system@eviivo.com,30-Sep-26 21:28:16.861,,30-Sep-26 21:28:16.656,,,,,,,£ 0.00,£ 191.90,,,£ 191.90,Total Paid,,"£ 3,165.10",£ 15.00,£ 229.54,"£ 3,409.64","£ 127,447.80","£ 29,248.56",-£ 260.00,"£ 159,846.00"
Payments,Balance Transfers - to be paid by:,Payment Date,Payment ID,Guest Name,Group,Company,Property,Room,Order Ref.,Booking Ref,Booked On,Check-In,Check-Out,Channel,OTA Reference,Type,Payment Method,Card Type,Last 4 Digits,Virtual Card,Description,User,Updated,Sent to gateway,Confirmed by gateway,Gateway Reference,Settled Amount,Settled Date,Card,Cash / Bank,Vouchers,Total Paid,OTA,eviivo,Total,30/09/2026 21:57,51522020,Ana Rita Ventura Macias Gomes,,,Hotel Orlando by PLI,S Room 18 BF,KBL-137-786,050-356-092,,Pre-arrival,30/09/2026 21:57,24-Nov-2026,28-Nov-2026,Booking.com,6283084011,Payment,Pre-Paid via OTA,,,,Prepaid via Booking.com,system@eviivo.com,30-Sep-26 21:57:08.828,,30-Sep-26 21:57:08.583,,,,,,,£ 0.00,£ 338.60,,,£ 338.60,Total Paid,,"£ 3,165.10",£ 15.00,£ 229.54,"£ 3,409.64","£ 127,447.80","£ 29,248.56",-£ 260.00,"£ 159,846.00"
Payments,Balance Transfers - to be paid by:,Payment Date,Payment ID,Guest Name,Group,Company,Property,Room,Order Ref.,Booking Ref,Booked On,Check-In,Check-Out,Channel,OTA Reference,Type,Payment Method,Card Type,Last 4 Digits,Virtual Card,Description,User,Updated,Sent to gateway,Confirmed by gateway,Gateway Reference,Settled Amount,Settled Date,Card,Cash / Bank,Vouchers,Total Paid,OTA,eviivo,Total,30/09/2026 22:38,51522444,Martina Santacruz,,,Hotel Orlando by PLI,Flat 20 ( Basement sino ),XFL-294-206,593-219-392,,Pre-arrival,30/09/2026 22:38,12-Feb-2027,14-Feb-2027,Airbnb,HMM8RYSJFE,Payment,Pre-Paid via OTA,,,,Extras prepaid via Airbnb,system@eviivo.com,30-Sep-26 22:38:24.742,,30-Sep-26 22:38:24.383,,,,,,,£ 0.00,£ 150.00,,,£ 150.00,Total Paid,,"£ 3,165.10",£ 15.00,£ 229.54,"£ 3,409.64","£ 127,447.80","£ 29,248.56",-£ 260.00,"£ 159,846.00"
Payments,Balance Transfers - to be paid by:,Payment Date,Payment ID,Guest Name,Group,Company,Property,Room,Order Ref.,Booking Ref,Booked On,Check-In,Check-Out,Channel,OTA Reference,Type,Payment Method,Card Type,Last 4 Digits,Virtual Card,Description,User,Updated,Sent to gateway,Confirmed by gateway,Gateway Reference,Settled Amount,Settled Date,Card,Cash / Bank,Vouchers,Total Paid,OTA,eviivo,Total,30/09/2026 22:55,51522585,EDUARDO GONZALEZ MERCHAN,,,Hotel Orlando by PLI,Room 16 3rd Floor,WID-198-350,158-858-901,,Pre-arrival,30/09/2026 22:54,12-Dec-2027,14-Dec-2027,Booking.com,6609627921,Payment,Pre-Paid via OTA,,,,Prepaid via Booking.com,system@eviivo.com,30-Sep-26 22:55:00.270,,30-Sep-26 22:55:00.003,,,,,,,£ 0.00,£ 92.00,,,£ 92.00,Total Paid,,"£ 3,165.10",£ 15.00,£ 229.54,"£ 3,409.64","£ 127,447.80","£ 29,248.56",-£ 260.00,"£ 159,846.00"
Payments,Balance Transfers - to be paid by:,Payment Date,Payment ID,Guest Name,Group,Company,Property,Room,Order Ref.,Booking Ref,Booked On,Check-In,Check-Out,Channel,OTA Reference,Type,Payment Method,Card Type,Last 4 Digits,Virtual Card,Description,User,Updated,Sent to gateway,Confirmed by gateway,Gateway Reference,Settled Amount,Settled Date,Card,Cash / Bank,Vouchers,Total Paid,OTA,eviivo,Total,01/10/2026 00:27,51523220,Tepala Ondrej,,,Hotel Orlando by PLI,S Room 35 3rd F,QAM-497-349,424-546-361,,Pre-arrival,01/10/2026 00:26,02-Oct-2026,09-Oct-2026,Booking.com,6229898680,Payment,Pre-Paid via OTA,,,,Prepaid via Booking.com,system@eviivo.com,01-Oct-26 00:27:00.590,,01-Oct-26 00:27:00.370,,,,,,,£ 0.00,£ 521.30,,,£ 521.30,Total Paid,,"£ 3,165.10",£ 15.00,£ 229.54,"£ 3,409.64","£ 127,447.80","£ 29,248.56",-£ 260.00,"£ 159,846.00"
Payments,Balance Transfers - to be paid by:,Payment Date,Payment ID,Guest Name,Group,Company,Property,Room,Order Ref.,Booking Ref,Booked On,Check-In,Check-Out,Channel,OTA Reference,Type,Payment Method,Card Type,Last 4 Digits,Virtual Card,Description,User,Updated,Sent to gateway,Confirmed by gateway,Gateway Reference,Settled Amount,Settled Date,Card,Cash / Bank,Vouchers,Total Paid,OTA,eviivo,Total,01/10/2026 04:08,51523983,Daniel Martinez,,,Hotel Orlando by PLI,Flat 24  ( GF Sino ) - Studio,WOK-863-828,459-993-984,,On Account,01/10/2026 04:08,05-Jan-2027,11-Jan-2027,Expedia & Affiliate Network,2571360684,Payment,Pre-Paid via OTA,,,,Extras prepaid via Expedia,system@eviivo.com,01-Oct-26 04:08:26.297,,01-Oct-26 04:08:25.503,,,,,,,£ 0.00,,£ 346.70,,£ 346.70,Total Paid,,"£ 3,165.10",£ 15.00,£ 229.54,"£ 3,409.64","£ 127,447.80","£ 29,248.56",-£ 260.00,"£ 159,846.00"
Payments,Balance Transfers - to be paid by:,Payment Date,Payment ID,Guest Name,Group,Company,Property,Room,Order Ref.,Booking Ref,Booked On,Check-In,Check-Out,Channel,OTA Reference,Type,Payment Method,Card Type,Last 4 Digits,Virtual Card,Description,User,Updated,Sent to gateway,Confirmed by gateway,Gateway Reference,Settled Amount,Settled Date,Card,Cash / Bank,Vouchers,Total Paid,OTA,eviivo,Total,01/10/2026 08:42,51525937,Jesús Franco Delgado,,,Hotel Orlando by PLI,Room 3 BF W/Microwave,GCR-496-806,369-642-341,,Pre-arrival,01/10/2026 08:42,10-Oct-2026,11-Oct-2026,Booking.com,6635606846,Payment,Pre-Paid via OTA,,,,Prepaid via Booking.com,system@eviivo.com,01-Oct-26 08:42:41.831,,01-Oct-26 08:42:41.696,,,,,,,£ 0.00,£ 148.70,,,£ 148.70,Total Paid,,"£ 3,165.10",£ 15.00,£ 229.54,"£ 3,409.64","£ 127,447.80","£ 29,248.56",-£ 260.00,"£ 159,846.00"
Payments,Balance Transfers - to be paid by:,Payment Date,Payment ID,Guest Name,Group,Company,Property,Room,Order Ref.,Booking Ref,Booked On,Check-In,Check-Out,Channel,OTA Reference,Type,Payment Method,Card Type,Last 4 Digits,Virtual Card,Description,User,Updated,Sent to gateway,Confirmed by gateway,Gateway Reference,Settled Amount,Settled Date,Card,Cash / Bank,Vouchers,Total Paid,OTA,eviivo,Total,01/10/2026 09:43,51526993,Shun Zhang,,,Hotel Orlando by PLI,S Room 32 2nd F,TFB-225-830,239-805-934,,Post Checkout,29/09/2026 17:12,29-Sep-2026,30-Sep-2026,Booking.com,6877945082,Refund,Card/VCC via the System,Visa,0421,0,,sara.allam@crownbs.com,01-Oct-26 09:43:16.570,01-Oct-26 09:43:15.260,01-Oct-26 09:43:16.360,re_3UL7ESR78xpaffA01pYVuS12,,,-£ 100.00,,,-£ 100.00,,,,- £ 100.00,Total Paid,,"£ 3,165.10",£ 15.00,£ 229.54,"£ 3,409.64","£ 127,447.80","£ 29,248.56",-£ 260.00,"£ 159,846.00"
Payments,Balance Transfers - to be paid by:,Payment Date,Payment ID,Guest Name,Group,Company,Property,Room,Order Ref.,Booking Ref,Booked On,Check-In,Check-Out,Channel,OTA Reference,Type,Payment Method,Card Type,Last 4 Digits,Virtual Card,Description,User,Updated,Sent to gateway,Confirmed by gateway,Gateway Reference,Settled Amount,Settled Date,Card,Cash / Bank,Vouchers,Total Paid,OTA,eviivo,Total,01/10/2026 09:43,51527003,Daniel Tellez,,,Hotel Orlando by PLI,Flat 20 ( Basement sino ),HDS-126-195,842-181-512,,Post Checkout,17/09/2026 00:05,29-Sep-2026,30-Sep-2026,Expedia & Affiliate Network,2560643673,Refund,Card/VCC via the System,Mastercard,2041,0,,sara.allam@crownbs.com,01-Oct-26 09:43:55.915,01-Oct-26 09:43:54.777,01-Oct-26 09:43:55.767,re_3UL22mR78xpaffA00uJhcdlH,,,-£ 100.00,,,-£ 100.00,,,,- £ 100.00,Total Paid,,"£ 3,165.10",£ 15.00,£ 229.54,"£ 3,409.64","£ 127,447.80","£ 29,248.56",-£ 260.00,"£ 159,846.00"
Payments,Balance Transfers - to be paid by:,Payment Date,Payment ID,Guest Name,Group,Company,Property,Room,Order Ref.,Booking Ref,Booked On,Check-In,Check-Out,Channel,OTA Reference,Type,Payment Method,Card Type,Last 4 Digits,Virtual Card,Description,User,Updated,Sent to gateway,Confirmed by gateway,Gateway Reference,Settled Amount,Settled Date,Card,Cash / Bank,Vouchers,Total Paid,OTA,eviivo,Total,01/10/2026 09:44,51527012,Víctor Chicaiza,,,Hotel Orlando by PLI,Room 11 2nd Floor,YON-488-613,649-043-352,,Post Checkout,28/09/2026 21:46,29-Sep-2026,30-Sep-2026,Booking.com,6217510762,Refund,Card/VCC via the System,Mastercard,8593,0,,sara.allam@crownbs.com,01-Oct-26 09:44:35.915,01-Oct-26 09:44:34.637,01-Oct-26 09:44:35.737,re_3UKxNhR78xpaffA02f1JKyTQ,,,-£ 100.00,,,-£ 100.00,,,,- £ 100.00,Total Paid,,"£ 3,165.10",£ 15.00,£ 229.54,"£ 3,409.64","£ 127,447.80","£ 29,248.56",-£ 260.00,"£ 159,846.00"
Payments,Balance Transfers - to be paid by:,Payment Date,Payment ID,Guest Name,Group,Company,Property,Room,Order Ref.,Booking Ref,Booked On,Check-In,Check-Out,Channel,OTA Reference,Type,Payment Method,Card Type,Last 4 Digits,Virtual Card,Description,User,Updated,Sent to gateway,Confirmed by gateway,Gateway Reference,Settled Amount,Settled Date,Card,Cash / Bank,Vouchers,Total Paid,OTA,eviivo,Total,01/10/2026 09:44,51527022,Robin Dennis,,,Hotel Orlando by PLI,Room 7 Mid-First Floor,VNW-082-861,969-864-912,,Post Checkout,28/09/2026 07:27,29-Sep-2026,30-Sep-2026,Booking.com,6674922638,Refund,Card/VCC via the System,Visa,2821,0,,sara.allam@crownbs.com,01-Oct-26 09:44:57.805,01-Oct-26 09:44:56.707,01-Oct-26 09:44:57.670,re_3UKvrRR78xpaffA00Ftmf5Li,,,-£ 100.00,,,-£ 100.00,,,,- £ 100.00,Total Paid,,"£ 3,165.10",£ 15.00,£ 229.54,"£ 3,409.64","£ 127,447.80","£ 29,248.56",-£ 260.00,"£ 159,846.00"
Payments,Balance Transfers - to be paid by:,Payment Date,Payment ID,Guest Name,Group,Company,Property,Room,Order Ref.,Booking Ref,Booked On,Check-In,Check-Out,Channel,OTA Reference,Type,Payment Method,Card Type,Last 4 Digits,Virtual Card,Description,User,Updated,Sent to gateway,Confirmed by gateway,Gateway Reference,Settled Amount,Settled Date,Card,Cash / Bank,Vouchers,Total Paid,OTA,eviivo,Total,01/10/2026 10:08,51527443,Nesrine FAID,,,Hotel Orlando by PLI,S Room 26 1st F - W/Fridge,TPT-579-063,324-645-502,,On Account,01/10/2026 10:08,18-Dec-2026,24-Dec-2026,Expedia & Affiliate Network,2571512668,Payment,Pre-Paid via OTA,,,,Extras prepaid via Expedia Affiliate Network,system@eviivo.com,01-Oct-26 10:08:18.157,,01-Oct-26 10:08:17.513,,,,,,,£ 0.00,,£ 575.30,,£ 575.30,Total Paid,,"£ 3,165.10",£ 15.00,£ 229.54,"£ 3,409.64","£ 127,447.80","£ 29,248.56",-£ 260.00,"£ 159,846.00"
Payments,Balance Transfers - to be paid by:,Payment Date,Payment ID,Guest Name,Group,Company,Property,Room,Order Ref.,Booking Ref,Booked On,Check-In,Check-Out,Channel,OTA Reference,Type,Payment Method,Card Type,Last 4 Digits,Virtual Card,Description,User,Updated,Sent to gateway,Confirmed by gateway,Gateway Reference,Settled Amount,Settled Date,Card,Cash / Bank,Vouchers,Total Paid,OTA,eviivo,Total,01/10/2026 10:12,51527514,Jeanne Lafourcade,,,Hotel Orlando by PLI,Room 14 2nd Floor,DNC-351-226,388-352-041,,Pre-arrival,01/10/2026 10:12,12-Feb-2027,21-Feb-2027,Booking.com,5056876175,Payment,Pre-Paid via OTA,,,,Prepaid via Booking.com,system@eviivo.com,01-Oct-26 10:12:32.436,,01-Oct-26 10:12:32.183,,,,,,,£ 0.00,£ 425.00,,,£ 425.00,Total Paid,,"£ 3,165.10",£ 15.00,£ 229.54,"£ 3,409.64","£ 127,447.80","£ 29,248.56",-£ 260.00,"£ 159,846.00"
Payments,Balance Transfers - to be paid by:,Payment Date,Payment ID,Guest Name,Group,Company,Property,Room,Order Ref.,Booking Ref,Booked On,Check-In,Check-Out,Channel,OTA Reference,Type,Payment Method,Card Type,Last 4 Digits,Virtual Card,Description,User,Updated,Sent to gateway,Confirmed by gateway,Gateway Reference,Settled Amount,Settled Date,Card,Cash / Bank,Vouchers,Total Paid,OTA,eviivo,Total,01/10/2026 10:41,51528090,ELISA GARCIA-TABARES,,,Hotel Orlando by PLI,S Room 22 GF -2Ds W/Microwave &Fridge,QYX-442-522,682-165-412,,Pre-arrival,01/10/2026 10:41,07-May-2027,09-May-2027,Booking.com,6026919339,Payment,Pre-Paid via OTA,,,,Prepaid via Booking.com,system@eviivo.com,01-Oct-26 10:41:32.066,,01-Oct-26 10:41:31.913,,,,,,,£ 0.00,£ 189.20,,,£ 189.20,Total Paid,,"£ 3,165.10",£ 15.00,£ 229.54,"£ 3,409.64","£ 127,447.80","£ 29,248.56",-£ 260.00,"£ 159,846.00"
Payments,Balance Transfers - to be paid by:,Payment Date,Payment ID,Guest Name,Group,Company,Property,Room,Order Ref.,Booking Ref,Booked On,Check-In,Check-Out,Channel,OTA Reference,Type,Payment Method,Card Type,Last 4 Digits,Virtual Card,Description,User,Updated,Sent to gateway,Confirmed by gateway,Gateway Reference,Settled Amount,Settled Date,Card,Cash / Bank,Vouchers,Total Paid,OTA,eviivo,Total,01/10/2026 10:49,51528204,Manuel Santiago Maldonado,,,Hotel Orlando by PLI,Room 12 2nd Floor,WCG-846-026,844-012-861,,On Account,01/10/2026 10:49,19-Nov-2026,22-Nov-2026,Expedia & Affiliate Network,2571531754,Payment,Pre-Paid via OTA,,,,Extras prepaid via Expedia,system@eviivo.com,01-Oct-26 10:49:08.461,,01-Oct-26 10:49:07.856,,,,,,,£ 0.00,,£ 306.18,,£ 306.18,Total Paid,,"£ 3,165.10",£ 15.00,£ 229.54,"£ 3,409.64","£ 127,447.80","£ 29,248.56",-£ 260.00,"£ 159,846.00"
Payments,Balance Transfers - to be paid by:,Payment Date,Payment ID,Guest Name,Group,Company,Property,Room,Order Ref.,Booking Ref,Booked On,Check-In,Check-Out,Channel,OTA Reference,Type,Payment Method,Card Type,Last 4 Digits,Virtual Card,Description,User,Updated,Sent to gateway,Confirmed by gateway,Gateway Reference,Settled Amount,Settled Date,Card,Cash / Bank,Vouchers,Total Paid,OTA,eviivo,Total,01/10/2026 11:41,51529004,COLLINS KINGSTON EZENYI,,,Hotel Orlando by PLI,S Room 23 GF,GXI-139-783,689-832-062,,Post Checkout,08/09/2026 13:36,28-Sep-2026,01-Oct-2026,Booking.com,5732832457,Payment,Pre-Paid via OTA,,,,Prepaid via OTA,system@eviivo.com,01-Oct-26 11:41:17.070,,01-Oct-26 11:41:16.953,,,,,,,£ 0.00,£ 183.00,,,£ 183.00,Total Paid,,"£ 3,165.10",£ 15.00,£ 229.54,"£ 3,409.64","£ 127,447.80","£ 29,248.56",-£ 260.00,"£ 159,846.00"
Payments,Balance Transfers - to be paid by:,Payment Date,Payment ID,Guest Name,Group,Company,Property,Room,Order Ref.,Booking Ref,Booked On,Check-In,Check-Out,Channel,OTA Reference,Type,Payment Method,Card Type,Last 4 Digits,Virtual Card,Description,User,Updated,Sent to gateway,Confirmed by gateway,Gateway Reference,Settled Amount,Settled Date,Card,Cash / Bank,Vouchers,Total Paid,OTA,eviivo,Total,01/10/2026 11:48,51529139,Karina Kecskeméti,,,Hotel Orlando by PLI,S Room 27 1st F  W/Fridge,UFX-298-115,034-202-201,,Pre-arrival,01/10/2026 11:48,11-Apr-2027,14-Apr-2027,Booking.com,6841678996,Payment,Pre-Paid via OTA,,,,Prepaid via Booking.com,system@eviivo.com,01-Oct-26 11:48:48.297,,01-Oct-26 11:48:48.163,,,,,,,£ 0.00,£ 324.20,,,£ 324.20,Total Paid,,"£ 3,165.10",£ 15.00,£ 229.54,"£ 3,409.64","£ 127,447.80","£ 29,248.56",-£ 260.00,"£ 159,846.00"
Payments,Balance Transfers - to be paid by:,Payment Date,Payment ID,Guest Name,Group,Company,Property,Room,Order Ref.,Booking Ref,Booked On,Check-In,Check-Out,Channel,OTA Reference,Type,Payment Method,Card Type,Last 4 Digits,Virtual Card,Description,User,Updated,Sent to gateway,Confirmed by gateway,Gateway Reference,Settled Amount,Settled Date,Card,Cash / Bank,Vouchers,Total Paid,OTA,eviivo,Total,01/10/2026 12:03,51529375,Benjamin Poms,,,Hotel Orlando by PLI,Room 11 2nd Floor,EON-063-646,503-451-404,,Pre-arrival,01/10/2026 12:03,15-Oct-2026,19-Oct-2026,Booking.com,5085933894,Payment,Pre-Paid via OTA,,,,Prepaid via Booking.com,system@eviivo.com,01-Oct-26 12:03:42.380,,01-Oct-26 12:03:41.946,,,,,,,£ 0.00,£ 353.00,,,£ 353.00,Total Paid,,"£ 3,165.10",£ 15.00,£ 229.54,"£ 3,409.64","£ 127,447.80","£ 29,248.56",-£ 260.00,"£ 159,846.00"
Payments,Balance Transfers - to be paid by:,Payment Date,Payment ID,Guest Name,Group,Company,Property,Room,Order Ref.,Booking Ref,Booked On,Check-In,Check-Out,Channel,OTA Reference,Type,Payment Method,Card Type,Last 4 Digits,Virtual Card,Description,User,Updated,Sent to gateway,Confirmed by gateway,Gateway Reference,Settled Amount,Settled Date,Card,Cash / Bank,Vouchers,Total Paid,OTA,eviivo,Total,01/10/2026 13:53,51531077,Johana Navrátilová,,,Hotel Orlando by PLI,S Room 26 1st F - W/Fridge,OQC-224-932,439-900-564,,Pre-arrival,01/10/2026 13:53,17-Oct-2026,20-Oct-2026,Booking.com,5510536376,Payment,Pre-Paid via OTA,,,,Prepaid via Booking.com,system@eviivo.com,01-Oct-26 13:53:04.090,,01-Oct-26 13:53:03.926,,,,,,,£ 0.00,£ 292.70,,,£ 292.70,Total Paid,,"£ 3,165.10",£ 15.00,£ 229.54,"£ 3,409.64","£ 127,447.80","£ 29,248.56",-£ 260.00,"£ 159,846.00"
Payments,Balance Transfers - to be paid by:,Payment Date,Payment ID,Guest Name,Group,Company,Property,Room,Order Ref.,Booking Ref,Booked On,Check-In,Check-Out,Channel,OTA Reference,Type,Payment Method,Card Type,Last 4 Digits,Virtual Card,Description,User,Updated,Sent to gateway,Confirmed by gateway,Gateway Reference,Settled Amount,Settled Date,Card,Cash / Bank,Vouchers,Total Paid,OTA,eviivo,Total,01/10/2026 16:09,51533410,Gemma Sepúlveda Guerrero,,,Hotel Orlando by PLI,S Room 18 BF,AVL-294-946,104-109-482,,Pre-arrival,01/10/2026 16:09,11-Nov-2026,14-Nov-2026,Booking.com,5377375453,Payment,Pre-Paid via OTA,,,,Prepaid via Booking.com,system@eviivo.com,01-Oct-26 16:09:58.325,,01-Oct-26 16:09:58.033,,,,,,,£ 0.00,£ 227.00,,,£ 227.00,Total Paid,,"£ 3,165.10",£ 15.00,£ 229.54,"£ 3,409.64","£ 127,447.80","£ 29,248.56",-£ 260.00,"£ 159,846.00"
Payments,Balance Transfers - to be paid by:,Payment Date,Payment ID,Guest Name,Group,Company,Property,Room,Order Ref.,Booking Ref,Booked On,Check-In,Check-Out,Channel,OTA Reference,Type,Payment Method,Card Type,Last 4 Digits,Virtual Card,Description,User,Updated,Sent to gateway,Confirmed by gateway,Gateway Reference,Settled Amount,Settled Date,Card,Cash / Bank,Vouchers,Total Paid,OTA,eviivo,Total,,51533593,Diane Brinand,,,Hotel Orlando by PLI,S Room 34 3rd F,FVN-443-300,224-683-091,,On Account,01/10/2026 16:20,31-May-2027,04-Jun-2027,Booking.com,5124669858,(see above/below),(see above/below),,,,,system@eviivo.com,,,,,,,,,,£ 0.00,,,,,Total Paid,,"£ 3,165.10",£ 15.00,£ 229.54,"£ 3,409.64","£ 127,447.80","£ 29,248.56",-£ 260.00,"£ 159,846.00"
Payments,Balance Transfers - to be paid by:,Payment Date,Payment ID,Guest Name,Group,Company,Property,Room,Order Ref.,Booking Ref,Booked On,Check-In,Check-Out,Channel,OTA Reference,Type,Payment Method,Card Type,Last 4 Digits,Virtual Card,Description,User,Updated,Sent to gateway,Confirmed by gateway,Gateway Reference,Settled Amount,Settled Date,Card,Cash / Bank,Vouchers,Total Paid,OTA,eviivo,Total,01/10/2026 16:20,51533593,Diane Brinand,,,Hotel Orlando by PLI,Room 12 2nd Floor,FVN-443-300,463-695-912,,Pre-arrival,01/10/2026 16:20,31-May-2027,04-Jun-2027,Booking.com,5124669858,Payment,Pre-Paid via OTA,,,,Prepaid via Booking.com,system@eviivo.com,01-Oct-26 16:20:38.167,,01-Oct-26 16:20:37.150,,,,,,,£ 0.00,"£ 1,362.50",,,"£ 1,362.50",Total Paid,,"£ 3,165.10",£ 15.00,£ 229.54,"£ 3,409.64","£ 127,447.80","£ 29,248.56",-£ 260.00,"£ 159,846.00"
Payments,Balance Transfers - to be paid by:,Payment Date,Payment ID,Guest Name,Group,Company,Property,Room,Order Ref.,Booking Ref,Booked On,Check-In,Check-Out,Channel,OTA Reference,Type,Payment Method,Card Type,Last 4 Digits,Virtual Card,Description,User,Updated,Sent to gateway,Confirmed by gateway,Gateway Reference,Settled Amount,Settled Date,Card,Cash / Bank,Vouchers,Total Paid,OTA,eviivo,Total,,51533593,Diane Brinand,,,Hotel Orlando by PLI,Flat 20 ( Basement sino ),FVN-443-300,538-239-131,,On Account,01/10/2026 16:20,31-May-2027,04-Jun-2027,Booking.com,5124669858,(see above/below),(see above/below),,,,,system@eviivo.com,,,,,,,,,,£ 0.00,,,,,Total Paid,,"£ 3,165.10",£ 15.00,£ 229.54,"£ 3,409.64","£ 127,447.80","£ 29,248.56",-£ 260.00,"£ 159,846.00"
Payments,Balance Transfers - to be paid by:,Payment Date,Payment ID,Guest Name,Group,Company,Property,Room,Order Ref.,Booking Ref,Booked On,Check-In,Check-Out,Channel,OTA Reference,Type,Payment Method,Card Type,Last 4 Digits,Virtual Card,Description,User,Updated,Sent to gateway,Confirmed by gateway,Gateway Reference,Settled Amount,Settled Date,Card,Cash / Bank,Vouchers,Total Paid,OTA,eviivo,Total,,51533593,Diane Brinand,,,Hotel Orlando by PLI,S Room 19 BF - W/Sofa bed ,FVN-443-300,915-191-131,,On Account,01/10/2026 16:20,31-May-2027,04-Jun-2027,Booking.com,5124669858,(see above/below),(see above/below),,,,,system@eviivo.com,,,,,,,,,,£ 0.00,,,,,Total Paid,,"£ 3,165.10",£ 15.00,£ 229.54,"£ 3,409.64","£ 127,447.80","£ 29,248.56",-£ 260.00,"£ 159,846.00"
Payments,Balance Transfers - to be paid by:,Payment Date,Payment ID,Guest Name,Group,Company,Property,Room,Order Ref.,Booking Ref,Booked On,Check-In,Check-Out,Channel,OTA Reference,Type,Payment Method,Card Type,Last 4 Digits,Virtual Card,Description,User,Updated,Sent to gateway,Confirmed by gateway,Gateway Reference,Settled Amount,Settled Date,Card,Cash / Bank,Vouchers,Total Paid,OTA,eviivo,Total,01/10/2026 16:31,51533755,Mikkel Hansen,,,Hotel Orlando by PLI,Flat 2 ( Basement Orlando ),WVX-128-769,594-931-091,,On Account,01/10/2026 16:30,26-Nov-2026,29-Nov-2026,Expedia & Affiliate Network,2571735354,Payment,Pre-Paid via OTA,,,,Extras prepaid via Expedia Affiliate Network,system@eviivo.com,01-Oct-26 16:31:02.198,,01-Oct-26 16:31:01.503,,,,,,,£ 0.00,,£ 409.00,,£ 409.00,Total Paid,,"£ 3,165.10",£ 15.00,£ 229.54,"£ 3,409.64","£ 127,447.80","£ 29,248.56",-£ 260.00,"£ 159,846.00"
Payments,Balance Transfers - to be paid by:,Payment Date,Payment ID,Guest Name,Group,Company,Property,Room,Order Ref.,Booking Ref,Booked On,Check-In,Check-Out,Channel,OTA Reference,Type,Payment Method,Card Type,Last 4 Digits,Virtual Card,Description,User,Updated,Sent to gateway,Confirmed by gateway,Gateway Reference,Settled Amount,Settled Date,Card,Cash / Bank,Vouchers,Total Paid,OTA,eviivo,Total,01/10/2026 16:31,51533759,Mikkel Hansen,,,Hotel Orlando by PLI,Flat 5 ( GF Orlando ) -  Studio,RIH-048-923,685-420-211,,On Account,01/10/2026 16:31,26-Nov-2026,29-Nov-2026,Expedia & Affiliate Network,2571735359,Payment,Pre-Paid via OTA,,,,Extras prepaid via Expedia Affiliate Network,system@eviivo.com,01-Oct-26 16:31:04.956,,01-Oct-26 16:31:04.290,,,,,,,£ 0.00,,£ 409.00,,£ 409.00,Total Paid,,"£ 3,165.10",£ 15.00,£ 229.54,"£ 3,409.64","£ 127,447.80","£ 29,248.56",-£ 260.00,"£ 159,846.00"
Payments,Balance Transfers - to be paid by:,Payment Date,Payment ID,Guest Name,Group,Company,Property,Room,Order Ref.,Booking Ref,Booked On,Check-In,Check-Out,Channel,OTA Reference,Type,Payment Method,Card Type,Last 4 Digits,Virtual Card,Description,User,Updated,Sent to gateway,Confirmed by gateway,Gateway Reference,Settled Amount,Settled Date,Card,Cash / Bank,Vouchers,Total Paid,OTA,eviivo,Total,01/10/2026 17:02,51534296,Diana Homcenko,,,Hotel Orlando by PLI,Room 14 2nd Floor,XEQ-324-393,951-631-092,,In House,01/10/2026 17:02,01-Oct-2026,02-Oct-2026,Booking.com,5056872067,Payment,Pre-Paid via OTA,,,,Prepaid via Booking.com,system@eviivo.com,01-Oct-26 17:02:28.047,,01-Oct-26 17:02:27.786,,,,,,,£ 0.00,£ 65.00,,,£ 65.00,Total Paid,,"£ 3,165.10",£ 15.00,£ 229.54,"£ 3,409.64","£ 127,447.80","£ 29,248.56",-£ 260.00,"£ 159,846.00"
Payments,Balance Transfers - to be paid by:,Payment Date,Payment ID,Guest Name,Group,Company,Property,Room,Order Ref.,Booking Ref,Booked On,Check-In,Check-Out,Channel,OTA Reference,Type,Payment Method,Card Type,Last 4 Digits,Virtual Card,Description,User,Updated,Sent to gateway,Confirmed by gateway,Gateway Reference,Settled Amount,Settled Date,Card,Cash / Bank,Vouchers,Total Paid,OTA,eviivo,Total,01/10/2026 17:28,51534771,Diana Homcenko,,,Hotel Orlando by PLI,Room 14 2nd Floor,XEQ-324-393,951-631-092,,In House,01/10/2026 17:02,01-Oct-2026,02-Oct-2026,Booking.com,5056872067,Payment,Card/VCC via the System,Visa,5590,0,Guest Paid Online,eviivo suite,01-Oct-26 17:28:31.354,01-Oct-26 17:28:28.823,01-Oct-26 17:28:31.040,pi_3ULmqOR78xpaffA00Pen3T0n,,,£ 100.00,,,£ 100.00,,,,£ 100.00,Total Paid,,"£ 3,165.10",£ 15.00,£ 229.54,"£ 3,409.64","£ 127,447.80","£ 29,248.56",-£ 260.00,"£ 159,846.00"
Payments,Balance Transfers - to be paid by:,Payment Date,Payment ID,Guest Name,Group,Company,Property,Room,Order Ref.,Booking Ref,Booked On,Check-In,Check-Out,Channel,OTA Reference,Type,Payment Method,Card Type,Last 4 Digits,Virtual Card,Description,User,Updated,Sent to gateway,Confirmed by gateway,Gateway Reference,Settled Amount,Settled Date,Card,Cash / Bank,Vouchers,Total Paid,OTA,eviivo,Total,01/10/2026 18:01,51535293,Valerio Angelini,,,Hotel Orlando by PLI,S Room 21 GF - SofaBed,APZ-666-975,532-401-161,,On Account,01/10/2026 18:01,19-Feb-2027,21-Feb-2027,Expedia & Affiliate Network,2571800101,Payment,Pre-Paid via OTA,,,,Extras prepaid via Expedia,system@eviivo.com,01-Oct-26 18:01:25.231,,01-Oct-26 18:01:22.943,,,,,,,£ 0.00,,£ 128.00,,£ 128.00,Total Paid,,"£ 3,165.10",£ 15.00,£ 229.54,"£ 3,409.64","£ 127,447.80","£ 29,248.56",-£ 260.00,"£ 159,846.00"
Payments,Balance Transfers - to be paid by:,Payment Date,Payment ID,Guest Name,Group,Company,Property,Room,Order Ref.,Booking Ref,Booked On,Check-In,Check-Out,Channel,OTA Reference,Type,Payment Method,Card Type,Last 4 Digits,Virtual Card,Description,User,Updated,Sent to gateway,Confirmed by gateway,Gateway Reference,Settled Amount,Settled Date,Card,Cash / Bank,Vouchers,Total Paid,OTA,eviivo,Total,01/10/2026 18:01,51535294,Valerio Angelini,,,Hotel Orlando by PLI,S Room 22 GF -2Ds W/Microwave &Fridge,ZSA-816-527,365-163-012,,On Account,01/10/2026 18:01,19-Feb-2027,21-Feb-2027,Expedia & Affiliate Network,2571800107,Payment,Pre-Paid via OTA,,,,Extras prepaid via Expedia,system@eviivo.com,01-Oct-26 18:01:26.215,,01-Oct-26 18:01:23.893,,,,,,,£ 0.00,,£ 128.00,,£ 128.00,Total Paid,,"£ 3,165.10",£ 15.00,£ 229.54,"£ 3,409.64","£ 127,447.80","£ 29,248.56",-£ 260.00,"£ 159,846.00"
Payments,Balance Transfers - to be paid by:,Payment Date,Payment ID,Guest Name,Group,Company,Property,Room,Order Ref.,Booking Ref,Booked On,Check-In,Check-Out,Channel,OTA Reference,Type,Payment Method,Card Type,Last 4 Digits,Virtual Card,Description,User,Updated,Sent to gateway,Confirmed by gateway,Gateway Reference,Settled Amount,Settled Date,Card,Cash / Bank,Vouchers,Total Paid,OTA,eviivo,Total,01/10/2026 18:01,51535300,Valerio Angelini,,,Hotel Orlando by PLI,S Room 30 2nd F - W/Fridge,LRT-819-086,416-696-892,,On Account,01/10/2026 18:01,19-Feb-2027,21-Feb-2027,Expedia & Affiliate Network,2571800111,Payment,Pre-Paid via OTA,,,,Extras prepaid via Expedia,system@eviivo.com,01-Oct-26 18:01:44.569,,01-Oct-26 18:01:42.540,,,,,,,£ 0.00,,£ 128.00,,£ 128.00,Total Paid,,"£ 3,165.10",£ 15.00,£ 229.54,"£ 3,409.64","£ 127,447.80","£ 29,248.56",-£ 260.00,"£ 159,846.00"
Payments,Balance Transfers - to be paid by:,Payment Date,Payment ID,Guest Name,Group,Company,Property,Room,Order Ref.,Booking Ref,Booked On,Check-In,Check-Out,Channel,OTA Reference,Type,Payment Method,Card Type,Last 4 Digits,Virtual Card,Description,User,Updated,Sent to gateway,Confirmed by gateway,Gateway Reference,Settled Amount,Settled Date,Card,Cash / Bank,Vouchers,Total Paid,OTA,eviivo,Total,01/10/2026 18:30,51535754,Carlos Eduardo Schwartz Romero,,,Hotel Orlando by PLI,S Room 28 1st F,GAF-137-435,989-294-881,,On Account,01/10/2026 18:30,08-Oct-2026,10-Oct-2026,Expedia & Affiliate Network,2571820453,Payment,Pre-Paid via OTA,,,,Extras prepaid via Expedia,system@eviivo.com,01-Oct-26 18:30:52.279,,01-Oct-26 18:30:51.466,,,,,,,£ 0.00,,£ 191.91,,£ 191.91,Total Paid,,"£ 3,165.10",£ 15.00,£ 229.54,"£ 3,409.64","£ 127,447.80","£ 29,248.56",-£ 260.00,"£ 159,846.00"
Payments,Balance Transfers - to be paid by:,Payment Date,Payment ID,Guest Name,Group,Company,Property,Room,Order Ref.,Booking Ref,Booked On,Check-In,Check-Out,Channel,OTA Reference,Type,Payment Method,Card Type,Last 4 Digits,Virtual Card,Description,User,Updated,Sent to gateway,Confirmed by gateway,Gateway Reference,Settled Amount,Settled Date,Card,Cash / Bank,Vouchers,Total Paid,OTA,eviivo,Total,,51536192,Tatiana Silva,,,Hotel Orlando by PLI,S Room 29 Mid 2nd F,EKF-541-687,304-943-551,,On Account,01/10/2026 18:57,05-Oct-2026,07-Oct-2026,Booking.com,6283096701,(see above/below),(see above/below),,,,,system@eviivo.com,,,,,,,,,,£ 0.00,,,,,Total Paid,,"£ 3,165.10",£ 15.00,£ 229.54,"£ 3,409.64","£ 127,447.80","£ 29,248.56",-£ 260.00,"£ 159,846.00"
Payments,Balance Transfers - to be paid by:,Payment Date,Payment ID,Guest Name,Group,Company,Property,Room,Order Ref.,Booking Ref,Booked On,Check-In,Check-Out,Channel,OTA Reference,Type,Payment Method,Card Type,Last 4 Digits,Virtual Card,Description,User,Updated,Sent to gateway,Confirmed by gateway,Gateway Reference,Settled Amount,Settled Date,Card,Cash / Bank,Vouchers,Total Paid,OTA,eviivo,Total,,51536192,Tatiana Silva,,,Hotel Orlando by PLI,S Room 28 1st F,EKF-541-687,310-396-441,,On Account,01/10/2026 18:57,05-Oct-2026,07-Oct-2026,Booking.com,6283096701,(see above/below),(see above/below),,,,,system@eviivo.com,,,,,,,,,,£ 0.00,,,,,Total Paid,,"£ 3,165.10",£ 15.00,£ 229.54,"£ 3,409.64","£ 127,447.80","£ 29,248.56",-£ 260.00,"£ 159,846.00"
Payments,Balance Transfers - to be paid by:,Payment Date,Payment ID,Guest Name,Group,Company,Property,Room,Order Ref.,Booking Ref,Booked On,Check-In,Check-Out,Channel,OTA Reference,Type,Payment Method,Card Type,Last 4 Digits,Virtual Card,Description,User,Updated,Sent to gateway,Confirmed by gateway,Gateway Reference,Settled Amount,Settled Date,Card,Cash / Bank,Vouchers,Total Paid,OTA,eviivo,Total,,51536192,Tatiana Silva,,,Hotel Orlando by PLI,Room 14 2nd Floor,EKF-541-687,388-342-591,,On Account,01/10/2026 18:57,05-Oct-2026,07-Oct-2026,Booking.com,6283096701,(see above/below),(see above/below),,,,,system@eviivo.com,,,,,,,,,,£ 0.00,,,,,Total Paid,,"£ 3,165.10",£ 15.00,£ 229.54,"£ 3,409.64","£ 127,447.80","£ 29,248.56",-£ 260.00,"£ 159,846.00"
Payments,Balance Transfers - to be paid by:,Payment Date,Payment ID,Guest Name,Group,Company,Property,Room,Order Ref.,Booking Ref,Booked On,Check-In,Check-Out,Channel,OTA Reference,Type,Payment Method,Card Type,Last 4 Digits,Virtual Card,Description,User,Updated,Sent to gateway,Confirmed by gateway,Gateway Reference,Settled Amount,Settled Date,Card,Cash / Bank,Vouchers,Total Paid,OTA,eviivo,Total,01/10/2026 18:57,51536192,Tatiana Silva,,,Hotel Orlando by PLI,Room 1 BF,EKF-541-687,463-091-964,,Pre-arrival,01/10/2026 18:57,05-Oct-2026,07-Oct-2026,Booking.com,6283096701,Payment,Pre-Paid via OTA,,,,Prepaid via Booking.com,system@eviivo.com,01-Oct-26 18:57:17.933,,01-Oct-26 18:57:16.976,,,,,,,£ 0.00,"£ 1,105.90",,,"£ 1,105.90",Total Paid,,"£ 3,165.10",£ 15.00,£ 229.54,"£ 3,409.64","£ 127,447.80","£ 29,248.56",-£ 260.00,"£ 159,846.00"
Payments,Balance Transfers - to be paid by:,Payment Date,Payment ID,Guest Name,Group,Company,Property,Room,Order Ref.,Booking Ref,Booked On,Check-In,Check-Out,Channel,OTA Reference,Type,Payment Method,Card Type,Last 4 Digits,Virtual Card,Description,User,Updated,Sent to gateway,Confirmed by gateway,Gateway Reference,Settled Amount,Settled Date,Card,Cash / Bank,Vouchers,Total Paid,OTA,eviivo,Total,,51536192,Tatiana Silva,,,Hotel Orlando by PLI,Room 16 3rd Floor,EKF-541-687,540-822-621,,On Account,01/10/2026 18:57,05-Oct-2026,07-Oct-2026,Booking.com,6283096701,(see above/below),(see above/below),,,,,system@eviivo.com,,,,,,,,,,£ 0.00,,,,,Total Paid,,"£ 3,165.10",£ 15.00,£ 229.54,"£ 3,409.64","£ 127,447.80","£ 29,248.56",-£ 260.00,"£ 159,846.00"
Payments,Balance Transfers - to be paid by:,Payment Date,Payment ID,Guest Name,Group,Company,Property,Room,Order Ref.,Booking Ref,Booked On,Check-In,Check-Out,Channel,OTA Reference,Type,Payment Method,Card Type,Last 4 Digits,Virtual Card,Description,User,Updated,Sent to gateway,Confirmed by gateway,Gateway Reference,Settled Amount,Settled Date,Card,Cash / Bank,Vouchers,Total Paid,OTA,eviivo,Total,,51536192,Tatiana Silva,,,Hotel Orlando by PLI,Room 6 GF,EKF-541-687,618-130-002,,On Account,01/10/2026 18:57,05-Oct-2026,07-Oct-2026,Booking.com,6283096701,(see above/below),(see above/below),,,,,system@eviivo.com,,,,,,,,,,£ 0.00,,,,,Total Paid,,"£ 3,165.10",£ 15.00,£ 229.54,"£ 3,409.64","£ 127,447.80","£ 29,248.56",-£ 260.00,"£ 159,846.00"
Payments,Balance Transfers - to be paid by:,Payment Date,Payment ID,Guest Name,Group,Company,Property,Room,Order Ref.,Booking Ref,Booked On,Check-In,Check-Out,Channel,OTA Reference,Type,Payment Method,Card Type,Last 4 Digits,Virtual Card,Description,User,Updated,Sent to gateway,Confirmed by gateway,Gateway Reference,Settled Amount,Settled Date,Card,Cash / Bank,Vouchers,Total Paid,OTA,eviivo,Total,,51536192,Tatiana Silva,,,Hotel Orlando by PLI,Room 10 1st Floor,EKF-541-687,819-044-831,,On Account,01/10/2026 18:57,05-Oct-2026,07-Oct-2026,Booking.com,6283096701,(see above/below),(see above/below),,,,,system@eviivo.com,,,,,,,,,,£ 0.00,,,,,Total Paid,,"£ 3,165.10",£ 15.00,£ 229.54,"£ 3,409.64","£ 127,447.80","£ 29,248.56",-£ 260.00,"£ 159,846.00"
Payments,Balance Transfers - to be paid by:,Payment Date,Payment ID,Guest Name,Group,Company,Property,Room,Order Ref.,Booking Ref,Booked On,Check-In,Check-Out,Channel,OTA Reference,Type,Payment Method,Card Type,Last 4 Digits,Virtual Card,Description,User,Updated,Sent to gateway,Confirmed by gateway,Gateway Reference,Settled Amount,Settled Date,Card,Cash / Bank,Vouchers,Total Paid,OTA,eviivo,Total,,51536192,Tatiana Silva,,,Hotel Orlando by PLI,S Room 32 2nd F,EKF-541-687,848-604-002,,On Account,01/10/2026 18:57,05-Oct-2026,07-Oct-2026,Booking.com,6283096701,(see above/below),(see above/below),,,,,system@eviivo.com,,,,,,,,,,£ 0.00,,,,,Total Paid,,"£ 3,165.10",£ 15.00,£ 229.54,"£ 3,409.64","£ 127,447.80","£ 29,248.56",-£ 260.00,"£ 159,846.00"
Payments,Balance Transfers - to be paid by:,Payment Date,Payment ID,Guest Name,Group,Company,Property,Room,Order Ref.,Booking Ref,Booked On,Check-In,Check-Out,Channel,OTA Reference,Type,Payment Method,Card Type,Last 4 Digits,Virtual Card,Description,User,Updated,Sent to gateway,Confirmed by gateway,Gateway Reference,Settled Amount,Settled Date,Card,Cash / Bank,Vouchers,Total Paid,OTA,eviivo,Total,01/10/2026 19:07,51536340,Tatiana Silva,,,Hotel Orlando by PLI,Room 13 2nd Floor,BOG-009-829,300-952-514,,Pre-arrival,01/10/2026 19:07,05-Oct-2026,08-Oct-2026,Booking.com,6474386189,Payment,Pre-Paid via OTA,,,,Prepaid via Booking.com,system@eviivo.com,01-Oct-26 19:07:19.973,,01-Oct-26 19:07:19.296,,,,,,,£ 0.00,£ 454.00,,,£ 454.00,Total Paid,,"£ 3,165.10",£ 15.00,£ 229.54,"£ 3,409.64","£ 127,447.80","£ 29,248.56",-£ 260.00,"£ 159,846.00"
Payments,Balance Transfers - to be paid by:,Payment Date,Payment ID,Guest Name,Group,Company,Property,Room,Order Ref.,Booking Ref,Booked On,Check-In,Check-Out,Channel,OTA Reference,Type,Payment Method,Card Type,Last 4 Digits,Virtual Card,Description,User,Updated,Sent to gateway,Confirmed by gateway,Gateway Reference,Settled Amount,Settled Date,Card,Cash / Bank,Vouchers,Total Paid,OTA,eviivo,Total,,51536340,Tatiana Silva,,,Hotel Orlando by PLI,S Room 23 GF,BOG-009-829,930-655-522,,On Account,01/10/2026 19:07,05-Oct-2026,08-Oct-2026,Booking.com,6474386189,(see above/below),(see above/below),,,,,system@eviivo.com,,,,,,,,,,£ 0.00,,,,,Total Paid,,"£ 3,165.10",£ 15.00,£ 229.54,"£ 3,409.64","£ 127,447.80","£ 29,248.56",-£ 260.00,"£ 159,846.00"
Payments,Balance Transfers - to be paid by:,Payment Date,Payment ID,Guest Name,Group,Company,Property,Room,Order Ref.,Booking Ref,Booked On,Check-In,Check-Out,Channel,OTA Reference,Type,Payment Method,Card Type,Last 4 Digits,Virtual Card,Description,User,Updated,Sent to gateway,Confirmed by gateway,Gateway Reference,Settled Amount,Settled Date,Card,Cash / Bank,Vouchers,Total Paid,OTA,eviivo,Total,01/10/2026 19:36,51536741,Jack Hanson,,,Hotel Orlando by PLI,S Room 33 3rd F - W/Microwave &Fridge,ASP-634-426,432-151-822,,Pre-arrival,01/10/2026 19:36,27-Nov-2026,29-Nov-2026,Booking.com,6309600377,Payment,Pre-Paid via OTA,,,,Prepaid via Booking.com,system@eviivo.com,01-Oct-26 19:36:38.683,,01-Oct-26 19:36:38.443,,,,,,,£ 0.00,£ 229.70,,,£ 229.70,Total Paid,,"£ 3,165.10",£ 15.00,£ 229.54,"£ 3,409.64","£ 127,447.80","£ 29,248.56",-£ 260.00,"£ 159,846.00"
Payments,Balance Transfers - to be paid by:,Payment Date,Payment ID,Guest Name,Group,Company,Property,Room,Order Ref.,Booking Ref,Booked On,Check-In,Check-Out,Channel,OTA Reference,Type,Payment Method,Card Type,Last 4 Digits,Virtual Card,Description,User,Updated,Sent to gateway,Confirmed by gateway,Gateway Reference,Settled Amount,Settled Date,Card,Cash / Bank,Vouchers,Total Paid,OTA,eviivo,Total,01/10/2026 20:53,51537764,Margarida Rodrigues,,,Hotel Orlando by PLI,Room 12 2nd Floor,FXQ-769-092,002-040-192,,Pre-arrival,01/10/2026 20:53,19-Feb-2027,22-Feb-2027,Booking.com,6158312963,Payment,Pre-Paid via OTA,,,,Prepaid via Booking.com,system@eviivo.com,01-Oct-26 20:53:58.291,,01-Oct-26 20:53:58.096,,,,,,,£ 0.00,£ 168.50,,,£ 168.50,Total Paid,,"£ 3,165.10",£ 15.00,£ 229.54,"£ 3,409.64","£ 127,447.80","£ 29,248.56",-£ 260.00,"£ 159,846.00"
Payments,Balance Transfers - to be paid by:,Payment Date,Payment ID,Guest Name,Group,Company,Property,Room,Order Ref.,Booking Ref,Booked On,Check-In,Check-Out,Channel,OTA Reference,Type,Payment Method,Card Type,Last 4 Digits,Virtual Card,Description,User,Updated,Sent to gateway,Confirmed by gateway,Gateway Reference,Settled Amount,Settled Date,Card,Cash / Bank,Vouchers,Total Paid,OTA,eviivo,Total,01/10/2026 21:34,51538296,Chiedum Ahaotu,,,Hotel Orlando by PLI,S Room 33 3rd F - W/Microwave &Fridge,ZGX-259-400,025-283-461,,In House,01/10/2026 21:34,01-Oct-2026,02-Oct-2026,Booking.com,5946211390,Payment,Pre-Paid via OTA,,,,Prepaid via Booking.com,system@eviivo.com,01-Oct-26 21:34:39.029,,01-Oct-26 21:34:38.816,,,,,,,£ 0.00,£ 63.20,,,£ 63.20,Total Paid,,"£ 3,165.10",£ 15.00,£ 229.54,"£ 3,409.64","£ 127,447.80","£ 29,248.56",-£ 260.00,"£ 159,846.00"
Payments,Balance Transfers - to be paid by:,Payment Date,Payment ID,Guest Name,Group,Company,Property,Room,Order Ref.,Booking Ref,Booked On,Check-In,Check-Out,Channel,OTA Reference,Type,Payment Method,Card Type,Last 4 Digits,Virtual Card,Description,User,Updated,Sent to gateway,Confirmed by gateway,Gateway Reference,Settled Amount,Settled Date,Card,Cash / Bank,Vouchers,Total Paid,OTA,eviivo,Total,01/10/2026 21:36,51538321,Adriana Gea,,,Hotel Orlando by PLI,Room 12 2nd Floor,QNG-846-027,880-352-062,,Pre-arrival,01/10/2026 21:36,29-Jan-2027,02-Feb-2027,Booking.com,5306452620,Payment,Pre-Paid via OTA,,,,Prepaid via Booking.com,system@eviivo.com,01-Oct-26 21:36:08.100,,01-Oct-26 21:36:07.926,,,,,,,£ 0.00,£ 228.80,,,£ 228.80,Total Paid,,"£ 3,165.10",£ 15.00,£ 229.54,"£ 3,409.64","£ 127,447.80","£ 29,248.56",-£ 260.00,"£ 159,846.00"
Payments,Balance Transfers - to be paid by:,Payment Date,Payment ID,Guest Name,Group,Company,Property,Room,Order Ref.,Booking Ref,Booked On,Check-In,Check-Out,Channel,OTA Reference,Type,Payment Method,Card Type,Last 4 Digits,Virtual Card,Description,User,Updated,Sent to gateway,Confirmed by gateway,Gateway Reference,Settled Amount,Settled Date,Card,Cash / Bank,Vouchers,Total Paid,OTA,eviivo,Total,01/10/2026 22:11,51538722,Francesca Chiavenna,,,Hotel Orlando by PLI,S Room 35 3rd F,BRD-583-202,131-682-351,,On Account,01/10/2026 22:11,10-Oct-2026,13-Oct-2026,Expedia & Affiliate Network,2571964694,Payment,Pre-Paid via OTA,,,,Extras prepaid via Expedia,system@eviivo.com,01-Oct-26 22:11:12.873,,01-Oct-26 22:11:12.456,,,,,,,£ 0.00,,£ 255.80,,£ 255.80,Total Paid,,"£ 3,165.10",£ 15.00,£ 229.54,"£ 3,409.64","£ 127,447.80","£ 29,248.56",-£ 260.00,"£ 159,846.00"
Payments,Balance Transfers - to be paid by:,Payment Date,Payment ID,Guest Name,Group,Company,Property,Room,Order Ref.,Booking Ref,Booked On,Check-In,Check-Out,Channel,OTA Reference,Type,Payment Method,Card Type,Last 4 Digits,Virtual Card,Description,User,Updated,Sent to gateway,Confirmed by gateway,Gateway Reference,Settled Amount,Settled Date,Card,Cash / Bank,Vouchers,Total Paid,OTA,eviivo,Total,01/10/2026 22:44,51539026,Chiedum Ahaotu,,,Hotel Orlando by PLI,S Room 33 3rd F - W/Microwave &Fridge,ZGX-259-400,025-283-461,,In House,01/10/2026 21:34,01-Oct-2026,02-Oct-2026,Booking.com,5946211390,Payment,Card/VCC via the System,Mastercard,0171,0,Guest Paid Online,eviivo suite,01-Oct-26 22:44:05.310,01-Oct-26 22:44:02.307,01-Oct-26 22:44:05.060,pi_3ULrlmR78xpaffA021xIGV0n,,,£ 100.00,,,£ 100.00,,,,£ 100.00,Total Paid,,"£ 3,165.10",£ 15.00,£ 229.54,"£ 3,409.64","£ 127,447.80","£ 29,248.56",-£ 260.00,"£ 159,846.00"
Payments,Balance Transfers - to be paid by:,Payment Date,Payment ID,Guest Name,Group,Company,Property,Room,Order Ref.,Booking Ref,Booked On,Check-In,Check-Out,Channel,OTA Reference,Type,Payment Method,Card Type,Last 4 Digits,Virtual Card,Description,User,Updated,Sent to gateway,Confirmed by gateway,Gateway Reference,Settled Amount,Settled Date,Card,Cash / Bank,Vouchers,Total Paid,OTA,eviivo,Total,02/10/2026 09:38,51543619,igor mostovac,,,Hotel Orlando by PLI,Room 13 2nd Floor,KJP-283-580,530-812-444,,Pre-arrival,02/10/2026 09:37,08-Oct-2026,11-Oct-2026,Booking.com,5403094559,Payment,Pre-Paid via OTA,,,,Prepaid via Booking.com,system@eviivo.com,02-Oct-26 09:38:01.731,,02-Oct-26 09:38:01.450,,,,,,,£ 0.00,£ 265.70,,,£ 265.70,Total Paid,,"£ 3,165.10",£ 15.00,£ 229.54,"£ 3,409.64","£ 127,447.80","£ 29,248.56",-£ 260.00,"£ 159,846.00"
Payments,Balance Transfers - to be paid by:,Payment Date,Payment ID,Guest Name,Group,Company,Property,Room,Order Ref.,Booking Ref,Booked On,Check-In,Check-Out,Channel,OTA Reference,Type,Payment Method,Card Type,Last 4 Digits,Virtual Card,Description,User,Updated,Sent to gateway,Confirmed by gateway,Gateway Reference,Settled Amount,Settled Date,Card,Cash / Bank,Vouchers,Total Paid,OTA,eviivo,Total,02/10/2026 10:49,51544968,Lucy Na Ostrowska,,,Hotel Orlando by PLI,Room 13 2nd Floor,DZV-245-902,928-465-202,,Pre-arrival,02/10/2026 10:49,28-Sep-2027,03-Oct-2027,Booking.com,6444620103,Payment,Pre-Paid via OTA,,,,Prepaid via Booking.com,system@eviivo.com,02-Oct-26 10:50:00.244,,02-Oct-26 10:49:59.880,,,,,,,£ 0.00,£ 390.80,,,£ 390.80,Total Paid,,"£ 3,165.10",£ 15.00,£ 229.54,"£ 3,409.64","£ 127,447.80","£ 29,248.56",-£ 260.00,"£ 159,846.00"
Payments,Balance Transfers - to be paid by:,Payment Date,Payment ID,Guest Name,Group,Company,Property,Room,Order Ref.,Booking Ref,Booked On,Check-In,Check-Out,Channel,OTA Reference,Type,Payment Method,Card Type,Last 4 Digits,Virtual Card,Description,User,Updated,Sent to gateway,Confirmed by gateway,Gateway Reference,Settled Amount,Settled Date,Card,Cash / Bank,Vouchers,Total Paid,OTA,eviivo,Total,02/10/2026 10:51,51545000,Lucy Na Ostrowska,,,Hotel Orlando by PLI,S Room 18 BF,YSE-143-896,492-691-921,,Pre-arrival,02/10/2026 10:51,28-Sep-2027,03-Oct-2027,Booking.com,5306481540,Payment,Pre-Paid via OTA,,,,Prepaid via Booking.com,system@eviivo.com,02-Oct-26 10:51:51.606,,02-Oct-26 10:51:51.153,,,,,,,£ 0.00,£ 339.50,,,£ 339.50,Total Paid,,"£ 3,165.10",£ 15.00,£ 229.54,"£ 3,409.64","£ 127,447.80","£ 29,248.56",-£ 260.00,"£ 159,846.00"
Payments,Balance Transfers - to be paid by:,Payment Date,Payment ID,Guest Name,Group,Company,Property,Room,Order Ref.,Booking Ref,Booked On,Check-In,Check-Out,Channel,OTA Reference,Type,Payment Method,Card Type,Last 4 Digits,Virtual Card,Description,User,Updated,Sent to gateway,Confirmed by gateway,Gateway Reference,Settled Amount,Settled Date,Card,Cash / Bank,Vouchers,Total Paid,OTA,eviivo,Total,02/10/2026 12:02,51546289,Callum Roberts,,,Hotel Orlando by PLI,Flat 24  ( GF Sino ) - Studio,QSB-746-346,235-129-331,,Post Checkout,27/09/2026 19:49,30-Sep-2026,01-Oct-2026,Booking.com,5929181511,Refund,Card/VCC via the System,Mastercard,4441,0,,mohammed.samy@crownbs.com,02-Oct-26 12:02:27.699,02-Oct-26 12:02:26.553,02-Oct-26 12:02:27.570,re_3ULNxwR78xpaffA00Svtfrvu,,,-£ 100.00,,,-£ 100.00,,,,- £ 100.00,Total Paid,,"£ 3,165.10",£ 15.00,£ 229.54,"£ 3,409.64","£ 127,447.80","£ 29,248.56",-£ 260.00,"£ 159,846.00"
Payments,Balance Transfers - to be paid by:,Payment Date,Payment ID,Guest Name,Group,Company,Property,Room,Order Ref.,Booking Ref,Booked On,Check-In,Check-Out,Channel,OTA Reference,Type,Payment Method,Card Type,Last 4 Digits,Virtual Card,Description,User,Updated,Sent to gateway,Confirmed by gateway,Gateway Reference,Settled Amount,Settled Date,Card,Cash / Bank,Vouchers,Total Paid,OTA,eviivo,Total,02/10/2026 12:02,51546295,James Pomeroy,,,Hotel Orlando by PLI,Room 11 2nd Floor,ETO-524-770,965-943-902,,Post Checkout,22/09/2026 14:57,30-Sep-2026,01-Oct-2026,Booking.com,6338486665,Refund,Card/VCC via the System,Mastercard,4844,0,,mohammed.samy@crownbs.com,02-Oct-26 12:02:40.303,02-Oct-26 12:02:39.117,02-Oct-26 12:02:40.153,re_3ULPLnR78xpaffA01WoNWCrh,,,-£ 100.00,,,-£ 100.00,,,,- £ 100.00,Total Paid,,"£ 3,165.10",£ 15.00,£ 229.54,"£ 3,409.64","£ 127,447.80","£ 29,248.56",-£ 260.00,"£ 159,846.00"
Payments,Balance Transfers - to be paid by:,Payment Date,Payment ID,Guest Name,Group,Company,Property,Room,Order Ref.,Booking Ref,Booked On,Check-In,Check-Out,Channel,OTA Reference,Type,Payment Method,Card Type,Last 4 Digits,Virtual Card,Description,User,Updated,Sent to gateway,Confirmed by gateway,Gateway Reference,Settled Amount,Settled Date,Card,Cash / Bank,Vouchers,Total Paid,OTA,eviivo,Total,02/10/2026 12:02,51546300,Selina Kumar,,,Hotel Orlando by PLI,Flat 2 ( Basement Orlando ),RQL-345-936,651-935-924,,Post Checkout,27/09/2026 21:46,28-Sep-2026,01-Oct-2026,Expedia & Affiliate Network,2568716364,Refund,Card/VCC via the System,Visa,5825,0,,mohammed.samy@crownbs.com,02-Oct-26 12:02:58.342,02-Oct-26 12:02:56.900,02-Oct-26 12:02:58.157,re_3UKQNjR78xpaffA02cLj0gDO,,,-£ 100.00,,,-£ 100.00,,,,- £ 100.00,Total Paid,,"£ 3,165.10",£ 15.00,£ 229.54,"£ 3,409.64","£ 127,447.80","£ 29,248.56",-£ 260.00,"£ 159,846.00"
Payments,Balance Transfers - to be paid by:,Payment Date,Payment ID,Guest Name,Group,Company,Property,Room,Order Ref.,Booking Ref,Booked On,Check-In,Check-Out,Channel,OTA Reference,Type,Payment Method,Card Type,Last 4 Digits,Virtual Card,Description,User,Updated,Sent to gateway,Confirmed by gateway,Gateway Reference,Settled Amount,Settled Date,Card,Cash / Bank,Vouchers,Total Paid,OTA,eviivo,Total,02/10/2026 13:42,51547973,Nadiezhda Zymovets,,,Hotel Orlando by PLI,S Room 28 1st F,HCC-976-734,306-235-304,,Pre-arrival,02/10/2026 13:42,27-Oct-2026,02-Nov-2026,Booking.com,6525871558,Payment,Pre-Paid via OTA,,,,Prepaid via Booking.com,system@eviivo.com,02-Oct-26 13:42:43.791,,02-Oct-26 13:42:43.380,,,,,,,£ 0.00,£ 474.50,,,£ 474.50,Total Paid,,"£ 3,165.10",£ 15.00,£ 229.54,"£ 3,409.64","£ 127,447.80","£ 29,248.56",-£ 260.00,"£ 159,846.00"
Payments,Balance Transfers - to be paid by:,Payment Date,Payment ID,Guest Name,Group,Company,Property,Room,Order Ref.,Booking Ref,Booked On,Check-In,Check-Out,Channel,OTA Reference,Type,Payment Method,Card Type,Last 4 Digits,Virtual Card,Description,User,Updated,Sent to gateway,Confirmed by gateway,Gateway Reference,Settled Amount,Settled Date,Card,Cash / Bank,Vouchers,Total Paid,OTA,eviivo,Total,02/10/2026 13:49,51548096,Guglielmo’s iCal,,,Hotel Orlando by PLI,Flat 24  ( GF Sino ) - Studio,SZM-507-574,138-166-161,,Pre-arrival,01/09/2026 11:21,03-Oct-2026,05-Oct-2026,,1418fb94e984-67d47da42a51e69611336944188d08e5@airbnb.com,Payment,Voucher,,,,,tamer.elhashmi@crownbs.com,02-Oct-26 13:49:21.531,,02-Oct-26 13:49:21.396,,,,,,£ 143.18,£ 143.18,,,,£ 143.18,Total Paid,,"£ 3,165.10",£ 15.00,£ 229.54,"£ 3,409.64","£ 127,447.80","£ 29,248.56",-£ 260.00,"£ 159,846.00"
Payments,Balance Transfers - to be paid by:,Payment Date,Payment ID,Guest Name,Group,Company,Property,Room,Order Ref.,Booking Ref,Booked On,Check-In,Check-Out,Channel,OTA Reference,Type,Payment Method,Card Type,Last 4 Digits,Virtual Card,Description,User,Updated,Sent to gateway,Confirmed by gateway,Gateway Reference,Settled Amount,Settled Date,Card,Cash / Bank,Vouchers,Total Paid,OTA,eviivo,Total,02/10/2026 14:10,51548515,James’s iCal,,,Hotel Orlando by PLI,Flat 24  ( GF Sino ) - Studio,QIV-219-080,928-905-894,,In House,21/03/2026 01:37,01-Oct-2026,03-Oct-2026,,1418fb94e984-3ebedee3e9c426ff5e1a56f84e374548@airbnb.com,Payment,Voucher,,,,,tamer.elhashmi@crownbs.com,02-Oct-26 14:10:57.908,,02-Oct-26 14:10:57.740,,,,,,£ 157.24,£ 157.24,,,,£ 157.24,Total Paid,,"£ 3,165.10",£ 15.00,£ 229.54,"£ 3,409.64","£ 127,447.80","£ 29,248.56",-£ 260.00,"£ 159,846.00"
Payments,Balance Transfers - to be paid by:,Payment Date,Payment ID,Guest Name,Group,Company,Property,Room,Order Ref.,Booking Ref,Booked On,Check-In,Check-Out,Channel,OTA Reference,Type,Payment Method,Card Type,Last 4 Digits,Virtual Card,Description,User,Updated,Sent to gateway,Confirmed by gateway,Gateway Reference,Settled Amount,Settled Date,Card,Cash / Bank,Vouchers,Total Paid,OTA,eviivo,Total,02/10/2026 14:15,51548578,Ricardo Rosa,,,Hotel Orlando by PLI,Room 4 GF,UAT-453-927,128-408-292,,In House,02/10/2026 14:15,02-Oct-2026,03-Oct-2026,Booking.com,5716481615,Payment,Pre-Paid via OTA,,,,Prepaid via Booking.com,system@eviivo.com,02-Oct-26 14:15:12.057,,02-Oct-26 14:15:11.850,,,,,,,£ 0.00,£ 109.10,,,£ 109.10,Total Paid,,"£ 3,165.10",£ 15.00,£ 229.54,"£ 3,409.64","£ 127,447.80","£ 29,248.56",-£ 260.00,"£ 159,846.00"
Payments,Balance Transfers - to be paid by:,Payment Date,Payment ID,Guest Name,Group,Company,Property,Room,Order Ref.,Booking Ref,Booked On,Check-In,Check-Out,Channel,OTA Reference,Type,Payment Method,Card Type,Last 4 Digits,Virtual Card,Description,User,Updated,Sent to gateway,Confirmed by gateway,Gateway Reference,Settled Amount,Settled Date,Card,Cash / Bank,Vouchers,Total Paid,OTA,eviivo,Total,02/10/2026 15:15,51549690,Adeleke Pitan,,,Hotel Orlando by PLI,Room 11 2nd Floor,XOV-902-275,029-105-684,,Pre-arrival,02/10/2026 15:15,04-Oct-2026,05-Oct-2026,Booking.com,5716450379,Payment,Pre-Paid via OTA,,,,Prepaid via Booking.com,system@eviivo.com,02-Oct-26 15:15:52.163,,02-Oct-26 15:15:52.000,,,,,,,£ 0.00,£ 65.00,,,£ 65.00,Total Paid,,"£ 3,165.10",£ 15.00,£ 229.54,"£ 3,409.64","£ 127,447.80","£ 29,248.56",-£ 260.00,"£ 159,846.00"
Payments,Balance Transfers - to be paid by:,Payment Date,Payment ID,Guest Name,Group,Company,Property,Room,Order Ref.,Booking Ref,Booked On,Check-In,Check-Out,Channel,OTA Reference,Type,Payment Method,Card Type,Last 4 Digits,Virtual Card,Description,User,Updated,Sent to gateway,Confirmed by gateway,Gateway Reference,Settled Amount,Settled Date,Card,Cash / Bank,Vouchers,Total Paid,OTA,eviivo,Total,02/10/2026 15:19,51549755,Guerra Sofia,,,Hotel Orlando by PLI,Room 11 2nd Floor,YLY-692-743,235-360-901,,Pre-arrival,02/10/2026 15:19,08-Dec-2026,12-Dec-2026,Booking.com,6444626782,Payment,Pre-Paid via OTA,,,,Prepaid via Booking.com,system@eviivo.com,02-Oct-26 15:19:12.765,,02-Oct-26 15:19:12.563,,,,,,,£ 0.00,£ 326.90,,,£ 326.90,Total Paid,,"£ 3,165.10",£ 15.00,£ 229.54,"£ 3,409.64","£ 127,447.80","£ 29,248.56",-£ 260.00,"£ 159,846.00"
Payments,Balance Transfers - to be paid by:,Payment Date,Payment ID,Guest Name,Group,Company,Property,Room,Order Ref.,Booking Ref,Booked On,Check-In,Check-Out,Channel,OTA Reference,Type,Payment Method,Card Type,Last 4 Digits,Virtual Card,Description,User,Updated,Sent to gateway,Confirmed by gateway,Gateway Reference,Settled Amount,Settled Date,Card,Cash / Bank,Vouchers,Total Paid,OTA,eviivo,Total,02/10/2026 15:44,51550301,Marimar Sanchez Pinto,,,Hotel Orlando by PLI,S Room 26 1st F - W/Fridge,LRA-954-895,613-831-952,,Pre-arrival,02/10/2026 15:44,07-Dec-2026,12-Dec-2026,Booking.com,5276033804,Payment,Pre-Paid via OTA,,,,Prepaid via Booking.com,system@eviivo.com,02-Oct-26 15:44:40.833,,02-Oct-26 15:44:40.576,,,,,,,£ 0.00,£ 464.60,,,£ 464.60,Total Paid,,"£ 3,165.10",£ 15.00,£ 229.54,"£ 3,409.64","£ 127,447.80","£ 29,248.56",-£ 260.00,"£ 159,846.00"
Payments,Balance Transfers - to be paid by:,Payment Date,Payment ID,Guest Name,Group,Company,Property,Room,Order Ref.,Booking Ref,Booked On,Check-In,Check-Out,Channel,OTA Reference,Type,Payment Method,Card Type,Last 4 Digits,Virtual Card,Description,User,Updated,Sent to gateway,Confirmed by gateway,Gateway Reference,Settled Amount,Settled Date,Card,Cash / Bank,Vouchers,Total Paid,OTA,eviivo,Total,02/10/2026 16:13,51550917,Ricardo Rosa,,,Hotel Orlando by PLI,Room 4 GF,UAT-453-927,128-408-292,,In House,02/10/2026 14:15,02-Oct-2026,03-Oct-2026,Booking.com,5716481615,Payment,Card/VCC via the System,Mastercard,2730,0,Guest Paid Online,eviivo suite,02-Oct-26 16:13:16.014,02-Oct-26 16:13:13.497,02-Oct-26 16:13:15.720,pi_3UM897R78xpaffA01kxlY7fo,,,£ 100.00,,,£ 100.00,,,,£ 100.00,Total Paid,,"£ 3,165.10",£ 15.00,£ 229.54,"£ 3,409.64","£ 127,447.80","£ 29,248.56",-£ 260.00,"£ 159,846.00"
Payments,Balance Transfers - to be paid by:,Payment Date,Payment ID,Guest Name,Group,Company,Property,Room,Order Ref.,Booking Ref,Booked On,Check-In,Check-Out,Channel,OTA Reference,Type,Payment Method,Card Type,Last 4 Digits,Virtual Card,Description,User,Updated,Sent to gateway,Confirmed by gateway,Gateway Reference,Settled Amount,Settled Date,Card,Cash / Bank,Vouchers,Total Paid,OTA,eviivo,Total,02/10/2026 16:55,51551727,Eugenia Fonseca,,,Hotel Orlando by PLI,Flat 2 ( Basement Orlando ),NNT-181-815,240-154-824,,On Account,02/10/2026 16:55,18-Dec-2026,22-Dec-2026,Expedia & Affiliate Network,2572571467,Payment,Pre-Paid via OTA,,,,Extras prepaid via Expedia,system@eviivo.com,02-Oct-26 16:55:57.342,,02-Oct-26 16:55:56.623,,,,,,,£ 0.00,,£ 420.53,,£ 420.53,Total Paid,,"£ 3,165.10",£ 15.00,£ 229.54,"£ 3,409.64","£ 127,447.80","£ 29,248.56",-£ 260.00,"£ 159,846.00"
Payments,Balance Transfers - to be paid by:,Payment Date,Payment ID,Guest Name,Group,Company,Property,Room,Order Ref.,Booking Ref,Booked On,Check-In,Check-Out,Channel,OTA Reference,Type,Payment Method,Card Type,Last 4 Digits,Virtual Card,Description,User,Updated,Sent to gateway,Confirmed by gateway,Gateway Reference,Settled Amount,Settled Date,Card,Cash / Bank,Vouchers,Total Paid,OTA,eviivo,Total,02/10/2026 17:30,51552413,Katherine Fallan,,,Hotel Orlando by PLI,Flat 2 ( Basement Orlando ),VOD-871-341,802-951-224,,On Account,02/10/2026 17:30,06-Oct-2026,07-Oct-2026,Expedia & Affiliate Network,2572596213,Payment,Pre-Paid via OTA,,,,Extras prepaid via Expedia Affiliate Network,system@eviivo.com,02-Oct-26 17:30:35.550,,02-Oct-26 17:30:34.906,,,,,,,£ 0.00,,£ 99.99,,£ 99.99,Total Paid,,"£ 3,165.10",£ 15.00,£ 229.54,"£ 3,409.64","£ 127,447.80","£ 29,248.56",-£ 260.00,"£ 159,846.00"
Payments,Balance Transfers - to be paid by:,Payment Date,Payment ID,Guest Name,Group,Company,Property,Room,Order Ref.,Booking Ref,Booked On,Check-In,Check-Out,Channel,OTA Reference,Type,Payment Method,Card Type,Last 4 Digits,Virtual Card,Description,User,Updated,Sent to gateway,Confirmed by gateway,Gateway Reference,Settled Amount,Settled Date,Card,Cash / Bank,Vouchers,Total Paid,OTA,eviivo,Total,02/10/2026 18:52,51553747, Biniam Estifanos,,,Hotel Orlando by PLI,Flat 5 ( GF Orlando ) -  Studio,PGR-326-985,623-138-664,,Pre-arrival,01/10/2026 20:36,05-Oct-2026,08-Oct-2026,,,Payment,Card/VCC via the System,Visa,7810,0,Guest Paid Online,eviivo suite,02-Oct-26 18:52:39.324,02-Oct-26 18:52:36.937,02-Oct-26 18:52:39.003,pi_3UMAdNR78xpaffA01GH9NsUX,,,£ 280.00,,,£ 280.00,,,,£ 280.00,Total Paid,,"£ 3,165.10",£ 15.00,£ 229.54,"£ 3,409.64","£ 127,447.80","£ 29,248.56",-£ 260.00,"£ 159,846.00"

